solid CATIA STL
  facet normal  0.000000e+000 -1.000000e+000  0.000000e+000
    outer loop
      vertex -2.000000e+001 -5.000000e+000 -1.300000e+001
      vertex -1.900000e+001 -5.000000e+000 -7.300000e+001
      vertex -1.900000e+001 -5.000000e+000 -1.400000e+001
    endloop
  endfacet
  facet normal  0.000000e+000 -1.000000e+000  0.000000e+000
    outer loop
      vertex -1.250000e+001 -5.000000e+000 -1.100000e+001
      vertex  1.250000e+001 -5.000000e+000 -1.100000e+001
      vertex  1.954072e+001 -5.000000e+000 -1.090670e+001
    endloop
  endfacet
  facet normal  -0.000000e+000 -9.999999e-001  0.000000e+000
    outer loop
      vertex -1.250000e+001 -5.000000e+000 -1.100000e+001
      vertex  1.954072e+001 -5.000000e+000 -1.090670e+001
      vertex  7.502620e+000 -5.000000e+000 -7.937166e+000
    endloop
  endfacet
  facet normal  -0.000000e+000 -1.000000e+000  0.000000e+000
    outer loop
      vertex -1.250000e+001 -5.000000e+000 -1.100000e+001
      vertex  7.502620e+000 -5.000000e+000 -7.937166e+000
      vertex  7.381966e+000 -5.000000e+000 -7.902113e+000
    endloop
  endfacet
  facet normal  -0.000000e+000 -1.000000e+000  0.000000e+000
    outer loop
      vertex -1.250000e+001 -5.000000e+000 -1.100000e+001
      vertex  7.381966e+000 -5.000000e+000 -7.902113e+000
      vertex  7.263751e+000 -5.000000e+000 -7.859553e+000
    endloop
  endfacet
  facet normal  -0.000000e+000 -1.000000e+000  0.000000e+000
    outer loop
      vertex -1.250000e+001 -5.000000e+000 -1.100000e+001
      vertex  7.263751e+000 -5.000000e+000 -7.859553e+000
      vertex  7.148441e+000 -5.000000e+000 -7.809654e+000
    endloop
  endfacet
  facet normal  -0.000000e+000 -1.000000e+000  0.000000e+000
    outer loop
      vertex -1.250000e+001 -5.000000e+000 -1.100000e+001
      vertex  7.148441e+000 -5.000000e+000 -7.809654e+000
      vertex  7.036493e+000 -5.000000e+000 -7.752614e+000
    endloop
  endfacet
  facet normal  -0.000000e+000 -1.000000e+000  0.000000e+000
    outer loop
      vertex -1.250000e+001 -5.000000e+000 -1.100000e+001
      vertex  7.036493e+000 -5.000000e+000 -7.752614e+000
      vertex  6.928347e+000 -5.000000e+000 -7.688656e+000
    endloop
  endfacet
  facet normal  -0.000000e+000 -9.999999e-001  0.000000e+000
    outer loop
      vertex -1.250000e+001 -5.000000e+000 -1.100000e+001
      vertex  6.928347e+000 -5.000000e+000 -7.688656e+000
      vertex  6.824430e+000 -5.000000e+000 -7.618034e+000
    endloop
  endfacet
  facet normal  -0.000000e+000 -1.000000e+000  0.000000e+000
    outer loop
      vertex -1.250000e+001 -5.000000e+000 -1.100000e+001
      vertex  6.824430e+000 -5.000000e+000 -7.618034e+000
      vertex  6.725152e+000 -5.000000e+000 -7.541027e+000
    endloop
  endfacet
  facet normal  -0.000000e+000 -1.000000e+000  0.000000e+000
    outer loop
      vertex -1.250000e+001 -5.000000e+000 -1.100000e+001
      vertex  6.725152e+000 -5.000000e+000 -7.541027e+000
      vertex  6.630906e+000 -5.000000e+000 -7.457937e+000
    endloop
  endfacet
  facet normal  -0.000000e+000 -1.000000e+000  0.000000e+000
    outer loop
      vertex -1.250000e+001 -5.000000e+000 -1.100000e+001
      vertex  6.630906e+000 -5.000000e+000 -7.457937e+000
      vertex  6.542063e+000 -5.000000e+000 -7.369094e+000
    endloop
  endfacet
  facet normal  -0.000000e+000 -1.000000e+000  0.000000e+000
    outer loop
      vertex -1.250000e+001 -5.000000e+000 -1.100000e+001
      vertex  6.542063e+000 -5.000000e+000 -7.369094e+000
      vertex  6.458973e+000 -5.000000e+000 -7.274848e+000
    endloop
  endfacet
  facet normal  -0.000000e+000 -1.000000e+000  0.000000e+000
    outer loop
      vertex -1.250000e+001 -5.000000e+000 -1.100000e+001
      vertex  6.458973e+000 -5.000000e+000 -7.274848e+000
      vertex  6.381966e+000 -5.000000e+000 -7.175570e+000
    endloop
  endfacet
  facet normal  -0.000000e+000 -1.000000e+000  0.000000e+000
    outer loop
      vertex -1.250000e+001 -5.000000e+000 -1.100000e+001
      vertex  6.381966e+000 -5.000000e+000 -7.175570e+000
      vertex  6.311344e+000 -5.000000e+000 -7.071653e+000
    endloop
  endfacet
  facet normal  -0.000000e+000 -1.000000e+000  0.000000e+000
    outer loop
      vertex -1.250000e+001 -5.000000e+000 -1.100000e+001
      vertex  6.311344e+000 -5.000000e+000 -7.071653e+000
      vertex  6.247386e+000 -5.000000e+000 -6.963507e+000
    endloop
  endfacet
  facet normal  -0.000000e+000 -1.000000e+000  0.000000e+000
    outer loop
      vertex -1.250000e+001 -5.000000e+000 -1.100000e+001
      vertex  6.247386e+000 -5.000000e+000 -6.963507e+000
      vertex  6.190346e+000 -5.000000e+000 -6.851559e+000
    endloop
  endfacet
  facet normal  -0.000000e+000 -1.000000e+000  0.000000e+000
    outer loop
      vertex -1.250000e+001 -5.000000e+000 -1.100000e+001
      vertex  6.190346e+000 -5.000000e+000 -6.851559e+000
      vertex  6.140447e+000 -5.000000e+000 -6.736249e+000
    endloop
  endfacet
  facet normal  -0.000000e+000 -1.000000e+000  0.000000e+000
    outer loop
      vertex -1.250000e+001 -5.000000e+000 -1.100000e+001
      vertex  6.140447e+000 -5.000000e+000 -6.736249e+000
      vertex  6.097887e+000 -5.000000e+000 -6.618034e+000
    endloop
  endfacet
  facet normal  -0.000000e+000 -1.000000e+000  0.000000e+000
    outer loop
      vertex -1.250000e+001 -5.000000e+000 -1.100000e+001
      vertex  6.097887e+000 -5.000000e+000 -6.618034e+000
      vertex  6.062834e+000 -5.000000e+000 -6.497380e+000
    endloop
  endfacet
  facet normal  -0.000000e+000 -1.000000e+000  0.000000e+000
    outer loop
      vertex -1.250000e+001 -5.000000e+000 -1.100000e+001
      vertex  6.062834e+000 -5.000000e+000 -6.497380e+000
      vertex  6.035426e+000 -5.000000e+000 -6.374763e+000
    endloop
  endfacet
  facet normal  -0.000000e+000 -1.000000e+000  0.000000e+000
    outer loop
      vertex -1.250000e+001 -5.000000e+000 -1.100000e+001
      vertex  6.035426e+000 -5.000000e+000 -6.374763e+000
      vertex  6.015770e+000 -5.000000e+000 -6.250667e+000
    endloop
  endfacet
  facet normal  -0.000000e+000 -1.000000e+000  0.000000e+000
    outer loop
      vertex -1.250000e+001 -5.000000e+000 -1.100000e+001
      vertex  6.015770e+000 -5.000000e+000 -6.250667e+000
      vertex  6.003947e+000 -5.000000e+000 -6.125581e+000
    endloop
  endfacet
  facet normal  -0.000000e+000 -1.000000e+000  0.000000e+000
    outer loop
      vertex -1.250000e+001 -5.000000e+000 -1.100000e+001
      vertex  6.003947e+000 -5.000000e+000 -6.125581e+000
      vertex  6.000000e+000 -5.000000e+000 -6.000000e+000
    endloop
  endfacet
  facet normal  -0.000000e+000 -1.000000e+000  0.000000e+000
    outer loop
      vertex -1.250000e+001 -5.000000e+000 -1.100000e+001
      vertex  6.000000e+000 -5.000000e+000 -6.000000e+000
      vertex  6.000000e+000 -5.000000e+000 -2.000000e+000
    endloop
  endfacet
  facet normal  0.000000e+000 -1.000000e+000  0.000000e+000
    outer loop
      vertex -1.250000e+001 -5.000000e+000 -1.100000e+001
      vertex  6.000000e+000 -5.000000e+000 -2.000000e+000
      vertex -7.036493e+000 -5.000000e+000 -7.752614e+000
    endloop
  endfacet
  facet normal  0.000000e+000 -1.000000e+000  0.000000e+000
    outer loop
      vertex -1.250000e+001 -5.000000e+000 -1.100000e+001
      vertex -7.036493e+000 -5.000000e+000 -7.752614e+000
      vertex -7.148441e+000 -5.000000e+000 -7.809654e+000
    endloop
  endfacet
  facet normal  0.000000e+000 -1.000000e+000  0.000000e+000
    outer loop
      vertex -1.250000e+001 -5.000000e+000 -1.100000e+001
      vertex -7.148441e+000 -5.000000e+000 -7.809654e+000
      vertex -7.263751e+000 -5.000000e+000 -7.859553e+000
    endloop
  endfacet
  facet normal  0.000000e+000 -1.000000e+000  0.000000e+000
    outer loop
      vertex -1.250000e+001 -5.000000e+000 -1.100000e+001
      vertex -7.263751e+000 -5.000000e+000 -7.859553e+000
      vertex -7.381966e+000 -5.000000e+000 -7.902113e+000
    endloop
  endfacet
  facet normal  0.000000e+000 -1.000000e+000  0.000000e+000
    outer loop
      vertex -1.250000e+001 -5.000000e+000 -1.100000e+001
      vertex -7.381966e+000 -5.000000e+000 -7.902113e+000
      vertex -7.502620e+000 -5.000000e+000 -7.937166e+000
    endloop
  endfacet
  facet normal  0.000000e+000 -1.000000e+000  0.000000e+000
    outer loop
      vertex -1.250000e+001 -5.000000e+000 -1.100000e+001
      vertex -7.502620e+000 -5.000000e+000 -7.937166e+000
      vertex -1.954072e+001 -5.000000e+000 -1.090670e+001
    endloop
  endfacet
  facet normal  0.000000e+000 -1.000000e+000  -0.000000e+000
    outer loop
      vertex -1.250000e+001 -5.000000e+000 -1.100000e+001
      vertex -1.954072e+001 -5.000000e+000 -1.090670e+001
      vertex -1.961940e+001 -5.000000e+000 -1.108658e+001
    endloop
  endfacet
  facet normal  0.000000e+000 -1.000000e+000  -0.000000e+000
    outer loop
      vertex -1.250000e+001 -5.000000e+000 -1.100000e+001
      vertex -1.961940e+001 -5.000000e+000 -1.108658e+001
      vertex -1.969096e+001 -5.000000e+000 -1.126941e+001
    endloop
  endfacet
  facet normal  0.000000e+000 -1.000000e+000  -0.000000e+000
    outer loop
      vertex -1.250000e+001 -5.000000e+000 -1.100000e+001
      vertex -1.969096e+001 -5.000000e+000 -1.126941e+001
      vertex -1.975528e+001 -5.000000e+000 -1.145492e+001
    endloop
  endfacet
  facet normal  0.000000e+000 -1.000000e+000  -0.000000e+000
    outer loop
      vertex -1.250000e+001 -5.000000e+000 -1.100000e+001
      vertex -1.975528e+001 -5.000000e+000 -1.145492e+001
      vertex -1.981228e+001 -5.000000e+000 -1.164280e+001
    endloop
  endfacet
  facet normal  0.000000e+000 -9.999999e-001  -0.000000e+000
    outer loop
      vertex -1.250000e+001 -5.000000e+000 -1.100000e+001
      vertex -1.981228e+001 -5.000000e+000 -1.164280e+001
      vertex -1.986185e+001 -5.000000e+000 -1.183277e+001
    endloop
  endfacet
  facet normal  0.000000e+000 -9.999999e-001  -0.000000e+000
    outer loop
      vertex -1.250000e+001 -5.000000e+000 -1.100000e+001
      vertex -1.986185e+001 -5.000000e+000 -1.183277e+001
      vertex -1.990393e+001 -5.000000e+000 -1.202455e+001
    endloop
  endfacet
  facet normal  0.000000e+000 -1.000000e+000  -0.000000e+000
    outer loop
      vertex -1.250000e+001 -5.000000e+000 -1.100000e+001
      vertex -1.990393e+001 -5.000000e+000 -1.202455e+001
      vertex -1.993844e+001 -5.000000e+000 -1.221783e+001
    endloop
  endfacet
  facet normal  0.000000e+000 -1.000000e+000  -0.000000e+000
    outer loop
      vertex -1.250000e+001 -5.000000e+000 -1.100000e+001
      vertex -1.993844e+001 -5.000000e+000 -1.221783e+001
      vertex -1.996534e+001 -5.000000e+000 -1.241231e+001
    endloop
  endfacet
  facet normal  0.000000e+000 -1.000000e+000  -0.000000e+000
    outer loop
      vertex -1.250000e+001 -5.000000e+000 -1.100000e+001
      vertex -1.996534e+001 -5.000000e+000 -1.241231e+001
      vertex -1.998459e+001 -5.000000e+000 -1.260770e+001
    endloop
  endfacet
  facet normal  0.000000e+000 -1.000000e+000  -0.000000e+000
    outer loop
      vertex -1.250000e+001 -5.000000e+000 -1.100000e+001
      vertex -1.998459e+001 -5.000000e+000 -1.260770e+001
      vertex -1.999615e+001 -5.000000e+000 -1.280370e+001
    endloop
  endfacet
  facet normal  0.000000e+000 -1.000000e+000  -0.000000e+000
    outer loop
      vertex -1.250000e+001 -5.000000e+000 -1.100000e+001
      vertex -1.999615e+001 -5.000000e+000 -1.280370e+001
      vertex -2.000000e+001 -5.000000e+000 -1.300000e+001
    endloop
  endfacet
  facet normal  0.000000e+000 -1.000000e+000  0.000000e+000
    outer loop
      vertex -1.250000e+001 -5.000000e+000 -1.100000e+001
      vertex -2.000000e+001 -5.000000e+000 -1.300000e+001
      vertex -1.250000e+001 -5.000000e+000 -1.300000e+001
    endloop
  endfacet
  facet normal  0.000000e+000 -1.000000e+000  0.000000e+000
    outer loop
      vertex -1.900000e+001 -5.000000e+000 -1.400000e+001
      vertex  1.900000e+001 -5.000000e+000 -1.400000e+001
      vertex  2.000000e+001 -5.000000e+000 -1.300000e+001
    endloop
  endfacet
  facet normal  -0.000000e+000 -1.000000e+000  0.000000e+000
    outer loop
      vertex -1.900000e+001 -5.000000e+000 -1.400000e+001
      vertex  2.000000e+001 -5.000000e+000 -1.300000e+001
      vertex  1.250000e+001 -5.000000e+000 -1.300000e+001
    endloop
  endfacet
  facet normal  -0.000000e+000 -1.000000e+000  0.000000e+000
    outer loop
      vertex -1.900000e+001 -5.000000e+000 -1.400000e+001
      vertex  1.250000e+001 -5.000000e+000 -1.300000e+001
      vertex -1.250000e+001 -5.000000e+000 -1.300000e+001
    endloop
  endfacet
  facet normal  -0.000000e+000 -1.000000e+000  0.000000e+000
    outer loop
      vertex -1.900000e+001 -5.000000e+000 -1.400000e+001
      vertex -1.250000e+001 -5.000000e+000 -1.300000e+001
      vertex -2.000000e+001 -5.000000e+000 -1.300000e+001
    endloop
  endfacet
  facet normal  0.000000e+000 -1.000000e+000  0.000000e+000
    outer loop
      vertex  6.000000e+000 -5.000000e+000 -2.000000e+000
      vertex -6.000000e+000 -5.000000e+000 -2.000000e+000
      vertex -6.000000e+000 -5.000000e+000 -6.000000e+000
    endloop
  endfacet
  facet normal  0.000000e+000 -1.000000e+000  -0.000000e+000
    outer loop
      vertex  6.000000e+000 -5.000000e+000 -2.000000e+000
      vertex -6.000000e+000 -5.000000e+000 -6.000000e+000
      vertex -6.003947e+000 -5.000000e+000 -6.125581e+000
    endloop
  endfacet
  facet normal  0.000000e+000 -9.999999e-001  -0.000000e+000
    outer loop
      vertex  6.000000e+000 -5.000000e+000 -2.000000e+000
      vertex -6.003947e+000 -5.000000e+000 -6.125581e+000
      vertex -6.015770e+000 -5.000000e+000 -6.250667e+000
    endloop
  endfacet
  facet normal  0.000000e+000 -1.000000e+000  -0.000000e+000
    outer loop
      vertex  6.000000e+000 -5.000000e+000 -2.000000e+000
      vertex -6.015770e+000 -5.000000e+000 -6.250667e+000
      vertex -6.035426e+000 -5.000000e+000 -6.374763e+000
    endloop
  endfacet
  facet normal  0.000000e+000 -1.000000e+000  -0.000000e+000
    outer loop
      vertex  6.000000e+000 -5.000000e+000 -2.000000e+000
      vertex -6.035426e+000 -5.000000e+000 -6.374763e+000
      vertex -6.062834e+000 -5.000000e+000 -6.497380e+000
    endloop
  endfacet
  facet normal  0.000000e+000 -1.000000e+000  -0.000000e+000
    outer loop
      vertex  6.000000e+000 -5.000000e+000 -2.000000e+000
      vertex -6.062834e+000 -5.000000e+000 -6.497380e+000
      vertex -6.097887e+000 -5.000000e+000 -6.618034e+000
    endloop
  endfacet
  facet normal  0.000000e+000 -1.000000e+000  -0.000000e+000
    outer loop
      vertex  6.000000e+000 -5.000000e+000 -2.000000e+000
      vertex -6.097887e+000 -5.000000e+000 -6.618034e+000
      vertex -6.140447e+000 -5.000000e+000 -6.736249e+000
    endloop
  endfacet
  facet normal  0.000000e+000 -1.000000e+000  -0.000000e+000
    outer loop
      vertex  6.000000e+000 -5.000000e+000 -2.000000e+000
      vertex -6.140447e+000 -5.000000e+000 -6.736249e+000
      vertex -6.190346e+000 -5.000000e+000 -6.851559e+000
    endloop
  endfacet
  facet normal  0.000000e+000 -1.000000e+000  -0.000000e+000
    outer loop
      vertex  6.000000e+000 -5.000000e+000 -2.000000e+000
      vertex -6.190346e+000 -5.000000e+000 -6.851559e+000
      vertex -6.247386e+000 -5.000000e+000 -6.963507e+000
    endloop
  endfacet
  facet normal  0.000000e+000 -1.000000e+000  -0.000000e+000
    outer loop
      vertex  6.000000e+000 -5.000000e+000 -2.000000e+000
      vertex -6.247386e+000 -5.000000e+000 -6.963507e+000
      vertex -6.311344e+000 -5.000000e+000 -7.071653e+000
    endloop
  endfacet
  facet normal  0.000000e+000 -1.000000e+000  -0.000000e+000
    outer loop
      vertex  6.000000e+000 -5.000000e+000 -2.000000e+000
      vertex -6.311344e+000 -5.000000e+000 -7.071653e+000
      vertex -6.381966e+000 -5.000000e+000 -7.175570e+000
    endloop
  endfacet
  facet normal  0.000000e+000 -1.000000e+000  -0.000000e+000
    outer loop
      vertex  6.000000e+000 -5.000000e+000 -2.000000e+000
      vertex -6.381966e+000 -5.000000e+000 -7.175570e+000
      vertex -6.458973e+000 -5.000000e+000 -7.274848e+000
    endloop
  endfacet
  facet normal  0.000000e+000 -1.000000e+000  -0.000000e+000
    outer loop
      vertex  6.000000e+000 -5.000000e+000 -2.000000e+000
      vertex -6.458973e+000 -5.000000e+000 -7.274848e+000
      vertex -6.542063e+000 -5.000000e+000 -7.369094e+000
    endloop
  endfacet
  facet normal  0.000000e+000 -1.000000e+000  -0.000000e+000
    outer loop
      vertex  6.000000e+000 -5.000000e+000 -2.000000e+000
      vertex -6.542063e+000 -5.000000e+000 -7.369094e+000
      vertex -6.630906e+000 -5.000000e+000 -7.457937e+000
    endloop
  endfacet
  facet normal  0.000000e+000 -1.000000e+000  -0.000000e+000
    outer loop
      vertex  6.000000e+000 -5.000000e+000 -2.000000e+000
      vertex -6.630906e+000 -5.000000e+000 -7.457937e+000
      vertex -6.725152e+000 -5.000000e+000 -7.541027e+000
    endloop
  endfacet
  facet normal  0.000000e+000 -1.000000e+000  -0.000000e+000
    outer loop
      vertex  6.000000e+000 -5.000000e+000 -2.000000e+000
      vertex -6.725152e+000 -5.000000e+000 -7.541027e+000
      vertex -6.824430e+000 -5.000000e+000 -7.618034e+000
    endloop
  endfacet
  facet normal  0.000000e+000 -1.000000e+000  -0.000000e+000
    outer loop
      vertex  6.000000e+000 -5.000000e+000 -2.000000e+000
      vertex -6.824430e+000 -5.000000e+000 -7.618034e+000
      vertex -6.928347e+000 -5.000000e+000 -7.688656e+000
    endloop
  endfacet
  facet normal  0.000000e+000 -1.000000e+000  -0.000000e+000
    outer loop
      vertex  6.000000e+000 -5.000000e+000 -2.000000e+000
      vertex -6.928347e+000 -5.000000e+000 -7.688656e+000
      vertex -7.036493e+000 -5.000000e+000 -7.752614e+000
    endloop
  endfacet
  facet normal  0.000000e+000 -1.000000e+000  0.000000e+000
    outer loop
      vertex -2.000000e+001 -5.000000e+000 -7.784293e+001
      vertex -1.999607e+001 -5.000000e+000 -7.797811e+001
      vertex -9.895226e+000 -5.000000e+000 -7.798178e+001
    endloop
  endfacet
  facet normal  0.000000e+000 -1.000000e+000  0.000000e+000
    outer loop
      vertex -2.000000e+001 -5.000000e+000 -7.784293e+001
      vertex -9.895226e+000 -5.000000e+000 -7.798178e+001
      vertex -9.851778e+000 -5.000000e+000 -7.779159e+001
    endloop
  endfacet
  facet normal  -0.000000e+000 -1.000000e+000  0.000000e+000
    outer loop
      vertex -2.000000e+001 -5.000000e+000 -7.784293e+001
      vertex -9.851778e+000 -5.000000e+000 -7.779159e+001
      vertex -1.900000e+001 -5.000000e+000 -7.300000e+001
    endloop
  endfacet
  facet normal  -0.000000e+000 -1.000000e+000  0.000000e+000
    outer loop
      vertex -2.000000e+001 -5.000000e+000 -7.784293e+001
      vertex -1.900000e+001 -5.000000e+000 -7.300000e+001
      vertex -2.000000e+001 -5.000000e+000 -1.300000e+001
    endloop
  endfacet
  facet normal  0.000000e+000 -1.000000e+000  0.000000e+000
    outer loop
      vertex -1.900000e+001 -5.000000e+000 -7.300000e+001
      vertex -9.851778e+000 -5.000000e+000 -7.779159e+001
      vertex -9.800943e+000 -5.000000e+000 -7.760324e+001
    endloop
  endfacet
  facet normal  0.000000e+000 -1.000000e+000  0.000000e+000
    outer loop
      vertex -1.900000e+001 -5.000000e+000 -7.300000e+001
      vertex -9.800943e+000 -5.000000e+000 -7.760324e+001
      vertex -9.742801e+000 -5.000000e+000 -7.741702e+001
    endloop
  endfacet
  facet normal  0.000000e+000 -1.000000e+000  0.000000e+000
    outer loop
      vertex -1.900000e+001 -5.000000e+000 -7.300000e+001
      vertex -9.742801e+000 -5.000000e+000 -7.741702e+001
      vertex -9.677437e+000 -5.000000e+000 -7.723320e+001
    endloop
  endfacet
  facet normal  0.000000e+000 -1.000000e+000  0.000000e+000
    outer loop
      vertex -1.900000e+001 -5.000000e+000 -7.300000e+001
      vertex -9.677437e+000 -5.000000e+000 -7.723320e+001
      vertex -9.604953e+000 -5.000000e+000 -7.705208e+001
    endloop
  endfacet
  facet normal  0.000000e+000 -9.999999e-001  0.000000e+000
    outer loop
      vertex -1.900000e+001 -5.000000e+000 -7.300000e+001
      vertex -9.604953e+000 -5.000000e+000 -7.705208e+001
      vertex -9.525457e+000 -5.000000e+000 -7.687392e+001
    endloop
  endfacet
  facet normal  0.000000e+000 -1.000000e+000  0.000000e+000
    outer loop
      vertex -1.900000e+001 -5.000000e+000 -7.300000e+001
      vertex -9.525457e+000 -5.000000e+000 -7.687392e+001
      vertex -9.439073e+000 -5.000000e+000 -7.669899e+001
    endloop
  endfacet
  facet normal  0.000000e+000 -9.999999e-001  0.000000e+000
    outer loop
      vertex -1.900000e+001 -5.000000e+000 -7.300000e+001
      vertex -9.439073e+000 -5.000000e+000 -7.669899e+001
      vertex -9.345930e+000 -5.000000e+000 -7.652757e+001
    endloop
  endfacet
  facet normal  0.000000e+000 -1.000000e+000  0.000000e+000
    outer loop
      vertex -1.900000e+001 -5.000000e+000 -7.300000e+001
      vertex -9.345930e+000 -5.000000e+000 -7.652757e+001
      vertex -9.246171e+000 -5.000000e+000 -7.635992e+001
    endloop
  endfacet
  facet normal  0.000000e+000 -1.000000e+000  0.000000e+000
    outer loop
      vertex -1.900000e+001 -5.000000e+000 -7.300000e+001
      vertex -9.246171e+000 -5.000000e+000 -7.635992e+001
      vertex -9.139948e+000 -5.000000e+000 -7.619628e+001
    endloop
  endfacet
  facet normal  0.000000e+000 -9.999999e-001  0.000000e+000
    outer loop
      vertex -1.900000e+001 -5.000000e+000 -7.300000e+001
      vertex -9.139948e+000 -5.000000e+000 -7.619628e+001
      vertex -9.027422e+000 -5.000000e+000 -7.603692e+001
    endloop
  endfacet
  facet normal  0.000000e+000 -9.999999e-001  0.000000e+000
    outer loop
      vertex -1.900000e+001 -5.000000e+000 -7.300000e+001
      vertex -9.027422e+000 -5.000000e+000 -7.603692e+001
      vertex -8.908765e+000 -5.000000e+000 -7.588206e+001
    endloop
  endfacet
  facet normal  0.000000e+000 -1.000000e+000  0.000000e+000
    outer loop
      vertex -1.900000e+001 -5.000000e+000 -7.300000e+001
      vertex -8.908765e+000 -5.000000e+000 -7.588206e+001
      vertex -8.784156e+000 -5.000000e+000 -7.573195e+001
    endloop
  endfacet
  facet normal  0.000000e+000 -1.000000e+000  0.000000e+000
    outer loop
      vertex -1.900000e+001 -5.000000e+000 -7.300000e+001
      vertex -8.784156e+000 -5.000000e+000 -7.573195e+001
      vertex -8.653787e+000 -5.000000e+000 -7.558681e+001
    endloop
  endfacet
  facet normal  0.000000e+000 -9.999999e-001  0.000000e+000
    outer loop
      vertex -1.900000e+001 -5.000000e+000 -7.300000e+001
      vertex -8.653787e+000 -5.000000e+000 -7.558681e+001
      vertex -8.517856e+000 -5.000000e+000 -7.544688e+001
    endloop
  endfacet
  facet normal  0.000000e+000 -1.000000e+000  0.000000e+000
    outer loop
      vertex -1.900000e+001 -5.000000e+000 -7.300000e+001
      vertex -8.517856e+000 -5.000000e+000 -7.544688e+001
      vertex -8.376568e+000 -5.000000e+000 -7.531235e+001
    endloop
  endfacet
  facet normal  0.000000e+000 -1.000000e+000  0.000000e+000
    outer loop
      vertex -1.900000e+001 -5.000000e+000 -7.300000e+001
      vertex -8.376568e+000 -5.000000e+000 -7.531235e+001
      vertex -8.230140e+000 -5.000000e+000 -7.518343e+001
    endloop
  endfacet
  facet normal  0.000000e+000 -1.000000e+000  0.000000e+000
    outer loop
      vertex -1.900000e+001 -5.000000e+000 -7.300000e+001
      vertex -8.230140e+000 -5.000000e+000 -7.518343e+001
      vertex -8.078794e+000 -5.000000e+000 -7.506033e+001
    endloop
  endfacet
  facet normal  0.000000e+000 -1.000000e+000  0.000000e+000
    outer loop
      vertex -1.900000e+001 -5.000000e+000 -7.300000e+001
      vertex -8.078794e+000 -5.000000e+000 -7.506033e+001
      vertex -7.922762e+000 -5.000000e+000 -7.494322e+001
    endloop
  endfacet
  facet normal  0.000000e+000 -9.999999e-001  0.000000e+000
    outer loop
      vertex -1.900000e+001 -5.000000e+000 -7.300000e+001
      vertex -7.922762e+000 -5.000000e+000 -7.494322e+001
      vertex -7.762280e+000 -5.000000e+000 -7.483229e+001
    endloop
  endfacet
  facet normal  0.000000e+000 -1.000000e+000  0.000000e+000
    outer loop
      vertex -1.900000e+001 -5.000000e+000 -7.300000e+001
      vertex -7.762280e+000 -5.000000e+000 -7.483229e+001
      vertex -7.597592e+000 -5.000000e+000 -7.472771e+001
    endloop
  endfacet
  facet normal  0.000000e+000 -1.000000e+000  0.000000e+000
    outer loop
      vertex -1.900000e+001 -5.000000e+000 -7.300000e+001
      vertex -7.597592e+000 -5.000000e+000 -7.472771e+001
      vertex -7.428950e+000 -5.000000e+000 -7.462962e+001
    endloop
  endfacet
  facet normal  0.000000e+000 -1.000000e+000  0.000000e+000
    outer loop
      vertex -1.900000e+001 -5.000000e+000 -7.300000e+001
      vertex -7.428950e+000 -5.000000e+000 -7.462962e+001
      vertex -7.256610e+000 -5.000000e+000 -7.453819e+001
    endloop
  endfacet
  facet normal  0.000000e+000 -1.000000e+000  0.000000e+000
    outer loop
      vertex -1.900000e+001 -5.000000e+000 -7.300000e+001
      vertex -7.256610e+000 -5.000000e+000 -7.453819e+001
      vertex -7.080834e+000 -5.000000e+000 -7.445356e+001
    endloop
  endfacet
  facet normal  0.000000e+000 -1.000000e+000  0.000000e+000
    outer loop
      vertex -1.900000e+001 -5.000000e+000 -7.300000e+001
      vertex -7.080834e+000 -5.000000e+000 -7.445356e+001
      vertex -6.901891e+000 -5.000000e+000 -7.437585e+001
    endloop
  endfacet
  facet normal  0.000000e+000 -1.000000e+000  0.000000e+000
    outer loop
      vertex -1.900000e+001 -5.000000e+000 -7.300000e+001
      vertex -6.901891e+000 -5.000000e+000 -7.437585e+001
      vertex -6.720052e+000 -5.000000e+000 -7.430517e+001
    endloop
  endfacet
  facet normal  0.000000e+000 -1.000000e+000  0.000000e+000
    outer loop
      vertex -1.900000e+001 -5.000000e+000 -7.300000e+001
      vertex -6.720052e+000 -5.000000e+000 -7.430517e+001
      vertex -6.535594e+000 -5.000000e+000 -7.424165e+001
    endloop
  endfacet
  facet normal  0.000000e+000 -1.000000e+000  0.000000e+000
    outer loop
      vertex -1.900000e+001 -5.000000e+000 -7.300000e+001
      vertex -6.535594e+000 -5.000000e+000 -7.424165e+001
      vertex -6.348799e+000 -5.000000e+000 -7.418536e+001
    endloop
  endfacet
  facet normal  0.000000e+000 -1.000000e+000  0.000000e+000
    outer loop
      vertex -1.900000e+001 -5.000000e+000 -7.300000e+001
      vertex -6.348799e+000 -5.000000e+000 -7.418536e+001
      vertex -6.159950e+000 -5.000000e+000 -7.413641e+001
    endloop
  endfacet
  facet normal  0.000000e+000 -1.000000e+000  0.000000e+000
    outer loop
      vertex -1.900000e+001 -5.000000e+000 -7.300000e+001
      vertex -6.159950e+000 -5.000000e+000 -7.413641e+001
      vertex -5.969336e+000 -5.000000e+000 -7.409486e+001
    endloop
  endfacet
  facet normal  0.000000e+000 -1.000000e+000  0.000000e+000
    outer loop
      vertex -1.900000e+001 -5.000000e+000 -7.300000e+001
      vertex -5.969336e+000 -5.000000e+000 -7.409486e+001
      vertex -5.777246e+000 -5.000000e+000 -7.406078e+001
    endloop
  endfacet
  facet normal  0.000000e+000 -1.000000e+000  0.000000e+000
    outer loop
      vertex -1.900000e+001 -5.000000e+000 -7.300000e+001
      vertex -5.777246e+000 -5.000000e+000 -7.406078e+001
      vertex -5.583972e+000 -5.000000e+000 -7.403422e+001
    endloop
  endfacet
  facet normal  0.000000e+000 -1.000000e+000  0.000000e+000
    outer loop
      vertex -1.900000e+001 -5.000000e+000 -7.300000e+001
      vertex -5.583972e+000 -5.000000e+000 -7.403422e+001
      vertex -5.389809e+000 -5.000000e+000 -7.401522e+001
    endloop
  endfacet
  facet normal  0.000000e+000 -9.999999e-001  0.000000e+000
    outer loop
      vertex -1.900000e+001 -5.000000e+000 -7.300000e+001
      vertex -5.389809e+000 -5.000000e+000 -7.401522e+001
      vertex -5.195053e+000 -5.000000e+000 -7.400381e+001
    endloop
  endfacet
  facet normal  0.000000e+000 -1.000000e+000  0.000000e+000
    outer loop
      vertex -1.900000e+001 -5.000000e+000 -7.300000e+001
      vertex -5.195053e+000 -5.000000e+000 -7.400381e+001
      vertex -5.000000e+000 -5.000000e+000 -7.400000e+001
    endloop
  endfacet
  facet normal  0.000000e+000 -1.000000e+000  0.000000e+000
    outer loop
      vertex -1.900000e+001 -5.000000e+000 -7.300000e+001
      vertex -5.000000e+000 -5.000000e+000 -7.400000e+001
      vertex  5.000000e+000 -5.000000e+000 -7.400000e+001
    endloop
  endfacet
  facet normal  0.000000e+000 -1.000000e+000  0.000000e+000
    outer loop
      vertex -1.900000e+001 -5.000000e+000 -7.300000e+001
      vertex  5.000000e+000 -5.000000e+000 -7.400000e+001
      vertex  1.900000e+001 -5.000000e+000 -7.300000e+001
    endloop
  endfacet
  facet normal  0.000000e+000 -1.000000e+000  -0.000000e+000
    outer loop
      vertex -8.000000e+000 -5.000000e+000 -8.000000e+000
      vertex -1.500000e+001 -5.000000e+000 -8.000000e+000
      vertex -1.519630e+001 -5.000000e+000 -8.003855e+000
    endloop
  endfacet
  facet normal  0.000000e+000 -1.000000e+000  -0.000000e+000
    outer loop
      vertex -8.000000e+000 -5.000000e+000 -8.000000e+000
      vertex -1.519630e+001 -5.000000e+000 -8.003855e+000
      vertex -1.539230e+001 -5.000000e+000 -8.015413e+000
    endloop
  endfacet
  facet normal  0.000000e+000 -1.000000e+000  -0.000000e+000
    outer loop
      vertex -8.000000e+000 -5.000000e+000 -8.000000e+000
      vertex -1.539230e+001 -5.000000e+000 -8.015413e+000
      vertex -1.558769e+001 -5.000000e+000 -8.034657e+000
    endloop
  endfacet
  facet normal  0.000000e+000 -1.000000e+000  -0.000000e+000
    outer loop
      vertex -8.000000e+000 -5.000000e+000 -8.000000e+000
      vertex -1.558769e+001 -5.000000e+000 -8.034657e+000
      vertex -1.578217e+001 -5.000000e+000 -8.061559e+000
    endloop
  endfacet
  facet normal  0.000000e+000 -1.000000e+000  -0.000000e+000
    outer loop
      vertex -8.000000e+000 -5.000000e+000 -8.000000e+000
      vertex -1.578217e+001 -5.000000e+000 -8.061559e+000
      vertex -1.597545e+001 -5.000000e+000 -8.096073e+000
    endloop
  endfacet
  facet normal  0.000000e+000 -1.000000e+000  -0.000000e+000
    outer loop
      vertex -8.000000e+000 -5.000000e+000 -8.000000e+000
      vertex -1.597545e+001 -5.000000e+000 -8.096073e+000
      vertex -1.616723e+001 -5.000000e+000 -8.138150e+000
    endloop
  endfacet
  facet normal  0.000000e+000 -9.999999e-001  -0.000000e+000
    outer loop
      vertex -8.000000e+000 -5.000000e+000 -8.000000e+000
      vertex -1.616723e+001 -5.000000e+000 -8.138150e+000
      vertex -1.635720e+001 -5.000000e+000 -8.187724e+000
    endloop
  endfacet
  facet normal  0.000000e+000 -1.000000e+000  -0.000000e+000
    outer loop
      vertex -8.000000e+000 -5.000000e+000 -8.000000e+000
      vertex -1.635720e+001 -5.000000e+000 -8.187724e+000
      vertex -1.654509e+001 -5.000000e+000 -8.244718e+000
    endloop
  endfacet
  facet normal  0.000000e+000 -1.000000e+000  -0.000000e+000
    outer loop
      vertex -8.000000e+000 -5.000000e+000 -8.000000e+000
      vertex -1.654509e+001 -5.000000e+000 -8.244718e+000
      vertex -1.673059e+001 -5.000000e+000 -8.309043e+000
    endloop
  endfacet
  facet normal  0.000000e+000 -1.000000e+000  -0.000000e+000
    outer loop
      vertex -8.000000e+000 -5.000000e+000 -8.000000e+000
      vertex -1.673059e+001 -5.000000e+000 -8.309043e+000
      vertex -1.691342e+001 -5.000000e+000 -8.380602e+000
    endloop
  endfacet
  facet normal  0.000000e+000 -1.000000e+000  -0.000000e+000
    outer loop
      vertex -7.874419e+000 -5.000000e+000 -7.996053e+000
      vertex -8.000000e+000 -5.000000e+000 -8.000000e+000
      vertex -1.691342e+001 -5.000000e+000 -8.380602e+000
    endloop
  endfacet
  facet normal  0.000000e+000 -1.000000e+000  -0.000000e+000
    outer loop
      vertex -7.874419e+000 -5.000000e+000 -7.996053e+000
      vertex -1.691342e+001 -5.000000e+000 -8.380602e+000
      vertex -1.709330e+001 -5.000000e+000 -8.459284e+000
    endloop
  endfacet
  facet normal  0.000000e+000 -1.000000e+000  -0.000000e+000
    outer loop
      vertex -7.874419e+000 -5.000000e+000 -7.996053e+000
      vertex -1.709330e+001 -5.000000e+000 -8.459284e+000
      vertex -1.726995e+001 -5.000000e+000 -8.544968e+000
    endloop
  endfacet
  facet normal  0.000000e+000 -1.000000e+000  -0.000000e+000
    outer loop
      vertex -7.874419e+000 -5.000000e+000 -7.996053e+000
      vertex -1.726995e+001 -5.000000e+000 -8.544968e+000
      vertex -1.744311e+001 -5.000000e+000 -8.637520e+000
    endloop
  endfacet
  facet normal  0.000000e+000 -1.000000e+000  -0.000000e+000
    outer loop
      vertex -7.874419e+000 -5.000000e+000 -7.996053e+000
      vertex -1.744311e+001 -5.000000e+000 -8.637520e+000
      vertex -1.761249e+001 -5.000000e+000 -8.736799e+000
    endloop
  endfacet
  facet normal  0.000000e+000 -1.000000e+000  -0.000000e+000
    outer loop
      vertex -7.874419e+000 -5.000000e+000 -7.996053e+000
      vertex -1.761249e+001 -5.000000e+000 -8.736799e+000
      vertex -1.777785e+001 -5.000000e+000 -8.842652e+000
    endloop
  endfacet
  facet normal  0.000000e+000 -9.999999e-001  -0.000000e+000
    outer loop
      vertex -7.874419e+000 -5.000000e+000 -7.996053e+000
      vertex -1.777785e+001 -5.000000e+000 -8.842652e+000
      vertex -1.793893e+001 -5.000000e+000 -8.954915e+000
    endloop
  endfacet
  facet normal  0.000000e+000 -1.000000e+000  -0.000000e+000
    outer loop
      vertex -7.874419e+000 -5.000000e+000 -7.996053e+000
      vertex -1.793893e+001 -5.000000e+000 -8.954915e+000
      vertex -1.809547e+001 -5.000000e+000 -9.073416e+000
    endloop
  endfacet
  facet normal  0.000000e+000 -1.000000e+000  -0.000000e+000
    outer loop
      vertex -7.749333e+000 -5.000000e+000 -7.984230e+000
      vertex -7.874419e+000 -5.000000e+000 -7.996053e+000
      vertex -1.809547e+001 -5.000000e+000 -9.073416e+000
    endloop
  endfacet
  facet normal  0.000000e+000 -1.000000e+000  -0.000000e+000
    outer loop
      vertex -7.749333e+000 -5.000000e+000 -7.984230e+000
      vertex -1.809547e+001 -5.000000e+000 -9.073416e+000
      vertex -1.824724e+001 -5.000000e+000 -9.197970e+000
    endloop
  endfacet
  facet normal  0.000000e+000 -9.999999e-001  -0.000000e+000
    outer loop
      vertex -7.749333e+000 -5.000000e+000 -7.984230e+000
      vertex -1.824724e+001 -5.000000e+000 -9.197970e+000
      vertex -1.839400e+001 -5.000000e+000 -9.328387e+000
    endloop
  endfacet
  facet normal  0.000000e+000 -9.999999e-001  -0.000000e+000
    outer loop
      vertex -7.749333e+000 -5.000000e+000 -7.984230e+000
      vertex -1.839400e+001 -5.000000e+000 -9.328387e+000
      vertex -1.853553e+001 -5.000000e+000 -9.464466e+000
    endloop
  endfacet
  facet normal  0.000000e+000 -9.999999e-001  -0.000000e+000
    outer loop
      vertex -7.749333e+000 -5.000000e+000 -7.984230e+000
      vertex -1.853553e+001 -5.000000e+000 -9.464466e+000
      vertex -1.867161e+001 -5.000000e+000 -9.605996e+000
    endloop
  endfacet
  facet normal  0.000000e+000 -1.000000e+000  -0.000000e+000
    outer loop
      vertex -7.749333e+000 -5.000000e+000 -7.984230e+000
      vertex -1.867161e+001 -5.000000e+000 -9.605996e+000
      vertex -1.880203e+001 -5.000000e+000 -9.752760e+000
    endloop
  endfacet
  facet normal  0.000000e+000 -1.000000e+000  -0.000000e+000
    outer loop
      vertex -7.749333e+000 -5.000000e+000 -7.984230e+000
      vertex -1.880203e+001 -5.000000e+000 -9.752760e+000
      vertex -1.892658e+001 -5.000000e+000 -9.904531e+000
    endloop
  endfacet
  facet normal  0.000000e+000 -9.999999e-001  -0.000000e+000
    outer loop
      vertex -7.625237e+000 -5.000000e+000 -7.964574e+000
      vertex -7.749333e+000 -5.000000e+000 -7.984230e+000
      vertex -1.892658e+001 -5.000000e+000 -9.904531e+000
    endloop
  endfacet
  facet normal  0.000000e+000 -9.999999e-001  -0.000000e+000
    outer loop
      vertex -7.625237e+000 -5.000000e+000 -7.964574e+000
      vertex -1.892658e+001 -5.000000e+000 -9.904531e+000
      vertex -1.904509e+001 -5.000000e+000 -1.006107e+001
    endloop
  endfacet
  facet normal  0.000000e+000 -1.000000e+000  -0.000000e+000
    outer loop
      vertex -7.625237e+000 -5.000000e+000 -7.964574e+000
      vertex -1.904509e+001 -5.000000e+000 -1.006107e+001
      vertex -1.915735e+001 -5.000000e+000 -1.022215e+001
    endloop
  endfacet
  facet normal  0.000000e+000 -1.000000e+000  -0.000000e+000
    outer loop
      vertex -7.625237e+000 -5.000000e+000 -7.964574e+000
      vertex -1.915735e+001 -5.000000e+000 -1.022215e+001
      vertex -1.926320e+001 -5.000000e+000 -1.038751e+001
    endloop
  endfacet
  facet normal  0.000000e+000 -9.999999e-001  -0.000000e+000
    outer loop
      vertex -7.625237e+000 -5.000000e+000 -7.964574e+000
      vertex -1.926320e+001 -5.000000e+000 -1.038751e+001
      vertex -1.936248e+001 -5.000000e+000 -1.055689e+001
    endloop
  endfacet
  facet normal  0.000000e+000 -9.999999e-001  -0.000000e+000
    outer loop
      vertex -7.625237e+000 -5.000000e+000 -7.964574e+000
      vertex -1.936248e+001 -5.000000e+000 -1.055689e+001
      vertex -1.945503e+001 -5.000000e+000 -1.073005e+001
    endloop
  endfacet
  facet normal  0.000000e+000 -1.000000e+000  -0.000000e+000
    outer loop
      vertex -7.625237e+000 -5.000000e+000 -7.964574e+000
      vertex -1.945503e+001 -5.000000e+000 -1.073005e+001
      vertex -1.954072e+001 -5.000000e+000 -1.090670e+001
    endloop
  endfacet
  facet normal  0.000000e+000 -1.000000e+000  0.000000e+000
    outer loop
      vertex -7.625237e+000 -5.000000e+000 -7.964574e+000
      vertex -1.954072e+001 -5.000000e+000 -1.090670e+001
      vertex -7.502620e+000 -5.000000e+000 -7.937166e+000
    endloop
  endfacet
  facet normal  0.000000e+000 -1.000000e+000  0.000000e+000
    outer loop
      vertex  1.900000e+001 -5.000000e+000 -7.300000e+001
      vertex  5.000000e+000 -5.000000e+000 -7.400000e+001
      vertex  5.195053e+000 -5.000000e+000 -7.400381e+001
    endloop
  endfacet
  facet normal  0.000000e+000 -9.999999e-001  0.000000e+000
    outer loop
      vertex  1.900000e+001 -5.000000e+000 -7.300000e+001
      vertex  5.195053e+000 -5.000000e+000 -7.400381e+001
      vertex  5.389809e+000 -5.000000e+000 -7.401522e+001
    endloop
  endfacet
  facet normal  0.000000e+000 -1.000000e+000  0.000000e+000
    outer loop
      vertex  1.900000e+001 -5.000000e+000 -7.300000e+001
      vertex  5.389809e+000 -5.000000e+000 -7.401522e+001
      vertex  5.583972e+000 -5.000000e+000 -7.403422e+001
    endloop
  endfacet
  facet normal  0.000000e+000 -1.000000e+000  0.000000e+000
    outer loop
      vertex  1.900000e+001 -5.000000e+000 -7.300000e+001
      vertex  5.583972e+000 -5.000000e+000 -7.403422e+001
      vertex  5.777245e+000 -5.000000e+000 -7.406078e+001
    endloop
  endfacet
  facet normal  0.000000e+000 -1.000000e+000  0.000000e+000
    outer loop
      vertex  1.900000e+001 -5.000000e+000 -7.300000e+001
      vertex  5.777245e+000 -5.000000e+000 -7.406078e+001
      vertex  5.969335e+000 -5.000000e+000 -7.409486e+001
    endloop
  endfacet
  facet normal  0.000000e+000 -1.000000e+000  0.000000e+000
    outer loop
      vertex  1.900000e+001 -5.000000e+000 -7.300000e+001
      vertex  5.969335e+000 -5.000000e+000 -7.409486e+001
      vertex  6.159949e+000 -5.000000e+000 -7.413641e+001
    endloop
  endfacet
  facet normal  0.000000e+000 -1.000000e+000  0.000000e+000
    outer loop
      vertex  1.900000e+001 -5.000000e+000 -7.300000e+001
      vertex  6.159949e+000 -5.000000e+000 -7.413641e+001
      vertex  6.348798e+000 -5.000000e+000 -7.418536e+001
    endloop
  endfacet
  facet normal  0.000000e+000 -1.000000e+000  0.000000e+000
    outer loop
      vertex  1.900000e+001 -5.000000e+000 -7.300000e+001
      vertex  6.348798e+000 -5.000000e+000 -7.418536e+001
      vertex  6.535593e+000 -5.000000e+000 -7.424165e+001
    endloop
  endfacet
  facet normal  0.000000e+000 -1.000000e+000  0.000000e+000
    outer loop
      vertex  1.900000e+001 -5.000000e+000 -7.300000e+001
      vertex  6.535593e+000 -5.000000e+000 -7.424165e+001
      vertex  6.720051e+000 -5.000000e+000 -7.430517e+001
    endloop
  endfacet
  facet normal  0.000000e+000 -1.000000e+000  0.000000e+000
    outer loop
      vertex  1.900000e+001 -5.000000e+000 -7.300000e+001
      vertex  6.720051e+000 -5.000000e+000 -7.430517e+001
      vertex  6.901889e+000 -5.000000e+000 -7.437585e+001
    endloop
  endfacet
  facet normal  0.000000e+000 -1.000000e+000  0.000000e+000
    outer loop
      vertex  1.900000e+001 -5.000000e+000 -7.300000e+001
      vertex  6.901889e+000 -5.000000e+000 -7.437585e+001
      vertex  7.080832e+000 -5.000000e+000 -7.445356e+001
    endloop
  endfacet
  facet normal  0.000000e+000 -1.000000e+000  0.000000e+000
    outer loop
      vertex  1.900000e+001 -5.000000e+000 -7.300000e+001
      vertex  7.080832e+000 -5.000000e+000 -7.445356e+001
      vertex  7.256608e+000 -5.000000e+000 -7.453819e+001
    endloop
  endfacet
  facet normal  0.000000e+000 -1.000000e+000  0.000000e+000
    outer loop
      vertex  1.900000e+001 -5.000000e+000 -7.300000e+001
      vertex  7.256608e+000 -5.000000e+000 -7.453819e+001
      vertex  7.428948e+000 -5.000000e+000 -7.462962e+001
    endloop
  endfacet
  facet normal  0.000000e+000 -1.000000e+000  0.000000e+000
    outer loop
      vertex  1.900000e+001 -5.000000e+000 -7.300000e+001
      vertex  7.428948e+000 -5.000000e+000 -7.462962e+001
      vertex  7.597590e+000 -5.000000e+000 -7.472770e+001
    endloop
  endfacet
  facet normal  0.000000e+000 -1.000000e+000  0.000000e+000
    outer loop
      vertex  1.900000e+001 -5.000000e+000 -7.300000e+001
      vertex  7.597590e+000 -5.000000e+000 -7.472770e+001
      vertex  7.762278e+000 -5.000000e+000 -7.483229e+001
    endloop
  endfacet
  facet normal  0.000000e+000 -1.000000e+000  0.000000e+000
    outer loop
      vertex  1.900000e+001 -5.000000e+000 -7.300000e+001
      vertex  7.762278e+000 -5.000000e+000 -7.483229e+001
      vertex  7.922760e+000 -5.000000e+000 -7.494322e+001
    endloop
  endfacet
  facet normal  0.000000e+000 -1.000000e+000  0.000000e+000
    outer loop
      vertex  1.900000e+001 -5.000000e+000 -7.300000e+001
      vertex  7.922760e+000 -5.000000e+000 -7.494322e+001
      vertex  8.078793e+000 -5.000000e+000 -7.506033e+001
    endloop
  endfacet
  facet normal  0.000000e+000 -9.999999e-001  0.000000e+000
    outer loop
      vertex  1.900000e+001 -5.000000e+000 -7.300000e+001
      vertex  8.078793e+000 -5.000000e+000 -7.506033e+001
      vertex  8.230138e+000 -5.000000e+000 -7.518343e+001
    endloop
  endfacet
  facet normal  0.000000e+000 -1.000000e+000  0.000000e+000
    outer loop
      vertex  1.900000e+001 -5.000000e+000 -7.300000e+001
      vertex  8.230138e+000 -5.000000e+000 -7.518343e+001
      vertex  8.376566e+000 -5.000000e+000 -7.531235e+001
    endloop
  endfacet
  facet normal  0.000000e+000 -9.999999e-001  0.000000e+000
    outer loop
      vertex  1.900000e+001 -5.000000e+000 -7.300000e+001
      vertex  8.376566e+000 -5.000000e+000 -7.531235e+001
      vertex  8.517853e+000 -5.000000e+000 -7.544688e+001
    endloop
  endfacet
  facet normal  0.000000e+000 -1.000000e+000  0.000000e+000
    outer loop
      vertex  1.900000e+001 -5.000000e+000 -7.300000e+001
      vertex  8.517853e+000 -5.000000e+000 -7.544688e+001
      vertex  8.653785e+000 -5.000000e+000 -7.558681e+001
    endloop
  endfacet
  facet normal  0.000000e+000 -1.000000e+000  0.000000e+000
    outer loop
      vertex  1.900000e+001 -5.000000e+000 -7.300000e+001
      vertex  8.653785e+000 -5.000000e+000 -7.558681e+001
      vertex  8.784154e+000 -5.000000e+000 -7.573195e+001
    endloop
  endfacet
  facet normal  0.000000e+000 -1.000000e+000  0.000000e+000
    outer loop
      vertex  1.900000e+001 -5.000000e+000 -7.300000e+001
      vertex  8.784154e+000 -5.000000e+000 -7.573195e+001
      vertex  8.908762e+000 -5.000000e+000 -7.588206e+001
    endloop
  endfacet
  facet normal  0.000000e+000 -1.000000e+000  0.000000e+000
    outer loop
      vertex  1.900000e+001 -5.000000e+000 -7.300000e+001
      vertex  8.908762e+000 -5.000000e+000 -7.588206e+001
      vertex  9.027420e+000 -5.000000e+000 -7.603691e+001
    endloop
  endfacet
  facet normal  0.000000e+000 -9.999999e-001  0.000000e+000
    outer loop
      vertex  1.900000e+001 -5.000000e+000 -7.300000e+001
      vertex  9.027420e+000 -5.000000e+000 -7.603691e+001
      vertex  9.139946e+000 -5.000000e+000 -7.619628e+001
    endloop
  endfacet
  facet normal  0.000000e+000 -9.999999e-001  0.000000e+000
    outer loop
      vertex  1.900000e+001 -5.000000e+000 -7.300000e+001
      vertex  9.139946e+000 -5.000000e+000 -7.619628e+001
      vertex  9.246169e+000 -5.000000e+000 -7.635992e+001
    endloop
  endfacet
  facet normal  0.000000e+000 -1.000000e+000  0.000000e+000
    outer loop
      vertex  1.900000e+001 -5.000000e+000 -7.300000e+001
      vertex  9.246169e+000 -5.000000e+000 -7.635992e+001
      vertex  9.345928e+000 -5.000000e+000 -7.652757e+001
    endloop
  endfacet
  facet normal  0.000000e+000 -9.999999e-001  0.000000e+000
    outer loop
      vertex  1.900000e+001 -5.000000e+000 -7.300000e+001
      vertex  9.345928e+000 -5.000000e+000 -7.652757e+001
      vertex  9.439071e+000 -5.000000e+000 -7.669899e+001
    endloop
  endfacet
  facet normal  0.000000e+000 -1.000000e+000  0.000000e+000
    outer loop
      vertex  1.900000e+001 -5.000000e+000 -7.300000e+001
      vertex  9.439071e+000 -5.000000e+000 -7.669899e+001
      vertex  9.525455e+000 -5.000000e+000 -7.687391e+001
    endloop
  endfacet
  facet normal  0.000000e+000 -9.999999e-001  0.000000e+000
    outer loop
      vertex  1.900000e+001 -5.000000e+000 -7.300000e+001
      vertex  9.525455e+000 -5.000000e+000 -7.687391e+001
      vertex  9.604951e+000 -5.000000e+000 -7.705207e+001
    endloop
  endfacet
  facet normal  0.000000e+000 -1.000000e+000  0.000000e+000
    outer loop
      vertex  1.900000e+001 -5.000000e+000 -7.300000e+001
      vertex  9.604951e+000 -5.000000e+000 -7.705207e+001
      vertex  9.677436e+000 -5.000000e+000 -7.723319e+001
    endloop
  endfacet
  facet normal  0.000000e+000 -1.000000e+000  0.000000e+000
    outer loop
      vertex  1.900000e+001 -5.000000e+000 -7.300000e+001
      vertex  9.677436e+000 -5.000000e+000 -7.723319e+001
      vertex  9.742799e+000 -5.000000e+000 -7.741701e+001
    endloop
  endfacet
  facet normal  0.000000e+000 -1.000000e+000  0.000000e+000
    outer loop
      vertex  1.900000e+001 -5.000000e+000 -7.300000e+001
      vertex  9.742799e+000 -5.000000e+000 -7.741701e+001
      vertex  9.800942e+000 -5.000000e+000 -7.760323e+001
    endloop
  endfacet
  facet normal  0.000000e+000 -1.000000e+000  0.000000e+000
    outer loop
      vertex  1.900000e+001 -5.000000e+000 -7.300000e+001
      vertex  9.800942e+000 -5.000000e+000 -7.760323e+001
      vertex  9.851776e+000 -5.000000e+000 -7.779159e+001
    endloop
  endfacet
  facet normal  0.000000e+000 -9.999999e-001  0.000000e+000
    outer loop
      vertex  1.900000e+001 -5.000000e+000 -7.300000e+001
      vertex  9.851776e+000 -5.000000e+000 -7.779159e+001
      vertex  2.000000e+001 -5.000000e+000 -7.784293e+001
    endloop
  endfacet
  facet normal  0.000000e+000 -1.000000e+000  0.000000e+000
    outer loop
      vertex  1.900000e+001 -5.000000e+000 -7.300000e+001
      vertex  2.000000e+001 -5.000000e+000 -7.784293e+001
      vertex  2.000000e+001 -5.000000e+000 -1.300000e+001
    endloop
  endfacet
  facet normal  0.000000e+000 -1.000000e+000  0.000000e+000
    outer loop
      vertex  1.900000e+001 -5.000000e+000 -7.300000e+001
      vertex  2.000000e+001 -5.000000e+000 -1.300000e+001
      vertex  1.900000e+001 -5.000000e+000 -1.400000e+001
    endloop
  endfacet
  facet normal  0.000000e+000 -1.000000e+000  0.000000e+000
    outer loop
      vertex  1.250000e+001 -5.000000e+000 -1.100000e+001
      vertex  1.250000e+001 -5.000000e+000 -1.300000e+001
      vertex  2.000000e+001 -5.000000e+000 -1.300000e+001
    endloop
  endfacet
  facet normal  0.000000e+000 -1.000000e+000  0.000000e+000
    outer loop
      vertex  1.250000e+001 -5.000000e+000 -1.100000e+001
      vertex  2.000000e+001 -5.000000e+000 -1.300000e+001
      vertex  1.999615e+001 -5.000000e+000 -1.280370e+001
    endloop
  endfacet
  facet normal  0.000000e+000 -1.000000e+000  0.000000e+000
    outer loop
      vertex  1.250000e+001 -5.000000e+000 -1.100000e+001
      vertex  1.999615e+001 -5.000000e+000 -1.280370e+001
      vertex  1.998459e+001 -5.000000e+000 -1.260770e+001
    endloop
  endfacet
  facet normal  0.000000e+000 -1.000000e+000  0.000000e+000
    outer loop
      vertex  1.250000e+001 -5.000000e+000 -1.100000e+001
      vertex  1.998459e+001 -5.000000e+000 -1.260770e+001
      vertex  1.996534e+001 -5.000000e+000 -1.241231e+001
    endloop
  endfacet
  facet normal  0.000000e+000 -1.000000e+000  0.000000e+000
    outer loop
      vertex  1.250000e+001 -5.000000e+000 -1.100000e+001
      vertex  1.996534e+001 -5.000000e+000 -1.241231e+001
      vertex  1.993844e+001 -5.000000e+000 -1.221783e+001
    endloop
  endfacet
  facet normal  0.000000e+000 -1.000000e+000  0.000000e+000
    outer loop
      vertex  1.250000e+001 -5.000000e+000 -1.100000e+001
      vertex  1.993844e+001 -5.000000e+000 -1.221783e+001
      vertex  1.990393e+001 -5.000000e+000 -1.202455e+001
    endloop
  endfacet
  facet normal  0.000000e+000 -9.999999e-001  0.000000e+000
    outer loop
      vertex  1.250000e+001 -5.000000e+000 -1.100000e+001
      vertex  1.990393e+001 -5.000000e+000 -1.202455e+001
      vertex  1.986185e+001 -5.000000e+000 -1.183277e+001
    endloop
  endfacet
  facet normal  0.000000e+000 -9.999999e-001  0.000000e+000
    outer loop
      vertex  1.250000e+001 -5.000000e+000 -1.100000e+001
      vertex  1.986185e+001 -5.000000e+000 -1.183277e+001
      vertex  1.981228e+001 -5.000000e+000 -1.164280e+001
    endloop
  endfacet
  facet normal  0.000000e+000 -1.000000e+000  0.000000e+000
    outer loop
      vertex  1.250000e+001 -5.000000e+000 -1.100000e+001
      vertex  1.981228e+001 -5.000000e+000 -1.164280e+001
      vertex  1.975528e+001 -5.000000e+000 -1.145492e+001
    endloop
  endfacet
  facet normal  0.000000e+000 -1.000000e+000  0.000000e+000
    outer loop
      vertex  1.250000e+001 -5.000000e+000 -1.100000e+001
      vertex  1.975528e+001 -5.000000e+000 -1.145492e+001
      vertex  1.969096e+001 -5.000000e+000 -1.126941e+001
    endloop
  endfacet
  facet normal  0.000000e+000 -1.000000e+000  0.000000e+000
    outer loop
      vertex  1.250000e+001 -5.000000e+000 -1.100000e+001
      vertex  1.969096e+001 -5.000000e+000 -1.126941e+001
      vertex  1.961940e+001 -5.000000e+000 -1.108658e+001
    endloop
  endfacet
  facet normal  0.000000e+000 -1.000000e+000  0.000000e+000
    outer loop
      vertex  1.250000e+001 -5.000000e+000 -1.100000e+001
      vertex  1.961940e+001 -5.000000e+000 -1.108658e+001
      vertex  1.954072e+001 -5.000000e+000 -1.090670e+001
    endloop
  endfacet
  facet normal  0.000000e+000 -1.000000e+000  0.000000e+000
    outer loop
      vertex  8.000000e+000 -5.000000e+000 -8.000000e+000
      vertex  1.691342e+001 -5.000000e+000 -8.380602e+000
      vertex  1.673059e+001 -5.000000e+000 -8.309043e+000
    endloop
  endfacet
  facet normal  0.000000e+000 -1.000000e+000  0.000000e+000
    outer loop
      vertex  8.000000e+000 -5.000000e+000 -8.000000e+000
      vertex  1.673059e+001 -5.000000e+000 -8.309043e+000
      vertex  1.654509e+001 -5.000000e+000 -8.244718e+000
    endloop
  endfacet
  facet normal  0.000000e+000 -1.000000e+000  0.000000e+000
    outer loop
      vertex  8.000000e+000 -5.000000e+000 -8.000000e+000
      vertex  1.654509e+001 -5.000000e+000 -8.244718e+000
      vertex  1.635720e+001 -5.000000e+000 -8.187724e+000
    endloop
  endfacet
  facet normal  0.000000e+000 -9.999999e-001  0.000000e+000
    outer loop
      vertex  8.000000e+000 -5.000000e+000 -8.000000e+000
      vertex  1.635720e+001 -5.000000e+000 -8.187724e+000
      vertex  1.616723e+001 -5.000000e+000 -8.138150e+000
    endloop
  endfacet
  facet normal  0.000000e+000 -1.000000e+000  0.000000e+000
    outer loop
      vertex  8.000000e+000 -5.000000e+000 -8.000000e+000
      vertex  1.616723e+001 -5.000000e+000 -8.138150e+000
      vertex  1.597545e+001 -5.000000e+000 -8.096073e+000
    endloop
  endfacet
  facet normal  0.000000e+000 -1.000000e+000  0.000000e+000
    outer loop
      vertex  8.000000e+000 -5.000000e+000 -8.000000e+000
      vertex  1.597545e+001 -5.000000e+000 -8.096073e+000
      vertex  1.578217e+001 -5.000000e+000 -8.061559e+000
    endloop
  endfacet
  facet normal  0.000000e+000 -1.000000e+000  0.000000e+000
    outer loop
      vertex  8.000000e+000 -5.000000e+000 -8.000000e+000
      vertex  1.578217e+001 -5.000000e+000 -8.061559e+000
      vertex  1.558769e+001 -5.000000e+000 -8.034657e+000
    endloop
  endfacet
  facet normal  0.000000e+000 -1.000000e+000  0.000000e+000
    outer loop
      vertex  8.000000e+000 -5.000000e+000 -8.000000e+000
      vertex  1.558769e+001 -5.000000e+000 -8.034657e+000
      vertex  1.539230e+001 -5.000000e+000 -8.015413e+000
    endloop
  endfacet
  facet normal  0.000000e+000 -1.000000e+000  0.000000e+000
    outer loop
      vertex  8.000000e+000 -5.000000e+000 -8.000000e+000
      vertex  1.539230e+001 -5.000000e+000 -8.015413e+000
      vertex  1.519630e+001 -5.000000e+000 -8.003855e+000
    endloop
  endfacet
  facet normal  0.000000e+000 -1.000000e+000  0.000000e+000
    outer loop
      vertex  8.000000e+000 -5.000000e+000 -8.000000e+000
      vertex  1.519630e+001 -5.000000e+000 -8.003855e+000
      vertex  1.500000e+001 -5.000000e+000 -8.000000e+000
    endloop
  endfacet
  facet normal  0.000000e+000 -1.000000e+000  0.000000e+000
    outer loop
      vertex  7.874419e+000 -5.000000e+000 -7.996053e+000
      vertex  1.809547e+001 -5.000000e+000 -9.073416e+000
      vertex  1.793893e+001 -5.000000e+000 -8.954915e+000
    endloop
  endfacet
  facet normal  0.000000e+000 -9.999999e-001  0.000000e+000
    outer loop
      vertex  7.874419e+000 -5.000000e+000 -7.996053e+000
      vertex  1.793893e+001 -5.000000e+000 -8.954915e+000
      vertex  1.777785e+001 -5.000000e+000 -8.842652e+000
    endloop
  endfacet
  facet normal  0.000000e+000 -1.000000e+000  0.000000e+000
    outer loop
      vertex  7.874419e+000 -5.000000e+000 -7.996053e+000
      vertex  1.777785e+001 -5.000000e+000 -8.842652e+000
      vertex  1.761249e+001 -5.000000e+000 -8.736799e+000
    endloop
  endfacet
  facet normal  0.000000e+000 -1.000000e+000  0.000000e+000
    outer loop
      vertex  7.874419e+000 -5.000000e+000 -7.996053e+000
      vertex  1.761249e+001 -5.000000e+000 -8.736799e+000
      vertex  1.744311e+001 -5.000000e+000 -8.637520e+000
    endloop
  endfacet
  facet normal  0.000000e+000 -1.000000e+000  0.000000e+000
    outer loop
      vertex  7.874419e+000 -5.000000e+000 -7.996053e+000
      vertex  1.744311e+001 -5.000000e+000 -8.637520e+000
      vertex  1.726995e+001 -5.000000e+000 -8.544968e+000
    endloop
  endfacet
  facet normal  0.000000e+000 -1.000000e+000  0.000000e+000
    outer loop
      vertex  7.874419e+000 -5.000000e+000 -7.996053e+000
      vertex  1.726995e+001 -5.000000e+000 -8.544968e+000
      vertex  1.709330e+001 -5.000000e+000 -8.459284e+000
    endloop
  endfacet
  facet normal  0.000000e+000 -1.000000e+000  0.000000e+000
    outer loop
      vertex  7.874419e+000 -5.000000e+000 -7.996053e+000
      vertex  1.709330e+001 -5.000000e+000 -8.459284e+000
      vertex  1.691342e+001 -5.000000e+000 -8.380602e+000
    endloop
  endfacet
  facet normal  0.000000e+000 -1.000000e+000  0.000000e+000
    outer loop
      vertex  7.874419e+000 -5.000000e+000 -7.996053e+000
      vertex  1.691342e+001 -5.000000e+000 -8.380602e+000
      vertex  8.000000e+000 -5.000000e+000 -8.000000e+000
    endloop
  endfacet
  facet normal  0.000000e+000 -1.000000e+000  0.000000e+000
    outer loop
      vertex  7.749333e+000 -5.000000e+000 -7.984230e+000
      vertex  1.892658e+001 -5.000000e+000 -9.904531e+000
      vertex  1.880203e+001 -5.000000e+000 -9.752760e+000
    endloop
  endfacet
  facet normal  0.000000e+000 -1.000000e+000  0.000000e+000
    outer loop
      vertex  7.749333e+000 -5.000000e+000 -7.984230e+000
      vertex  1.880203e+001 -5.000000e+000 -9.752760e+000
      vertex  1.867161e+001 -5.000000e+000 -9.605996e+000
    endloop
  endfacet
  facet normal  0.000000e+000 -9.999999e-001  0.000000e+000
    outer loop
      vertex  7.749333e+000 -5.000000e+000 -7.984230e+000
      vertex  1.867161e+001 -5.000000e+000 -9.605996e+000
      vertex  1.853553e+001 -5.000000e+000 -9.464466e+000
    endloop
  endfacet
  facet normal  0.000000e+000 -9.999999e-001  0.000000e+000
    outer loop
      vertex  7.749333e+000 -5.000000e+000 -7.984230e+000
      vertex  1.853553e+001 -5.000000e+000 -9.464466e+000
      vertex  1.839400e+001 -5.000000e+000 -9.328387e+000
    endloop
  endfacet
  facet normal  0.000000e+000 -9.999999e-001  0.000000e+000
    outer loop
      vertex  7.749333e+000 -5.000000e+000 -7.984230e+000
      vertex  1.839400e+001 -5.000000e+000 -9.328387e+000
      vertex  1.824724e+001 -5.000000e+000 -9.197970e+000
    endloop
  endfacet
  facet normal  0.000000e+000 -1.000000e+000  0.000000e+000
    outer loop
      vertex  7.749333e+000 -5.000000e+000 -7.984230e+000
      vertex  1.824724e+001 -5.000000e+000 -9.197970e+000
      vertex  1.809547e+001 -5.000000e+000 -9.073416e+000
    endloop
  endfacet
  facet normal  0.000000e+000 -1.000000e+000  0.000000e+000
    outer loop
      vertex  7.749333e+000 -5.000000e+000 -7.984230e+000
      vertex  1.809547e+001 -5.000000e+000 -9.073416e+000
      vertex  7.874419e+000 -5.000000e+000 -7.996053e+000
    endloop
  endfacet
  facet normal  0.000000e+000 -1.000000e+000  0.000000e+000
    outer loop
      vertex  7.625237e+000 -5.000000e+000 -7.964574e+000
      vertex  7.502620e+000 -5.000000e+000 -7.937166e+000
      vertex  1.954072e+001 -5.000000e+000 -1.090670e+001
    endloop
  endfacet
  facet normal  0.000000e+000 -1.000000e+000  0.000000e+000
    outer loop
      vertex  7.625237e+000 -5.000000e+000 -7.964574e+000
      vertex  1.954072e+001 -5.000000e+000 -1.090670e+001
      vertex  1.945503e+001 -5.000000e+000 -1.073005e+001
    endloop
  endfacet
  facet normal  0.000000e+000 -9.999999e-001  0.000000e+000
    outer loop
      vertex  7.625237e+000 -5.000000e+000 -7.964574e+000
      vertex  1.945503e+001 -5.000000e+000 -1.073005e+001
      vertex  1.936248e+001 -5.000000e+000 -1.055689e+001
    endloop
  endfacet
  facet normal  0.000000e+000 -9.999999e-001  0.000000e+000
    outer loop
      vertex  7.625237e+000 -5.000000e+000 -7.964574e+000
      vertex  1.936248e+001 -5.000000e+000 -1.055689e+001
      vertex  1.926320e+001 -5.000000e+000 -1.038751e+001
    endloop
  endfacet
  facet normal  0.000000e+000 -1.000000e+000  0.000000e+000
    outer loop
      vertex  7.625237e+000 -5.000000e+000 -7.964574e+000
      vertex  1.926320e+001 -5.000000e+000 -1.038751e+001
      vertex  1.915735e+001 -5.000000e+000 -1.022215e+001
    endloop
  endfacet
  facet normal  0.000000e+000 -1.000000e+000  0.000000e+000
    outer loop
      vertex  7.625237e+000 -5.000000e+000 -7.964574e+000
      vertex  1.915735e+001 -5.000000e+000 -1.022215e+001
      vertex  1.904509e+001 -5.000000e+000 -1.006107e+001
    endloop
  endfacet
  facet normal  0.000000e+000 -9.999999e-001  0.000000e+000
    outer loop
      vertex  7.625237e+000 -5.000000e+000 -7.964574e+000
      vertex  1.904509e+001 -5.000000e+000 -1.006107e+001
      vertex  1.892658e+001 -5.000000e+000 -9.904531e+000
    endloop
  endfacet
  facet normal  0.000000e+000 -9.999999e-001  0.000000e+000
    outer loop
      vertex  7.625237e+000 -5.000000e+000 -7.964574e+000
      vertex  1.892658e+001 -5.000000e+000 -9.904531e+000
      vertex  7.749333e+000 -5.000000e+000 -7.984230e+000
    endloop
  endfacet
  facet normal  0.000000e+000 -1.000000e+000  0.000000e+000
    outer loop
      vertex -1.800000e+001 -5.000000e+000 -8.000000e+001
      vertex -1.194767e+001 -5.000000e+000 -8.000000e+001
      vertex -1.811595e+001 -5.000000e+000 -7.999637e+001
    endloop
  endfacet
  facet normal  0.000000e+000 -1.000000e+000  0.000000e+000
    outer loop
      vertex -1.811595e+001 -5.000000e+000 -7.999637e+001
      vertex -1.194767e+001 -5.000000e+000 -8.000000e+001
      vertex -1.186487e+001 -5.000000e+000 -7.999815e+001
    endloop
  endfacet
  facet normal  0.000000e+000 -1.000000e+000  0.000000e+000
    outer loop
      vertex -1.811595e+001 -5.000000e+000 -7.999637e+001
      vertex -1.186487e+001 -5.000000e+000 -7.999815e+001
      vertex -1.823145e+001 -5.000000e+000 -7.998550e+001
    endloop
  endfacet
  facet normal  0.000000e+000 -1.000000e+000  0.000000e+000
    outer loop
      vertex -1.823145e+001 -5.000000e+000 -7.998550e+001
      vertex -1.186487e+001 -5.000000e+000 -7.999815e+001
      vertex -1.178234e+001 -5.000000e+000 -7.999265e+001
    endloop
  endfacet
  facet normal  0.000000e+000 -1.000000e+000  0.000000e+000
    outer loop
      vertex -1.823145e+001 -5.000000e+000 -7.998550e+001
      vertex -1.178234e+001 -5.000000e+000 -7.999265e+001
      vertex -1.170025e+001 -5.000000e+000 -7.998351e+001
    endloop
  endfacet
  facet normal  -0.000000e+000 -9.999999e-001  0.000000e+000
    outer loop
      vertex -1.823145e+001 -5.000000e+000 -7.998550e+001
      vertex -1.170025e+001 -5.000000e+000 -7.998351e+001
      vertex -1.834603e+001 -5.000000e+000 -7.996747e+001
    endloop
  endfacet
  facet normal  0.000000e+000 -1.000000e+000  0.000000e+000
    outer loop
      vertex -1.834603e+001 -5.000000e+000 -7.996747e+001
      vertex -1.170025e+001 -5.000000e+000 -7.998351e+001
      vertex -1.163942e+001 -5.000000e+000 -7.997436e+001
    endloop
  endfacet
  facet normal  0.000000e+000 -1.000000e+000  0.000000e+000
    outer loop
      vertex -1.834603e+001 -5.000000e+000 -7.996747e+001
      vertex -1.163942e+001 -5.000000e+000 -7.997436e+001
      vertex -1.157900e+001 -5.000000e+000 -7.996324e+001
    endloop
  endfacet
  facet normal  -0.000000e+000 -1.000000e+000  0.000000e+000
    outer loop
      vertex -1.834603e+001 -5.000000e+000 -7.996747e+001
      vertex -1.157900e+001 -5.000000e+000 -7.996324e+001
      vertex -1.845928e+001 -5.000000e+000 -7.994235e+001
    endloop
  endfacet
  facet normal  0.000000e+000 -1.000000e+000  0.000000e+000
    outer loop
      vertex -1.845928e+001 -5.000000e+000 -7.994235e+001
      vertex -1.157900e+001 -5.000000e+000 -7.996324e+001
      vertex -1.151843e+001 -5.000000e+000 -7.995005e+001
    endloop
  endfacet
  facet normal  0.000000e+000 -1.000000e+000  0.000000e+000
    outer loop
      vertex -1.845928e+001 -5.000000e+000 -7.994235e+001
      vertex -1.151843e+001 -5.000000e+000 -7.995005e+001
      vertex -1.145844e+001 -5.000000e+000 -7.993492e+001
    endloop
  endfacet
  facet normal  -0.000000e+000 -1.000000e+000  0.000000e+000
    outer loop
      vertex -1.845928e+001 -5.000000e+000 -7.994235e+001
      vertex -1.145844e+001 -5.000000e+000 -7.993492e+001
      vertex -1.857076e+001 -5.000000e+000 -7.991029e+001
    endloop
  endfacet
  facet normal  0.000000e+000 -1.000000e+000  0.000000e+000
    outer loop
      vertex -1.857076e+001 -5.000000e+000 -7.991029e+001
      vertex -1.145844e+001 -5.000000e+000 -7.993492e+001
      vertex -1.134102e+001 -5.000000e+000 -7.989921e+001
    endloop
  endfacet
  facet normal  -0.000000e+000 -1.000000e+000  0.000000e+000
    outer loop
      vertex -1.857076e+001 -5.000000e+000 -7.991029e+001
      vertex -1.134102e+001 -5.000000e+000 -7.989921e+001
      vertex -1.868007e+001 -5.000000e+000 -7.987147e+001
    endloop
  endfacet
  facet normal  0.000000e+000 -1.000000e+000  0.000000e+000
    outer loop
      vertex -1.868007e+001 -5.000000e+000 -7.987147e+001
      vertex -1.134102e+001 -5.000000e+000 -7.989921e+001
      vertex -1.122658e+001 -5.000000e+000 -7.985630e+001
    endloop
  endfacet
  facet normal  -0.000000e+000 -1.000000e+000  0.000000e+000
    outer loop
      vertex -1.868007e+001 -5.000000e+000 -7.987147e+001
      vertex -1.122658e+001 -5.000000e+000 -7.985630e+001
      vertex -1.878682e+001 -5.000000e+000 -7.982606e+001
    endloop
  endfacet
  facet normal  0.000000e+000 -1.000000e+000  0.000000e+000
    outer loop
      vertex -1.878682e+001 -5.000000e+000 -7.982606e+001
      vertex -1.122658e+001 -5.000000e+000 -7.985630e+001
      vertex -1.111555e+001 -5.000000e+000 -7.980657e+001
    endloop
  endfacet
  facet normal  -0.000000e+000 -1.000000e+000  0.000000e+000
    outer loop
      vertex -1.878682e+001 -5.000000e+000 -7.982606e+001
      vertex -1.111555e+001 -5.000000e+000 -7.980657e+001
      vertex -1.889065e+001 -5.000000e+000 -7.977431e+001
    endloop
  endfacet
  facet normal  0.000000e+000 -1.000000e+000  0.000000e+000
    outer loop
      vertex -1.889065e+001 -5.000000e+000 -7.977431e+001
      vertex -1.111555e+001 -5.000000e+000 -7.980657e+001
      vertex -1.103779e+001 -5.000000e+000 -7.976669e+001
    endloop
  endfacet
  facet normal  -0.000000e+000 -1.000000e+000  0.000000e+000
    outer loop
      vertex -1.889065e+001 -5.000000e+000 -7.977431e+001
      vertex -1.103779e+001 -5.000000e+000 -7.976669e+001
      vertex -1.899726e+001 -5.000000e+000 -7.971272e+001
    endloop
  endfacet
  facet normal  0.000000e+000 -1.000000e+000  0.000000e+000
    outer loop
      vertex -1.899726e+001 -5.000000e+000 -7.971272e+001
      vertex -1.103779e+001 -5.000000e+000 -7.976669e+001
      vertex -1.096211e+001 -5.000000e+000 -7.972359e+001
    endloop
  endfacet
  facet normal  0.000000e+000 -1.000000e+000  0.000000e+000
    outer loop
      vertex -1.899726e+001 -5.000000e+000 -7.971272e+001
      vertex -1.096211e+001 -5.000000e+000 -7.972359e+001
      vertex -1.909981e+001 -5.000000e+000 -7.964458e+001
    endloop
  endfacet
  facet normal  0.000000e+000 -1.000000e+000  0.000000e+000
    outer loop
      vertex -1.909981e+001 -5.000000e+000 -7.964458e+001
      vertex -1.096211e+001 -5.000000e+000 -7.972359e+001
      vertex -1.088863e+001 -5.000000e+000 -7.967744e+001
    endloop
  endfacet
  facet normal  0.000000e+000 -1.000000e+000  0.000000e+000
    outer loop
      vertex -1.909981e+001 -5.000000e+000 -7.964458e+001
      vertex -1.088863e+001 -5.000000e+000 -7.967744e+001
      vertex -1.083548e+001 -5.000000e+000 -7.964126e+001
    endloop
  endfacet
  facet normal  -0.000000e+000 -1.000000e+000  0.000000e+000
    outer loop
      vertex -1.909981e+001 -5.000000e+000 -7.964458e+001
      vertex -1.083548e+001 -5.000000e+000 -7.964126e+001
      vertex -1.919796e+001 -5.000000e+000 -7.957024e+001
    endloop
  endfacet
  facet normal  0.000000e+000 -9.999999e-001  0.000000e+000
    outer loop
      vertex -1.919796e+001 -5.000000e+000 -7.957024e+001
      vertex -1.083548e+001 -5.000000e+000 -7.964126e+001
      vertex -1.078363e+001 -5.000000e+000 -7.960353e+001
    endloop
  endfacet
  facet normal  0.000000e+000 -1.000000e+000  0.000000e+000
    outer loop
      vertex -1.919796e+001 -5.000000e+000 -7.957024e+001
      vertex -1.078363e+001 -5.000000e+000 -7.960353e+001
      vertex -1.073222e+001 -5.000000e+000 -7.956361e+001
    endloop
  endfacet
  facet normal  -0.000000e+000 -1.000000e+000  0.000000e+000
    outer loop
      vertex -1.919796e+001 -5.000000e+000 -7.957024e+001
      vertex -1.073222e+001 -5.000000e+000 -7.956361e+001
      vertex -1.929140e+001 -5.000000e+000 -7.949005e+001
    endloop
  endfacet
  facet normal  0.000000e+000 -1.000000e+000  0.000000e+000
    outer loop
      vertex -1.929140e+001 -5.000000e+000 -7.949005e+001
      vertex -1.073222e+001 -5.000000e+000 -7.956361e+001
      vertex -1.068221e+001 -5.000000e+000 -7.952221e+001
    endloop
  endfacet
  facet normal  0.000000e+000 -1.000000e+000  0.000000e+000
    outer loop
      vertex -1.929140e+001 -5.000000e+000 -7.949005e+001
      vertex -1.068221e+001 -5.000000e+000 -7.952221e+001
      vertex -1.937985e+001 -5.000000e+000 -7.940439e+001
    endloop
  endfacet
  facet normal  0.000000e+000 -1.000000e+000  0.000000e+000
    outer loop
      vertex -1.937985e+001 -5.000000e+000 -7.940439e+001
      vertex -1.068221e+001 -5.000000e+000 -7.952221e+001
      vertex -1.058735e+001 -5.000000e+000 -7.943606e+001
    endloop
  endfacet
  facet normal  0.000000e+000 -1.000000e+000  0.000000e+000
    outer loop
      vertex -1.937985e+001 -5.000000e+000 -7.940439e+001
      vertex -1.058735e+001 -5.000000e+000 -7.943606e+001
      vertex -1.946306e+001 -5.000000e+000 -7.931364e+001
    endloop
  endfacet
  facet normal  0.000000e+000 -1.000000e+000  0.000000e+000
    outer loop
      vertex -1.946306e+001 -5.000000e+000 -7.931364e+001
      vertex -1.058735e+001 -5.000000e+000 -7.943606e+001
      vertex -1.049829e+001 -5.000000e+000 -7.934488e+001
    endloop
  endfacet
  facet normal  0.000000e+000 -1.000000e+000  0.000000e+000
    outer loop
      vertex -1.946306e+001 -5.000000e+000 -7.931364e+001
      vertex -1.049829e+001 -5.000000e+000 -7.934488e+001
      vertex -1.954082e+001 -5.000000e+000 -7.921817e+001
    endloop
  endfacet
  facet normal  0.000000e+000 -1.000000e+000  0.000000e+000
    outer loop
      vertex -1.954082e+001 -5.000000e+000 -7.921817e+001
      vertex -1.049829e+001 -5.000000e+000 -7.934488e+001
      vertex -1.041518e+001 -5.000000e+000 -7.924911e+001
    endloop
  endfacet
  facet normal  0.000000e+000 -1.000000e+000  0.000000e+000
    outer loop
      vertex -1.954082e+001 -5.000000e+000 -7.921817e+001
      vertex -1.041518e+001 -5.000000e+000 -7.924911e+001
      vertex -1.037352e+001 -5.000000e+000 -7.919660e+001
    endloop
  endfacet
  facet normal  -0.000000e+000 -1.000000e+000  0.000000e+000
    outer loop
      vertex -1.954082e+001 -5.000000e+000 -7.921817e+001
      vertex -1.037352e+001 -5.000000e+000 -7.919660e+001
      vertex -1.961293e+001 -5.000000e+000 -7.911837e+001
    endloop
  endfacet
  facet normal  0.000000e+000 -9.999999e-001  0.000000e+000
    outer loop
      vertex -1.961293e+001 -5.000000e+000 -7.911837e+001
      vertex -1.037352e+001 -5.000000e+000 -7.919660e+001
      vertex -1.033358e+001 -5.000000e+000 -7.914297e+001
    endloop
  endfacet
  facet normal  0.000000e+000 -9.999999e-001  0.000000e+000
    outer loop
      vertex -1.961293e+001 -5.000000e+000 -7.911837e+001
      vertex -1.033358e+001 -5.000000e+000 -7.914297e+001
      vertex -1.967384e+001 -5.000000e+000 -7.902355e+001
    endloop
  endfacet
  facet normal  0.000000e+000 -1.000000e+000  0.000000e+000
    outer loop
      vertex -1.967384e+001 -5.000000e+000 -7.902355e+001
      vertex -1.033358e+001 -5.000000e+000 -7.914297e+001
      vertex -1.029501e+001 -5.000000e+000 -7.908779e+001
    endloop
  endfacet
  facet normal  0.000000e+000 -1.000000e+000  0.000000e+000
    outer loop
      vertex -1.967384e+001 -5.000000e+000 -7.902355e+001
      vertex -1.029501e+001 -5.000000e+000 -7.908779e+001
      vertex -1.025820e+001 -5.000000e+000 -7.903161e+001
    endloop
  endfacet
  facet normal  0.000000e+000 -1.000000e+000  0.000000e+000
    outer loop
      vertex -1.967384e+001 -5.000000e+000 -7.902355e+001
      vertex -1.025820e+001 -5.000000e+000 -7.903161e+001
      vertex -1.972978e+001 -5.000000e+000 -7.892570e+001
    endloop
  endfacet
  facet normal  0.000000e+000 -1.000000e+000  0.000000e+000
    outer loop
      vertex -1.972978e+001 -5.000000e+000 -7.892570e+001
      vertex -1.025820e+001 -5.000000e+000 -7.903161e+001
      vertex -1.019017e+001 -5.000000e+000 -7.891697e+001
    endloop
  endfacet
  facet normal  -0.000000e+000 -1.000000e+000  0.000000e+000
    outer loop
      vertex -1.972978e+001 -5.000000e+000 -7.892570e+001
      vertex -1.019017e+001 -5.000000e+000 -7.891697e+001
      vertex -1.978064e+001 -5.000000e+000 -7.882512e+001
    endloop
  endfacet
  facet normal  0.000000e+000 -1.000000e+000  0.000000e+000
    outer loop
      vertex -1.978064e+001 -5.000000e+000 -7.882512e+001
      vertex -1.019017e+001 -5.000000e+000 -7.891697e+001
      vertex -1.012920e+001 -5.000000e+000 -7.879900e+001
    endloop
  endfacet
  facet normal  -0.000000e+000 -1.000000e+000  0.000000e+000
    outer loop
      vertex -1.978064e+001 -5.000000e+000 -7.882512e+001
      vertex -1.012920e+001 -5.000000e+000 -7.879900e+001
      vertex -1.982635e+001 -5.000000e+000 -7.872208e+001
    endloop
  endfacet
  facet normal  0.000000e+000 -1.000000e+000  0.000000e+000
    outer loop
      vertex -1.982635e+001 -5.000000e+000 -7.872208e+001
      vertex -1.012920e+001 -5.000000e+000 -7.879900e+001
      vertex -1.007531e+001 -5.000000e+000 -7.867815e+001
    endloop
  endfacet
  facet normal  -0.000000e+000 -1.000000e+000  0.000000e+000
    outer loop
      vertex -1.982635e+001 -5.000000e+000 -7.872208e+001
      vertex -1.007531e+001 -5.000000e+000 -7.867815e+001
      vertex -1.986683e+001 -5.000000e+000 -7.861686e+001
    endloop
  endfacet
  facet normal  0.000000e+000 -1.000000e+000  0.000000e+000
    outer loop
      vertex -1.986683e+001 -5.000000e+000 -7.861686e+001
      vertex -1.007531e+001 -5.000000e+000 -7.867815e+001
      vertex -1.002854e+001 -5.000000e+000 -7.855479e+001
    endloop
  endfacet
  facet normal  -0.000000e+000 -1.000000e+000  0.000000e+000
    outer loop
      vertex -1.986683e+001 -5.000000e+000 -7.861686e+001
      vertex -1.002854e+001 -5.000000e+000 -7.855479e+001
      vertex -1.990203e+001 -5.000000e+000 -7.850976e+001
    endloop
  endfacet
  facet normal  0.000000e+000 -1.000000e+000  0.000000e+000
    outer loop
      vertex -1.990203e+001 -5.000000e+000 -7.850976e+001
      vertex -1.002854e+001 -5.000000e+000 -7.855479e+001
      vertex -1.992059e+001 -5.000000e+000 -7.844471e+001
    endloop
  endfacet
  facet normal  0.000000e+000 -9.999999e-001  0.000000e+000
    outer loop
      vertex -1.992059e+001 -5.000000e+000 -7.844471e+001
      vertex -1.002854e+001 -5.000000e+000 -7.855479e+001
      vertex -9.988924e+000 -5.000000e+000 -7.842933e+001
    endloop
  endfacet
  facet normal  -0.000000e+000 -1.000000e+000  0.000000e+000
    outer loop
      vertex -1.992059e+001 -5.000000e+000 -7.844471e+001
      vertex -9.988924e+000 -5.000000e+000 -7.842933e+001
      vertex -1.993722e+001 -5.000000e+000 -7.837914e+001
    endloop
  endfacet
  facet normal  0.000000e+000 -1.000000e+000  0.000000e+000
    outer loop
      vertex -1.993722e+001 -5.000000e+000 -7.837914e+001
      vertex -9.988924e+000 -5.000000e+000 -7.842933e+001
      vertex -9.956476e+000 -5.000000e+000 -7.830212e+001
    endloop
  endfacet
  facet normal  -0.000000e+000 -1.000000e+000  0.000000e+000
    outer loop
      vertex -1.993722e+001 -5.000000e+000 -7.837914e+001
      vertex -9.956476e+000 -5.000000e+000 -7.830212e+001
      vertex -1.996465e+001 -5.000000e+000 -7.824667e+001
    endloop
  endfacet
  facet normal  0.000000e+000 -1.000000e+000  0.000000e+000
    outer loop
      vertex -1.996465e+001 -5.000000e+000 -7.824667e+001
      vertex -9.956476e+000 -5.000000e+000 -7.830212e+001
      vertex -1.998428e+001 -5.000000e+000 -7.811285e+001
    endloop
  endfacet
  facet normal  0.000000e+000 -1.000000e+000  0.000000e+000
    outer loop
      vertex -1.998428e+001 -5.000000e+000 -7.811285e+001
      vertex -9.956476e+000 -5.000000e+000 -7.830212e+001
      vertex -9.931220e+000 -5.000000e+000 -7.817352e+001
    endloop
  endfacet
  facet normal  0.000000e+000 -1.000000e+000  0.000000e+000
    outer loop
      vertex -1.998428e+001 -5.000000e+000 -7.811285e+001
      vertex -9.931220e+000 -5.000000e+000 -7.817352e+001
      vertex -1.999607e+001 -5.000000e+000 -7.797811e+001
    endloop
  endfacet
  facet normal  0.000000e+000 -1.000000e+000  0.000000e+000
    outer loop
      vertex -1.999607e+001 -5.000000e+000 -7.797811e+001
      vertex -9.931220e+000 -5.000000e+000 -7.817352e+001
      vertex -9.895226e+000 -5.000000e+000 -7.798178e+001
    endloop
  endfacet
  facet normal  0.000000e+000 -1.000000e+000  0.000000e+000
    outer loop
      vertex  1.194767e+001 -5.000000e+000 -8.000000e+001
      vertex  1.800000e+001 -5.000000e+000 -8.000000e+001
      vertex  1.186487e+001 -5.000000e+000 -7.999815e+001
    endloop
  endfacet
  facet normal  0.000000e+000 -1.000000e+000  0.000000e+000
    outer loop
      vertex  1.186487e+001 -5.000000e+000 -7.999815e+001
      vertex  1.800000e+001 -5.000000e+000 -8.000000e+001
      vertex  1.811595e+001 -5.000000e+000 -7.999637e+001
    endloop
  endfacet
  facet normal  -0.000000e+000 -1.000000e+000  0.000000e+000
    outer loop
      vertex  1.186487e+001 -5.000000e+000 -7.999815e+001
      vertex  1.811595e+001 -5.000000e+000 -7.999637e+001
      vertex  1.178234e+001 -5.000000e+000 -7.999265e+001
    endloop
  endfacet
  facet normal  0.000000e+000 -1.000000e+000  0.000000e+000
    outer loop
      vertex  1.178234e+001 -5.000000e+000 -7.999265e+001
      vertex  1.811595e+001 -5.000000e+000 -7.999637e+001
      vertex  1.823145e+001 -5.000000e+000 -7.998550e+001
    endloop
  endfacet
  facet normal  -0.000000e+000 -1.000000e+000  0.000000e+000
    outer loop
      vertex  1.178234e+001 -5.000000e+000 -7.999265e+001
      vertex  1.823145e+001 -5.000000e+000 -7.998550e+001
      vertex  1.170025e+001 -5.000000e+000 -7.998351e+001
    endloop
  endfacet
  facet normal  0.000000e+000 -1.000000e+000  0.000000e+000
    outer loop
      vertex  1.170025e+001 -5.000000e+000 -7.998351e+001
      vertex  1.823145e+001 -5.000000e+000 -7.998550e+001
      vertex  1.163942e+001 -5.000000e+000 -7.997436e+001
    endloop
  endfacet
  facet normal  0.000000e+000 -1.000000e+000  0.000000e+000
    outer loop
      vertex  1.163942e+001 -5.000000e+000 -7.997436e+001
      vertex  1.823145e+001 -5.000000e+000 -7.998550e+001
      vertex  1.834603e+001 -5.000000e+000 -7.996747e+001
    endloop
  endfacet
  facet normal  -0.000000e+000 -9.999999e-001  0.000000e+000
    outer loop
      vertex  1.163942e+001 -5.000000e+000 -7.997436e+001
      vertex  1.834603e+001 -5.000000e+000 -7.996747e+001
      vertex  1.157900e+001 -5.000000e+000 -7.996324e+001
    endloop
  endfacet
  facet normal  0.000000e+000 -1.000000e+000  0.000000e+000
    outer loop
      vertex  1.157900e+001 -5.000000e+000 -7.996324e+001
      vertex  1.834603e+001 -5.000000e+000 -7.996747e+001
      vertex  1.151844e+001 -5.000000e+000 -7.995005e+001
    endloop
  endfacet
  facet normal  0.000000e+000 -1.000000e+000  0.000000e+000
    outer loop
      vertex  1.151844e+001 -5.000000e+000 -7.995005e+001
      vertex  1.834603e+001 -5.000000e+000 -7.996747e+001
      vertex  1.845928e+001 -5.000000e+000 -7.994235e+001
    endloop
  endfacet
  facet normal  -0.000000e+000 -1.000000e+000  0.000000e+000
    outer loop
      vertex  1.151844e+001 -5.000000e+000 -7.995005e+001
      vertex  1.845928e+001 -5.000000e+000 -7.994235e+001
      vertex  1.145844e+001 -5.000000e+000 -7.993492e+001
    endloop
  endfacet
  facet normal  0.000000e+000 -1.000000e+000  0.000000e+000
    outer loop
      vertex  1.145844e+001 -5.000000e+000 -7.993492e+001
      vertex  1.845928e+001 -5.000000e+000 -7.994235e+001
      vertex  1.134102e+001 -5.000000e+000 -7.989921e+001
    endloop
  endfacet
  facet normal  0.000000e+000 -1.000000e+000  0.000000e+000
    outer loop
      vertex  1.134102e+001 -5.000000e+000 -7.989921e+001
      vertex  1.845928e+001 -5.000000e+000 -7.994235e+001
      vertex  1.857076e+001 -5.000000e+000 -7.991029e+001
    endloop
  endfacet
  facet normal  0.000000e+000 -1.000000e+000  0.000000e+000
    outer loop
      vertex  1.134102e+001 -5.000000e+000 -7.989921e+001
      vertex  1.857076e+001 -5.000000e+000 -7.991029e+001
      vertex  1.122659e+001 -5.000000e+000 -7.985630e+001
    endloop
  endfacet
  facet normal  0.000000e+000 -1.000000e+000  0.000000e+000
    outer loop
      vertex  1.122659e+001 -5.000000e+000 -7.985630e+001
      vertex  1.857076e+001 -5.000000e+000 -7.991029e+001
      vertex  1.868007e+001 -5.000000e+000 -7.987147e+001
    endloop
  endfacet
  facet normal  0.000000e+000 -9.999999e-001  0.000000e+000
    outer loop
      vertex  1.122659e+001 -5.000000e+000 -7.985630e+001
      vertex  1.868007e+001 -5.000000e+000 -7.987147e+001
      vertex  1.111556e+001 -5.000000e+000 -7.980657e+001
    endloop
  endfacet
  facet normal  0.000000e+000 -9.999999e-001  0.000000e+000
    outer loop
      vertex  1.111556e+001 -5.000000e+000 -7.980657e+001
      vertex  1.868007e+001 -5.000000e+000 -7.987147e+001
      vertex  1.878682e+001 -5.000000e+000 -7.982606e+001
    endloop
  endfacet
  facet normal  0.000000e+000 -1.000000e+000  0.000000e+000
    outer loop
      vertex  1.111556e+001 -5.000000e+000 -7.980657e+001
      vertex  1.878682e+001 -5.000000e+000 -7.982606e+001
      vertex  1.103780e+001 -5.000000e+000 -7.976669e+001
    endloop
  endfacet
  facet normal  0.000000e+000 -1.000000e+000  0.000000e+000
    outer loop
      vertex  1.103780e+001 -5.000000e+000 -7.976669e+001
      vertex  1.878682e+001 -5.000000e+000 -7.982606e+001
      vertex  1.889065e+001 -5.000000e+000 -7.977431e+001
    endloop
  endfacet
  facet normal  0.000000e+000 -1.000000e+000  0.000000e+000
    outer loop
      vertex  1.103780e+001 -5.000000e+000 -7.976669e+001
      vertex  1.889065e+001 -5.000000e+000 -7.977431e+001
      vertex  1.096212e+001 -5.000000e+000 -7.972359e+001
    endloop
  endfacet
  facet normal  0.000000e+000 -1.000000e+000  0.000000e+000
    outer loop
      vertex  1.096212e+001 -5.000000e+000 -7.972359e+001
      vertex  1.889065e+001 -5.000000e+000 -7.977431e+001
      vertex  1.899726e+001 -5.000000e+000 -7.971272e+001
    endloop
  endfacet
  facet normal  -0.000000e+000 -1.000000e+000  0.000000e+000
    outer loop
      vertex  1.096212e+001 -5.000000e+000 -7.972359e+001
      vertex  1.899726e+001 -5.000000e+000 -7.971272e+001
      vertex  1.088863e+001 -5.000000e+000 -7.967744e+001
    endloop
  endfacet
  facet normal  0.000000e+000 -1.000000e+000  0.000000e+000
    outer loop
      vertex  1.088863e+001 -5.000000e+000 -7.967744e+001
      vertex  1.899726e+001 -5.000000e+000 -7.971272e+001
      vertex  1.909981e+001 -5.000000e+000 -7.964458e+001
    endloop
  endfacet
  facet normal  -0.000000e+000 -1.000000e+000  0.000000e+000
    outer loop
      vertex  1.088863e+001 -5.000000e+000 -7.967744e+001
      vertex  1.909981e+001 -5.000000e+000 -7.964458e+001
      vertex  1.083548e+001 -5.000000e+000 -7.964126e+001
    endloop
  endfacet
  facet normal  0.000000e+000 -9.999999e-001  0.000000e+000
    outer loop
      vertex  1.083548e+001 -5.000000e+000 -7.964126e+001
      vertex  1.909981e+001 -5.000000e+000 -7.964458e+001
      vertex  1.078364e+001 -5.000000e+000 -7.960353e+001
    endloop
  endfacet
  facet normal  0.000000e+000 -1.000000e+000  0.000000e+000
    outer loop
      vertex  1.078364e+001 -5.000000e+000 -7.960353e+001
      vertex  1.909981e+001 -5.000000e+000 -7.964458e+001
      vertex  1.919796e+001 -5.000000e+000 -7.957024e+001
    endloop
  endfacet
  facet normal  -0.000000e+000 -1.000000e+000  0.000000e+000
    outer loop
      vertex  1.078364e+001 -5.000000e+000 -7.960353e+001
      vertex  1.919796e+001 -5.000000e+000 -7.957024e+001
      vertex  1.073222e+001 -5.000000e+000 -7.956361e+001
    endloop
  endfacet
  facet normal  0.000000e+000 -1.000000e+000  0.000000e+000
    outer loop
      vertex  1.073222e+001 -5.000000e+000 -7.956361e+001
      vertex  1.919796e+001 -5.000000e+000 -7.957024e+001
      vertex  1.068221e+001 -5.000000e+000 -7.952221e+001
    endloop
  endfacet
  facet normal  0.000000e+000 -1.000000e+000  0.000000e+000
    outer loop
      vertex  1.068221e+001 -5.000000e+000 -7.952221e+001
      vertex  1.919796e+001 -5.000000e+000 -7.957024e+001
      vertex  1.929140e+001 -5.000000e+000 -7.949005e+001
    endloop
  endfacet
  facet normal  -0.000000e+000 -1.000000e+000  0.000000e+000
    outer loop
      vertex  1.068221e+001 -5.000000e+000 -7.952221e+001
      vertex  1.929140e+001 -5.000000e+000 -7.949005e+001
      vertex  1.058735e+001 -5.000000e+000 -7.943606e+001
    endloop
  endfacet
  facet normal  0.000000e+000 -1.000000e+000  0.000000e+000
    outer loop
      vertex  1.058735e+001 -5.000000e+000 -7.943606e+001
      vertex  1.929140e+001 -5.000000e+000 -7.949005e+001
      vertex  1.937985e+001 -5.000000e+000 -7.940439e+001
    endloop
  endfacet
  facet normal  -0.000000e+000 -1.000000e+000  0.000000e+000
    outer loop
      vertex  1.058735e+001 -5.000000e+000 -7.943606e+001
      vertex  1.937985e+001 -5.000000e+000 -7.940439e+001
      vertex  1.049829e+001 -5.000000e+000 -7.934488e+001
    endloop
  endfacet
  facet normal  0.000000e+000 -1.000000e+000  0.000000e+000
    outer loop
      vertex  1.049829e+001 -5.000000e+000 -7.934488e+001
      vertex  1.937985e+001 -5.000000e+000 -7.940439e+001
      vertex  1.946306e+001 -5.000000e+000 -7.931364e+001
    endloop
  endfacet
  facet normal  -0.000000e+000 -1.000000e+000  0.000000e+000
    outer loop
      vertex  1.049829e+001 -5.000000e+000 -7.934488e+001
      vertex  1.946306e+001 -5.000000e+000 -7.931364e+001
      vertex  1.041518e+001 -5.000000e+000 -7.924911e+001
    endloop
  endfacet
  facet normal  0.000000e+000 -1.000000e+000  0.000000e+000
    outer loop
      vertex  1.041518e+001 -5.000000e+000 -7.924911e+001
      vertex  1.946306e+001 -5.000000e+000 -7.931364e+001
      vertex  1.954082e+001 -5.000000e+000 -7.921817e+001
    endloop
  endfacet
  facet normal  -0.000000e+000 -1.000000e+000  0.000000e+000
    outer loop
      vertex  1.041518e+001 -5.000000e+000 -7.924911e+001
      vertex  1.954082e+001 -5.000000e+000 -7.921817e+001
      vertex  1.037352e+001 -5.000000e+000 -7.919659e+001
    endloop
  endfacet
  facet normal  0.000000e+000 -1.000000e+000  0.000000e+000
    outer loop
      vertex  1.037352e+001 -5.000000e+000 -7.919659e+001
      vertex  1.954082e+001 -5.000000e+000 -7.921817e+001
      vertex  1.033358e+001 -5.000000e+000 -7.914297e+001
    endloop
  endfacet
  facet normal  0.000000e+000 -1.000000e+000  0.000000e+000
    outer loop
      vertex  1.033358e+001 -5.000000e+000 -7.914297e+001
      vertex  1.954082e+001 -5.000000e+000 -7.921817e+001
      vertex  1.961293e+001 -5.000000e+000 -7.911837e+001
    endloop
  endfacet
  facet normal  -0.000000e+000 -1.000000e+000  0.000000e+000
    outer loop
      vertex  1.033358e+001 -5.000000e+000 -7.914297e+001
      vertex  1.961293e+001 -5.000000e+000 -7.911837e+001
      vertex  1.029501e+001 -5.000000e+000 -7.908779e+001
    endloop
  endfacet
  facet normal  0.000000e+000 -1.000000e+000  0.000000e+000
    outer loop
      vertex  1.029501e+001 -5.000000e+000 -7.908779e+001
      vertex  1.961293e+001 -5.000000e+000 -7.911837e+001
      vertex  1.967384e+001 -5.000000e+000 -7.902355e+001
    endloop
  endfacet
  facet normal  0.000000e+000 -1.000000e+000  0.000000e+000
    outer loop
      vertex  1.029501e+001 -5.000000e+000 -7.908779e+001
      vertex  1.967384e+001 -5.000000e+000 -7.902355e+001
      vertex  1.025820e+001 -5.000000e+000 -7.903160e+001
    endloop
  endfacet
  facet normal  -0.000000e+000 -1.000000e+000  0.000000e+000
    outer loop
      vertex  1.025820e+001 -5.000000e+000 -7.903160e+001
      vertex  1.967384e+001 -5.000000e+000 -7.902355e+001
      vertex  1.019017e+001 -5.000000e+000 -7.891696e+001
    endloop
  endfacet
  facet normal  0.000000e+000 -1.000000e+000  0.000000e+000
    outer loop
      vertex  1.019017e+001 -5.000000e+000 -7.891696e+001
      vertex  1.967384e+001 -5.000000e+000 -7.902355e+001
      vertex  1.972978e+001 -5.000000e+000 -7.892570e+001
    endloop
  endfacet
  facet normal  0.000000e+000 -1.000000e+000  0.000000e+000
    outer loop
      vertex  1.019017e+001 -5.000000e+000 -7.891696e+001
      vertex  1.972978e+001 -5.000000e+000 -7.892570e+001
      vertex  1.012920e+001 -5.000000e+000 -7.879900e+001
    endloop
  endfacet
  facet normal  0.000000e+000 -9.999999e-001  0.000000e+000
    outer loop
      vertex  1.012920e+001 -5.000000e+000 -7.879900e+001
      vertex  1.972978e+001 -5.000000e+000 -7.892570e+001
      vertex  1.978064e+001 -5.000000e+000 -7.882512e+001
    endloop
  endfacet
  facet normal  0.000000e+000 -9.999999e-001  0.000000e+000
    outer loop
      vertex  1.012920e+001 -5.000000e+000 -7.879900e+001
      vertex  1.978064e+001 -5.000000e+000 -7.882512e+001
      vertex  1.007531e+001 -5.000000e+000 -7.867814e+001
    endloop
  endfacet
  facet normal  0.000000e+000 -1.000000e+000  0.000000e+000
    outer loop
      vertex  1.007531e+001 -5.000000e+000 -7.867814e+001
      vertex  1.978064e+001 -5.000000e+000 -7.882512e+001
      vertex  1.982635e+001 -5.000000e+000 -7.872208e+001
    endloop
  endfacet
  facet normal  0.000000e+000 -9.999999e-001  0.000000e+000
    outer loop
      vertex  1.007531e+001 -5.000000e+000 -7.867814e+001
      vertex  1.982635e+001 -5.000000e+000 -7.872208e+001
      vertex  1.002854e+001 -5.000000e+000 -7.855478e+001
    endloop
  endfacet
  facet normal  0.000000e+000 -1.000000e+000  0.000000e+000
    outer loop
      vertex  1.002854e+001 -5.000000e+000 -7.855478e+001
      vertex  1.982635e+001 -5.000000e+000 -7.872208e+001
      vertex  1.986683e+001 -5.000000e+000 -7.861686e+001
    endloop
  endfacet
  facet normal  0.000000e+000 -1.000000e+000  0.000000e+000
    outer loop
      vertex  1.002854e+001 -5.000000e+000 -7.855478e+001
      vertex  1.986683e+001 -5.000000e+000 -7.861686e+001
      vertex  1.990203e+001 -5.000000e+000 -7.850976e+001
    endloop
  endfacet
  facet normal  -0.000000e+000 -1.000000e+000  0.000000e+000
    outer loop
      vertex  1.002854e+001 -5.000000e+000 -7.855478e+001
      vertex  1.990203e+001 -5.000000e+000 -7.850976e+001
      vertex  9.988922e+000 -5.000000e+000 -7.842931e+001
    endloop
  endfacet
  facet normal  0.000000e+000 -1.000000e+000  0.000000e+000
    outer loop
      vertex  9.988922e+000 -5.000000e+000 -7.842931e+001
      vertex  1.990203e+001 -5.000000e+000 -7.850976e+001
      vertex  1.992059e+001 -5.000000e+000 -7.844471e+001
    endloop
  endfacet
  facet normal  0.000000e+000 -9.999999e-001  0.000000e+000
    outer loop
      vertex  9.988922e+000 -5.000000e+000 -7.842931e+001
      vertex  1.992059e+001 -5.000000e+000 -7.844471e+001
      vertex  9.956474e+000 -5.000000e+000 -7.830211e+001
    endloop
  endfacet
  facet normal  0.000000e+000 -1.000000e+000  0.000000e+000
    outer loop
      vertex  9.956474e+000 -5.000000e+000 -7.830211e+001
      vertex  1.992059e+001 -5.000000e+000 -7.844471e+001
      vertex  1.993722e+001 -5.000000e+000 -7.837914e+001
    endloop
  endfacet
  facet normal  0.000000e+000 -1.000000e+000  0.000000e+000
    outer loop
      vertex  9.956474e+000 -5.000000e+000 -7.830211e+001
      vertex  1.993722e+001 -5.000000e+000 -7.837914e+001
      vertex  1.996465e+001 -5.000000e+000 -7.824667e+001
    endloop
  endfacet
  facet normal  -0.000000e+000 -9.999999e-001  0.000000e+000
    outer loop
      vertex  9.956474e+000 -5.000000e+000 -7.830211e+001
      vertex  1.996465e+001 -5.000000e+000 -7.824667e+001
      vertex  9.931219e+000 -5.000000e+000 -7.817352e+001
    endloop
  endfacet
  facet normal  0.000000e+000 -1.000000e+000  0.000000e+000
    outer loop
      vertex  9.931219e+000 -5.000000e+000 -7.817352e+001
      vertex  1.996465e+001 -5.000000e+000 -7.824667e+001
      vertex  1.998428e+001 -5.000000e+000 -7.811285e+001
    endloop
  endfacet
  facet normal  -0.000000e+000 -1.000000e+000  0.000000e+000
    outer loop
      vertex  9.931219e+000 -5.000000e+000 -7.817352e+001
      vertex  1.998428e+001 -5.000000e+000 -7.811285e+001
      vertex  9.895224e+000 -5.000000e+000 -7.798177e+001
    endloop
  endfacet
  facet normal  0.000000e+000 -1.000000e+000  0.000000e+000
    outer loop
      vertex  9.895224e+000 -5.000000e+000 -7.798177e+001
      vertex  1.998428e+001 -5.000000e+000 -7.811285e+001
      vertex  1.999607e+001 -5.000000e+000 -7.797811e+001
    endloop
  endfacet
  facet normal  -0.000000e+000 -1.000000e+000  0.000000e+000
    outer loop
      vertex  9.895224e+000 -5.000000e+000 -7.798177e+001
      vertex  1.999607e+001 -5.000000e+000 -7.797811e+001
      vertex  9.851776e+000 -5.000000e+000 -7.779159e+001
    endloop
  endfacet
  facet normal  0.000000e+000 -1.000000e+000  0.000000e+000
    outer loop
      vertex  9.851776e+000 -5.000000e+000 -7.779159e+001
      vertex  1.999607e+001 -5.000000e+000 -7.797811e+001
      vertex  2.000000e+001 -5.000000e+000 -7.784293e+001
    endloop
  endfacet
  facet normal -1.000000e+000  0.000000e+000  0.000000e+000
    outer loop
      vertex  1.900000e+001 -3.800000e+000 -1.400000e+001
      vertex  1.900000e+001 -3.800000e+000 -7.300000e+001
      vertex  1.900000e+001 -5.000000e+000 -1.400000e+001
    endloop
  endfacet
  facet normal -1.000000e+000  0.000000e+000  0.000000e+000
    outer loop
      vertex  1.900000e+001 -5.000000e+000 -1.400000e+001
      vertex  1.900000e+001 -3.800000e+000 -7.300000e+001
      vertex  1.900000e+001 -5.000000e+000 -7.300000e+001
    endloop
  endfacet
  facet normal  -0.000000e+000  0.000000e+000  1.000000e+000
    outer loop
      vertex  1.900000e+001 -3.800000e+000 -7.300000e+001
      vertex -1.900000e+001 -3.800000e+000 -7.300000e+001
      vertex  1.900000e+001 -5.000000e+000 -7.300000e+001
    endloop
  endfacet
  facet normal  0.000000e+000  0.000000e+000  1.000000e+000
    outer loop
      vertex  1.900000e+001 -5.000000e+000 -7.300000e+001
      vertex -1.900000e+001 -3.800000e+000 -7.300000e+001
      vertex -1.900000e+001 -5.000000e+000 -7.300000e+001
    endloop
  endfacet
  facet normal  1.000000e+000  0.000000e+000  0.000000e+000
    outer loop
      vertex -1.900000e+001 -3.800000e+000 -7.300000e+001
      vertex -1.900000e+001 -3.800000e+000 -1.400000e+001
      vertex -1.900000e+001 -5.000000e+000 -7.300000e+001
    endloop
  endfacet
  facet normal  1.000000e+000  0.000000e+000  0.000000e+000
    outer loop
      vertex -1.900000e+001 -5.000000e+000 -7.300000e+001
      vertex -1.900000e+001 -3.800000e+000 -1.400000e+001
      vertex -1.900000e+001 -5.000000e+000 -1.400000e+001
    endloop
  endfacet
  facet normal  -0.000000e+000  0.000000e+000 -1.000000e+000
    outer loop
      vertex -1.900000e+001 -3.800000e+000 -1.400000e+001
      vertex  1.900000e+001 -3.800000e+000 -1.400000e+001
      vertex -1.900000e+001 -5.000000e+000 -1.400000e+001
    endloop
  endfacet
  facet normal  0.000000e+000  0.000000e+000 -1.000000e+000
    outer loop
      vertex -1.900000e+001 -5.000000e+000 -1.400000e+001
      vertex  1.900000e+001 -3.800000e+000 -1.400000e+001
      vertex  1.900000e+001 -5.000000e+000 -1.400000e+001
    endloop
  endfacet
  facet normal  0.000000e+000 -1.000000e+000  0.000000e+000
    outer loop
      vertex -1.900000e+001 -3.800000e+000 -7.300000e+001
      vertex  1.900000e+001 -3.800000e+000 -7.300000e+001
      vertex -1.900000e+001 -3.800000e+000 -1.400000e+001
    endloop
  endfacet
  facet normal  0.000000e+000 -1.000000e+000  0.000000e+000
    outer loop
      vertex -1.900000e+001 -3.800000e+000 -1.400000e+001
      vertex  1.900000e+001 -3.800000e+000 -7.300000e+001
      vertex  1.900000e+001 -3.800000e+000 -1.400000e+001
    endloop
  endfacet
  facet normal  0.000000e+000  1.000000e+000  0.000000e+000
    outer loop
      vertex -1.250000e+001  0.000000e+000 -1.100000e+001
      vertex -1.961940e+001  0.000000e+000 -1.108658e+001
      vertex -1.954072e+001  0.000000e+000 -1.090670e+001
    endloop
  endfacet
  facet normal  0.000000e+000  1.000000e+000  0.000000e+000
    outer loop
      vertex  3.100000e+000  0.000000e+000 -1.300000e+001
      vertex  5.100000e+000  0.000000e+000 -4.550334e+001
      vertex  3.100000e+000  0.000000e+000 -4.550334e+001
    endloop
  endfacet
  facet normal  0.000000e+000  1.000000e+000  0.000000e+000
    outer loop
      vertex  1.250000e+001  0.000000e+000 -1.100000e+001
      vertex  3.100000e+000  0.000000e+000 -1.100000e+001
      vertex  1.954072e+001  0.000000e+000 -1.090670e+001
    endloop
  endfacet
  facet normal  0.000000e+000  1.000000e+000  0.000000e+000
    outer loop
      vertex  1.250000e+001  0.000000e+000 -1.100000e+001
      vertex  1.954072e+001  0.000000e+000 -1.090670e+001
      vertex  1.961940e+001  0.000000e+000 -1.108658e+001
    endloop
  endfacet
  facet normal  0.000000e+000  1.000000e+000  0.000000e+000
    outer loop
      vertex  1.250000e+001  0.000000e+000 -1.100000e+001
      vertex  1.961940e+001  0.000000e+000 -1.108658e+001
      vertex  1.250000e+001  0.000000e+000 -1.300000e+001
    endloop
  endfacet
  facet normal  2.569788e-015  1.000000e+000  2.100750e-015
    outer loop
      vertex -3.100000e+000 -8.403001e-015 -7.000000e+000
      vertex -3.100000e+000  0.000000e+000 -1.100000e+001
      vertex -6.311344e+000  0.000000e+000 -7.071653e+000
    endloop
  endfacet
  facet normal  2.651652e-015  9.999999e-001 -1.568188e-015
    outer loop
      vertex -3.100000e+000 -8.403001e-015 -7.000000e+000
      vertex -6.311344e+000  0.000000e+000 -7.071653e+000
      vertex -6.247386e+000  0.000000e+000 -6.963507e+000
    endloop
  endfacet
  facet normal  2.654154e-015  1.000000e+000 -1.352361e-015
    outer loop
      vertex -3.100000e+000 -8.403001e-015 -7.000000e+000
      vertex -6.247386e+000  0.000000e+000 -6.963507e+000
      vertex -6.190346e+000  0.000000e+000 -6.851559e+000
    endloop
  endfacet
  facet normal  2.663745e-015  1.000000e+000 -1.152697e-015
    outer loop
      vertex -3.100000e+000 -8.403001e-015 -7.000000e+000
      vertex -6.190346e+000  0.000000e+000 -6.851559e+000
      vertex -6.140447e+000  0.000000e+000 -6.736249e+000
    endloop
  endfacet
  facet normal  2.680038e-015  9.999999e-001 -9.648742e-016
    outer loop
      vertex -3.100000e+000 -8.403001e-015 -7.000000e+000
      vertex -6.140447e+000  0.000000e+000 -6.736249e+000
      vertex -6.097887e+000  0.000000e+000 -6.618034e+000
    endloop
  endfacet
  facet normal  2.702921e-015  9.999999e-001 -7.852711e-016
    outer loop
      vertex -3.100000e+000 -8.403001e-015 -7.000000e+000
      vertex -6.097887e+000  0.000000e+000 -6.618034e+000
      vertex -6.062834e+000  0.000000e+000 -6.497380e+000
    endloop
  endfacet
  facet normal  2.732521e-015  1.000000e+000 -6.107891e-016
    outer loop
      vertex -3.100000e+000 -8.403001e-015 -7.000000e+000
      vertex -6.062834e+000  0.000000e+000 -6.497380e+000
      vertex -6.035426e+000  0.000000e+000 -6.374763e+000
    endloop
  endfacet
  facet normal  2.769195e-015  1.000000e+000 -4.386056e-016
    outer loop
      vertex -3.100000e+000 -8.403001e-015 -7.000000e+000
      vertex -6.035426e+000  0.000000e+000 -6.374763e+000
      vertex -6.015770e+000  0.000000e+000 -6.250667e+000
    endloop
  endfacet
  facet normal  2.813567e-015  1.000000e+000 -2.659515e-016
    outer loop
      vertex -3.100000e+000 -8.403001e-015 -7.000000e+000
      vertex -6.015770e+000  0.000000e+000 -6.250667e+000
      vertex -6.003947e+000  0.000000e+000 -6.125581e+000
    endloop
  endfacet
  facet normal  2.866521e-015  1.000000e+000 -9.008932e-017
    outer loop
      vertex -3.100000e+000 -8.403001e-015 -7.000000e+000
      vertex -6.003947e+000  0.000000e+000 -6.125581e+000
      vertex -6.000000e+000  0.000000e+000 -6.000000e+000
    endloop
  endfacet
  facet normal  2.897586e-015  1.000000e+000  -0.000000e+000
    outer loop
      vertex -3.100000e+000 -8.403001e-015 -7.000000e+000
      vertex -6.000000e+000  0.000000e+000 -6.000000e+000
      vertex -6.000000e+000  0.000000e+000 -4.582576e+000
    endloop
  endfacet
  facet normal -1.355323e-015  9.999999e-001 -5.101892e-015
    outer loop
      vertex -3.100000e+000 -8.403001e-015 -7.000000e+000
      vertex -6.000000e+000  0.000000e+000 -4.582576e+000
      vertex  3.100000e+000  0.000000e+000 -7.000000e+000
    endloop
  endfacet
  facet normal  -0.000000e+000  9.999999e-001  0.000000e+000
    outer loop
      vertex  3.100000e+000  0.000000e+000 -7.000000e+000
      vertex -6.000000e+000  0.000000e+000 -4.582576e+000
      vertex  6.000000e+000  0.000000e+000 -4.582576e+000
    endloop
  endfacet
  facet normal  0.000000e+000  1.000000e+000  0.000000e+000
    outer loop
      vertex  3.100000e+000  0.000000e+000 -7.000000e+000
      vertex  6.000000e+000  0.000000e+000 -4.582576e+000
      vertex  6.000000e+000  0.000000e+000 -6.000000e+000
    endloop
  endfacet
  facet normal  0.000000e+000  1.000000e+000  0.000000e+000
    outer loop
      vertex  3.100000e+000  0.000000e+000 -7.000000e+000
      vertex  6.000000e+000  0.000000e+000 -6.000000e+000
      vertex  6.003947e+000  0.000000e+000 -6.125581e+000
    endloop
  endfacet
  facet normal  0.000000e+000  1.000000e+000  0.000000e+000
    outer loop
      vertex  3.100000e+000  0.000000e+000 -7.000000e+000
      vertex  6.003947e+000  0.000000e+000 -6.125581e+000
      vertex  6.015770e+000  0.000000e+000 -6.250667e+000
    endloop
  endfacet
  facet normal  0.000000e+000  1.000000e+000  0.000000e+000
    outer loop
      vertex  3.100000e+000  0.000000e+000 -7.000000e+000
      vertex  6.015770e+000  0.000000e+000 -6.250667e+000
      vertex  6.035426e+000  0.000000e+000 -6.374763e+000
    endloop
  endfacet
  facet normal  0.000000e+000  1.000000e+000  0.000000e+000
    outer loop
      vertex  3.100000e+000  0.000000e+000 -7.000000e+000
      vertex  6.035426e+000  0.000000e+000 -6.374763e+000
      vertex  6.062834e+000  0.000000e+000 -6.497380e+000
    endloop
  endfacet
  facet normal  0.000000e+000  9.999999e-001  0.000000e+000
    outer loop
      vertex  3.100000e+000  0.000000e+000 -7.000000e+000
      vertex  6.062834e+000  0.000000e+000 -6.497380e+000
      vertex  6.097887e+000  0.000000e+000 -6.618034e+000
    endloop
  endfacet
  facet normal  0.000000e+000  9.999999e-001  0.000000e+000
    outer loop
      vertex  3.100000e+000  0.000000e+000 -7.000000e+000
      vertex  6.097887e+000  0.000000e+000 -6.618034e+000
      vertex  6.140447e+000  0.000000e+000 -6.736249e+000
    endloop
  endfacet
  facet normal  0.000000e+000  1.000000e+000  0.000000e+000
    outer loop
      vertex  3.100000e+000  0.000000e+000 -7.000000e+000
      vertex  6.140447e+000  0.000000e+000 -6.736249e+000
      vertex  6.190346e+000  0.000000e+000 -6.851559e+000
    endloop
  endfacet
  facet normal  0.000000e+000  1.000000e+000  0.000000e+000
    outer loop
      vertex  3.100000e+000  0.000000e+000 -7.000000e+000
      vertex  6.190346e+000  0.000000e+000 -6.851559e+000
      vertex  6.247386e+000  0.000000e+000 -6.963507e+000
    endloop
  endfacet
  facet normal  0.000000e+000  9.999999e-001  0.000000e+000
    outer loop
      vertex  3.100000e+000  0.000000e+000 -7.000000e+000
      vertex  6.247386e+000  0.000000e+000 -6.963507e+000
      vertex  6.311344e+000  0.000000e+000 -7.071653e+000
    endloop
  endfacet
  facet normal  0.000000e+000  1.000000e+000  0.000000e+000
    outer loop
      vertex  3.100000e+000  0.000000e+000 -7.000000e+000
      vertex  6.311344e+000  0.000000e+000 -7.071653e+000
      vertex  3.100000e+000  0.000000e+000 -1.100000e+001
    endloop
  endfacet
  facet normal  0.000000e+000  1.000000e+000  0.000000e+000
    outer loop
      vertex -3.100000e+000  0.000000e+000 -5.000000e+001
      vertex  3.100000e+000  0.000000e+000 -5.000000e+001
      vertex  5.000000e+000  0.000000e+000 -7.400000e+001
    endloop
  endfacet
  facet normal  0.000000e+000  1.000000e+000  0.000000e+000
    outer loop
      vertex -3.100000e+000  0.000000e+000 -5.000000e+001
      vertex  5.000000e+000  0.000000e+000 -7.400000e+001
      vertex -5.000000e+000  0.000000e+000 -7.400000e+001
    endloop
  endfacet
  facet normal  0.000000e+000  9.999999e-001  -0.000000e+000
    outer loop
      vertex -3.100000e+000  0.000000e+000 -5.000000e+001
      vertex -5.000000e+000  0.000000e+000 -7.400000e+001
      vertex -5.196320e+000  0.000000e+000 -7.400385e+001
    endloop
  endfacet
  facet normal  0.000000e+000  1.000000e+000  -0.000000e+000
    outer loop
      vertex -3.100000e+000  0.000000e+000 -5.000000e+001
      vertex -5.196320e+000  0.000000e+000 -7.400385e+001
      vertex -5.392337e+000  0.000000e+000 -7.401542e+001
    endloop
  endfacet
  facet normal  0.000000e+000  1.000000e+000  -0.000000e+000
    outer loop
      vertex -3.100000e+000  0.000000e+000 -5.000000e+001
      vertex -5.392337e+000  0.000000e+000 -7.401542e+001
      vertex -5.587749e+000  0.000000e+000 -7.403467e+001
    endloop
  endfacet
  facet normal  0.000000e+000  1.000000e+000  -0.000000e+000
    outer loop
      vertex -3.100000e+000  0.000000e+000 -5.000000e+001
      vertex -5.587749e+000  0.000000e+000 -7.403467e+001
      vertex -2.000000e+001  0.000000e+000 -7.582280e+001
    endloop
  endfacet
  facet normal  0.000000e+000  1.000000e+000  0.000000e+000
    outer loop
      vertex  3.100000e+000  0.000000e+000 -5.000000e+001
      vertex  2.000000e+001  0.000000e+000 -7.582280e+001
      vertex  5.587749e+000  0.000000e+000 -7.403467e+001
    endloop
  endfacet
  facet normal  0.000000e+000  1.000000e+000  0.000000e+000
    outer loop
      vertex  3.100000e+000  0.000000e+000 -5.000000e+001
      vertex  5.587749e+000  0.000000e+000 -7.403467e+001
      vertex  5.392337e+000  0.000000e+000 -7.401542e+001
    endloop
  endfacet
  facet normal  0.000000e+000  1.000000e+000  0.000000e+000
    outer loop
      vertex  3.100000e+000  0.000000e+000 -5.000000e+001
      vertex  5.392337e+000  0.000000e+000 -7.401542e+001
      vertex  5.196320e+000  0.000000e+000 -7.400385e+001
    endloop
  endfacet
  facet normal  0.000000e+000  9.999999e-001  0.000000e+000
    outer loop
      vertex  3.100000e+000  0.000000e+000 -5.000000e+001
      vertex  5.196320e+000  0.000000e+000 -7.400385e+001
      vertex  5.000000e+000  0.000000e+000 -7.400000e+001
    endloop
  endfacet
  facet normal  -0.000000e+000  9.999999e-001  0.000000e+000
    outer loop
      vertex  2.000000e+001  0.000000e+000 -7.582280e+001
      vertex  3.100000e+000  0.000000e+000 -5.000000e+001
      vertex  3.100000e+000  0.000000e+000 -4.849666e+001
    endloop
  endfacet
  facet normal  -0.000000e+000  9.999999e-001  0.000000e+000
    outer loop
      vertex  2.000000e+001  0.000000e+000 -7.582280e+001
      vertex  3.100000e+000  0.000000e+000 -4.849666e+001
      vertex  5.100000e+000  0.000000e+000 -4.849666e+001
    endloop
  endfacet
  facet normal  -0.000000e+000  1.000000e+000  0.000000e+000
    outer loop
      vertex  2.000000e+001  0.000000e+000 -7.582280e+001
      vertex  5.100000e+000  0.000000e+000 -4.849666e+001
      vertex  5.100000e+000  0.000000e+000 -4.550334e+001
    endloop
  endfacet
  facet normal  -0.000000e+000  1.000000e+000  -0.000000e+000
    outer loop
      vertex  2.000000e+001  0.000000e+000 -7.582280e+001
      vertex  5.100000e+000  0.000000e+000 -4.550334e+001
      vertex  3.100000e+000  0.000000e+000 -1.300000e+001
    endloop
  endfacet
  facet normal  -0.000000e+000  1.000000e+000  0.000000e+000
    outer loop
      vertex  2.000000e+001  0.000000e+000 -7.582280e+001
      vertex  3.100000e+000  0.000000e+000 -1.300000e+001
      vertex  1.250000e+001  0.000000e+000 -1.300000e+001
    endloop
  endfacet
  facet normal  -0.000000e+000  1.000000e+000  0.000000e+000
    outer loop
      vertex  2.000000e+001  0.000000e+000 -7.582280e+001
      vertex  1.250000e+001  0.000000e+000 -1.300000e+001
      vertex  2.000000e+001  0.000000e+000 -1.300000e+001
    endloop
  endfacet
  facet normal  0.000000e+000  1.000000e+000  -0.000000e+000
    outer loop
      vertex -3.100000e+000  0.000000e+000 -1.100000e+001
      vertex -1.250000e+001  0.000000e+000 -1.100000e+001
      vertex -1.954072e+001  0.000000e+000 -1.090670e+001
    endloop
  endfacet
  facet normal  -0.000000e+000  1.000000e+000  0.000000e+000
    outer loop
      vertex -3.100000e+000  0.000000e+000 -1.100000e+001
      vertex -1.954072e+001  0.000000e+000 -1.090670e+001
      vertex -1.945503e+001  0.000000e+000 -1.073005e+001
    endloop
  endfacet
  facet normal  -0.000000e+000  9.999999e-001  0.000000e+000
    outer loop
      vertex -3.100000e+000  0.000000e+000 -1.100000e+001
      vertex -1.945503e+001  0.000000e+000 -1.073005e+001
      vertex -1.936248e+001  0.000000e+000 -1.055689e+001
    endloop
  endfacet
  facet normal  -0.000000e+000  9.999999e-001  0.000000e+000
    outer loop
      vertex -3.100000e+000  0.000000e+000 -1.100000e+001
      vertex -1.936248e+001  0.000000e+000 -1.055689e+001
      vertex -1.926320e+001  0.000000e+000 -1.038751e+001
    endloop
  endfacet
  facet normal  -0.000000e+000  1.000000e+000  0.000000e+000
    outer loop
      vertex -3.100000e+000  0.000000e+000 -1.100000e+001
      vertex -1.926320e+001  0.000000e+000 -1.038751e+001
      vertex -1.915735e+001  0.000000e+000 -1.022215e+001
    endloop
  endfacet
  facet normal  -0.000000e+000  1.000000e+000  0.000000e+000
    outer loop
      vertex -3.100000e+000  0.000000e+000 -1.100000e+001
      vertex -1.915735e+001  0.000000e+000 -1.022215e+001
      vertex -1.904509e+001  0.000000e+000 -1.006107e+001
    endloop
  endfacet
  facet normal  -0.000000e+000  9.999999e-001  0.000000e+000
    outer loop
      vertex -3.100000e+000  0.000000e+000 -1.100000e+001
      vertex -1.904509e+001  0.000000e+000 -1.006107e+001
      vertex -1.892658e+001  0.000000e+000 -9.904531e+000
    endloop
  endfacet
  facet normal  -0.000000e+000  1.000000e+000  0.000000e+000
    outer loop
      vertex -3.100000e+000  0.000000e+000 -1.100000e+001
      vertex -1.892658e+001  0.000000e+000 -9.904531e+000
      vertex -1.880203e+001  0.000000e+000 -9.752760e+000
    endloop
  endfacet
  facet normal  -0.000000e+000  1.000000e+000  0.000000e+000
    outer loop
      vertex -3.100000e+000  0.000000e+000 -1.100000e+001
      vertex -1.880203e+001  0.000000e+000 -9.752760e+000
      vertex -1.867161e+001  0.000000e+000 -9.605996e+000
    endloop
  endfacet
  facet normal  -0.000000e+000  1.000000e+000  0.000000e+000
    outer loop
      vertex -3.100000e+000  0.000000e+000 -1.100000e+001
      vertex -1.867161e+001  0.000000e+000 -9.605996e+000
      vertex -1.853553e+001  0.000000e+000 -9.464466e+000
    endloop
  endfacet
  facet normal  -0.000000e+000  1.000000e+000  0.000000e+000
    outer loop
      vertex -3.100000e+000  0.000000e+000 -1.100000e+001
      vertex -1.853553e+001  0.000000e+000 -9.464466e+000
      vertex -1.839400e+001  0.000000e+000 -9.328387e+000
    endloop
  endfacet
  facet normal  -0.000000e+000  1.000000e+000  0.000000e+000
    outer loop
      vertex -3.100000e+000  0.000000e+000 -1.100000e+001
      vertex -1.839400e+001  0.000000e+000 -9.328387e+000
      vertex -1.824724e+001  0.000000e+000 -9.197970e+000
    endloop
  endfacet
  facet normal  -0.000000e+000  1.000000e+000  0.000000e+000
    outer loop
      vertex -3.100000e+000  0.000000e+000 -1.100000e+001
      vertex -1.824724e+001  0.000000e+000 -9.197970e+000
      vertex -1.809547e+001  0.000000e+000 -9.073416e+000
    endloop
  endfacet
  facet normal  -0.000000e+000  1.000000e+000  0.000000e+000
    outer loop
      vertex -3.100000e+000  0.000000e+000 -1.100000e+001
      vertex -1.809547e+001  0.000000e+000 -9.073416e+000
      vertex -1.793893e+001  0.000000e+000 -8.954915e+000
    endloop
  endfacet
  facet normal  -0.000000e+000  9.999999e-001  0.000000e+000
    outer loop
      vertex -3.100000e+000  0.000000e+000 -1.100000e+001
      vertex -1.793893e+001  0.000000e+000 -8.954915e+000
      vertex -1.777785e+001  0.000000e+000 -8.842652e+000
    endloop
  endfacet
  facet normal  -0.000000e+000  1.000000e+000  0.000000e+000
    outer loop
      vertex -3.100000e+000  0.000000e+000 -1.100000e+001
      vertex -1.777785e+001  0.000000e+000 -8.842652e+000
      vertex -1.761249e+001  0.000000e+000 -8.736799e+000
    endloop
  endfacet
  facet normal  -0.000000e+000  1.000000e+000  0.000000e+000
    outer loop
      vertex -3.100000e+000  0.000000e+000 -1.100000e+001
      vertex -1.761249e+001  0.000000e+000 -8.736799e+000
      vertex -1.744311e+001  0.000000e+000 -8.637520e+000
    endloop
  endfacet
  facet normal  -0.000000e+000  9.999999e-001  0.000000e+000
    outer loop
      vertex -3.100000e+000  0.000000e+000 -1.100000e+001
      vertex -1.744311e+001  0.000000e+000 -8.637520e+000
      vertex -1.726995e+001  0.000000e+000 -8.544968e+000
    endloop
  endfacet
  facet normal  -0.000000e+000  9.999999e-001  0.000000e+000
    outer loop
      vertex -3.100000e+000  0.000000e+000 -1.100000e+001
      vertex -1.726995e+001  0.000000e+000 -8.544968e+000
      vertex -1.709330e+001  0.000000e+000 -8.459284e+000
    endloop
  endfacet
  facet normal  -0.000000e+000  1.000000e+000  0.000000e+000
    outer loop
      vertex -3.100000e+000  0.000000e+000 -1.100000e+001
      vertex -1.709330e+001  0.000000e+000 -8.459284e+000
      vertex -1.691342e+001  0.000000e+000 -8.380602e+000
    endloop
  endfacet
  facet normal  -0.000000e+000  1.000000e+000  0.000000e+000
    outer loop
      vertex -3.100000e+000  0.000000e+000 -1.100000e+001
      vertex -1.691342e+001  0.000000e+000 -8.380602e+000
      vertex -1.673059e+001  0.000000e+000 -8.309043e+000
    endloop
  endfacet
  facet normal  -0.000000e+000  1.000000e+000  0.000000e+000
    outer loop
      vertex -3.100000e+000  0.000000e+000 -1.100000e+001
      vertex -1.673059e+001  0.000000e+000 -8.309043e+000
      vertex -1.654509e+001  0.000000e+000 -8.244718e+000
    endloop
  endfacet
  facet normal  -0.000000e+000  9.999999e-001  0.000000e+000
    outer loop
      vertex -3.100000e+000  0.000000e+000 -1.100000e+001
      vertex -1.654509e+001  0.000000e+000 -8.244718e+000
      vertex -1.635720e+001  0.000000e+000 -8.187724e+000
    endloop
  endfacet
  facet normal  -0.000000e+000  1.000000e+000  0.000000e+000
    outer loop
      vertex -3.100000e+000  0.000000e+000 -1.100000e+001
      vertex -1.635720e+001  0.000000e+000 -8.187724e+000
      vertex -1.616723e+001  0.000000e+000 -8.138150e+000
    endloop
  endfacet
  facet normal  -0.000000e+000  1.000000e+000  0.000000e+000
    outer loop
      vertex -3.100000e+000  0.000000e+000 -1.100000e+001
      vertex -1.616723e+001  0.000000e+000 -8.138150e+000
      vertex -1.597545e+001  0.000000e+000 -8.096073e+000
    endloop
  endfacet
  facet normal  -0.000000e+000  1.000000e+000  0.000000e+000
    outer loop
      vertex -3.100000e+000  0.000000e+000 -1.100000e+001
      vertex -1.597545e+001  0.000000e+000 -8.096073e+000
      vertex -1.578217e+001  0.000000e+000 -8.061559e+000
    endloop
  endfacet
  facet normal  -0.000000e+000  1.000000e+000  0.000000e+000
    outer loop
      vertex -3.100000e+000  0.000000e+000 -1.100000e+001
      vertex -1.578217e+001  0.000000e+000 -8.061559e+000
      vertex -1.558769e+001  0.000000e+000 -8.034657e+000
    endloop
  endfacet
  facet normal  -0.000000e+000  1.000000e+000  0.000000e+000
    outer loop
      vertex -3.100000e+000  0.000000e+000 -1.100000e+001
      vertex -1.558769e+001  0.000000e+000 -8.034657e+000
      vertex -1.539230e+001  0.000000e+000 -8.015413e+000
    endloop
  endfacet
  facet normal  -0.000000e+000  1.000000e+000  0.000000e+000
    outer loop
      vertex -3.100000e+000  0.000000e+000 -1.100000e+001
      vertex -1.539230e+001  0.000000e+000 -8.015413e+000
      vertex -1.519630e+001  0.000000e+000 -8.003855e+000
    endloop
  endfacet
  facet normal  -0.000000e+000  9.999999e-001  0.000000e+000
    outer loop
      vertex -3.100000e+000  0.000000e+000 -1.100000e+001
      vertex -1.519630e+001  0.000000e+000 -8.003855e+000
      vertex -1.500000e+001  0.000000e+000 -8.000000e+000
    endloop
  endfacet
  facet normal  -0.000000e+000  1.000000e+000  0.000000e+000
    outer loop
      vertex -3.100000e+000  0.000000e+000 -1.100000e+001
      vertex -1.500000e+001  0.000000e+000 -8.000000e+000
      vertex -8.000000e+000  0.000000e+000 -8.000000e+000
    endloop
  endfacet
  facet normal  -0.000000e+000  1.000000e+000  0.000000e+000
    outer loop
      vertex -3.100000e+000  0.000000e+000 -1.100000e+001
      vertex -8.000000e+000  0.000000e+000 -8.000000e+000
      vertex -7.874419e+000  0.000000e+000 -7.996053e+000
    endloop
  endfacet
  facet normal  -0.000000e+000  1.000000e+000  0.000000e+000
    outer loop
      vertex -3.100000e+000  0.000000e+000 -1.100000e+001
      vertex -7.874419e+000  0.000000e+000 -7.996053e+000
      vertex -7.749333e+000  0.000000e+000 -7.984230e+000
    endloop
  endfacet
  facet normal  -0.000000e+000  9.999999e-001  0.000000e+000
    outer loop
      vertex -3.100000e+000  0.000000e+000 -1.100000e+001
      vertex -7.749333e+000  0.000000e+000 -7.984230e+000
      vertex -7.625237e+000  0.000000e+000 -7.964574e+000
    endloop
  endfacet
  facet normal  -0.000000e+000  1.000000e+000  0.000000e+000
    outer loop
      vertex -3.100000e+000  0.000000e+000 -1.100000e+001
      vertex -7.625237e+000  0.000000e+000 -7.964574e+000
      vertex -7.502620e+000  0.000000e+000 -7.937166e+000
    endloop
  endfacet
  facet normal  -0.000000e+000  1.000000e+000  0.000000e+000
    outer loop
      vertex -3.100000e+000  0.000000e+000 -1.100000e+001
      vertex -7.502620e+000  0.000000e+000 -7.937166e+000
      vertex -7.381966e+000  0.000000e+000 -7.902113e+000
    endloop
  endfacet
  facet normal  -0.000000e+000  1.000000e+000  0.000000e+000
    outer loop
      vertex -3.100000e+000  0.000000e+000 -1.100000e+001
      vertex -7.381966e+000  0.000000e+000 -7.902113e+000
      vertex -7.263751e+000  0.000000e+000 -7.859553e+000
    endloop
  endfacet
  facet normal  -0.000000e+000  1.000000e+000  0.000000e+000
    outer loop
      vertex -3.100000e+000  0.000000e+000 -1.100000e+001
      vertex -7.263751e+000  0.000000e+000 -7.859553e+000
      vertex -7.148441e+000  0.000000e+000 -7.809654e+000
    endloop
  endfacet
  facet normal  -0.000000e+000  9.999999e-001  0.000000e+000
    outer loop
      vertex -3.100000e+000  0.000000e+000 -1.100000e+001
      vertex -7.148441e+000  0.000000e+000 -7.809654e+000
      vertex -7.036493e+000  0.000000e+000 -7.752614e+000
    endloop
  endfacet
  facet normal  -0.000000e+000  1.000000e+000  0.000000e+000
    outer loop
      vertex -3.100000e+000  0.000000e+000 -1.100000e+001
      vertex -7.036493e+000  0.000000e+000 -7.752614e+000
      vertex -6.928347e+000  0.000000e+000 -7.688656e+000
    endloop
  endfacet
  facet normal  -0.000000e+000  1.000000e+000  0.000000e+000
    outer loop
      vertex -3.100000e+000  0.000000e+000 -1.100000e+001
      vertex -6.928347e+000  0.000000e+000 -7.688656e+000
      vertex -6.824430e+000  0.000000e+000 -7.618034e+000
    endloop
  endfacet
  facet normal  -0.000000e+000  1.000000e+000  0.000000e+000
    outer loop
      vertex -3.100000e+000  0.000000e+000 -1.100000e+001
      vertex -6.824430e+000  0.000000e+000 -7.618034e+000
      vertex -6.725152e+000  0.000000e+000 -7.541027e+000
    endloop
  endfacet
  facet normal  -0.000000e+000  1.000000e+000  0.000000e+000
    outer loop
      vertex -3.100000e+000  0.000000e+000 -1.100000e+001
      vertex -6.725152e+000  0.000000e+000 -7.541027e+000
      vertex -6.630906e+000  0.000000e+000 -7.457937e+000
    endloop
  endfacet
  facet normal  -0.000000e+000  1.000000e+000  0.000000e+000
    outer loop
      vertex -3.100000e+000  0.000000e+000 -1.100000e+001
      vertex -6.630906e+000  0.000000e+000 -7.457937e+000
      vertex -6.542063e+000  0.000000e+000 -7.369094e+000
    endloop
  endfacet
  facet normal  -0.000000e+000  1.000000e+000  0.000000e+000
    outer loop
      vertex -3.100000e+000  0.000000e+000 -1.100000e+001
      vertex -6.542063e+000  0.000000e+000 -7.369094e+000
      vertex -6.458973e+000  0.000000e+000 -7.274848e+000
    endloop
  endfacet
  facet normal  -0.000000e+000  1.000000e+000  0.000000e+000
    outer loop
      vertex -3.100000e+000  0.000000e+000 -1.100000e+001
      vertex -6.458973e+000  0.000000e+000 -7.274848e+000
      vertex -6.381966e+000  0.000000e+000 -7.175570e+000
    endloop
  endfacet
  facet normal  -0.000000e+000  1.000000e+000  0.000000e+000
    outer loop
      vertex -3.100000e+000  0.000000e+000 -1.100000e+001
      vertex -6.381966e+000  0.000000e+000 -7.175570e+000
      vertex -6.311344e+000  0.000000e+000 -7.071653e+000
    endloop
  endfacet
  facet normal  0.000000e+000  1.000000e+000  0.000000e+000
    outer loop
      vertex -1.250000e+001  0.000000e+000 -1.300000e+001
      vertex -3.100000e+000  0.000000e+000 -1.300000e+001
      vertex -3.100000e+000  0.000000e+000 -4.550334e+001
    endloop
  endfacet
  facet normal  0.000000e+000  1.000000e+000  0.000000e+000
    outer loop
      vertex -1.250000e+001  0.000000e+000 -1.300000e+001
      vertex -3.100000e+000  0.000000e+000 -4.550334e+001
      vertex -5.100000e+000  0.000000e+000 -4.550334e+001
    endloop
  endfacet
  facet normal  0.000000e+000  1.000000e+000  0.000000e+000
    outer loop
      vertex -1.250000e+001  0.000000e+000 -1.300000e+001
      vertex -5.100000e+000  0.000000e+000 -4.550334e+001
      vertex -2.000000e+001  0.000000e+000 -1.300000e+001
    endloop
  endfacet
  facet normal  0.000000e+000  1.000000e+000  0.000000e+000
    outer loop
      vertex -1.250000e+001  0.000000e+000 -1.300000e+001
      vertex -2.000000e+001  0.000000e+000 -1.300000e+001
      vertex -1.999615e+001  0.000000e+000 -1.280370e+001
    endloop
  endfacet
  facet normal  -0.000000e+000  9.999999e-001  0.000000e+000
    outer loop
      vertex -1.250000e+001  0.000000e+000 -1.300000e+001
      vertex -1.999615e+001  0.000000e+000 -1.280370e+001
      vertex -1.998459e+001  0.000000e+000 -1.260770e+001
    endloop
  endfacet
  facet normal  -0.000000e+000  1.000000e+000  0.000000e+000
    outer loop
      vertex -1.250000e+001  0.000000e+000 -1.300000e+001
      vertex -1.998459e+001  0.000000e+000 -1.260770e+001
      vertex -1.996534e+001  0.000000e+000 -1.241231e+001
    endloop
  endfacet
  facet normal  -0.000000e+000  9.999999e-001  0.000000e+000
    outer loop
      vertex -1.250000e+001  0.000000e+000 -1.300000e+001
      vertex -1.996534e+001  0.000000e+000 -1.241231e+001
      vertex -1.993844e+001  0.000000e+000 -1.221783e+001
    endloop
  endfacet
  facet normal  -0.000000e+000  1.000000e+000  0.000000e+000
    outer loop
      vertex -1.250000e+001  0.000000e+000 -1.300000e+001
      vertex -1.993844e+001  0.000000e+000 -1.221783e+001
      vertex -1.990393e+001  0.000000e+000 -1.202455e+001
    endloop
  endfacet
  facet normal  -0.000000e+000  1.000000e+000  0.000000e+000
    outer loop
      vertex -1.250000e+001  0.000000e+000 -1.300000e+001
      vertex -1.990393e+001  0.000000e+000 -1.202455e+001
      vertex -1.986185e+001  0.000000e+000 -1.183277e+001
    endloop
  endfacet
  facet normal  -0.000000e+000  1.000000e+000  0.000000e+000
    outer loop
      vertex -1.250000e+001  0.000000e+000 -1.300000e+001
      vertex -1.986185e+001  0.000000e+000 -1.183277e+001
      vertex -1.981228e+001  0.000000e+000 -1.164280e+001
    endloop
  endfacet
  facet normal  -0.000000e+000  1.000000e+000  0.000000e+000
    outer loop
      vertex -1.250000e+001  0.000000e+000 -1.300000e+001
      vertex -1.981228e+001  0.000000e+000 -1.164280e+001
      vertex -1.975528e+001  0.000000e+000 -1.145492e+001
    endloop
  endfacet
  facet normal  -0.000000e+000  9.999999e-001  0.000000e+000
    outer loop
      vertex -1.250000e+001  0.000000e+000 -1.300000e+001
      vertex -1.975528e+001  0.000000e+000 -1.145492e+001
      vertex -1.969096e+001  0.000000e+000 -1.126941e+001
    endloop
  endfacet
  facet normal  -0.000000e+000  9.999999e-001  0.000000e+000
    outer loop
      vertex -1.250000e+001  0.000000e+000 -1.300000e+001
      vertex -1.969096e+001  0.000000e+000 -1.126941e+001
      vertex -1.961940e+001  0.000000e+000 -1.108658e+001
    endloop
  endfacet
  facet normal  -0.000000e+000  1.000000e+000  0.000000e+000
    outer loop
      vertex -1.250000e+001  0.000000e+000 -1.300000e+001
      vertex -1.961940e+001  0.000000e+000 -1.108658e+001
      vertex -1.250000e+001  0.000000e+000 -1.100000e+001
    endloop
  endfacet
  facet normal  0.000000e+000  1.000000e+000  0.000000e+000
    outer loop
      vertex -2.000000e+001  0.000000e+000 -7.582280e+001
      vertex -5.587749e+000  0.000000e+000 -7.403467e+001
      vertex -5.782255e+000  0.000000e+000 -7.406157e+001
    endloop
  endfacet
  facet normal  0.000000e+000  1.000000e+000  0.000000e+000
    outer loop
      vertex -2.000000e+001  0.000000e+000 -7.582280e+001
      vertex -5.782255e+000  0.000000e+000 -7.406157e+001
      vertex -5.975554e+000  0.000000e+000 -7.409609e+001
    endloop
  endfacet
  facet normal  0.000000e+000  1.000000e+000  0.000000e+000
    outer loop
      vertex -2.000000e+001  0.000000e+000 -7.582280e+001
      vertex -5.975554e+000  0.000000e+000 -7.409609e+001
      vertex -6.167349e+000  0.000000e+000 -7.413818e+001
    endloop
  endfacet
  facet normal  0.000000e+000  1.000000e+000  0.000000e+000
    outer loop
      vertex -2.000000e+001  0.000000e+000 -7.582280e+001
      vertex -6.167349e+000  0.000000e+000 -7.413818e+001
      vertex -6.357343e+000  0.000000e+000 -7.418777e+001
    endloop
  endfacet
  facet normal  0.000000e+000  9.999999e-001  0.000000e+000
    outer loop
      vertex -2.000000e+001  0.000000e+000 -7.582280e+001
      vertex -6.357343e+000  0.000000e+000 -7.418777e+001
      vertex -6.545244e+000  0.000000e+000 -7.424477e+001
    endloop
  endfacet
  facet normal  0.000000e+000  1.000000e+000  0.000000e+000
    outer loop
      vertex -2.000000e+001  0.000000e+000 -7.582280e+001
      vertex -6.545244e+000  0.000000e+000 -7.424477e+001
      vertex -6.730762e+000  0.000000e+000 -7.430910e+001
    endloop
  endfacet
  facet normal  0.000000e+000  1.000000e+000  0.000000e+000
    outer loop
      vertex -2.000000e+001  0.000000e+000 -7.582280e+001
      vertex -6.730762e+000  0.000000e+000 -7.430910e+001
      vertex -6.913610e+000  0.000000e+000 -7.438068e+001
    endloop
  endfacet
  facet normal  0.000000e+000  1.000000e+000  0.000000e+000
    outer loop
      vertex -2.000000e+001  0.000000e+000 -7.582280e+001
      vertex -6.913610e+000  0.000000e+000 -7.438068e+001
      vertex -7.093507e+000  0.000000e+000 -7.445938e+001
    endloop
  endfacet
  facet normal  0.000000e+000  1.000000e+000  0.000000e+000
    outer loop
      vertex -2.000000e+001  0.000000e+000 -7.582280e+001
      vertex -7.093507e+000  0.000000e+000 -7.445938e+001
      vertex -7.270176e+000  0.000000e+000 -7.454508e+001
    endloop
  endfacet
  facet normal  0.000000e+000  9.999999e-001  0.000000e+000
    outer loop
      vertex -2.000000e+001  0.000000e+000 -7.582280e+001
      vertex -7.270176e+000  0.000000e+000 -7.454508e+001
      vertex -7.443343e+000  0.000000e+000 -7.463765e+001
    endloop
  endfacet
  facet normal  0.000000e+000  1.000000e+000  0.000000e+000
    outer loop
      vertex -2.000000e+001  0.000000e+000 -7.582280e+001
      vertex -7.443343e+000  0.000000e+000 -7.463765e+001
      vertex -7.612742e+000  0.000000e+000 -7.473695e+001
    endloop
  endfacet
  facet normal  0.000000e+000  1.000000e+000  0.000000e+000
    outer loop
      vertex -2.000000e+001  0.000000e+000 -7.582280e+001
      vertex -7.612742e+000  0.000000e+000 -7.473695e+001
      vertex -7.778112e+000  0.000000e+000 -7.484283e+001
    endloop
  endfacet
  facet normal  0.000000e+000  1.000000e+000  0.000000e+000
    outer loop
      vertex -2.000000e+001  0.000000e+000 -7.582280e+001
      vertex -7.778112e+000  0.000000e+000 -7.484283e+001
      vertex -7.939197e+000  0.000000e+000 -7.495511e+001
    endloop
  endfacet
  facet normal  0.000000e+000  1.000000e+000  0.000000e+000
    outer loop
      vertex -2.000000e+001  0.000000e+000 -7.582280e+001
      vertex -7.939197e+000  0.000000e+000 -7.495511e+001
      vertex -8.095749e+000  0.000000e+000 -7.507364e+001
    endloop
  endfacet
  facet normal  0.000000e+000  1.000000e+000  0.000000e+000
    outer loop
      vertex -2.000000e+001  0.000000e+000 -7.582280e+001
      vertex -8.095749e+000  0.000000e+000 -7.507364e+001
      vertex -8.247526e+000  0.000000e+000 -7.519821e+001
    endloop
  endfacet
  facet normal  0.000000e+000  1.000000e+000  0.000000e+000
    outer loop
      vertex -2.000000e+001  0.000000e+000 -7.582280e+001
      vertex -8.247526e+000  0.000000e+000 -7.519821e+001
      vertex -8.394296e+000  0.000000e+000 -7.532866e+001
    endloop
  endfacet
  facet normal  0.000000e+000  1.000000e+000  0.000000e+000
    outer loop
      vertex -2.000000e+001  0.000000e+000 -7.582280e+001
      vertex -8.394296e+000  0.000000e+000 -7.532866e+001
      vertex -8.535830e+000  0.000000e+000 -7.546476e+001
    endloop
  endfacet
  facet normal  0.000000e+000  1.000000e+000  0.000000e+000
    outer loop
      vertex -2.000000e+001  0.000000e+000 -7.582280e+001
      vertex -8.535830e+000  0.000000e+000 -7.546476e+001
      vertex -8.671910e+000  0.000000e+000 -7.560632e+001
    endloop
  endfacet
  facet normal  0.000000e+000  1.000000e+000  0.000000e+000
    outer loop
      vertex -2.000000e+001  0.000000e+000 -7.582280e+001
      vertex -8.671910e+000  0.000000e+000 -7.560632e+001
      vertex -8.802328e+000  0.000000e+000 -7.575311e+001
    endloop
  endfacet
  facet normal  0.000000e+000  1.000000e+000  0.000000e+000
    outer loop
      vertex -2.000000e+001  0.000000e+000 -7.582280e+001
      vertex -8.802328e+000  0.000000e+000 -7.575311e+001
      vertex -8.926882e+000  0.000000e+000 -7.590491e+001
    endloop
  endfacet
  facet normal  0.000000e+000  1.000000e+000  0.000000e+000
    outer loop
      vertex -2.000000e+001  0.000000e+000 -7.582280e+001
      vertex -8.926882e+000  0.000000e+000 -7.590491e+001
      vertex -1.999733e+001  0.000000e+000 -7.593428e+001
    endloop
  endfacet
  facet normal  0.000000e+000  9.999999e-001  0.000000e+000
    outer loop
      vertex -2.000000e+001  0.000000e+000 -7.582280e+001
      vertex -2.000000e+001  0.000000e+000 -1.300000e+001
      vertex -5.100000e+000  0.000000e+000 -4.550334e+001
    endloop
  endfacet
  facet normal  0.000000e+000  1.000000e+000  0.000000e+000
    outer loop
      vertex -2.000000e+001  0.000000e+000 -7.582280e+001
      vertex -5.100000e+000  0.000000e+000 -4.550334e+001
      vertex -5.100000e+000  0.000000e+000 -4.849666e+001
    endloop
  endfacet
  facet normal  -0.000000e+000  9.999999e-001  0.000000e+000
    outer loop
      vertex -2.000000e+001  0.000000e+000 -7.582280e+001
      vertex -5.100000e+000  0.000000e+000 -4.849666e+001
      vertex -3.100000e+000  0.000000e+000 -4.849666e+001
    endloop
  endfacet
  facet normal  0.000000e+000  9.999999e-001  0.000000e+000
    outer loop
      vertex -2.000000e+001  0.000000e+000 -7.582280e+001
      vertex -3.100000e+000  0.000000e+000 -4.849666e+001
      vertex -3.100000e+000  0.000000e+000 -5.000000e+001
    endloop
  endfacet
  facet normal  0.000000e+000  1.000000e+000  0.000000e+000
    outer loop
      vertex  3.100000e+000  0.000000e+000 -1.100000e+001
      vertex  6.311344e+000  0.000000e+000 -7.071653e+000
      vertex  6.381966e+000  0.000000e+000 -7.175570e+000
    endloop
  endfacet
  facet normal  0.000000e+000  1.000000e+000  0.000000e+000
    outer loop
      vertex  3.100000e+000  0.000000e+000 -1.100000e+001
      vertex  6.381966e+000  0.000000e+000 -7.175570e+000
      vertex  6.458973e+000  0.000000e+000 -7.274848e+000
    endloop
  endfacet
  facet normal  0.000000e+000  1.000000e+000  0.000000e+000
    outer loop
      vertex  3.100000e+000  0.000000e+000 -1.100000e+001
      vertex  6.458973e+000  0.000000e+000 -7.274848e+000
      vertex  6.542063e+000  0.000000e+000 -7.369094e+000
    endloop
  endfacet
  facet normal  0.000000e+000  1.000000e+000  0.000000e+000
    outer loop
      vertex  3.100000e+000  0.000000e+000 -1.100000e+001
      vertex  6.542063e+000  0.000000e+000 -7.369094e+000
      vertex  6.630906e+000  0.000000e+000 -7.457937e+000
    endloop
  endfacet
  facet normal  0.000000e+000  1.000000e+000  0.000000e+000
    outer loop
      vertex  3.100000e+000  0.000000e+000 -1.100000e+001
      vertex  6.630906e+000  0.000000e+000 -7.457937e+000
      vertex  6.725152e+000  0.000000e+000 -7.541027e+000
    endloop
  endfacet
  facet normal  0.000000e+000  1.000000e+000  0.000000e+000
    outer loop
      vertex  3.100000e+000  0.000000e+000 -1.100000e+001
      vertex  6.725152e+000  0.000000e+000 -7.541027e+000
      vertex  6.824430e+000  0.000000e+000 -7.618034e+000
    endloop
  endfacet
  facet normal  0.000000e+000  1.000000e+000  0.000000e+000
    outer loop
      vertex  3.100000e+000  0.000000e+000 -1.100000e+001
      vertex  6.824430e+000  0.000000e+000 -7.618034e+000
      vertex  6.928347e+000  0.000000e+000 -7.688656e+000
    endloop
  endfacet
  facet normal  0.000000e+000  1.000000e+000  0.000000e+000
    outer loop
      vertex  3.100000e+000  0.000000e+000 -1.100000e+001
      vertex  6.928347e+000  0.000000e+000 -7.688656e+000
      vertex  7.036493e+000  0.000000e+000 -7.752614e+000
    endloop
  endfacet
  facet normal  0.000000e+000  9.999999e-001  0.000000e+000
    outer loop
      vertex  3.100000e+000  0.000000e+000 -1.100000e+001
      vertex  7.036493e+000  0.000000e+000 -7.752614e+000
      vertex  7.148441e+000  0.000000e+000 -7.809654e+000
    endloop
  endfacet
  facet normal  0.000000e+000  1.000000e+000  0.000000e+000
    outer loop
      vertex  3.100000e+000  0.000000e+000 -1.100000e+001
      vertex  7.148441e+000  0.000000e+000 -7.809654e+000
      vertex  7.263751e+000  0.000000e+000 -7.859553e+000
    endloop
  endfacet
  facet normal  0.000000e+000  1.000000e+000  0.000000e+000
    outer loop
      vertex  3.100000e+000  0.000000e+000 -1.100000e+001
      vertex  7.263751e+000  0.000000e+000 -7.859553e+000
      vertex  7.381966e+000  0.000000e+000 -7.902113e+000
    endloop
  endfacet
  facet normal  0.000000e+000  1.000000e+000  0.000000e+000
    outer loop
      vertex  3.100000e+000  0.000000e+000 -1.100000e+001
      vertex  7.381966e+000  0.000000e+000 -7.902113e+000
      vertex  7.502620e+000  0.000000e+000 -7.937166e+000
    endloop
  endfacet
  facet normal  0.000000e+000  1.000000e+000  0.000000e+000
    outer loop
      vertex  3.100000e+000  0.000000e+000 -1.100000e+001
      vertex  7.502620e+000  0.000000e+000 -7.937166e+000
      vertex  7.625237e+000  0.000000e+000 -7.964574e+000
    endloop
  endfacet
  facet normal  0.000000e+000  9.999999e-001  0.000000e+000
    outer loop
      vertex  3.100000e+000  0.000000e+000 -1.100000e+001
      vertex  7.625237e+000  0.000000e+000 -7.964574e+000
      vertex  7.749333e+000  0.000000e+000 -7.984230e+000
    endloop
  endfacet
  facet normal  0.000000e+000  1.000000e+000  0.000000e+000
    outer loop
      vertex  3.100000e+000  0.000000e+000 -1.100000e+001
      vertex  7.749333e+000  0.000000e+000 -7.984230e+000
      vertex  7.874419e+000  0.000000e+000 -7.996053e+000
    endloop
  endfacet
  facet normal  0.000000e+000  1.000000e+000  0.000000e+000
    outer loop
      vertex  3.100000e+000  0.000000e+000 -1.100000e+001
      vertex  7.874419e+000  0.000000e+000 -7.996053e+000
      vertex  8.000000e+000  0.000000e+000 -8.000000e+000
    endloop
  endfacet
  facet normal  -0.000000e+000  1.000000e+000  0.000000e+000
    outer loop
      vertex  3.100000e+000  0.000000e+000 -1.100000e+001
      vertex  8.000000e+000  0.000000e+000 -8.000000e+000
      vertex  1.500000e+001  0.000000e+000 -8.000000e+000
    endloop
  endfacet
  facet normal  0.000000e+000  9.999999e-001  0.000000e+000
    outer loop
      vertex  3.100000e+000  0.000000e+000 -1.100000e+001
      vertex  1.500000e+001  0.000000e+000 -8.000000e+000
      vertex  1.519630e+001  0.000000e+000 -8.003855e+000
    endloop
  endfacet
  facet normal  0.000000e+000  1.000000e+000  0.000000e+000
    outer loop
      vertex  3.100000e+000  0.000000e+000 -1.100000e+001
      vertex  1.519630e+001  0.000000e+000 -8.003855e+000
      vertex  1.539230e+001  0.000000e+000 -8.015413e+000
    endloop
  endfacet
  facet normal  0.000000e+000  1.000000e+000  0.000000e+000
    outer loop
      vertex  3.100000e+000  0.000000e+000 -1.100000e+001
      vertex  1.539230e+001  0.000000e+000 -8.015413e+000
      vertex  1.558769e+001  0.000000e+000 -8.034657e+000
    endloop
  endfacet
  facet normal  0.000000e+000  1.000000e+000  0.000000e+000
    outer loop
      vertex  3.100000e+000  0.000000e+000 -1.100000e+001
      vertex  1.558769e+001  0.000000e+000 -8.034657e+000
      vertex  1.578217e+001  0.000000e+000 -8.061559e+000
    endloop
  endfacet
  facet normal  0.000000e+000  1.000000e+000  0.000000e+000
    outer loop
      vertex  3.100000e+000  0.000000e+000 -1.100000e+001
      vertex  1.578217e+001  0.000000e+000 -8.061559e+000
      vertex  1.597545e+001  0.000000e+000 -8.096073e+000
    endloop
  endfacet
  facet normal  0.000000e+000  1.000000e+000  0.000000e+000
    outer loop
      vertex  3.100000e+000  0.000000e+000 -1.100000e+001
      vertex  1.597545e+001  0.000000e+000 -8.096073e+000
      vertex  1.616723e+001  0.000000e+000 -8.138150e+000
    endloop
  endfacet
  facet normal  0.000000e+000  1.000000e+000  0.000000e+000
    outer loop
      vertex  3.100000e+000  0.000000e+000 -1.100000e+001
      vertex  1.616723e+001  0.000000e+000 -8.138150e+000
      vertex  1.635720e+001  0.000000e+000 -8.187724e+000
    endloop
  endfacet
  facet normal  0.000000e+000  9.999999e-001  0.000000e+000
    outer loop
      vertex  3.100000e+000  0.000000e+000 -1.100000e+001
      vertex  1.635720e+001  0.000000e+000 -8.187724e+000
      vertex  1.654509e+001  0.000000e+000 -8.244718e+000
    endloop
  endfacet
  facet normal  0.000000e+000  1.000000e+000  0.000000e+000
    outer loop
      vertex  3.100000e+000  0.000000e+000 -1.100000e+001
      vertex  1.654509e+001  0.000000e+000 -8.244718e+000
      vertex  1.673059e+001  0.000000e+000 -8.309043e+000
    endloop
  endfacet
  facet normal  0.000000e+000  1.000000e+000  0.000000e+000
    outer loop
      vertex  3.100000e+000  0.000000e+000 -1.100000e+001
      vertex  1.673059e+001  0.000000e+000 -8.309043e+000
      vertex  1.691342e+001  0.000000e+000 -8.380602e+000
    endloop
  endfacet
  facet normal  0.000000e+000  1.000000e+000  0.000000e+000
    outer loop
      vertex  3.100000e+000  0.000000e+000 -1.100000e+001
      vertex  1.691342e+001  0.000000e+000 -8.380602e+000
      vertex  1.709330e+001  0.000000e+000 -8.459284e+000
    endloop
  endfacet
  facet normal  0.000000e+000  9.999999e-001  0.000000e+000
    outer loop
      vertex  3.100000e+000  0.000000e+000 -1.100000e+001
      vertex  1.709330e+001  0.000000e+000 -8.459284e+000
      vertex  1.726995e+001  0.000000e+000 -8.544968e+000
    endloop
  endfacet
  facet normal  0.000000e+000  9.999999e-001  0.000000e+000
    outer loop
      vertex  3.100000e+000  0.000000e+000 -1.100000e+001
      vertex  1.726995e+001  0.000000e+000 -8.544968e+000
      vertex  1.744311e+001  0.000000e+000 -8.637520e+000
    endloop
  endfacet
  facet normal  0.000000e+000  1.000000e+000  0.000000e+000
    outer loop
      vertex  3.100000e+000  0.000000e+000 -1.100000e+001
      vertex  1.744311e+001  0.000000e+000 -8.637520e+000
      vertex  1.761249e+001  0.000000e+000 -8.736799e+000
    endloop
  endfacet
  facet normal  0.000000e+000  1.000000e+000  0.000000e+000
    outer loop
      vertex  3.100000e+000  0.000000e+000 -1.100000e+001
      vertex  1.761249e+001  0.000000e+000 -8.736799e+000
      vertex  1.777785e+001  0.000000e+000 -8.842652e+000
    endloop
  endfacet
  facet normal  0.000000e+000  9.999999e-001  0.000000e+000
    outer loop
      vertex  3.100000e+000  0.000000e+000 -1.100000e+001
      vertex  1.777785e+001  0.000000e+000 -8.842652e+000
      vertex  1.793893e+001  0.000000e+000 -8.954915e+000
    endloop
  endfacet
  facet normal  0.000000e+000  1.000000e+000  0.000000e+000
    outer loop
      vertex  3.100000e+000  0.000000e+000 -1.100000e+001
      vertex  1.793893e+001  0.000000e+000 -8.954915e+000
      vertex  1.809547e+001  0.000000e+000 -9.073416e+000
    endloop
  endfacet
  facet normal  0.000000e+000  1.000000e+000  0.000000e+000
    outer loop
      vertex  3.100000e+000  0.000000e+000 -1.100000e+001
      vertex  1.809547e+001  0.000000e+000 -9.073416e+000
      vertex  1.824724e+001  0.000000e+000 -9.197970e+000
    endloop
  endfacet
  facet normal  0.000000e+000  1.000000e+000  0.000000e+000
    outer loop
      vertex  3.100000e+000  0.000000e+000 -1.100000e+001
      vertex  1.824724e+001  0.000000e+000 -9.197970e+000
      vertex  1.839400e+001  0.000000e+000 -9.328387e+000
    endloop
  endfacet
  facet normal  0.000000e+000  1.000000e+000  0.000000e+000
    outer loop
      vertex  3.100000e+000  0.000000e+000 -1.100000e+001
      vertex  1.839400e+001  0.000000e+000 -9.328387e+000
      vertex  1.853553e+001  0.000000e+000 -9.464466e+000
    endloop
  endfacet
  facet normal  0.000000e+000  1.000000e+000  0.000000e+000
    outer loop
      vertex  3.100000e+000  0.000000e+000 -1.100000e+001
      vertex  1.853553e+001  0.000000e+000 -9.464466e+000
      vertex  1.867161e+001  0.000000e+000 -9.605996e+000
    endloop
  endfacet
  facet normal  0.000000e+000  1.000000e+000  0.000000e+000
    outer loop
      vertex  3.100000e+000  0.000000e+000 -1.100000e+001
      vertex  1.867161e+001  0.000000e+000 -9.605996e+000
      vertex  1.880203e+001  0.000000e+000 -9.752760e+000
    endloop
  endfacet
  facet normal  0.000000e+000  1.000000e+000  0.000000e+000
    outer loop
      vertex  3.100000e+000  0.000000e+000 -1.100000e+001
      vertex  1.880203e+001  0.000000e+000 -9.752760e+000
      vertex  1.892658e+001  0.000000e+000 -9.904531e+000
    endloop
  endfacet
  facet normal  0.000000e+000  9.999999e-001  0.000000e+000
    outer loop
      vertex  3.100000e+000  0.000000e+000 -1.100000e+001
      vertex  1.892658e+001  0.000000e+000 -9.904531e+000
      vertex  1.904509e+001  0.000000e+000 -1.006107e+001
    endloop
  endfacet
  facet normal  0.000000e+000  1.000000e+000  0.000000e+000
    outer loop
      vertex  3.100000e+000  0.000000e+000 -1.100000e+001
      vertex  1.904509e+001  0.000000e+000 -1.006107e+001
      vertex  1.915735e+001  0.000000e+000 -1.022215e+001
    endloop
  endfacet
  facet normal  0.000000e+000  1.000000e+000  0.000000e+000
    outer loop
      vertex  3.100000e+000  0.000000e+000 -1.100000e+001
      vertex  1.915735e+001  0.000000e+000 -1.022215e+001
      vertex  1.926320e+001  0.000000e+000 -1.038751e+001
    endloop
  endfacet
  facet normal  0.000000e+000  9.999999e-001  0.000000e+000
    outer loop
      vertex  3.100000e+000  0.000000e+000 -1.100000e+001
      vertex  1.926320e+001  0.000000e+000 -1.038751e+001
      vertex  1.936248e+001  0.000000e+000 -1.055689e+001
    endloop
  endfacet
  facet normal  0.000000e+000  9.999999e-001  0.000000e+000
    outer loop
      vertex  3.100000e+000  0.000000e+000 -1.100000e+001
      vertex  1.936248e+001  0.000000e+000 -1.055689e+001
      vertex  1.945503e+001  0.000000e+000 -1.073005e+001
    endloop
  endfacet
  facet normal  0.000000e+000  1.000000e+000  0.000000e+000
    outer loop
      vertex  3.100000e+000  0.000000e+000 -1.100000e+001
      vertex  1.945503e+001  0.000000e+000 -1.073005e+001
      vertex  1.954072e+001  0.000000e+000 -1.090670e+001
    endloop
  endfacet
  facet normal  0.000000e+000  9.999999e-001  0.000000e+000
    outer loop
      vertex  1.250000e+001  0.000000e+000 -1.300000e+001
      vertex  1.961940e+001  0.000000e+000 -1.108658e+001
      vertex  1.969096e+001  0.000000e+000 -1.126941e+001
    endloop
  endfacet
  facet normal  0.000000e+000  9.999999e-001  0.000000e+000
    outer loop
      vertex  1.250000e+001  0.000000e+000 -1.300000e+001
      vertex  1.969096e+001  0.000000e+000 -1.126941e+001
      vertex  1.975528e+001  0.000000e+000 -1.145492e+001
    endloop
  endfacet
  facet normal  0.000000e+000  1.000000e+000  0.000000e+000
    outer loop
      vertex  1.250000e+001  0.000000e+000 -1.300000e+001
      vertex  1.975528e+001  0.000000e+000 -1.145492e+001
      vertex  1.981228e+001  0.000000e+000 -1.164280e+001
    endloop
  endfacet
  facet normal  0.000000e+000  1.000000e+000  0.000000e+000
    outer loop
      vertex  1.250000e+001  0.000000e+000 -1.300000e+001
      vertex  1.981228e+001  0.000000e+000 -1.164280e+001
      vertex  1.986185e+001  0.000000e+000 -1.183277e+001
    endloop
  endfacet
  facet normal  0.000000e+000  1.000000e+000  0.000000e+000
    outer loop
      vertex  1.250000e+001  0.000000e+000 -1.300000e+001
      vertex  1.986185e+001  0.000000e+000 -1.183277e+001
      vertex  1.990393e+001  0.000000e+000 -1.202455e+001
    endloop
  endfacet
  facet normal  0.000000e+000  1.000000e+000  0.000000e+000
    outer loop
      vertex  1.250000e+001  0.000000e+000 -1.300000e+001
      vertex  1.990393e+001  0.000000e+000 -1.202455e+001
      vertex  1.993844e+001  0.000000e+000 -1.221783e+001
    endloop
  endfacet
  facet normal  0.000000e+000  9.999999e-001  0.000000e+000
    outer loop
      vertex  1.250000e+001  0.000000e+000 -1.300000e+001
      vertex  1.993844e+001  0.000000e+000 -1.221783e+001
      vertex  1.996534e+001  0.000000e+000 -1.241231e+001
    endloop
  endfacet
  facet normal  0.000000e+000  1.000000e+000  0.000000e+000
    outer loop
      vertex  1.250000e+001  0.000000e+000 -1.300000e+001
      vertex  1.996534e+001  0.000000e+000 -1.241231e+001
      vertex  1.998459e+001  0.000000e+000 -1.260770e+001
    endloop
  endfacet
  facet normal  0.000000e+000  9.999999e-001  0.000000e+000
    outer loop
      vertex  1.250000e+001  0.000000e+000 -1.300000e+001
      vertex  1.998459e+001  0.000000e+000 -1.260770e+001
      vertex  1.999615e+001  0.000000e+000 -1.280370e+001
    endloop
  endfacet
  facet normal  0.000000e+000  1.000000e+000  0.000000e+000
    outer loop
      vertex  1.250000e+001  0.000000e+000 -1.300000e+001
      vertex  1.999615e+001  0.000000e+000 -1.280370e+001
      vertex  2.000000e+001  0.000000e+000 -1.300000e+001
    endloop
  endfacet
  facet normal  0.000000e+000  1.000000e+000  -0.000000e+000
    outer loop
      vertex  2.000000e+001  0.000000e+000 -7.582280e+001
      vertex  1.999733e+001  0.000000e+000 -7.593428e+001
      vertex  8.926884e+000  0.000000e+000 -7.590491e+001
    endloop
  endfacet
  facet normal  0.000000e+000  1.000000e+000  -0.000000e+000
    outer loop
      vertex  2.000000e+001  0.000000e+000 -7.582280e+001
      vertex  8.926884e+000  0.000000e+000 -7.590491e+001
      vertex  8.802330e+000  0.000000e+000 -7.575311e+001
    endloop
  endfacet
  facet normal  -0.000000e+000  1.000000e+000  -0.000000e+000
    outer loop
      vertex  2.000000e+001  0.000000e+000 -7.582280e+001
      vertex  8.802330e+000  0.000000e+000 -7.575311e+001
      vertex  8.671911e+000  0.000000e+000 -7.560632e+001
    endloop
  endfacet
  facet normal  -0.000000e+000  1.000000e+000  -0.000000e+000
    outer loop
      vertex  2.000000e+001  0.000000e+000 -7.582280e+001
      vertex  8.671911e+000  0.000000e+000 -7.560632e+001
      vertex  8.535830e+000  0.000000e+000 -7.546476e+001
    endloop
  endfacet
  facet normal  -0.000000e+000  9.999999e-001  -0.000000e+000
    outer loop
      vertex  2.000000e+001  0.000000e+000 -7.582280e+001
      vertex  8.535830e+000  0.000000e+000 -7.546476e+001
      vertex  8.394297e+000  0.000000e+000 -7.532866e+001
    endloop
  endfacet
  facet normal  -0.000000e+000  1.000000e+000  -0.000000e+000
    outer loop
      vertex  2.000000e+001  0.000000e+000 -7.582280e+001
      vertex  8.394297e+000  0.000000e+000 -7.532866e+001
      vertex  8.247527e+000  0.000000e+000 -7.519821e+001
    endloop
  endfacet
  facet normal  -0.000000e+000  1.000000e+000  -0.000000e+000
    outer loop
      vertex  2.000000e+001  0.000000e+000 -7.582280e+001
      vertex  8.247527e+000  0.000000e+000 -7.519821e+001
      vertex  8.095750e+000  0.000000e+000 -7.507364e+001
    endloop
  endfacet
  facet normal  -0.000000e+000  1.000000e+000  -0.000000e+000
    outer loop
      vertex  2.000000e+001  0.000000e+000 -7.582280e+001
      vertex  8.095750e+000  0.000000e+000 -7.507364e+001
      vertex  7.939198e+000  0.000000e+000 -7.495511e+001
    endloop
  endfacet
  facet normal  -0.000000e+000  1.000000e+000  -0.000000e+000
    outer loop
      vertex  2.000000e+001  0.000000e+000 -7.582280e+001
      vertex  7.939198e+000  0.000000e+000 -7.495511e+001
      vertex  7.778113e+000  0.000000e+000 -7.484283e+001
    endloop
  endfacet
  facet normal  -0.000000e+000  1.000000e+000  -0.000000e+000
    outer loop
      vertex  2.000000e+001  0.000000e+000 -7.582280e+001
      vertex  7.778113e+000  0.000000e+000 -7.484283e+001
      vertex  7.612743e+000  0.000000e+000 -7.473695e+001
    endloop
  endfacet
  facet normal  -0.000000e+000  1.000000e+000  -0.000000e+000
    outer loop
      vertex  2.000000e+001  0.000000e+000 -7.582280e+001
      vertex  7.612743e+000  0.000000e+000 -7.473695e+001
      vertex  7.443344e+000  0.000000e+000 -7.463765e+001
    endloop
  endfacet
  facet normal  -0.000000e+000  1.000000e+000  -0.000000e+000
    outer loop
      vertex  2.000000e+001  0.000000e+000 -7.582280e+001
      vertex  7.443344e+000  0.000000e+000 -7.463765e+001
      vertex  7.270177e+000  0.000000e+000 -7.454508e+001
    endloop
  endfacet
  facet normal  -0.000000e+000  1.000000e+000  -0.000000e+000
    outer loop
      vertex  2.000000e+001  0.000000e+000 -7.582280e+001
      vertex  7.270177e+000  0.000000e+000 -7.454508e+001
      vertex  7.093508e+000  0.000000e+000 -7.445938e+001
    endloop
  endfacet
  facet normal  -0.000000e+000  1.000000e+000  -0.000000e+000
    outer loop
      vertex  2.000000e+001  0.000000e+000 -7.582280e+001
      vertex  7.093508e+000  0.000000e+000 -7.445938e+001
      vertex  6.913611e+000  0.000000e+000 -7.438068e+001
    endloop
  endfacet
  facet normal  -0.000000e+000  1.000000e+000  -0.000000e+000
    outer loop
      vertex  2.000000e+001  0.000000e+000 -7.582280e+001
      vertex  6.913611e+000  0.000000e+000 -7.438068e+001
      vertex  6.730762e+000  0.000000e+000 -7.430910e+001
    endloop
  endfacet
  facet normal  -0.000000e+000  1.000000e+000  -0.000000e+000
    outer loop
      vertex  2.000000e+001  0.000000e+000 -7.582280e+001
      vertex  6.730762e+000  0.000000e+000 -7.430910e+001
      vertex  6.545245e+000  0.000000e+000 -7.424477e+001
    endloop
  endfacet
  facet normal  -0.000000e+000  1.000000e+000  -0.000000e+000
    outer loop
      vertex  2.000000e+001  0.000000e+000 -7.582280e+001
      vertex  6.545245e+000  0.000000e+000 -7.424477e+001
      vertex  6.357344e+000  0.000000e+000 -7.418777e+001
    endloop
  endfacet
  facet normal  -0.000000e+000  1.000000e+000  -0.000000e+000
    outer loop
      vertex  2.000000e+001  0.000000e+000 -7.582280e+001
      vertex  6.357344e+000  0.000000e+000 -7.418777e+001
      vertex  6.167349e+000  0.000000e+000 -7.413818e+001
    endloop
  endfacet
  facet normal  -0.000000e+000  9.999999e-001  -0.000000e+000
    outer loop
      vertex  2.000000e+001  0.000000e+000 -7.582280e+001
      vertex  6.167349e+000  0.000000e+000 -7.413818e+001
      vertex  5.975554e+000  0.000000e+000 -7.409609e+001
    endloop
  endfacet
  facet normal  -0.000000e+000  1.000000e+000  -0.000000e+000
    outer loop
      vertex  2.000000e+001  0.000000e+000 -7.582280e+001
      vertex  5.975554e+000  0.000000e+000 -7.409609e+001
      vertex  5.782255e+000  0.000000e+000 -7.406157e+001
    endloop
  endfacet
  facet normal  -0.000000e+000  1.000000e+000  -0.000000e+000
    outer loop
      vertex  2.000000e+001  0.000000e+000 -7.582280e+001
      vertex  5.782255e+000  0.000000e+000 -7.406157e+001
      vertex  5.587749e+000  0.000000e+000 -7.403467e+001
    endloop
  endfacet
  facet normal  0.000000e+000  1.000000e+000  0.000000e+000
    outer loop
      vertex -1.999733e+001  0.000000e+000 -7.593428e+001
      vertex -8.926882e+000  0.000000e+000 -7.590491e+001
      vertex -1.998931e+001  0.000000e+000 -7.604556e+001
    endloop
  endfacet
  facet normal  -0.000000e+000  1.000000e+000  0.000000e+000
    outer loop
      vertex -1.998931e+001  0.000000e+000 -7.604556e+001
      vertex -8.926882e+000  0.000000e+000 -7.590491e+001
      vertex -9.045380e+000  0.000000e+000 -7.606148e+001
    endloop
  endfacet
  facet normal  0.000000e+000  1.000000e+000  0.000000e+000
    outer loop
      vertex -1.998931e+001  0.000000e+000 -7.604556e+001
      vertex -9.045380e+000  0.000000e+000 -7.606148e+001
      vertex -1.997596e+001  0.000000e+000 -7.615627e+001
    endloop
  endfacet
  facet normal  -0.000000e+000  1.000000e+000  0.000000e+000
    outer loop
      vertex -1.997596e+001  0.000000e+000 -7.615627e+001
      vertex -9.045380e+000  0.000000e+000 -7.606148e+001
      vertex -9.157639e+000  0.000000e+000 -7.622258e+001
    endloop
  endfacet
  facet normal  0.000000e+000  9.999999e-001  0.000000e+000
    outer loop
      vertex -1.997596e+001  0.000000e+000 -7.615627e+001
      vertex -9.157639e+000  0.000000e+000 -7.622258e+001
      vertex -1.995453e+001  0.000000e+000 -7.628015e+001
    endloop
  endfacet
  facet normal  0.000000e+000  1.000000e+000  0.000000e+000
    outer loop
      vertex -1.995453e+001  0.000000e+000 -7.628015e+001
      vertex -9.157639e+000  0.000000e+000 -7.622258e+001
      vertex -1.992637e+001  0.000000e+000 -7.640269e+001
    endloop
  endfacet
  facet normal  0.000000e+000  1.000000e+000  0.000000e+000
    outer loop
      vertex -1.992637e+001  0.000000e+000 -7.640269e+001
      vertex -9.157639e+000  0.000000e+000 -7.622258e+001
      vertex -9.263485e+000  0.000000e+000 -7.638797e+001
    endloop
  endfacet
  facet normal  0.000000e+000  1.000000e+000  0.000000e+000
    outer loop
      vertex -1.992637e+001  0.000000e+000 -7.640269e+001
      vertex -9.263485e+000  0.000000e+000 -7.638797e+001
      vertex -1.989154e+001  0.000000e+000 -7.652350e+001
    endloop
  endfacet
  facet normal  -0.000000e+000  9.999999e-001  0.000000e+000
    outer loop
      vertex -1.989154e+001  0.000000e+000 -7.652350e+001
      vertex -9.263485e+000  0.000000e+000 -7.638797e+001
      vertex -9.362756e+000  0.000000e+000 -7.655739e+001
    endloop
  endfacet
  facet normal  0.000000e+000  1.000000e+000  0.000000e+000
    outer loop
      vertex -1.989154e+001  0.000000e+000 -7.652350e+001
      vertex -9.362756e+000  0.000000e+000 -7.655739e+001
      vertex -1.985008e+001  0.000000e+000 -7.664220e+001
    endloop
  endfacet
  facet normal  -0.000000e+000  1.000000e+000  0.000000e+000
    outer loop
      vertex -1.985008e+001  0.000000e+000 -7.664220e+001
      vertex -9.362756e+000  0.000000e+000 -7.655739e+001
      vertex -9.455298e+000  0.000000e+000 -7.673057e+001
    endloop
  endfacet
  facet normal  0.000000e+000  1.000000e+000  0.000000e+000
    outer loop
      vertex -1.985008e+001  0.000000e+000 -7.664220e+001
      vertex -9.455298e+000  0.000000e+000 -7.673057e+001
      vertex -1.980207e+001  0.000000e+000 -7.675842e+001
    endloop
  endfacet
  facet normal  0.000000e+000  9.999999e-001  0.000000e+000
    outer loop
      vertex -1.980207e+001  0.000000e+000 -7.675842e+001
      vertex -9.455298e+000  0.000000e+000 -7.673057e+001
      vertex -1.974761e+001  0.000000e+000 -7.687173e+001
    endloop
  endfacet
  facet normal  0.000000e+000  1.000000e+000  0.000000e+000
    outer loop
      vertex -1.974761e+001  0.000000e+000 -7.687173e+001
      vertex -9.455298e+000  0.000000e+000 -7.673057e+001
      vertex -9.512733e+000  0.000000e+000 -7.683673e+001
    endloop
  endfacet
  facet normal  0.000000e+000  1.000000e+000  0.000000e+000
    outer loop
      vertex -1.974761e+001  0.000000e+000 -7.687173e+001
      vertex -9.512733e+000  0.000000e+000 -7.683673e+001
      vertex -1.968679e+001  0.000000e+000 -7.698177e+001
    endloop
  endfacet
  facet normal  0.000000e+000  1.000000e+000  0.000000e+000
    outer loop
      vertex -1.968679e+001  0.000000e+000 -7.698177e+001
      vertex -9.512733e+000  0.000000e+000 -7.683673e+001
      vertex -9.575526e+000  0.000000e+000 -7.694017e+001
    endloop
  endfacet
  facet normal  0.000000e+000  1.000000e+000  0.000000e+000
    outer loop
      vertex -1.968679e+001  0.000000e+000 -7.698177e+001
      vertex -9.575526e+000  0.000000e+000 -7.694017e+001
      vertex -1.961976e+001  0.000000e+000 -7.708813e+001
    endloop
  endfacet
  facet normal  0.000000e+000  9.999999e-001  0.000000e+000
    outer loop
      vertex -1.961976e+001  0.000000e+000 -7.708813e+001
      vertex -9.575526e+000  0.000000e+000 -7.694017e+001
      vertex -9.649940e+000  0.000000e+000 -7.704944e+001
    endloop
  endfacet
  facet normal  0.000000e+000  1.000000e+000  0.000000e+000
    outer loop
      vertex -1.961976e+001  0.000000e+000 -7.708813e+001
      vertex -9.649940e+000  0.000000e+000 -7.704944e+001
      vertex -1.954899e+001  0.000000e+000 -7.718732e+001
    endloop
  endfacet
  facet normal  0.000000e+000  1.000000e+000  0.000000e+000
    outer loop
      vertex -1.954899e+001  0.000000e+000 -7.718732e+001
      vertex -9.649940e+000  0.000000e+000 -7.704944e+001
      vertex -9.730536e+000  0.000000e+000 -7.715484e+001
    endloop
  endfacet
  facet normal  0.000000e+000  1.000000e+000  0.000000e+000
    outer loop
      vertex -1.954899e+001  0.000000e+000 -7.718732e+001
      vertex -9.730536e+000  0.000000e+000 -7.715484e+001
      vertex -1.947268e+001  0.000000e+000 -7.728230e+001
    endloop
  endfacet
  facet normal  0.000000e+000  9.999999e-001  0.000000e+000
    outer loop
      vertex -1.947268e+001  0.000000e+000 -7.728230e+001
      vertex -9.730536e+000  0.000000e+000 -7.715484e+001
      vertex -9.817215e+000  0.000000e+000 -7.725600e+001
    endloop
  endfacet
  facet normal  0.000000e+000  1.000000e+000  0.000000e+000
    outer loop
      vertex -1.947268e+001  0.000000e+000 -7.728230e+001
      vertex -9.817215e+000  0.000000e+000 -7.725600e+001
      vertex -1.939100e+001  0.000000e+000 -7.737271e+001
    endloop
  endfacet
  facet normal  0.000000e+000  1.000000e+000  0.000000e+000
    outer loop
      vertex -1.939100e+001  0.000000e+000 -7.737271e+001
      vertex -9.817215e+000  0.000000e+000 -7.725600e+001
      vertex -9.909863e+000  0.000000e+000 -7.735252e+001
    endloop
  endfacet
  facet normal  0.000000e+000  1.000000e+000  0.000000e+000
    outer loop
      vertex -1.939100e+001  0.000000e+000 -7.737271e+001
      vertex -9.909863e+000  0.000000e+000 -7.735252e+001
      vertex -1.930416e+001  0.000000e+000 -7.745818e+001
    endloop
  endfacet
  facet normal  0.000000e+000  1.000000e+000  0.000000e+000
    outer loop
      vertex -1.930416e+001  0.000000e+000 -7.745818e+001
      vertex -9.909863e+000  0.000000e+000 -7.735252e+001
      vertex -1.000834e+001  0.000000e+000 -7.744401e+001
    endloop
  endfacet
  facet normal  0.000000e+000  1.000000e+000  0.000000e+000
    outer loop
      vertex -1.930416e+001  0.000000e+000 -7.745818e+001
      vertex -1.000834e+001  0.000000e+000 -7.744401e+001
      vertex -1.921240e+001  0.000000e+000 -7.753834e+001
    endloop
  endfacet
  facet normal  0.000000e+000  1.000000e+000  0.000000e+000
    outer loop
      vertex -1.921240e+001  0.000000e+000 -7.753834e+001
      vertex -1.000834e+001  0.000000e+000 -7.744401e+001
      vertex -1.005972e+001  0.000000e+000 -7.748772e+001
    endloop
  endfacet
  facet normal  0.000000e+000  1.000000e+000  0.000000e+000
    outer loop
      vertex -1.921240e+001  0.000000e+000 -7.753834e+001
      vertex -1.005972e+001  0.000000e+000 -7.748772e+001
      vertex -1.011249e+001  0.000000e+000 -7.753001e+001
    endloop
  endfacet
  facet normal  0.000000e+000  1.000000e+000  0.000000e+000
    outer loop
      vertex -1.921240e+001  0.000000e+000 -7.753834e+001
      vertex -1.011249e+001  0.000000e+000 -7.753001e+001
      vertex -1.911599e+001  0.000000e+000 -7.761283e+001
    endloop
  endfacet
  facet normal  0.000000e+000  1.000000e+000  0.000000e+000
    outer loop
      vertex -1.911599e+001  0.000000e+000 -7.761283e+001
      vertex -1.011249e+001  0.000000e+000 -7.753001e+001
      vertex -1.019421e+001  0.000000e+000 -7.759062e+001
    endloop
  endfacet
  facet normal  0.000000e+000  1.000000e+000  0.000000e+000
    outer loop
      vertex -1.911599e+001  0.000000e+000 -7.761283e+001
      vertex -1.019421e+001  0.000000e+000 -7.759062e+001
      vertex -1.901521e+001  0.000000e+000 -7.768130e+001
    endloop
  endfacet
  facet normal  0.000000e+000  9.999999e-001  0.000000e+000
    outer loop
      vertex -1.901521e+001  0.000000e+000 -7.768130e+001
      vertex -1.019421e+001  0.000000e+000 -7.759062e+001
      vertex -1.027893e+001  0.000000e+000 -7.764770e+001
    endloop
  endfacet
  facet normal  0.000000e+000  1.000000e+000  0.000000e+000
    outer loop
      vertex -1.901521e+001  0.000000e+000 -7.768130e+001
      vertex -1.027893e+001  0.000000e+000 -7.764770e+001
      vertex -1.036654e+001  0.000000e+000 -7.770102e+001
    endloop
  endfacet
  facet normal  0.000000e+000  1.000000e+000  0.000000e+000
    outer loop
      vertex -1.901521e+001  0.000000e+000 -7.768130e+001
      vertex -1.036654e+001  0.000000e+000 -7.770102e+001
      vertex -1.891041e+001  0.000000e+000 -7.774343e+001
    endloop
  endfacet
  facet normal  -0.000000e+000  1.000000e+000  0.000000e+000
    outer loop
      vertex -1.891041e+001  0.000000e+000 -7.774343e+001
      vertex -1.036654e+001  0.000000e+000 -7.770102e+001
      vertex -1.045693e+001  0.000000e+000 -7.775037e+001
    endloop
  endfacet
  facet normal  0.000000e+000  9.999999e-001  0.000000e+000
    outer loop
      vertex -1.891041e+001  0.000000e+000 -7.774343e+001
      vertex -1.045693e+001  0.000000e+000 -7.775037e+001
      vertex -1.880465e+001  0.000000e+000 -7.779759e+001
    endloop
  endfacet
  facet normal  -0.000000e+000  1.000000e+000  0.000000e+000
    outer loop
      vertex -1.880465e+001  0.000000e+000 -7.779759e+001
      vertex -1.045693e+001  0.000000e+000 -7.775037e+001
      vertex -1.056351e+001  0.000000e+000 -7.780166e+001
    endloop
  endfacet
  facet normal  0.000000e+000  1.000000e+000  0.000000e+000
    outer loop
      vertex -1.880465e+001  0.000000e+000 -7.779759e+001
      vertex -1.056351e+001  0.000000e+000 -7.780166e+001
      vertex -1.869576e+001  0.000000e+000 -7.784514e+001
    endloop
  endfacet
  facet normal  -0.000000e+000  1.000000e+000  0.000000e+000
    outer loop
      vertex -1.869576e+001  0.000000e+000 -7.784514e+001
      vertex -1.056351e+001  0.000000e+000 -7.780166e+001
      vertex -1.067335e+001  0.000000e+000 -7.784715e+001
    endloop
  endfacet
  facet normal  0.000000e+000  1.000000e+000  0.000000e+000
    outer loop
      vertex -1.869576e+001  0.000000e+000 -7.784514e+001
      vertex -1.067335e+001  0.000000e+000 -7.784715e+001
      vertex -1.858413e+001  0.000000e+000 -7.788582e+001
    endloop
  endfacet
  facet normal  -0.000000e+000  1.000000e+000  0.000000e+000
    outer loop
      vertex -1.858413e+001  0.000000e+000 -7.788582e+001
      vertex -1.067335e+001  0.000000e+000 -7.784715e+001
      vertex -1.078618e+001  0.000000e+000 -7.788651e+001
    endloop
  endfacet
  facet normal  0.000000e+000  1.000000e+000  0.000000e+000
    outer loop
      vertex -1.858413e+001  0.000000e+000 -7.788582e+001
      vertex -1.078618e+001  0.000000e+000 -7.788651e+001
      vertex -1.847017e+001  0.000000e+000 -7.791942e+001
    endloop
  endfacet
  facet normal  0.000000e+000  9.999999e-001  0.000000e+000
    outer loop
      vertex -1.847017e+001  0.000000e+000 -7.791942e+001
      vertex -1.078618e+001  0.000000e+000 -7.788651e+001
      vertex -1.090168e+001  0.000000e+000 -7.791938e+001
    endloop
  endfacet
  facet normal  0.000000e+000  1.000000e+000  0.000000e+000
    outer loop
      vertex -1.847017e+001  0.000000e+000 -7.791942e+001
      vertex -1.090168e+001  0.000000e+000 -7.791938e+001
      vertex -1.835432e+001  0.000000e+000 -7.794575e+001
    endloop
  endfacet
  facet normal  0.000000e+000  1.000000e+000  0.000000e+000
    outer loop
      vertex -1.835432e+001  0.000000e+000 -7.794575e+001
      vertex -1.090168e+001  0.000000e+000 -7.791938e+001
      vertex -1.101950e+001  0.000000e+000 -7.794546e+001
    endloop
  endfacet
  facet normal  0.000000e+000  1.000000e+000  0.000000e+000
    outer loop
      vertex -1.835432e+001  0.000000e+000 -7.794575e+001
      vertex -1.101950e+001  0.000000e+000 -7.794546e+001
      vertex -1.823702e+001  0.000000e+000 -7.796467e+001
    endloop
  endfacet
  facet normal  0.000000e+000  1.000000e+000  0.000000e+000
    outer loop
      vertex -1.823702e+001  0.000000e+000 -7.796467e+001
      vertex -1.101950e+001  0.000000e+000 -7.794546e+001
      vertex -1.113923e+001  0.000000e+000 -7.796442e+001
    endloop
  endfacet
  facet normal  0.000000e+000  1.000000e+000  0.000000e+000
    outer loop
      vertex -1.823702e+001  0.000000e+000 -7.796467e+001
      vertex -1.113923e+001  0.000000e+000 -7.796442e+001
      vertex -1.811876e+001  0.000000e+000 -7.797606e+001
    endloop
  endfacet
  facet normal  0.000000e+000  1.000000e+000  0.000000e+000
    outer loop
      vertex -1.811876e+001  0.000000e+000 -7.797606e+001
      vertex -1.113923e+001  0.000000e+000 -7.796442e+001
      vertex -1.126042e+001  0.000000e+000 -7.797597e+001
    endloop
  endfacet
  facet normal  0.000000e+000  1.000000e+000  0.000000e+000
    outer loop
      vertex -1.811876e+001  0.000000e+000 -7.797606e+001
      vertex -1.126042e+001  0.000000e+000 -7.797597e+001
      vertex -1.800000e+001  0.000000e+000 -7.797987e+001
    endloop
  endfacet
  facet normal  0.000000e+000  1.000000e+000  0.000000e+000
    outer loop
      vertex -1.800000e+001  0.000000e+000 -7.797987e+001
      vertex -1.126042e+001  0.000000e+000 -7.797597e+001
      vertex -1.138258e+001  0.000000e+000 -7.797987e+001
    endloop
  endfacet
  facet normal  0.000000e+000  1.000000e+000  0.000000e+000
    outer loop
      vertex  8.926884e+000  0.000000e+000 -7.590491e+001
      vertex  1.999733e+001  0.000000e+000 -7.593428e+001
      vertex  9.045381e+000  0.000000e+000 -7.606148e+001
    endloop
  endfacet
  facet normal  0.000000e+000  1.000000e+000  0.000000e+000
    outer loop
      vertex  9.045381e+000  0.000000e+000 -7.606148e+001
      vertex  1.999733e+001  0.000000e+000 -7.593428e+001
      vertex  1.998931e+001  0.000000e+000 -7.604556e+001
    endloop
  endfacet
  facet normal  0.000000e+000  1.000000e+000  0.000000e+000
    outer loop
      vertex  9.045381e+000  0.000000e+000 -7.606148e+001
      vertex  1.998931e+001  0.000000e+000 -7.604556e+001
      vertex  9.157640e+000  0.000000e+000 -7.622259e+001
    endloop
  endfacet
  facet normal  0.000000e+000  1.000000e+000  0.000000e+000
    outer loop
      vertex  9.157640e+000  0.000000e+000 -7.622259e+001
      vertex  1.998931e+001  0.000000e+000 -7.604556e+001
      vertex  1.997596e+001  0.000000e+000 -7.615627e+001
    endloop
  endfacet
  facet normal  0.000000e+000  1.000000e+000  0.000000e+000
    outer loop
      vertex  9.157640e+000  0.000000e+000 -7.622259e+001
      vertex  1.997596e+001  0.000000e+000 -7.615627e+001
      vertex  1.995453e+001  0.000000e+000 -7.628015e+001
    endloop
  endfacet
  facet normal  0.000000e+000  1.000000e+000  0.000000e+000
    outer loop
      vertex  9.157640e+000  0.000000e+000 -7.622259e+001
      vertex  1.995453e+001  0.000000e+000 -7.628015e+001
      vertex  9.263486e+000  0.000000e+000 -7.638797e+001
    endloop
  endfacet
  facet normal  -0.000000e+000  1.000000e+000  0.000000e+000
    outer loop
      vertex  9.263486e+000  0.000000e+000 -7.638797e+001
      vertex  1.995453e+001  0.000000e+000 -7.628015e+001
      vertex  1.992637e+001  0.000000e+000 -7.640269e+001
    endloop
  endfacet
  facet normal  0.000000e+000  1.000000e+000  0.000000e+000
    outer loop
      vertex  9.263486e+000  0.000000e+000 -7.638797e+001
      vertex  1.992637e+001  0.000000e+000 -7.640269e+001
      vertex  9.362757e+000  0.000000e+000 -7.655739e+001
    endloop
  endfacet
  facet normal  0.000000e+000  1.000000e+000  0.000000e+000
    outer loop
      vertex  9.362757e+000  0.000000e+000 -7.655739e+001
      vertex  1.992637e+001  0.000000e+000 -7.640269e+001
      vertex  1.989154e+001  0.000000e+000 -7.652350e+001
    endloop
  endfacet
  facet normal  0.000000e+000  9.999999e-001  0.000000e+000
    outer loop
      vertex  9.362757e+000  0.000000e+000 -7.655739e+001
      vertex  1.989154e+001  0.000000e+000 -7.652350e+001
      vertex  9.455299e+000  0.000000e+000 -7.673057e+001
    endloop
  endfacet
  facet normal  0.000000e+000  1.000000e+000  0.000000e+000
    outer loop
      vertex  9.455299e+000  0.000000e+000 -7.673057e+001
      vertex  1.989154e+001  0.000000e+000 -7.652350e+001
      vertex  1.985008e+001  0.000000e+000 -7.664220e+001
    endloop
  endfacet
  facet normal  0.000000e+000  1.000000e+000  0.000000e+000
    outer loop
      vertex  9.455299e+000  0.000000e+000 -7.673057e+001
      vertex  1.985008e+001  0.000000e+000 -7.664220e+001
      vertex  1.980207e+001  0.000000e+000 -7.675842e+001
    endloop
  endfacet
  facet normal  0.000000e+000  1.000000e+000  0.000000e+000
    outer loop
      vertex  9.455299e+000  0.000000e+000 -7.673057e+001
      vertex  1.980207e+001  0.000000e+000 -7.675842e+001
      vertex  9.512732e+000  0.000000e+000 -7.683673e+001
    endloop
  endfacet
  facet normal  -0.000000e+000  1.000000e+000  0.000000e+000
    outer loop
      vertex  9.512732e+000  0.000000e+000 -7.683673e+001
      vertex  1.980207e+001  0.000000e+000 -7.675842e+001
      vertex  1.974761e+001  0.000000e+000 -7.687173e+001
    endloop
  endfacet
  facet normal  0.000000e+000  1.000000e+000  0.000000e+000
    outer loop
      vertex  9.512732e+000  0.000000e+000 -7.683673e+001
      vertex  1.974761e+001  0.000000e+000 -7.687173e+001
      vertex  9.575522e+000  0.000000e+000 -7.694016e+001
    endloop
  endfacet
  facet normal  -0.000000e+000  1.000000e+000  0.000000e+000
    outer loop
      vertex  9.575522e+000  0.000000e+000 -7.694016e+001
      vertex  1.974761e+001  0.000000e+000 -7.687173e+001
      vertex  1.968679e+001  0.000000e+000 -7.698177e+001
    endloop
  endfacet
  facet normal  0.000000e+000  1.000000e+000  0.000000e+000
    outer loop
      vertex  9.575522e+000  0.000000e+000 -7.694016e+001
      vertex  1.968679e+001  0.000000e+000 -7.698177e+001
      vertex  9.649935e+000  0.000000e+000 -7.704944e+001
    endloop
  endfacet
  facet normal  -0.000000e+000  1.000000e+000  0.000000e+000
    outer loop
      vertex  9.649935e+000  0.000000e+000 -7.704944e+001
      vertex  1.968679e+001  0.000000e+000 -7.698177e+001
      vertex  1.961976e+001  0.000000e+000 -7.708813e+001
    endloop
  endfacet
  facet normal  0.000000e+000  1.000000e+000  0.000000e+000
    outer loop
      vertex  9.649935e+000  0.000000e+000 -7.704944e+001
      vertex  1.961976e+001  0.000000e+000 -7.708813e+001
      vertex  9.730531e+000  0.000000e+000 -7.715483e+001
    endloop
  endfacet
  facet normal  -0.000000e+000  1.000000e+000  0.000000e+000
    outer loop
      vertex  9.730531e+000  0.000000e+000 -7.715483e+001
      vertex  1.961976e+001  0.000000e+000 -7.708813e+001
      vertex  1.954899e+001  0.000000e+000 -7.718732e+001
    endloop
  endfacet
  facet normal  0.000000e+000  1.000000e+000  0.000000e+000
    outer loop
      vertex  9.730531e+000  0.000000e+000 -7.715483e+001
      vertex  1.954899e+001  0.000000e+000 -7.718732e+001
      vertex  9.817210e+000  0.000000e+000 -7.725600e+001
    endloop
  endfacet
  facet normal  -0.000000e+000  1.000000e+000  0.000000e+000
    outer loop
      vertex  9.817210e+000  0.000000e+000 -7.725600e+001
      vertex  1.954899e+001  0.000000e+000 -7.718732e+001
      vertex  1.947268e+001  0.000000e+000 -7.728230e+001
    endloop
  endfacet
  facet normal  0.000000e+000  1.000000e+000  0.000000e+000
    outer loop
      vertex  9.817210e+000  0.000000e+000 -7.725600e+001
      vertex  1.947268e+001  0.000000e+000 -7.728230e+001
      vertex  9.909857e+000  0.000000e+000 -7.735252e+001
    endloop
  endfacet
  facet normal  -0.000000e+000  1.000000e+000  0.000000e+000
    outer loop
      vertex  9.909857e+000  0.000000e+000 -7.735252e+001
      vertex  1.947268e+001  0.000000e+000 -7.728230e+001
      vertex  1.939100e+001  0.000000e+000 -7.737271e+001
    endloop
  endfacet
  facet normal  0.000000e+000  1.000000e+000  0.000000e+000
    outer loop
      vertex  9.909857e+000  0.000000e+000 -7.735252e+001
      vertex  1.939100e+001  0.000000e+000 -7.737271e+001
      vertex  1.000834e+001  0.000000e+000 -7.744401e+001
    endloop
  endfacet
  facet normal  -0.000000e+000  9.999999e-001  0.000000e+000
    outer loop
      vertex  1.000834e+001  0.000000e+000 -7.744401e+001
      vertex  1.939100e+001  0.000000e+000 -7.737271e+001
      vertex  1.930416e+001  0.000000e+000 -7.745818e+001
    endloop
  endfacet
  facet normal  0.000000e+000  1.000000e+000  0.000000e+000
    outer loop
      vertex  1.000834e+001  0.000000e+000 -7.744401e+001
      vertex  1.930416e+001  0.000000e+000 -7.745818e+001
      vertex  1.005971e+001  0.000000e+000 -7.748772e+001
    endloop
  endfacet
  facet normal  -0.000000e+000  9.999999e-001  0.000000e+000
    outer loop
      vertex  1.005971e+001  0.000000e+000 -7.748772e+001
      vertex  1.930416e+001  0.000000e+000 -7.745818e+001
      vertex  1.921240e+001  0.000000e+000 -7.753834e+001
    endloop
  endfacet
  facet normal  0.000000e+000  1.000000e+000  0.000000e+000
    outer loop
      vertex  1.005971e+001  0.000000e+000 -7.748772e+001
      vertex  1.921240e+001  0.000000e+000 -7.753834e+001
      vertex  1.011248e+001  0.000000e+000 -7.753001e+001
    endloop
  endfacet
  facet normal  0.000000e+000  1.000000e+000  0.000000e+000
    outer loop
      vertex  1.011248e+001  0.000000e+000 -7.753001e+001
      vertex  1.921240e+001  0.000000e+000 -7.753834e+001
      vertex  1.019420e+001  0.000000e+000 -7.759062e+001
    endloop
  endfacet
  facet normal  -0.000000e+000  1.000000e+000  0.000000e+000
    outer loop
      vertex  1.019420e+001  0.000000e+000 -7.759062e+001
      vertex  1.921240e+001  0.000000e+000 -7.753834e+001
      vertex  1.911599e+001  0.000000e+000 -7.761283e+001
    endloop
  endfacet
  facet normal  0.000000e+000  1.000000e+000  0.000000e+000
    outer loop
      vertex  1.019420e+001  0.000000e+000 -7.759062e+001
      vertex  1.911599e+001  0.000000e+000 -7.761283e+001
      vertex  1.027892e+001  0.000000e+000 -7.764770e+001
    endloop
  endfacet
  facet normal  -0.000000e+000  1.000000e+000  0.000000e+000
    outer loop
      vertex  1.027892e+001  0.000000e+000 -7.764770e+001
      vertex  1.911599e+001  0.000000e+000 -7.761283e+001
      vertex  1.901521e+001  0.000000e+000 -7.768130e+001
    endloop
  endfacet
  facet normal  0.000000e+000  9.999999e-001  0.000000e+000
    outer loop
      vertex  1.027892e+001  0.000000e+000 -7.764770e+001
      vertex  1.901521e+001  0.000000e+000 -7.768130e+001
      vertex  1.036653e+001  0.000000e+000 -7.770101e+001
    endloop
  endfacet
  facet normal  0.000000e+000  1.000000e+000  0.000000e+000
    outer loop
      vertex  1.036653e+001  0.000000e+000 -7.770101e+001
      vertex  1.901521e+001  0.000000e+000 -7.768130e+001
      vertex  1.045692e+001  0.000000e+000 -7.775037e+001
    endloop
  endfacet
  facet normal  0.000000e+000  1.000000e+000  0.000000e+000
    outer loop
      vertex  1.045692e+001  0.000000e+000 -7.775037e+001
      vertex  1.901521e+001  0.000000e+000 -7.768130e+001
      vertex  1.891041e+001  0.000000e+000 -7.774343e+001
    endloop
  endfacet
  facet normal  0.000000e+000  1.000000e+000  0.000000e+000
    outer loop
      vertex  1.045692e+001  0.000000e+000 -7.775037e+001
      vertex  1.891041e+001  0.000000e+000 -7.774343e+001
      vertex  1.056351e+001  0.000000e+000 -7.780166e+001
    endloop
  endfacet
  facet normal  0.000000e+000  1.000000e+000  0.000000e+000
    outer loop
      vertex  1.056351e+001  0.000000e+000 -7.780166e+001
      vertex  1.891041e+001  0.000000e+000 -7.774343e+001
      vertex  1.880465e+001  0.000000e+000 -7.779759e+001
    endloop
  endfacet
  facet normal  0.000000e+000  1.000000e+000  0.000000e+000
    outer loop
      vertex  1.056351e+001  0.000000e+000 -7.780166e+001
      vertex  1.880465e+001  0.000000e+000 -7.779759e+001
      vertex  1.067335e+001  0.000000e+000 -7.784715e+001
    endloop
  endfacet
  facet normal  0.000000e+000  1.000000e+000  0.000000e+000
    outer loop
      vertex  1.067335e+001  0.000000e+000 -7.784715e+001
      vertex  1.880465e+001  0.000000e+000 -7.779759e+001
      vertex  1.869576e+001  0.000000e+000 -7.784514e+001
    endloop
  endfacet
  facet normal  0.000000e+000  1.000000e+000  0.000000e+000
    outer loop
      vertex  1.067335e+001  0.000000e+000 -7.784715e+001
      vertex  1.869576e+001  0.000000e+000 -7.784514e+001
      vertex  1.078618e+001  0.000000e+000 -7.788651e+001
    endloop
  endfacet
  facet normal  0.000000e+000  1.000000e+000  0.000000e+000
    outer loop
      vertex  1.078618e+001  0.000000e+000 -7.788651e+001
      vertex  1.869576e+001  0.000000e+000 -7.784514e+001
      vertex  1.858413e+001  0.000000e+000 -7.788582e+001
    endloop
  endfacet
  facet normal  0.000000e+000  1.000000e+000  0.000000e+000
    outer loop
      vertex  1.078618e+001  0.000000e+000 -7.788651e+001
      vertex  1.858413e+001  0.000000e+000 -7.788582e+001
      vertex  1.090168e+001  0.000000e+000 -7.791938e+001
    endloop
  endfacet
  facet normal  -0.000000e+000  1.000000e+000  0.000000e+000
    outer loop
      vertex  1.090168e+001  0.000000e+000 -7.791938e+001
      vertex  1.858413e+001  0.000000e+000 -7.788582e+001
      vertex  1.847017e+001  0.000000e+000 -7.791942e+001
    endloop
  endfacet
  facet normal  0.000000e+000  9.999999e-001  0.000000e+000
    outer loop
      vertex  1.090168e+001  0.000000e+000 -7.791938e+001
      vertex  1.847017e+001  0.000000e+000 -7.791942e+001
      vertex  1.101950e+001  0.000000e+000 -7.794546e+001
    endloop
  endfacet
  facet normal  -0.000000e+000  1.000000e+000  0.000000e+000
    outer loop
      vertex  1.101950e+001  0.000000e+000 -7.794546e+001
      vertex  1.847017e+001  0.000000e+000 -7.791942e+001
      vertex  1.835432e+001  0.000000e+000 -7.794575e+001
    endloop
  endfacet
  facet normal  0.000000e+000  1.000000e+000  0.000000e+000
    outer loop
      vertex  1.101950e+001  0.000000e+000 -7.794546e+001
      vertex  1.835432e+001  0.000000e+000 -7.794575e+001
      vertex  1.113922e+001  0.000000e+000 -7.796442e+001
    endloop
  endfacet
  facet normal  -0.000000e+000  1.000000e+000  0.000000e+000
    outer loop
      vertex  1.113922e+001  0.000000e+000 -7.796442e+001
      vertex  1.835432e+001  0.000000e+000 -7.794575e+001
      vertex  1.823702e+001  0.000000e+000 -7.796467e+001
    endloop
  endfacet
  facet normal  0.000000e+000  1.000000e+000  0.000000e+000
    outer loop
      vertex  1.113922e+001  0.000000e+000 -7.796442e+001
      vertex  1.823702e+001  0.000000e+000 -7.796467e+001
      vertex  1.126041e+001  0.000000e+000 -7.797597e+001
    endloop
  endfacet
  facet normal  -0.000000e+000  9.999999e-001  0.000000e+000
    outer loop
      vertex  1.126041e+001  0.000000e+000 -7.797597e+001
      vertex  1.823702e+001  0.000000e+000 -7.796467e+001
      vertex  1.811876e+001  0.000000e+000 -7.797606e+001
    endloop
  endfacet
  facet normal  0.000000e+000  1.000000e+000  0.000000e+000
    outer loop
      vertex  1.126041e+001  0.000000e+000 -7.797597e+001
      vertex  1.811876e+001  0.000000e+000 -7.797606e+001
      vertex  1.138257e+001  0.000000e+000 -7.797987e+001
    endloop
  endfacet
  facet normal  0.000000e+000  1.000000e+000  0.000000e+000
    outer loop
      vertex  1.138257e+001  0.000000e+000 -7.797987e+001
      vertex  1.811876e+001  0.000000e+000 -7.797606e+001
      vertex  1.800000e+001  0.000000e+000 -7.797987e+001
    endloop
  endfacet
  facet normal  0.000000e+000  2.575279e-002  9.996683e-001
    outer loop
      vertex -6.000000e+000  3.582990e-015  3.000000e+000
      vertex  6.000000e+000  3.582990e-015  3.000000e+000
      vertex -6.000000e+000  1.544643e-001  2.996021e+000
    endloop
  endfacet
  facet normal  -0.000000e+000  2.575279e-002  9.996683e-001
    outer loop
      vertex -6.000000e+000  1.544643e-001  2.996021e+000
      vertex  6.000000e+000  3.582990e-015  3.000000e+000
      vertex  6.000000e+000  1.544643e-001  2.996021e+000
    endloop
  endfacet
  facet normal  0.000000e+000  7.718895e-002  9.970165e-001
    outer loop
      vertex -6.000000e+000  1.544643e-001  2.996021e+000
      vertex  6.000000e+000  1.544643e-001  2.996021e+000
      vertex -6.000000e+000  3.085188e-001  2.984094e+000
    endloop
  endfacet
  facet normal  -0.000000e+000  7.718895e-002  9.970165e-001
    outer loop
      vertex -6.000000e+000  3.085188e-001  2.984094e+000
      vertex  6.000000e+000  1.544643e-001  2.996021e+000
      vertex  6.000000e+000  3.085188e-001  2.984094e+000
    endloop
  endfacet
  facet normal  0.000000e+000  1.284214e-001  9.917197e-001
    outer loop
      vertex -6.000000e+000  3.085188e-001  2.984094e+000
      vertex  6.000000e+000  3.085188e-001  2.984094e+000
      vertex -6.000000e+000  4.617548e-001  2.964251e+000
    endloop
  endfacet
  facet normal  -0.000000e+000  1.284214e-001  9.917197e-001
    outer loop
      vertex -6.000000e+000  4.617548e-001  2.964251e+000
      vertex  6.000000e+000  3.085188e-001  2.984094e+000
      vertex  6.000000e+000  4.617548e-001  2.964251e+000
    endloop
  endfacet
  facet normal  0.000000e+000  1.793129e-001  9.837921e-001
    outer loop
      vertex -6.000000e+000  4.617548e-001  2.964251e+000
      vertex  6.000000e+000  4.617548e-001  2.964251e+000
      vertex -6.000000e+000  6.137660e-001  2.936544e+000
    endloop
  endfacet
  facet normal  -0.000000e+000  1.793129e-001  9.837921e-001
    outer loop
      vertex -6.000000e+000  6.137660e-001  2.936544e+000
      vertex  6.000000e+000  4.617548e-001  2.964251e+000
      vertex  6.000000e+000  6.137660e-001  2.936544e+000
    endloop
  endfacet
  facet normal  0.000000e+000  2.297291e-001  9.732546e-001
    outer loop
      vertex -6.000000e+000  6.137660e-001  2.936544e+000
      vertex  6.000000e+000  6.137660e-001  2.936544e+000
      vertex -6.000000e+000  7.641489e-001  2.901047e+000
    endloop
  endfacet
  facet normal  -0.000000e+000  2.297291e-001  9.732546e-001
    outer loop
      vertex -6.000000e+000  7.641489e-001  2.901047e+000
      vertex  6.000000e+000  6.137660e-001  2.936544e+000
      vertex  6.000000e+000  7.641489e-001  2.901047e+000
    endloop
  endfacet
  facet normal  0.000000e+000  2.795343e-001  9.601357e-001
    outer loop
      vertex -6.000000e+000  7.641489e-001  2.901047e+000
      vertex  6.000000e+000  7.641489e-001  2.901047e+000
      vertex -6.000000e+000  9.125047e-001  2.857855e+000
    endloop
  endfacet
  facet normal  -0.000000e+000  2.795343e-001  9.601357e-001
    outer loop
      vertex -6.000000e+000  9.125047e-001  2.857855e+000
      vertex  6.000000e+000  7.641489e-001  2.901047e+000
      vertex  6.000000e+000  9.125047e-001  2.857855e+000
    endloop
  endfacet
  facet normal  0.000000e+000  3.286004e-001  9.444690e-001
    outer loop
      vertex -6.000000e+000  9.125047e-001  2.857855e+000
      vertex  6.000000e+000  9.125047e-001  2.857855e+000
      vertex -6.000000e+000  1.058440e+000  2.807081e+000
    endloop
  endfacet
  facet normal  -0.000000e+000  3.286004e-001  9.444690e-001
    outer loop
      vertex -6.000000e+000  1.058440e+000  2.807081e+000
      vertex  6.000000e+000  9.125047e-001  2.857855e+000
      vertex  6.000000e+000  1.058440e+000  2.807081e+000
    endloop
  endfacet
  facet normal  0.000000e+000  3.767929e-001  9.262976e-001
    outer loop
      vertex -6.000000e+000  1.058440e+000  2.807081e+000
      vertex  6.000000e+000  1.058440e+000  2.807081e+000
      vertex -6.000000e+000  1.201567e+000  2.748861e+000
    endloop
  endfacet
  facet normal  -0.000000e+000  3.767929e-001  9.262976e-001
    outer loop
      vertex -6.000000e+000  1.201567e+000  2.748861e+000
      vertex  6.000000e+000  1.058440e+000  2.807081e+000
      vertex  6.000000e+000  1.201567e+000  2.748861e+000
    endloop
  endfacet
  facet normal  0.000000e+000  4.239863e-001  9.056687e-001
    outer loop
      vertex -6.000000e+000  1.201567e+000  2.748861e+000
      vertex  6.000000e+000  1.201567e+000  2.748861e+000
      vertex -6.000000e+000  1.341507e+000  2.683348e+000
    endloop
  endfacet
  facet normal  -0.000000e+000  4.239863e-001  9.056687e-001
    outer loop
      vertex -6.000000e+000  1.341507e+000  2.683348e+000
      vertex  6.000000e+000  1.201567e+000  2.748861e+000
      vertex  6.000000e+000  1.341507e+000  2.683348e+000
    endloop
  endfacet
  facet normal  0.000000e+000  4.700554e-001  8.826368e-001
    outer loop
      vertex -6.000000e+000  1.341507e+000  2.683348e+000
      vertex  6.000000e+000  1.341507e+000  2.683348e+000
      vertex -6.000000e+000  1.477888e+000  2.610718e+000
    endloop
  endfacet
  facet normal  -0.000000e+000  4.700554e-001  8.826368e-001
    outer loop
      vertex -6.000000e+000  1.477888e+000  2.610718e+000
      vertex  6.000000e+000  1.341507e+000  2.683348e+000
      vertex  6.000000e+000  1.477888e+000  2.610718e+000
    endloop
  endfacet
  facet normal  0.000000e+000  5.148770e-001  8.572642e-001
    outer loop
      vertex -6.000000e+000  1.477888e+000  2.610718e+000
      vertex  6.000000e+000  1.477888e+000  2.610718e+000
      vertex -6.000000e+000  1.610349e+000  2.531161e+000
    endloop
  endfacet
  facet normal  -0.000000e+000  5.148770e-001  8.572642e-001
    outer loop
      vertex -6.000000e+000  1.610349e+000  2.531161e+000
      vertex  6.000000e+000  1.477888e+000  2.610718e+000
      vertex  6.000000e+000  1.610349e+000  2.531161e+000
    endloop
  endfacet
  facet normal  0.000000e+000  5.583330e-001  8.296170e-001
    outer loop
      vertex -6.000000e+000  1.610349e+000  2.531161e+000
      vertex  6.000000e+000  1.610349e+000  2.531161e+000
      vertex -6.000000e+000  1.738537e+000  2.444890e+000
    endloop
  endfacet
  facet normal  -0.000000e+000  5.583330e-001  8.296170e-001
    outer loop
      vertex -6.000000e+000  1.738537e+000  2.444890e+000
      vertex  6.000000e+000  1.610349e+000  2.531161e+000
      vertex  6.000000e+000  1.738537e+000  2.444890e+000
    endloop
  endfacet
  facet normal  0.000000e+000  6.003072e-001  7.997695e-001
    outer loop
      vertex -6.000000e+000  1.738537e+000  2.444890e+000
      vertex  6.000000e+000  1.738537e+000  2.444890e+000
      vertex -6.000000e+000  1.862114e+000  2.352133e+000
    endloop
  endfacet
  facet normal  -0.000000e+000  6.003072e-001  7.997695e-001
    outer loop
      vertex -6.000000e+000  1.862114e+000  2.352133e+000
      vertex  6.000000e+000  1.738537e+000  2.444890e+000
      vertex  6.000000e+000  1.862114e+000  2.352133e+000
    endloop
  endfacet
  facet normal  0.000000e+000  6.406903e-001  7.677994e-001
    outer loop
      vertex -6.000000e+000  1.862114e+000  2.352133e+000
      vertex  6.000000e+000  1.862114e+000  2.352133e+000
      vertex -6.000000e+000  1.980751e+000  2.253137e+000
    endloop
  endfacet
  facet normal  -0.000000e+000  6.406903e-001  7.677994e-001
    outer loop
      vertex -6.000000e+000  1.980751e+000  2.253137e+000
      vertex  6.000000e+000  1.862114e+000  2.352133e+000
      vertex  6.000000e+000  1.980751e+000  2.253137e+000
    endloop
  endfacet
  facet normal  0.000000e+000  6.793725e-001  7.337936e-001
    outer loop
      vertex -6.000000e+000  1.980751e+000  2.253137e+000
      vertex  6.000000e+000  1.980751e+000  2.253137e+000
      vertex -6.000000e+000  2.094134e+000  2.148163e+000
    endloop
  endfacet
  facet normal  -0.000000e+000  6.793725e-001  7.337936e-001
    outer loop
      vertex -6.000000e+000  2.094134e+000  2.148163e+000
      vertex  6.000000e+000  1.980751e+000  2.253137e+000
      vertex  6.000000e+000  2.094134e+000  2.148163e+000
    endloop
  endfacet
  facet normal  0.000000e+000  7.162532e-001  6.978405e-001
    outer loop
      vertex -6.000000e+000  2.094134e+000  2.148163e+000
      vertex  6.000000e+000  2.094134e+000  2.148163e+000
      vertex -6.000000e+000  2.201961e+000  2.037491e+000
    endloop
  endfacet
  facet normal  -0.000000e+000  7.162532e-001  6.978405e-001
    outer loop
      vertex -6.000000e+000  2.201961e+000  2.037491e+000
      vertex  6.000000e+000  2.094134e+000  2.148163e+000
      vertex  6.000000e+000  2.201961e+000  2.037491e+000
    endloop
  endfacet
  facet normal  0.000000e+000  7.512336e-001  6.600365e-001
    outer loop
      vertex -6.000000e+000  2.201961e+000  2.037491e+000
      vertex  6.000000e+000  2.201961e+000  2.037491e+000
      vertex -6.000000e+000  2.303947e+000  1.921414e+000
    endloop
  endfacet
  facet normal  -0.000000e+000  7.512336e-001  6.600365e-001
    outer loop
      vertex -6.000000e+000  2.303947e+000  1.921414e+000
      vertex  6.000000e+000  2.201961e+000  2.037491e+000
      vertex  6.000000e+000  2.303947e+000  1.921414e+000
    endloop
  endfacet
  facet normal  0.000000e+000  7.842217e-001  6.204807e-001
    outer loop
      vertex -6.000000e+000  2.303947e+000  1.921414e+000
      vertex  6.000000e+000  2.303947e+000  1.921414e+000
      vertex -6.000000e+000  2.399821e+000  1.800239e+000
    endloop
  endfacet
  facet normal  -0.000000e+000  7.842217e-001  6.204807e-001
    outer loop
      vertex -6.000000e+000  2.399821e+000  1.800239e+000
      vertex  6.000000e+000  2.303947e+000  1.921414e+000
      vertex  6.000000e+000  2.399821e+000  1.800239e+000
    endloop
  endfacet
  facet normal  0.000000e+000  8.151283e-001  5.792804e-001
    outer loop
      vertex -6.000000e+000  2.399821e+000  1.800239e+000
      vertex  6.000000e+000  2.399821e+000  1.800239e+000
      vertex -6.000000e+000  2.489328e+000  1.674289e+000
    endloop
  endfacet
  facet normal  -0.000000e+000  8.151283e-001  5.792804e-001
    outer loop
      vertex -6.000000e+000  2.489328e+000  1.674289e+000
      vertex  6.000000e+000  2.399821e+000  1.800239e+000
      vertex  6.000000e+000  2.489328e+000  1.674289e+000
    endloop
  endfacet
  facet normal  0.000000e+000  8.438736e-001  5.365421e-001
    outer loop
      vertex -6.000000e+000  2.489328e+000  1.674289e+000
      vertex  6.000000e+000  2.489328e+000  1.674289e+000
      vertex -6.000000e+000  2.572232e+000  1.543898e+000
    endloop
  endfacet
  facet normal  -0.000000e+000  8.438736e-001  5.365421e-001
    outer loop
      vertex -6.000000e+000  2.572232e+000  1.543898e+000
      vertex  6.000000e+000  2.489328e+000  1.674289e+000
      vertex  6.000000e+000  2.572232e+000  1.543898e+000
    endloop
  endfacet
  facet normal  0.000000e+000  8.703795e-001  4.923813e-001
    outer loop
      vertex -6.000000e+000  2.572232e+000  1.543898e+000
      vertex  6.000000e+000  2.572232e+000  1.543898e+000
      vertex -6.000000e+000  2.648313e+000  1.409410e+000
    endloop
  endfacet
  facet normal  -0.000000e+000  8.703795e-001  4.923813e-001
    outer loop
      vertex -6.000000e+000  2.648313e+000  1.409410e+000
      vertex  6.000000e+000  2.572232e+000  1.543898e+000
      vertex  6.000000e+000  2.648313e+000  1.409410e+000
    endloop
  endfacet
  facet normal  0.000000e+000  8.945770e-001  4.469139e-001
    outer loop
      vertex -6.000000e+000  2.648313e+000  1.409410e+000
      vertex  6.000000e+000  2.648313e+000  1.409410e+000
      vertex -6.000000e+000  2.717368e+000  1.271185e+000
    endloop
  endfacet
  facet normal  -0.000000e+000  8.945770e-001  4.469139e-001
    outer loop
      vertex -6.000000e+000  2.717368e+000  1.271185e+000
      vertex  6.000000e+000  2.648313e+000  1.409410e+000
      vertex  6.000000e+000  2.717368e+000  1.271185e+000
    endloop
  endfacet
  facet normal  0.000000e+000  9.164007e-001  4.002620e-001
    outer loop
      vertex -6.000000e+000  2.717368e+000  1.271185e+000
      vertex  6.000000e+000  2.717368e+000  1.271185e+000
      vertex -6.000000e+000  2.779215e+000  1.129586e+000
    endloop
  endfacet
  facet normal  -0.000000e+000  9.164007e-001  4.002620e-001
    outer loop
      vertex -6.000000e+000  2.779215e+000  1.129586e+000
      vertex  6.000000e+000  2.717368e+000  1.271185e+000
      vertex  6.000000e+000  2.779215e+000  1.129586e+000
    endloop
  endfacet
  facet normal  0.000000e+000  9.357944e-001  3.525464e-001
    outer loop
      vertex -6.000000e+000  2.779215e+000  1.129586e+000
      vertex  6.000000e+000  2.779215e+000  1.129586e+000
      vertex -6.000000e+000  2.833689e+000  9.849916e-001
    endloop
  endfacet
  facet normal  -0.000000e+000  9.357944e-001  3.525464e-001
    outer loop
      vertex -6.000000e+000  2.833689e+000  9.849916e-001
      vertex  6.000000e+000  2.779215e+000  1.129586e+000
      vertex  6.000000e+000  2.833689e+000  9.849916e-001
    endloop
  endfacet
  facet normal  0.000000e+000  9.527050e-001  3.038969e-001
    outer loop
      vertex -6.000000e+000  2.833689e+000  9.849916e-001
      vertex  6.000000e+000  2.833689e+000  9.849916e-001
      vertex -6.000000e+000  2.880646e+000  8.377839e-001
    endloop
  endfacet
  facet normal  -0.000000e+000  9.527050e-001  3.038969e-001
    outer loop
      vertex -6.000000e+000  2.880646e+000  8.377839e-001
      vertex  6.000000e+000  2.833689e+000  9.849916e-001
      vertex  6.000000e+000  2.880646e+000  8.377839e-001
    endloop
  endfacet
  facet normal  0.000000e+000  9.670885e-001  2.544404e-001
    outer loop
      vertex -6.000000e+000  2.880646e+000  8.377839e-001
      vertex  6.000000e+000  2.880646e+000  8.377839e-001
      vertex -6.000000e+000  2.919960e+000  6.883538e-001
    endloop
  endfacet
  facet normal  -0.000000e+000  9.670885e-001  2.544404e-001
    outer loop
      vertex -6.000000e+000  2.919960e+000  6.883538e-001
      vertex  6.000000e+000  2.880646e+000  8.377839e-001
      vertex  6.000000e+000  2.919960e+000  6.883538e-001
    endloop
  endfacet
  facet normal  0.000000e+000  9.789064e-001  2.043096e-001
    outer loop
      vertex -6.000000e+000  2.919960e+000  6.883538e-001
      vertex  6.000000e+000  2.919960e+000  6.883538e-001
      vertex -6.000000e+000  2.951530e+000  5.370976e-001
    endloop
  endfacet
  facet normal  -0.000000e+000  9.789064e-001  2.043096e-001
    outer loop
      vertex -6.000000e+000  2.951530e+000  5.370976e-001
      vertex  6.000000e+000  2.919960e+000  6.883538e-001
      vertex  6.000000e+000  2.951530e+000  5.370976e-001
    endloop
  endfacet
  facet normal  0.000000e+000  9.881276e-001  1.536357e-001
    outer loop
      vertex -6.000000e+000  2.951530e+000  5.370976e-001
      vertex  6.000000e+000  2.951530e+000  5.370976e-001
      vertex -6.000000e+000  2.975269e+000  3.844166e-001
    endloop
  endfacet
  facet normal  -0.000000e+000  9.881276e-001  1.536357e-001
    outer loop
      vertex -6.000000e+000  2.975269e+000  3.844166e-001
      vertex  6.000000e+000  2.951530e+000  5.370976e-001
      vertex  6.000000e+000  2.975269e+000  3.844166e-001
    endloop
  endfacet
  facet normal  0.000000e+000  9.947271e-001  1.025575e-001
    outer loop
      vertex -6.000000e+000  2.975269e+000  3.844166e-001
      vertex  6.000000e+000  2.975269e+000  3.844166e-001
      vertex -6.000000e+000  2.991115e+000  2.307158e-001
    endloop
  endfacet
  facet normal  -0.000000e+000  9.947271e-001  1.025575e-001
    outer loop
      vertex -6.000000e+000  2.991115e+000  2.307158e-001
      vertex  6.000000e+000  2.975269e+000  3.844166e-001
      vertex  6.000000e+000  2.991115e+000  2.307158e-001
    endloop
  endfacet
  facet normal  0.000000e+000  9.986883e-001  5.120316e-002
    outer loop
      vertex -6.000000e+000  2.991115e+000  2.307158e-001
      vertex  6.000000e+000  2.991115e+000  2.307158e-001
      vertex -6.000000e+000  2.999027e+000  7.640293e-002
    endloop
  endfacet
  facet normal  -0.000000e+000  9.986883e-001  5.120316e-002
    outer loop
      vertex -6.000000e+000  2.999027e+000  7.640293e-002
      vertex  6.000000e+000  2.991115e+000  2.307158e-001
      vertex  6.000000e+000  2.999027e+000  7.640293e-002
    endloop
  endfacet
  facet normal  0.000000e+000  9.999999e-001 -2.854564e-004
    outer loop
      vertex -6.000000e+000  2.999027e+000  7.640293e-002
      vertex  6.000000e+000  2.999027e+000  7.640293e-002
      vertex -6.000000e+000  2.998983e+000 -7.811257e-002
    endloop
  endfacet
  facet normal  0.000000e+000  9.999999e-001 -2.854564e-004
    outer loop
      vertex -6.000000e+000  2.998983e+000 -7.811257e-002
      vertex  6.000000e+000  2.999027e+000  7.640293e-002
      vertex  6.000000e+000  2.998983e+000 -7.811257e-002
    endloop
  endfacet
  facet normal  0.000000e+000  9.986589e-001 -5.177253e-002
    outer loop
      vertex -6.000000e+000  2.998983e+000 -7.811257e-002
      vertex  6.000000e+000  2.998983e+000 -7.811257e-002
      vertex -6.000000e+000  2.990983e+000 -2.324209e-001
    endloop
  endfacet
  facet normal  0.000000e+000  9.986589e-001 -5.177253e-002
    outer loop
      vertex -6.000000e+000  2.990983e+000 -2.324209e-001
      vertex  6.000000e+000  2.998983e+000 -7.811257e-002
      vertex  6.000000e+000  2.990983e+000 -2.324209e-001
    endloop
  endfacet
  facet normal  0.000000e+000  9.946686e-001 -1.031238e-001
    outer loop
      vertex -6.000000e+000  2.990983e+000 -2.324209e-001
      vertex  6.000000e+000  2.990983e+000 -2.324209e-001
      vertex -6.000000e+000  2.975049e+000 -3.861126e-001
    endloop
  endfacet
  facet normal  0.000000e+000  9.946686e-001 -1.031238e-001
    outer loop
      vertex -6.000000e+000  2.975049e+000 -3.861126e-001
      vertex  6.000000e+000  2.990983e+000 -2.324209e-001
      vertex  6.000000e+000  2.975049e+000 -3.861126e-001
    endloop
  endfacet
  facet normal  0.000000e+000  9.880398e-001 -1.541989e-001
    outer loop
      vertex -6.000000e+000  2.975049e+000 -3.861126e-001
      vertex  6.000000e+000  2.975049e+000 -3.861126e-001
      vertex -6.000000e+000  2.951223e+000 -5.387800e-001
    endloop
  endfacet
  facet normal  0.000000e+000  9.880398e-001 -1.541989e-001
    outer loop
      vertex -6.000000e+000  2.951223e+000 -5.387800e-001
      vertex  6.000000e+000  2.975049e+000 -3.861126e-001
      vertex  6.000000e+000  2.951223e+000 -5.387800e-001
    endloop
  endfacet
  facet normal  0.000000e+000  9.787896e-001 -2.048681e-001
    outer loop
      vertex -6.000000e+000  2.951223e+000 -5.387800e-001
      vertex  6.000000e+000  2.951223e+000 -5.387800e-001
      vertex -6.000000e+000  2.919568e+000 -6.900182e-001
    endloop
  endfacet
  facet normal  0.000000e+000  9.787896e-001 -2.048681e-001
    outer loop
      vertex -6.000000e+000  2.919568e+000 -6.900182e-001
      vertex  6.000000e+000  2.951223e+000 -5.387800e-001
      vertex  6.000000e+000  2.919568e+000 -6.900182e-001
    endloop
  endfacet
  facet normal  0.000000e+000  9.669433e-001 -2.549913e-001
    outer loop
      vertex -6.000000e+000  2.919568e+000 -6.900182e-001
      vertex  6.000000e+000  2.919568e+000 -6.900182e-001
      vertex -6.000000e+000  2.880167e+000 -8.394259e-001
    endloop
  endfacet
  facet normal  0.000000e+000  9.669433e-001 -2.549913e-001
    outer loop
      vertex -6.000000e+000  2.880167e+000 -8.394259e-001
      vertex  6.000000e+000  2.919568e+000 -6.900182e-001
      vertex  6.000000e+000  2.880167e+000 -8.394259e-001
    endloop
  endfacet
  facet normal  0.000000e+000  9.525315e-001 -3.044400e-001
    outer loop
      vertex -6.000000e+000  2.880167e+000 -8.394259e-001
      vertex  6.000000e+000  2.880167e+000 -8.394259e-001
      vertex -6.000000e+000  2.833127e+000 -9.866068e-001
    endloop
  endfacet
  facet normal  0.000000e+000  9.525315e-001 -3.044400e-001
    outer loop
      vertex -6.000000e+000  2.833127e+000 -9.866068e-001
      vertex  6.000000e+000  2.880167e+000 -8.394259e-001
      vertex  6.000000e+000  2.833127e+000 -9.866068e-001
    endloop
  endfacet
  facet normal  0.000000e+000  9.355931e-001 -3.530801e-001
    outer loop
      vertex -6.000000e+000  2.833127e+000 -9.866068e-001
      vertex  6.000000e+000  2.833127e+000 -9.866068e-001
      vertex -6.000000e+000  2.778570e+000 -1.131171e+000
    endloop
  endfacet
  facet normal  0.000000e+000  9.355931e-001 -3.530801e-001
    outer loop
      vertex -6.000000e+000  2.778570e+000 -1.131171e+000
      vertex  6.000000e+000  2.833127e+000 -9.866068e-001
      vertex  6.000000e+000  2.778570e+000 -1.131171e+000
    endloop
  endfacet
  facet normal  0.000000e+000  9.161728e-001 -4.007837e-001
    outer loop
      vertex -6.000000e+000  2.778570e+000 -1.131171e+000
      vertex  6.000000e+000  2.778570e+000 -1.131171e+000
      vertex -6.000000e+000  2.716643e+000 -1.272733e+000
    endloop
  endfacet
  facet normal  0.000000e+000  9.161728e-001 -4.007837e-001
    outer loop
      vertex -6.000000e+000  2.716643e+000 -1.272733e+000
      vertex  6.000000e+000  2.778570e+000 -1.131171e+000
      vertex  6.000000e+000  2.716643e+000 -1.272733e+000
    endloop
  endfacet
  facet normal  0.000000e+000  8.943218e-001 -4.474244e-001
    outer loop
      vertex -6.000000e+000  2.716643e+000 -1.272733e+000
      vertex  6.000000e+000  2.716643e+000 -1.272733e+000
      vertex -6.000000e+000  2.647509e+000 -1.410920e+000
    endloop
  endfacet
  facet normal  0.000000e+000  8.943218e-001 -4.474244e-001
    outer loop
      vertex -6.000000e+000  2.647509e+000 -1.410920e+000
      vertex  6.000000e+000  2.716643e+000 -1.272733e+000
      vertex  6.000000e+000  2.647509e+000 -1.410920e+000
    endloop
  endfacet
  facet normal  0.000000e+000  8.700991e-001 -4.928768e-001
    outer loop
      vertex -6.000000e+000  2.647509e+000 -1.410920e+000
      vertex  6.000000e+000  2.647509e+000 -1.410920e+000
      vertex -6.000000e+000  2.571352e+000 -1.545364e+000
    endloop
  endfacet
  facet normal  0.000000e+000  8.700991e-001 -4.928768e-001
    outer loop
      vertex -6.000000e+000  2.571352e+000 -1.545364e+000
      vertex  6.000000e+000  2.647509e+000 -1.410920e+000
      vertex  6.000000e+000  2.571352e+000 -1.545364e+000
    endloop
  endfacet
  facet normal  0.000000e+000  8.435674e-001 -5.370235e-001
    outer loop
      vertex -6.000000e+000  2.571352e+000 -1.545364e+000
      vertex  6.000000e+000  2.571352e+000 -1.545364e+000
      vertex -6.000000e+000  2.488374e+000 -1.675708e+000
    endloop
  endfacet
  facet normal  0.000000e+000  8.435674e-001 -5.370235e-001
    outer loop
      vertex -6.000000e+000  2.488374e+000 -1.675708e+000
      vertex  6.000000e+000  2.571352e+000 -1.545364e+000
      vertex  6.000000e+000  2.488374e+000 -1.675708e+000
    endloop
  endfacet
  facet normal  0.000000e+000  8.147978e-001 -5.797452e-001
    outer loop
      vertex -6.000000e+000  2.488374e+000 -1.675708e+000
      vertex  6.000000e+000  2.488374e+000 -1.675708e+000
      vertex -6.000000e+000  2.398794e+000 -1.801607e+000
    endloop
  endfacet
  facet normal  0.000000e+000  8.147978e-001 -5.797452e-001
    outer loop
      vertex -6.000000e+000  2.398794e+000 -1.801607e+000
      vertex  6.000000e+000  2.488374e+000 -1.675708e+000
      vertex  6.000000e+000  2.398794e+000 -1.801607e+000
    endloop
  endfacet
  facet normal  0.000000e+000  7.838678e-001 -6.209278e-001
    outer loop
      vertex -6.000000e+000  2.398794e+000 -1.801607e+000
      vertex  6.000000e+000  2.398794e+000 -1.801607e+000
      vertex -6.000000e+000  2.302851e+000 -1.922727e+000
    endloop
  endfacet
  facet normal  0.000000e+000  7.838678e-001 -6.209278e-001
    outer loop
      vertex -6.000000e+000  2.302851e+000 -1.922727e+000
      vertex  6.000000e+000  2.398794e+000 -1.801607e+000
      vertex  6.000000e+000  2.302851e+000 -1.922727e+000
    endloop
  endfacet
  facet normal  0.000000e+000  7.508571e-001 -6.604646e-001
    outer loop
      vertex -6.000000e+000  2.302851e+000 -1.922727e+000
      vertex  6.000000e+000  2.302851e+000 -1.922727e+000
      vertex -6.000000e+000  2.200799e+000 -2.038746e+000
    endloop
  endfacet
  facet normal  0.000000e+000  7.508571e-001 -6.604646e-001
    outer loop
      vertex -6.000000e+000  2.200799e+000 -2.038746e+000
      vertex  6.000000e+000  2.302851e+000 -1.922727e+000
      vertex  6.000000e+000  2.200799e+000 -2.038746e+000
    endloop
  endfacet
  facet normal  0.000000e+000  7.158548e-001 -6.982491e-001
    outer loop
      vertex -6.000000e+000  2.200799e+000 -2.038746e+000
      vertex  6.000000e+000  2.200799e+000 -2.038746e+000
      vertex -6.000000e+000  2.092909e+000 -2.149356e+000
    endloop
  endfacet
  facet normal  0.000000e+000  7.158548e-001 -6.982491e-001
    outer loop
      vertex -6.000000e+000  2.092909e+000 -2.149356e+000
      vertex  6.000000e+000  2.200799e+000 -2.038746e+000
      vertex  6.000000e+000  2.092909e+000 -2.149356e+000
    endloop
  endfacet
  facet normal  0.000000e+000  6.789554e-001 -7.341796e-001
    outer loop
      vertex -6.000000e+000  2.092909e+000 -2.149356e+000
      vertex  6.000000e+000  2.092909e+000 -2.149356e+000
      vertex -6.000000e+000  1.979466e+000 -2.254266e+000
    endloop
  endfacet
  facet normal  0.000000e+000  6.789554e-001 -7.341796e-001
    outer loop
      vertex -6.000000e+000  1.979466e+000 -2.254266e+000
      vertex  6.000000e+000  2.092909e+000 -2.149356e+000
      vertex  6.000000e+000  1.979466e+000 -2.254266e+000
    endloop
  endfacet
  facet normal  0.000000e+000  6.402524e-001 -7.681646e-001
    outer loop
      vertex -6.000000e+000  1.979466e+000 -2.254266e+000
      vertex  6.000000e+000  1.979466e+000 -2.254266e+000
      vertex -6.000000e+000  1.860773e+000 -2.353194e+000
    endloop
  endfacet
  facet normal  0.000000e+000  6.402524e-001 -7.681646e-001
    outer loop
      vertex -6.000000e+000  1.860773e+000 -2.353194e+000
      vertex  6.000000e+000  1.979466e+000 -2.254266e+000
      vertex  6.000000e+000  1.860773e+000 -2.353194e+000
    endloop
  endfacet
  facet normal  0.000000e+000  5.998505e-001 -8.001121e-001
    outer loop
      vertex -6.000000e+000  1.860773e+000 -2.353194e+000
      vertex  6.000000e+000  1.860773e+000 -2.353194e+000
      vertex -6.000000e+000  1.737143e+000 -2.445881e+000
    endloop
  endfacet
  facet normal  0.000000e+000  5.998505e-001 -8.001121e-001
    outer loop
      vertex -6.000000e+000  1.737143e+000 -2.445881e+000
      vertex  6.000000e+000  1.860773e+000 -2.353194e+000
      vertex  6.000000e+000  1.737143e+000 -2.445881e+000
    endloop
  endfacet
  facet normal  0.000000e+000  5.578603e-001 -8.299349e-001
    outer loop
      vertex -6.000000e+000  1.737143e+000 -2.445881e+000
      vertex  6.000000e+000  1.737143e+000 -2.445881e+000
      vertex -6.000000e+000  1.608906e+000 -2.532079e+000
    endloop
  endfacet
  facet normal  0.000000e+000  5.578603e-001 -8.299349e-001
    outer loop
      vertex -6.000000e+000  1.608906e+000 -2.532079e+000
      vertex  6.000000e+000  1.737143e+000 -2.445881e+000
      vertex  6.000000e+000  1.608906e+000 -2.532079e+000
    endloop
  endfacet
  facet normal  0.000000e+000  5.143880e-001 -8.575576e-001
    outer loop
      vertex -6.000000e+000  1.608906e+000 -2.532079e+000
      vertex  6.000000e+000  1.608906e+000 -2.532079e+000
      vertex -6.000000e+000  1.476400e+000 -2.611560e+000
    endloop
  endfacet
  facet normal  0.000000e+000  5.143880e-001 -8.575576e-001
    outer loop
      vertex -6.000000e+000  1.476400e+000 -2.611560e+000
      vertex  6.000000e+000  1.608906e+000 -2.532079e+000
      vertex  6.000000e+000  1.476400e+000 -2.611560e+000
    endloop
  endfacet
  facet normal  0.000000e+000  4.695524e-001 -8.829046e-001
    outer loop
      vertex -6.000000e+000  1.476400e+000 -2.611560e+000
      vertex  6.000000e+000  1.476400e+000 -2.611560e+000
      vertex -6.000000e+000  1.339977e+000 -2.684113e+000
    endloop
  endfacet
  facet normal  0.000000e+000  4.695524e-001 -8.829046e-001
    outer loop
      vertex -6.000000e+000  1.339977e+000 -2.684113e+000
      vertex  6.000000e+000  1.476400e+000 -2.611560e+000
      vertex  6.000000e+000  1.339977e+000 -2.684113e+000
    endloop
  endfacet
  facet normal  0.000000e+000  4.234695e-001 -9.059104e-001
    outer loop
      vertex -6.000000e+000  1.339977e+000 -2.684113e+000
      vertex  6.000000e+000  1.339977e+000 -2.684113e+000
      vertex -6.000000e+000  1.200000e+000 -2.749545e+000
    endloop
  endfacet
  facet normal  0.000000e+000  4.234695e-001 -9.059104e-001
    outer loop
      vertex -6.000000e+000  1.200000e+000 -2.749545e+000
      vertex  6.000000e+000  1.339977e+000 -2.684113e+000
      vertex  6.000000e+000  1.200000e+000 -2.749545e+000
    endloop
  endfacet
  facet normal -1.000000e+000  -0.000000e+000  0.000000e+000
    outer loop
      vertex -6.000000e+000 -1.357202e+000  2.812276e+000
      vertex -6.000000e+000 -1.366298e+000  1.594750e+000
      vertex -6.000000e+000 -1.461881e+000  1.507615e+000
    endloop
  endfacet
  facet normal -1.000000e+000  0.000000e+000  -0.000000e+000
    outer loop
      vertex -6.000000e+000  1.958192e+000  7.586075e-001
      vertex -6.000000e+000  1.980751e+000  2.253137e+000
      vertex -6.000000e+000  2.001178e+000  6.366206e-001
    endloop
  endfacet
  facet normal -1.000000e+000  0.000000e+000  0.000000e+000
    outer loop
      vertex -6.000000e+000  9.235027e-002 -3.981849e+000
      vertex -6.000000e+000  1.870832e-001 -2.091639e+000
      vertex -6.000000e+000  1.325305e-001 -3.866644e+000
    endloop
  endfacet
  facet normal -9.999999e-001  -0.000000e+000  0.000000e+000
    outer loop
      vertex -6.000000e+000  3.101140e-001 -2.076969e+000
      vertex -6.000000e+000  2.940446e-001 -3.538681e+000
      vertex -6.000000e+000  2.335657e-001 -3.644647e+000
    endloop
  endfacet
  facet normal -1.000000e+000  -0.000000e+000  -0.000000e+000
    outer loop
      vertex -6.000000e+000  2.201961e+000  2.037491e+000
      vertex -6.000000e+000  2.303947e+000  1.921414e+000
      vertex -6.000000e+000  2.399821e+000  1.800239e+000
    endloop
  endfacet
  facet normal -1.000000e+000  -0.000000e+000  -0.000000e+000
    outer loop
      vertex -6.000000e+000  2.201961e+000  2.037491e+000
      vertex -6.000000e+000  2.399821e+000  1.800239e+000
      vertex -6.000000e+000  2.489328e+000  1.674289e+000
    endloop
  endfacet
  facet normal -1.000000e+000  -0.000000e+000  -0.000000e+000
    outer loop
      vertex -6.000000e+000  2.201961e+000  2.037491e+000
      vertex -6.000000e+000  2.489328e+000  1.674289e+000
      vertex -6.000000e+000  2.572232e+000  1.543898e+000
    endloop
  endfacet
  facet normal -9.999999e-001  -0.000000e+000  -0.000000e+000
    outer loop
      vertex -6.000000e+000  2.201961e+000  2.037491e+000
      vertex -6.000000e+000  2.572232e+000  1.543898e+000
      vertex -6.000000e+000  2.648313e+000  1.409410e+000
    endloop
  endfacet
  facet normal -1.000000e+000  -0.000000e+000  -0.000000e+000
    outer loop
      vertex -6.000000e+000  2.201961e+000  2.037491e+000
      vertex -6.000000e+000  2.648313e+000  1.409410e+000
      vertex -6.000000e+000  2.717368e+000  1.271185e+000
    endloop
  endfacet
  facet normal -1.000000e+000  -0.000000e+000  -0.000000e+000
    outer loop
      vertex -6.000000e+000  2.201961e+000  2.037491e+000
      vertex -6.000000e+000  2.717368e+000  1.271185e+000
      vertex -6.000000e+000  2.779215e+000  1.129586e+000
    endloop
  endfacet
  facet normal -1.000000e+000  -0.000000e+000  -0.000000e+000
    outer loop
      vertex -6.000000e+000  2.201961e+000  2.037491e+000
      vertex -6.000000e+000  2.779215e+000  1.129586e+000
      vertex -6.000000e+000  2.833689e+000  9.849916e-001
    endloop
  endfacet
  facet normal -1.000000e+000  -0.000000e+000  -0.000000e+000
    outer loop
      vertex -6.000000e+000  2.201961e+000  2.037491e+000
      vertex -6.000000e+000  2.833689e+000  9.849916e-001
      vertex -6.000000e+000  2.880646e+000  8.377839e-001
    endloop
  endfacet
  facet normal -1.000000e+000  -0.000000e+000  -0.000000e+000
    outer loop
      vertex -6.000000e+000  2.201961e+000  2.037491e+000
      vertex -6.000000e+000  2.880646e+000  8.377839e-001
      vertex -6.000000e+000  2.919960e+000  6.883538e-001
    endloop
  endfacet
  facet normal -1.000000e+000  -0.000000e+000  -0.000000e+000
    outer loop
      vertex -6.000000e+000  2.201961e+000  2.037491e+000
      vertex -6.000000e+000  2.919960e+000  6.883538e-001
      vertex -6.000000e+000  2.951530e+000  5.370976e-001
    endloop
  endfacet
  facet normal -1.000000e+000  -0.000000e+000  -0.000000e+000
    outer loop
      vertex -6.000000e+000  2.201961e+000  2.037491e+000
      vertex -6.000000e+000  2.951530e+000  5.370976e-001
      vertex -6.000000e+000  2.975269e+000  3.844166e-001
    endloop
  endfacet
  facet normal -1.000000e+000  -0.000000e+000  -0.000000e+000
    outer loop
      vertex -6.000000e+000  2.201961e+000  2.037491e+000
      vertex -6.000000e+000  2.975269e+000  3.844166e-001
      vertex -6.000000e+000  2.991115e+000  2.307158e-001
    endloop
  endfacet
  facet normal -1.000000e+000  -0.000000e+000  -0.000000e+000
    outer loop
      vertex -6.000000e+000  2.201961e+000  2.037491e+000
      vertex -6.000000e+000  2.991115e+000  2.307158e-001
      vertex -6.000000e+000  2.999027e+000  7.640293e-002
    endloop
  endfacet
  facet normal -9.999999e-001  -0.000000e+000  0.000000e+000
    outer loop
      vertex -6.000000e+000  2.201961e+000  2.037491e+000
      vertex -6.000000e+000  2.999027e+000  7.640293e-002
      vertex -6.000000e+000  2.998983e+000 -7.811257e-002
    endloop
  endfacet
  facet normal -1.000000e+000  0.000000e+000  0.000000e+000
    outer loop
      vertex -6.000000e+000  2.201961e+000  2.037491e+000
      vertex -6.000000e+000  2.998983e+000 -7.811257e-002
      vertex -6.000000e+000  2.100000e+000  0.000000e+000
    endloop
  endfacet
  facet normal -1.000000e+000  0.000000e+000  0.000000e+000
    outer loop
      vertex -6.000000e+000  2.201961e+000  2.037491e+000
      vertex -6.000000e+000  2.100000e+000  0.000000e+000
      vertex -6.000000e+000  2.096017e+000  1.292779e-001
    endloop
  endfacet
  facet normal -1.000000e+000  0.000000e+000  0.000000e+000
    outer loop
      vertex -6.000000e+000  2.201961e+000  2.037491e+000
      vertex -6.000000e+000  2.096017e+000  1.292779e-001
      vertex -6.000000e+000  2.094134e+000  2.148163e+000
    endloop
  endfacet
  facet normal -1.000000e+000  -0.000000e+000  0.000000e+000
    outer loop
      vertex -6.000000e+000  2.100000e+000  0.000000e+000
      vertex -6.000000e+000  2.998983e+000 -7.811257e-002
      vertex -6.000000e+000  2.990983e+000 -2.324209e-001
    endloop
  endfacet
  facet normal -1.000000e+000  -0.000000e+000  0.000000e+000
    outer loop
      vertex -6.000000e+000  2.100000e+000  0.000000e+000
      vertex -6.000000e+000  2.990983e+000 -2.324209e-001
      vertex -6.000000e+000  2.975049e+000 -3.861126e-001
    endloop
  endfacet
  facet normal -1.000000e+000  -0.000000e+000  0.000000e+000
    outer loop
      vertex -6.000000e+000  2.100000e+000  0.000000e+000
      vertex -6.000000e+000  2.975049e+000 -3.861126e-001
      vertex -6.000000e+000  2.951223e+000 -5.387800e-001
    endloop
  endfacet
  facet normal -9.999999e-001  -0.000000e+000  0.000000e+000
    outer loop
      vertex -6.000000e+000  2.100000e+000  0.000000e+000
      vertex -6.000000e+000  2.951223e+000 -5.387800e-001
      vertex -6.000000e+000  2.919568e+000 -6.900182e-001
    endloop
  endfacet
  facet normal -1.000000e+000  -0.000000e+000  0.000000e+000
    outer loop
      vertex -6.000000e+000  2.100000e+000  0.000000e+000
      vertex -6.000000e+000  2.919568e+000 -6.900182e-001
      vertex -6.000000e+000  2.880167e+000 -8.394259e-001
    endloop
  endfacet
  facet normal -1.000000e+000  -0.000000e+000  0.000000e+000
    outer loop
      vertex -6.000000e+000  2.100000e+000  0.000000e+000
      vertex -6.000000e+000  2.880167e+000 -8.394259e-001
      vertex -6.000000e+000  2.833127e+000 -9.866068e-001
    endloop
  endfacet
  facet normal -1.000000e+000  -0.000000e+000  0.000000e+000
    outer loop
      vertex -6.000000e+000  2.100000e+000  0.000000e+000
      vertex -6.000000e+000  2.833127e+000 -9.866068e-001
      vertex -6.000000e+000  2.778570e+000 -1.131171e+000
    endloop
  endfacet
  facet normal -1.000000e+000  -0.000000e+000  0.000000e+000
    outer loop
      vertex -6.000000e+000  2.100000e+000  0.000000e+000
      vertex -6.000000e+000  2.778570e+000 -1.131171e+000
      vertex -6.000000e+000  2.716643e+000 -1.272733e+000
    endloop
  endfacet
  facet normal -9.999999e-001  -0.000000e+000  0.000000e+000
    outer loop
      vertex -6.000000e+000  2.100000e+000  0.000000e+000
      vertex -6.000000e+000  2.716643e+000 -1.272733e+000
      vertex -6.000000e+000  2.647509e+000 -1.410920e+000
    endloop
  endfacet
  facet normal -1.000000e+000  -0.000000e+000  0.000000e+000
    outer loop
      vertex -6.000000e+000  2.100000e+000  0.000000e+000
      vertex -6.000000e+000  2.647509e+000 -1.410920e+000
      vertex -6.000000e+000  2.571352e+000 -1.545364e+000
    endloop
  endfacet
  facet normal -1.000000e+000  -0.000000e+000  0.000000e+000
    outer loop
      vertex -6.000000e+000  2.100000e+000  0.000000e+000
      vertex -6.000000e+000  2.571352e+000 -1.545364e+000
      vertex -6.000000e+000  2.488374e+000 -1.675708e+000
    endloop
  endfacet
  facet normal -1.000000e+000  -0.000000e+000  0.000000e+000
    outer loop
      vertex -6.000000e+000  2.100000e+000  0.000000e+000
      vertex -6.000000e+000  2.488374e+000 -1.675708e+000
      vertex -6.000000e+000  2.398794e+000 -1.801607e+000
    endloop
  endfacet
  facet normal -1.000000e+000  -0.000000e+000  0.000000e+000
    outer loop
      vertex -6.000000e+000  2.100000e+000  0.000000e+000
      vertex -6.000000e+000  2.398794e+000 -1.801607e+000
      vertex -6.000000e+000  2.302851e+000 -1.922727e+000
    endloop
  endfacet
  facet normal -1.000000e+000  -0.000000e+000  0.000000e+000
    outer loop
      vertex -6.000000e+000  2.100000e+000  0.000000e+000
      vertex -6.000000e+000  2.302851e+000 -1.922727e+000
      vertex -6.000000e+000  2.200799e+000 -2.038746e+000
    endloop
  endfacet
  facet normal -1.000000e+000  -0.000000e+000  0.000000e+000
    outer loop
      vertex -6.000000e+000  2.100000e+000  0.000000e+000
      vertex -6.000000e+000  2.200799e+000 -2.038746e+000
      vertex -6.000000e+000  2.092909e+000 -2.149356e+000
    endloop
  endfacet
  facet normal -1.000000e+000  0.000000e+000  0.000000e+000
    outer loop
      vertex -6.000000e+000  2.100000e+000  0.000000e+000
      vertex -6.000000e+000  2.092909e+000 -2.149356e+000
      vertex -6.000000e+000  2.096382e+000 -1.232176e-001
    endloop
  endfacet
  facet normal -9.999999e-001  0.000000e+000  -0.000000e+000
    outer loop
      vertex -6.000000e+000 -4.619398e+000 -8.658284e-002
      vertex -6.000000e+000 -4.540716e+000  9.329869e-002
      vertex -6.000000e+000 -2.099972e+000 -5.034115e-007
    endloop
  endfacet
  facet normal -1.000000e+000  0.000000e+000  -0.000000e+000
    outer loop
      vertex -6.000000e+000 -4.619398e+000 -8.658284e-002
      vertex -6.000000e+000 -2.099972e+000 -5.034115e-007
      vertex -6.000000e+000 -2.096482e+000 -1.210388e-001
    endloop
  endfacet
  facet normal -1.000000e+000  -0.000000e+000  -0.000000e+000
    outer loop
      vertex -6.000000e+000 -4.619398e+000 -8.658284e-002
      vertex -6.000000e+000 -2.096482e+000 -1.210388e-001
      vertex -6.000000e+000 -2.086025e+000 -2.416725e-001
    endloop
  endfacet
  facet normal -1.000000e+000  -0.000000e+000  -0.000000e+000
    outer loop
      vertex -6.000000e+000 -4.619398e+000 -8.658284e-002
      vertex -6.000000e+000 -2.086025e+000 -2.416725e-001
      vertex -6.000000e+000 -2.068635e+000 -3.614984e-001
    endloop
  endfacet
  facet normal -1.000000e+000  -0.000000e+000  -0.000000e+000
    outer loop
      vertex -6.000000e+000 -4.619398e+000 -8.658284e-002
      vertex -6.000000e+000 -2.068635e+000 -3.614984e-001
      vertex -6.000000e+000 -2.044370e+000 -4.801162e-001
    endloop
  endfacet
  facet normal -1.000000e+000  -0.000000e+000  -0.000000e+000
    outer loop
      vertex -6.000000e+000 -4.619398e+000 -8.658284e-002
      vertex -6.000000e+000 -2.044370e+000 -4.801162e-001
      vertex -6.000000e+000 -2.013311e+000 -5.971313e-001
    endloop
  endfacet
  facet normal -1.000000e+000  -0.000000e+000  -0.000000e+000
    outer loop
      vertex -6.000000e+000 -4.619398e+000 -8.658284e-002
      vertex -6.000000e+000 -2.013311e+000 -5.971313e-001
      vertex -6.000000e+000 -1.975559e+000 -7.121552e-001
    endloop
  endfacet
  facet normal -1.000000e+000  -0.000000e+000  -0.000000e+000
    outer loop
      vertex -6.000000e+000 -4.619398e+000 -8.658284e-002
      vertex -6.000000e+000 -1.975559e+000 -7.121552e-001
      vertex -6.000000e+000  0.000000e+000 -6.000000e+000
    endloop
  endfacet
  facet normal -9.999999e-001  0.000000e+000  0.000000e+000
    outer loop
      vertex -6.000000e+000 -2.099972e+000 -5.034115e-007
      vertex -6.000000e+000 -4.540716e+000  9.329869e-002
      vertex -6.000000e+000 -4.455033e+000  2.699525e-001
    endloop
  endfacet
  facet normal -9.999999e-001  0.000000e+000  0.000000e+000
    outer loop
      vertex -6.000000e+000 -2.099972e+000 -5.034115e-007
      vertex -6.000000e+000 -4.455033e+000  2.699525e-001
      vertex -6.000000e+000 -4.362480e+000  4.431062e-001
    endloop
  endfacet
  facet normal -1.000000e+000  0.000000e+000  0.000000e+000
    outer loop
      vertex -6.000000e+000 -2.099972e+000 -5.034115e-007
      vertex -6.000000e+000 -4.362480e+000  4.431062e-001
      vertex -6.000000e+000 -4.263201e+000  6.124928e-001
    endloop
  endfacet
  facet normal -9.999999e-001  0.000000e+000  0.000000e+000
    outer loop
      vertex -6.000000e+000 -2.099972e+000 -5.034115e-007
      vertex -6.000000e+000 -4.263201e+000  6.124928e-001
      vertex -6.000000e+000 -4.157348e+000  7.778512e-001
    endloop
  endfacet
  facet normal -1.000000e+000  0.000000e+000  0.000000e+000
    outer loop
      vertex -6.000000e+000 -2.099972e+000 -5.034115e-007
      vertex -6.000000e+000 -4.157348e+000  7.778512e-001
      vertex -6.000000e+000 -4.045085e+000  9.389263e-001
    endloop
  endfacet
  facet normal -1.000000e+000  0.000000e+000  0.000000e+000
    outer loop
      vertex -6.000000e+000 -2.099972e+000 -5.034115e-007
      vertex -6.000000e+000 -4.045085e+000  9.389263e-001
      vertex -6.000000e+000 -3.926585e+000  1.095470e+000
    endloop
  endfacet
  facet normal -1.000000e+000  0.000000e+000  0.000000e+000
    outer loop
      vertex -6.000000e+000 -2.099972e+000 -5.034115e-007
      vertex -6.000000e+000 -3.926585e+000  1.095470e+000
      vertex -6.000000e+000 -3.802030e+000  1.247240e+000
    endloop
  endfacet
  facet normal -9.999999e-001  0.000000e+000  0.000000e+000
    outer loop
      vertex -6.000000e+000 -2.099972e+000 -5.034115e-007
      vertex -6.000000e+000 -3.802030e+000  1.247240e+000
      vertex -6.000000e+000 -3.671613e+000  1.394004e+000
    endloop
  endfacet
  facet normal -1.000000e+000  0.000000e+000  0.000000e+000
    outer loop
      vertex -6.000000e+000 -2.099972e+000 -5.034115e-007
      vertex -6.000000e+000 -3.671613e+000  1.394004e+000
      vertex -6.000000e+000 -3.535534e+000  1.535534e+000
    endloop
  endfacet
  facet normal -9.999999e-001  0.000000e+000  0.000000e+000
    outer loop
      vertex -6.000000e+000 -2.099972e+000 -5.034115e-007
      vertex -6.000000e+000 -3.535534e+000  1.535534e+000
      vertex -6.000000e+000 -3.394004e+000  1.671613e+000
    endloop
  endfacet
  facet normal -1.000000e+000  0.000000e+000  0.000000e+000
    outer loop
      vertex -6.000000e+000 -2.099972e+000 -5.034115e-007
      vertex -6.000000e+000 -3.394004e+000  1.671613e+000
      vertex -6.000000e+000 -3.247240e+000  1.802030e+000
    endloop
  endfacet
  facet normal -1.000000e+000  0.000000e+000  0.000000e+000
    outer loop
      vertex -6.000000e+000 -2.099972e+000 -5.034115e-007
      vertex -6.000000e+000 -3.247240e+000  1.802030e+000
      vertex -6.000000e+000 -3.095470e+000  1.926585e+000
    endloop
  endfacet
  facet normal -1.000000e+000  0.000000e+000  0.000000e+000
    outer loop
      vertex -6.000000e+000 -2.099972e+000 -5.034115e-007
      vertex -6.000000e+000 -3.095470e+000  1.926585e+000
      vertex -6.000000e+000 -2.938926e+000  2.045085e+000
    endloop
  endfacet
  facet normal -9.999999e-001  0.000000e+000  0.000000e+000
    outer loop
      vertex -6.000000e+000 -2.099972e+000 -5.034115e-007
      vertex -6.000000e+000 -2.938926e+000  2.045085e+000
      vertex -6.000000e+000 -2.777851e+000  2.157348e+000
    endloop
  endfacet
  facet normal -9.999999e-001  0.000000e+000  0.000000e+000
    outer loop
      vertex -6.000000e+000 -2.099972e+000 -5.034115e-007
      vertex -6.000000e+000 -2.777851e+000  2.157348e+000
      vertex -6.000000e+000 -2.612493e+000  2.263201e+000
    endloop
  endfacet
  facet normal -9.999999e-001  0.000000e+000  0.000000e+000
    outer loop
      vertex -6.000000e+000 -2.099972e+000 -5.034115e-007
      vertex -6.000000e+000 -2.612493e+000  2.263201e+000
      vertex -6.000000e+000 -2.443106e+000  2.362480e+000
    endloop
  endfacet
  facet normal -1.000000e+000  0.000000e+000  0.000000e+000
    outer loop
      vertex -6.000000e+000 -2.099972e+000 -5.034115e-007
      vertex -6.000000e+000 -2.443106e+000  2.362480e+000
      vertex -6.000000e+000 -2.269953e+000  2.455033e+000
    endloop
  endfacet
  facet normal -1.000000e+000  0.000000e+000  0.000000e+000
    outer loop
      vertex -6.000000e+000 -2.099972e+000 -5.034115e-007
      vertex -6.000000e+000 -2.269953e+000  2.455033e+000
      vertex -6.000000e+000 -2.093299e+000  2.540716e+000
    endloop
  endfacet
  facet normal -1.000000e+000  0.000000e+000  0.000000e+000
    outer loop
      vertex -6.000000e+000 -2.099972e+000 -5.034115e-007
      vertex -6.000000e+000 -2.093299e+000  2.540716e+000
      vertex -6.000000e+000 -2.096017e+000  1.292779e-001
    endloop
  endfacet
  facet normal -1.000000e+000  -0.000000e+000  0.000000e+000
    outer loop
      vertex -6.000000e+000 -1.913417e+000  2.619398e+000
      vertex -6.000000e+000 -1.907777e+000  8.777167e-001
      vertex -6.000000e+000 -1.958192e+000  7.586075e-001
    endloop
  endfacet
  facet normal -1.000000e+000  -0.000000e+000  0.000000e+000
    outer loop
      vertex -6.000000e+000 -1.913417e+000  2.619398e+000
      vertex -6.000000e+000 -1.958192e+000  7.586075e-001
      vertex -6.000000e+000 -2.001178e+000  6.366206e-001
    endloop
  endfacet
  facet normal -1.000000e+000  -0.000000e+000  0.000000e+000
    outer loop
      vertex -6.000000e+000 -1.913417e+000  2.619398e+000
      vertex -6.000000e+000 -2.001178e+000  6.366206e-001
      vertex -6.000000e+000 -2.036574e+000  5.122188e-001
    endloop
  endfacet
  facet normal -1.000000e+000  -0.000000e+000  0.000000e+000
    outer loop
      vertex -6.000000e+000 -1.913417e+000  2.619398e+000
      vertex -6.000000e+000 -2.036574e+000  5.122188e-001
      vertex -6.000000e+000 -2.064244e+000  3.858740e-001
    endloop
  endfacet
  facet normal -1.000000e+000  -0.000000e+000  0.000000e+000
    outer loop
      vertex -6.000000e+000 -1.913417e+000  2.619398e+000
      vertex -6.000000e+000 -2.064244e+000  3.858740e-001
      vertex -6.000000e+000 -2.084083e+000  2.580654e-001
    endloop
  endfacet
  facet normal -1.000000e+000  -0.000000e+000  0.000000e+000
    outer loop
      vertex -6.000000e+000 -1.913417e+000  2.619398e+000
      vertex -6.000000e+000 -2.084083e+000  2.580654e-001
      vertex -6.000000e+000 -2.096017e+000  1.292779e-001
    endloop
  endfacet
  facet normal -1.000000e+000  0.000000e+000  0.000000e+000
    outer loop
      vertex -6.000000e+000 -1.913417e+000  2.619398e+000
      vertex -6.000000e+000 -2.096017e+000  1.292779e-001
      vertex -6.000000e+000 -2.093299e+000  2.540716e+000
    endloop
  endfacet
  facet normal -9.999999e-001  -0.000000e+000  0.000000e+000
    outer loop
      vertex -6.000000e+000 -1.730585e+000  2.690957e+000
      vertex -6.000000e+000 -1.714013e+000  1.213325e+000
      vertex -6.000000e+000 -1.785456e+000  1.105507e+000
    endloop
  endfacet
  facet normal -1.000000e+000  -0.000000e+000  0.000000e+000
    outer loop
      vertex -6.000000e+000 -1.730585e+000  2.690957e+000
      vertex -6.000000e+000 -1.785456e+000  1.105507e+000
      vertex -6.000000e+000 -1.850126e+000  9.934965e-001
    endloop
  endfacet
  facet normal -1.000000e+000  -0.000000e+000  0.000000e+000
    outer loop
      vertex -6.000000e+000 -1.730585e+000  2.690957e+000
      vertex -6.000000e+000 -1.850126e+000  9.934965e-001
      vertex -6.000000e+000 -1.907777e+000  8.777167e-001
    endloop
  endfacet
  facet normal -1.000000e+000  0.000000e+000  0.000000e+000
    outer loop
      vertex -6.000000e+000 -1.730585e+000  2.690957e+000
      vertex -6.000000e+000 -1.907777e+000  8.777167e-001
      vertex -6.000000e+000 -1.913417e+000  2.619398e+000
    endloop
  endfacet
  facet normal -1.000000e+000  0.000000e+000  0.000000e+000
    outer loop
      vertex -6.000000e+000 -1.545085e+000  2.755283e+000
      vertex -6.000000e+000 -1.357202e+000  2.812276e+000
      vertex -6.000000e+000 -1.461881e+000  1.507615e+000
    endloop
  endfacet
  facet normal -9.999999e-001  -0.000000e+000  0.000000e+000
    outer loop
      vertex -6.000000e+000 -1.545085e+000  2.755283e+000
      vertex -6.000000e+000 -1.461881e+000  1.507615e+000
      vertex -6.000000e+000 -1.551919e+000  1.414761e+000
    endloop
  endfacet
  facet normal -1.000000e+000  -0.000000e+000  0.000000e+000
    outer loop
      vertex -6.000000e+000 -1.545085e+000  2.755283e+000
      vertex -6.000000e+000 -1.551919e+000  1.414761e+000
      vertex -6.000000e+000 -1.636069e+000  1.316540e+000
    endloop
  endfacet
  facet normal -9.999999e-001  -0.000000e+000  0.000000e+000
    outer loop
      vertex -6.000000e+000 -1.545085e+000  2.755283e+000
      vertex -6.000000e+000 -1.636069e+000  1.316540e+000
      vertex -6.000000e+000 -1.714013e+000  1.213325e+000
    endloop
  endfacet
  facet normal -9.999999e-001  0.000000e+000  0.000000e+000
    outer loop
      vertex -6.000000e+000 -1.545085e+000  2.755283e+000
      vertex -6.000000e+000 -1.714013e+000  1.213325e+000
      vertex -6.000000e+000 -1.730585e+000  2.690957e+000
    endloop
  endfacet
  facet normal -1.000000e+000  0.000000e+000  0.000000e+000
    outer loop
      vertex -6.000000e+000  2.094134e+000  2.148163e+000
      vertex -6.000000e+000  2.096017e+000  1.292779e-001
      vertex -6.000000e+000  2.084083e+000  2.580654e-001
    endloop
  endfacet
  facet normal -1.000000e+000  0.000000e+000  0.000000e+000
    outer loop
      vertex -6.000000e+000  2.094134e+000  2.148163e+000
      vertex -6.000000e+000  2.084083e+000  2.580654e-001
      vertex -6.000000e+000  2.064244e+000  3.858740e-001
    endloop
  endfacet
  facet normal -1.000000e+000  0.000000e+000  0.000000e+000
    outer loop
      vertex -6.000000e+000  2.094134e+000  2.148163e+000
      vertex -6.000000e+000  2.064244e+000  3.858740e-001
      vertex -6.000000e+000  2.036574e+000  5.122188e-001
    endloop
  endfacet
  facet normal -1.000000e+000  0.000000e+000  0.000000e+000
    outer loop
      vertex -6.000000e+000  2.094134e+000  2.148163e+000
      vertex -6.000000e+000  2.036574e+000  5.122188e-001
      vertex -6.000000e+000  2.001178e+000  6.366206e-001
    endloop
  endfacet
  facet normal -1.000000e+000  0.000000e+000  0.000000e+000
    outer loop
      vertex -6.000000e+000  2.094134e+000  2.148163e+000
      vertex -6.000000e+000  2.001178e+000  6.366206e-001
      vertex -6.000000e+000  1.980751e+000  2.253137e+000
    endloop
  endfacet
  facet normal -1.000000e+000  0.000000e+000  0.000000e+000
    outer loop
      vertex -6.000000e+000  0.000000e+000 -6.000000e+000
      vertex -6.000000e+000 -1.975559e+000 -7.121552e-001
      vertex -6.000000e+000 -1.931241e+000 -8.248081e-001
    endloop
  endfacet
  facet normal -1.000000e+000  0.000000e+000  0.000000e+000
    outer loop
      vertex -6.000000e+000  0.000000e+000 -6.000000e+000
      vertex -6.000000e+000 -1.931241e+000 -8.248081e-001
      vertex -6.000000e+000 -1.878004e+000 -9.397324e-001
    endloop
  endfacet
  facet normal -1.000000e+000  0.000000e+000  0.000000e+000
    outer loop
      vertex -6.000000e+000  0.000000e+000 -6.000000e+000
      vertex -6.000000e+000 -1.878004e+000 -9.397324e-001
      vertex -6.000000e+000 -1.817932e+000 -1.051241e+000
    endloop
  endfacet
  facet normal -1.000000e+000  0.000000e+000  0.000000e+000
    outer loop
      vertex -6.000000e+000  0.000000e+000 -6.000000e+000
      vertex -6.000000e+000 -1.817932e+000 -1.051241e+000
      vertex -6.000000e+000 -1.751240e+000 -1.158930e+000
    endloop
  endfacet
  facet normal -1.000000e+000  0.000000e+000  0.000000e+000
    outer loop
      vertex -6.000000e+000  0.000000e+000 -6.000000e+000
      vertex -6.000000e+000 -1.751240e+000 -1.158930e+000
      vertex -6.000000e+000 -1.678170e+000 -1.262407e+000
    endloop
  endfacet
  facet normal -1.000000e+000  0.000000e+000  0.000000e+000
    outer loop
      vertex -6.000000e+000  0.000000e+000 -6.000000e+000
      vertex -6.000000e+000 -1.678170e+000 -1.262407e+000
      vertex -6.000000e+000 -1.598991e+000 -1.361296e+000
    endloop
  endfacet
  facet normal -1.000000e+000  0.000000e+000  0.000000e+000
    outer loop
      vertex -6.000000e+000  0.000000e+000 -6.000000e+000
      vertex -6.000000e+000 -1.598991e+000 -1.361296e+000
      vertex -6.000000e+000 -1.513991e+000 -1.455237e+000
    endloop
  endfacet
  facet normal -1.000000e+000  0.000000e+000  0.000000e+000
    outer loop
      vertex -6.000000e+000  0.000000e+000 -6.000000e+000
      vertex -6.000000e+000 -1.513991e+000 -1.455237e+000
      vertex -6.000000e+000 -1.423483e+000 -1.543884e+000
    endloop
  endfacet
  facet normal -1.000000e+000  0.000000e+000  0.000000e+000
    outer loop
      vertex -6.000000e+000  0.000000e+000 -6.000000e+000
      vertex -6.000000e+000 -1.423483e+000 -1.543884e+000
      vertex -6.000000e+000 -1.327798e+000 -1.626915e+000
    endloop
  endfacet
  facet normal -1.000000e+000  0.000000e+000  0.000000e+000
    outer loop
      vertex -6.000000e+000  0.000000e+000 -6.000000e+000
      vertex -6.000000e+000 -1.327798e+000 -1.626915e+000
      vertex -6.000000e+000 -1.227286e+000 -1.704023e+000
    endloop
  endfacet
  facet normal -1.000000e+000  0.000000e+000  0.000000e+000
    outer loop
      vertex -6.000000e+000  0.000000e+000 -6.000000e+000
      vertex -6.000000e+000 -1.227286e+000 -1.704023e+000
      vertex -6.000000e+000 -1.122314e+000 -1.774928e+000
    endloop
  endfacet
  facet normal -1.000000e+000  0.000000e+000  0.000000e+000
    outer loop
      vertex -6.000000e+000  0.000000e+000 -6.000000e+000
      vertex -6.000000e+000 -1.122314e+000 -1.774928e+000
      vertex -6.000000e+000 -1.013264e+000 -1.839369e+000
    endloop
  endfacet
  facet normal -1.000000e+000  0.000000e+000  0.000000e+000
    outer loop
      vertex -6.000000e+000  0.000000e+000 -6.000000e+000
      vertex -6.000000e+000 -1.013264e+000 -1.839369e+000
      vertex -6.000000e+000 -9.005320e-001 -1.897113e+000
    endloop
  endfacet
  facet normal -1.000000e+000  0.000000e+000  0.000000e+000
    outer loop
      vertex -6.000000e+000  0.000000e+000 -6.000000e+000
      vertex -6.000000e+000 -9.005320e-001 -1.897113e+000
      vertex -6.000000e+000 -7.845271e-001 -1.947952e+000
    endloop
  endfacet
  facet normal -9.999999e-001  0.000000e+000  0.000000e+000
    outer loop
      vertex -6.000000e+000  0.000000e+000 -6.000000e+000
      vertex -6.000000e+000 -7.845271e-001 -1.947952e+000
      vertex -6.000000e+000 -6.682938e-001 -1.990824e+000
    endloop
  endfacet
  facet normal -9.999999e-001  0.000000e+000  0.000000e+000
    outer loop
      vertex -6.000000e+000  0.000000e+000 -6.000000e+000
      vertex -6.000000e+000 -6.682938e-001 -1.990824e+000
      vertex -6.000000e+000 -5.497308e-001 -2.026767e+000
    endloop
  endfacet
  facet normal -9.999999e-001  0.000000e+000  0.000000e+000
    outer loop
      vertex -6.000000e+000  0.000000e+000 -6.000000e+000
      vertex -6.000000e+000 -5.497308e-001 -2.026767e+000
      vertex -6.000000e+000 -4.292489e-001 -2.055655e+000
    endloop
  endfacet
  facet normal -9.999999e-001  0.000000e+000  0.000000e+000
    outer loop
      vertex -6.000000e+000  0.000000e+000 -6.000000e+000
      vertex -6.000000e+000 -4.292489e-001 -2.055655e+000
      vertex -6.000000e+000 -3.072673e-001 -2.077388e+000
    endloop
  endfacet
  facet normal -1.000000e+000  0.000000e+000  0.000000e+000
    outer loop
      vertex -6.000000e+000  0.000000e+000 -6.000000e+000
      vertex -6.000000e+000 -3.072673e-001 -2.077388e+000
      vertex -6.000000e+000 -1.842118e-001 -2.091890e+000
    endloop
  endfacet
  facet normal -1.000000e+000  0.000000e+000  0.000000e+000
    outer loop
      vertex -6.000000e+000  0.000000e+000 -6.000000e+000
      vertex -6.000000e+000 -1.842118e-001 -2.091890e+000
      vertex -6.000000e+000 -6.051277e-002 -2.099112e+000
    endloop
  endfacet
  facet normal -1.000000e+000  0.000000e+000  0.000000e+000
    outer loop
      vertex -6.000000e+000  0.000000e+000 -6.000000e+000
      vertex -6.000000e+000 -5.000000e+000 -6.000000e+000
      vertex -6.000000e+000 -5.000000e+000 -2.000000e+000
    endloop
  endfacet
  facet normal -1.000000e+000  0.000000e+000  0.000000e+000
    outer loop
      vertex -6.000000e+000  0.000000e+000 -6.000000e+000
      vertex -6.000000e+000 -5.000000e+000 -2.000000e+000
      vertex -6.000000e+000 -4.996145e+000 -1.803701e+000
    endloop
  endfacet
  facet normal -1.000000e+000  0.000000e+000  0.000000e+000
    outer loop
      vertex -6.000000e+000  0.000000e+000 -6.000000e+000
      vertex -6.000000e+000 -4.996145e+000 -1.803701e+000
      vertex -6.000000e+000 -4.984587e+000 -1.607705e+000
    endloop
  endfacet
  facet normal -1.000000e+000  0.000000e+000  0.000000e+000
    outer loop
      vertex -6.000000e+000  0.000000e+000 -6.000000e+000
      vertex -6.000000e+000 -4.984587e+000 -1.607705e+000
      vertex -6.000000e+000 -4.965343e+000 -1.412313e+000
    endloop
  endfacet
  facet normal -1.000000e+000  0.000000e+000  0.000000e+000
    outer loop
      vertex -6.000000e+000  0.000000e+000 -6.000000e+000
      vertex -6.000000e+000 -4.965343e+000 -1.412313e+000
      vertex -6.000000e+000 -4.938442e+000 -1.217828e+000
    endloop
  endfacet
  facet normal -1.000000e+000  0.000000e+000  0.000000e+000
    outer loop
      vertex -6.000000e+000  0.000000e+000 -6.000000e+000
      vertex -6.000000e+000 -4.938442e+000 -1.217828e+000
      vertex -6.000000e+000 -4.903926e+000 -1.024548e+000
    endloop
  endfacet
  facet normal -1.000000e+000  0.000000e+000  0.000000e+000
    outer loop
      vertex -6.000000e+000  0.000000e+000 -6.000000e+000
      vertex -6.000000e+000 -4.903926e+000 -1.024548e+000
      vertex -6.000000e+000 -4.861850e+000 -8.327732e-001
    endloop
  endfacet
  facet normal -1.000000e+000  0.000000e+000  0.000000e+000
    outer loop
      vertex -6.000000e+000  0.000000e+000 -6.000000e+000
      vertex -6.000000e+000 -4.861850e+000 -8.327732e-001
      vertex -6.000000e+000 -4.812276e+000 -6.427978e-001
    endloop
  endfacet
  facet normal -9.999999e-001  0.000000e+000  0.000000e+000
    outer loop
      vertex -6.000000e+000  0.000000e+000 -6.000000e+000
      vertex -6.000000e+000 -4.812276e+000 -6.427978e-001
      vertex -6.000000e+000 -4.755282e+000 -4.549150e-001
    endloop
  endfacet
  facet normal -1.000000e+000  0.000000e+000  0.000000e+000
    outer loop
      vertex -6.000000e+000  0.000000e+000 -6.000000e+000
      vertex -6.000000e+000 -4.755282e+000 -4.549150e-001
      vertex -6.000000e+000 -4.690957e+000 -2.694147e-001
    endloop
  endfacet
  facet normal -1.000000e+000  0.000000e+000  0.000000e+000
    outer loop
      vertex -6.000000e+000  0.000000e+000 -6.000000e+000
      vertex -6.000000e+000 -4.690957e+000 -2.694147e-001
      vertex -6.000000e+000 -4.619398e+000 -8.658284e-002
    endloop
  endfacet
  facet normal -1.000000e+000  0.000000e+000  0.000000e+000
    outer loop
      vertex -6.000000e+000  6.339681e-002 -2.099028e+000
      vertex -6.000000e+000  1.870832e-001 -2.091639e+000
      vertex -6.000000e+000  9.235027e-002 -3.981849e+000
    endloop
  endfacet
  facet normal -1.000000e+000  -0.000000e+000  0.000000e+000
    outer loop
      vertex -6.000000e+000  6.339681e-002 -2.099028e+000
      vertex -6.000000e+000  9.235027e-002 -3.981849e+000
      vertex -6.000000e+000  5.926964e-002 -4.099289e+000
    endloop
  endfacet
  facet normal -1.000000e+000  -0.000000e+000  0.000000e+000
    outer loop
      vertex -6.000000e+000  6.339681e-002 -2.099028e+000
      vertex -6.000000e+000  5.926964e-002 -4.099289e+000
      vertex -6.000000e+000  3.341171e-002 -4.218528e+000
    endloop
  endfacet
  facet normal -1.000000e+000  -0.000000e+000  0.000000e+000
    outer loop
      vertex -6.000000e+000  6.339681e-002 -2.099028e+000
      vertex -6.000000e+000  3.341171e-002 -4.218528e+000
      vertex -6.000000e+000  1.487271e-002 -4.339122e+000
    endloop
  endfacet
  facet normal -1.000000e+000  -0.000000e+000  0.000000e+000
    outer loop
      vertex -6.000000e+000  6.339681e-002 -2.099028e+000
      vertex -6.000000e+000  1.487271e-002 -4.339122e+000
      vertex -6.000000e+000  3.721640e-003 -4.460622e+000
    endloop
  endfacet
  facet normal -1.000000e+000  0.000000e+000  0.000000e+000
    outer loop
      vertex -6.000000e+000 -6.051277e-002 -2.099112e+000
      vertex -6.000000e+000  6.339681e-002 -2.099028e+000
      vertex -6.000000e+000  3.721640e-003 -4.460622e+000
    endloop
  endfacet
  facet normal -1.000000e+000  -0.000000e+000  0.000000e+000
    outer loop
      vertex -6.000000e+000 -6.051277e-002 -2.099112e+000
      vertex -6.000000e+000  3.721640e-003 -4.460622e+000
      vertex -6.000000e+000  0.000000e+000 -4.582576e+000
    endloop
  endfacet
  facet normal -1.000000e+000  -0.000000e+000  -0.000000e+000
    outer loop
      vertex -6.000000e+000 -6.051277e-002 -2.099112e+000
      vertex -6.000000e+000  0.000000e+000 -4.582576e+000
      vertex -6.000000e+000  0.000000e+000 -6.000000e+000
    endloop
  endfacet
  facet normal -1.000000e+000  0.000000e+000  0.000000e+000
    outer loop
      vertex -6.000000e+000  2.092909e+000 -2.149356e+000
      vertex -6.000000e+000  1.979466e+000 -2.254266e+000
      vertex -6.000000e+000  1.971038e+000 -7.245624e-001
    endloop
  endfacet
  facet normal -1.000000e+000  0.000000e+000  0.000000e+000
    outer loop
      vertex -6.000000e+000  2.092909e+000 -2.149356e+000
      vertex -6.000000e+000  1.971038e+000 -7.245624e-001
      vertex -6.000000e+000  2.010158e+000 -6.076527e-001
    endloop
  endfacet
  facet normal -9.999999e-001  0.000000e+000  0.000000e+000
    outer loop
      vertex -6.000000e+000  2.092909e+000 -2.149356e+000
      vertex -6.000000e+000  2.010158e+000 -6.076527e-001
      vertex -6.000000e+000  2.042352e+000 -4.886491e-001
    endloop
  endfacet
  facet normal -1.000000e+000  0.000000e+000  0.000000e+000
    outer loop
      vertex -6.000000e+000  2.092909e+000 -2.149356e+000
      vertex -6.000000e+000  2.042352e+000 -4.886491e-001
      vertex -6.000000e+000  2.067508e+000 -3.679635e-001
    endloop
  endfacet
  facet normal -1.000000e+000  0.000000e+000  0.000000e+000
    outer loop
      vertex -6.000000e+000  2.092909e+000 -2.149356e+000
      vertex -6.000000e+000  2.067508e+000 -3.679635e-001
      vertex -6.000000e+000  2.085539e+000 -2.460129e-001
    endloop
  endfacet
  facet normal -1.000000e+000  0.000000e+000  0.000000e+000
    outer loop
      vertex -6.000000e+000  2.092909e+000 -2.149356e+000
      vertex -6.000000e+000  2.085539e+000 -2.460129e-001
      vertex -6.000000e+000  2.096382e+000 -1.232176e-001
    endloop
  endfacet
  facet normal -1.000000e+000  0.000000e+000  -0.000000e+000
    outer loop
      vertex -6.000000e+000 -1.366298e+000  1.594750e+000
      vertex -6.000000e+000 -1.357202e+000  2.812276e+000
      vertex -6.000000e+000 -1.265533e+000  1.675836e+000
    endloop
  endfacet
  facet normal -1.000000e+000  0.000000e+000  0.000000e+000
    outer loop
      vertex -6.000000e+000 -1.265533e+000  1.675836e+000
      vertex -6.000000e+000 -1.357202e+000  2.812276e+000
      vertex -6.000000e+000 -1.167227e+000  2.861850e+000
    endloop
  endfacet
  facet normal -1.000000e+000  0.000000e+000  -0.000000e+000
    outer loop
      vertex -6.000000e+000 -1.265533e+000  1.675836e+000
      vertex -6.000000e+000 -1.167227e+000  2.861850e+000
      vertex -6.000000e+000 -1.159966e+000  1.750565e+000
    endloop
  endfacet
  facet normal -9.999999e-001  0.000000e+000  0.000000e+000
    outer loop
      vertex -6.000000e+000 -1.159966e+000  1.750565e+000
      vertex -6.000000e+000 -1.167227e+000  2.861850e+000
      vertex -6.000000e+000 -1.050000e+000  1.818653e+000
    endloop
  endfacet
  facet normal -1.000000e+000  0.000000e+000  0.000000e+000
    outer loop
      vertex -6.000000e+000 -1.050000e+000  1.818653e+000
      vertex -6.000000e+000 -1.167227e+000  2.861850e+000
      vertex -6.000000e+000 -9.754516e-001  2.903926e+000
    endloop
  endfacet
  facet normal -1.000000e+000  0.000000e+000  -0.000000e+000
    outer loop
      vertex -6.000000e+000 -1.050000e+000  1.818653e+000
      vertex -6.000000e+000 -9.754516e-001  2.903926e+000
      vertex -6.000000e+000 -9.360505e-001  1.879843e+000
    endloop
  endfacet
  facet normal -1.000000e+000  0.000000e+000  0.000000e+000
    outer loop
      vertex -6.000000e+000 -9.360505e-001  1.879843e+000
      vertex -6.000000e+000 -9.754516e-001  2.903926e+000
      vertex -6.000000e+000 -8.185503e-001  1.933902e+000
    endloop
  endfacet
  facet normal -1.000000e+000  0.000000e+000  0.000000e+000
    outer loop
      vertex -6.000000e+000 -8.185503e-001  1.933902e+000
      vertex -6.000000e+000 -9.754516e-001  2.903926e+000
      vertex -6.000000e+000 -7.821723e-001  2.938442e+000
    endloop
  endfacet
  facet normal -1.000000e+000  0.000000e+000  -0.000000e+000
    outer loop
      vertex -6.000000e+000 -8.185503e-001  1.933902e+000
      vertex -6.000000e+000 -7.821723e-001  2.938442e+000
      vertex -6.000000e+000 -6.979451e-001  1.980624e+000
    endloop
  endfacet
  facet normal -1.000000e+000  0.000000e+000  0.000000e+000
    outer loop
      vertex -6.000000e+000 -6.979451e-001  1.980624e+000
      vertex -6.000000e+000 -7.821723e-001  2.938442e+000
      vertex -6.000000e+000 -5.876870e-001  2.965342e+000
    endloop
  endfacet
  facet normal -1.000000e+000  0.000000e+000  -0.000000e+000
    outer loop
      vertex -6.000000e+000 -6.979451e-001  1.980624e+000
      vertex -6.000000e+000 -5.876870e-001  2.965342e+000
      vertex -6.000000e+000 -5.746923e-001  2.019834e+000
    endloop
  endfacet
  facet normal -9.999999e-001  0.000000e+000  0.000000e+000
    outer loop
      vertex -6.000000e+000 -5.746923e-001  2.019834e+000
      vertex -6.000000e+000 -5.876870e-001  2.965342e+000
      vertex -6.000000e+000 -4.492595e-001  2.051381e+000
    endloop
  endfacet
  facet normal -9.999999e-001  0.000000e+000  0.000000e+000
    outer loop
      vertex -6.000000e+000 -4.492595e-001  2.051381e+000
      vertex -6.000000e+000 -5.876870e-001  2.965342e+000
      vertex -6.000000e+000 -3.922955e-001  2.984587e+000
    endloop
  endfacet
  facet normal -1.000000e+000  0.000000e+000  -0.000000e+000
    outer loop
      vertex -6.000000e+000 -4.492595e-001  2.051381e+000
      vertex -6.000000e+000 -3.922955e-001  2.984587e+000
      vertex -6.000000e+000 -3.221225e-001  2.075147e+000
    endloop
  endfacet
  facet normal -1.000000e+000  0.000000e+000  0.000000e+000
    outer loop
      vertex -6.000000e+000 -3.221225e-001  2.075147e+000
      vertex -6.000000e+000 -3.922955e-001  2.984587e+000
      vertex -6.000000e+000 -1.962991e-001  2.996145e+000
    endloop
  endfacet
  facet normal -9.999999e-001  0.000000e+000  -0.000000e+000
    outer loop
      vertex -6.000000e+000 -3.221225e-001  2.075147e+000
      vertex -6.000000e+000 -1.962991e-001  2.996145e+000
      vertex -6.000000e+000 -1.937636e-001  2.091042e+000
    endloop
  endfacet
  facet normal -9.999999e-001  0.000000e+000  0.000000e+000
    outer loop
      vertex -6.000000e+000 -1.937636e-001  2.091042e+000
      vertex -6.000000e+000 -1.962991e-001  2.996145e+000
      vertex -6.000000e+000 -6.466962e-002  2.099004e+000
    endloop
  endfacet
  facet normal -1.000000e+000  0.000000e+000  0.000000e+000
    outer loop
      vertex -6.000000e+000 -6.466962e-002  2.099004e+000
      vertex -6.000000e+000 -1.962991e-001  2.996145e+000
      vertex -6.000000e+000  3.582990e-015  3.000000e+000
    endloop
  endfacet
  facet normal -1.000000e+000  0.000000e+000  -0.000000e+000
    outer loop
      vertex -6.000000e+000 -6.466962e-002  2.099004e+000
      vertex -6.000000e+000  3.582990e-015  3.000000e+000
      vertex -6.000000e+000  6.466962e-002  2.099004e+000
    endloop
  endfacet
  facet normal -1.000000e+000  0.000000e+000  0.000000e+000
    outer loop
      vertex -6.000000e+000  6.466962e-002  2.099004e+000
      vertex -6.000000e+000  3.582990e-015  3.000000e+000
      vertex -6.000000e+000  1.544643e-001  2.996021e+000
    endloop
  endfacet
  facet normal -1.000000e+000  0.000000e+000  -0.000000e+000
    outer loop
      vertex -6.000000e+000  6.466962e-002  2.099004e+000
      vertex -6.000000e+000  1.544643e-001  2.996021e+000
      vertex -6.000000e+000  1.937636e-001  2.091042e+000
    endloop
  endfacet
  facet normal -1.000000e+000  0.000000e+000  0.000000e+000
    outer loop
      vertex -6.000000e+000  1.937636e-001  2.091042e+000
      vertex -6.000000e+000  1.544643e-001  2.996021e+000
      vertex -6.000000e+000  3.221225e-001  2.075147e+000
    endloop
  endfacet
  facet normal -1.000000e+000  0.000000e+000  0.000000e+000
    outer loop
      vertex -6.000000e+000  3.221225e-001  2.075147e+000
      vertex -6.000000e+000  1.544643e-001  2.996021e+000
      vertex -6.000000e+000  3.085188e-001  2.984094e+000
    endloop
  endfacet
  facet normal -1.000000e+000  0.000000e+000  0.000000e+000
    outer loop
      vertex -6.000000e+000  3.221225e-001  2.075147e+000
      vertex -6.000000e+000  3.085188e-001  2.984094e+000
      vertex -6.000000e+000  4.492595e-001  2.051381e+000
    endloop
  endfacet
  facet normal -1.000000e+000  0.000000e+000  0.000000e+000
    outer loop
      vertex -6.000000e+000  4.492595e-001  2.051381e+000
      vertex -6.000000e+000  3.085188e-001  2.984094e+000
      vertex -6.000000e+000  4.617548e-001  2.964251e+000
    endloop
  endfacet
  facet normal -1.000000e+000  0.000000e+000  -0.000000e+000
    outer loop
      vertex -6.000000e+000  4.492595e-001  2.051381e+000
      vertex -6.000000e+000  4.617548e-001  2.964251e+000
      vertex -6.000000e+000  5.746923e-001  2.019834e+000
    endloop
  endfacet
  facet normal -1.000000e+000  0.000000e+000  0.000000e+000
    outer loop
      vertex -6.000000e+000  5.746923e-001  2.019834e+000
      vertex -6.000000e+000  4.617548e-001  2.964251e+000
      vertex -6.000000e+000  6.137660e-001  2.936544e+000
    endloop
  endfacet
  facet normal -1.000000e+000  0.000000e+000  -0.000000e+000
    outer loop
      vertex -6.000000e+000  5.746923e-001  2.019834e+000
      vertex -6.000000e+000  6.137660e-001  2.936544e+000
      vertex -6.000000e+000  6.979451e-001  1.980624e+000
    endloop
  endfacet
  facet normal -1.000000e+000  0.000000e+000  0.000000e+000
    outer loop
      vertex -6.000000e+000  6.979451e-001  1.980624e+000
      vertex -6.000000e+000  6.137660e-001  2.936544e+000
      vertex -6.000000e+000  7.641489e-001  2.901047e+000
    endloop
  endfacet
  facet normal -1.000000e+000  0.000000e+000  -0.000000e+000
    outer loop
      vertex -6.000000e+000  6.979451e-001  1.980624e+000
      vertex -6.000000e+000  7.641489e-001  2.901047e+000
      vertex -6.000000e+000  8.185503e-001  1.933902e+000
    endloop
  endfacet
  facet normal -1.000000e+000  0.000000e+000  0.000000e+000
    outer loop
      vertex -6.000000e+000  8.185503e-001  1.933902e+000
      vertex -6.000000e+000  7.641489e-001  2.901047e+000
      vertex -6.000000e+000  9.360505e-001  1.879843e+000
    endloop
  endfacet
  facet normal -1.000000e+000  0.000000e+000  0.000000e+000
    outer loop
      vertex -6.000000e+000  9.360505e-001  1.879843e+000
      vertex -6.000000e+000  7.641489e-001  2.901047e+000
      vertex -6.000000e+000  9.125047e-001  2.857855e+000
    endloop
  endfacet
  facet normal -1.000000e+000  0.000000e+000  0.000000e+000
    outer loop
      vertex -6.000000e+000  9.360505e-001  1.879843e+000
      vertex -6.000000e+000  9.125047e-001  2.857855e+000
      vertex -6.000000e+000  1.050000e+000  1.818653e+000
    endloop
  endfacet
  facet normal -1.000000e+000  0.000000e+000  0.000000e+000
    outer loop
      vertex -6.000000e+000  1.050000e+000  1.818653e+000
      vertex -6.000000e+000  9.125047e-001  2.857855e+000
      vertex -6.000000e+000  1.058440e+000  2.807081e+000
    endloop
  endfacet
  facet normal -9.999999e-001  0.000000e+000  -0.000000e+000
    outer loop
      vertex -6.000000e+000  1.050000e+000  1.818653e+000
      vertex -6.000000e+000  1.058440e+000  2.807081e+000
      vertex -6.000000e+000  1.159966e+000  1.750565e+000
    endloop
  endfacet
  facet normal -1.000000e+000  0.000000e+000  0.000000e+000
    outer loop
      vertex -6.000000e+000  1.159966e+000  1.750565e+000
      vertex -6.000000e+000  1.058440e+000  2.807081e+000
      vertex -6.000000e+000  1.201567e+000  2.748861e+000
    endloop
  endfacet
  facet normal -1.000000e+000  0.000000e+000  -0.000000e+000
    outer loop
      vertex -6.000000e+000  1.159966e+000  1.750565e+000
      vertex -6.000000e+000  1.201567e+000  2.748861e+000
      vertex -6.000000e+000  1.265533e+000  1.675836e+000
    endloop
  endfacet
  facet normal -1.000000e+000  0.000000e+000  0.000000e+000
    outer loop
      vertex -6.000000e+000  1.265533e+000  1.675836e+000
      vertex -6.000000e+000  1.201567e+000  2.748861e+000
      vertex -6.000000e+000  1.341507e+000  2.683348e+000
    endloop
  endfacet
  facet normal -1.000000e+000  0.000000e+000  -0.000000e+000
    outer loop
      vertex -6.000000e+000  1.265533e+000  1.675836e+000
      vertex -6.000000e+000  1.341507e+000  2.683348e+000
      vertex -6.000000e+000  1.366298e+000  1.594750e+000
    endloop
  endfacet
  facet normal -9.999999e-001  0.000000e+000  0.000000e+000
    outer loop
      vertex -6.000000e+000  1.366298e+000  1.594750e+000
      vertex -6.000000e+000  1.341507e+000  2.683348e+000
      vertex -6.000000e+000  1.461881e+000  1.507615e+000
    endloop
  endfacet
  facet normal -1.000000e+000  0.000000e+000  0.000000e+000
    outer loop
      vertex -6.000000e+000  1.461881e+000  1.507615e+000
      vertex -6.000000e+000  1.341507e+000  2.683348e+000
      vertex -6.000000e+000  1.477888e+000  2.610718e+000
    endloop
  endfacet
  facet normal -1.000000e+000  0.000000e+000  -0.000000e+000
    outer loop
      vertex -6.000000e+000  1.461881e+000  1.507615e+000
      vertex -6.000000e+000  1.477888e+000  2.610718e+000
      vertex -6.000000e+000  1.551919e+000  1.414761e+000
    endloop
  endfacet
  facet normal -1.000000e+000  0.000000e+000  0.000000e+000
    outer loop
      vertex -6.000000e+000  1.551919e+000  1.414761e+000
      vertex -6.000000e+000  1.477888e+000  2.610718e+000
      vertex -6.000000e+000  1.610349e+000  2.531161e+000
    endloop
  endfacet
  facet normal -1.000000e+000  0.000000e+000  -0.000000e+000
    outer loop
      vertex -6.000000e+000  1.551919e+000  1.414761e+000
      vertex -6.000000e+000  1.610349e+000  2.531161e+000
      vertex -6.000000e+000  1.636069e+000  1.316540e+000
    endloop
  endfacet
  facet normal -1.000000e+000  0.000000e+000  0.000000e+000
    outer loop
      vertex -6.000000e+000  1.636069e+000  1.316540e+000
      vertex -6.000000e+000  1.610349e+000  2.531161e+000
      vertex -6.000000e+000  1.714013e+000  1.213325e+000
    endloop
  endfacet
  facet normal -9.999999e-001  0.000000e+000  0.000000e+000
    outer loop
      vertex -6.000000e+000  1.714013e+000  1.213325e+000
      vertex -6.000000e+000  1.610349e+000  2.531161e+000
      vertex -6.000000e+000  1.738537e+000  2.444890e+000
    endloop
  endfacet
  facet normal -1.000000e+000  0.000000e+000  -0.000000e+000
    outer loop
      vertex -6.000000e+000  1.714013e+000  1.213325e+000
      vertex -6.000000e+000  1.738537e+000  2.444890e+000
      vertex -6.000000e+000  1.785456e+000  1.105507e+000
    endloop
  endfacet
  facet normal -1.000000e+000  0.000000e+000  0.000000e+000
    outer loop
      vertex -6.000000e+000  1.785456e+000  1.105507e+000
      vertex -6.000000e+000  1.738537e+000  2.444890e+000
      vertex -6.000000e+000  1.862114e+000  2.352133e+000
    endloop
  endfacet
  facet normal -1.000000e+000  0.000000e+000  0.000000e+000
    outer loop
      vertex -6.000000e+000  1.785456e+000  1.105507e+000
      vertex -6.000000e+000  1.862114e+000  2.352133e+000
      vertex -6.000000e+000  1.850126e+000  9.934965e-001
    endloop
  endfacet
  facet normal -1.000000e+000  0.000000e+000  -0.000000e+000
    outer loop
      vertex -6.000000e+000  1.850126e+000  9.934965e-001
      vertex -6.000000e+000  1.862114e+000  2.352133e+000
      vertex -6.000000e+000  1.907777e+000  8.777167e-001
    endloop
  endfacet
  facet normal -1.000000e+000  0.000000e+000  0.000000e+000
    outer loop
      vertex -6.000000e+000  1.907777e+000  8.777167e-001
      vertex -6.000000e+000  1.862114e+000  2.352133e+000
      vertex -6.000000e+000  1.980751e+000  2.253137e+000
    endloop
  endfacet
  facet normal -1.000000e+000  0.000000e+000  0.000000e+000
    outer loop
      vertex -6.000000e+000  1.907777e+000  8.777167e-001
      vertex -6.000000e+000  1.980751e+000  2.253137e+000
      vertex -6.000000e+000  1.958192e+000  7.586075e-001
    endloop
  endfacet
  facet normal -1.000000e+000  0.000000e+000  0.000000e+000
    outer loop
      vertex -6.000000e+000  3.101140e-001 -2.076969e+000
      vertex -6.000000e+000  2.335657e-001 -3.644647e+000
      vertex -6.000000e+000  1.870832e-001 -2.091639e+000
    endloop
  endfacet
  facet normal -1.000000e+000  0.000000e+000  -0.000000e+000
    outer loop
      vertex -6.000000e+000  1.870832e-001 -2.091639e+000
      vertex -6.000000e+000  2.335657e-001 -3.644647e+000
      vertex -6.000000e+000  1.796608e-001 -3.754104e+000
    endloop
  endfacet
  facet normal -1.000000e+000  -0.000000e+000  0.000000e+000
    outer loop
      vertex -6.000000e+000  1.870832e-001 -2.091639e+000
      vertex -6.000000e+000  1.796608e-001 -3.754104e+000
      vertex -6.000000e+000  1.325305e-001 -3.866644e+000
    endloop
  endfacet
  facet normal -1.000000e+000  0.000000e+000  -0.000000e+000
    outer loop
      vertex -6.000000e+000  2.940446e-001 -3.538681e+000
      vertex -6.000000e+000  3.101140e-001 -2.076969e+000
      vertex -6.000000e+000  3.608725e-001 -3.436600e+000
    endloop
  endfacet
  facet normal -1.000000e+000  0.000000e+000  0.000000e+000
    outer loop
      vertex -6.000000e+000  3.608725e-001 -3.436600e+000
      vertex -6.000000e+000  3.101140e-001 -2.076969e+000
      vertex -6.000000e+000  4.320597e-001 -2.055070e+000
    endloop
  endfacet
  facet normal -1.000000e+000  0.000000e+000  -0.000000e+000
    outer loop
      vertex -6.000000e+000  3.608725e-001 -3.436600e+000
      vertex -6.000000e+000  4.320597e-001 -2.055070e+000
      vertex -6.000000e+000  4.338007e-001 -3.338783e+000
    endloop
  endfacet
  facet normal -1.000000e+000  0.000000e+000  0.000000e+000
    outer loop
      vertex -6.000000e+000  4.338007e-001 -3.338783e+000
      vertex -6.000000e+000  4.320597e-001 -2.055070e+000
      vertex -6.000000e+000  5.125576e-001 -3.245596e+000
    endloop
  endfacet
  facet normal -1.000000e+000  0.000000e+000  0.000000e+000
    outer loop
      vertex -6.000000e+000  5.125576e-001 -3.245596e+000
      vertex -6.000000e+000  4.320597e-001 -2.055070e+000
      vertex -6.000000e+000  5.524962e-001 -2.026017e+000
    endloop
  endfacet
  facet normal -1.000000e+000  0.000000e+000  -0.000000e+000
    outer loop
      vertex -6.000000e+000  5.125576e-001 -3.245596e+000
      vertex -6.000000e+000  5.524962e-001 -2.026017e+000
      vertex -6.000000e+000  5.968503e-001 -3.157384e+000
    endloop
  endfacet
  facet normal -1.000000e+000  0.000000e+000  0.000000e+000
    outer loop
      vertex -6.000000e+000  5.968503e-001 -3.157384e+000
      vertex -6.000000e+000  5.524962e-001 -2.026017e+000
      vertex -6.000000e+000  6.710060e-001 -1.989912e+000
    endloop
  endfacet
  facet normal -9.999999e-001  0.000000e+000  -0.000000e+000
    outer loop
      vertex -6.000000e+000  5.968503e-001 -3.157384e+000
      vertex -6.000000e+000  6.710060e-001 -1.989912e+000
      vertex -6.000000e+000  6.863650e-001 -3.074476e+000
    endloop
  endfacet
  facet normal -9.999999e-001  0.000000e+000  0.000000e+000
    outer loop
      vertex -6.000000e+000  6.863650e-001 -3.074476e+000
      vertex -6.000000e+000  6.710060e-001 -1.989912e+000
      vertex -6.000000e+000  7.807686e-001 -2.997181e+000
    endloop
  endfacet
  facet normal -9.999999e-001  0.000000e+000  0.000000e+000
    outer loop
      vertex -6.000000e+000  7.807686e-001 -2.997181e+000
      vertex -6.000000e+000  6.710060e-001 -1.989912e+000
      vertex -6.000000e+000  7.888393e-001 -1.946209e+000
    endloop
  endfacet
  facet normal -1.000000e+000  0.000000e+000  -0.000000e+000
    outer loop
      vertex -6.000000e+000  7.807686e-001 -2.997181e+000
      vertex -6.000000e+000  7.888393e-001 -1.946209e+000
      vertex -6.000000e+000  8.797098e-001 -2.925787e+000
    endloop
  endfacet
  facet normal -1.000000e+000  0.000000e+000  0.000000e+000
    outer loop
      vertex -6.000000e+000  8.797098e-001 -2.925787e+000
      vertex -6.000000e+000  7.888393e-001 -1.946209e+000
      vertex -6.000000e+000  9.038496e-001 -1.895533e+000
    endloop
  endfacet
  facet normal -1.000000e+000  0.000000e+000  -0.000000e+000
    outer loop
      vertex -6.000000e+000  8.797098e-001 -2.925787e+000
      vertex -6.000000e+000  9.038496e-001 -1.895533e+000
      vertex -6.000000e+000  9.828202e-001 -2.860558e+000
    endloop
  endfacet
  facet normal -1.000000e+000  0.000000e+000  0.000000e+000
    outer loop
      vertex -6.000000e+000  9.828202e-001 -2.860558e+000
      vertex -6.000000e+000  9.038496e-001 -1.895533e+000
      vertex -6.000000e+000  1.015626e+000 -1.838065e+000
    endloop
  endfacet
  facet normal -1.000000e+000  0.000000e+000  -0.000000e+000
    outer loop
      vertex -6.000000e+000  9.828202e-001 -2.860558e+000
      vertex -6.000000e+000  1.015626e+000 -1.838065e+000
      vertex -6.000000e+000  1.089716e+000 -2.801738e+000
    endloop
  endfacet
  facet normal -1.000000e+000  0.000000e+000  0.000000e+000
    outer loop
      vertex -6.000000e+000  1.089716e+000 -2.801738e+000
      vertex -6.000000e+000  1.015626e+000 -1.838065e+000
      vertex -6.000000e+000  1.123768e+000 -1.774010e+000
    endloop
  endfacet
  facet normal -1.000000e+000  0.000000e+000  -0.000000e+000
    outer loop
      vertex -6.000000e+000  1.089716e+000 -2.801738e+000
      vertex -6.000000e+000  1.123768e+000 -1.774010e+000
      vertex -6.000000e+000  1.200000e+000 -2.749545e+000
    endloop
  endfacet
  facet normal -1.000000e+000  0.000000e+000  0.000000e+000
    outer loop
      vertex -6.000000e+000  1.200000e+000 -2.749545e+000
      vertex -6.000000e+000  1.123768e+000 -1.774010e+000
      vertex -6.000000e+000  1.227888e+000 -1.703599e+000
    endloop
  endfacet
  facet normal -1.000000e+000  0.000000e+000  -0.000000e+000
    outer loop
      vertex -6.000000e+000  1.200000e+000 -2.749545e+000
      vertex -6.000000e+000  1.227888e+000 -1.703599e+000
      vertex -6.000000e+000  1.339977e+000 -2.684113e+000
    endloop
  endfacet
  facet normal -1.000000e+000  0.000000e+000  0.000000e+000
    outer loop
      vertex -6.000000e+000  1.339977e+000 -2.684113e+000
      vertex -6.000000e+000  1.227888e+000 -1.703599e+000
      vertex -6.000000e+000  1.327611e+000 -1.627086e+000
    endloop
  endfacet
  facet normal -1.000000e+000  0.000000e+000  0.000000e+000
    outer loop
      vertex -6.000000e+000  1.339977e+000 -2.684113e+000
      vertex -6.000000e+000  1.327611e+000 -1.627086e+000
      vertex -6.000000e+000  1.476400e+000 -2.611560e+000
    endloop
  endfacet
  facet normal -1.000000e+000  0.000000e+000  0.000000e+000
    outer loop
      vertex -6.000000e+000  1.476400e+000 -2.611560e+000
      vertex -6.000000e+000  1.327611e+000 -1.627086e+000
      vertex -6.000000e+000  1.422578e+000 -1.544745e+000
    endloop
  endfacet
  facet normal -1.000000e+000  0.000000e+000  0.000000e+000
    outer loop
      vertex -6.000000e+000  1.476400e+000 -2.611560e+000
      vertex -6.000000e+000  1.422578e+000 -1.544745e+000
      vertex -6.000000e+000  1.512447e+000 -1.456875e+000
    endloop
  endfacet
  facet normal -9.999999e-001  0.000000e+000  -0.000000e+000
    outer loop
      vertex -6.000000e+000  1.476400e+000 -2.611560e+000
      vertex -6.000000e+000  1.512447e+000 -1.456875e+000
      vertex -6.000000e+000  1.608906e+000 -2.532079e+000
    endloop
  endfacet
  facet normal -1.000000e+000  0.000000e+000  0.000000e+000
    outer loop
      vertex -6.000000e+000  1.608906e+000 -2.532079e+000
      vertex -6.000000e+000  1.512447e+000 -1.456875e+000
      vertex -6.000000e+000  1.596895e+000 -1.363788e+000
    endloop
  endfacet
  facet normal -1.000000e+000  0.000000e+000  0.000000e+000
    outer loop
      vertex -6.000000e+000  1.608906e+000 -2.532079e+000
      vertex -6.000000e+000  1.596895e+000 -1.363788e+000
      vertex -6.000000e+000  1.737143e+000 -2.445881e+000
    endloop
  endfacet
  facet normal -1.000000e+000  0.000000e+000  0.000000e+000
    outer loop
      vertex -6.000000e+000  1.737143e+000 -2.445881e+000
      vertex -6.000000e+000  1.596895e+000 -1.363788e+000
      vertex -6.000000e+000  1.675619e+000 -1.265820e+000
    endloop
  endfacet
  facet normal -1.000000e+000  0.000000e+000  0.000000e+000
    outer loop
      vertex -6.000000e+000  1.737143e+000 -2.445881e+000
      vertex -6.000000e+000  1.675619e+000 -1.265820e+000
      vertex -6.000000e+000  1.748339e+000 -1.163319e+000
    endloop
  endfacet
  facet normal -1.000000e+000  0.000000e+000  -0.000000e+000
    outer loop
      vertex -6.000000e+000  1.737143e+000 -2.445881e+000
      vertex -6.000000e+000  1.748339e+000 -1.163319e+000
      vertex -6.000000e+000  1.860773e+000 -2.353194e+000
    endloop
  endfacet
  facet normal -1.000000e+000  0.000000e+000  0.000000e+000
    outer loop
      vertex -6.000000e+000  1.860773e+000 -2.353194e+000
      vertex -6.000000e+000  1.748339e+000 -1.163319e+000
      vertex -6.000000e+000  1.813584e+000 -1.058730e+000
    endloop
  endfacet
  facet normal -9.999999e-001  0.000000e+000  0.000000e+000
    outer loop
      vertex -6.000000e+000  1.860773e+000 -2.353194e+000
      vertex -6.000000e+000  1.813584e+000 -1.058730e+000
      vertex -6.000000e+000  1.872581e+000 -9.504915e-001
    endloop
  endfacet
  facet normal -1.000000e+000  0.000000e+000  -0.000000e+000
    outer loop
      vertex -6.000000e+000  1.860773e+000 -2.353194e+000
      vertex -6.000000e+000  1.872581e+000 -9.504915e-001
      vertex -6.000000e+000  1.979466e+000 -2.254266e+000
    endloop
  endfacet
  facet normal -1.000000e+000  0.000000e+000  0.000000e+000
    outer loop
      vertex -6.000000e+000  1.979466e+000 -2.254266e+000
      vertex -6.000000e+000  1.872581e+000 -9.504915e-001
      vertex -6.000000e+000  1.925126e+000 -8.389739e-001
    endloop
  endfacet
  facet normal -1.000000e+000  0.000000e+000  0.000000e+000
    outer loop
      vertex -6.000000e+000  1.979466e+000 -2.254266e+000
      vertex -6.000000e+000  1.925126e+000 -8.389739e-001
      vertex -6.000000e+000  1.971038e+000 -7.245624e-001
    endloop
  endfacet
  facet normal  1.000000e+000  0.000000e+000  0.000000e+000
    outer loop
      vertex  6.000000e+000  4.338007e-001 -3.338783e+000
      vertex  6.000000e+000  5.125576e-001 -3.245596e+000
      vertex  6.000000e+000  4.958758e-001 -2.040598e+000
    endloop
  endfacet
  facet normal  1.000000e+000  0.000000e+000  -0.000000e+000
    outer loop
      vertex  6.000000e+000  1.955237e+000 -7.661145e-001
      vertex  6.000000e+000  1.979466e+000 -2.254266e+000
      vertex  6.000000e+000  1.997902e+000 -6.467504e-001
    endloop
  endfacet
  facet normal  1.000000e+000  0.000000e+000  0.000000e+000
    outer loop
      vertex  6.000000e+000 -1.730585e+000  2.690957e+000
      vertex  6.000000e+000 -1.850126e+000  9.934965e-001
      vertex  6.000000e+000 -1.785456e+000  1.105507e+000
    endloop
  endfacet
  facet normal  9.999999e-001  0.000000e+000  0.000000e+000
    outer loop
      vertex  6.000000e+000 -1.785456e+000  1.105507e+000
      vertex  6.000000e+000 -1.714013e+000  1.213325e+000
      vertex  6.000000e+000 -1.730585e+000  2.690957e+000
    endloop
  endfacet
  facet normal  1.000000e+000  0.000000e+000  0.000000e+000
    outer loop
      vertex  6.000000e+000  1.958192e+000  7.586075e-001
      vertex  6.000000e+000  2.001178e+000  6.366206e-001
      vertex  6.000000e+000  1.980751e+000  2.253137e+000
    endloop
  endfacet
  facet normal  1.000000e+000  0.000000e+000  0.000000e+000
    outer loop
      vertex  6.000000e+000  0.000000e+000 -4.582576e+000
      vertex  6.000000e+000  3.721640e-003 -4.460622e+000
      vertex  6.000000e+000 -2.775558e-016 -2.100000e+000
    endloop
  endfacet
  facet normal  1.000000e+000  0.000000e+000  0.000000e+000
    outer loop
      vertex  6.000000e+000  0.000000e+000 -4.582576e+000
      vertex  6.000000e+000 -2.775558e-016 -2.100000e+000
      vertex  6.000000e+000 -1.137743e-001 -2.096916e+000
    endloop
  endfacet
  facet normal  1.000000e+000  0.000000e+000  0.000000e+000
    outer loop
      vertex  6.000000e+000  0.000000e+000 -4.582576e+000
      vertex  6.000000e+000 -1.137743e-001 -2.096916e+000
      vertex  6.000000e+000  0.000000e+000 -6.000000e+000
    endloop
  endfacet
  facet normal  1.000000e+000  0.000000e+000  -0.000000e+000
    outer loop
      vertex  6.000000e+000  2.200799e+000 -2.038746e+000
      vertex  6.000000e+000  2.302851e+000 -1.922727e+000
      vertex  6.000000e+000  2.398794e+000 -1.801607e+000
    endloop
  endfacet
  facet normal  1.000000e+000  0.000000e+000  -0.000000e+000
    outer loop
      vertex  6.000000e+000  2.200799e+000 -2.038746e+000
      vertex  6.000000e+000  2.398794e+000 -1.801607e+000
      vertex  6.000000e+000  2.488374e+000 -1.675708e+000
    endloop
  endfacet
  facet normal  1.000000e+000  0.000000e+000  -0.000000e+000
    outer loop
      vertex  6.000000e+000  2.200799e+000 -2.038746e+000
      vertex  6.000000e+000  2.488374e+000 -1.675708e+000
      vertex  6.000000e+000  2.571352e+000 -1.545364e+000
    endloop
  endfacet
  facet normal  1.000000e+000  0.000000e+000  -0.000000e+000
    outer loop
      vertex  6.000000e+000  2.200799e+000 -2.038746e+000
      vertex  6.000000e+000  2.571352e+000 -1.545364e+000
      vertex  6.000000e+000  2.647509e+000 -1.410920e+000
    endloop
  endfacet
  facet normal  1.000000e+000  0.000000e+000  -0.000000e+000
    outer loop
      vertex  6.000000e+000  2.200799e+000 -2.038746e+000
      vertex  6.000000e+000  2.647509e+000 -1.410920e+000
      vertex  6.000000e+000  2.716643e+000 -1.272733e+000
    endloop
  endfacet
  facet normal  1.000000e+000  0.000000e+000  -0.000000e+000
    outer loop
      vertex  6.000000e+000  2.200799e+000 -2.038746e+000
      vertex  6.000000e+000  2.716643e+000 -1.272733e+000
      vertex  6.000000e+000  2.778570e+000 -1.131171e+000
    endloop
  endfacet
  facet normal  1.000000e+000  0.000000e+000  -0.000000e+000
    outer loop
      vertex  6.000000e+000  2.200799e+000 -2.038746e+000
      vertex  6.000000e+000  2.778570e+000 -1.131171e+000
      vertex  6.000000e+000  2.833127e+000 -9.866068e-001
    endloop
  endfacet
  facet normal  1.000000e+000  0.000000e+000  -0.000000e+000
    outer loop
      vertex  6.000000e+000  2.200799e+000 -2.038746e+000
      vertex  6.000000e+000  2.833127e+000 -9.866068e-001
      vertex  6.000000e+000  2.880167e+000 -8.394259e-001
    endloop
  endfacet
  facet normal  1.000000e+000  0.000000e+000  -0.000000e+000
    outer loop
      vertex  6.000000e+000  2.200799e+000 -2.038746e+000
      vertex  6.000000e+000  2.880167e+000 -8.394259e-001
      vertex  6.000000e+000  2.919568e+000 -6.900182e-001
    endloop
  endfacet
  facet normal  1.000000e+000  0.000000e+000  -0.000000e+000
    outer loop
      vertex  6.000000e+000  2.200799e+000 -2.038746e+000
      vertex  6.000000e+000  2.919568e+000 -6.900182e-001
      vertex  6.000000e+000  2.951223e+000 -5.387800e-001
    endloop
  endfacet
  facet normal  1.000000e+000  0.000000e+000  -0.000000e+000
    outer loop
      vertex  6.000000e+000  2.200799e+000 -2.038746e+000
      vertex  6.000000e+000  2.951223e+000 -5.387800e-001
      vertex  6.000000e+000  2.975049e+000 -3.861126e-001
    endloop
  endfacet
  facet normal  1.000000e+000  0.000000e+000  -0.000000e+000
    outer loop
      vertex  6.000000e+000  2.200799e+000 -2.038746e+000
      vertex  6.000000e+000  2.975049e+000 -3.861126e-001
      vertex  6.000000e+000  2.990983e+000 -2.324209e-001
    endloop
  endfacet
  facet normal  1.000000e+000  0.000000e+000  -0.000000e+000
    outer loop
      vertex  6.000000e+000  2.200799e+000 -2.038746e+000
      vertex  6.000000e+000  2.990983e+000 -2.324209e-001
      vertex  6.000000e+000  2.998983e+000 -7.811257e-002
    endloop
  endfacet
  facet normal  9.999999e-001  0.000000e+000  0.000000e+000
    outer loop
      vertex  6.000000e+000  2.200799e+000 -2.038746e+000
      vertex  6.000000e+000  2.998983e+000 -7.811257e-002
      vertex  6.000000e+000  2.099867e+000 -2.364052e-002
    endloop
  endfacet
  facet normal  1.000000e+000  0.000000e+000  0.000000e+000
    outer loop
      vertex  6.000000e+000  2.200799e+000 -2.038746e+000
      vertex  6.000000e+000  2.099867e+000 -2.364052e-002
      vertex  6.000000e+000  2.094617e+000 -1.502602e-001
    endloop
  endfacet
  facet normal  1.000000e+000  0.000000e+000  0.000000e+000
    outer loop
      vertex  6.000000e+000  2.200799e+000 -2.038746e+000
      vertex  6.000000e+000  2.094617e+000 -1.502602e-001
      vertex  6.000000e+000  2.092909e+000 -2.149356e+000
    endloop
  endfacet
  facet normal  1.000000e+000  -0.000000e+000  0.000000e+000
    outer loop
      vertex  6.000000e+000  2.100000e+000 -8.881784e-016
      vertex  6.000000e+000  2.099867e+000 -2.364052e-002
      vertex  6.000000e+000  2.998983e+000 -7.811257e-002
    endloop
  endfacet
  facet normal  1.000000e+000  0.000000e+000  -0.000000e+000
    outer loop
      vertex  6.000000e+000  2.100000e+000 -8.881784e-016
      vertex  6.000000e+000  2.998983e+000 -7.811257e-002
      vertex  6.000000e+000  2.999027e+000  7.640293e-002
    endloop
  endfacet
  facet normal  1.000000e+000  0.000000e+000  0.000000e+000
    outer loop
      vertex  6.000000e+000  2.100000e+000 -8.881784e-016
      vertex  6.000000e+000  2.999027e+000  7.640293e-002
      vertex  6.000000e+000  2.991115e+000  2.307158e-001
    endloop
  endfacet
  facet normal  1.000000e+000  0.000000e+000  0.000000e+000
    outer loop
      vertex  6.000000e+000  2.100000e+000 -8.881784e-016
      vertex  6.000000e+000  2.991115e+000  2.307158e-001
      vertex  6.000000e+000  2.975269e+000  3.844166e-001
    endloop
  endfacet
  facet normal  1.000000e+000  0.000000e+000  0.000000e+000
    outer loop
      vertex  6.000000e+000  2.100000e+000 -8.881784e-016
      vertex  6.000000e+000  2.975269e+000  3.844166e-001
      vertex  6.000000e+000  2.951530e+000  5.370976e-001
    endloop
  endfacet
  facet normal  1.000000e+000  0.000000e+000  0.000000e+000
    outer loop
      vertex  6.000000e+000  2.100000e+000 -8.881784e-016
      vertex  6.000000e+000  2.951530e+000  5.370976e-001
      vertex  6.000000e+000  2.919960e+000  6.883538e-001
    endloop
  endfacet
  facet normal  1.000000e+000  0.000000e+000  0.000000e+000
    outer loop
      vertex  6.000000e+000  2.100000e+000 -8.881784e-016
      vertex  6.000000e+000  2.919960e+000  6.883538e-001
      vertex  6.000000e+000  2.880646e+000  8.377839e-001
    endloop
  endfacet
  facet normal  1.000000e+000  0.000000e+000  0.000000e+000
    outer loop
      vertex  6.000000e+000  2.100000e+000 -8.881784e-016
      vertex  6.000000e+000  2.880646e+000  8.377839e-001
      vertex  6.000000e+000  2.833689e+000  9.849916e-001
    endloop
  endfacet
  facet normal  1.000000e+000  0.000000e+000  0.000000e+000
    outer loop
      vertex  6.000000e+000  2.100000e+000 -8.881784e-016
      vertex  6.000000e+000  2.833689e+000  9.849916e-001
      vertex  6.000000e+000  2.779215e+000  1.129586e+000
    endloop
  endfacet
  facet normal  1.000000e+000  0.000000e+000  0.000000e+000
    outer loop
      vertex  6.000000e+000  2.100000e+000 -8.881784e-016
      vertex  6.000000e+000  2.779215e+000  1.129586e+000
      vertex  6.000000e+000  2.717368e+000  1.271185e+000
    endloop
  endfacet
  facet normal  9.999999e-001  0.000000e+000  0.000000e+000
    outer loop
      vertex  6.000000e+000  2.100000e+000 -8.881784e-016
      vertex  6.000000e+000  2.717368e+000  1.271185e+000
      vertex  6.000000e+000  2.648313e+000  1.409410e+000
    endloop
  endfacet
  facet normal  9.999999e-001  0.000000e+000  0.000000e+000
    outer loop
      vertex  6.000000e+000  2.100000e+000 -8.881784e-016
      vertex  6.000000e+000  2.648313e+000  1.409410e+000
      vertex  6.000000e+000  2.572232e+000  1.543898e+000
    endloop
  endfacet
  facet normal  9.999999e-001  0.000000e+000  0.000000e+000
    outer loop
      vertex  6.000000e+000  2.100000e+000 -8.881784e-016
      vertex  6.000000e+000  2.572232e+000  1.543898e+000
      vertex  6.000000e+000  2.489328e+000  1.674289e+000
    endloop
  endfacet
  facet normal  1.000000e+000  0.000000e+000  0.000000e+000
    outer loop
      vertex  6.000000e+000  2.100000e+000 -8.881784e-016
      vertex  6.000000e+000  2.489328e+000  1.674289e+000
      vertex  6.000000e+000  2.399821e+000  1.800239e+000
    endloop
  endfacet
  facet normal  1.000000e+000  0.000000e+000  0.000000e+000
    outer loop
      vertex  6.000000e+000  2.100000e+000 -8.881784e-016
      vertex  6.000000e+000  2.399821e+000  1.800239e+000
      vertex  6.000000e+000  2.303947e+000  1.921414e+000
    endloop
  endfacet
  facet normal  1.000000e+000  0.000000e+000  0.000000e+000
    outer loop
      vertex  6.000000e+000  2.100000e+000 -8.881784e-016
      vertex  6.000000e+000  2.303947e+000  1.921414e+000
      vertex  6.000000e+000  2.201961e+000  2.037491e+000
    endloop
  endfacet
  facet normal  9.999999e-001  0.000000e+000  0.000000e+000
    outer loop
      vertex  6.000000e+000  2.100000e+000 -8.881784e-016
      vertex  6.000000e+000  2.201961e+000  2.037491e+000
      vertex  6.000000e+000  2.094134e+000  2.148163e+000
    endloop
  endfacet
  facet normal  1.000000e+000  0.000000e+000  0.000000e+000
    outer loop
      vertex  6.000000e+000  2.100000e+000 -8.881784e-016
      vertex  6.000000e+000  2.094134e+000  2.148163e+000
      vertex  6.000000e+000  2.096017e+000  1.292779e-001
    endloop
  endfacet
  facet normal  1.000000e+000  0.000000e+000  -0.000000e+000
    outer loop
      vertex  6.000000e+000 -2.100000e+000  3.748859e-009
      vertex  6.000000e+000 -2.096017e+000  1.292779e-001
      vertex  6.000000e+000 -2.093299e+000  2.540716e+000
    endloop
  endfacet
  facet normal  1.000000e+000  0.000000e+000  0.000000e+000
    outer loop
      vertex  6.000000e+000 -2.100000e+000  3.748859e-009
      vertex  6.000000e+000 -2.093299e+000  2.540716e+000
      vertex  6.000000e+000 -2.269953e+000  2.455033e+000
    endloop
  endfacet
  facet normal  9.999999e-001  0.000000e+000  0.000000e+000
    outer loop
      vertex  6.000000e+000 -2.100000e+000  3.748859e-009
      vertex  6.000000e+000 -2.269953e+000  2.455033e+000
      vertex  6.000000e+000 -2.443106e+000  2.362480e+000
    endloop
  endfacet
  facet normal  1.000000e+000  0.000000e+000  0.000000e+000
    outer loop
      vertex  6.000000e+000 -2.100000e+000  3.748859e-009
      vertex  6.000000e+000 -2.443106e+000  2.362480e+000
      vertex  6.000000e+000 -2.612493e+000  2.263201e+000
    endloop
  endfacet
  facet normal  1.000000e+000  0.000000e+000  0.000000e+000
    outer loop
      vertex  6.000000e+000 -2.100000e+000  3.748859e-009
      vertex  6.000000e+000 -2.612493e+000  2.263201e+000
      vertex  6.000000e+000 -2.777851e+000  2.157348e+000
    endloop
  endfacet
  facet normal  1.000000e+000  0.000000e+000  0.000000e+000
    outer loop
      vertex  6.000000e+000 -2.100000e+000  3.748859e-009
      vertex  6.000000e+000 -2.777851e+000  2.157348e+000
      vertex  6.000000e+000 -2.938926e+000  2.045085e+000
    endloop
  endfacet
  facet normal  1.000000e+000  0.000000e+000  0.000000e+000
    outer loop
      vertex  6.000000e+000 -2.100000e+000  3.748859e-009
      vertex  6.000000e+000 -2.938926e+000  2.045085e+000
      vertex  6.000000e+000 -3.095470e+000  1.926585e+000
    endloop
  endfacet
  facet normal  1.000000e+000  0.000000e+000  0.000000e+000
    outer loop
      vertex  6.000000e+000 -2.100000e+000  3.748859e-009
      vertex  6.000000e+000 -3.095470e+000  1.926585e+000
      vertex  6.000000e+000 -3.247240e+000  1.802030e+000
    endloop
  endfacet
  facet normal  1.000000e+000  0.000000e+000  0.000000e+000
    outer loop
      vertex  6.000000e+000 -2.100000e+000  3.748859e-009
      vertex  6.000000e+000 -3.247240e+000  1.802030e+000
      vertex  6.000000e+000 -3.394004e+000  1.671613e+000
    endloop
  endfacet
  facet normal  9.999999e-001  0.000000e+000  0.000000e+000
    outer loop
      vertex  6.000000e+000 -2.100000e+000  3.748859e-009
      vertex  6.000000e+000 -3.394004e+000  1.671613e+000
      vertex  6.000000e+000 -3.535534e+000  1.535534e+000
    endloop
  endfacet
  facet normal  1.000000e+000  0.000000e+000  0.000000e+000
    outer loop
      vertex  6.000000e+000 -2.100000e+000  3.748859e-009
      vertex  6.000000e+000 -3.535534e+000  1.535534e+000
      vertex  6.000000e+000 -3.671613e+000  1.394004e+000
    endloop
  endfacet
  facet normal  1.000000e+000  0.000000e+000  0.000000e+000
    outer loop
      vertex  6.000000e+000 -2.100000e+000  3.748859e-009
      vertex  6.000000e+000 -3.671613e+000  1.394004e+000
      vertex  6.000000e+000 -3.802030e+000  1.247240e+000
    endloop
  endfacet
  facet normal  1.000000e+000  0.000000e+000  0.000000e+000
    outer loop
      vertex  6.000000e+000 -2.100000e+000  3.748859e-009
      vertex  6.000000e+000 -3.802030e+000  1.247240e+000
      vertex  6.000000e+000 -3.926585e+000  1.095470e+000
    endloop
  endfacet
  facet normal  1.000000e+000  0.000000e+000  0.000000e+000
    outer loop
      vertex  6.000000e+000 -2.100000e+000  3.748859e-009
      vertex  6.000000e+000 -3.926585e+000  1.095470e+000
      vertex  6.000000e+000 -4.045085e+000  9.389263e-001
    endloop
  endfacet
  facet normal  9.999999e-001  0.000000e+000  0.000000e+000
    outer loop
      vertex  6.000000e+000 -2.100000e+000  3.748859e-009
      vertex  6.000000e+000 -4.045085e+000  9.389263e-001
      vertex  6.000000e+000 -4.157348e+000  7.778512e-001
    endloop
  endfacet
  facet normal  1.000000e+000  0.000000e+000  0.000000e+000
    outer loop
      vertex  6.000000e+000 -2.100000e+000  3.748859e-009
      vertex  6.000000e+000 -4.157348e+000  7.778512e-001
      vertex  6.000000e+000 -4.263201e+000  6.124928e-001
    endloop
  endfacet
  facet normal  1.000000e+000  0.000000e+000  0.000000e+000
    outer loop
      vertex  6.000000e+000 -2.100000e+000  3.748859e-009
      vertex  6.000000e+000 -4.263201e+000  6.124928e-001
      vertex  6.000000e+000 -4.362480e+000  4.431062e-001
    endloop
  endfacet
  facet normal  1.000000e+000  0.000000e+000  0.000000e+000
    outer loop
      vertex  6.000000e+000 -2.100000e+000  3.748859e-009
      vertex  6.000000e+000 -4.362480e+000  4.431062e-001
      vertex  6.000000e+000 -4.455033e+000  2.699525e-001
    endloop
  endfacet
  facet normal  1.000000e+000  0.000000e+000  0.000000e+000
    outer loop
      vertex  6.000000e+000 -2.100000e+000  3.748859e-009
      vertex  6.000000e+000 -4.455033e+000  2.699525e-001
      vertex  6.000000e+000 -4.540716e+000  9.329869e-002
    endloop
  endfacet
  facet normal  9.999999e-001  0.000000e+000  0.000000e+000
    outer loop
      vertex  6.000000e+000 -2.100000e+000  3.748859e-009
      vertex  6.000000e+000 -4.540716e+000  9.329869e-002
      vertex  6.000000e+000 -4.619398e+000 -8.658284e-002
    endloop
  endfacet
  facet normal  9.999999e-001  -0.000000e+000  0.000000e+000
    outer loop
      vertex  6.000000e+000 -2.100000e+000  3.748859e-009
      vertex  6.000000e+000 -4.619398e+000 -8.658284e-002
      vertex  6.000000e+000 -2.096380e+000 -1.232169e-001
    endloop
  endfacet
  facet normal  9.999999e-001  0.000000e+000  0.000000e+000
    outer loop
      vertex  6.000000e+000 -4.619398e+000 -8.658284e-002
      vertex  6.000000e+000  0.000000e+000 -6.000000e+000
      vertex  6.000000e+000 -1.971031e+000 -7.245717e-001
    endloop
  endfacet
  facet normal  1.000000e+000  0.000000e+000  0.000000e+000
    outer loop
      vertex  6.000000e+000 -4.619398e+000 -8.658284e-002
      vertex  6.000000e+000 -1.971031e+000 -7.245717e-001
      vertex  6.000000e+000 -2.010151e+000 -6.076611e-001
    endloop
  endfacet
  facet normal  1.000000e+000  0.000000e+000  0.000000e+000
    outer loop
      vertex  6.000000e+000 -4.619398e+000 -8.658284e-002
      vertex  6.000000e+000 -2.010151e+000 -6.076611e-001
      vertex  6.000000e+000 -2.042345e+000 -4.886556e-001
    endloop
  endfacet
  facet normal  1.000000e+000  0.000000e+000  0.000000e+000
    outer loop
      vertex  6.000000e+000 -4.619398e+000 -8.658284e-002
      vertex  6.000000e+000 -2.042345e+000 -4.886556e-001
      vertex  6.000000e+000 -2.067502e+000 -3.679673e-001
    endloop
  endfacet
  facet normal  1.000000e+000  0.000000e+000  0.000000e+000
    outer loop
      vertex  6.000000e+000 -4.619398e+000 -8.658284e-002
      vertex  6.000000e+000 -2.067502e+000 -3.679673e-001
      vertex  6.000000e+000 -2.085534e+000 -2.460139e-001
    endloop
  endfacet
  facet normal  1.000000e+000  0.000000e+000  0.000000e+000
    outer loop
      vertex  6.000000e+000 -4.619398e+000 -8.658284e-002
      vertex  6.000000e+000 -2.085534e+000 -2.460139e-001
      vertex  6.000000e+000 -2.096380e+000 -1.232169e-001
    endloop
  endfacet
  facet normal  1.000000e+000  0.000000e+000  0.000000e+000
    outer loop
      vertex  6.000000e+000  0.000000e+000 -6.000000e+000
      vertex  6.000000e+000 -4.619398e+000 -8.658284e-002
      vertex  6.000000e+000 -4.690957e+000 -2.694147e-001
    endloop
  endfacet
  facet normal  1.000000e+000  0.000000e+000  0.000000e+000
    outer loop
      vertex  6.000000e+000  0.000000e+000 -6.000000e+000
      vertex  6.000000e+000 -4.690957e+000 -2.694147e-001
      vertex  6.000000e+000 -4.755282e+000 -4.549150e-001
    endloop
  endfacet
  facet normal  9.999999e-001  0.000000e+000  0.000000e+000
    outer loop
      vertex  6.000000e+000  0.000000e+000 -6.000000e+000
      vertex  6.000000e+000 -4.755282e+000 -4.549150e-001
      vertex  6.000000e+000 -4.812276e+000 -6.427978e-001
    endloop
  endfacet
  facet normal  1.000000e+000  0.000000e+000  0.000000e+000
    outer loop
      vertex  6.000000e+000  0.000000e+000 -6.000000e+000
      vertex  6.000000e+000 -4.812276e+000 -6.427978e-001
      vertex  6.000000e+000 -4.861850e+000 -8.327732e-001
    endloop
  endfacet
  facet normal  1.000000e+000  0.000000e+000  0.000000e+000
    outer loop
      vertex  6.000000e+000  0.000000e+000 -6.000000e+000
      vertex  6.000000e+000 -4.861850e+000 -8.327732e-001
      vertex  6.000000e+000 -4.903926e+000 -1.024548e+000
    endloop
  endfacet
  facet normal  1.000000e+000  0.000000e+000  0.000000e+000
    outer loop
      vertex  6.000000e+000  0.000000e+000 -6.000000e+000
      vertex  6.000000e+000 -4.903926e+000 -1.024548e+000
      vertex  6.000000e+000 -4.938442e+000 -1.217828e+000
    endloop
  endfacet
  facet normal  1.000000e+000  0.000000e+000  0.000000e+000
    outer loop
      vertex  6.000000e+000  0.000000e+000 -6.000000e+000
      vertex  6.000000e+000 -4.938442e+000 -1.217828e+000
      vertex  6.000000e+000 -4.965343e+000 -1.412313e+000
    endloop
  endfacet
  facet normal  1.000000e+000  0.000000e+000  0.000000e+000
    outer loop
      vertex  6.000000e+000  0.000000e+000 -6.000000e+000
      vertex  6.000000e+000 -4.965343e+000 -1.412313e+000
      vertex  6.000000e+000 -4.984587e+000 -1.607705e+000
    endloop
  endfacet
  facet normal  1.000000e+000  0.000000e+000  0.000000e+000
    outer loop
      vertex  6.000000e+000  0.000000e+000 -6.000000e+000
      vertex  6.000000e+000 -4.984587e+000 -1.607705e+000
      vertex  6.000000e+000 -4.996145e+000 -1.803701e+000
    endloop
  endfacet
  facet normal  1.000000e+000  0.000000e+000  0.000000e+000
    outer loop
      vertex  6.000000e+000  0.000000e+000 -6.000000e+000
      vertex  6.000000e+000 -4.996145e+000 -1.803701e+000
      vertex  6.000000e+000 -5.000000e+000 -2.000000e+000
    endloop
  endfacet
  facet normal  1.000000e+000  0.000000e+000  0.000000e+000
    outer loop
      vertex  6.000000e+000  0.000000e+000 -6.000000e+000
      vertex  6.000000e+000 -5.000000e+000 -2.000000e+000
      vertex  6.000000e+000 -5.000000e+000 -6.000000e+000
    endloop
  endfacet
  facet normal  1.000000e+000  -0.000000e+000  0.000000e+000
    outer loop
      vertex  6.000000e+000  1.250692e-001 -2.096272e+000
      vertex  6.000000e+000 -2.775558e-016 -2.100000e+000
      vertex  6.000000e+000  3.721640e-003 -4.460622e+000
    endloop
  endfacet
  facet normal  1.000000e+000  0.000000e+000  0.000000e+000
    outer loop
      vertex  6.000000e+000  1.250692e-001 -2.096272e+000
      vertex  6.000000e+000  3.721640e-003 -4.460622e+000
      vertex  6.000000e+000  1.487271e-002 -4.339122e+000
    endloop
  endfacet
  facet normal  9.999999e-001  0.000000e+000  0.000000e+000
    outer loop
      vertex  6.000000e+000  1.250692e-001 -2.096272e+000
      vertex  6.000000e+000  1.487271e-002 -4.339122e+000
      vertex  6.000000e+000  3.341171e-002 -4.218528e+000
    endloop
  endfacet
  facet normal  9.999999e-001  0.000000e+000  0.000000e+000
    outer loop
      vertex  6.000000e+000  1.250692e-001 -2.096272e+000
      vertex  6.000000e+000  3.341171e-002 -4.218528e+000
      vertex  6.000000e+000  5.926964e-002 -4.099289e+000
    endloop
  endfacet
  facet normal  1.000000e+000  0.000000e+000  0.000000e+000
    outer loop
      vertex  6.000000e+000  1.250692e-001 -2.096272e+000
      vertex  6.000000e+000  5.926964e-002 -4.099289e+000
      vertex  6.000000e+000  9.235027e-002 -3.981849e+000
    endloop
  endfacet
  facet normal  1.000000e+000  0.000000e+000  0.000000e+000
    outer loop
      vertex  6.000000e+000  1.250692e-001 -2.096272e+000
      vertex  6.000000e+000  9.235027e-002 -3.981849e+000
      vertex  6.000000e+000  1.325305e-001 -3.866644e+000
    endloop
  endfacet
  facet normal  1.000000e+000  0.000000e+000  -0.000000e+000
    outer loop
      vertex  6.000000e+000  1.250692e-001 -2.096272e+000
      vertex  6.000000e+000  1.325305e-001 -3.866644e+000
      vertex  6.000000e+000  1.796608e-001 -3.754104e+000
    endloop
  endfacet
  facet normal  1.000000e+000  0.000000e+000  -0.000000e+000
    outer loop
      vertex  6.000000e+000  1.250692e-001 -2.096272e+000
      vertex  6.000000e+000  1.796608e-001 -3.754104e+000
      vertex  6.000000e+000  2.496982e-001 -2.085099e+000
    endloop
  endfacet
  facet normal  1.000000e+000  0.000000e+000  0.000000e+000
    outer loop
      vertex  6.000000e+000  0.000000e+000 -6.000000e+000
      vertex  6.000000e+000 -1.137743e-001 -2.096916e+000
      vertex  6.000000e+000 -2.272149e-001 -2.087672e+000
    endloop
  endfacet
  facet normal  1.000000e+000  0.000000e+000  0.000000e+000
    outer loop
      vertex  6.000000e+000  0.000000e+000 -6.000000e+000
      vertex  6.000000e+000 -2.272149e-001 -2.087672e+000
      vertex  6.000000e+000 -3.399885e-001 -2.072295e+000
    endloop
  endfacet
  facet normal  1.000000e+000  0.000000e+000  0.000000e+000
    outer loop
      vertex  6.000000e+000  0.000000e+000 -6.000000e+000
      vertex  6.000000e+000 -3.399885e-001 -2.072295e+000
      vertex  6.000000e+000 -4.517633e-001 -2.050831e+000
    endloop
  endfacet
  facet normal  1.000000e+000  0.000000e+000  0.000000e+000
    outer loop
      vertex  6.000000e+000  0.000000e+000 -6.000000e+000
      vertex  6.000000e+000 -4.517633e-001 -2.050831e+000
      vertex  6.000000e+000 -5.622106e-001 -2.023344e+000
    endloop
  endfacet
  facet normal  1.000000e+000  0.000000e+000  0.000000e+000
    outer loop
      vertex  6.000000e+000  0.000000e+000 -6.000000e+000
      vertex  6.000000e+000 -5.622106e-001 -2.023344e+000
      vertex  6.000000e+000 -6.710060e-001 -1.989912e+000
    endloop
  endfacet
  facet normal  9.999999e-001  0.000000e+000  0.000000e+000
    outer loop
      vertex  6.000000e+000  0.000000e+000 -6.000000e+000
      vertex  6.000000e+000 -6.710060e-001 -1.989912e+000
      vertex  6.000000e+000 -7.888393e-001 -1.946209e+000
    endloop
  endfacet
  facet normal  1.000000e+000  0.000000e+000  0.000000e+000
    outer loop
      vertex  6.000000e+000  0.000000e+000 -6.000000e+000
      vertex  6.000000e+000 -7.888393e-001 -1.946209e+000
      vertex  6.000000e+000 -9.038496e-001 -1.895533e+000
    endloop
  endfacet
  facet normal  1.000000e+000  0.000000e+000  0.000000e+000
    outer loop
      vertex  6.000000e+000  0.000000e+000 -6.000000e+000
      vertex  6.000000e+000 -9.038496e-001 -1.895533e+000
      vertex  6.000000e+000 -1.015626e+000 -1.838065e+000
    endloop
  endfacet
  facet normal  1.000000e+000  0.000000e+000  0.000000e+000
    outer loop
      vertex  6.000000e+000  0.000000e+000 -6.000000e+000
      vertex  6.000000e+000 -1.015626e+000 -1.838065e+000
      vertex  6.000000e+000 -1.123768e+000 -1.774010e+000
    endloop
  endfacet
  facet normal  1.000000e+000  0.000000e+000  0.000000e+000
    outer loop
      vertex  6.000000e+000  0.000000e+000 -6.000000e+000
      vertex  6.000000e+000 -1.123768e+000 -1.774010e+000
      vertex  6.000000e+000 -1.227888e+000 -1.703599e+000
    endloop
  endfacet
  facet normal  1.000000e+000  0.000000e+000  0.000000e+000
    outer loop
      vertex  6.000000e+000  0.000000e+000 -6.000000e+000
      vertex  6.000000e+000 -1.227888e+000 -1.703599e+000
      vertex  6.000000e+000 -1.327611e+000 -1.627086e+000
    endloop
  endfacet
  facet normal  9.999999e-001  0.000000e+000  0.000000e+000
    outer loop
      vertex  6.000000e+000  0.000000e+000 -6.000000e+000
      vertex  6.000000e+000 -1.327611e+000 -1.627086e+000
      vertex  6.000000e+000 -1.422578e+000 -1.544745e+000
    endloop
  endfacet
  facet normal  1.000000e+000  0.000000e+000  0.000000e+000
    outer loop
      vertex  6.000000e+000  0.000000e+000 -6.000000e+000
      vertex  6.000000e+000 -1.422578e+000 -1.544745e+000
      vertex  6.000000e+000 -1.512447e+000 -1.456875e+000
    endloop
  endfacet
  facet normal  9.999999e-001  0.000000e+000  0.000000e+000
    outer loop
      vertex  6.000000e+000  0.000000e+000 -6.000000e+000
      vertex  6.000000e+000 -1.512447e+000 -1.456875e+000
      vertex  6.000000e+000 -1.596895e+000 -1.363788e+000
    endloop
  endfacet
  facet normal  1.000000e+000  0.000000e+000  0.000000e+000
    outer loop
      vertex  6.000000e+000  0.000000e+000 -6.000000e+000
      vertex  6.000000e+000 -1.596895e+000 -1.363788e+000
      vertex  6.000000e+000 -1.675619e+000 -1.265820e+000
    endloop
  endfacet
  facet normal  1.000000e+000  0.000000e+000  0.000000e+000
    outer loop
      vertex  6.000000e+000  0.000000e+000 -6.000000e+000
      vertex  6.000000e+000 -1.675619e+000 -1.265820e+000
      vertex  6.000000e+000 -1.748339e+000 -1.163319e+000
    endloop
  endfacet
  facet normal  1.000000e+000  0.000000e+000  0.000000e+000
    outer loop
      vertex  6.000000e+000  0.000000e+000 -6.000000e+000
      vertex  6.000000e+000 -1.748339e+000 -1.163319e+000
      vertex  6.000000e+000 -1.813582e+000 -1.058734e+000
    endloop
  endfacet
  facet normal  1.000000e+000  0.000000e+000  0.000000e+000
    outer loop
      vertex  6.000000e+000  0.000000e+000 -6.000000e+000
      vertex  6.000000e+000 -1.813582e+000 -1.058734e+000
      vertex  6.000000e+000 -1.872577e+000 -9.504982e-001
    endloop
  endfacet
  facet normal  1.000000e+000  0.000000e+000  0.000000e+000
    outer loop
      vertex  6.000000e+000  0.000000e+000 -6.000000e+000
      vertex  6.000000e+000 -1.872577e+000 -9.504982e-001
      vertex  6.000000e+000 -1.925120e+000 -8.389826e-001
    endloop
  endfacet
  facet normal  1.000000e+000  0.000000e+000  0.000000e+000
    outer loop
      vertex  6.000000e+000  0.000000e+000 -6.000000e+000
      vertex  6.000000e+000 -1.925120e+000 -8.389826e-001
      vertex  6.000000e+000 -1.971031e+000 -7.245717e-001
    endloop
  endfacet
  facet normal  9.999999e-001  0.000000e+000  0.000000e+000
    outer loop
      vertex  6.000000e+000  2.092909e+000 -2.149356e+000
      vertex  6.000000e+000  2.094617e+000 -1.502602e-001
      vertex  6.000000e+000  2.081735e+000 -2.763369e-001
    endloop
  endfacet
  facet normal  9.999999e-001  0.000000e+000  0.000000e+000
    outer loop
      vertex  6.000000e+000  2.092909e+000 -2.149356e+000
      vertex  6.000000e+000  2.081735e+000 -2.763369e-001
      vertex  6.000000e+000  2.061268e+000 -4.014135e-001
    endloop
  endfacet
  facet normal  1.000000e+000  0.000000e+000  0.000000e+000
    outer loop
      vertex  6.000000e+000  2.092909e+000 -2.149356e+000
      vertex  6.000000e+000  2.061268e+000 -4.014135e-001
      vertex  6.000000e+000  2.033289e+000 -5.250350e-001
    endloop
  endfacet
  facet normal  1.000000e+000  0.000000e+000  0.000000e+000
    outer loop
      vertex  6.000000e+000  2.092909e+000 -2.149356e+000
      vertex  6.000000e+000  2.033289e+000 -5.250350e-001
      vertex  6.000000e+000  1.997902e+000 -6.467504e-001
    endloop
  endfacet
  facet normal  1.000000e+000  0.000000e+000  0.000000e+000
    outer loop
      vertex  6.000000e+000  2.092909e+000 -2.149356e+000
      vertex  6.000000e+000  1.997902e+000 -6.467504e-001
      vertex  6.000000e+000  1.979466e+000 -2.254266e+000
    endloop
  endfacet
  facet normal  1.000000e+000  -0.000000e+000  0.000000e+000
    outer loop
      vertex  6.000000e+000 -1.913417e+000  2.619398e+000
      vertex  6.000000e+000 -2.093299e+000  2.540716e+000
      vertex  6.000000e+000 -2.096017e+000  1.292779e-001
    endloop
  endfacet
  facet normal  1.000000e+000  0.000000e+000  0.000000e+000
    outer loop
      vertex  6.000000e+000 -1.913417e+000  2.619398e+000
      vertex  6.000000e+000 -2.096017e+000  1.292779e-001
      vertex  6.000000e+000 -2.084083e+000  2.580654e-001
    endloop
  endfacet
  facet normal  1.000000e+000  0.000000e+000  0.000000e+000
    outer loop
      vertex  6.000000e+000 -1.913417e+000  2.619398e+000
      vertex  6.000000e+000 -2.084083e+000  2.580654e-001
      vertex  6.000000e+000 -2.064244e+000  3.858740e-001
    endloop
  endfacet
  facet normal  1.000000e+000  0.000000e+000  0.000000e+000
    outer loop
      vertex  6.000000e+000 -1.913417e+000  2.619398e+000
      vertex  6.000000e+000 -2.064244e+000  3.858740e-001
      vertex  6.000000e+000 -2.036574e+000  5.122188e-001
    endloop
  endfacet
  facet normal  9.999999e-001  0.000000e+000  0.000000e+000
    outer loop
      vertex  6.000000e+000 -1.913417e+000  2.619398e+000
      vertex  6.000000e+000 -2.036574e+000  5.122188e-001
      vertex  6.000000e+000 -2.001178e+000  6.366206e-001
    endloop
  endfacet
  facet normal  1.000000e+000  0.000000e+000  0.000000e+000
    outer loop
      vertex  6.000000e+000 -1.913417e+000  2.619398e+000
      vertex  6.000000e+000 -2.001178e+000  6.366206e-001
      vertex  6.000000e+000 -1.958192e+000  7.586075e-001
    endloop
  endfacet
  facet normal  1.000000e+000  0.000000e+000  0.000000e+000
    outer loop
      vertex  6.000000e+000 -1.913417e+000  2.619398e+000
      vertex  6.000000e+000 -1.958192e+000  7.586075e-001
      vertex  6.000000e+000 -1.907777e+000  8.777167e-001
    endloop
  endfacet
  facet normal  1.000000e+000  0.000000e+000  -0.000000e+000
    outer loop
      vertex  6.000000e+000 -1.913417e+000  2.619398e+000
      vertex  6.000000e+000 -1.907777e+000  8.777167e-001
      vertex  6.000000e+000 -1.850126e+000  9.934965e-001
    endloop
  endfacet
  facet normal  1.000000e+000  0.000000e+000  -0.000000e+000
    outer loop
      vertex  6.000000e+000 -1.913417e+000  2.619398e+000
      vertex  6.000000e+000 -1.850126e+000  9.934965e-001
      vertex  6.000000e+000 -1.730585e+000  2.690957e+000
    endloop
  endfacet
  facet normal  1.000000e+000  0.000000e+000  0.000000e+000
    outer loop
      vertex  6.000000e+000  2.094134e+000  2.148163e+000
      vertex  6.000000e+000  1.980751e+000  2.253137e+000
      vertex  6.000000e+000  2.001178e+000  6.366206e-001
    endloop
  endfacet
  facet normal  1.000000e+000  -0.000000e+000  0.000000e+000
    outer loop
      vertex  6.000000e+000  2.094134e+000  2.148163e+000
      vertex  6.000000e+000  2.001178e+000  6.366206e-001
      vertex  6.000000e+000  2.036574e+000  5.122188e-001
    endloop
  endfacet
  facet normal  1.000000e+000  -0.000000e+000  0.000000e+000
    outer loop
      vertex  6.000000e+000  2.094134e+000  2.148163e+000
      vertex  6.000000e+000  2.036574e+000  5.122188e-001
      vertex  6.000000e+000  2.064244e+000  3.858740e-001
    endloop
  endfacet
  facet normal  1.000000e+000  -0.000000e+000  0.000000e+000
    outer loop
      vertex  6.000000e+000  2.094134e+000  2.148163e+000
      vertex  6.000000e+000  2.064244e+000  3.858740e-001
      vertex  6.000000e+000  2.084083e+000  2.580654e-001
    endloop
  endfacet
  facet normal  1.000000e+000  -0.000000e+000  0.000000e+000
    outer loop
      vertex  6.000000e+000  2.094134e+000  2.148163e+000
      vertex  6.000000e+000  2.084083e+000  2.580654e-001
      vertex  6.000000e+000  2.096017e+000  1.292779e-001
    endloop
  endfacet
  facet normal  1.000000e+000  0.000000e+000  0.000000e+000
    outer loop
      vertex  6.000000e+000  2.940446e-001 -3.538681e+000
      vertex  6.000000e+000  3.734466e-001 -2.066518e+000
      vertex  6.000000e+000  2.335657e-001 -3.644647e+000
    endloop
  endfacet
  facet normal  1.000000e+000  0.000000e+000  0.000000e+000
    outer loop
      vertex  6.000000e+000  2.335657e-001 -3.644647e+000
      vertex  6.000000e+000  3.734466e-001 -2.066518e+000
      vertex  6.000000e+000  2.496982e-001 -2.085099e+000
    endloop
  endfacet
  facet normal  1.000000e+000  0.000000e+000  0.000000e+000
    outer loop
      vertex  6.000000e+000  2.335657e-001 -3.644647e+000
      vertex  6.000000e+000  2.496982e-001 -2.085099e+000
      vertex  6.000000e+000  1.796608e-001 -3.754104e+000
    endloop
  endfacet
  facet normal  1.000000e+000  0.000000e+000  0.000000e+000
    outer loop
      vertex  6.000000e+000  4.338007e-001 -3.338783e+000
      vertex  6.000000e+000  4.958758e-001 -2.040598e+000
      vertex  6.000000e+000  3.608725e-001 -3.436600e+000
    endloop
  endfacet
  facet normal  1.000000e+000  0.000000e+000  0.000000e+000
    outer loop
      vertex  6.000000e+000  3.608725e-001 -3.436600e+000
      vertex  6.000000e+000  4.958758e-001 -2.040598e+000
      vertex  6.000000e+000  3.734466e-001 -2.066518e+000
    endloop
  endfacet
  facet normal  9.999999e-001  0.000000e+000  0.000000e+000
    outer loop
      vertex  6.000000e+000  3.608725e-001 -3.436600e+000
      vertex  6.000000e+000  3.734466e-001 -2.066518e+000
      vertex  6.000000e+000  2.940446e-001 -3.538681e+000
    endloop
  endfacet
  facet normal  9.999999e-001  0.000000e+000  -0.000000e+000
    outer loop
      vertex  6.000000e+000  4.958758e-001 -2.040598e+000
      vertex  6.000000e+000  5.125576e-001 -3.245596e+000
      vertex  6.000000e+000  6.165503e-001 -2.007429e+000
    endloop
  endfacet
  facet normal  1.000000e+000  0.000000e+000  0.000000e+000
    outer loop
      vertex  6.000000e+000  6.165503e-001 -2.007429e+000
      vertex  6.000000e+000  5.125576e-001 -3.245596e+000
      vertex  6.000000e+000  5.968503e-001 -3.157384e+000
    endloop
  endfacet
  facet normal  1.000000e+000  0.000000e+000  0.000000e+000
    outer loop
      vertex  6.000000e+000  6.165503e-001 -2.007429e+000
      vertex  6.000000e+000  5.968503e-001 -3.157384e+000
      vertex  6.000000e+000  7.350398e-001 -1.967132e+000
    endloop
  endfacet
  facet normal  1.000000e+000  0.000000e+000  0.000000e+000
    outer loop
      vertex  6.000000e+000  7.350398e-001 -1.967132e+000
      vertex  6.000000e+000  5.968503e-001 -3.157384e+000
      vertex  6.000000e+000  6.863650e-001 -3.074476e+000
    endloop
  endfacet
  facet normal  1.000000e+000  0.000000e+000  0.000000e+000
    outer loop
      vertex  6.000000e+000  7.350398e-001 -1.967132e+000
      vertex  6.000000e+000  6.863650e-001 -3.074476e+000
      vertex  6.000000e+000  7.807686e-001 -2.997181e+000
    endloop
  endfacet
  facet normal  1.000000e+000  0.000000e+000  -0.000000e+000
    outer loop
      vertex  6.000000e+000  7.350398e-001 -1.967132e+000
      vertex  6.000000e+000  7.807686e-001 -2.997181e+000
      vertex  6.000000e+000  8.509212e-001 -1.919850e+000
    endloop
  endfacet
  facet normal  1.000000e+000  0.000000e+000  0.000000e+000
    outer loop
      vertex  6.000000e+000  8.509212e-001 -1.919850e+000
      vertex  6.000000e+000  7.807686e-001 -2.997181e+000
      vertex  6.000000e+000  8.797098e-001 -2.925787e+000
    endloop
  endfacet
  facet normal  1.000000e+000  0.000000e+000  -0.000000e+000
    outer loop
      vertex  6.000000e+000  8.509212e-001 -1.919850e+000
      vertex  6.000000e+000  8.797098e-001 -2.925787e+000
      vertex  6.000000e+000  9.637802e-001 -1.865753e+000
    endloop
  endfacet
  facet normal  1.000000e+000  0.000000e+000  0.000000e+000
    outer loop
      vertex  6.000000e+000  9.637802e-001 -1.865753e+000
      vertex  6.000000e+000  8.797098e-001 -2.925787e+000
      vertex  6.000000e+000  9.828202e-001 -2.860558e+000
    endloop
  endfacet
  facet normal  1.000000e+000  0.000000e+000  -0.000000e+000
    outer loop
      vertex  6.000000e+000  9.637802e-001 -1.865753e+000
      vertex  6.000000e+000  9.828202e-001 -2.860558e+000
      vertex  6.000000e+000  1.073213e+000 -1.805033e+000
    endloop
  endfacet
  facet normal  1.000000e+000  0.000000e+000  0.000000e+000
    outer loop
      vertex  6.000000e+000  1.073213e+000 -1.805033e+000
      vertex  6.000000e+000  9.828202e-001 -2.860558e+000
      vertex  6.000000e+000  1.089716e+000 -2.801738e+000
    endloop
  endfacet
  facet normal  9.999999e-001  0.000000e+000  -0.000000e+000
    outer loop
      vertex  6.000000e+000  1.073213e+000 -1.805033e+000
      vertex  6.000000e+000  1.089716e+000 -2.801738e+000
      vertex  6.000000e+000  1.178830e+000 -1.737907e+000
    endloop
  endfacet
  facet normal  1.000000e+000  0.000000e+000  0.000000e+000
    outer loop
      vertex  6.000000e+000  1.178830e+000 -1.737907e+000
      vertex  6.000000e+000  1.089716e+000 -2.801738e+000
      vertex  6.000000e+000  1.200000e+000 -2.749545e+000
    endloop
  endfacet
  facet normal  1.000000e+000  0.000000e+000  -0.000000e+000
    outer loop
      vertex  6.000000e+000  1.178830e+000 -1.737907e+000
      vertex  6.000000e+000  1.200000e+000 -2.749545e+000
      vertex  6.000000e+000  1.280254e+000 -1.664612e+000
    endloop
  endfacet
  facet normal  1.000000e+000  0.000000e+000  0.000000e+000
    outer loop
      vertex  6.000000e+000  1.280254e+000 -1.664612e+000
      vertex  6.000000e+000  1.200000e+000 -2.749545e+000
      vertex  6.000000e+000  1.339977e+000 -2.684113e+000
    endloop
  endfacet
  facet normal  1.000000e+000  0.000000e+000  -0.000000e+000
    outer loop
      vertex  6.000000e+000  1.280254e+000 -1.664612e+000
      vertex  6.000000e+000  1.339977e+000 -2.684113e+000
      vertex  6.000000e+000  1.377126e+000 -1.585409e+000
    endloop
  endfacet
  facet normal  1.000000e+000  0.000000e+000  0.000000e+000
    outer loop
      vertex  6.000000e+000  1.377126e+000 -1.585409e+000
      vertex  6.000000e+000  1.339977e+000 -2.684113e+000
      vertex  6.000000e+000  1.469104e+000 -1.500578e+000
    endloop
  endfacet
  facet normal  1.000000e+000  0.000000e+000  0.000000e+000
    outer loop
      vertex  6.000000e+000  1.469104e+000 -1.500578e+000
      vertex  6.000000e+000  1.339977e+000 -2.684113e+000
      vertex  6.000000e+000  1.476400e+000 -2.611560e+000
    endloop
  endfacet
  facet normal  1.000000e+000  0.000000e+000  -0.000000e+000
    outer loop
      vertex  6.000000e+000  1.469104e+000 -1.500578e+000
      vertex  6.000000e+000  1.476400e+000 -2.611560e+000
      vertex  6.000000e+000  1.556942e+000 -1.409229e+000
    endloop
  endfacet
  facet normal  1.000000e+000  0.000000e+000  0.000000e+000
    outer loop
      vertex  6.000000e+000  1.556942e+000 -1.409229e+000
      vertex  6.000000e+000  1.476400e+000 -2.611560e+000
      vertex  6.000000e+000  1.608906e+000 -2.532079e+000
    endloop
  endfacet
  facet normal  1.000000e+000  0.000000e+000  -0.000000e+000
    outer loop
      vertex  6.000000e+000  1.556942e+000 -1.409229e+000
      vertex  6.000000e+000  1.608906e+000 -2.532079e+000
      vertex  6.000000e+000  1.639112e+000 -1.312744e+000
    endloop
  endfacet
  facet normal  1.000000e+000  0.000000e+000  0.000000e+000
    outer loop
      vertex  6.000000e+000  1.639112e+000 -1.312744e+000
      vertex  6.000000e+000  1.608906e+000 -2.532079e+000
      vertex  6.000000e+000  1.715313e+000 -1.211470e+000
    endloop
  endfacet
  facet normal  1.000000e+000  0.000000e+000  0.000000e+000
    outer loop
      vertex  6.000000e+000  1.715313e+000 -1.211470e+000
      vertex  6.000000e+000  1.608906e+000 -2.532079e+000
      vertex  6.000000e+000  1.737143e+000 -2.445881e+000
    endloop
  endfacet
  facet normal  1.000000e+000  0.000000e+000  -0.000000e+000
    outer loop
      vertex  6.000000e+000  1.715313e+000 -1.211470e+000
      vertex  6.000000e+000  1.737143e+000 -2.445881e+000
      vertex  6.000000e+000  1.785269e+000 -1.105777e+000
    endloop
  endfacet
  facet normal  1.000000e+000  0.000000e+000  0.000000e+000
    outer loop
      vertex  6.000000e+000  1.785269e+000 -1.105777e+000
      vertex  6.000000e+000  1.737143e+000 -2.445881e+000
      vertex  6.000000e+000  1.860773e+000 -2.353194e+000
    endloop
  endfacet
  facet normal  1.000000e+000  0.000000e+000  0.000000e+000
    outer loop
      vertex  6.000000e+000  1.785269e+000 -1.105777e+000
      vertex  6.000000e+000  1.860773e+000 -2.353194e+000
      vertex  6.000000e+000  1.848725e+000 -9.960492e-001
    endloop
  endfacet
  facet normal  1.000000e+000  0.000000e+000  -0.000000e+000
    outer loop
      vertex  6.000000e+000  1.848725e+000 -9.960492e-001
      vertex  6.000000e+000  1.860773e+000 -2.353194e+000
      vertex  6.000000e+000  1.905450e+000 -8.826899e-001
    endloop
  endfacet
  facet normal  9.999999e-001  0.000000e+000  0.000000e+000
    outer loop
      vertex  6.000000e+000  1.905450e+000 -8.826899e-001
      vertex  6.000000e+000  1.860773e+000 -2.353194e+000
      vertex  6.000000e+000  1.979466e+000 -2.254266e+000
    endloop
  endfacet
  facet normal  1.000000e+000  0.000000e+000  0.000000e+000
    outer loop
      vertex  6.000000e+000  1.905450e+000 -8.826899e-001
      vertex  6.000000e+000  1.979466e+000 -2.254266e+000
      vertex  6.000000e+000  1.955237e+000 -7.661145e-001
    endloop
  endfacet
  facet normal  9.999999e-001  0.000000e+000  -0.000000e+000
    outer loop
      vertex  6.000000e+000 -1.730585e+000  2.690957e+000
      vertex  6.000000e+000 -1.714013e+000  1.213325e+000
      vertex  6.000000e+000 -1.545085e+000  2.755283e+000
    endloop
  endfacet
  facet normal  9.999999e-001  0.000000e+000  0.000000e+000
    outer loop
      vertex  6.000000e+000 -1.545085e+000  2.755283e+000
      vertex  6.000000e+000 -1.714013e+000  1.213325e+000
      vertex  6.000000e+000 -1.636069e+000  1.316540e+000
    endloop
  endfacet
  facet normal  1.000000e+000  0.000000e+000  0.000000e+000
    outer loop
      vertex  6.000000e+000 -1.545085e+000  2.755283e+000
      vertex  6.000000e+000 -1.636069e+000  1.316540e+000
      vertex  6.000000e+000 -1.551919e+000  1.414761e+000
    endloop
  endfacet
  facet normal  1.000000e+000  0.000000e+000  0.000000e+000
    outer loop
      vertex  6.000000e+000 -1.545085e+000  2.755283e+000
      vertex  6.000000e+000 -1.551919e+000  1.414761e+000
      vertex  6.000000e+000 -1.357202e+000  2.812276e+000
    endloop
  endfacet
  facet normal  1.000000e+000  0.000000e+000  0.000000e+000
    outer loop
      vertex  6.000000e+000 -1.357202e+000  2.812276e+000
      vertex  6.000000e+000 -1.551919e+000  1.414761e+000
      vertex  6.000000e+000 -1.461881e+000  1.507615e+000
    endloop
  endfacet
  facet normal  1.000000e+000  0.000000e+000  0.000000e+000
    outer loop
      vertex  6.000000e+000 -1.357202e+000  2.812276e+000
      vertex  6.000000e+000 -1.461881e+000  1.507615e+000
      vertex  6.000000e+000 -1.366298e+000  1.594750e+000
    endloop
  endfacet
  facet normal  1.000000e+000  0.000000e+000  0.000000e+000
    outer loop
      vertex  6.000000e+000 -1.357202e+000  2.812276e+000
      vertex  6.000000e+000 -1.366298e+000  1.594750e+000
      vertex  6.000000e+000 -1.167227e+000  2.861850e+000
    endloop
  endfacet
  facet normal  9.999999e-001  0.000000e+000  0.000000e+000
    outer loop
      vertex  6.000000e+000 -1.167227e+000  2.861850e+000
      vertex  6.000000e+000 -1.366298e+000  1.594750e+000
      vertex  6.000000e+000 -1.265533e+000  1.675836e+000
    endloop
  endfacet
  facet normal  1.000000e+000  0.000000e+000  0.000000e+000
    outer loop
      vertex  6.000000e+000 -1.167227e+000  2.861850e+000
      vertex  6.000000e+000 -1.265533e+000  1.675836e+000
      vertex  6.000000e+000 -1.159966e+000  1.750565e+000
    endloop
  endfacet
  facet normal  1.000000e+000  0.000000e+000  -0.000000e+000
    outer loop
      vertex  6.000000e+000 -1.167227e+000  2.861850e+000
      vertex  6.000000e+000 -1.159966e+000  1.750565e+000
      vertex  6.000000e+000 -9.754516e-001  2.903926e+000
    endloop
  endfacet
  facet normal  9.999999e-001  0.000000e+000  0.000000e+000
    outer loop
      vertex  6.000000e+000 -9.754516e-001  2.903926e+000
      vertex  6.000000e+000 -1.159966e+000  1.750565e+000
      vertex  6.000000e+000 -1.050000e+000  1.818653e+000
    endloop
  endfacet
  facet normal  1.000000e+000  0.000000e+000  0.000000e+000
    outer loop
      vertex  6.000000e+000 -9.754516e-001  2.903926e+000
      vertex  6.000000e+000 -1.050000e+000  1.818653e+000
      vertex  6.000000e+000 -9.360505e-001  1.879843e+000
    endloop
  endfacet
  facet normal  9.999999e-001  0.000000e+000  -0.000000e+000
    outer loop
      vertex  6.000000e+000 -9.754516e-001  2.903926e+000
      vertex  6.000000e+000 -9.360505e-001  1.879843e+000
      vertex  6.000000e+000 -7.821723e-001  2.938442e+000
    endloop
  endfacet
  facet normal  1.000000e+000  0.000000e+000  0.000000e+000
    outer loop
      vertex  6.000000e+000 -7.821723e-001  2.938442e+000
      vertex  6.000000e+000 -9.360505e-001  1.879843e+000
      vertex  6.000000e+000 -8.185503e-001  1.933902e+000
    endloop
  endfacet
  facet normal  1.000000e+000  0.000000e+000  0.000000e+000
    outer loop
      vertex  6.000000e+000 -7.821723e-001  2.938442e+000
      vertex  6.000000e+000 -8.185503e-001  1.933902e+000
      vertex  6.000000e+000 -5.876870e-001  2.965342e+000
    endloop
  endfacet
  facet normal  1.000000e+000  0.000000e+000  0.000000e+000
    outer loop
      vertex  6.000000e+000 -5.876870e-001  2.965342e+000
      vertex  6.000000e+000 -8.185503e-001  1.933902e+000
      vertex  6.000000e+000 -6.979451e-001  1.980624e+000
    endloop
  endfacet
  facet normal  1.000000e+000  0.000000e+000  0.000000e+000
    outer loop
      vertex  6.000000e+000 -5.876870e-001  2.965342e+000
      vertex  6.000000e+000 -6.979451e-001  1.980624e+000
      vertex  6.000000e+000 -5.746922e-001  2.019834e+000
    endloop
  endfacet
  facet normal  1.000000e+000  0.000000e+000  -0.000000e+000
    outer loop
      vertex  6.000000e+000 -5.876870e-001  2.965342e+000
      vertex  6.000000e+000 -5.746922e-001  2.019834e+000
      vertex  6.000000e+000 -3.922955e-001  2.984587e+000
    endloop
  endfacet
  facet normal  1.000000e+000  0.000000e+000  0.000000e+000
    outer loop
      vertex  6.000000e+000 -3.922955e-001  2.984587e+000
      vertex  6.000000e+000 -5.746922e-001  2.019834e+000
      vertex  6.000000e+000 -4.492595e-001  2.051381e+000
    endloop
  endfacet
  facet normal  1.000000e+000  0.000000e+000  0.000000e+000
    outer loop
      vertex  6.000000e+000 -3.922955e-001  2.984587e+000
      vertex  6.000000e+000 -4.492595e-001  2.051381e+000
      vertex  6.000000e+000 -1.962991e-001  2.996145e+000
    endloop
  endfacet
  facet normal  1.000000e+000  0.000000e+000  0.000000e+000
    outer loop
      vertex  6.000000e+000 -1.962991e-001  2.996145e+000
      vertex  6.000000e+000 -4.492595e-001  2.051381e+000
      vertex  6.000000e+000 -3.221225e-001  2.075147e+000
    endloop
  endfacet
  facet normal  9.999999e-001  0.000000e+000  0.000000e+000
    outer loop
      vertex  6.000000e+000 -1.962991e-001  2.996145e+000
      vertex  6.000000e+000 -3.221225e-001  2.075147e+000
      vertex  6.000000e+000 -1.937636e-001  2.091042e+000
    endloop
  endfacet
  facet normal  1.000000e+000  0.000000e+000  -0.000000e+000
    outer loop
      vertex  6.000000e+000 -1.962991e-001  2.996145e+000
      vertex  6.000000e+000 -1.937636e-001  2.091042e+000
      vertex  6.000000e+000  3.582990e-015  3.000000e+000
    endloop
  endfacet
  facet normal  9.999999e-001  0.000000e+000  0.000000e+000
    outer loop
      vertex  6.000000e+000  3.582990e-015  3.000000e+000
      vertex  6.000000e+000 -1.937636e-001  2.091042e+000
      vertex  6.000000e+000 -6.466962e-002  2.099004e+000
    endloop
  endfacet
  facet normal  1.000000e+000  0.000000e+000  0.000000e+000
    outer loop
      vertex  6.000000e+000  3.582990e-015  3.000000e+000
      vertex  6.000000e+000 -6.466962e-002  2.099004e+000
      vertex  6.000000e+000  1.544643e-001  2.996021e+000
    endloop
  endfacet
  facet normal  1.000000e+000  0.000000e+000  0.000000e+000
    outer loop
      vertex  6.000000e+000  1.544643e-001  2.996021e+000
      vertex  6.000000e+000 -6.466962e-002  2.099004e+000
      vertex  6.000000e+000  6.466962e-002  2.099004e+000
    endloop
  endfacet
  facet normal  1.000000e+000  -0.000000e+000  0.000000e+000
    outer loop
      vertex  6.000000e+000  1.544643e-001  2.996021e+000
      vertex  6.000000e+000  6.466962e-002  2.099004e+000
      vertex  6.000000e+000  1.937636e-001  2.091042e+000
    endloop
  endfacet
  facet normal  9.999999e-001  0.000000e+000  -0.000000e+000
    outer loop
      vertex  6.000000e+000  1.544643e-001  2.996021e+000
      vertex  6.000000e+000  1.937636e-001  2.091042e+000
      vertex  6.000000e+000  3.085188e-001  2.984094e+000
    endloop
  endfacet
  facet normal  1.000000e+000  0.000000e+000  0.000000e+000
    outer loop
      vertex  6.000000e+000  3.085188e-001  2.984094e+000
      vertex  6.000000e+000  1.937636e-001  2.091042e+000
      vertex  6.000000e+000  3.221225e-001  2.075147e+000
    endloop
  endfacet
  facet normal  1.000000e+000  0.000000e+000  -0.000000e+000
    outer loop
      vertex  6.000000e+000  3.085188e-001  2.984094e+000
      vertex  6.000000e+000  3.221225e-001  2.075147e+000
      vertex  6.000000e+000  4.617548e-001  2.964251e+000
    endloop
  endfacet
  facet normal  1.000000e+000  0.000000e+000  0.000000e+000
    outer loop
      vertex  6.000000e+000  4.617548e-001  2.964251e+000
      vertex  6.000000e+000  3.221225e-001  2.075147e+000
      vertex  6.000000e+000  4.492595e-001  2.051381e+000
    endloop
  endfacet
  facet normal  1.000000e+000  0.000000e+000  0.000000e+000
    outer loop
      vertex  6.000000e+000  4.617548e-001  2.964251e+000
      vertex  6.000000e+000  4.492595e-001  2.051381e+000
      vertex  6.000000e+000  6.137660e-001  2.936544e+000
    endloop
  endfacet
  facet normal  1.000000e+000  0.000000e+000  0.000000e+000
    outer loop
      vertex  6.000000e+000  6.137660e-001  2.936544e+000
      vertex  6.000000e+000  4.492595e-001  2.051381e+000
      vertex  6.000000e+000  5.746923e-001  2.019834e+000
    endloop
  endfacet
  facet normal  1.000000e+000  0.000000e+000  0.000000e+000
    outer loop
      vertex  6.000000e+000  6.137660e-001  2.936544e+000
      vertex  6.000000e+000  5.746923e-001  2.019834e+000
      vertex  6.000000e+000  7.641489e-001  2.901047e+000
    endloop
  endfacet
  facet normal  1.000000e+000  0.000000e+000  0.000000e+000
    outer loop
      vertex  6.000000e+000  7.641489e-001  2.901047e+000
      vertex  6.000000e+000  5.746923e-001  2.019834e+000
      vertex  6.000000e+000  6.979451e-001  1.980624e+000
    endloop
  endfacet
  facet normal  1.000000e+000  -0.000000e+000  0.000000e+000
    outer loop
      vertex  6.000000e+000  7.641489e-001  2.901047e+000
      vertex  6.000000e+000  6.979451e-001  1.980624e+000
      vertex  6.000000e+000  8.185503e-001  1.933902e+000
    endloop
  endfacet
  facet normal  1.000000e+000  0.000000e+000  -0.000000e+000
    outer loop
      vertex  6.000000e+000  7.641489e-001  2.901047e+000
      vertex  6.000000e+000  8.185503e-001  1.933902e+000
      vertex  6.000000e+000  9.125047e-001  2.857855e+000
    endloop
  endfacet
  facet normal  9.999999e-001  0.000000e+000  0.000000e+000
    outer loop
      vertex  6.000000e+000  9.125047e-001  2.857855e+000
      vertex  6.000000e+000  8.185503e-001  1.933902e+000
      vertex  6.000000e+000  9.360505e-001  1.879843e+000
    endloop
  endfacet
  facet normal  1.000000e+000  0.000000e+000  -0.000000e+000
    outer loop
      vertex  6.000000e+000  9.125047e-001  2.857855e+000
      vertex  6.000000e+000  9.360505e-001  1.879843e+000
      vertex  6.000000e+000  1.058440e+000  2.807081e+000
    endloop
  endfacet
  facet normal  9.999999e-001  0.000000e+000  0.000000e+000
    outer loop
      vertex  6.000000e+000  1.058440e+000  2.807081e+000
      vertex  6.000000e+000  9.360505e-001  1.879843e+000
      vertex  6.000000e+000  1.050000e+000  1.818653e+000
    endloop
  endfacet
  facet normal  1.000000e+000  0.000000e+000  0.000000e+000
    outer loop
      vertex  6.000000e+000  1.058440e+000  2.807081e+000
      vertex  6.000000e+000  1.050000e+000  1.818653e+000
      vertex  6.000000e+000  1.201567e+000  2.748861e+000
    endloop
  endfacet
  facet normal  1.000000e+000  0.000000e+000  0.000000e+000
    outer loop
      vertex  6.000000e+000  1.201567e+000  2.748861e+000
      vertex  6.000000e+000  1.050000e+000  1.818653e+000
      vertex  6.000000e+000  1.159966e+000  1.750565e+000
    endloop
  endfacet
  facet normal  1.000000e+000  0.000000e+000  0.000000e+000
    outer loop
      vertex  6.000000e+000  1.201567e+000  2.748861e+000
      vertex  6.000000e+000  1.159966e+000  1.750565e+000
      vertex  6.000000e+000  1.341507e+000  2.683348e+000
    endloop
  endfacet
  facet normal  1.000000e+000  0.000000e+000  0.000000e+000
    outer loop
      vertex  6.000000e+000  1.341507e+000  2.683348e+000
      vertex  6.000000e+000  1.159966e+000  1.750565e+000
      vertex  6.000000e+000  1.265533e+000  1.675836e+000
    endloop
  endfacet
  facet normal  1.000000e+000  -0.000000e+000  0.000000e+000
    outer loop
      vertex  6.000000e+000  1.341507e+000  2.683348e+000
      vertex  6.000000e+000  1.265533e+000  1.675836e+000
      vertex  6.000000e+000  1.366298e+000  1.594750e+000
    endloop
  endfacet
  facet normal  1.000000e+000  0.000000e+000  -0.000000e+000
    outer loop
      vertex  6.000000e+000  1.341507e+000  2.683348e+000
      vertex  6.000000e+000  1.366298e+000  1.594750e+000
      vertex  6.000000e+000  1.477888e+000  2.610718e+000
    endloop
  endfacet
  facet normal  1.000000e+000  0.000000e+000  0.000000e+000
    outer loop
      vertex  6.000000e+000  1.477888e+000  2.610718e+000
      vertex  6.000000e+000  1.366298e+000  1.594750e+000
      vertex  6.000000e+000  1.461881e+000  1.507615e+000
    endloop
  endfacet
  facet normal  1.000000e+000  0.000000e+000  0.000000e+000
    outer loop
      vertex  6.000000e+000  1.477888e+000  2.610718e+000
      vertex  6.000000e+000  1.461881e+000  1.507615e+000
      vertex  6.000000e+000  1.610349e+000  2.531161e+000
    endloop
  endfacet
  facet normal  1.000000e+000  0.000000e+000  0.000000e+000
    outer loop
      vertex  6.000000e+000  1.610349e+000  2.531161e+000
      vertex  6.000000e+000  1.461881e+000  1.507615e+000
      vertex  6.000000e+000  1.551919e+000  1.414761e+000
    endloop
  endfacet
  facet normal  1.000000e+000  -0.000000e+000  0.000000e+000
    outer loop
      vertex  6.000000e+000  1.610349e+000  2.531161e+000
      vertex  6.000000e+000  1.551919e+000  1.414761e+000
      vertex  6.000000e+000  1.636069e+000  1.316540e+000
    endloop
  endfacet
  facet normal  1.000000e+000  0.000000e+000  -0.000000e+000
    outer loop
      vertex  6.000000e+000  1.610349e+000  2.531161e+000
      vertex  6.000000e+000  1.636069e+000  1.316540e+000
      vertex  6.000000e+000  1.738537e+000  2.444890e+000
    endloop
  endfacet
  facet normal  1.000000e+000  0.000000e+000  0.000000e+000
    outer loop
      vertex  6.000000e+000  1.738537e+000  2.444890e+000
      vertex  6.000000e+000  1.636069e+000  1.316540e+000
      vertex  6.000000e+000  1.714013e+000  1.213325e+000
    endloop
  endfacet
  facet normal  1.000000e+000  0.000000e+000  0.000000e+000
    outer loop
      vertex  6.000000e+000  1.738537e+000  2.444890e+000
      vertex  6.000000e+000  1.714013e+000  1.213325e+000
      vertex  6.000000e+000  1.862114e+000  2.352133e+000
    endloop
  endfacet
  facet normal  1.000000e+000  0.000000e+000  0.000000e+000
    outer loop
      vertex  6.000000e+000  1.862114e+000  2.352133e+000
      vertex  6.000000e+000  1.714013e+000  1.213325e+000
      vertex  6.000000e+000  1.785456e+000  1.105507e+000
    endloop
  endfacet
  facet normal  1.000000e+000  -0.000000e+000  0.000000e+000
    outer loop
      vertex  6.000000e+000  1.862114e+000  2.352133e+000
      vertex  6.000000e+000  1.785456e+000  1.105507e+000
      vertex  6.000000e+000  1.850126e+000  9.934965e-001
    endloop
  endfacet
  facet normal  1.000000e+000  0.000000e+000  0.000000e+000
    outer loop
      vertex  6.000000e+000  1.862114e+000  2.352133e+000
      vertex  6.000000e+000  1.850126e+000  9.934965e-001
      vertex  6.000000e+000  1.980751e+000  2.253137e+000
    endloop
  endfacet
  facet normal  1.000000e+000  0.000000e+000  0.000000e+000
    outer loop
      vertex  6.000000e+000  1.980751e+000  2.253137e+000
      vertex  6.000000e+000  1.850126e+000  9.934965e-001
      vertex  6.000000e+000  1.907777e+000  8.777167e-001
    endloop
  endfacet
  facet normal  1.000000e+000  -0.000000e+000  0.000000e+000
    outer loop
      vertex  6.000000e+000  1.980751e+000  2.253137e+000
      vertex  6.000000e+000  1.907777e+000  8.777167e-001
      vertex  6.000000e+000  1.958192e+000  7.586075e-001
    endloop
  endfacet
  facet normal  0.000000e+000  8.685017e-001 -4.956863e-001
    outer loop
      vertex -6.000000e+000  2.940446e-001 -3.538681e+000
      vertex  6.000000e+000  2.335657e-001 -3.644647e+000
      vertex -6.000000e+000  2.335657e-001 -3.644647e+000
    endloop
  endfacet
  facet normal  0.000000e+000  8.971106e-001 -4.418061e-001
    outer loop
      vertex -6.000000e+000  2.335657e-001 -3.644647e+000
      vertex  6.000000e+000  2.335657e-001 -3.644647e+000
      vertex  6.000000e+000  1.796608e-001 -3.754104e+000
    endloop
  endfacet
  facet normal  0.000000e+000  8.971106e-001 -4.418061e-001
    outer loop
      vertex -6.000000e+000  2.335657e-001 -3.644647e+000
      vertex  6.000000e+000  1.796608e-001 -3.754104e+000
      vertex -6.000000e+000  1.796608e-001 -3.754104e+000
    endloop
  endfacet
  facet normal  0.000000e+000  9.223814e-001 -3.862802e-001
    outer loop
      vertex -6.000000e+000  1.796608e-001 -3.754104e+000
      vertex  6.000000e+000  1.796608e-001 -3.754104e+000
      vertex  6.000000e+000  1.325305e-001 -3.866644e+000
    endloop
  endfacet
  facet normal  0.000000e+000  9.223814e-001 -3.862802e-001
    outer loop
      vertex -6.000000e+000  1.796608e-001 -3.754104e+000
      vertex  6.000000e+000  1.325305e-001 -3.866644e+000
      vertex -6.000000e+000  1.325305e-001 -3.866644e+000
    endloop
  endfacet
  facet normal  0.000000e+000  9.442191e-001 -3.293179e-001
    outer loop
      vertex -6.000000e+000  1.325305e-001 -3.866644e+000
      vertex  6.000000e+000  1.325305e-001 -3.866644e+000
      vertex  6.000000e+000  9.235027e-002 -3.981849e+000
    endloop
  endfacet
  facet normal  0.000000e+000  9.442191e-001 -3.293179e-001
    outer loop
      vertex -6.000000e+000  1.325305e-001 -3.866644e+000
      vertex  6.000000e+000  9.235027e-002 -3.981849e+000
      vertex -6.000000e+000  9.235027e-002 -3.981849e+000
    endloop
  endfacet
  facet normal  0.000000e+000  9.625430e-001 -2.711291e-001
    outer loop
      vertex -6.000000e+000  9.235027e-002 -3.981849e+000
      vertex  6.000000e+000  9.235027e-002 -3.981849e+000
      vertex  6.000000e+000  5.926964e-002 -4.099289e+000
    endloop
  endfacet
  facet normal  0.000000e+000  9.625430e-001 -2.711291e-001
    outer loop
      vertex -6.000000e+000  9.235027e-002 -3.981849e+000
      vertex  6.000000e+000  5.926964e-002 -4.099289e+000
      vertex -6.000000e+000  5.926964e-002 -4.099289e+000
    endloop
  endfacet
  facet normal  0.000000e+000  9.772843e-001 -2.119322e-001
    outer loop
      vertex -6.000000e+000  5.926964e-002 -4.099289e+000
      vertex  6.000000e+000  5.926964e-002 -4.099289e+000
      vertex  6.000000e+000  3.341171e-002 -4.218528e+000
    endloop
  endfacet
  facet normal  0.000000e+000  9.772843e-001 -2.119322e-001
    outer loop
      vertex -6.000000e+000  5.926964e-002 -4.099289e+000
      vertex  6.000000e+000  3.341171e-002 -4.218528e+000
      vertex -6.000000e+000  3.341171e-002 -4.218528e+000
    endloop
  endfacet
  facet normal  0.000000e+000  9.883888e-001 -1.519457e-001
    outer loop
      vertex -6.000000e+000  3.341171e-002 -4.218528e+000
      vertex  6.000000e+000  3.341171e-002 -4.218528e+000
      vertex  6.000000e+000  1.487271e-002 -4.339122e+000
    endloop
  endfacet
  facet normal  0.000000e+000  9.883888e-001 -1.519457e-001
    outer loop
      vertex -6.000000e+000  3.341171e-002 -4.218528e+000
      vertex  6.000000e+000  1.487271e-002 -4.339122e+000
      vertex -6.000000e+000  1.487271e-002 -4.339122e+000
    endloop
  endfacet
  facet normal  0.000000e+000  9.958148e-001 -9.139459e-002
    outer loop
      vertex -6.000000e+000  1.487271e-002 -4.339122e+000
      vertex  6.000000e+000  1.487271e-002 -4.339122e+000
      vertex  6.000000e+000  3.721640e-003 -4.460622e+000
    endloop
  endfacet
  facet normal  0.000000e+000  9.958148e-001 -9.139459e-002
    outer loop
      vertex -6.000000e+000  1.487271e-002 -4.339122e+000
      vertex  6.000000e+000  3.721640e-003 -4.460622e+000
      vertex -6.000000e+000  3.721640e-003 -4.460622e+000
    endloop
  endfacet
  facet normal  0.000000e+000  9.995347e-001 -3.050256e-002
    outer loop
      vertex -6.000000e+000  3.721640e-003 -4.460622e+000
      vertex  6.000000e+000  3.721640e-003 -4.460622e+000
      vertex  6.000000e+000  0.000000e+000 -4.582576e+000
    endloop
  endfacet
  facet normal  0.000000e+000  9.995347e-001 -3.050256e-002
    outer loop
      vertex -6.000000e+000  3.721640e-003 -4.460622e+000
      vertex  6.000000e+000  0.000000e+000 -4.582576e+000
      vertex -6.000000e+000  0.000000e+000 -4.582576e+000
    endloop
  endfacet
  facet normal  0.000000e+000  8.685017e-001 -4.956863e-001
    outer loop
      vertex  6.000000e+000  2.335657e-001 -3.644647e+000
      vertex -6.000000e+000  2.940446e-001 -3.538681e+000
      vertex  6.000000e+000  2.940446e-001 -3.538681e+000
    endloop
  endfacet
  facet normal  0.000000e+000  8.366600e-001 -5.477225e-001
    outer loop
      vertex  6.000000e+000  2.940446e-001 -3.538681e+000
      vertex -6.000000e+000  2.940446e-001 -3.538681e+000
      vertex -6.000000e+000  3.608725e-001 -3.436600e+000
    endloop
  endfacet
  facet normal  0.000000e+000  8.366600e-001 -5.477225e-001
    outer loop
      vertex  6.000000e+000  2.940446e-001 -3.538681e+000
      vertex -6.000000e+000  3.608725e-001 -3.436600e+000
      vertex  6.000000e+000  3.608725e-001 -3.436600e+000
    endloop
  endfacet
  facet normal  0.000000e+000  8.017048e-001 -5.977200e-001
    outer loop
      vertex  6.000000e+000  3.608725e-001 -3.436600e+000
      vertex -6.000000e+000  3.608725e-001 -3.436600e+000
      vertex -6.000000e+000  4.338007e-001 -3.338783e+000
    endloop
  endfacet
  facet normal  0.000000e+000  8.017048e-001 -5.977200e-001
    outer loop
      vertex  6.000000e+000  3.608725e-001 -3.436600e+000
      vertex -6.000000e+000  4.338007e-001 -3.338783e+000
      vertex  6.000000e+000  4.338007e-001 -3.338783e+000
    endloop
  endfacet
  facet normal  0.000000e+000  7.637655e-001 -6.454938e-001
    outer loop
      vertex  6.000000e+000  4.338007e-001 -3.338783e+000
      vertex -6.000000e+000  4.338007e-001 -3.338783e+000
      vertex -6.000000e+000  5.125576e-001 -3.245596e+000
    endloop
  endfacet
  facet normal  0.000000e+000  7.637655e-001 -6.454938e-001
    outer loop
      vertex  6.000000e+000  4.338007e-001 -3.338783e+000
      vertex -6.000000e+000  5.125576e-001 -3.245596e+000
      vertex  6.000000e+000  5.125576e-001 -3.245596e+000
    endloop
  endfacet
  facet normal  0.000000e+000  7.229847e-001 -6.908640e-001
    outer loop
      vertex  6.000000e+000  5.125576e-001 -3.245596e+000
      vertex -6.000000e+000  5.125576e-001 -3.245596e+000
      vertex -6.000000e+000  5.968503e-001 -3.157384e+000
    endloop
  endfacet
  facet normal  0.000000e+000  7.229847e-001 -6.908640e-001
    outer loop
      vertex  6.000000e+000  5.125576e-001 -3.245596e+000
      vertex -6.000000e+000  5.968503e-001 -3.157384e+000
      vertex  6.000000e+000  5.968503e-001 -3.157384e+000
    endloop
  endfacet
  facet normal  0.000000e+000  6.795127e-001 -7.336637e-001
    outer loop
      vertex  6.000000e+000  5.968503e-001 -3.157384e+000
      vertex -6.000000e+000  5.968503e-001 -3.157384e+000
      vertex -6.000000e+000  6.863650e-001 -3.074476e+000
    endloop
  endfacet
  facet normal  0.000000e+000  6.795127e-001 -7.336637e-001
    outer loop
      vertex  6.000000e+000  5.968503e-001 -3.157384e+000
      vertex -6.000000e+000  6.863650e-001 -3.074476e+000
      vertex  6.000000e+000  6.863650e-001 -3.074476e+000
    endloop
  endfacet
  facet normal  0.000000e+000  6.335114e-001 -7.737334e-001
    outer loop
      vertex  6.000000e+000  6.863650e-001 -3.074476e+000
      vertex -6.000000e+000  6.863650e-001 -3.074476e+000
      vertex -6.000000e+000  7.807686e-001 -2.997181e+000
    endloop
  endfacet
  facet normal  0.000000e+000  6.335114e-001 -7.737334e-001
    outer loop
      vertex  6.000000e+000  6.863650e-001 -3.074476e+000
      vertex -6.000000e+000  7.807686e-001 -2.997181e+000
      vertex  6.000000e+000  7.807686e-001 -2.997181e+000
    endloop
  endfacet
  facet normal  0.000000e+000  5.851521e-001 -8.109235e-001
    outer loop
      vertex  6.000000e+000  7.807686e-001 -2.997181e+000
      vertex -6.000000e+000  7.807686e-001 -2.997181e+000
      vertex -6.000000e+000  8.797098e-001 -2.925787e+000
    endloop
  endfacet
  facet normal  0.000000e+000  5.851521e-001 -8.109235e-001
    outer loop
      vertex  6.000000e+000  7.807686e-001 -2.997181e+000
      vertex -6.000000e+000  8.797098e-001 -2.925787e+000
      vertex  6.000000e+000  8.797098e-001 -2.925787e+000
    endloop
  endfacet
  facet normal  0.000000e+000  5.346171e-001 -8.450943e-001
    outer loop
      vertex  6.000000e+000  8.797098e-001 -2.925787e+000
      vertex -6.000000e+000  8.797098e-001 -2.925787e+000
      vertex -6.000000e+000  9.828202e-001 -2.860558e+000
    endloop
  endfacet
  facet normal  0.000000e+000  5.346171e-001 -8.450943e-001
    outer loop
      vertex  6.000000e+000  8.797098e-001 -2.925787e+000
      vertex -6.000000e+000  9.828202e-001 -2.860558e+000
      vertex  6.000000e+000  9.828202e-001 -2.860558e+000
    endloop
  endfacet
  facet normal  0.000000e+000  4.820900e-001 -8.761216e-001
    outer loop
      vertex  6.000000e+000  9.828202e-001 -2.860558e+000
      vertex -6.000000e+000  9.828202e-001 -2.860558e+000
      vertex -6.000000e+000  1.089716e+000 -2.801738e+000
    endloop
  endfacet
  facet normal  0.000000e+000  4.820900e-001 -8.761216e-001
    outer loop
      vertex  6.000000e+000  9.828202e-001 -2.860558e+000
      vertex -6.000000e+000  1.089716e+000 -2.801738e+000
      vertex  6.000000e+000  1.089716e+000 -2.801738e+000
    endloop
  endfacet
  facet normal  0.000000e+000  4.277699e-001 -9.038877e-001
    outer loop
      vertex  6.000000e+000  1.089716e+000 -2.801738e+000
      vertex -6.000000e+000  1.089716e+000 -2.801738e+000
      vertex -6.000000e+000  1.200000e+000 -2.749545e+000
    endloop
  endfacet
  facet normal  0.000000e+000  4.277699e-001 -9.038877e-001
    outer loop
      vertex  6.000000e+000  1.089716e+000 -2.801738e+000
      vertex -6.000000e+000  1.200000e+000 -2.749545e+000
      vertex  6.000000e+000  1.200000e+000 -2.749545e+000
    endloop
  endfacet
  facet normal  0.000000e+000  0.000000e+000  1.000000e+000
    outer loop
      vertex -8.000000e+000 -5.000000e+000 -8.000000e+000
      vertex -8.000000e+000  0.000000e+000 -8.000000e+000
      vertex -1.500000e+001 -5.000000e+000 -8.000000e+000
    endloop
  endfacet
  facet normal  0.000000e+000  0.000000e+000  1.000000e+000
    outer loop
      vertex -1.500000e+001 -5.000000e+000 -8.000000e+000
      vertex -8.000000e+000  0.000000e+000 -8.000000e+000
      vertex -1.500000e+001  0.000000e+000 -8.000000e+000
    endloop
  endfacet
  facet normal -7.501112e-001  0.000000e+000  6.613118e-001
    outer loop
      vertex -6.542063e+000  0.000000e+000 -7.369094e+000
      vertex -6.458973e+000 -5.000000e+000 -7.274848e+000
      vertex -6.458973e+000  0.000000e+000 -7.274848e+000
    endloop
  endfacet
  facet normal -7.901558e-001  0.000000e+000  6.129059e-001
    outer loop
      vertex -6.458973e+000  0.000000e+000 -7.274848e+000
      vertex -6.458973e+000 -5.000000e+000 -7.274848e+000
      vertex -6.381966e+000 -5.000000e+000 -7.175570e+000
    endloop
  endfacet
  facet normal -7.901558e-001  0.000000e+000  6.129059e-001
    outer loop
      vertex -6.458973e+000  0.000000e+000 -7.274848e+000
      vertex -6.381966e+000 -5.000000e+000 -7.175570e+000
      vertex -6.381966e+000  0.000000e+000 -7.175570e+000
    endloop
  endfacet
  facet normal -8.270807e-001  0.000000e+000  5.620832e-001
    outer loop
      vertex -6.381966e+000  0.000000e+000 -7.175570e+000
      vertex -6.381966e+000 -5.000000e+000 -7.175570e+000
      vertex -6.311344e+000 -5.000000e+000 -7.071653e+000
    endloop
  endfacet
  facet normal -8.270807e-001  0.000000e+000  5.620832e-001
    outer loop
      vertex -6.381966e+000  0.000000e+000 -7.175570e+000
      vertex -6.311344e+000 -5.000000e+000 -7.071653e+000
      vertex -6.311344e+000  0.000000e+000 -7.071653e+000
    endloop
  endfacet
  facet normal -8.607413e-001  0.000000e+000  5.090426e-001
    outer loop
      vertex -6.311344e+000  0.000000e+000 -7.071653e+000
      vertex -6.311344e+000 -5.000000e+000 -7.071653e+000
      vertex -6.247386e+000 -5.000000e+000 -6.963507e+000
    endloop
  endfacet
  facet normal -8.607413e-001  0.000000e+000  5.090426e-001
    outer loop
      vertex -6.311344e+000  0.000000e+000 -7.071653e+000
      vertex -6.247386e+000 -5.000000e+000 -6.963507e+000
      vertex -6.247386e+000  0.000000e+000 -6.963507e+000
    endloop
  endfacet
  facet normal -8.910063e-001  0.000000e+000  4.539911e-001
    outer loop
      vertex -6.247386e+000  0.000000e+000 -6.963507e+000
      vertex -6.247386e+000 -5.000000e+000 -6.963507e+000
      vertex -6.190346e+000 -5.000000e+000 -6.851559e+000
    endloop
  endfacet
  facet normal -8.910063e-001  0.000000e+000  4.539911e-001
    outer loop
      vertex -6.247386e+000  0.000000e+000 -6.963507e+000
      vertex -6.190346e+000 -5.000000e+000 -6.851559e+000
      vertex -6.190346e+000  0.000000e+000 -6.851559e+000
    endloop
  endfacet
  facet normal -9.177557e-001  0.000000e+000  3.971456e-001
    outer loop
      vertex -6.190346e+000  0.000000e+000 -6.851559e+000
      vertex -6.190346e+000 -5.000000e+000 -6.851559e+000
      vertex -6.140447e+000 -5.000000e+000 -6.736249e+000
    endloop
  endfacet
  facet normal -9.177557e-001  0.000000e+000  3.971456e-001
    outer loop
      vertex -6.190346e+000  0.000000e+000 -6.851559e+000
      vertex -6.140447e+000 -5.000000e+000 -6.736249e+000
      vertex -6.140447e+000  0.000000e+000 -6.736249e+000
    endloop
  endfacet
  facet normal -9.408807e-001  0.000000e+000  3.387383e-001
    outer loop
      vertex -6.140447e+000  0.000000e+000 -6.736249e+000
      vertex -6.140447e+000 -5.000000e+000 -6.736249e+000
      vertex -6.097887e+000 -5.000000e+000 -6.618034e+000
    endloop
  endfacet
  facet normal -9.408807e-001  0.000000e+000  3.387383e-001
    outer loop
      vertex -6.140447e+000  0.000000e+000 -6.736249e+000
      vertex -6.097887e+000 -5.000000e+000 -6.618034e+000
      vertex -6.097887e+000  0.000000e+000 -6.618034e+000
    endloop
  endfacet
  facet normal -9.602937e-001  0.000000e+000  2.789911e-001
    outer loop
      vertex -6.097887e+000  0.000000e+000 -6.618034e+000
      vertex -6.097887e+000 -5.000000e+000 -6.618034e+000
      vertex -6.062834e+000 -5.000000e+000 -6.497380e+000
    endloop
  endfacet
  facet normal -9.602937e-001  0.000000e+000  2.789911e-001
    outer loop
      vertex -6.097887e+000  0.000000e+000 -6.618034e+000
      vertex -6.062834e+000 -5.000000e+000 -6.497380e+000
      vertex -6.062834e+000  0.000000e+000 -6.497380e+000
    endloop
  endfacet
  facet normal -9.759169e-001  0.000000e+000  2.181427e-001
    outer loop
      vertex -6.062834e+000  0.000000e+000 -6.497380e+000
      vertex -6.062834e+000 -5.000000e+000 -6.497380e+000
      vertex -6.035426e+000 -5.000000e+000 -6.374763e+000
    endloop
  endfacet
  facet normal -9.759169e-001  0.000000e+000  2.181427e-001
    outer loop
      vertex -6.062834e+000  0.000000e+000 -6.497380e+000
      vertex -6.035426e+000 -5.000000e+000 -6.374763e+000
      vertex -6.035426e+000  0.000000e+000 -6.374763e+000
    endloop
  endfacet
  facet normal -9.876879e-001  0.000000e+000  1.564373e-001
    outer loop
      vertex -6.035426e+000  0.000000e+000 -6.374763e+000
      vertex -6.035426e+000 -5.000000e+000 -6.374763e+000
      vertex -6.015770e+000 -5.000000e+000 -6.250667e+000
    endloop
  endfacet
  facet normal -9.876879e-001  0.000000e+000  1.564373e-001
    outer loop
      vertex -6.035426e+000  0.000000e+000 -6.374763e+000
      vertex -6.015770e+000 -5.000000e+000 -6.250667e+000
      vertex -6.015770e+000  0.000000e+000 -6.250667e+000
    endloop
  endfacet
  facet normal -9.955622e-001  0.000000e+000  9.410521e-002
    outer loop
      vertex -6.015770e+000  0.000000e+000 -6.250667e+000
      vertex -6.015770e+000 -5.000000e+000 -6.250667e+000
      vertex -6.003947e+000 -5.000000e+000 -6.125581e+000
    endloop
  endfacet
  facet normal -9.955622e-001  0.000000e+000  9.410521e-002
    outer loop
      vertex -6.015770e+000  0.000000e+000 -6.250667e+000
      vertex -6.003947e+000 -5.000000e+000 -6.125581e+000
      vertex -6.003947e+000  0.000000e+000 -6.125581e+000
    endloop
  endfacet
  facet normal -9.995065e-001  0.000000e+000  3.141259e-002
    outer loop
      vertex -6.003947e+000  0.000000e+000 -6.125581e+000
      vertex -6.003947e+000 -5.000000e+000 -6.125581e+000
      vertex -6.000000e+000 -5.000000e+000 -6.000000e+000
    endloop
  endfacet
  facet normal -9.995065e-001  0.000000e+000  3.141259e-002
    outer loop
      vertex -6.003947e+000  0.000000e+000 -6.125581e+000
      vertex -6.000000e+000 -5.000000e+000 -6.000000e+000
      vertex -6.000000e+000  0.000000e+000 -6.000000e+000
    endloop
  endfacet
  facet normal -7.501112e-001  0.000000e+000  6.613118e-001
    outer loop
      vertex -6.458973e+000 -5.000000e+000 -7.274848e+000
      vertex -6.542063e+000  0.000000e+000 -7.369094e+000
      vertex -6.542063e+000 -5.000000e+000 -7.369094e+000
    endloop
  endfacet
  facet normal -7.071068e-001  0.000000e+000  7.071068e-001
    outer loop
      vertex -6.542063e+000 -5.000000e+000 -7.369094e+000
      vertex -6.542063e+000  0.000000e+000 -7.369094e+000
      vertex -6.630906e+000  0.000000e+000 -7.457937e+000
    endloop
  endfacet
  facet normal -7.071068e-001  0.000000e+000  7.071068e-001
    outer loop
      vertex -6.542063e+000 -5.000000e+000 -7.369094e+000
      vertex -6.630906e+000  0.000000e+000 -7.457937e+000
      vertex -6.630906e+000 -5.000000e+000 -7.457937e+000
    endloop
  endfacet
  facet normal -6.613118e-001  0.000000e+000  7.501112e-001
    outer loop
      vertex -6.630906e+000 -5.000000e+000 -7.457937e+000
      vertex -6.630906e+000  0.000000e+000 -7.457937e+000
      vertex -6.725152e+000  0.000000e+000 -7.541027e+000
    endloop
  endfacet
  facet normal -6.613118e-001  0.000000e+000  7.501112e-001
    outer loop
      vertex -6.630906e+000 -5.000000e+000 -7.457937e+000
      vertex -6.725152e+000  0.000000e+000 -7.541027e+000
      vertex -6.725152e+000 -5.000000e+000 -7.541027e+000
    endloop
  endfacet
  facet normal -6.129059e-001  0.000000e+000  7.901558e-001
    outer loop
      vertex -6.725152e+000 -5.000000e+000 -7.541027e+000
      vertex -6.725152e+000  0.000000e+000 -7.541027e+000
      vertex -6.824430e+000  0.000000e+000 -7.618034e+000
    endloop
  endfacet
  facet normal -6.129059e-001  0.000000e+000  7.901558e-001
    outer loop
      vertex -6.725152e+000 -5.000000e+000 -7.541027e+000
      vertex -6.824430e+000  0.000000e+000 -7.618034e+000
      vertex -6.824430e+000 -5.000000e+000 -7.618034e+000
    endloop
  endfacet
  facet normal -5.620832e-001  0.000000e+000  8.270807e-001
    outer loop
      vertex -6.824430e+000 -5.000000e+000 -7.618034e+000
      vertex -6.824430e+000  0.000000e+000 -7.618034e+000
      vertex -6.928347e+000  0.000000e+000 -7.688656e+000
    endloop
  endfacet
  facet normal -5.620832e-001  0.000000e+000  8.270807e-001
    outer loop
      vertex -6.824430e+000 -5.000000e+000 -7.618034e+000
      vertex -6.928347e+000  0.000000e+000 -7.688656e+000
      vertex -6.928347e+000 -5.000000e+000 -7.688656e+000
    endloop
  endfacet
  facet normal -5.090426e-001  0.000000e+000  8.607413e-001
    outer loop
      vertex -6.928347e+000 -5.000000e+000 -7.688656e+000
      vertex -6.928347e+000  0.000000e+000 -7.688656e+000
      vertex -7.036493e+000  0.000000e+000 -7.752614e+000
    endloop
  endfacet
  facet normal -5.090426e-001  0.000000e+000  8.607413e-001
    outer loop
      vertex -6.928347e+000 -5.000000e+000 -7.688656e+000
      vertex -7.036493e+000  0.000000e+000 -7.752614e+000
      vertex -7.036493e+000 -5.000000e+000 -7.752614e+000
    endloop
  endfacet
  facet normal -4.539911e-001  0.000000e+000  8.910063e-001
    outer loop
      vertex -7.036493e+000 -5.000000e+000 -7.752614e+000
      vertex -7.036493e+000  0.000000e+000 -7.752614e+000
      vertex -7.148441e+000  0.000000e+000 -7.809654e+000
    endloop
  endfacet
  facet normal -4.539911e-001  0.000000e+000  8.910063e-001
    outer loop
      vertex -7.036493e+000 -5.000000e+000 -7.752614e+000
      vertex -7.148441e+000  0.000000e+000 -7.809654e+000
      vertex -7.148441e+000 -5.000000e+000 -7.809654e+000
    endloop
  endfacet
  facet normal -3.971456e-001  0.000000e+000  9.177557e-001
    outer loop
      vertex -7.148441e+000 -5.000000e+000 -7.809654e+000
      vertex -7.148441e+000  0.000000e+000 -7.809654e+000
      vertex -7.263751e+000  0.000000e+000 -7.859553e+000
    endloop
  endfacet
  facet normal -3.971456e-001  0.000000e+000  9.177557e-001
    outer loop
      vertex -7.148441e+000 -5.000000e+000 -7.809654e+000
      vertex -7.263751e+000  0.000000e+000 -7.859553e+000
      vertex -7.263751e+000 -5.000000e+000 -7.859553e+000
    endloop
  endfacet
  facet normal -3.387383e-001  0.000000e+000  9.408807e-001
    outer loop
      vertex -7.263751e+000 -5.000000e+000 -7.859553e+000
      vertex -7.263751e+000  0.000000e+000 -7.859553e+000
      vertex -7.381966e+000  0.000000e+000 -7.902113e+000
    endloop
  endfacet
  facet normal -3.387383e-001  0.000000e+000  9.408807e-001
    outer loop
      vertex -7.263751e+000 -5.000000e+000 -7.859553e+000
      vertex -7.381966e+000  0.000000e+000 -7.902113e+000
      vertex -7.381966e+000 -5.000000e+000 -7.902113e+000
    endloop
  endfacet
  facet normal -2.789911e-001  0.000000e+000  9.602937e-001
    outer loop
      vertex -7.381966e+000 -5.000000e+000 -7.902113e+000
      vertex -7.381966e+000  0.000000e+000 -7.902113e+000
      vertex -7.502620e+000  0.000000e+000 -7.937166e+000
    endloop
  endfacet
  facet normal -2.789911e-001  0.000000e+000  9.602937e-001
    outer loop
      vertex -7.381966e+000 -5.000000e+000 -7.902113e+000
      vertex -7.502620e+000  0.000000e+000 -7.937166e+000
      vertex -7.502620e+000 -5.000000e+000 -7.937166e+000
    endloop
  endfacet
  facet normal -2.181427e-001  0.000000e+000  9.759169e-001
    outer loop
      vertex -7.502620e+000 -5.000000e+000 -7.937166e+000
      vertex -7.502620e+000  0.000000e+000 -7.937166e+000
      vertex -7.625237e+000  0.000000e+000 -7.964574e+000
    endloop
  endfacet
  facet normal -2.181427e-001  0.000000e+000  9.759169e-001
    outer loop
      vertex -7.502620e+000 -5.000000e+000 -7.937166e+000
      vertex -7.625237e+000  0.000000e+000 -7.964574e+000
      vertex -7.625237e+000 -5.000000e+000 -7.964574e+000
    endloop
  endfacet
  facet normal -1.564373e-001  0.000000e+000  9.876879e-001
    outer loop
      vertex -7.625237e+000 -5.000000e+000 -7.964574e+000
      vertex -7.625237e+000  0.000000e+000 -7.964574e+000
      vertex -7.749333e+000  0.000000e+000 -7.984230e+000
    endloop
  endfacet
  facet normal -1.564373e-001  0.000000e+000  9.876879e-001
    outer loop
      vertex -7.625237e+000 -5.000000e+000 -7.964574e+000
      vertex -7.749333e+000  0.000000e+000 -7.984230e+000
      vertex -7.749333e+000 -5.000000e+000 -7.984230e+000
    endloop
  endfacet
  facet normal -9.410521e-002  0.000000e+000  9.955622e-001
    outer loop
      vertex -7.749333e+000 -5.000000e+000 -7.984230e+000
      vertex -7.749333e+000  0.000000e+000 -7.984230e+000
      vertex -7.874419e+000  0.000000e+000 -7.996053e+000
    endloop
  endfacet
  facet normal -9.410521e-002  0.000000e+000  9.955622e-001
    outer loop
      vertex -7.749333e+000 -5.000000e+000 -7.984230e+000
      vertex -7.874419e+000  0.000000e+000 -7.996053e+000
      vertex -7.874419e+000 -5.000000e+000 -7.996053e+000
    endloop
  endfacet
  facet normal -3.141259e-002  0.000000e+000  9.995065e-001
    outer loop
      vertex -7.874419e+000 -5.000000e+000 -7.996053e+000
      vertex -7.874419e+000  0.000000e+000 -7.996053e+000
      vertex -8.000000e+000  0.000000e+000 -8.000000e+000
    endloop
  endfacet
  facet normal -3.141259e-002  0.000000e+000  9.995065e-001
    outer loop
      vertex -7.874419e+000 -5.000000e+000 -7.996053e+000
      vertex -8.000000e+000  0.000000e+000 -8.000000e+000
      vertex -8.000000e+000 -5.000000e+000 -8.000000e+000
    endloop
  endfacet
  facet normal  0.000000e+000  0.000000e+000  1.000000e+000
    outer loop
      vertex  1.500000e+001 -5.000000e+000 -8.000000e+000
      vertex  1.500000e+001  0.000000e+000 -8.000000e+000
      vertex  8.000000e+000 -5.000000e+000 -8.000000e+000
    endloop
  endfacet
  facet normal  0.000000e+000  0.000000e+000  1.000000e+000
    outer loop
      vertex  8.000000e+000 -5.000000e+000 -8.000000e+000
      vertex  1.500000e+001  0.000000e+000 -8.000000e+000
      vertex  8.000000e+000  0.000000e+000 -8.000000e+000
    endloop
  endfacet
  facet normal  6.613118e-001  -0.000000e+000  7.501112e-001
    outer loop
      vertex  6.630906e+000  0.000000e+000 -7.457937e+000
      vertex  6.725152e+000 -5.000000e+000 -7.541027e+000
      vertex  6.725152e+000  0.000000e+000 -7.541027e+000
    endloop
  endfacet
  facet normal  6.129059e-001  0.000000e+000  7.901558e-001
    outer loop
      vertex  6.725152e+000  0.000000e+000 -7.541027e+000
      vertex  6.725152e+000 -5.000000e+000 -7.541027e+000
      vertex  6.824430e+000 -5.000000e+000 -7.618034e+000
    endloop
  endfacet
  facet normal  6.129059e-001  -0.000000e+000  7.901558e-001
    outer loop
      vertex  6.725152e+000  0.000000e+000 -7.541027e+000
      vertex  6.824430e+000 -5.000000e+000 -7.618034e+000
      vertex  6.824430e+000  0.000000e+000 -7.618034e+000
    endloop
  endfacet
  facet normal  5.620832e-001  0.000000e+000  8.270807e-001
    outer loop
      vertex  6.824430e+000  0.000000e+000 -7.618034e+000
      vertex  6.824430e+000 -5.000000e+000 -7.618034e+000
      vertex  6.928347e+000 -5.000000e+000 -7.688656e+000
    endloop
  endfacet
  facet normal  5.620832e-001  -0.000000e+000  8.270807e-001
    outer loop
      vertex  6.824430e+000  0.000000e+000 -7.618034e+000
      vertex  6.928347e+000 -5.000000e+000 -7.688656e+000
      vertex  6.928347e+000  0.000000e+000 -7.688656e+000
    endloop
  endfacet
  facet normal  5.090426e-001  0.000000e+000  8.607413e-001
    outer loop
      vertex  6.928347e+000  0.000000e+000 -7.688656e+000
      vertex  6.928347e+000 -5.000000e+000 -7.688656e+000
      vertex  7.036493e+000 -5.000000e+000 -7.752614e+000
    endloop
  endfacet
  facet normal  5.090426e-001  -0.000000e+000  8.607413e-001
    outer loop
      vertex  6.928347e+000  0.000000e+000 -7.688656e+000
      vertex  7.036493e+000 -5.000000e+000 -7.752614e+000
      vertex  7.036493e+000  0.000000e+000 -7.752614e+000
    endloop
  endfacet
  facet normal  4.539911e-001  0.000000e+000  8.910063e-001
    outer loop
      vertex  7.036493e+000  0.000000e+000 -7.752614e+000
      vertex  7.036493e+000 -5.000000e+000 -7.752614e+000
      vertex  7.148441e+000 -5.000000e+000 -7.809654e+000
    endloop
  endfacet
  facet normal  4.539911e-001  -0.000000e+000  8.910063e-001
    outer loop
      vertex  7.036493e+000  0.000000e+000 -7.752614e+000
      vertex  7.148441e+000 -5.000000e+000 -7.809654e+000
      vertex  7.148441e+000  0.000000e+000 -7.809654e+000
    endloop
  endfacet
  facet normal  3.971456e-001  0.000000e+000  9.177557e-001
    outer loop
      vertex  7.148441e+000  0.000000e+000 -7.809654e+000
      vertex  7.148441e+000 -5.000000e+000 -7.809654e+000
      vertex  7.263751e+000 -5.000000e+000 -7.859553e+000
    endloop
  endfacet
  facet normal  3.971456e-001  -0.000000e+000  9.177557e-001
    outer loop
      vertex  7.148441e+000  0.000000e+000 -7.809654e+000
      vertex  7.263751e+000 -5.000000e+000 -7.859553e+000
      vertex  7.263751e+000  0.000000e+000 -7.859553e+000
    endloop
  endfacet
  facet normal  3.387383e-001  0.000000e+000  9.408807e-001
    outer loop
      vertex  7.263751e+000  0.000000e+000 -7.859553e+000
      vertex  7.263751e+000 -5.000000e+000 -7.859553e+000
      vertex  7.381966e+000 -5.000000e+000 -7.902113e+000
    endloop
  endfacet
  facet normal  3.387383e-001  -0.000000e+000  9.408807e-001
    outer loop
      vertex  7.263751e+000  0.000000e+000 -7.859553e+000
      vertex  7.381966e+000 -5.000000e+000 -7.902113e+000
      vertex  7.381966e+000  0.000000e+000 -7.902113e+000
    endloop
  endfacet
  facet normal  2.789911e-001  0.000000e+000  9.602937e-001
    outer loop
      vertex  7.381966e+000  0.000000e+000 -7.902113e+000
      vertex  7.381966e+000 -5.000000e+000 -7.902113e+000
      vertex  7.502620e+000 -5.000000e+000 -7.937166e+000
    endloop
  endfacet
  facet normal  2.789911e-001  -0.000000e+000  9.602937e-001
    outer loop
      vertex  7.381966e+000  0.000000e+000 -7.902113e+000
      vertex  7.502620e+000 -5.000000e+000 -7.937166e+000
      vertex  7.502620e+000  0.000000e+000 -7.937166e+000
    endloop
  endfacet
  facet normal  2.181427e-001  0.000000e+000  9.759169e-001
    outer loop
      vertex  7.502620e+000  0.000000e+000 -7.937166e+000
      vertex  7.502620e+000 -5.000000e+000 -7.937166e+000
      vertex  7.625237e+000 -5.000000e+000 -7.964574e+000
    endloop
  endfacet
  facet normal  2.181427e-001  -0.000000e+000  9.759169e-001
    outer loop
      vertex  7.502620e+000  0.000000e+000 -7.937166e+000
      vertex  7.625237e+000 -5.000000e+000 -7.964574e+000
      vertex  7.625237e+000  0.000000e+000 -7.964574e+000
    endloop
  endfacet
  facet normal  1.564373e-001  0.000000e+000  9.876879e-001
    outer loop
      vertex  7.625237e+000  0.000000e+000 -7.964574e+000
      vertex  7.625237e+000 -5.000000e+000 -7.964574e+000
      vertex  7.749333e+000 -5.000000e+000 -7.984230e+000
    endloop
  endfacet
  facet normal  1.564373e-001  -0.000000e+000  9.876879e-001
    outer loop
      vertex  7.625237e+000  0.000000e+000 -7.964574e+000
      vertex  7.749333e+000 -5.000000e+000 -7.984230e+000
      vertex  7.749333e+000  0.000000e+000 -7.984230e+000
    endloop
  endfacet
  facet normal  9.410521e-002  0.000000e+000  9.955622e-001
    outer loop
      vertex  7.749333e+000  0.000000e+000 -7.984230e+000
      vertex  7.749333e+000 -5.000000e+000 -7.984230e+000
      vertex  7.874419e+000 -5.000000e+000 -7.996053e+000
    endloop
  endfacet
  facet normal  9.410521e-002  -0.000000e+000  9.955622e-001
    outer loop
      vertex  7.749333e+000  0.000000e+000 -7.984230e+000
      vertex  7.874419e+000 -5.000000e+000 -7.996053e+000
      vertex  7.874419e+000  0.000000e+000 -7.996053e+000
    endloop
  endfacet
  facet normal  3.141259e-002  0.000000e+000  9.995065e-001
    outer loop
      vertex  7.874419e+000  0.000000e+000 -7.996053e+000
      vertex  7.874419e+000 -5.000000e+000 -7.996053e+000
      vertex  8.000000e+000 -5.000000e+000 -8.000000e+000
    endloop
  endfacet
  facet normal  3.141259e-002  -0.000000e+000  9.995065e-001
    outer loop
      vertex  7.874419e+000  0.000000e+000 -7.996053e+000
      vertex  8.000000e+000 -5.000000e+000 -8.000000e+000
      vertex  8.000000e+000  0.000000e+000 -8.000000e+000
    endloop
  endfacet
  facet normal  6.613118e-001  0.000000e+000  7.501112e-001
    outer loop
      vertex  6.725152e+000 -5.000000e+000 -7.541027e+000
      vertex  6.630906e+000  0.000000e+000 -7.457937e+000
      vertex  6.630906e+000 -5.000000e+000 -7.457937e+000
    endloop
  endfacet
  facet normal  7.071068e-001  -0.000000e+000  7.071068e-001
    outer loop
      vertex  6.630906e+000 -5.000000e+000 -7.457937e+000
      vertex  6.630906e+000  0.000000e+000 -7.457937e+000
      vertex  6.542063e+000  0.000000e+000 -7.369094e+000
    endloop
  endfacet
  facet normal  7.071068e-001  0.000000e+000  7.071068e-001
    outer loop
      vertex  6.630906e+000 -5.000000e+000 -7.457937e+000
      vertex  6.542063e+000  0.000000e+000 -7.369094e+000
      vertex  6.542063e+000 -5.000000e+000 -7.369094e+000
    endloop
  endfacet
  facet normal  7.501112e-001  -0.000000e+000  6.613118e-001
    outer loop
      vertex  6.542063e+000 -5.000000e+000 -7.369094e+000
      vertex  6.542063e+000  0.000000e+000 -7.369094e+000
      vertex  6.458973e+000  0.000000e+000 -7.274848e+000
    endloop
  endfacet
  facet normal  7.501112e-001  0.000000e+000  6.613118e-001
    outer loop
      vertex  6.542063e+000 -5.000000e+000 -7.369094e+000
      vertex  6.458973e+000  0.000000e+000 -7.274848e+000
      vertex  6.458973e+000 -5.000000e+000 -7.274848e+000
    endloop
  endfacet
  facet normal  7.901558e-001  -0.000000e+000  6.129059e-001
    outer loop
      vertex  6.458973e+000 -5.000000e+000 -7.274848e+000
      vertex  6.458973e+000  0.000000e+000 -7.274848e+000
      vertex  6.381966e+000  0.000000e+000 -7.175570e+000
    endloop
  endfacet
  facet normal  7.901558e-001  0.000000e+000  6.129059e-001
    outer loop
      vertex  6.458973e+000 -5.000000e+000 -7.274848e+000
      vertex  6.381966e+000  0.000000e+000 -7.175570e+000
      vertex  6.381966e+000 -5.000000e+000 -7.175570e+000
    endloop
  endfacet
  facet normal  8.270807e-001  -0.000000e+000  5.620832e-001
    outer loop
      vertex  6.381966e+000 -5.000000e+000 -7.175570e+000
      vertex  6.381966e+000  0.000000e+000 -7.175570e+000
      vertex  6.311344e+000  0.000000e+000 -7.071653e+000
    endloop
  endfacet
  facet normal  8.270807e-001  0.000000e+000  5.620832e-001
    outer loop
      vertex  6.381966e+000 -5.000000e+000 -7.175570e+000
      vertex  6.311344e+000  0.000000e+000 -7.071653e+000
      vertex  6.311344e+000 -5.000000e+000 -7.071653e+000
    endloop
  endfacet
  facet normal  8.607413e-001  -0.000000e+000  5.090426e-001
    outer loop
      vertex  6.311344e+000 -5.000000e+000 -7.071653e+000
      vertex  6.311344e+000  0.000000e+000 -7.071653e+000
      vertex  6.247386e+000  0.000000e+000 -6.963507e+000
    endloop
  endfacet
  facet normal  8.607413e-001  0.000000e+000  5.090426e-001
    outer loop
      vertex  6.311344e+000 -5.000000e+000 -7.071653e+000
      vertex  6.247386e+000  0.000000e+000 -6.963507e+000
      vertex  6.247386e+000 -5.000000e+000 -6.963507e+000
    endloop
  endfacet
  facet normal  8.910063e-001  -0.000000e+000  4.539911e-001
    outer loop
      vertex  6.247386e+000 -5.000000e+000 -6.963507e+000
      vertex  6.247386e+000  0.000000e+000 -6.963507e+000
      vertex  6.190346e+000  0.000000e+000 -6.851559e+000
    endloop
  endfacet
  facet normal  8.910063e-001  0.000000e+000  4.539911e-001
    outer loop
      vertex  6.247386e+000 -5.000000e+000 -6.963507e+000
      vertex  6.190346e+000  0.000000e+000 -6.851559e+000
      vertex  6.190346e+000 -5.000000e+000 -6.851559e+000
    endloop
  endfacet
  facet normal  9.177557e-001  -0.000000e+000  3.971456e-001
    outer loop
      vertex  6.190346e+000 -5.000000e+000 -6.851559e+000
      vertex  6.190346e+000  0.000000e+000 -6.851559e+000
      vertex  6.140447e+000  0.000000e+000 -6.736249e+000
    endloop
  endfacet
  facet normal  9.177557e-001  0.000000e+000  3.971456e-001
    outer loop
      vertex  6.190346e+000 -5.000000e+000 -6.851559e+000
      vertex  6.140447e+000  0.000000e+000 -6.736249e+000
      vertex  6.140447e+000 -5.000000e+000 -6.736249e+000
    endloop
  endfacet
  facet normal  9.408807e-001  -0.000000e+000  3.387383e-001
    outer loop
      vertex  6.140447e+000 -5.000000e+000 -6.736249e+000
      vertex  6.140447e+000  0.000000e+000 -6.736249e+000
      vertex  6.097887e+000  0.000000e+000 -6.618034e+000
    endloop
  endfacet
  facet normal  9.408807e-001  0.000000e+000  3.387383e-001
    outer loop
      vertex  6.140447e+000 -5.000000e+000 -6.736249e+000
      vertex  6.097887e+000  0.000000e+000 -6.618034e+000
      vertex  6.097887e+000 -5.000000e+000 -6.618034e+000
    endloop
  endfacet
  facet normal  9.602937e-001  -0.000000e+000  2.789911e-001
    outer loop
      vertex  6.097887e+000 -5.000000e+000 -6.618034e+000
      vertex  6.097887e+000  0.000000e+000 -6.618034e+000
      vertex  6.062834e+000  0.000000e+000 -6.497380e+000
    endloop
  endfacet
  facet normal  9.602937e-001  0.000000e+000  2.789911e-001
    outer loop
      vertex  6.097887e+000 -5.000000e+000 -6.618034e+000
      vertex  6.062834e+000  0.000000e+000 -6.497380e+000
      vertex  6.062834e+000 -5.000000e+000 -6.497380e+000
    endloop
  endfacet
  facet normal  9.759169e-001  -0.000000e+000  2.181427e-001
    outer loop
      vertex  6.062834e+000 -5.000000e+000 -6.497380e+000
      vertex  6.062834e+000  0.000000e+000 -6.497380e+000
      vertex  6.035426e+000  0.000000e+000 -6.374763e+000
    endloop
  endfacet
  facet normal  9.759169e-001  0.000000e+000  2.181427e-001
    outer loop
      vertex  6.062834e+000 -5.000000e+000 -6.497380e+000
      vertex  6.035426e+000  0.000000e+000 -6.374763e+000
      vertex  6.035426e+000 -5.000000e+000 -6.374763e+000
    endloop
  endfacet
  facet normal  9.876879e-001  -0.000000e+000  1.564373e-001
    outer loop
      vertex  6.035426e+000 -5.000000e+000 -6.374763e+000
      vertex  6.035426e+000  0.000000e+000 -6.374763e+000
      vertex  6.015770e+000  0.000000e+000 -6.250667e+000
    endloop
  endfacet
  facet normal  9.876879e-001  0.000000e+000  1.564373e-001
    outer loop
      vertex  6.035426e+000 -5.000000e+000 -6.374763e+000
      vertex  6.015770e+000  0.000000e+000 -6.250667e+000
      vertex  6.015770e+000 -5.000000e+000 -6.250667e+000
    endloop
  endfacet
  facet normal  9.955622e-001  -0.000000e+000  9.410521e-002
    outer loop
      vertex  6.015770e+000 -5.000000e+000 -6.250667e+000
      vertex  6.015770e+000  0.000000e+000 -6.250667e+000
      vertex  6.003947e+000  0.000000e+000 -6.125581e+000
    endloop
  endfacet
  facet normal  9.955622e-001  0.000000e+000  9.410521e-002
    outer loop
      vertex  6.015770e+000 -5.000000e+000 -6.250667e+000
      vertex  6.003947e+000  0.000000e+000 -6.125581e+000
      vertex  6.003947e+000 -5.000000e+000 -6.125581e+000
    endloop
  endfacet
  facet normal  9.995065e-001  -0.000000e+000  3.141259e-002
    outer loop
      vertex  6.003947e+000 -5.000000e+000 -6.125581e+000
      vertex  6.003947e+000  0.000000e+000 -6.125581e+000
      vertex  6.000000e+000  0.000000e+000 -6.000000e+000
    endloop
  endfacet
  facet normal  9.995065e-001  0.000000e+000  3.141259e-002
    outer loop
      vertex  6.003947e+000 -5.000000e+000 -6.125581e+000
      vertex  6.000000e+000  0.000000e+000 -6.000000e+000
      vertex  6.000000e+000 -5.000000e+000 -6.000000e+000
    endloop
  endfacet
  facet normal  0.000000e+000  3.746070e-001 -9.271837e-001
    outer loop
      vertex  1.800000e+001  0.000000e+000 -7.797987e+001
      vertex  1.800000e+001 -5.000000e+000 -8.000000e+001
      vertex  1.194767e+001 -5.000000e+000 -8.000000e+001
    endloop
  endfacet
  facet normal  1.214947e-006  3.746058e-001 -9.271842e-001
    outer loop
      vertex  1.800000e+001  0.000000e+000 -7.797987e+001
      vertex  1.194767e+001 -5.000000e+000 -8.000000e+001
      vertex  1.191624e+001 -4.442315e+000 -7.977468e+001
    endloop
  endfacet
  facet normal  1.589485e-006  3.746053e-001 -9.271843e-001
    outer loop
      vertex  1.800000e+001  0.000000e+000 -7.797987e+001
      vertex  1.191624e+001 -4.442315e+000 -7.977468e+001
      vertex  1.187732e+001 -3.885044e+000 -7.954953e+001
    endloop
  endfacet
  facet normal -3.945179e-006  3.746128e-001 -9.271813e-001
    outer loop
      vertex  1.800000e+001  0.000000e+000 -7.797987e+001
      vertex  1.187732e+001 -3.885044e+000 -7.954953e+001
      vertex  1.183080e+001 -3.328240e+000 -7.932456e+001
    endloop
  endfacet
  facet normal  3.458770e-006  3.746010e-001 -9.271861e-001
    outer loop
      vertex  1.800000e+001  0.000000e+000 -7.797987e+001
      vertex  1.183080e+001 -3.328240e+000 -7.932456e+001
      vertex  1.177655e+001 -2.771943e+000 -7.909981e+001
    endloop
  endfacet
  facet normal -2.233164e-006  3.746120e-001 -9.271817e-001
    outer loop
      vertex  1.800000e+001  0.000000e+000 -7.797987e+001
      vertex  1.177655e+001 -2.771943e+000 -7.909981e+001
      vertex  1.174630e+001 -2.492436e+000 -7.898688e+001
    endloop
  endfacet
  facet normal  1.380062e-006  3.746043e-001 -9.271848e-001
    outer loop
      vertex  1.800000e+001  0.000000e+000 -7.797987e+001
      vertex  1.174630e+001 -2.492436e+000 -7.898688e+001
      vertex  1.171403e+001 -2.213073e+000 -7.887401e+001
    endloop
  endfacet
  facet normal -7.669693e-008  3.746078e-001 -9.271834e-001
    outer loop
      vertex  1.800000e+001  0.000000e+000 -7.797987e+001
      vertex  1.171403e+001 -2.213073e+000 -7.887401e+001
      vertex  1.168012e+001 -1.936979e+000 -7.876246e+001
    endloop
  endfacet
  facet normal -1.543697e-006  3.746119e-001 -9.271817e-001
    outer loop
      vertex  1.800000e+001  0.000000e+000 -7.797987e+001
      vertex  1.168012e+001 -1.936979e+000 -7.876246e+001
      vertex  1.164418e+001 -1.661041e+000 -7.865097e+001
    endloop
  endfacet
  facet normal  1.805825e-006  3.746009e-001 -9.271862e-001
    outer loop
      vertex  1.800000e+001  0.000000e+000 -7.797987e+001
      vertex  1.164418e+001 -1.661041e+000 -7.865097e+001
      vertex  1.158607e+001 -1.245107e+000 -7.848293e+001
    endloop
  endfacet
  facet normal -9.326135e-007  3.746130e-001 -9.271812e-001
    outer loop
      vertex  1.800000e+001  0.000000e+000 -7.797987e+001
      vertex  1.158607e+001 -1.245107e+000 -7.848293e+001
      vertex  1.152318e+001 -8.295857e-001 -7.831504e+001
    endloop
  endfacet
  facet normal  2.123713e-008  3.746066e-001 -9.271838e-001
    outer loop
      vertex  1.800000e+001  0.000000e+000 -7.797987e+001
      vertex  1.152318e+001 -8.295857e-001 -7.831504e+001
      vertex  1.145539e+001 -4.145283e-001 -7.814735e+001
    endloop
  endfacet
  facet normal  0.000000e+000  3.746069e-001 -9.271837e-001
    outer loop
      vertex  1.800000e+001  0.000000e+000 -7.797987e+001
      vertex  1.145539e+001 -4.145283e-001 -7.814735e+001
      vertex  1.138257e+001  0.000000e+000 -7.797987e+001
    endloop
  endfacet
  facet normal  1.000000e+000  0.000000e+000  0.000000e+000
    outer loop
      vertex  2.000000e+001 -5.000000e+000 -7.784293e+001
      vertex  2.000000e+001  0.000000e+000 -7.582280e+001
      vertex  2.000000e+001 -5.000000e+000 -1.300000e+001
    endloop
  endfacet
  facet normal  1.000000e+000  -0.000000e+000  0.000000e+000
    outer loop
      vertex  2.000000e+001 -5.000000e+000 -1.300000e+001
      vertex  2.000000e+001  0.000000e+000 -7.582280e+001
      vertex  2.000000e+001  0.000000e+000 -1.300000e+001
    endloop
  endfacet
  facet normal  2.902707e-002  3.744492e-001 -9.267930e-001
    outer loop
      vertex  1.800000e+001 -5.000000e+000 -8.000000e+001
      vertex  1.800000e+001  0.000000e+000 -7.797987e+001
      vertex  1.811595e+001 -5.000000e+000 -7.999637e+001
    endloop
  endfacet
  facet normal  2.970995e-002  3.744553e-001 -9.267690e-001
    outer loop
      vertex  1.811595e+001 -5.000000e+000 -7.999637e+001
      vertex  1.800000e+001  0.000000e+000 -7.797987e+001
      vertex  1.811876e+001  0.000000e+000 -7.797606e+001
    endloop
  endfacet
  facet normal  8.688891e-002  3.731762e-001 -9.236827e-001
    outer loop
      vertex  1.811595e+001 -5.000000e+000 -7.999637e+001
      vertex  1.811876e+001  0.000000e+000 -7.797606e+001
      vertex  1.823145e+001 -5.000000e+000 -7.998550e+001
    endloop
  endfacet
  facet normal  8.894655e-002  3.731484e-001 -9.234981e-001
    outer loop
      vertex  1.823145e+001 -5.000000e+000 -7.998550e+001
      vertex  1.811876e+001  0.000000e+000 -7.797606e+001
      vertex  1.823702e+001  0.000000e+000 -7.796467e+001
    endloop
  endfacet
  facet normal  1.444089e-001  3.706527e-001 -9.174762e-001
    outer loop
      vertex  1.823145e+001 -5.000000e+000 -7.998550e+001
      vertex  1.823702e+001  0.000000e+000 -7.796467e+001
      vertex  1.834603e+001 -5.000000e+000 -7.996747e+001
    endloop
  endfacet
  facet normal  1.479174e-001  3.705258e-001 -9.169685e-001
    outer loop
      vertex  1.834603e+001 -5.000000e+000 -7.996747e+001
      vertex  1.823702e+001  0.000000e+000 -7.796467e+001
      vertex  1.835432e+001  0.000000e+000 -7.794575e+001
    endloop
  endfacet
  facet normal  2.014204e-001  3.668903e-001 -9.081967e-001
    outer loop
      vertex  1.834603e+001 -5.000000e+000 -7.996747e+001
      vertex  1.835432e+001  0.000000e+000 -7.794575e+001
      vertex  1.845928e+001 -5.000000e+000 -7.994235e+001
    endloop
  endfacet
  facet normal  2.061830e-001  3.666088e-001 -9.072412e-001
    outer loop
      vertex  1.845928e+001 -5.000000e+000 -7.994235e+001
      vertex  1.835432e+001  0.000000e+000 -7.794575e+001
      vertex  1.847017e+001  0.000000e+000 -7.791942e+001
    endloop
  endfacet
  facet normal  2.576368e-001  3.619100e-001 -8.959043e-001
    outer loop
      vertex  1.845928e+001 -5.000000e+000 -7.994235e+001
      vertex  1.847017e+001  0.000000e+000 -7.791942e+001
      vertex  1.857076e+001 -5.000000e+000 -7.991029e+001
    endloop
  endfacet
  facet normal  2.636911e-001  3.614102e-001 -8.943432e-001
    outer loop
      vertex  1.857076e+001 -5.000000e+000 -7.991029e+001
      vertex  1.847017e+001  0.000000e+000 -7.791942e+001
      vertex  1.858413e+001  0.000000e+000 -7.788582e+001
    endloop
  endfacet
  facet normal  3.128043e-001  3.557468e-001 -8.806803e-001
    outer loop
      vertex  1.857076e+001 -5.000000e+000 -7.991029e+001
      vertex  1.858413e+001  0.000000e+000 -7.788582e+001
      vertex  1.868007e+001 -5.000000e+000 -7.987147e+001
    endloop
  endfacet
  facet normal  3.200904e-001  3.549702e-001 -8.783726e-001
    outer loop
      vertex  1.868007e+001 -5.000000e+000 -7.987147e+001
      vertex  1.858413e+001  0.000000e+000 -7.788582e+001
      vertex  1.869576e+001  0.000000e+000 -7.784514e+001
    endloop
  endfacet
  facet normal  3.669147e-001  3.484091e-001 -8.625455e-001
    outer loop
      vertex  1.868007e+001 -5.000000e+000 -7.987147e+001
      vertex  1.869576e+001  0.000000e+000 -7.784514e+001
      vertex  1.878682e+001 -5.000000e+000 -7.982606e+001
    endloop
  endfacet
  facet normal  3.752556e-001  3.473123e-001 -8.593937e-001
    outer loop
      vertex  1.878682e+001 -5.000000e+000 -7.982606e+001
      vertex  1.869576e+001  0.000000e+000 -7.784514e+001
      vertex  1.880465e+001  0.000000e+000 -7.779759e+001
    endloop
  endfacet
  facet normal  4.195246e-001  3.399673e-001 -8.416777e-001
    outer loop
      vertex  1.878682e+001 -5.000000e+000 -7.982606e+001
      vertex  1.880465e+001  0.000000e+000 -7.779759e+001
      vertex  1.889065e+001 -5.000000e+000 -7.977431e+001
    endloop
  endfacet
  facet normal  4.289155e-001  3.384891e-001 -8.375301e-001
    outer loop
      vertex  1.889065e+001 -5.000000e+000 -7.977431e+001
      vertex  1.880465e+001  0.000000e+000 -7.779759e+001
      vertex  1.891041e+001  0.000000e+000 -7.774343e+001
    endloop
  endfacet
  facet normal  4.722133e-001  3.301156e-001 -8.173361e-001
    outer loop
      vertex  1.889065e+001 -5.000000e+000 -7.977431e+001
      vertex  1.891041e+001  0.000000e+000 -7.774343e+001
      vertex  1.899726e+001 -5.000000e+000 -7.971272e+001
    endloop
  endfacet
  facet normal  4.816365e-001  3.283830e-001 -8.125213e-001
    outer loop
      vertex  1.899726e+001 -5.000000e+000 -7.971272e+001
      vertex  1.891041e+001  0.000000e+000 -7.774343e+001
      vertex  1.901521e+001  0.000000e+000 -7.768130e+001
    endloop
  endfacet
  facet normal  5.245275e-001  3.188491e-001 -7.894341e-001
    outer loop
      vertex  1.899726e+001 -5.000000e+000 -7.971272e+001
      vertex  1.901521e+001  0.000000e+000 -7.768130e+001
      vertex  1.909981e+001 -5.000000e+000 -7.964458e+001
    endloop
  endfacet
  facet normal  5.330267e-001  3.170378e-001 -7.844549e-001
    outer loop
      vertex  1.909981e+001 -5.000000e+000 -7.964458e+001
      vertex  1.901521e+001  0.000000e+000 -7.768130e+001
      vertex  1.911599e+001  0.000000e+000 -7.761283e+001
    endloop
  endfacet
  facet normal  5.747235e-001  3.064749e-001 -7.587925e-001
    outer loop
      vertex  1.909981e+001 -5.000000e+000 -7.964458e+001
      vertex  1.911599e+001  0.000000e+000 -7.761283e+001
      vertex  1.919796e+001 -5.000000e+000 -7.957024e+001
    endloop
  endfacet
  facet normal  5.823466e-001  3.046116e-001 -7.537136e-001
    outer loop
      vertex  1.919796e+001 -5.000000e+000 -7.957024e+001
      vertex  1.911599e+001  0.000000e+000 -7.761283e+001
      vertex  1.921240e+001  0.000000e+000 -7.753834e+001
    endloop
  endfacet
  facet normal  6.226330e-001  2.930566e-001 -7.255660e-001
    outer loop
      vertex  1.919796e+001 -5.000000e+000 -7.957024e+001
      vertex  1.921240e+001  0.000000e+000 -7.753834e+001
      vertex  1.929140e+001 -5.000000e+000 -7.949005e+001
    endloop
  endfacet
  facet normal  6.294001e-001  2.911734e-001 -7.204675e-001
    outer loop
      vertex  1.929140e+001 -5.000000e+000 -7.949005e+001
      vertex  1.921240e+001  0.000000e+000 -7.753834e+001
      vertex  1.930416e+001  0.000000e+000 -7.745818e+001
    endloop
  endfacet
  facet normal  6.681388e-001  2.786479e-001 -6.898884e-001
    outer loop
      vertex  1.929140e+001 -5.000000e+000 -7.949005e+001
      vertex  1.930416e+001  0.000000e+000 -7.745818e+001
      vertex  1.937985e+001 -5.000000e+000 -7.940439e+001
    endloop
  endfacet
  facet normal  6.740361e-001  2.767884e-001 -6.848820e-001
    outer loop
      vertex  1.937985e+001 -5.000000e+000 -7.940439e+001
      vertex  1.930416e+001  0.000000e+000 -7.745818e+001
      vertex  1.939100e+001  0.000000e+000 -7.737271e+001
    endloop
  endfacet
  facet normal  7.110388e-001  2.633366e-001 -6.519799e-001
    outer loop
      vertex  1.937985e+001 -5.000000e+000 -7.940439e+001
      vertex  1.939100e+001  0.000000e+000 -7.737271e+001
      vertex  1.946306e+001 -5.000000e+000 -7.931364e+001
    endloop
  endfacet
  facet normal  7.162260e-001  2.614887e-001 -6.470270e-001
    outer loop
      vertex  1.946306e+001 -5.000000e+000 -7.931364e+001
      vertex  1.939100e+001  0.000000e+000 -7.737271e+001
      vertex  1.947268e+001  0.000000e+000 -7.728230e+001
    endloop
  endfacet
  facet normal  7.513011e-001  2.471622e-001 -6.119294e-001
    outer loop
      vertex  1.946306e+001 -5.000000e+000 -7.931364e+001
      vertex  1.947268e+001  0.000000e+000 -7.728230e+001
      vertex  1.954082e+001 -5.000000e+000 -7.921817e+001
    endloop
  endfacet
  facet normal  7.557094e-001  2.453896e-001 -6.071960e-001
    outer loop
      vertex  1.954082e+001 -5.000000e+000 -7.921817e+001
      vertex  1.947268e+001  0.000000e+000 -7.728230e+001
      vertex  1.954899e+001  0.000000e+000 -7.718732e+001
    endloop
  endfacet
  facet normal  7.887896e-001  2.301989e-001 -5.699293e-001
    outer loop
      vertex  1.954082e+001 -5.000000e+000 -7.921817e+001
      vertex  1.954899e+001  0.000000e+000 -7.718732e+001
      vertex  1.961293e+001 -5.000000e+000 -7.911837e+001
    endloop
  endfacet
  facet normal  7.925126e-001  2.285078e-001 -5.654272e-001
    outer loop
      vertex  1.961293e+001 -5.000000e+000 -7.911837e+001
      vertex  1.954899e+001  0.000000e+000 -7.718732e+001
      vertex  1.961976e+001  0.000000e+000 -7.708813e+001
    endloop
  endfacet
  facet normal  8.219929e-001  2.132899e-001 -5.280485e-001
    outer loop
      vertex  1.961293e+001 -5.000000e+000 -7.911837e+001
      vertex  1.961976e+001  0.000000e+000 -7.708813e+001
      vertex  1.967384e+001 -5.000000e+000 -7.902355e+001
    endloop
  endfacet
  facet normal  8.269986e-001  2.107036e-001 -5.212268e-001
    outer loop
      vertex  1.967384e+001 -5.000000e+000 -7.902355e+001
      vertex  1.961976e+001  0.000000e+000 -7.708813e+001
      vertex  1.968679e+001  0.000000e+000 -7.698177e+001
    endloop
  endfacet
  facet normal  8.512230e-001  1.965106e-001 -4.866241e-001
    outer loop
      vertex  1.967384e+001 -5.000000e+000 -7.902355e+001
      vertex  1.968679e+001  0.000000e+000 -7.698177e+001
      vertex  1.972978e+001 -5.000000e+000 -7.892570e+001
    endloop
  endfacet
  facet normal  8.589500e-001  1.919494e-001 -4.747213e-001
    outer loop
      vertex  1.972978e+001 -5.000000e+000 -7.892570e+001
      vertex  1.968679e+001  0.000000e+000 -7.698177e+001
      vertex  1.974761e+001  0.000000e+000 -7.687173e+001
    endloop
  endfacet
  facet normal  8.779420e-001  1.792405e-001 -4.439487e-001
    outer loop
      vertex  1.972978e+001 -5.000000e+000 -7.892570e+001
      vertex  1.974761e+001  0.000000e+000 -7.687173e+001
      vertex  1.978064e+001 -5.000000e+000 -7.882512e+001
    endloop
  endfacet
  facet normal  8.877816e-001  1.725635e-001 -4.266916e-001
    outer loop
      vertex  1.978064e+001 -5.000000e+000 -7.882512e+001
      vertex  1.974761e+001  0.000000e+000 -7.687173e+001
      vertex  1.980207e+001  0.000000e+000 -7.675842e+001
    endloop
  endfacet
  facet normal  9.020926e-001  1.615387e-001 -4.001675e-001
    outer loop
      vertex  1.978064e+001 -5.000000e+000 -7.882512e+001
      vertex  1.980207e+001  0.000000e+000 -7.675842e+001
      vertex  1.982635e+001 -5.000000e+000 -7.872208e+001
    endloop
  endfacet
  facet normal  9.134169e-001  1.526235e-001 -3.773272e-001
    outer loop
      vertex  1.982635e+001 -5.000000e+000 -7.872208e+001
      vertex  1.980207e+001  0.000000e+000 -7.675842e+001
      vertex  1.985008e+001  0.000000e+000 -7.664220e+001
    endloop
  endfacet
  facet normal  9.236411e-001  1.434533e-001 -3.553986e-001
    outer loop
      vertex  1.982635e+001 -5.000000e+000 -7.872208e+001
      vertex  1.985008e+001  0.000000e+000 -7.664220e+001
      vertex  1.986683e+001 -5.000000e+000 -7.861686e+001
    endloop
  endfacet
  facet normal  9.425074e-001  1.254815e-001 -3.097323e-001
    outer loop
      vertex  1.986683e+001 -5.000000e+000 -7.861686e+001
      vertex  1.985008e+001  0.000000e+000 -7.664220e+001
      vertex  1.990203e+001 -5.000000e+000 -7.850976e+001
    endloop
  endfacet
  facet normal  9.358423e-001  1.318036e-001 -3.268441e-001
    outer loop
      vertex  1.990203e+001 -5.000000e+000 -7.850976e+001
      vertex  1.985008e+001  0.000000e+000 -7.664220e+001
      vertex  1.989154e+001  0.000000e+000 -7.652350e+001
    endloop
  endfacet
  facet normal  9.557575e-001  1.103291e-001 -2.726812e-001
    outer loop
      vertex  1.990203e+001 -5.000000e+000 -7.850976e+001
      vertex  1.989154e+001  0.000000e+000 -7.652350e+001
      vertex  1.992059e+001 -5.000000e+000 -7.844471e+001
    endloop
  endfacet
  facet normal  9.548777e-001  1.113447e-001 -2.753376e-001
    outer loop
      vertex  1.992059e+001 -5.000000e+000 -7.844471e+001
      vertex  1.989154e+001  0.000000e+000 -7.652350e+001
      vertex  1.992637e+001  0.000000e+000 -7.640269e+001
    endloop
  endfacet
  facet normal  9.645805e-001  9.877849e-002 -2.445961e-001
    outer loop
      vertex  1.992059e+001 -5.000000e+000 -7.844471e+001
      vertex  1.992637e+001  0.000000e+000 -7.640269e+001
      vertex  1.993722e+001 -5.000000e+000 -7.837914e+001
    endloop
  endfacet
  facet normal  9.706271e-001  9.026115e-002 -2.230158e-001
    outer loop
      vertex  1.993722e+001 -5.000000e+000 -7.837914e+001
      vertex  1.992637e+001  0.000000e+000 -7.640269e+001
      vertex  1.995453e+001  0.000000e+000 -7.628015e+001
    endloop
  endfacet
  facet normal  9.759646e-001  8.147353e-002 -2.021268e-001
    outer loop
      vertex  1.993722e+001 -5.000000e+000 -7.837914e+001
      vertex  1.995453e+001  0.000000e+000 -7.628015e+001
      vertex  1.996465e+001 -5.000000e+000 -7.824667e+001
    endloop
  endfacet
  facet normal  9.876922e-001  5.897615e-002 -1.448655e-001
    outer loop
      vertex  1.996465e+001 -5.000000e+000 -7.824667e+001
      vertex  1.995453e+001  0.000000e+000 -7.628015e+001
      vertex  1.998428e+001 -5.000000e+000 -7.811285e+001
    endloop
  endfacet
  facet normal  9.830728e-001  6.818212e-002 -1.700564e-001
    outer loop
      vertex  1.998428e+001 -5.000000e+000 -7.811285e+001
      vertex  1.995453e+001  0.000000e+000 -7.628015e+001
      vertex  1.997596e+001  0.000000e+000 -7.615627e+001
    endloop
  endfacet
  facet normal  9.916429e-001  4.844159e-002 -1.195732e-001
    outer loop
      vertex  1.998428e+001 -5.000000e+000 -7.811285e+001
      vertex  1.997596e+001  0.000000e+000 -7.615627e+001
      vertex  1.998931e+001  0.000000e+000 -7.604556e+001
    endloop
  endfacet
  facet normal  9.955828e-001  3.501693e-002 -8.711349e-002
    outer loop
      vertex  1.998428e+001 -5.000000e+000 -7.811285e+001
      vertex  1.998931e+001  0.000000e+000 -7.604556e+001
      vertex  1.999607e+001 -5.000000e+000 -7.797811e+001
    endloop
  endfacet
  facet normal  9.969898e-001  2.912150e-002 -7.185559e-002
    outer loop
      vertex  1.999607e+001 -5.000000e+000 -7.797811e+001
      vertex  1.998931e+001  0.000000e+000 -7.604556e+001
      vertex  1.999733e+001  0.000000e+000 -7.593428e+001
    endloop
  endfacet
  facet normal  9.995098e-001  1.163007e-002 -2.906634e-002
    outer loop
      vertex  1.999607e+001 -5.000000e+000 -7.797811e+001
      vertex  1.999733e+001  0.000000e+000 -7.593428e+001
      vertex  2.000000e+001 -5.000000e+000 -7.784293e+001
    endloop
  endfacet
  facet normal  9.996655e-001  9.688203e-003 -2.397911e-002
    outer loop
      vertex  2.000000e+001 -5.000000e+000 -7.784293e+001
      vertex  1.999733e+001  0.000000e+000 -7.593428e+001
      vertex  2.000000e+001  0.000000e+000 -7.582280e+001
    endloop
  endfacet
  facet normal -9.311339e-001 -2.277677e-005 -3.646776e-001
    outer loop
      vertex  9.679445e+000 -1.760137e+000 -7.723853e+001
      vertex  9.677436e+000 -5.000000e+000 -7.723319e+001
      vertex  9.630798e+000 -1.329819e+000 -7.711434e+001
    endloop
  endfacet
  facet normal -9.284126e-001  2.343755e-004 -3.715508e-001
    outer loop
      vertex  9.630798e+000 -1.329819e+000 -7.711434e+001
      vertex  9.677436e+000 -5.000000e+000 -7.723319e+001
      vertex  9.604951e+000 -5.000000e+000 -7.705207e+001
    endloop
  endfacet
  facet normal -9.211444e-001 -1.166166e-004 -3.892210e-001
    outer loop
      vertex  9.630798e+000 -1.329819e+000 -7.711434e+001
      vertex  9.604951e+000 -5.000000e+000 -7.705207e+001
      vertex  9.578336e+000 -9.000391e-001 -7.699031e+001
    endloop
  endfacet
  facet normal -9.132161e-001  2.098295e-004 -4.074756e-001
    outer loop
      vertex  9.578336e+000 -9.000391e-001 -7.699031e+001
      vertex  9.604951e+000 -5.000000e+000 -7.705207e+001
      vertex  9.525455e+000 -5.000000e+000 -7.687391e+001
    endloop
  endfacet
  facet normal -9.101412e-001 -2.353043e-005 -4.142982e-001
    outer loop
      vertex  9.578336e+000 -9.000391e-001 -7.699031e+001
      vertex  9.525455e+000 -5.000000e+000 -7.687391e+001
      vertex  9.521949e+000 -4.708814e-001 -7.686646e+001
    endloop
  endfacet
  facet normal -8.966200e-001  3.379912e-005 -4.428008e-001
    outer loop
      vertex  9.521949e+000 -4.708814e-001 -7.686646e+001
      vertex  9.525455e+000 -5.000000e+000 -7.687391e+001
      vertex  9.439071e+000 -5.000000e+000 -7.669899e+001
    endloop
  endfacet
  facet normal -8.976525e-001  1.302272e-004 -4.407039e-001
    outer loop
      vertex  9.521949e+000 -4.708814e-001 -7.686646e+001
      vertex  9.439071e+000 -5.000000e+000 -7.669899e+001
      vertex  9.455299e+000  0.000000e+000 -7.673057e+001
    endloop
  endfacet
  facet normal -8.786654e-001 -1.633983e-004 -4.774380e-001
    outer loop
      vertex  9.455299e+000  0.000000e+000 -7.673057e+001
      vertex  9.439071e+000 -5.000000e+000 -7.669899e+001
      vertex  9.345928e+000 -5.000000e+000 -7.652757e+001
    endloop
  endfacet
  facet normal -8.819716e-001  1.580181e-004 -4.713025e-001
    outer loop
      vertex  9.455299e+000  0.000000e+000 -7.673057e+001
      vertex  9.345928e+000 -5.000000e+000 -7.652757e+001
      vertex  9.362757e+000  0.000000e+000 -7.655739e+001
    endloop
  endfacet
  facet normal -8.593742e-001 -1.568302e-004 -5.113472e-001
    outer loop
      vertex  9.362757e+000  0.000000e+000 -7.655739e+001
      vertex  9.345928e+000 -5.000000e+000 -7.652757e+001
      vertex  9.246169e+000 -5.000000e+000 -7.635992e+001
    endloop
  endfacet
  facet normal -8.627943e-001  1.516745e-004 -5.055551e-001
    outer loop
      vertex  9.362757e+000  0.000000e+000 -7.655739e+001
      vertex  9.246169e+000 -5.000000e+000 -7.635992e+001
      vertex  9.263486e+000  0.000000e+000 -7.638797e+001
    endloop
  endfacet
  facet normal -8.387709e-001 -1.499467e-004 -5.444844e-001
    outer loop
      vertex  9.263486e+000  0.000000e+000 -7.638797e+001
      vertex  9.246169e+000 -5.000000e+000 -7.635992e+001
      vertex  9.139946e+000 -5.000000e+000 -7.619628e+001
    endloop
  endfacet
  facet normal -8.422675e-001  1.444177e-004 -5.390598e-001
    outer loop
      vertex  9.263486e+000  0.000000e+000 -7.638797e+001
      vertex  9.139946e+000 -5.000000e+000 -7.619628e+001
      vertex  9.157640e+000  0.000000e+000 -7.622259e+001
    endloop
  endfacet
  facet normal -8.168975e-001 -1.438302e-004 -5.767830e-001
    outer loop
      vertex  9.157640e+000  0.000000e+000 -7.622259e+001
      vertex  9.139946e+000 -5.000000e+000 -7.619628e+001
      vertex  9.027420e+000 -5.000000e+000 -7.603691e+001
    endloop
  endfacet
  facet normal -8.204694e-001  1.383123e-004 -5.716904e-001
    outer loop
      vertex  9.157640e+000  0.000000e+000 -7.622259e+001
      vertex  9.027420e+000 -5.000000e+000 -7.603691e+001
      vertex  9.045381e+000  0.000000e+000 -7.606148e+001
    endloop
  endfacet
  facet normal -7.937628e-001 -1.371396e-004 -6.082276e-001
    outer loop
      vertex  9.045381e+000  0.000000e+000 -7.606148e+001
      vertex  9.027420e+000 -5.000000e+000 -7.603691e+001
      vertex  8.908762e+000 -5.000000e+000 -7.588206e+001
    endloop
  endfacet
  facet normal -7.973791e-001  1.320732e-004 -6.034788e-001
    outer loop
      vertex  9.045381e+000  0.000000e+000 -7.606148e+001
      vertex  8.908762e+000 -5.000000e+000 -7.588206e+001
      vertex  8.926884e+000  0.000000e+000 -7.590491e+001
    endloop
  endfacet
  facet normal -7.694356e-001 -1.302761e-004 -6.387244e-001
    outer loop
      vertex  8.926884e+000  0.000000e+000 -7.590491e+001
      vertex  8.908762e+000 -5.000000e+000 -7.588206e+001
      vertex  8.784154e+000 -5.000000e+000 -7.573195e+001
    endloop
  endfacet
  facet normal -7.730623e-001  1.252640e-004 -6.343300e-001
    outer loop
      vertex  8.926884e+000  0.000000e+000 -7.590491e+001
      vertex  8.784154e+000 -5.000000e+000 -7.573195e+001
      vertex  8.802330e+000  0.000000e+000 -7.575311e+001
    endloop
  endfacet
  facet normal -7.439345e-001 -1.242087e-004 -6.682525e-001
    outer loop
      vertex  8.802330e+000  0.000000e+000 -7.575311e+001
      vertex  8.784154e+000 -5.000000e+000 -7.573195e+001
      vertex  8.653785e+000 -5.000000e+000 -7.558681e+001
    endloop
  endfacet
  facet normal -7.475631e-001  1.186839e-004 -6.641908e-001
    outer loop
      vertex  8.802330e+000  0.000000e+000 -7.575311e+001
      vertex  8.653785e+000 -5.000000e+000 -7.558681e+001
      vertex  8.671911e+000  0.000000e+000 -7.560632e+001
    endloop
  endfacet
  facet normal -7.173002e-001 -1.181188e-004 -6.967642e-001
    outer loop
      vertex  8.671911e+000  0.000000e+000 -7.560632e+001
      vertex  8.653785e+000 -5.000000e+000 -7.558681e+001
      vertex  8.517853e+000 -5.000000e+000 -7.544688e+001
    endloop
  endfacet
  facet normal -7.209296e-001  1.134778e-004 -6.930084e-001
    outer loop
      vertex  8.671911e+000  0.000000e+000 -7.560632e+001
      vertex  8.517853e+000 -5.000000e+000 -7.544688e+001
      vertex  8.535830e+000  0.000000e+000 -7.546476e+001
    endloop
  endfacet
  facet normal -6.895751e-001 -1.108712e-004 -7.242142e-001
    outer loop
      vertex  8.535830e+000  0.000000e+000 -7.546476e+001
      vertex  8.517853e+000 -5.000000e+000 -7.544688e+001
      vertex  8.376566e+000 -5.000000e+000 -7.531235e+001
    endloop
  endfacet
  facet normal -6.931366e-001  1.064538e-004 -7.208062e-001
    outer loop
      vertex  8.535830e+000  0.000000e+000 -7.546476e+001
      vertex  8.376566e+000 -5.000000e+000 -7.531235e+001
      vertex  8.394297e+000  0.000000e+000 -7.532866e+001
    endloop
  endfacet
  facet normal -6.608150e-001 -1.051932e-004 -7.505488e-001
    outer loop
      vertex  8.394297e+000  0.000000e+000 -7.532866e+001
      vertex  8.376566e+000 -5.000000e+000 -7.531235e+001
      vertex  8.230138e+000 -5.000000e+000 -7.518343e+001
    endloop
  endfacet
  facet normal -6.643228e-001  1.001098e-004 -7.474458e-001
    outer loop
      vertex  8.394297e+000  0.000000e+000 -7.532866e+001
      vertex  8.230138e+000 -5.000000e+000 -7.518343e+001
      vertex  8.247527e+000  0.000000e+000 -7.519821e+001
    endloop
  endfacet
  facet normal -6.310009e-001 -9.957406e-005 -7.757820e-001
    outer loop
      vertex  8.247527e+000  0.000000e+000 -7.519821e+001
      vertex  8.230138e+000 -5.000000e+000 -7.518343e+001
      vertex  8.078793e+000 -5.000000e+000 -7.506033e+001
    endloop
  endfacet
  facet normal -6.344309e-001  9.346421e-005 -7.729796e-001
    outer loop
      vertex  8.247527e+000  0.000000e+000 -7.519821e+001
      vertex  8.078793e+000 -5.000000e+000 -7.506033e+001
      vertex  8.095750e+000  0.000000e+000 -7.507364e+001
    endloop
  endfacet
  facet normal -6.002596e-001 -9.385374e-005 -7.998052e-001
    outer loop
      vertex  8.095750e+000  0.000000e+000 -7.507364e+001
      vertex  8.078793e+000 -5.000000e+000 -7.506033e+001
      vertex  7.922760e+000 -5.000000e+000 -7.494322e+001
    endloop
  endfacet
  facet normal -6.036325e-001  8.915483e-005 -7.972628e-001
    outer loop
      vertex  8.095750e+000  0.000000e+000 -7.507364e+001
      vertex  7.922760e+000 -5.000000e+000 -7.494322e+001
      vertex  7.939198e+000  0.000000e+000 -7.495511e+001
    endloop
  endfacet
  facet normal -5.686145e-001 -8.621481e-005 -8.226041e-001
    outer loop
      vertex  7.939198e+000  0.000000e+000 -7.495511e+001
      vertex  7.922760e+000 -5.000000e+000 -7.494322e+001
      vertex  7.762278e+000 -5.000000e+000 -7.483229e+001
    endloop
  endfacet
  facet normal -5.718281e-001  8.228954e-005 -8.203734e-001
    outer loop
      vertex  7.939198e+000  0.000000e+000 -7.495511e+001
      vertex  7.762278e+000 -5.000000e+000 -7.483229e+001
      vertex  7.778113e+000  0.000000e+000 -7.484283e+001
    endloop
  endfacet
  facet normal -5.361097e-001 -8.093224e-005 -8.441484e-001
    outer loop
      vertex  7.778113e+000  0.000000e+000 -7.484283e+001
      vertex  7.762278e+000 -5.000000e+000 -7.483229e+001
      vertex  7.597590e+000 -5.000000e+000 -7.472770e+001
    endloop
  endfacet
  facet normal -5.391860e-001  7.530519e-005 -8.421867e-001
    outer loop
      vertex  7.778113e+000  0.000000e+000 -7.484283e+001
      vertex  7.597590e+000 -5.000000e+000 -7.472770e+001
      vertex  7.612743e+000  0.000000e+000 -7.473695e+001
    endloop
  endfacet
  facet normal -5.027283e-001 -7.638295e-005 -8.644444e-001
    outer loop
      vertex  7.612743e+000  0.000000e+000 -7.473695e+001
      vertex  7.597590e+000 -5.000000e+000 -7.472770e+001
      vertex  7.428948e+000 -5.000000e+000 -7.462962e+001
    endloop
  endfacet
  facet normal -5.057240e-001  7.128000e-005 -8.626953e-001
    outer loop
      vertex  7.612743e+000  0.000000e+000 -7.473695e+001
      vertex  7.428948e+000 -5.000000e+000 -7.462962e+001
      vertex  7.443344e+000  0.000000e+000 -7.463765e+001
    endloop
  endfacet
  facet normal -4.686558e-001 -6.865309e-005 -8.833808e-001
    outer loop
      vertex  7.443344e+000  0.000000e+000 -7.463765e+001
      vertex  7.428948e+000 -5.000000e+000 -7.462962e+001
      vertex  7.256608e+000 -5.000000e+000 -7.453819e+001
    endloop
  endfacet
  facet normal -4.714270e-001  6.419761e-005 -8.819051e-001
    outer loop
      vertex  7.443344e+000  0.000000e+000 -7.463765e+001
      vertex  7.256608e+000 -5.000000e+000 -7.453819e+001
      vertex  7.270177e+000  0.000000e+000 -7.454508e+001
    endloop
  endfacet
  facet normal -4.338165e-001 -6.418072e-005 -9.010013e-001
    outer loop
      vertex  7.270177e+000  0.000000e+000 -7.454508e+001
      vertex  7.256608e+000 -5.000000e+000 -7.453819e+001
      vertex  7.080832e+000 -5.000000e+000 -7.445356e+001
    endloop
  endfacet
  facet normal -4.364527e-001  5.897074e-005 -8.997272e-001
    outer loop
      vertex  7.270177e+000  0.000000e+000 -7.454508e+001
      vertex  7.080832e+000 -5.000000e+000 -7.445356e+001
      vertex  7.093508e+000  0.000000e+000 -7.445938e+001
    endloop
  endfacet
  facet normal -3.983451e-001 -5.802179e-005 -9.172356e-001
    outer loop
      vertex  7.093508e+000  0.000000e+000 -7.445938e+001
      vertex  7.080832e+000 -5.000000e+000 -7.445356e+001
      vertex  6.901889e+000 -5.000000e+000 -7.437585e+001
    endloop
  endfacet
  facet normal -4.007852e-001  5.325819e-005 -9.161720e-001
    outer loop
      vertex  7.093508e+000  0.000000e+000 -7.445938e+001
      vertex  6.901889e+000 -5.000000e+000 -7.437585e+001
      vertex  6.913611e+000  0.000000e+000 -7.438068e+001
    endloop
  endfacet
  facet normal -3.622848e-001 -5.237653e-005 -9.320675e-001
    outer loop
      vertex  6.913611e+000  0.000000e+000 -7.438068e+001
      vertex  6.901889e+000 -5.000000e+000 -7.437585e+001
      vertex  6.720051e+000 -5.000000e+000 -7.430517e+001
    endloop
  endfacet
  facet normal -3.645300e-001  4.776800e-005 -9.311917e-001
    outer loop
      vertex  6.913611e+000  0.000000e+000 -7.438068e+001
      vertex  6.720051e+000 -5.000000e+000 -7.430517e+001
      vertex  6.730762e+000  0.000000e+000 -7.430910e+001
    endloop
  endfacet
  facet normal -3.256068e-001 -4.688840e-005 -9.455053e-001
    outer loop
      vertex  6.730762e+000  0.000000e+000 -7.430910e+001
      vertex  6.720051e+000 -5.000000e+000 -7.430517e+001
      vertex  6.535593e+000 -5.000000e+000 -7.424165e+001
    endloop
  endfacet
  facet normal -3.276607e-001  4.286190e-005 -9.447954e-001
    outer loop
      vertex  6.730762e+000  0.000000e+000 -7.430910e+001
      vertex  6.535593e+000 -5.000000e+000 -7.424165e+001
      vertex  6.545245e+000  0.000000e+000 -7.424477e+001
    endloop
  endfacet
  facet normal -2.884933e-001 -4.066166e-005 -9.574819e-001
    outer loop
      vertex  6.545245e+000  0.000000e+000 -7.424477e+001
      vertex  6.535593e+000 -5.000000e+000 -7.424165e+001
      vertex  6.348798e+000 -5.000000e+000 -7.418536e+001
    endloop
  endfacet
  facet normal -2.902849e-001  3.616499e-005 -9.569402e-001
    outer loop
      vertex  6.545245e+000  0.000000e+000 -7.424477e+001
      vertex  6.348798e+000 -5.000000e+000 -7.418536e+001
      vertex  6.357344e+000  0.000000e+000 -7.418777e+001
    endloop
  endfacet
  facet normal -2.509477e-001 -3.638176e-005 -9.680007e-001
    outer loop
      vertex  6.357344e+000  0.000000e+000 -7.418777e+001
      vertex  6.348798e+000 -5.000000e+000 -7.418536e+001
      vertex  6.159949e+000 -5.000000e+000 -7.413641e+001
    endloop
  endfacet
  facet normal -2.525158e-001  2.971716e-005 -9.675928e-001
    outer loop
      vertex  6.357344e+000  0.000000e+000 -7.418777e+001
      vertex  6.159949e+000 -5.000000e+000 -7.413641e+001
      vertex  6.167349e+000  0.000000e+000 -7.413818e+001
    endloop
  endfacet
  facet normal -2.129395e-001 -3.222382e-005 -9.770653e-001
    outer loop
      vertex  6.167349e+000  0.000000e+000 -7.413818e+001
      vertex  6.159949e+000 -5.000000e+000 -7.413641e+001
      vertex  5.969335e+000 -5.000000e+000 -7.409486e+001
    endloop
  endfacet
  facet normal -2.143590e-001  2.668032e-005 -9.767549e-001
    outer loop
      vertex  6.167349e+000  0.000000e+000 -7.413818e+001
      vertex  5.969335e+000 -5.000000e+000 -7.409486e+001
      vertex  5.975554e+000  0.000000e+000 -7.409609e+001
    endloop
  endfacet
  facet normal -1.746913e-001 -2.459439e-005 -9.846233e-001
    outer loop
      vertex  5.975554e+000  0.000000e+000 -7.409609e+001
      vertex  5.969335e+000 -5.000000e+000 -7.409486e+001
      vertex  5.777245e+000 -5.000000e+000 -7.406078e+001
    endloop
  endfacet
  facet normal -1.758167e-001  2.145548e-005 -9.844229e-001
    outer loop
      vertex  5.975554e+000  0.000000e+000 -7.409609e+001
      vertex  5.777245e+000 -5.000000e+000 -7.406078e+001
      vertex  5.782255e+000  0.000000e+000 -7.406157e+001
    endloop
  endfacet
  facet normal -1.361703e-001 -1.925553e-005 -9.906855e-001
    outer loop
      vertex  5.782255e+000  0.000000e+000 -7.406157e+001
      vertex  5.777245e+000 -5.000000e+000 -7.406078e+001
      vertex  5.583972e+000 -5.000000e+000 -7.403422e+001
    endloop
  endfacet
  facet normal -1.370016e-001  1.433990e-005 -9.905708e-001
    outer loop
      vertex  5.782255e+000  0.000000e+000 -7.406157e+001
      vertex  5.583972e+000 -5.000000e+000 -7.403422e+001
      vertex  5.587749e+000  0.000000e+000 -7.403467e+001
    endloop
  endfacet
  facet normal -9.737656e-002 -1.602166e-005 -9.952476e-001
    outer loop
      vertex  5.587749e+000  0.000000e+000 -7.403467e+001
      vertex  5.583972e+000 -5.000000e+000 -7.403422e+001
      vertex  5.389809e+000 -5.000000e+000 -7.401522e+001
    endloop
  endfacet
  facet normal -9.802997e-002  1.009528e-005 -9.951835e-001
    outer loop
      vertex  5.587749e+000  0.000000e+000 -7.403467e+001
      vertex  5.389809e+000 -5.000000e+000 -7.401522e+001
      vertex  5.392337e+000  0.000000e+000 -7.401542e+001
    endloop
  endfacet
  facet normal -5.850423e-002 -1.001735e-005 -9.982871e-001
    outer loop
      vertex  5.392337e+000  0.000000e+000 -7.401542e+001
      vertex  5.389809e+000 -5.000000e+000 -7.401522e+001
      vertex  5.195053e+000 -5.000000e+000 -7.400381e+001
    endloop
  endfacet
  facet normal -5.890338e-002  5.786225e-006 -9.982637e-001
    outer loop
      vertex  5.392337e+000  0.000000e+000 -7.401542e+001
      vertex  5.195053e+000 -5.000000e+000 -7.400381e+001
      vertex  5.196320e+000  0.000000e+000 -7.400385e+001
    endloop
  endfacet
  facet normal -1.951439e-002 -4.208754e-006 -9.998096e-001
    outer loop
      vertex  5.196320e+000  0.000000e+000 -7.400385e+001
      vertex  5.195053e+000 -5.000000e+000 -7.400381e+001
      vertex  5.000000e+000 -5.000000e+000 -7.400000e+001
    endloop
  endfacet
  facet normal -1.962154e-002  0.000000e+000 -9.998075e-001
    outer loop
      vertex  5.196320e+000  0.000000e+000 -7.400385e+001
      vertex  5.000000e+000 -5.000000e+000 -7.400000e+001
      vertex  5.000000e+000  0.000000e+000 -7.400000e+001
    endloop
  endfacet
  facet normal -9.458797e-001 -2.371579e-005 -3.245175e-001
    outer loop
      vertex  9.744904e+000 -2.400516e+000 -7.742333e+001
      vertex  9.742799e+000 -5.000000e+000 -7.741701e+001
      vertex  9.713181e+000 -2.080207e+000 -7.733089e+001
    endloop
  endfacet
  facet normal -9.422041e-001  3.238816e-004 -3.350392e-001
    outer loop
      vertex  9.713181e+000 -2.080207e+000 -7.733089e+001
      vertex  9.742799e+000 -5.000000e+000 -7.741701e+001
      vertex  9.677436e+000 -5.000000e+000 -7.723319e+001
    endloop
  endfacet
  facet normal -9.392909e-001  1.776453e-005 -3.431215e-001
    outer loop
      vertex  9.713181e+000 -2.080207e+000 -7.733089e+001
      vertex  9.677436e+000 -5.000000e+000 -7.723319e+001
      vertex  9.679445e+000 -1.760137e+000 -7.723853e+001
    endloop
  endfacet
  facet normal -9.579458e-001 -4.088844e-005 -2.869494e-001
    outer loop
      vertex  9.803437e+000 -3.053735e+000 -7.761184e+001
      vertex  9.800942e+000 -5.000000e+000 -7.760323e+001
      vertex  9.775181e+000 -2.727018e+000 -7.751756e+001
    endloop
  endfacet
  facet normal -9.545557e-001  4.152915e-004 -2.980323e-001
    outer loop
      vertex  9.775181e+000 -2.727018e+000 -7.751756e+001
      vertex  9.800942e+000 -5.000000e+000 -7.760323e+001
      vertex  9.742799e+000 -5.000000e+000 -7.741701e+001
    endloop
  endfacet
  facet normal -9.520276e-001  2.628783e-005 -3.060119e-001
    outer loop
      vertex  9.775181e+000 -2.727018e+000 -7.751756e+001
      vertex  9.742799e+000 -5.000000e+000 -7.741701e+001
      vertex  9.744904e+000 -2.400516e+000 -7.742333e+001
    endloop
  endfacet
  facet normal -9.828315e-001  1.298403e-004 -1.845058e-001
    outer loop
      vertex  9.931219e+000 -5.000000e+000 -7.817352e+001
      vertex  9.895224e+000 -5.000000e+000 -7.798177e+001
      vertex  9.896120e+000 -4.350561e+000 -7.798609e+001
    endloop
  endfacet
  facet normal -9.748846e-001 -1.351584e-004 -2.227104e-001
    outer loop
      vertex  9.896120e+000 -4.350561e+000 -7.798609e+001
      vertex  9.895224e+000 -5.000000e+000 -7.798177e+001
      vertex  9.851776e+000 -5.000000e+000 -7.779159e+001
    endloop
  endfacet
  facet normal -9.750648e-001  1.137550e-004 -2.219203e-001
    outer loop
      vertex  9.896120e+000 -4.350561e+000 -7.798609e+001
      vertex  9.851776e+000 -5.000000e+000 -7.779159e+001
      vertex  9.853582e+000 -3.701785e+000 -7.779886e+001
    endloop
  endfacet
  facet normal -9.654574e-001 -1.160221e-004 -2.605607e-001
    outer loop
      vertex  9.853582e+000 -3.701785e+000 -7.779886e+001
      vertex  9.851776e+000 -5.000000e+000 -7.779159e+001
      vertex  9.800942e+000 -5.000000e+000 -7.760323e+001
    endloop
  endfacet
  facet normal -9.658033e-001  9.154828e-005 -2.592763e-001
    outer loop
      vertex  9.853582e+000 -3.701785e+000 -7.779886e+001
      vertex  9.800942e+000 -5.000000e+000 -7.760323e+001
      vertex  9.803437e+000 -3.053735e+000 -7.761184e+001
    endloop
  endfacet
  facet normal -6.392735e-001  1.634079e-001 -7.514169e-001
    outer loop
      vertex  1.005971e+001  0.000000e+000 -7.748772e+001
      vertex  9.976542e+000 -1.063345e+000 -7.764820e+001
      vertex  1.000834e+001  0.000000e+000 -7.744401e+001
    endloop
  endfacet
  facet normal -6.719533e-001  1.589908e-001 -7.233263e-001
    outer loop
      vertex  9.909857e+000  0.000000e+000 -7.735252e+001
      vertex  1.000834e+001  0.000000e+000 -7.744401e+001
      vertex  9.976542e+000 -1.063345e+000 -7.764820e+001
    endloop
  endfacet
  facet normal -7.137578e-001  1.457298e-001 -6.850640e-001
    outer loop
      vertex  9.909857e+000  0.000000e+000 -7.735252e+001
      vertex  9.976542e+000 -1.063345e+000 -7.764820e+001
      vertex  9.817210e+000  0.000000e+000 -7.725600e+001
    endloop
  endfacet
  facet normal -9.093863e-001  9.277664e-002 -4.054737e-001
    outer loop
      vertex  9.989753e+000 -3.835877e+000 -7.821989e+001
      vertex  1.012920e+001 -5.000000e+000 -7.879900e+001
      vertex  1.007531e+001 -5.000000e+000 -7.867814e+001
    endloop
  endfacet
  facet normal -9.327225e-001  7.064483e-002 -3.536071e-001
    outer loop
      vertex  1.007531e+001 -5.000000e+000 -7.867814e+001
      vertex  1.002854e+001 -5.000000e+000 -7.855478e+001
      vertex  9.989753e+000 -3.835877e+000 -7.821989e+001
    endloop
  endfacet
  facet normal -9.812517e-001  2.583956e-003 -1.927136e-001
    outer loop
      vertex  9.931219e+000 -5.000000e+000 -7.817352e+001
      vertex  9.896120e+000 -4.350561e+000 -7.798609e+001
      vertex  9.956474e+000 -5.000000e+000 -7.830211e+001
    endloop
  endfacet
  facet normal -9.283905e-002  3.631648e-001 -9.270880e-001
    outer loop
      vertex  1.168012e+001 -1.936979e+000 -7.876246e+001
      vertex  1.171403e+001 -2.213073e+000 -7.887401e+001
      vertex  1.135857e+001 -2.392812e+000 -7.890882e+001
    endloop
  endfacet
  facet normal -9.204803e-002  3.626916e-001 -9.273521e-001
    outer loop
      vertex  1.135857e+001 -2.392812e+000 -7.890882e+001
      vertex  1.164418e+001 -1.661041e+000 -7.865097e+001
      vertex  1.168012e+001 -1.936979e+000 -7.876246e+001
    endloop
  endfacet
  facet normal -9.187367e-001  3.406921e-002 -3.933983e-001
    outer loop
      vertex  9.863973e+000 -2.060520e+000 -7.766720e+001
      vertex  9.803437e+000 -3.053735e+000 -7.761184e+001
      vertex  9.775181e+000 -2.727018e+000 -7.751756e+001
    endloop
  endfacet
  facet normal -9.147396e-001  3.142132e-002 -4.028201e-001
    outer loop
      vertex  9.863973e+000 -2.060520e+000 -7.766720e+001
      vertex  9.775181e+000 -2.727018e+000 -7.751756e+001
      vertex  9.744904e+000 -2.400516e+000 -7.742333e+001
    endloop
  endfacet
  facet normal -8.878397e-002  3.615527e-001 -9.281147e-001
    outer loop
      vertex  1.125971e+001 -1.507289e+000 -7.855384e+001
      vertex  1.152318e+001 -8.295857e-001 -7.831504e+001
      vertex  1.158607e+001 -1.245107e+000 -7.848293e+001
    endloop
  endfacet
  facet normal -1.465731e-001  3.489112e-001 -9.256226e-001
    outer loop
      vertex  1.114285e+001 -6.453675e-001 -7.820826e+001
      vertex  1.101950e+001  0.000000e+000 -7.794546e+001
      vertex  1.113922e+001  0.000000e+000 -7.796442e+001
    endloop
  endfacet
  facet normal -8.882356e-002  3.516150e-001 -9.319213e-001
    outer loop
      vertex  1.114285e+001 -6.453675e-001 -7.820826e+001
      vertex  1.113922e+001  0.000000e+000 -7.796442e+001
      vertex  1.126041e+001  0.000000e+000 -7.797597e+001
    endloop
  endfacet
  facet normal -2.995876e-002  3.433429e-001 -9.387322e-001
    outer loop
      vertex  1.114285e+001 -6.453675e-001 -7.820826e+001
      vertex  1.126041e+001  0.000000e+000 -7.797597e+001
      vertex  1.138257e+001  0.000000e+000 -7.797987e+001
    endloop
  endfacet
  facet normal -8.511218e-002  3.603587e-001 -9.289228e-001
    outer loop
      vertex  1.114285e+001 -6.453675e-001 -7.820826e+001
      vertex  1.138257e+001  0.000000e+000 -7.797987e+001
      vertex  1.145539e+001 -4.145283e-001 -7.814735e+001
    endloop
  endfacet
  facet normal -8.577009e-002  3.611522e-001 -9.285541e-001
    outer loop
      vertex  1.114285e+001 -6.453675e-001 -7.820826e+001
      vertex  1.145539e+001 -4.145283e-001 -7.814735e+001
      vertex  1.152318e+001 -8.295857e-001 -7.831504e+001
    endloop
  endfacet
  facet normal -8.603562e-002  3.606932e-001 -9.287080e-001
    outer loop
      vertex  1.114285e+001 -6.453675e-001 -7.820826e+001
      vertex  1.152318e+001 -8.295857e-001 -7.831504e+001
      vertex  1.125971e+001 -1.507289e+000 -7.855384e+001
    endloop
  endfacet
  facet normal -3.133325e-001  3.083496e-001 -8.981889e-001
    outer loop
      vertex  1.081193e+001 -7.254986e-001 -7.814455e+001
      vertex  1.067335e+001  0.000000e+000 -7.784715e+001
      vertex  1.078618e+001  0.000000e+000 -7.788651e+001
    endloop
  endfacet
  facet normal -2.597800e-001  3.154135e-001 -9.127041e-001
    outer loop
      vertex  1.081193e+001 -7.254986e-001 -7.814455e+001
      vertex  1.078618e+001  0.000000e+000 -7.788651e+001
      vertex  1.090168e+001  0.000000e+000 -7.791938e+001
    endloop
  endfacet
  facet normal -2.052338e-001  3.131811e-001 -9.272522e-001
    outer loop
      vertex  1.081193e+001 -7.254986e-001 -7.814455e+001
      vertex  1.090168e+001  0.000000e+000 -7.791938e+001
      vertex  1.101950e+001  0.000000e+000 -7.794546e+001
    endloop
  endfacet
  facet normal -2.537074e-001  3.228155e-001 -9.118238e-001
    outer loop
      vertex  1.081193e+001 -7.254986e-001 -7.814455e+001
      vertex  1.101950e+001  0.000000e+000 -7.794546e+001
      vertex  1.114285e+001 -6.453675e-001 -7.820826e+001
    endloop
  endfacet
  facet normal -4.627408e-001  2.600777e-001 -8.474848e-001
    outer loop
      vertex  1.050117e+001 -8.239166e-001 -7.802737e+001
      vertex  1.036653e+001  0.000000e+000 -7.770101e+001
      vertex  1.045692e+001  0.000000e+000 -7.775037e+001
    endloop
  endfacet
  facet normal -4.176038e-001  2.693305e-001 -8.677951e-001
    outer loop
      vertex  1.050117e+001 -8.239166e-001 -7.802737e+001
      vertex  1.045692e+001  0.000000e+000 -7.775037e+001
      vertex  1.056351e+001  0.000000e+000 -7.780166e+001
    endloop
  endfacet
  facet normal -3.682376e-001  2.714645e-001 -8.892177e-001
    outer loop
      vertex  1.050117e+001 -8.239166e-001 -7.802737e+001
      vertex  1.056351e+001  0.000000e+000 -7.780166e+001
      vertex  1.067335e+001  0.000000e+000 -7.784715e+001
    endloop
  endfacet
  facet normal -4.144709e-001  2.762896e-001 -8.671089e-001
    outer loop
      vertex  1.050117e+001 -8.239166e-001 -7.802737e+001
      vertex  1.067335e+001  0.000000e+000 -7.784715e+001
      vertex  1.081193e+001 -7.254986e-001 -7.814455e+001
    endloop
  endfacet
  facet normal -6.941952e-001  1.602049e-001 -7.017318e-001
    outer loop
      vertex  1.021990e+001 -9.376695e-001 -7.786025e+001
      vertex  9.976542e+000 -1.063345e+000 -7.764820e+001
      vertex  1.005971e+001  0.000000e+000 -7.748772e+001
    endloop
  endfacet
  facet normal -6.128174e-001  1.991334e-001 -7.647227e-001
    outer loop
      vertex  1.021990e+001 -9.376695e-001 -7.786025e+001
      vertex  1.005971e+001  0.000000e+000 -7.748772e+001
      vertex  1.011248e+001  0.000000e+000 -7.753001e+001
    endloop
  endfacet
  facet normal -5.824821e-001  2.098514e-001 -7.852878e-001
    outer loop
      vertex  1.021990e+001 -9.376695e-001 -7.786025e+001
      vertex  1.011248e+001  0.000000e+000 -7.753001e+001
      vertex  1.019420e+001  0.000000e+000 -7.759062e+001
    endloop
  endfacet
  facet normal -5.453334e-001  2.178103e-001 -8.094258e-001
    outer loop
      vertex  1.021990e+001 -9.376695e-001 -7.786025e+001
      vertex  1.019420e+001  0.000000e+000 -7.759062e+001
      vertex  1.027892e+001  0.000000e+000 -7.764770e+001
    endloop
  endfacet
  facet normal -5.070248e-001  2.207826e-001 -8.331752e-001
    outer loop
      vertex  1.021990e+001 -9.376695e-001 -7.786025e+001
      vertex  1.027892e+001  0.000000e+000 -7.764770e+001
      vertex  1.036653e+001  0.000000e+000 -7.770101e+001
    endloop
  endfacet
  facet normal -5.630436e-001  2.231820e-001 -7.957209e-001
    outer loop
      vertex  1.021990e+001 -9.376695e-001 -7.786025e+001
      vertex  1.036653e+001  0.000000e+000 -7.770101e+001
      vertex  1.050117e+001 -8.239166e-001 -7.802737e+001
    endloop
  endfacet
  facet normal -9.159896e-001  3.405845e-002 -3.997538e-001
    outer loop
      vertex  9.778402e+000 -1.197173e+000 -7.739757e+001
      vertex  9.863973e+000 -2.060520e+000 -7.766720e+001
      vertex  9.744904e+000 -2.400516e+000 -7.742333e+001
    endloop
  endfacet
  facet normal -9.027926e-001  3.431094e-002 -4.287053e-001
    outer loop
      vertex  9.778402e+000 -1.197173e+000 -7.739757e+001
      vertex  9.744904e+000 -2.400516e+000 -7.742333e+001
      vertex  9.713181e+000 -2.080207e+000 -7.733089e+001
    endloop
  endfacet
  facet normal -8.966698e-001  3.289443e-002 -4.414764e-001
    outer loop
      vertex  9.778402e+000 -1.197173e+000 -7.739757e+001
      vertex  9.713181e+000 -2.080207e+000 -7.733089e+001
      vertex  9.679445e+000 -1.760137e+000 -7.723853e+001
    endloop
  endfacet
  facet normal -8.919833e-001  2.934769e-002 -4.511148e-001
    outer loop
      vertex  9.778402e+000 -1.197173e+000 -7.739757e+001
      vertex  9.679445e+000 -1.760137e+000 -7.723853e+001
      vertex  9.630798e+000 -1.329819e+000 -7.711434e+001
    endloop
  endfacet
  facet normal -8.908375e-001  2.240546e-002 -4.537690e-001
    outer loop
      vertex  9.778402e+000 -1.197173e+000 -7.739757e+001
      vertex  9.630798e+000 -1.329819e+000 -7.711434e+001
      vertex  9.575522e+000  0.000000e+000 -7.694016e+001
    endloop
  endfacet
  facet normal -8.242443e-001  7.476623e-002 -5.612766e-001
    outer loop
      vertex  9.778402e+000 -1.197173e+000 -7.739757e+001
      vertex  9.575522e+000  0.000000e+000 -7.694016e+001
      vertex  9.649935e+000  0.000000e+000 -7.704944e+001
    endloop
  endfacet
  facet normal -7.910540e-001  9.102389e-002 -6.049367e-001
    outer loop
      vertex  9.778402e+000 -1.197173e+000 -7.739757e+001
      vertex  9.649935e+000  0.000000e+000 -7.704944e+001
      vertex  9.730531e+000  0.000000e+000 -7.715483e+001
    endloop
  endfacet
  facet normal -7.554969e-001  1.010382e-001 -6.473144e-001
    outer loop
      vertex  9.778402e+000 -1.197173e+000 -7.739757e+001
      vertex  9.730531e+000  0.000000e+000 -7.715483e+001
      vertex  9.817210e+000  0.000000e+000 -7.725600e+001
    endloop
  endfacet
  facet normal -8.050343e-001  9.533623e-002 -5.855175e-001
    outer loop
      vertex  9.778402e+000 -1.197173e+000 -7.739757e+001
      vertex  9.817210e+000  0.000000e+000 -7.725600e+001
      vertex  9.976542e+000 -1.063345e+000 -7.764820e+001
    endloop
  endfacet
  facet normal -8.543636e-001  3.242139e-002 -5.186634e-001
    outer loop
      vertex  9.512732e+000  0.000000e+000 -7.683673e+001
      vertex  9.575522e+000  0.000000e+000 -7.694016e+001
      vertex  9.630798e+000 -1.329819e+000 -7.711434e+001
    endloop
  endfacet
  facet normal -9.229923e-001 -1.613714e-003 -3.848149e-001
    outer loop
      vertex  9.512732e+000  0.000000e+000 -7.683673e+001
      vertex  9.630798e+000 -1.329819e+000 -7.711434e+001
      vertex  9.578336e+000 -9.000391e-001 -7.699031e+001
    endloop
  endfacet
  facet normal -8.958135e-001  1.051865e-002 -4.443057e-001
    outer loop
      vertex  9.512732e+000  0.000000e+000 -7.683673e+001
      vertex  9.578336e+000 -9.000391e-001 -7.699031e+001
      vertex  9.521949e+000 -4.708814e-001 -7.686646e+001
    endloop
  endfacet
  facet normal -8.794721e-001  1.282569e-002 -4.757777e-001
    outer loop
      vertex  9.512732e+000  0.000000e+000 -7.683673e+001
      vertex  9.521949e+000 -4.708814e-001 -7.686646e+001
      vertex  9.455299e+000  0.000000e+000 -7.673057e+001
    endloop
  endfacet
  facet normal -9.291896e-002  3.633103e-001 -9.270231e-001
    outer loop
      vertex  1.143706e+001 -3.279579e+000 -7.926422e+001
      vertex  1.135857e+001 -2.392812e+000 -7.890882e+001
      vertex  1.171403e+001 -2.213073e+000 -7.887401e+001
    endloop
  endfacet
  facet normal -9.421812e-002  3.635634e-001 -9.267926e-001
    outer loop
      vertex  1.143706e+001 -3.279579e+000 -7.926422e+001
      vertex  1.171403e+001 -2.213073e+000 -7.887401e+001
      vertex  1.174630e+001 -2.492436e+000 -7.898688e+001
    endloop
  endfacet
  facet normal -9.557480e-002  3.639886e-001 -9.264868e-001
    outer loop
      vertex  1.143706e+001 -3.279579e+000 -7.926422e+001
      vertex  1.174630e+001 -2.492436e+000 -7.898688e+001
      vertex  1.177655e+001 -2.771943e+000 -7.909981e+001
    endloop
  endfacet
  facet normal -9.684858e-002  3.647062e-001 -9.260722e-001
    outer loop
      vertex  1.143706e+001 -3.279579e+000 -7.926422e+001
      vertex  1.177655e+001 -2.771943e+000 -7.909981e+001
      vertex  1.183080e+001 -3.328240e+000 -7.932456e+001
    endloop
  endfacet
  facet normal -9.582812e-002  3.703263e-001 -9.239456e-001
    outer loop
      vertex  1.143706e+001 -3.279579e+000 -7.926422e+001
      vertex  1.183080e+001 -3.328240e+000 -7.932456e+001
      vertex  1.186487e+001 -5.000000e+000 -7.999815e+001
    endloop
  endfacet
  facet normal -6.163581e-002  3.786351e-001 -9.234915e-001
    outer loop
      vertex  1.143706e+001 -3.279579e+000 -7.926422e+001
      vertex  1.186487e+001 -5.000000e+000 -7.999815e+001
      vertex  1.178234e+001 -5.000000e+000 -7.999265e+001
    endloop
  endfacet
  facet normal -1.028008e-001  3.702596e-001 -9.232225e-001
    outer loop
      vertex  1.143706e+001 -3.279579e+000 -7.926422e+001
      vertex  1.178234e+001 -5.000000e+000 -7.999265e+001
      vertex  1.170025e+001 -5.000000e+000 -7.998351e+001
    endloop
  endfacet
  facet normal -1.384973e-001  3.639038e-001 -9.210823e-001
    outer loop
      vertex  1.143706e+001 -3.279579e+000 -7.926422e+001
      vertex  1.170025e+001 -5.000000e+000 -7.998351e+001
      vertex  1.163942e+001 -5.000000e+000 -7.997436e+001
    endloop
  endfacet
  facet normal -1.688915e-001  3.590237e-001 -9.179203e-001
    outer loop
      vertex  1.143706e+001 -3.279579e+000 -7.926422e+001
      vertex  1.163942e+001 -5.000000e+000 -7.997436e+001
      vertex  1.157900e+001 -5.000000e+000 -7.996324e+001
    endloop
  endfacet
  facet normal -1.989654e-001  3.547628e-001 -9.135405e-001
    outer loop
      vertex  1.143706e+001 -3.279579e+000 -7.926422e+001
      vertex  1.157900e+001 -5.000000e+000 -7.996324e+001
      vertex  1.151844e+001 -5.000000e+000 -7.995005e+001
    endloop
  endfacet
  facet normal -2.872386e-001  3.429423e-001 -8.943626e-001
    outer loop
      vertex  1.143706e+001 -3.279579e+000 -7.926422e+001
      vertex  1.151844e+001 -5.000000e+000 -7.995005e+001
      vertex  1.106642e+001 -3.351016e+000 -7.917258e+001
    endloop
  endfacet
  facet normal -1.631178e-002  3.733914e-001 -9.275305e-001
    outer loop
      vertex  1.186487e+001 -5.000000e+000 -7.999815e+001
      vertex  1.183080e+001 -3.328240e+000 -7.932456e+001
      vertex  1.187732e+001 -3.885044e+000 -7.954953e+001
    endloop
  endfacet
  facet normal -1.895718e-002  3.733994e-001 -9.274769e-001
    outer loop
      vertex  1.186487e+001 -5.000000e+000 -7.999815e+001
      vertex  1.187732e+001 -3.885044e+000 -7.954953e+001
      vertex  1.191624e+001 -4.442315e+000 -7.977468e+001
    endloop
  endfacet
  facet normal -2.068036e-002  3.735234e-001 -9.273902e-001
    outer loop
      vertex  1.186487e+001 -5.000000e+000 -7.999815e+001
      vertex  1.191624e+001 -4.442315e+000 -7.977468e+001
      vertex  1.194767e+001 -5.000000e+000 -8.000000e+001
    endloop
  endfacet
  facet normal -2.277818e-001  3.634687e-001 -9.033305e-001
    outer loop
      vertex  1.106642e+001 -3.351016e+000 -7.917258e+001
      vertex  1.151844e+001 -5.000000e+000 -7.995005e+001
      vertex  1.145844e+001 -5.000000e+000 -7.993492e+001
    endloop
  endfacet
  facet normal -2.726377e-001  3.495824e-001 -8.963598e-001
    outer loop
      vertex  1.106642e+001 -3.351016e+000 -7.917258e+001
      vertex  1.145844e+001 -5.000000e+000 -7.993492e+001
      vertex  1.134102e+001 -5.000000e+000 -7.989921e+001
    endloop
  endfacet
  facet normal -3.309419e-001  3.338238e-001 -8.826319e-001
    outer loop
      vertex  1.106642e+001 -3.351016e+000 -7.917258e+001
      vertex  1.134102e+001 -5.000000e+000 -7.989921e+001
      vertex  1.122659e+001 -5.000000e+000 -7.985630e+001
    endloop
  endfacet
  facet normal -3.871588e-001  3.208050e-001 -8.644028e-001
    outer loop
      vertex  1.106642e+001 -3.351016e+000 -7.917258e+001
      vertex  1.122659e+001 -5.000000e+000 -7.985630e+001
      vertex  1.111556e+001 -5.000000e+000 -7.980657e+001
    endloop
  endfacet
  facet normal -4.666534e-001  3.052460e-001 -8.300961e-001
    outer loop
      vertex  1.106642e+001 -3.351016e+000 -7.917258e+001
      vertex  1.111556e+001 -5.000000e+000 -7.980657e+001
      vertex  1.072429e+001 -3.446324e+000 -7.901529e+001
    endloop
  endfacet
  facet normal -4.323317e-001  3.203968e-001 -8.428732e-001
    outer loop
      vertex  1.072429e+001 -3.446324e+000 -7.901529e+001
      vertex  1.111556e+001 -5.000000e+000 -7.980657e+001
      vertex  1.103780e+001 -5.000000e+000 -7.976669e+001
    endloop
  endfacet
  facet normal -4.712088e-001  3.051443e-001 -8.275562e-001
    outer loop
      vertex  1.072429e+001 -3.446324e+000 -7.901529e+001
      vertex  1.103780e+001 -5.000000e+000 -7.976669e+001
      vertex  1.096212e+001 -5.000000e+000 -7.972359e+001
    endloop
  endfacet
  facet normal -5.087447e-001  2.914354e-001 -8.100891e-001
    outer loop
      vertex  1.072429e+001 -3.446324e+000 -7.901529e+001
      vertex  1.096212e+001 -5.000000e+000 -7.972359e+001
      vertex  1.088863e+001 -5.000000e+000 -7.967744e+001
    endloop
  endfacet
  facet normal -5.401298e-001  2.809594e-001 -7.932979e-001
    outer loop
      vertex  1.072429e+001 -3.446324e+000 -7.901529e+001
      vertex  1.088863e+001 -5.000000e+000 -7.967744e+001
      vertex  1.083548e+001 -5.000000e+000 -7.964126e+001
    endloop
  endfacet
  facet normal -5.660365e-001  2.729014e-001 -7.778995e-001
    outer loop
      vertex  1.072429e+001 -3.446324e+000 -7.901529e+001
      vertex  1.083548e+001 -5.000000e+000 -7.964126e+001
      vertex  1.078364e+001 -5.000000e+000 -7.960353e+001
    endloop
  endfacet
  facet normal -5.912629e-001  2.657098e-001 -7.614502e-001
    outer loop
      vertex  1.072429e+001 -3.446324e+000 -7.901529e+001
      vertex  1.078364e+001 -5.000000e+000 -7.960353e+001
      vertex  1.073222e+001 -5.000000e+000 -7.956361e+001
    endloop
  endfacet
  facet normal -6.284204e-001  2.560212e-001 -7.345346e-001
    outer loop
      vertex  1.072429e+001 -3.446324e+000 -7.901529e+001
      vertex  1.073222e+001 -5.000000e+000 -7.956361e+001
      vertex  1.042357e+001 -3.561911e+000 -7.879830e+001
    endloop
  endfacet
  facet normal -6.151479e-001  2.634284e-001 -7.431006e-001
    outer loop
      vertex  1.042357e+001 -3.561911e+000 -7.879830e+001
      vertex  1.073222e+001 -5.000000e+000 -7.956361e+001
      vertex  1.068221e+001 -5.000000e+000 -7.952221e+001
    endloop
  endfacet
  facet normal -6.519457e-001  2.441216e-001 -7.178938e-001
    outer loop
      vertex  1.042357e+001 -3.561911e+000 -7.879830e+001
      vertex  1.068221e+001 -5.000000e+000 -7.952221e+001
      vertex  1.058735e+001 -5.000000e+000 -7.943606e+001
    endloop
  endfacet
  facet normal -6.974341e-001  2.226602e-001 -6.811814e-001
    outer loop
      vertex  1.042357e+001 -3.561911e+000 -7.879830e+001
      vertex  1.058735e+001 -5.000000e+000 -7.943606e+001
      vertex  1.049829e+001 -5.000000e+000 -7.934488e+001
    endloop
  endfacet
  facet normal -7.391241e-001  2.054067e-001 -6.414855e-001
    outer loop
      vertex  1.042357e+001 -3.561911e+000 -7.879830e+001
      vertex  1.049829e+001 -5.000000e+000 -7.934488e+001
      vertex  1.041518e+001 -5.000000e+000 -7.924911e+001
    endloop
  endfacet
  facet normal -7.664019e-001  1.962160e-001 -6.116595e-001
    outer loop
      vertex  1.042357e+001 -3.561911e+000 -7.879830e+001
      vertex  1.041518e+001 -5.000000e+000 -7.924911e+001
      vertex  1.017561e+001 -3.693415e+000 -7.852979e+001
    endloop
  endfacet
  facet normal -7.685183e-001  1.946410e-001 -6.095034e-001
    outer loop
      vertex  1.017561e+001 -3.693415e+000 -7.852979e+001
      vertex  1.041518e+001 -5.000000e+000 -7.924911e+001
      vertex  1.037352e+001 -5.000000e+000 -7.919659e+001
    endloop
  endfacet
  facet normal -7.887763e-001  1.804003e-001 -5.876120e-001
    outer loop
      vertex  1.017561e+001 -3.693415e+000 -7.852979e+001
      vertex  1.037352e+001 -5.000000e+000 -7.919659e+001
      vertex  1.033358e+001 -5.000000e+000 -7.914297e+001
    endloop
  endfacet
  facet normal -8.080828e-001  1.673580e-001 -5.647950e-001
    outer loop
      vertex  1.017561e+001 -3.693415e+000 -7.852979e+001
      vertex  1.033358e+001 -5.000000e+000 -7.914297e+001
      vertex  1.029501e+001 -5.000000e+000 -7.908779e+001
    endloop
  endfacet
  facet normal -8.262889e-001  1.556641e-001 -5.413090e-001
    outer loop
      vertex  1.017561e+001 -3.693415e+000 -7.852979e+001
      vertex  1.029501e+001 -5.000000e+000 -7.908779e+001
      vertex  1.025820e+001 -5.000000e+000 -7.903160e+001
    endloop
  endfacet
  facet normal -8.514906e-001  1.402305e-001 -5.052714e-001
    outer loop
      vertex  1.017561e+001 -3.693415e+000 -7.852979e+001
      vertex  1.025820e+001 -5.000000e+000 -7.903160e+001
      vertex  1.019017e+001 -5.000000e+000 -7.891696e+001
    endloop
  endfacet
  facet normal -8.813531e-001  1.251716e-001 -4.555753e-001
    outer loop
      vertex  1.017561e+001 -3.693415e+000 -7.852979e+001
      vertex  1.019017e+001 -5.000000e+000 -7.891696e+001
      vertex  1.012920e+001 -5.000000e+000 -7.879900e+001
    endloop
  endfacet
  facet normal -8.753351e-001  1.272053e-001 -4.664839e-001
    outer loop
      vertex  1.017561e+001 -3.693415e+000 -7.852979e+001
      vertex  1.012920e+001 -5.000000e+000 -7.879900e+001
      vertex  9.989753e+000 -3.835877e+000 -7.821989e+001
    endloop
  endfacet
  facet normal -9.273270e-001  3.575535e-002 -3.725402e-001
    outer loop
      vertex  9.803437e+000 -3.053735e+000 -7.761184e+001
      vertex  9.863973e+000 -2.060520e+000 -7.766720e+001
      vertex  9.853582e+000 -3.701785e+000 -7.779886e+001
    endloop
  endfacet
  facet normal -9.363210e-001  3.396395e-002 -3.494990e-001
    outer loop
      vertex  9.853582e+000 -3.701785e+000 -7.779886e+001
      vertex  9.863973e+000 -2.060520e+000 -7.766720e+001
      vertex  9.934987e+000 -2.947552e+000 -7.794365e+001
    endloop
  endfacet
  facet normal -9.399594e-001  3.630498e-002 -3.393499e-001
    outer loop
      vertex  9.853582e+000 -3.701785e+000 -7.779886e+001
      vertex  9.934987e+000 -2.947552e+000 -7.794365e+001
      vertex  9.896120e+000 -4.350561e+000 -7.798609e+001
    endloop
  endfacet
  facet normal -9.522915e-001  3.555038e-002 -3.031120e-001
    outer loop
      vertex  9.896120e+000 -4.350561e+000 -7.798609e+001
      vertex  9.934987e+000 -2.947552e+000 -7.794365e+001
      vertex  9.989753e+000 -3.835877e+000 -7.821989e+001
    endloop
  endfacet
  facet normal -9.588108e-001  4.719075e-002 -2.800982e-001
    outer loop
      vertex  9.896120e+000 -4.350561e+000 -7.798609e+001
      vertex  9.989753e+000 -3.835877e+000 -7.821989e+001
      vertex  9.956474e+000 -5.000000e+000 -7.830211e+001
    endloop
  endfacet
  facet normal -9.605956e-001  4.680968e-002 -2.739799e-001
    outer loop
      vertex  9.956474e+000 -5.000000e+000 -7.830211e+001
      vertex  9.989753e+000 -3.835877e+000 -7.821989e+001
      vertex  1.002854e+001 -5.000000e+000 -7.855478e+001
    endloop
  endfacet
  facet normal  0.000000e+000  1.000000e+000  0.000000e+000
    outer loop
      vertex  9.956474e+000 -5.000000e+000 -7.830211e+001
      vertex  1.002854e+001 -5.000000e+000 -7.855478e+001
      vertex  9.988922e+000 -5.000000e+000 -7.842931e+001
    endloop
  endfacet
  facet normal -8.948453e-002  3.623250e-001 -9.277463e-001
    outer loop
      vertex  1.158607e+001 -1.245107e+000 -7.848293e+001
      vertex  1.164418e+001 -1.661041e+000 -7.865097e+001
      vertex  1.125971e+001 -1.507289e+000 -7.855384e+001
    endloop
  endfacet
  facet normal -8.966827e-002  3.619474e-001 -9.278758e-001
    outer loop
      vertex  1.125971e+001 -1.507289e+000 -7.855384e+001
      vertex  1.164418e+001 -1.661041e+000 -7.865097e+001
      vertex  1.135857e+001 -2.392812e+000 -7.890882e+001
    endloop
  endfacet
  facet normal -2.656614e-001  3.330176e-001 -9.047228e-001
    outer loop
      vertex  1.125971e+001 -1.507289e+000 -7.855384e+001
      vertex  1.135857e+001 -2.392812e+000 -7.890882e+001
      vertex  1.091535e+001 -1.584737e+000 -7.848123e+001
    endloop
  endfacet
  facet normal -2.753861e-001  3.272572e-001 -9.039167e-001
    outer loop
      vertex  1.091535e+001 -1.584737e+000 -7.848123e+001
      vertex  1.135857e+001 -2.392812e+000 -7.890882e+001
      vertex  1.100087e+001 -2.467345e+000 -7.882683e+001
    endloop
  endfacet
  facet normal -4.332231e-001  2.919113e-001 -8.527049e-001
    outer loop
      vertex  1.091535e+001 -1.584737e+000 -7.848123e+001
      vertex  1.100087e+001 -2.467345e+000 -7.882683e+001
      vertex  1.059373e+001 -1.682210e+000 -7.835120e+001
    endloop
  endfacet
  facet normal -4.482721e-001  2.815078e-001 -8.484136e-001
    outer loop
      vertex  1.059373e+001 -1.682210e+000 -7.835120e+001
      vertex  1.100087e+001 -2.467345e+000 -7.882683e+001
      vertex  1.066870e+001 -2.563776e+000 -7.868332e+001
    endloop
  endfacet
  facet normal -5.867135e-001  2.413226e-001 -7.730011e-001
    outer loop
      vertex  1.059373e+001 -1.682210e+000 -7.835120e+001
      vertex  1.066870e+001 -2.563776e+000 -7.868332e+001
      vertex  1.030528e+001 -1.796543e+000 -7.816795e+001
    endloop
  endfacet
  facet normal -6.054352e-001  2.258547e-001 -7.631761e-001
    outer loop
      vertex  1.030528e+001 -1.796543e+000 -7.816795e+001
      vertex  1.066870e+001 -2.563776e+000 -7.868332e+001
      vertex  1.037372e+001 -2.678726e+000 -7.848332e+001
    endloop
  endfacet
  facet normal -7.211358e-001  1.829282e-001 -6.682069e-001
    outer loop
      vertex  1.030528e+001 -1.796543e+000 -7.816795e+001
      vertex  1.037372e+001 -2.678726e+000 -7.848332e+001
      vertex  1.005937e+001 -1.924026e+000 -7.793746e+001
    endloop
  endfacet
  facet normal -7.413526e-001  1.622178e-001 -6.512156e-001
    outer loop
      vertex  1.005937e+001 -1.924026e+000 -7.793746e+001
      vertex  1.037372e+001 -2.678726e+000 -7.848332e+001
      vertex  1.012626e+001 -2.808164e+000 -7.823385e+001
    endloop
  endfacet
  facet normal -8.321538e-001  1.186375e-001 -5.417059e-001
    outer loop
      vertex  1.005937e+001 -1.924026e+000 -7.793746e+001
      vertex  1.012626e+001 -2.808164e+000 -7.823385e+001
      vertex  9.863973e+000 -2.060520e+000 -7.766720e+001
    endloop
  endfacet
  facet normal -8.512568e-001  9.281390e-002 -5.164760e-001
    outer loop
      vertex  9.863973e+000 -2.060520e+000 -7.766720e+001
      vertex  1.012626e+001 -2.808164e+000 -7.823385e+001
      vertex  9.934987e+000 -2.947552e+000 -7.794365e+001
    endloop
  endfacet
  facet normal -2.764390e-001  3.363393e-001 -9.002541e-001
    outer loop
      vertex  1.135857e+001 -2.392812e+000 -7.890882e+001
      vertex  1.143706e+001 -3.279579e+000 -7.926422e+001
      vertex  1.100087e+001 -2.467345e+000 -7.882683e+001
    endloop
  endfacet
  facet normal -2.861015e-001  3.306577e-001 -8.993394e-001
    outer loop
      vertex  1.100087e+001 -2.467345e+000 -7.882683e+001
      vertex  1.143706e+001 -3.279579e+000 -7.926422e+001
      vertex  1.106642e+001 -3.351016e+000 -7.917258e+001
    endloop
  endfacet
  facet normal -4.499829e-001  2.962498e-001 -8.424675e-001
    outer loop
      vertex  1.100087e+001 -2.467345e+000 -7.882683e+001
      vertex  1.106642e+001 -3.351016e+000 -7.917258e+001
      vertex  1.066870e+001 -2.563776e+000 -7.868332e+001
    endloop
  endfacet
  facet normal -4.648744e-001  2.859135e-001 -8.379411e-001
    outer loop
      vertex  1.066870e+001 -2.563776e+000 -7.868332e+001
      vertex  1.106642e+001 -3.351016e+000 -7.917258e+001
      vertex  1.072429e+001 -3.446324e+000 -7.901529e+001
    endloop
  endfacet
  facet normal -6.077485e-001  2.457702e-001 -7.551416e-001
    outer loop
      vertex  1.066870e+001 -2.563776e+000 -7.868332e+001
      vertex  1.072429e+001 -3.446324e+000 -7.901529e+001
      vertex  1.037372e+001 -2.678726e+000 -7.848332e+001
    endloop
  endfacet
  facet normal -6.260761e-001  2.303457e-001 -7.449628e-001
    outer loop
      vertex  1.037372e+001 -2.678726e+000 -7.848332e+001
      vertex  1.072429e+001 -3.446324e+000 -7.901529e+001
      vertex  1.042357e+001 -3.561911e+000 -7.879830e+001
    endloop
  endfacet
  facet normal -7.442003e-001  1.867181e-001 -6.413285e-001
    outer loop
      vertex  1.037372e+001 -2.678726e+000 -7.848332e+001
      vertex  1.042357e+001 -3.561911e+000 -7.879830e+001
      vertex  1.012626e+001 -2.808164e+000 -7.823385e+001
    endloop
  endfacet
  facet normal -7.636546e-001  1.660062e-001 -6.239179e-001
    outer loop
      vertex  1.012626e+001 -2.808164e+000 -7.823385e+001
      vertex  1.042357e+001 -3.561911e+000 -7.879830e+001
      vertex  1.017561e+001 -3.693415e+000 -7.852979e+001
    endloop
  endfacet
  facet normal -8.545564e-001  1.211907e-001 -5.050209e-001
    outer loop
      vertex  1.012626e+001 -2.808164e+000 -7.823385e+001
      vertex  1.017561e+001 -3.693415e+000 -7.852979e+001
      vertex  9.934987e+000 -2.947552e+000 -7.794365e+001
    endloop
  endfacet
  facet normal -8.724084e-001  9.529536e-002 -4.793978e-001
    outer loop
      vertex  9.934987e+000 -2.947552e+000 -7.794365e+001
      vertex  1.017561e+001 -3.693415e+000 -7.852979e+001
      vertex  9.989753e+000 -3.835877e+000 -7.821989e+001
    endloop
  endfacet
  facet normal -2.548690e-001  3.298857e-001 -9.089650e-001
    outer loop
      vertex  1.114285e+001 -6.453675e-001 -7.820826e+001
      vertex  1.125971e+001 -1.507289e+000 -7.855384e+001
      vertex  1.081193e+001 -7.254986e-001 -7.814455e+001
    endloop
  endfacet
  facet normal -2.644120e-001  3.240850e-001 -9.083255e-001
    outer loop
      vertex  1.081193e+001 -7.254986e-001 -7.814455e+001
      vertex  1.125971e+001 -1.507289e+000 -7.855384e+001
      vertex  1.091535e+001 -1.584737e+000 -7.848123e+001
    endloop
  endfacet
  facet normal -4.163614e-001  2.878164e-001 -8.624413e-001
    outer loop
      vertex  1.081193e+001 -7.254986e-001 -7.814455e+001
      vertex  1.091535e+001 -1.584737e+000 -7.848123e+001
      vertex  1.050117e+001 -8.239166e-001 -7.802737e+001
    endloop
  endfacet
  facet normal -4.311948e-001  2.774203e-001 -8.585505e-001
    outer loop
      vertex  1.050117e+001 -8.239166e-001 -7.802737e+001
      vertex  1.091535e+001 -1.584737e+000 -7.848123e+001
      vertex  1.059373e+001 -1.682210e+000 -7.835120e+001
    endloop
  endfacet
  facet normal -5.653154e-001  2.371165e-001 -7.900597e-001
    outer loop
      vertex  1.050117e+001 -8.239166e-001 -7.802737e+001
      vertex  1.059373e+001 -1.682210e+000 -7.835120e+001
      vertex  1.021990e+001 -9.376695e-001 -7.786025e+001
    endloop
  endfacet
  facet normal -5.839679e-001  2.217185e-001 -7.809112e-001
    outer loop
      vertex  1.021990e+001 -9.376695e-001 -7.786025e+001
      vertex  1.059373e+001 -1.682210e+000 -7.835120e+001
      vertex  1.030528e+001 -1.796543e+000 -7.816795e+001
    endloop
  endfacet
  facet normal -6.973075e-001  1.793082e-001 -6.939818e-001
    outer loop
      vertex  1.021990e+001 -9.376695e-001 -7.786025e+001
      vertex  1.030528e+001 -1.796543e+000 -7.816795e+001
      vertex  9.976542e+000 -1.063345e+000 -7.764820e+001
    endloop
  endfacet
  facet normal -7.177522e-001  1.587794e-001 -6.779535e-001
    outer loop
      vertex  9.976542e+000 -1.063345e+000 -7.764820e+001
      vertex  1.030528e+001 -1.796543e+000 -7.816795e+001
      vertex  1.005937e+001 -1.924026e+000 -7.793746e+001
    endloop
  endfacet
  facet normal -8.083979e-001  1.161490e-001 -5.770634e-001
    outer loop
      vertex  9.976542e+000 -1.063345e+000 -7.764820e+001
      vertex  1.005937e+001 -1.924026e+000 -7.793746e+001
      vertex  9.778402e+000 -1.197173e+000 -7.739757e+001
    endloop
  endfacet
  facet normal -8.282275e-001  9.062210e-002 -5.530162e-001
    outer loop
      vertex  9.778402e+000 -1.197173e+000 -7.739757e+001
      vertex  1.005937e+001 -1.924026e+000 -7.793746e+001
      vertex  9.863973e+000 -2.060520e+000 -7.766720e+001
    endloop
  endfacet
  facet normal  0.000000e+000  3.746070e-001 -9.271837e-001
    outer loop
      vertex -1.800000e+001  0.000000e+000 -7.797987e+001
      vertex -1.138258e+001  0.000000e+000 -7.797987e+001
      vertex -1.146074e+001 -4.461767e-001 -7.816013e+001
    endloop
  endfacet
  facet normal  8.321946e-007  3.746175e-001 -9.271795e-001
    outer loop
      vertex -1.800000e+001  0.000000e+000 -7.797987e+001
      vertex -1.146074e+001 -4.461767e-001 -7.816013e+001
      vertex -1.153310e+001 -8.929619e-001 -7.834065e+001
    endloop
  endfacet
  facet normal -2.139676e-006  3.745990e-001 -9.271870e-001
    outer loop
      vertex -1.800000e+001  0.000000e+000 -7.797987e+001
      vertex -1.153310e+001 -8.929619e-001 -7.834065e+001
      vertex -1.159980e+001 -1.340321e+000 -7.852139e+001
    endloop
  endfacet
  facet normal  9.560587e-007  3.746117e-001 -9.271818e-001
    outer loop
      vertex -1.800000e+001  0.000000e+000 -7.797987e+001
      vertex -1.159980e+001 -1.340321e+000 -7.852139e+001
      vertex -1.166100e+001 -1.788228e+000 -7.870236e+001
    endloop
  endfacet
  facet normal -2.463624e-006  3.746013e-001 -9.271860e-001
    outer loop
      vertex -1.800000e+001  0.000000e+000 -7.797987e+001
      vertex -1.166100e+001 -1.788228e+000 -7.870236e+001
      vertex -1.171684e+001 -2.236660e+000 -7.888354e+001
    endloop
  endfacet
  facet normal  3.740244e-006  3.746163e-001 -9.271800e-001
    outer loop
      vertex -1.800000e+001  0.000000e+000 -7.797987e+001
      vertex -1.171684e+001 -2.236660e+000 -7.888354e+001
      vertex -1.174885e+001 -2.515314e+000 -7.899612e+001
    endloop
  endfacet
  facet normal -3.191740e-006  3.746014e-001 -9.271859e-001
    outer loop
      vertex -1.800000e+001  0.000000e+000 -7.797987e+001
      vertex -1.174885e+001 -2.515314e+000 -7.899612e+001
      vertex -1.177886e+001 -2.794152e+000 -7.910878e+001
    endloop
  endfacet
  facet normal  9.326017e-007  3.746093e-001 -9.271827e-001
    outer loop
      vertex -1.800000e+001  0.000000e+000 -7.797987e+001
      vertex -1.177886e+001 -2.794152e+000 -7.910878e+001
      vertex -1.180726e+001 -3.076909e+000 -7.922302e+001
    endloop
  endfacet
  facet normal -7.216581e-006  3.745952e-001 -9.271884e-001
    outer loop
      vertex -1.800000e+001  0.000000e+000 -7.797987e+001
      vertex -1.180726e+001 -3.076909e+000 -7.922302e+001
      vertex -1.183364e+001 -3.359831e+000 -7.933733e+001
    endloop
  endfacet
  facet normal  2.842741e-006  3.746111e-001 -9.271820e-001
    outer loop
      vertex -1.800000e+001  0.000000e+000 -7.797987e+001
      vertex -1.183364e+001 -3.359831e+000 -7.933733e+001
      vertex -1.188015e+001 -3.922341e+000 -7.956460e+001
    endloop
  endfacet
  facet normal -2.518833e-007  3.746070e-001 -9.271837e-001
    outer loop
      vertex -1.800000e+001  0.000000e+000 -7.797987e+001
      vertex -1.188015e+001 -3.922341e+000 -7.956460e+001
      vertex -1.191741e+001 -4.461009e+000 -7.978223e+001
    endloop
  endfacet
  facet normal -1.602838e-006  3.746054e-001 -9.271843e-001
    outer loop
      vertex -1.800000e+001  0.000000e+000 -7.797987e+001
      vertex -1.191741e+001 -4.461009e+000 -7.978223e+001
      vertex -1.194767e+001 -5.000000e+000 -8.000000e+001
    endloop
  endfacet
  facet normal  0.000000e+000  3.746071e-001 -9.271837e-001
    outer loop
      vertex -1.800000e+001  0.000000e+000 -7.797987e+001
      vertex -1.194767e+001 -5.000000e+000 -8.000000e+001
      vertex -1.800000e+001 -5.000000e+000 -8.000000e+001
    endloop
  endfacet
  facet normal  9.828324e-001  4.888657e-006 -1.845010e-001
    outer loop
      vertex -9.895259e+000 -4.336154e+000 -7.798194e+001
      vertex -9.895226e+000 -5.000000e+000 -7.798178e+001
      vertex -9.931220e+000 -5.000000e+000 -7.817352e+001
    endloop
  endfacet
  facet normal  9.719963e-001 -2.651814e-004 -2.349962e-001
    outer loop
      vertex -9.842854e+000 -3.554320e+000 -7.775631e+001
      vertex -9.851778e+000 -5.000000e+000 -7.779159e+001
      vertex -9.874138e+000 -4.000937e+000 -7.788520e+001
    endloop
  endfacet
  facet normal  9.748861e-001  9.514883e-004 -2.227018e-001
    outer loop
      vertex -9.874138e+000 -4.000937e+000 -7.788520e+001
      vertex -9.851778e+000 -5.000000e+000 -7.779159e+001
      vertex -9.895226e+000 -5.000000e+000 -7.798178e+001
    endloop
  endfacet
  facet normal  9.769881e-001 -2.354260e-006 -2.132939e-001
    outer loop
      vertex -9.874138e+000 -4.000937e+000 -7.788520e+001
      vertex -9.895226e+000 -5.000000e+000 -7.798178e+001
      vertex -9.895259e+000 -4.336154e+000 -7.798194e+001
    endloop
  endfacet
  facet normal  9.491310e-001 -2.509170e-004 -3.148813e-001
    outer loop
      vertex -9.718072e+000 -2.128298e+000 -7.734476e+001
      vertex -9.742801e+000 -5.000000e+000 -7.741702e+001
      vertex -9.769357e+000 -2.662452e+000 -7.749892e+001
    endloop
  endfacet
  facet normal  9.545571e-001  4.012842e-004 -2.980278e-001
    outer loop
      vertex -9.769357e+000 -2.662452e+000 -7.749892e+001
      vertex -9.742801e+000 -5.000000e+000 -7.741702e+001
      vertex -9.800943e+000 -5.000000e+000 -7.760324e+001
    endloop
  endfacet
  facet normal  9.579509e-001 -1.397263e-004 -2.869323e-001
    outer loop
      vertex -9.769357e+000 -2.662452e+000 -7.749892e+001
      vertex -9.800943e+000 -5.000000e+000 -7.760324e+001
      vertex -9.807948e+000 -3.108145e+000 -7.762755e+001
    endloop
  endfacet
  facet normal  9.654536e-001  2.267009e-004 -2.605751e-001
    outer loop
      vertex -9.807948e+000 -3.108145e+000 -7.762755e+001
      vertex -9.800943e+000 -5.000000e+000 -7.760324e+001
      vertex -9.851778e+000 -5.000000e+000 -7.779159e+001
    endloop
  endfacet
  facet normal  9.647533e-001  4.666930e-004 -2.631558e-001
    outer loop
      vertex -9.807948e+000 -3.108145e+000 -7.762755e+001
      vertex -9.851778e+000 -5.000000e+000 -7.779159e+001
      vertex -9.842854e+000 -3.554320e+000 -7.775631e+001
    endloop
  endfacet
  facet normal  6.036313e-001 -7.599700e-005 -7.972636e-001
    outer loop
      vertex -7.939197e+000  0.000000e+000 -7.495511e+001
      vertex -8.078794e+000 -5.000000e+000 -7.506033e+001
      vertex -8.095749e+000  0.000000e+000 -7.507364e+001
    endloop
  endfacet
  facet normal  6.310244e-001  7.413901e-005 -7.757629e-001
    outer loop
      vertex -8.095749e+000  0.000000e+000 -7.507364e+001
      vertex -8.078794e+000 -5.000000e+000 -7.506033e+001
      vertex -8.230140e+000 -5.000000e+000 -7.518343e+001
    endloop
  endfacet
  facet normal  6.344309e-001 -7.854099e-005 -7.729796e-001
    outer loop
      vertex -8.095749e+000  0.000000e+000 -7.507364e+001
      vertex -8.230140e+000 -5.000000e+000 -7.518343e+001
      vertex -8.247526e+000  0.000000e+000 -7.519821e+001
    endloop
  endfacet
  facet normal  6.607929e-001  7.936689e-005 -7.505682e-001
    outer loop
      vertex -8.247526e+000  0.000000e+000 -7.519821e+001
      vertex -8.230140e+000 -5.000000e+000 -7.518343e+001
      vertex -8.376568e+000 -5.000000e+000 -7.531235e+001
    endloop
  endfacet
  facet normal  6.643228e-001 -8.301067e-005 -7.474458e-001
    outer loop
      vertex -8.247526e+000  0.000000e+000 -7.519821e+001
      vertex -8.376568e+000 -5.000000e+000 -7.531235e+001
      vertex -8.394296e+000  0.000000e+000 -7.532866e+001
    endloop
  endfacet
  facet normal  6.895727e-001  8.229577e-005 -7.242165e-001
    outer loop
      vertex -8.394296e+000  0.000000e+000 -7.532866e+001
      vertex -8.376568e+000 -5.000000e+000 -7.531235e+001
      vertex -8.517856e+000 -5.000000e+000 -7.544688e+001
    endloop
  endfacet
  facet normal  6.931366e-001 -8.640563e-005 -7.208062e-001
    outer loop
      vertex -8.394296e+000  0.000000e+000 -7.532866e+001
      vertex -8.517856e+000 -5.000000e+000 -7.544688e+001
      vertex -8.535830e+000  0.000000e+000 -7.546476e+001
    endloop
  endfacet
  facet normal  7.173027e-001  8.646560e-005 -6.967617e-001
    outer loop
      vertex -8.535830e+000  0.000000e+000 -7.546476e+001
      vertex -8.517856e+000 -5.000000e+000 -7.544688e+001
      vertex -8.653787e+000 -5.000000e+000 -7.558681e+001
    endloop
  endfacet
  facet normal  7.209108e-001 -8.980579e-005 -6.930277e-001
    outer loop
      vertex -8.535830e+000  0.000000e+000 -7.546476e+001
      vertex -8.653787e+000 -5.000000e+000 -7.558681e+001
      vertex -8.671910e+000  0.000000e+000 -7.560632e+001
    endloop
  endfacet
  facet normal  7.439345e-001  9.027571e-005 -6.682525e-001
    outer loop
      vertex -8.671910e+000  0.000000e+000 -7.560632e+001
      vertex -8.653787e+000 -5.000000e+000 -7.558681e+001
      vertex -8.784156e+000 -5.000000e+000 -7.573195e+001
    endloop
  endfacet
  facet normal  7.475826e-001 -9.423178e-005 -6.641688e-001
    outer loop
      vertex -8.671910e+000  0.000000e+000 -7.560632e+001
      vertex -8.784156e+000 -5.000000e+000 -7.573195e+001
      vertex -8.802328e+000  0.000000e+000 -7.575311e+001
    endloop
  endfacet
  facet normal  7.694331e-001  9.287125e-005 -6.387273e-001
    outer loop
      vertex -8.802328e+000  0.000000e+000 -7.575311e+001
      vertex -8.784156e+000 -5.000000e+000 -7.573195e+001
      vertex -8.908765e+000 -5.000000e+000 -7.588206e+001
    endloop
  endfacet
  facet normal  7.730623e-001 -9.778614e-005 -6.343300e-001
    outer loop
      vertex -8.802328e+000  0.000000e+000 -7.575311e+001
      vertex -8.908765e+000 -5.000000e+000 -7.588206e+001
      vertex -8.926882e+000  0.000000e+000 -7.590491e+001
    endloop
  endfacet
  facet normal  7.937797e-001  9.666936e-005 -6.082056e-001
    outer loop
      vertex -8.926882e+000  0.000000e+000 -7.590491e+001
      vertex -8.908765e+000 -5.000000e+000 -7.588206e+001
      vertex -9.027422e+000 -5.000000e+000 -7.603692e+001
    endloop
  endfacet
  facet normal  7.973766e-001 -1.003766e-004 -6.034818e-001
    outer loop
      vertex -8.926882e+000  0.000000e+000 -7.590491e+001
      vertex -9.027422e+000 -5.000000e+000 -7.603692e+001
      vertex -9.045380e+000  0.000000e+000 -7.606148e+001
    endloop
  endfacet
  facet normal  8.168844e-001  1.007353e-004 -5.768014e-001
    outer loop
      vertex -9.045380e+000  0.000000e+000 -7.606148e+001
      vertex -9.027422e+000 -5.000000e+000 -7.603692e+001
      vertex -9.139948e+000 -5.000000e+000 -7.619628e+001
    endloop
  endfacet
  facet normal  8.204567e-001 -1.041347e-004 -5.717087e-001
    outer loop
      vertex -9.045380e+000  0.000000e+000 -7.606148e+001
      vertex -9.139948e+000 -5.000000e+000 -7.619628e+001
      vertex -9.157639e+000  0.000000e+000 -7.622258e+001
    endloop
  endfacet
  facet normal  8.387709e-001  1.038546e-004 -5.444844e-001
    outer loop
      vertex -9.157639e+000  0.000000e+000 -7.622258e+001
      vertex -9.139948e+000 -5.000000e+000 -7.619628e+001
      vertex -9.246171e+000 -5.000000e+000 -7.635992e+001
    endloop
  endfacet
  facet normal  8.422788e-001 -1.077444e-004 -5.390421e-001
    outer loop
      vertex -9.157639e+000  0.000000e+000 -7.622258e+001
      vertex -9.246171e+000 -5.000000e+000 -7.635992e+001
      vertex -9.263485e+000  0.000000e+000 -7.638797e+001
    endloop
  endfacet
  facet normal  8.593742e-001  1.068400e-004 -5.113472e-001
    outer loop
      vertex -9.263485e+000  0.000000e+000 -7.638797e+001
      vertex -9.246171e+000 -5.000000e+000 -7.635992e+001
      vertex -9.345930e+000 -5.000000e+000 -7.652757e+001
    endloop
  endfacet
  facet normal  8.627943e-001 -1.112736e-004 -5.055551e-001
    outer loop
      vertex -9.263485e+000  0.000000e+000 -7.638797e+001
      vertex -9.345930e+000 -5.000000e+000 -7.652757e+001
      vertex -9.362756e+000  0.000000e+000 -7.655739e+001
    endloop
  endfacet
  facet normal  8.786654e-001  1.098008e-004 -4.774380e-001
    outer loop
      vertex -9.362756e+000  0.000000e+000 -7.655739e+001
      vertex -9.345930e+000 -5.000000e+000 -7.652757e+001
      vertex -9.439073e+000 -5.000000e+000 -7.669899e+001
    endloop
  endfacet
  facet normal  8.819716e-001 -1.144224e-004 -4.713025e-001
    outer loop
      vertex -9.362756e+000  0.000000e+000 -7.655739e+001
      vertex -9.439073e+000 -5.000000e+000 -7.669899e+001
      vertex -9.455298e+000  0.000000e+000 -7.673057e+001
    endloop
  endfacet
  facet normal  8.966277e-001  1.132431e-004 -4.427852e-001
    outer loop
      vertex -9.455298e+000  0.000000e+000 -7.673057e+001
      vertex -9.439073e+000 -5.000000e+000 -7.669899e+001
      vertex -9.525457e+000 -5.000000e+000 -7.687392e+001
    endloop
  endfacet
  facet normal  8.987231e-001 -3.853688e-005 -4.385167e-001
    outer loop
      vertex -9.455298e+000  0.000000e+000 -7.673057e+001
      vertex -9.525457e+000 -5.000000e+000 -7.687392e+001
      vertex -9.530049e+000 -5.306908e-001 -7.688372e+001
    endloop
  endfacet
  facet normal  9.132161e-001  4.444484e-005 -4.074756e-001
    outer loop
      vertex -9.530049e+000 -5.306908e-001 -7.688372e+001
      vertex -9.525457e+000 -5.000000e+000 -7.687392e+001
      vertex -9.604953e+000 -5.000000e+000 -7.705208e+001
    endloop
  endfacet
  facet normal  9.128886e-001  7.755239e-005 -4.082088e-001
    outer loop
      vertex -9.530049e+000 -5.306908e-001 -7.688372e+001
      vertex -9.604953e+000 -5.000000e+000 -7.705208e+001
      vertex -9.598611e+000 -1.062364e+000 -7.703715e+001
    endloop
  endfacet
  facet normal  9.284143e-001 -8.646872e-005 -3.715466e-001
    outer loop
      vertex -9.598611e+000 -1.062364e+000 -7.703715e+001
      vertex -9.604953e+000 -5.000000e+000 -7.705208e+001
      vertex -9.677437e+000 -5.000000e+000 -7.723320e+001
    endloop
  endfacet
  facet normal  9.257603e-001  2.934945e-004 -3.781109e-001
    outer loop
      vertex -9.598611e+000 -1.062364e+000 -7.703715e+001
      vertex -9.677437e+000 -5.000000e+000 -7.723320e+001
      vertex -9.661216e+000 -1.594921e+000 -7.719084e+001
    endloop
  endfacet
  facet normal  9.422026e-001 -3.205817e-004 -3.350435e-001
    outer loop
      vertex -9.661216e+000 -1.594921e+000 -7.719084e+001
      vertex -9.677437e+000 -5.000000e+000 -7.723320e+001
      vertex -9.742801e+000 -5.000000e+000 -7.741702e+001
    endloop
  endfacet
  facet normal  9.372592e-001  7.004745e-004 -3.486325e-001
    outer loop
      vertex -9.661216e+000 -1.594921e+000 -7.719084e+001
      vertex -9.742801e+000 -5.000000e+000 -7.741702e+001
      vertex -9.718072e+000 -2.128298e+000 -7.734476e+001
    endloop
  endfacet
  facet normal  6.002596e-001  7.162138e-005 -7.998052e-001
    outer loop
      vertex -8.078794e+000 -5.000000e+000 -7.506033e+001
      vertex -7.939197e+000  0.000000e+000 -7.495511e+001
      vertex -7.922762e+000 -5.000000e+000 -7.494322e+001
    endloop
  endfacet
  facet normal  5.718293e-001 -7.072278e-005 -8.203726e-001
    outer loop
      vertex -7.922762e+000 -5.000000e+000 -7.494322e+001
      vertex -7.939197e+000  0.000000e+000 -7.495511e+001
      vertex -7.778112e+000  0.000000e+000 -7.484283e+001
    endloop
  endfacet
  facet normal  5.686145e-001  6.708591e-005 -8.226041e-001
    outer loop
      vertex -7.922762e+000 -5.000000e+000 -7.494322e+001
      vertex -7.778112e+000  0.000000e+000 -7.484283e+001
      vertex -7.762280e+000 -5.000000e+000 -7.483229e+001
    endloop
  endfacet
  facet normal  5.391860e-001 -6.736421e-005 -8.421867e-001
    outer loop
      vertex -7.762280e+000 -5.000000e+000 -7.483229e+001
      vertex -7.778112e+000  0.000000e+000 -7.484283e+001
      vertex -7.612742e+000  0.000000e+000 -7.473695e+001
    endloop
  endfacet
  facet normal  5.360818e-001  6.321516e-005 -8.441660e-001
    outer loop
      vertex -7.762280e+000 -5.000000e+000 -7.483229e+001
      vertex -7.612742e+000  0.000000e+000 -7.473695e+001
      vertex -7.597592e+000 -5.000000e+000 -7.472771e+001
    endloop
  endfacet
  facet normal  5.057240e-001 -6.303976e-005 -8.626953e-001
    outer loop
      vertex -7.597592e+000 -5.000000e+000 -7.472771e+001
      vertex -7.612742e+000  0.000000e+000 -7.473695e+001
      vertex -7.443343e+000  0.000000e+000 -7.463765e+001
    endloop
  endfacet
  facet normal  5.027576e-001  5.967091e-005 -8.644274e-001
    outer loop
      vertex -7.597592e+000 -5.000000e+000 -7.472771e+001
      vertex -7.443343e+000  0.000000e+000 -7.463765e+001
      vertex -7.428950e+000 -5.000000e+000 -7.462962e+001
    endloop
  endfacet
  facet normal  4.714270e-001 -5.857503e-005 -8.819051e-001
    outer loop
      vertex -7.428950e+000 -5.000000e+000 -7.462962e+001
      vertex -7.443343e+000  0.000000e+000 -7.463765e+001
      vertex -7.270176e+000  0.000000e+000 -7.454508e+001
    endloop
  endfacet
  facet normal  4.686558e-001  5.437569e-005 -8.833808e-001
    outer loop
      vertex -7.428950e+000 -5.000000e+000 -7.462962e+001
      vertex -7.270176e+000  0.000000e+000 -7.454508e+001
      vertex -7.256610e+000 -5.000000e+000 -7.453819e+001
    endloop
  endfacet
  facet normal  4.364527e-001 -5.552088e-005 -8.997272e-001
    outer loop
      vertex -7.256610e+000 -5.000000e+000 -7.453819e+001
      vertex -7.270176e+000  0.000000e+000 -7.454508e+001
      vertex -7.093507e+000  0.000000e+000 -7.445938e+001
    endloop
  endfacet
  facet normal  4.338165e-001  5.055599e-005 -9.010013e-001
    outer loop
      vertex -7.256610e+000 -5.000000e+000 -7.453819e+001
      vertex -7.093507e+000  0.000000e+000 -7.445938e+001
      vertex -7.080834e+000 -5.000000e+000 -7.445356e+001
    endloop
  endfacet
  facet normal  4.007861e-001 -5.082432e-005 -9.161717e-001
    outer loop
      vertex -7.080834e+000 -5.000000e+000 -7.445356e+001
      vertex -7.093507e+000  0.000000e+000 -7.445938e+001
      vertex -6.913610e+000  0.000000e+000 -7.438068e+001
    endloop
  endfacet
  facet normal  3.983442e-001  4.635465e-005 -9.172360e-001
    outer loop
      vertex -7.080834e+000 -5.000000e+000 -7.445356e+001
      vertex -6.913610e+000  0.000000e+000 -7.438068e+001
      vertex -6.901891e+000 -5.000000e+000 -7.437585e+001
    endloop
  endfacet
  facet normal  3.645292e-001 -4.640705e-005 -9.311920e-001
    outer loop
      vertex -6.901891e+000 -5.000000e+000 -7.437585e+001
      vertex -6.913610e+000  0.000000e+000 -7.438068e+001
      vertex -6.730762e+000  0.000000e+000 -7.430910e+001
    endloop
  endfacet
  facet normal  3.622839e-001  4.212819e-005 -9.320678e-001
    outer loop
      vertex -6.901891e+000 -5.000000e+000 -7.437585e+001
      vertex -6.730762e+000  0.000000e+000 -7.430910e+001
      vertex -6.720052e+000 -5.000000e+000 -7.430517e+001
    endloop
  endfacet
  facet normal  3.276607e-001 -4.205427e-005 -9.447954e-001
    outer loop
      vertex -6.720052e+000 -5.000000e+000 -7.430517e+001
      vertex -6.730762e+000  0.000000e+000 -7.430910e+001
      vertex -6.545244e+000  0.000000e+000 -7.424477e+001
    endloop
  endfacet
  facet normal  3.256076e-001  3.830047e-005 -9.455050e-001
    outer loop
      vertex -6.720052e+000 -5.000000e+000 -7.430517e+001
      vertex -6.545244e+000  0.000000e+000 -7.424477e+001
      vertex -6.535594e+000 -5.000000e+000 -7.424165e+001
    endloop
  endfacet
  facet normal  2.902856e-001 -3.700219e-005 -9.569401e-001
    outer loop
      vertex -6.535594e+000 -5.000000e+000 -7.424165e+001
      vertex -6.545244e+000  0.000000e+000 -7.424477e+001
      vertex -6.357343e+000  0.000000e+000 -7.418777e+001
    endloop
  endfacet
  facet normal  2.884926e-001  3.275883e-005 -9.574821e-001
    outer loop
      vertex -6.535594e+000 -5.000000e+000 -7.424165e+001
      vertex -6.357343e+000  0.000000e+000 -7.418777e+001
      vertex -6.348799e+000 -5.000000e+000 -7.418536e+001
    endloop
  endfacet
  facet normal  2.525522e-001 -3.351113e-005 -9.675832e-001
    outer loop
      vertex -6.348799e+000 -5.000000e+000 -7.418536e+001
      vertex -6.357343e+000  0.000000e+000 -7.418777e+001
      vertex -6.167349e+000  0.000000e+000 -7.413818e+001
    endloop
  endfacet
  facet normal  2.509477e-001  2.865652e-005 -9.680007e-001
    outer loop
      vertex -6.348799e+000 -5.000000e+000 -7.418536e+001
      vertex -6.167349e+000  0.000000e+000 -7.413818e+001
      vertex -6.159950e+000 -5.000000e+000 -7.413641e+001
    endloop
  endfacet
  facet normal  2.143219e-001 -2.864130e-005 -9.767630e-001
    outer loop
      vertex -6.159950e+000 -5.000000e+000 -7.413641e+001
      vertex -6.167349e+000  0.000000e+000 -7.413818e+001
      vertex -5.975554e+000  0.000000e+000 -7.409609e+001
    endloop
  endfacet
  facet normal  2.129395e-001  2.477750e-005 -9.770653e-001
    outer loop
      vertex -6.159950e+000 -5.000000e+000 -7.413641e+001
      vertex -5.975554e+000  0.000000e+000 -7.409609e+001
      vertex -5.969336e+000 -5.000000e+000 -7.409486e+001
    endloop
  endfacet
  facet normal  1.758167e-001 -2.319563e-005 -9.844229e-001
    outer loop
      vertex -5.969336e+000 -5.000000e+000 -7.409486e+001
      vertex -5.975554e+000  0.000000e+000 -7.409609e+001
      vertex -5.782255e+000  0.000000e+000 -7.406157e+001
    endloop
  endfacet
  facet normal  1.746909e-001  2.026257e-005 -9.846233e-001
    outer loop
      vertex -5.969336e+000 -5.000000e+000 -7.409486e+001
      vertex -5.782255e+000  0.000000e+000 -7.406157e+001
      vertex -5.777246e+000 -5.000000e+000 -7.406078e+001
    endloop
  endfacet
  facet normal  1.370019e-001 -1.843028e-005 -9.905708e-001
    outer loop
      vertex -5.777246e+000 -5.000000e+000 -7.406078e+001
      vertex -5.782255e+000  0.000000e+000 -7.406157e+001
      vertex -5.587749e+000  0.000000e+000 -7.403467e+001
    endloop
  endfacet
  facet normal  1.361703e-001  1.368843e-005 -9.906855e-001
    outer loop
      vertex -5.777246e+000 -5.000000e+000 -7.406078e+001
      vertex -5.587749e+000  0.000000e+000 -7.403467e+001
      vertex -5.583972e+000 -5.000000e+000 -7.403422e+001
    endloop
  endfacet
  facet normal  9.802997e-002 -1.553151e-005 -9.951835e-001
    outer loop
      vertex -5.583972e+000 -5.000000e+000 -7.403422e+001
      vertex -5.587749e+000  0.000000e+000 -7.403467e+001
      vertex -5.392337e+000  0.000000e+000 -7.401542e+001
    endloop
  endfacet
  facet normal  9.737656e-002  9.752991e-006 -9.952476e-001
    outer loop
      vertex -5.583972e+000 -5.000000e+000 -7.403422e+001
      vertex -5.392337e+000  0.000000e+000 -7.401542e+001
      vertex -5.389809e+000 -5.000000e+000 -7.401522e+001
    endloop
  endfacet
  facet normal  5.890338e-002 -9.820173e-006 -9.982637e-001
    outer loop
      vertex -5.389809e+000 -5.000000e+000 -7.401522e+001
      vertex -5.392337e+000  0.000000e+000 -7.401542e+001
      vertex -5.196320e+000  0.000000e+000 -7.400385e+001
    endloop
  endfacet
  facet normal  5.850409e-002  5.684834e-006 -9.982871e-001
    outer loop
      vertex -5.389809e+000 -5.000000e+000 -7.401522e+001
      vertex -5.196320e+000  0.000000e+000 -7.400385e+001
      vertex -5.195053e+000 -5.000000e+000 -7.400381e+001
    endloop
  endfacet
  facet normal  1.962154e-002 -4.181583e-006 -9.998075e-001
    outer loop
      vertex -5.195053e+000 -5.000000e+000 -7.400381e+001
      vertex -5.196320e+000  0.000000e+000 -7.400385e+001
      vertex -5.000000e+000  0.000000e+000 -7.400000e+001
    endloop
  endfacet
  facet normal  1.951439e-002  0.000000e+000 -9.998096e-001
    outer loop
      vertex -5.195053e+000 -5.000000e+000 -7.400381e+001
      vertex -5.000000e+000  0.000000e+000 -7.400000e+001
      vertex -5.000000e+000 -5.000000e+000 -7.400000e+001
    endloop
  endfacet
  facet normal  8.260748e-001  3.340362e-002 -5.625696e-001
    outer loop
      vertex -9.598611e+000 -1.062364e+000 -7.703715e+001
      vertex -9.649940e+000  0.000000e+000 -7.704944e+001
      vertex -9.575526e+000  0.000000e+000 -7.694017e+001
    endloop
  endfacet
  facet normal  8.544688e-001  2.878246e-002 -5.187047e-001
    outer loop
      vertex -9.598611e+000 -1.062364e+000 -7.703715e+001
      vertex -9.575526e+000  0.000000e+000 -7.694017e+001
      vertex -9.512733e+000  0.000000e+000 -7.683673e+001
    endloop
  endfacet
  facet normal  2.963371e-002  3.699752e-001 -9.285689e-001
    outer loop
      vertex -1.138258e+001  0.000000e+000 -7.797987e+001
      vertex -1.126042e+001  0.000000e+000 -7.797597e+001
      vertex -1.146074e+001 -4.461767e-001 -7.816013e+001
    endloop
  endfacet
  facet normal  2.596177e-001  3.171914e-001 -9.121340e-001
    outer loop
      vertex -1.083957e+001 -9.391060e-001 -7.822827e+001
      vertex -1.090168e+001  0.000000e+000 -7.791938e+001
      vertex -1.078618e+001  0.000000e+000 -7.788651e+001
    endloop
  endfacet
  facet normal  3.132683e-001  3.089939e-001 -8.979898e-001
    outer loop
      vertex -1.078618e+001  0.000000e+000 -7.788651e+001
      vertex -1.067335e+001  0.000000e+000 -7.784715e+001
      vertex -1.083957e+001 -9.391060e-001 -7.822827e+001
    endloop
  endfacet
  facet normal  4.625332e-001  2.612267e-001 -8.472446e-001
    outer loop
      vertex -1.045693e+001  0.000000e+000 -7.775037e+001
      vertex -1.036654e+001  0.000000e+000 -7.770102e+001
      vertex -1.052605e+001 -1.037295e+000 -7.810793e+001
    endloop
  endfacet
  facet normal  6.389358e-001  1.671134e-001 -7.508889e-001
    outer loop
      vertex -9.998820e+000 -1.277307e+000 -7.772018e+001
      vertex -1.005972e+001  0.000000e+000 -7.748772e+001
      vertex -1.000834e+001  0.000000e+000 -7.744401e+001
    endloop
  endfacet
  facet normal  6.716941e-001  1.613378e-001 -7.230472e-001
    outer loop
      vertex -9.998820e+000 -1.277307e+000 -7.772018e+001
      vertex -1.000834e+001  0.000000e+000 -7.744401e+001
      vertex -9.909863e+000  0.000000e+000 -7.735252e+001
    endloop
  endfacet
  facet normal  9.009394e-001  9.018210e-003 -4.338512e-001
    outer loop
      vertex -9.598611e+000 -1.062364e+000 -7.703715e+001
      vertex -9.512733e+000  0.000000e+000 -7.683673e+001
      vertex -9.530049e+000 -5.306908e-001 -7.688372e+001
    endloop
  endfacet
  facet normal  8.794551e-001  1.343284e-002 -4.757922e-001
    outer loop
      vertex -9.455298e+000  0.000000e+000 -7.673057e+001
      vertex -9.530049e+000 -5.306908e-001 -7.688372e+001
      vertex -9.512733e+000  0.000000e+000 -7.683673e+001
    endloop
  endfacet
  facet normal  9.357993e-001  5.695263e-002 -3.479024e-001
    outer loop
      vertex -1.002120e+001 -4.520582e+000 -7.843238e+001
      vertex -9.936121e+000 -2.963629e+000 -7.794865e+001
      vertex -9.807948e+000 -3.108145e+000 -7.762755e+001
    endloop
  endfacet
  facet normal  9.681284e-001 -3.469734e-003 -2.504305e-001
    outer loop
      vertex -1.002120e+001 -4.520582e+000 -7.843238e+001
      vertex -9.807948e+000 -3.108145e+000 -7.762755e+001
      vertex -9.842854e+000 -3.554320e+000 -7.775631e+001
    endloop
  endfacet
  facet normal  9.632655e-001  9.976573e-003 -2.683656e-001
    outer loop
      vertex -1.002120e+001 -4.520582e+000 -7.843238e+001
      vertex -9.842854e+000 -3.554320e+000 -7.775631e+001
      vertex -9.874138e+000 -4.000937e+000 -7.788520e+001
    endloop
  endfacet
  facet normal  9.608128e-001  1.926559e-002 -2.765279e-001
    outer loop
      vertex -1.002120e+001 -4.520582e+000 -7.843238e+001
      vertex -9.874138e+000 -4.000937e+000 -7.788520e+001
      vertex -9.895259e+000 -4.336154e+000 -7.798194e+001
    endloop
  endfacet
  facet normal  9.595377e-001  2.885544e-002 -2.800979e-001
    outer loop
      vertex -1.002120e+001 -4.520582e+000 -7.843238e+001
      vertex -9.895259e+000 -4.336154e+000 -7.798194e+001
      vertex -9.931220e+000 -5.000000e+000 -7.817352e+001
    endloop
  endfacet
  facet normal  9.781216e-001  7.985989e-002 -1.920948e-001
    outer loop
      vertex -1.002120e+001 -4.520582e+000 -7.843238e+001
      vertex -9.931220e+000 -5.000000e+000 -7.817352e+001
      vertex -9.956476e+000 -5.000000e+000 -7.830212e+001
    endloop
  endfacet
  facet normal  9.670150e-001  6.353272e-002 -2.466691e-001
    outer loop
      vertex -1.002120e+001 -4.520582e+000 -7.843238e+001
      vertex -9.956476e+000 -5.000000e+000 -7.830212e+001
      vertex -9.988924e+000 -5.000000e+000 -7.842933e+001
    endloop
  endfacet
  facet normal  9.517380e-001  6.216124e-002 -3.005507e-001
    outer loop
      vertex -1.002120e+001 -4.520582e+000 -7.843238e+001
      vertex -9.988924e+000 -5.000000e+000 -7.842933e+001
      vertex -1.002854e+001 -5.000000e+000 -7.855479e+001
    endloop
  endfacet
  facet normal  9.323592e-001  7.596745e-002 -3.534621e-001
    outer loop
      vertex -1.002120e+001 -4.520582e+000 -7.843238e+001
      vertex -1.002854e+001 -5.000000e+000 -7.855479e+001
      vertex -1.007531e+001 -5.000000e+000 -7.867815e+001
    endloop
  endfacet
  facet normal  9.082708e-001  1.050904e-001 -4.049692e-001
    outer loop
      vertex -1.002120e+001 -4.520582e+000 -7.843238e+001
      vertex -1.007531e+001 -5.000000e+000 -7.867815e+001
      vertex -1.012920e+001 -5.000000e+000 -7.879900e+001
    endloop
  endfacet
  facet normal  8.783804e-001  1.493428e-001 -4.540315e-001
    outer loop
      vertex -1.002120e+001 -4.520582e+000 -7.843238e+001
      vertex -1.012920e+001 -5.000000e+000 -7.879900e+001
      vertex -1.019017e+001 -5.000000e+000 -7.891697e+001
    endloop
  endfacet
  facet normal  8.898184e-001  1.288498e-001 -4.377455e-001
    outer loop
      vertex -1.002120e+001 -4.520582e+000 -7.843238e+001
      vertex -1.019017e+001 -5.000000e+000 -7.891697e+001
      vertex -1.020202e+001 -4.375620e+000 -7.875728e+001
    endloop
  endfacet
  facet normal  1.988582e-001  3.561238e-001 -9.130341e-001
    outer loop
      vertex -1.148404e+001 -3.963048e+000 -7.953810e+001
      vertex -1.151843e+001 -5.000000e+000 -7.995005e+001
      vertex -1.157900e+001 -5.000000e+000 -7.996324e+001
    endloop
  endfacet
  facet normal  1.687767e-001  3.606320e-001 -9.173107e-001
    outer loop
      vertex -1.148404e+001 -3.963048e+000 -7.953810e+001
      vertex -1.157900e+001 -5.000000e+000 -7.996324e+001
      vertex -1.163942e+001 -5.000000e+000 -7.997436e+001
    endloop
  endfacet
  facet normal  1.383532e-001  3.663744e-001 -9.201241e-001
    outer loop
      vertex -1.148404e+001 -3.963048e+000 -7.953810e+001
      vertex -1.163942e+001 -5.000000e+000 -7.997436e+001
      vertex -1.170025e+001 -5.000000e+000 -7.998351e+001
    endloop
  endfacet
  facet normal  1.026139e-001  3.744412e-001 -9.215553e-001
    outer loop
      vertex -1.148404e+001 -3.963048e+000 -7.953810e+001
      vertex -1.170025e+001 -5.000000e+000 -7.998351e+001
      vertex -1.178234e+001 -5.000000e+000 -7.999265e+001
    endloop
  endfacet
  facet normal  6.143754e-002  3.858330e-001 -9.205207e-001
    outer loop
      vertex -1.148404e+001 -3.963048e+000 -7.953810e+001
      vertex -1.178234e+001 -5.000000e+000 -7.999265e+001
      vertex -1.186487e+001 -5.000000e+000 -7.999815e+001
    endloop
  endfacet
  facet normal  2.044106e-002  3.991715e-001 -9.166484e-001
    outer loop
      vertex -1.148404e+001 -3.963048e+000 -7.953810e+001
      vertex -1.186487e+001 -5.000000e+000 -7.999815e+001
      vertex -1.194767e+001 -5.000000e+000 -8.000000e+001
    endloop
  endfacet
  facet normal  9.794288e-002  3.680726e-001 -9.246242e-001
    outer loop
      vertex -1.148404e+001 -3.963048e+000 -7.953810e+001
      vertex -1.194767e+001 -5.000000e+000 -8.000000e+001
      vertex -1.191741e+001 -4.461009e+000 -7.978223e+001
    endloop
  endfacet
  facet normal  9.956765e-002  3.668178e-001 -9.249491e-001
    outer loop
      vertex -1.148404e+001 -3.963048e+000 -7.953810e+001
      vertex -1.191741e+001 -4.461009e+000 -7.978223e+001
      vertex -1.188015e+001 -3.922341e+000 -7.956460e+001
    endloop
  endfacet
  facet normal  9.930294e-002  3.633274e-001 -9.263542e-001
    outer loop
      vertex -1.148404e+001 -3.963048e+000 -7.953810e+001
      vertex -1.188015e+001 -3.922341e+000 -7.956460e+001
      vertex -1.136017e+001 -2.408862e+000 -7.891525e+001
    endloop
  endfacet
  facet normal  3.868000e-001  3.233453e-001 -8.636165e-001
    outer loop
      vertex -1.110369e+001 -4.031966e+000 -7.943882e+001
      vertex -1.111555e+001 -5.000000e+000 -7.980657e+001
      vertex -1.122658e+001 -5.000000e+000 -7.985630e+001
    endloop
  endfacet
  facet normal  3.304076e-001  3.380904e-001 -8.812070e-001
    outer loop
      vertex -1.110369e+001 -4.031966e+000 -7.943882e+001
      vertex -1.122658e+001 -5.000000e+000 -7.985630e+001
      vertex -1.134102e+001 -5.000000e+000 -7.989921e+001
    endloop
  endfacet
  facet normal  2.716838e-001  3.582091e-001 -8.932380e-001
    outer loop
      vertex -1.110369e+001 -4.031966e+000 -7.943882e+001
      vertex -1.134102e+001 -5.000000e+000 -7.989921e+001
      vertex -1.145844e+001 -5.000000e+000 -7.993492e+001
    endloop
  endfacet
  facet normal  2.264398e-001  3.772339e-001 -8.980086e-001
    outer loop
      vertex -1.110369e+001 -4.031966e+000 -7.943882e+001
      vertex -1.145844e+001 -5.000000e+000 -7.993492e+001
      vertex -1.151843e+001 -5.000000e+000 -7.995005e+001
    endloop
  endfacet
  facet normal  2.950420e-001  3.442974e-001 -8.912964e-001
    outer loop
      vertex -1.110369e+001 -4.031966e+000 -7.943882e+001
      vertex -1.151843e+001 -5.000000e+000 -7.995005e+001
      vertex -1.148404e+001 -3.963048e+000 -7.953810e+001
    endloop
  endfacet
  facet normal  6.432317e-001  2.579157e-001 -7.209247e-001
    outer loop
      vertex -1.075426e+001 -4.126350e+000 -7.927072e+001
      vertex -1.044967e+001 -4.242442e+000 -7.904048e+001
      vertex -1.073222e+001 -5.000000e+000 -7.956361e+001
    endloop
  endfacet
  facet normal  5.905614e-001  2.698649e-001 -7.605327e-001
    outer loop
      vertex -1.075426e+001 -4.126350e+000 -7.927072e+001
      vertex -1.073222e+001 -5.000000e+000 -7.956361e+001
      vertex -1.078363e+001 -5.000000e+000 -7.960353e+001
    endloop
  endfacet
  facet normal  5.653519e-001  2.769697e-001 -7.769587e-001
    outer loop
      vertex -1.075426e+001 -4.126350e+000 -7.927072e+001
      vertex -1.078363e+001 -5.000000e+000 -7.960353e+001
      vertex -1.083548e+001 -5.000000e+000 -7.964126e+001
    endloop
  endfacet
  facet normal  5.393291e-001  2.858140e-001 -7.921076e-001
    outer loop
      vertex -1.075426e+001 -4.126350e+000 -7.927072e+001
      vertex -1.083548e+001 -5.000000e+000 -7.964126e+001
      vertex -1.088863e+001 -5.000000e+000 -7.967744e+001
    endloop
  endfacet
  facet normal  5.076342e-001  2.982316e-001 -8.083103e-001
    outer loop
      vertex -1.075426e+001 -4.126350e+000 -7.927072e+001
      vertex -1.088863e+001 -5.000000e+000 -7.967744e+001
      vertex -1.096211e+001 -5.000000e+000 -7.972359e+001
    endloop
  endfacet
  facet normal  4.695087e-001  3.157201e-001 -8.245497e-001
    outer loop
      vertex -1.075426e+001 -4.126350e+000 -7.927072e+001
      vertex -1.096211e+001 -5.000000e+000 -7.972359e+001
      vertex -1.103779e+001 -5.000000e+000 -7.976669e+001
    endloop
  endfacet
  facet normal  4.298256e-001  3.362210e-001 -8.379770e-001
    outer loop
      vertex -1.075426e+001 -4.126350e+000 -7.927072e+001
      vertex -1.103779e+001 -5.000000e+000 -7.976669e+001
      vertex -1.111555e+001 -5.000000e+000 -7.980657e+001
    endloop
  endfacet
  facet normal  4.786215e-001  3.066836e-001 -8.227190e-001
    outer loop
      vertex -1.075426e+001 -4.126350e+000 -7.927072e+001
      vertex -1.111555e+001 -5.000000e+000 -7.980657e+001
      vertex -1.110369e+001 -4.031966e+000 -7.943882e+001
    endloop
  endfacet
  facet normal  7.821545e-001  1.982874e-001 -5.906914e-001
    outer loop
      vertex -1.044967e+001 -4.242442e+000 -7.904048e+001
      vertex -1.020202e+001 -4.375620e+000 -7.875728e+001
      vertex -1.041518e+001 -5.000000e+000 -7.924911e+001
    endloop
  endfacet
  facet normal  7.383671e-001  2.101038e-001 -6.408358e-001
    outer loop
      vertex -1.044967e+001 -4.242442e+000 -7.904048e+001
      vertex -1.041518e+001 -5.000000e+000 -7.924911e+001
      vertex -1.049829e+001 -5.000000e+000 -7.934488e+001
    endloop
  endfacet
  facet normal  6.964430e-001  2.286201e-001 -6.802206e-001
    outer loop
      vertex -1.044967e+001 -4.242442e+000 -7.904048e+001
      vertex -1.049829e+001 -5.000000e+000 -7.934488e+001
      vertex -1.058735e+001 -5.000000e+000 -7.943606e+001
    endloop
  endfacet
  facet normal  6.499591e-001  2.555940e-001 -7.156989e-001
    outer loop
      vertex -1.044967e+001 -4.242442e+000 -7.904048e+001
      vertex -1.058735e+001 -5.000000e+000 -7.943606e+001
      vertex -1.068221e+001 -5.000000e+000 -7.952221e+001
    endloop
  endfacet
  facet normal  6.117560e-001  2.821491e-001 -7.390173e-001
    outer loop
      vertex -1.044967e+001 -4.242442e+000 -7.904048e+001
      vertex -1.068221e+001 -5.000000e+000 -7.952221e+001
      vertex -1.073222e+001 -5.000000e+000 -7.956361e+001
    endloop
  endfacet
  facet normal  8.508668e-001  1.452842e-001 -5.048943e-001
    outer loop
      vertex -1.020202e+001 -4.375620e+000 -7.875728e+001
      vertex -1.019017e+001 -5.000000e+000 -7.891697e+001
      vertex -1.025820e+001 -5.000000e+000 -7.903161e+001
    endloop
  endfacet
  facet normal  8.252140e-001  1.633204e-001 -5.406923e-001
    outer loop
      vertex -1.020202e+001 -4.375620e+000 -7.875728e+001
      vertex -1.025820e+001 -5.000000e+000 -7.903161e+001
      vertex -1.029501e+001 -5.000000e+000 -7.908779e+001
    endloop
  endfacet
  facet normal  8.065116e-001  1.782830e-001 -5.636968e-001
    outer loop
      vertex -1.020202e+001 -4.375620e+000 -7.875728e+001
      vertex -1.029501e+001 -5.000000e+000 -7.908779e+001
      vertex -1.033358e+001 -5.000000e+000 -7.914297e+001
    endloop
  endfacet
  facet normal  7.863953e-001  1.961473e-001 -5.857548e-001
    outer loop
      vertex -1.020202e+001 -4.375620e+000 -7.875728e+001
      vertex -1.033358e+001 -5.000000e+000 -7.914297e+001
      vertex -1.037352e+001 -5.000000e+000 -7.919660e+001
    endloop
  endfacet
  facet normal  7.648364e-001  2.167764e-001 -6.066576e-001
    outer loop
      vertex -1.020202e+001 -4.375620e+000 -7.875728e+001
      vertex -1.037352e+001 -5.000000e+000 -7.919660e+001
      vertex -1.041518e+001 -5.000000e+000 -7.924911e+001
    endloop
  endfacet
  facet normal  5.683809e-001  2.232397e-001 -7.919010e-001
    outer loop
      vertex -1.024291e+001 -1.151191e+000 -7.793681e+001
      vertex -1.052605e+001 -1.037295e+000 -7.810793e+001
      vertex -1.036654e+001  0.000000e+000 -7.770102e+001
    endloop
  endfacet
  facet normal  5.065858e-001  2.248874e-001 -8.323439e-001
    outer loop
      vertex -1.024291e+001 -1.151191e+000 -7.793681e+001
      vertex -1.036654e+001  0.000000e+000 -7.770102e+001
      vertex -1.027893e+001  0.000000e+000 -7.764770e+001
    endloop
  endfacet
  facet normal  5.450310e-001  2.202217e-001 -8.089769e-001
    outer loop
      vertex -1.024291e+001 -1.151191e+000 -7.793681e+001
      vertex -1.027893e+001  0.000000e+000 -7.764770e+001
      vertex -1.019421e+001  0.000000e+000 -7.759062e+001
    endloop
  endfacet
  facet normal  5.822738e-001  2.114405e-001 -7.850160e-001
    outer loop
      vertex -1.024291e+001 -1.151191e+000 -7.793681e+001
      vertex -1.019421e+001  0.000000e+000 -7.759062e+001
      vertex -1.011249e+001  0.000000e+000 -7.753001e+001
    endloop
  endfacet
  facet normal  6.125486e-001  2.007646e-001 -7.645115e-001
    outer loop
      vertex -1.024291e+001 -1.151191e+000 -7.793681e+001
      vertex -1.011249e+001  0.000000e+000 -7.753001e+001
      vertex -1.005972e+001  0.000000e+000 -7.748772e+001
    endloop
  endfacet
  facet normal  7.001992e-001  1.600063e-001 -6.957867e-001
    outer loop
      vertex -1.024291e+001 -1.151191e+000 -7.793681e+001
      vertex -1.005972e+001  0.000000e+000 -7.748772e+001
      vertex -9.998820e+000 -1.277307e+000 -7.772018e+001
    endloop
  endfacet
  facet normal  9.177501e-002  3.610076e-001 -9.280360e-001
    outer loop
      vertex -1.117387e+001 -8.596286e-001 -7.829417e+001
      vertex -1.136017e+001 -2.408862e+000 -7.891525e+001
      vertex -1.171684e+001 -2.236660e+000 -7.888354e+001
    endloop
  endfacet
  facet normal  8.242966e-002  3.644860e-001 -9.275534e-001
    outer loop
      vertex -1.117387e+001 -8.596286e-001 -7.829417e+001
      vertex -1.171684e+001 -2.236660e+000 -7.888354e+001
      vertex -1.166100e+001 -1.788228e+000 -7.870236e+001
    endloop
  endfacet
  facet normal  8.499848e-002  3.632497e-001 -9.278066e-001
    outer loop
      vertex -1.117387e+001 -8.596286e-001 -7.829417e+001
      vertex -1.166100e+001 -1.788228e+000 -7.870236e+001
      vertex -1.159980e+001 -1.340321e+000 -7.852139e+001
    endloop
  endfacet
  facet normal  8.648611e-002  3.620822e-001 -9.281253e-001
    outer loop
      vertex -1.117387e+001 -8.596286e-001 -7.829417e+001
      vertex -1.159980e+001 -1.340321e+000 -7.852139e+001
      vertex -1.153310e+001 -8.929619e-001 -7.834065e+001
    endloop
  endfacet
  facet normal  8.662241e-002  3.611188e-001 -9.284879e-001
    outer loop
      vertex -1.117387e+001 -8.596286e-001 -7.829417e+001
      vertex -1.153310e+001 -8.929619e-001 -7.834065e+001
      vertex -1.146074e+001 -4.461767e-001 -7.816013e+001
    endloop
  endfacet
  facet normal  7.230053e-002  3.526328e-001 -9.329645e-001
    outer loop
      vertex -1.117387e+001 -8.596286e-001 -7.829417e+001
      vertex -1.146074e+001 -4.461767e-001 -7.816013e+001
      vertex -1.126042e+001  0.000000e+000 -7.797597e+001
    endloop
  endfacet
  facet normal  8.875103e-002  3.536240e-001 -9.311677e-001
    outer loop
      vertex -1.117387e+001 -8.596286e-001 -7.829417e+001
      vertex -1.126042e+001  0.000000e+000 -7.797597e+001
      vertex -1.113923e+001  0.000000e+000 -7.796442e+001
    endloop
  endfacet
  facet normal  1.465589e-001  3.491357e-001 -9.255402e-001
    outer loop
      vertex -1.117387e+001 -8.596286e-001 -7.829417e+001
      vertex -1.113923e+001  0.000000e+000 -7.796442e+001
      vertex -1.101950e+001  0.000000e+000 -7.794546e+001
    endloop
  endfacet
  facet normal  2.035090e-001  3.364391e-001 -9.194524e-001
    outer loop
      vertex -1.117387e+001 -8.596286e-001 -7.829417e+001
      vertex -1.101950e+001  0.000000e+000 -7.794546e+001
      vertex -1.090168e+001  0.000000e+000 -7.791938e+001
    endloop
  endfacet
  facet normal  2.554708e-001  3.172906e-001 -9.132696e-001
    outer loop
      vertex -1.117387e+001 -8.596286e-001 -7.829417e+001
      vertex -1.090168e+001  0.000000e+000 -7.791938e+001
      vertex -1.083957e+001 -9.391060e-001 -7.822827e+001
    endloop
  endfacet
  facet normal  9.032534e-001  5.425844e-002 -4.256634e-001
    outer loop
      vertex -9.936121e+000 -2.963629e+000 -7.794865e+001
      vertex -9.801245e+000 -1.411785e+000 -7.746464e+001
      vertex -9.661216e+000 -1.594921e+000 -7.719084e+001
    endloop
  endfacet
  facet normal  9.422079e-001 -3.758918e-003 -3.350077e-001
    outer loop
      vertex -9.936121e+000 -2.963629e+000 -7.794865e+001
      vertex -9.661216e+000 -1.594921e+000 -7.719084e+001
      vertex -9.718072e+000 -2.128298e+000 -7.734476e+001
    endloop
  endfacet
  facet normal  9.347241e-001  1.275264e-002 -3.551451e-001
    outer loop
      vertex -9.936121e+000 -2.963629e+000 -7.794865e+001
      vertex -9.718072e+000 -2.128298e+000 -7.734476e+001
      vertex -9.769357e+000 -2.662452e+000 -7.749892e+001
    endloop
  endfacet
  facet normal  9.320983e-001  2.359995e-002 -3.614357e-001
    outer loop
      vertex -9.936121e+000 -2.963629e+000 -7.794865e+001
      vertex -9.769357e+000 -2.662452e+000 -7.749892e+001
      vertex -9.807948e+000 -3.108145e+000 -7.762755e+001
    endloop
  endfacet
  facet normal  8.877806e-002  3.668125e-001 -9.260492e-001
    outer loop
      vertex -1.136017e+001 -2.408862e+000 -7.891525e+001
      vertex -1.188015e+001 -3.922341e+000 -7.956460e+001
      vertex -1.183364e+001 -3.359831e+000 -7.933733e+001
    endloop
  endfacet
  facet normal  9.116174e-002  3.657155e-001 -9.262514e-001
    outer loop
      vertex -1.136017e+001 -2.408862e+000 -7.891525e+001
      vertex -1.183364e+001 -3.359831e+000 -7.933733e+001
      vertex -1.180726e+001 -3.076909e+000 -7.922302e+001
    endloop
  endfacet
  facet normal  9.229711e-002  3.650286e-001 -9.264100e-001
    outer loop
      vertex -1.136017e+001 -2.408862e+000 -7.891525e+001
      vertex -1.180726e+001 -3.076909e+000 -7.922302e+001
      vertex -1.177886e+001 -2.794152e+000 -7.910878e+001
    endloop
  endfacet
  facet normal  9.300602e-002  3.643557e-001 -9.266039e-001
    outer loop
      vertex -1.136017e+001 -2.408862e+000 -7.891525e+001
      vertex -1.177886e+001 -2.794152e+000 -7.910878e+001
      vertex -1.174885e+001 -2.515314e+000 -7.899612e+001
    endloop
  endfacet
  facet normal  9.321303e-002  3.637615e-001 -9.268165e-001
    outer loop
      vertex -1.136017e+001 -2.408862e+000 -7.891525e+001
      vertex -1.174885e+001 -2.515314e+000 -7.899612e+001
      vertex -1.171684e+001 -2.236660e+000 -7.888354e+001
    endloop
  endfacet
  facet normal  8.746657e-001  3.666800e-002 -4.833376e-001
    outer loop
      vertex -9.598611e+000 -1.062364e+000 -7.703715e+001
      vertex -9.661216e+000 -1.594921e+000 -7.719084e+001
      vertex -9.649940e+000  0.000000e+000 -7.704944e+001
    endloop
  endfacet
  facet normal  8.984846e-001  3.246258e-002 -4.378032e-001
    outer loop
      vertex -9.649940e+000  0.000000e+000 -7.704944e+001
      vertex -9.661216e+000 -1.594921e+000 -7.719084e+001
      vertex -9.801245e+000 -1.411785e+000 -7.746464e+001
    endloop
  endfacet
  facet normal  7.909225e-001  9.310105e-002 -6.047924e-001
    outer loop
      vertex -9.649940e+000  0.000000e+000 -7.704944e+001
      vertex -9.801245e+000 -1.411785e+000 -7.746464e+001
      vertex -9.730536e+000  0.000000e+000 -7.715484e+001
    endloop
  endfacet
  facet normal  4.187097e-001  2.768932e-001 -8.648771e-001
    outer loop
      vertex -1.083957e+001 -9.391060e-001 -7.822827e+001
      vertex -1.067335e+001  0.000000e+000 -7.784715e+001
      vertex -1.052605e+001 -1.037295e+000 -7.810793e+001
    endloop
  endfacet
  facet normal  3.678023e-001  2.755153e-001 -8.881513e-001
    outer loop
      vertex -1.052605e+001 -1.037295e+000 -7.810793e+001
      vertex -1.067335e+001  0.000000e+000 -7.784715e+001
      vertex -1.056351e+001  0.000000e+000 -7.780166e+001
    endloop
  endfacet
  facet normal  4.173873e-001  2.711585e-001 -8.673297e-001
    outer loop
      vertex -1.052605e+001 -1.037295e+000 -7.810793e+001
      vertex -1.056351e+001  0.000000e+000 -7.780166e+001
      vertex -1.045693e+001  0.000000e+000 -7.775037e+001
    endloop
  endfacet
  facet normal  7.552267e-001  1.041797e-001 -6.471317e-001
    outer loop
      vertex -9.730536e+000  0.000000e+000 -7.715484e+001
      vertex -9.801245e+000 -1.411785e+000 -7.746464e+001
      vertex -9.817215e+000  0.000000e+000 -7.725600e+001
    endloop
  endfacet
  facet normal  8.110230e-001  9.449553e-002 -5.773320e-001
    outer loop
      vertex -9.817215e+000  0.000000e+000 -7.725600e+001
      vertex -9.801245e+000 -1.411785e+000 -7.746464e+001
      vertex -9.998820e+000 -1.277307e+000 -7.772018e+001
    endloop
  endfacet
  facet normal  7.135716e-001  1.474390e-001 -6.848922e-001
    outer loop
      vertex -9.817215e+000  0.000000e+000 -7.725600e+001
      vertex -9.998820e+000 -1.277307e+000 -7.772018e+001
      vertex -9.909863e+000  0.000000e+000 -7.735252e+001
    endloop
  endfacet
  facet normal  2.757770e-001  3.289209e-001 -9.031932e-001
    outer loop
      vertex -1.136017e+001 -2.408862e+000 -7.891525e+001
      vertex -1.117387e+001 -8.596286e-001 -7.829417e+001
      vertex -1.100223e+001 -2.483340e+000 -7.883308e+001
    endloop
  endfacet
  facet normal  2.572990e-001  3.287881e-001 -9.086780e-001
    outer loop
      vertex -1.100223e+001 -2.483340e+000 -7.883308e+001
      vertex -1.117387e+001 -8.596286e-001 -7.829417e+001
      vertex -1.083957e+001 -9.391060e-001 -7.822827e+001
    endloop
  endfacet
  facet normal  4.489149e-001  2.844788e-001 -8.470815e-001
    outer loop
      vertex -1.100223e+001 -2.483340e+000 -7.883308e+001
      vertex -1.083957e+001 -9.391060e-001 -7.822827e+001
      vertex -1.066988e+001 -2.579752e+000 -7.868933e+001
    endloop
  endfacet
  facet normal  4.200776e-001  2.855206e-001 -8.614017e-001
    outer loop
      vertex -1.066988e+001 -2.579752e+000 -7.868933e+001
      vertex -1.083957e+001 -9.391060e-001 -7.822827e+001
      vertex -1.052605e+001 -1.037295e+000 -7.810793e+001
    endloop
  endfacet
  facet normal  6.063499e-001  2.303456e-001 -7.611049e-001
    outer loop
      vertex -1.066988e+001 -2.579752e+000 -7.868933e+001
      vertex -1.052605e+001 -1.037295e+000 -7.810793e+001
      vertex -1.037478e+001 -2.694713e+000 -7.848903e+001
    endloop
  endfacet
  facet normal  5.699579e-001  2.331835e-001 -7.878917e-001
    outer loop
      vertex -1.037478e+001 -2.694713e+000 -7.848903e+001
      vertex -1.052605e+001 -1.037295e+000 -7.810793e+001
      vertex -1.024291e+001 -1.151191e+000 -7.793681e+001
    endloop
  endfacet
  facet normal  7.425324e-001  1.684887e-001 -6.482725e-001
    outer loop
      vertex -1.037478e+001 -2.694713e+000 -7.848903e+001
      vertex -1.024291e+001 -1.151191e+000 -7.793681e+001
      vertex -1.012730e+001 -2.824187e+000 -7.823921e+001
    endloop
  endfacet
  facet normal  7.023281e-001  1.733304e-001 -6.904288e-001
    outer loop
      vertex -1.012730e+001 -2.824187e+000 -7.823921e+001
      vertex -1.024291e+001 -1.151191e+000 -7.793681e+001
      vertex -9.998820e+000 -1.277307e+000 -7.772018e+001
    endloop
  endfacet
  facet normal  8.526999e-001  1.011444e-001 -5.125160e-001
    outer loop
      vertex -1.012730e+001 -2.824187e+000 -7.823921e+001
      vertex -9.998820e+000 -1.277307e+000 -7.772018e+001
      vertex -9.936121e+000 -2.963629e+000 -7.794865e+001
    endloop
  endfacet
  facet normal  8.131441e-001  1.077338e-001 -5.720053e-001
    outer loop
      vertex -9.936121e+000 -2.963629e+000 -7.794865e+001
      vertex -9.998820e+000 -1.277307e+000 -7.772018e+001
      vertex -9.801245e+000 -1.411785e+000 -7.746464e+001
    endloop
  endfacet
  facet normal  2.943567e-001  3.352089e-001 -8.949800e-001
    outer loop
      vertex -1.148404e+001 -3.963048e+000 -7.953810e+001
      vertex -1.136017e+001 -2.408862e+000 -7.891525e+001
      vertex -1.110369e+001 -4.031966e+000 -7.943882e+001
    endloop
  endfacet
  facet normal  2.764008e-001  3.343192e-001 -9.010179e-001
    outer loop
      vertex -1.110369e+001 -4.031966e+000 -7.943882e+001
      vertex -1.136017e+001 -2.408862e+000 -7.891525e+001
      vertex -1.100223e+001 -2.483340e+000 -7.883308e+001
    endloop
  endfacet
  facet normal  4.775798e-001  2.927300e-001 -8.283880e-001
    outer loop
      vertex -1.110369e+001 -4.031966e+000 -7.943882e+001
      vertex -1.100223e+001 -2.483340e+000 -7.883308e+001
      vertex -1.075426e+001 -4.126350e+000 -7.927072e+001
    endloop
  endfacet
  facet normal  4.498613e-001  2.926492e-001 -8.437899e-001
    outer loop
      vertex -1.075426e+001 -4.126350e+000 -7.927072e+001
      vertex -1.100223e+001 -2.483340e+000 -7.883308e+001
      vertex -1.066988e+001 -2.579752e+000 -7.868933e+001
    endloop
  endfacet
  facet normal  6.418418e-001  2.389007e-001 -7.286738e-001
    outer loop
      vertex -1.075426e+001 -4.126350e+000 -7.927072e+001
      vertex -1.066988e+001 -2.579752e+000 -7.868933e+001
      vertex -1.044967e+001 -4.242442e+000 -7.904048e+001
    endloop
  endfacet
  facet normal  6.075118e-001  2.403517e-001 -7.570737e-001
    outer loop
      vertex -1.044967e+001 -4.242442e+000 -7.904048e+001
      vertex -1.066988e+001 -2.579752e+000 -7.868933e+001
      vertex -1.037478e+001 -2.694713e+000 -7.848903e+001
    endloop
  endfacet
  facet normal  7.805618e-001  1.759450e-001 -5.998054e-001
    outer loop
      vertex -1.044967e+001 -4.242442e+000 -7.904048e+001
      vertex -1.037478e+001 -2.694713e+000 -7.848903e+001
      vertex -1.020202e+001 -4.375620e+000 -7.875728e+001
    endloop
  endfacet
  facet normal  7.437804e-001  1.792099e-001 -6.439523e-001
    outer loop
      vertex -1.020202e+001 -4.375620e+000 -7.875728e+001
      vertex -1.037478e+001 -2.694713e+000 -7.848903e+001
      vertex -1.012730e+001 -2.824187e+000 -7.823921e+001
    endloop
  endfacet
  facet normal  8.882450e-001  1.064402e-001 -4.468684e-001
    outer loop
      vertex -1.020202e+001 -4.375620e+000 -7.875728e+001
      vertex -1.012730e+001 -2.824187e+000 -7.823921e+001
      vertex -1.002120e+001 -4.520582e+000 -7.843238e+001
    endloop
  endfacet
  facet normal  8.538850e-001  1.113003e-001 -5.084218e-001
    outer loop
      vertex -1.002120e+001 -4.520582e+000 -7.843238e+001
      vertex -1.012730e+001 -2.824187e+000 -7.823921e+001
      vertex -9.936121e+000 -2.963629e+000 -7.794865e+001
    endloop
  endfacet
  facet normal -1.000000e+000  0.000000e+000  0.000000e+000
    outer loop
      vertex -2.000000e+001 -5.000000e+000 -7.784293e+001
      vertex -2.000000e+001 -5.000000e+000 -1.300000e+001
      vertex -2.000000e+001  0.000000e+000 -7.582280e+001
    endloop
  endfacet
  facet normal -1.000000e+000  0.000000e+000  0.000000e+000
    outer loop
      vertex -2.000000e+001  0.000000e+000 -7.582280e+001
      vertex -2.000000e+001 -5.000000e+000 -1.300000e+001
      vertex -2.000000e+001  0.000000e+000 -1.300000e+001
    endloop
  endfacet
  facet normal -2.971013e-002  3.744417e-001 -9.267743e-001
    outer loop
      vertex -1.800000e+001  0.000000e+000 -7.797987e+001
      vertex -1.800000e+001 -5.000000e+000 -8.000000e+001
      vertex -1.811876e+001  0.000000e+000 -7.797606e+001
    endloop
  endfacet
  facet normal -2.902690e-002  3.744632e-001 -9.267873e-001
    outer loop
      vertex -1.811876e+001  0.000000e+000 -7.797606e+001
      vertex -1.800000e+001 -5.000000e+000 -8.000000e+001
      vertex -1.811595e+001 -5.000000e+000 -7.999637e+001
    endloop
  endfacet
  facet normal -8.894814e-002  3.731071e-001 -9.235146e-001
    outer loop
      vertex -1.811876e+001  0.000000e+000 -7.797606e+001
      vertex -1.811595e+001 -5.000000e+000 -7.999637e+001
      vertex -1.823702e+001  0.000000e+000 -7.796467e+001
    endloop
  endfacet
  facet normal -8.688731e-002  3.732185e-001 -9.236658e-001
    outer loop
      vertex -1.823702e+001  0.000000e+000 -7.796467e+001
      vertex -1.811595e+001 -5.000000e+000 -7.999637e+001
      vertex -1.823145e+001 -5.000000e+000 -7.998550e+001
    endloop
  endfacet
  facet normal -1.479219e-001  3.704548e-001 -9.169964e-001
    outer loop
      vertex -1.823702e+001  0.000000e+000 -7.796467e+001
      vertex -1.823145e+001 -5.000000e+000 -7.998550e+001
      vertex -1.835432e+001  0.000000e+000 -7.794575e+001
    endloop
  endfacet
  facet normal -1.444044e-001  3.707254e-001 -9.174476e-001
    outer loop
      vertex -1.835432e+001  0.000000e+000 -7.794575e+001
      vertex -1.823145e+001 -5.000000e+000 -7.998550e+001
      vertex -1.834603e+001 -5.000000e+000 -7.996747e+001
    endloop
  endfacet
  facet normal -2.061916e-001  3.665113e-001 -9.072787e-001
    outer loop
      vertex -1.835432e+001  0.000000e+000 -7.794575e+001
      vertex -1.834603e+001 -5.000000e+000 -7.996747e+001
      vertex -1.847017e+001  0.000000e+000 -7.791942e+001
    endloop
  endfacet
  facet normal -2.014119e-001  3.669902e-001 -9.081582e-001
    outer loop
      vertex -1.847017e+001  0.000000e+000 -7.791942e+001
      vertex -1.834603e+001 -5.000000e+000 -7.996747e+001
      vertex -1.845928e+001 -5.000000e+000 -7.994235e+001
    endloop
  endfacet
  facet normal -2.637049e-001  3.612841e-001 -8.943901e-001
    outer loop
      vertex -1.847017e+001  0.000000e+000 -7.791942e+001
      vertex -1.845928e+001 -5.000000e+000 -7.994235e+001
      vertex -1.858413e+001  0.000000e+000 -7.788582e+001
    endloop
  endfacet
  facet normal -2.576230e-001  3.620389e-001 -8.958561e-001
    outer loop
      vertex -1.858413e+001  0.000000e+000 -7.788582e+001
      vertex -1.845928e+001 -5.000000e+000 -7.994235e+001
      vertex -1.857076e+001 -5.000000e+000 -7.991029e+001
    endloop
  endfacet
  facet normal -3.201105e-001  3.548152e-001 -8.784277e-001
    outer loop
      vertex -1.858413e+001  0.000000e+000 -7.788582e+001
      vertex -1.857076e+001 -5.000000e+000 -7.991029e+001
      vertex -1.869576e+001  0.000000e+000 -7.784514e+001
    endloop
  endfacet
  facet normal -3.127841e-001  3.559053e-001 -8.806234e-001
    outer loop
      vertex -1.869576e+001  0.000000e+000 -7.784514e+001
      vertex -1.857076e+001 -5.000000e+000 -7.991029e+001
      vertex -1.868007e+001 -5.000000e+000 -7.987147e+001
    endloop
  endfacet
  facet normal -3.752825e-001  3.471305e-001 -8.594553e-001
    outer loop
      vertex -1.869576e+001  0.000000e+000 -7.784514e+001
      vertex -1.868007e+001 -5.000000e+000 -7.987147e+001
      vertex -1.880465e+001  0.000000e+000 -7.779759e+001
    endloop
  endfacet
  facet normal -3.668877e-001  3.485950e-001 -8.624819e-001
    outer loop
      vertex -1.880465e+001  0.000000e+000 -7.779759e+001
      vertex -1.868007e+001 -5.000000e+000 -7.987147e+001
      vertex -1.878682e+001 -5.000000e+000 -7.982606e+001
    endloop
  endfacet
  facet normal -4.289500e-001  3.382784e-001 -8.375975e-001
    outer loop
      vertex -1.880465e+001  0.000000e+000 -7.779759e+001
      vertex -1.878682e+001 -5.000000e+000 -7.982606e+001
      vertex -1.891041e+001  0.000000e+000 -7.774343e+001
    endloop
  endfacet
  facet normal -4.194898e-001  3.401827e-001 -8.416080e-001
    outer loop
      vertex -1.891041e+001  0.000000e+000 -7.774343e+001
      vertex -1.878682e+001 -5.000000e+000 -7.982606e+001
      vertex -1.889065e+001 -5.000000e+000 -7.977431e+001
    endloop
  endfacet
  facet normal -4.816777e-001  3.281508e-001 -8.125907e-001
    outer loop
      vertex -1.891041e+001  0.000000e+000 -7.774343e+001
      vertex -1.889065e+001 -5.000000e+000 -7.977431e+001
      vertex -1.901521e+001  0.000000e+000 -7.768130e+001
    endloop
  endfacet
  facet normal -4.721731e-001  3.303449e-001 -8.172666e-001
    outer loop
      vertex -1.901521e+001  0.000000e+000 -7.768130e+001
      vertex -1.889065e+001 -5.000000e+000 -7.977431e+001
      vertex -1.899726e+001 -5.000000e+000 -7.971272e+001
    endloop
  endfacet
  facet normal -5.330676e-001  3.168199e-001 -7.845152e-001
    outer loop
      vertex -1.901521e+001  0.000000e+000 -7.768130e+001
      vertex -1.899726e+001 -5.000000e+000 -7.971272e+001
      vertex -1.911599e+001  0.000000e+000 -7.761283e+001
    endloop
  endfacet
  facet normal -5.244874e-001  3.190641e-001 -7.893738e-001
    outer loop
      vertex -1.911599e+001  0.000000e+000 -7.761283e+001
      vertex -1.899726e+001 -5.000000e+000 -7.971272e+001
      vertex -1.909981e+001 -5.000000e+000 -7.964458e+001
    endloop
  endfacet
  facet normal -5.823866e-001  3.044073e-001 -7.537653e-001
    outer loop
      vertex -1.911599e+001  0.000000e+000 -7.761283e+001
      vertex -1.909981e+001 -5.000000e+000 -7.964458e+001
      vertex -1.921240e+001  0.000000e+000 -7.753834e+001
    endloop
  endfacet
  facet normal -5.746843e-001  3.066767e-001 -7.587407e-001
    outer loop
      vertex -1.921240e+001  0.000000e+000 -7.753834e+001
      vertex -1.909981e+001 -5.000000e+000 -7.964458e+001
      vertex -1.919796e+001 -5.000000e+000 -7.957024e+001
    endloop
  endfacet
  facet normal -6.294383e-001  2.909828e-001 -7.205113e-001
    outer loop
      vertex -1.921240e+001  0.000000e+000 -7.753834e+001
      vertex -1.919796e+001 -5.000000e+000 -7.957024e+001
      vertex -1.930416e+001  0.000000e+000 -7.745818e+001
    endloop
  endfacet
  facet normal -6.225954e-001  2.932448e-001 -7.255222e-001
    outer loop
      vertex -1.930416e+001  0.000000e+000 -7.745818e+001
      vertex -1.919796e+001 -5.000000e+000 -7.957024e+001
      vertex -1.929140e+001 -5.000000e+000 -7.949005e+001
    endloop
  endfacet
  facet normal -6.740716e-001  2.766129e-001 -6.849180e-001
    outer loop
      vertex -1.930416e+001  0.000000e+000 -7.745818e+001
      vertex -1.929140e+001 -5.000000e+000 -7.949005e+001
      vertex -1.939100e+001  0.000000e+000 -7.737271e+001
    endloop
  endfacet
  facet normal -6.681037e-001  2.788212e-001 -6.898522e-001
    outer loop
      vertex -1.939100e+001  0.000000e+000 -7.737271e+001
      vertex -1.929140e+001 -5.000000e+000 -7.949005e+001
      vertex -1.937985e+001 -5.000000e+000 -7.940439e+001
    endloop
  endfacet
  facet normal -7.162591e-001  2.613245e-001 -6.470568e-001
    outer loop
      vertex -1.939100e+001  0.000000e+000 -7.737271e+001
      vertex -1.937985e+001 -5.000000e+000 -7.940439e+001
      vertex -1.947268e+001  0.000000e+000 -7.728230e+001
    endloop
  endfacet
  facet normal -7.110061e-001  2.634988e-001 -6.519499e-001
    outer loop
      vertex -1.947268e+001  0.000000e+000 -7.728230e+001
      vertex -1.937985e+001 -5.000000e+000 -7.940439e+001
      vertex -1.946306e+001 -5.000000e+000 -7.931364e+001
    endloop
  endfacet
  facet normal -7.557390e-001  2.452403e-001 -6.072198e-001
    outer loop
      vertex -1.947268e+001  0.000000e+000 -7.728230e+001
      vertex -1.946306e+001 -5.000000e+000 -7.931364e+001
      vertex -1.954899e+001  0.000000e+000 -7.718732e+001
    endloop
  endfacet
  facet normal -7.512719e-001  2.473098e-001 -6.119056e-001
    outer loop
      vertex -1.954899e+001  0.000000e+000 -7.718732e+001
      vertex -1.946306e+001 -5.000000e+000 -7.931364e+001
      vertex -1.954082e+001 -5.000000e+000 -7.921817e+001
    endloop
  endfacet
  facet normal -7.925385e-001  2.283717e-001 -5.654458e-001
    outer loop
      vertex -1.954899e+001  0.000000e+000 -7.718732e+001
      vertex -1.954082e+001 -5.000000e+000 -7.921817e+001
      vertex -1.961976e+001  0.000000e+000 -7.708813e+001
    endloop
  endfacet
  facet normal -7.887638e-001  2.303334e-001 -5.699106e-001
    outer loop
      vertex -1.961976e+001  0.000000e+000 -7.708813e+001
      vertex -1.954082e+001 -5.000000e+000 -7.921817e+001
      vertex -1.961293e+001 -5.000000e+000 -7.911837e+001
    endloop
  endfacet
  facet normal -8.270317e-001  2.105217e-001 -5.212477e-001
    outer loop
      vertex -1.961976e+001  0.000000e+000 -7.708813e+001
      vertex -1.961293e+001 -5.000000e+000 -7.911837e+001
      vertex -1.968679e+001  0.000000e+000 -7.698177e+001
    endloop
  endfacet
  facet normal -8.219557e-001  2.134925e-001 -5.280245e-001
    outer loop
      vertex -1.968679e+001  0.000000e+000 -7.698177e+001
      vertex -1.961293e+001 -5.000000e+000 -7.911837e+001
      vertex -1.967384e+001 -5.000000e+000 -7.902355e+001
    endloop
  endfacet
  facet normal -8.590026e-001  1.916417e-001 -4.747504e-001
    outer loop
      vertex -1.968679e+001  0.000000e+000 -7.698177e+001
      vertex -1.967384e+001 -5.000000e+000 -7.902355e+001
      vertex -1.974761e+001  0.000000e+000 -7.687173e+001
    endloop
  endfacet
  facet normal -8.511634e-001  1.968527e-001 -4.865900e-001
    outer loop
      vertex -1.974761e+001  0.000000e+000 -7.687173e+001
      vertex -1.967384e+001 -5.000000e+000 -7.902355e+001
      vertex -1.972978e+001 -5.000000e+000 -7.892570e+001
    endloop
  endfacet
  facet normal -8.878500e-001  1.721295e-001 -4.267246e-001
    outer loop
      vertex -1.974761e+001  0.000000e+000 -7.687173e+001
      vertex -1.972978e+001 -5.000000e+000 -7.892570e+001
      vertex -1.980207e+001  0.000000e+000 -7.675842e+001
    endloop
  endfacet
  facet normal -8.778636e-001  1.797227e-001 -4.439091e-001
    outer loop
      vertex -1.980207e+001  0.000000e+000 -7.675842e+001
      vertex -1.972978e+001 -5.000000e+000 -7.892570e+001
      vertex -1.978064e+001 -5.000000e+000 -7.882512e+001
    endloop
  endfacet
  facet normal -9.134967e-001  1.520626e-001 -3.773602e-001
    outer loop
      vertex -1.980207e+001  0.000000e+000 -7.675842e+001
      vertex -1.978064e+001 -5.000000e+000 -7.882512e+001
      vertex -1.985008e+001  0.000000e+000 -7.664220e+001
    endloop
  endfacet
  facet normal -9.019993e-001  1.621615e-001 -4.001261e-001
    outer loop
      vertex -1.985008e+001  0.000000e+000 -7.664220e+001
      vertex -1.978064e+001 -5.000000e+000 -7.882512e+001
      vertex -1.982635e+001 -5.000000e+000 -7.872208e+001
    endloop
  endfacet
  facet normal -9.236411e-001  1.434533e-001 -3.553986e-001
    outer loop
      vertex -1.985008e+001  0.000000e+000 -7.664220e+001
      vertex -1.982635e+001 -5.000000e+000 -7.872208e+001
      vertex -1.986683e+001 -5.000000e+000 -7.861686e+001
    endloop
  endfacet
  facet normal -9.357912e-001  1.322099e-001 -3.268262e-001
    outer loop
      vertex -1.985008e+001  0.000000e+000 -7.664220e+001
      vertex -1.986683e+001 -5.000000e+000 -7.861686e+001
      vertex -1.989154e+001  0.000000e+000 -7.652350e+001
    endloop
  endfacet
  facet normal -9.425619e-001  1.250271e-001 -3.097502e-001
    outer loop
      vertex -1.989154e+001  0.000000e+000 -7.652350e+001
      vertex -1.986683e+001 -5.000000e+000 -7.861686e+001
      vertex -1.990203e+001 -5.000000e+000 -7.850976e+001
    endloop
  endfacet
  facet normal -9.548737e-001  1.113821e-001 -2.753365e-001
    outer loop
      vertex -1.989154e+001  0.000000e+000 -7.652350e+001
      vertex -1.990203e+001 -5.000000e+000 -7.850976e+001
      vertex -1.992637e+001  0.000000e+000 -7.640269e+001
    endloop
  endfacet
  facet normal -9.557649e-001  1.102597e-001 -2.726834e-001
    outer loop
      vertex -1.992637e+001  0.000000e+000 -7.640269e+001
      vertex -1.990203e+001 -5.000000e+000 -7.850976e+001
      vertex -1.992059e+001 -5.000000e+000 -7.844471e+001
    endloop
  endfacet
  facet normal -9.706536e-001  8.996048e-002 -2.230219e-001
    outer loop
      vertex -1.992637e+001  0.000000e+000 -7.640269e+001
      vertex -1.992059e+001 -5.000000e+000 -7.844471e+001
      vertex -1.995453e+001  0.000000e+000 -7.628015e+001
    endloop
  endfacet
  facet normal -9.645267e-001  9.933587e-002 -2.445824e-001
    outer loop
      vertex -1.995453e+001  0.000000e+000 -7.628015e+001
      vertex -1.992059e+001 -5.000000e+000 -7.844471e+001
      vertex -1.993722e+001 -5.000000e+000 -7.837914e+001
    endloop
  endfacet
  facet normal -9.759646e-001  8.147353e-002 -2.021268e-001
    outer loop
      vertex -1.995453e+001  0.000000e+000 -7.628015e+001
      vertex -1.993722e+001 -5.000000e+000 -7.837914e+001
      vertex -1.996465e+001 -5.000000e+000 -7.824667e+001
    endloop
  endfacet
  facet normal -9.830261e-001  6.887123e-002 -1.700483e-001
    outer loop
      vertex -1.995453e+001  0.000000e+000 -7.628015e+001
      vertex -1.996465e+001 -5.000000e+000 -7.824667e+001
      vertex -1.997596e+001  0.000000e+000 -7.615627e+001
    endloop
  endfacet
  facet normal -9.877295e-001  5.833443e-002 -1.448709e-001
    outer loop
      vertex -1.997596e+001  0.000000e+000 -7.615627e+001
      vertex -1.996465e+001 -5.000000e+000 -7.824667e+001
      vertex -1.998428e+001 -5.000000e+000 -7.811285e+001
    endloop
  endfacet
  facet normal -9.916429e-001  4.844159e-002 -1.195732e-001
    outer loop
      vertex -1.997596e+001  0.000000e+000 -7.615627e+001
      vertex -1.998428e+001 -5.000000e+000 -7.811285e+001
      vertex -1.998931e+001  0.000000e+000 -7.604556e+001
    endloop
  endfacet
  facet normal -9.970017e-001  2.870737e-002 -7.185644e-002
    outer loop
      vertex -1.998931e+001  0.000000e+000 -7.604556e+001
      vertex -1.998428e+001 -5.000000e+000 -7.811285e+001
      vertex -1.999733e+001  0.000000e+000 -7.593428e+001
    endloop
  endfacet
  facet normal -9.955708e-001  3.535835e-002 -8.711245e-002
    outer loop
      vertex -1.999733e+001  0.000000e+000 -7.593428e+001
      vertex -1.998428e+001 -5.000000e+000 -7.811285e+001
      vertex -1.999607e+001 -5.000000e+000 -7.797811e+001
    endloop
  endfacet
  facet normal -9.996668e-001  9.550557e-003 -2.397914e-002
    outer loop
      vertex -1.999733e+001  0.000000e+000 -7.593428e+001
      vertex -1.999607e+001 -5.000000e+000 -7.797811e+001
      vertex -2.000000e+001  0.000000e+000 -7.582280e+001
    endloop
  endfacet
  facet normal -9.995086e-001  1.174357e-002 -2.906630e-002
    outer loop
      vertex -2.000000e+001  0.000000e+000 -7.582280e+001
      vertex -1.999607e+001 -5.000000e+000 -7.797811e+001
      vertex -2.000000e+001 -5.000000e+000 -7.784293e+001
    endloop
  endfacet
  facet normal  0.000000e+000  0.000000e+000 -1.000000e+000
    outer loop
      vertex  5.000000e+000  0.000000e+000 -7.400000e+001
      vertex  5.000000e+000 -5.000000e+000 -7.400000e+001
      vertex -5.000000e+000  0.000000e+000 -7.400000e+001
    endloop
  endfacet
  facet normal  0.000000e+000  0.000000e+000 -1.000000e+000
    outer loop
      vertex -5.000000e+000  0.000000e+000 -7.400000e+001
      vertex  5.000000e+000 -5.000000e+000 -7.400000e+001
      vertex -5.000000e+000 -5.000000e+000 -7.400000e+001
    endloop
  endfacet
  facet normal -1.963330e-002  0.000000e+000  9.998072e-001
    outer loop
      vertex -1.500000e+001 -5.000000e+000 -8.000000e+000
      vertex -1.500000e+001  0.000000e+000 -8.000000e+000
      vertex -1.519630e+001 -5.000000e+000 -8.003855e+000
    endloop
  endfacet
  facet normal -1.963330e-002  0.000000e+000  9.998072e-001
    outer loop
      vertex -1.519630e+001 -5.000000e+000 -8.003855e+000
      vertex -1.500000e+001  0.000000e+000 -8.000000e+000
      vertex -1.519630e+001  0.000000e+000 -8.003855e+000
    endloop
  endfacet
  facet normal -5.887094e-002  0.000000e+000  9.982656e-001
    outer loop
      vertex -1.519630e+001 -5.000000e+000 -8.003855e+000
      vertex -1.519630e+001  0.000000e+000 -8.003855e+000
      vertex -1.539230e+001 -5.000000e+000 -8.015413e+000
    endloop
  endfacet
  facet normal -5.887094e-002  0.000000e+000  9.982656e-001
    outer loop
      vertex -1.539230e+001 -5.000000e+000 -8.015413e+000
      vertex -1.519630e+001  0.000000e+000 -8.003855e+000
      vertex -1.539230e+001  0.000000e+000 -8.015413e+000
    endloop
  endfacet
  facet normal -9.801659e-002  0.000000e+000  9.951848e-001
    outer loop
      vertex -1.539230e+001 -5.000000e+000 -8.015413e+000
      vertex -1.539230e+001  0.000000e+000 -8.015413e+000
      vertex -1.558769e+001 -5.000000e+000 -8.034657e+000
    endloop
  endfacet
  facet normal -9.801659e-002  0.000000e+000  9.951848e-001
    outer loop
      vertex -1.558769e+001 -5.000000e+000 -8.034657e+000
      vertex -1.539230e+001  0.000000e+000 -8.015413e+000
      vertex -1.558769e+001  0.000000e+000 -8.034657e+000
    endloop
  endfacet
  facet normal -1.370154e-001  0.000000e+000  9.905689e-001
    outer loop
      vertex -1.558769e+001 -5.000000e+000 -8.034657e+000
      vertex -1.558769e+001  0.000000e+000 -8.034657e+000
      vertex -1.578217e+001 -5.000000e+000 -8.061559e+000
    endloop
  endfacet
  facet normal -1.370154e-001  0.000000e+000  9.905689e-001
    outer loop
      vertex -1.578217e+001 -5.000000e+000 -8.061559e+000
      vertex -1.558769e+001  0.000000e+000 -8.034657e+000
      vertex -1.578217e+001  0.000000e+000 -8.061559e+000
    endloop
  endfacet
  facet normal -1.757920e-001  0.000000e+000  9.844273e-001
    outer loop
      vertex -1.578217e+001 -5.000000e+000 -8.061559e+000
      vertex -1.578217e+001  0.000000e+000 -8.061559e+000
      vertex -1.597545e+001 -5.000000e+000 -8.096073e+000
    endloop
  endfacet
  facet normal -1.757920e-001  0.000000e+000  9.844273e-001
    outer loop
      vertex -1.597545e+001 -5.000000e+000 -8.096073e+000
      vertex -1.578217e+001  0.000000e+000 -8.061559e+000
      vertex -1.597545e+001  0.000000e+000 -8.096073e+000
    endloop
  endfacet
  facet normal -2.143103e-001  0.000000e+000  9.767656e-001
    outer loop
      vertex -1.597545e+001 -5.000000e+000 -8.096073e+000
      vertex -1.597545e+001  0.000000e+000 -8.096073e+000
      vertex -1.616723e+001 -5.000000e+000 -8.138150e+000
    endloop
  endfacet
  facet normal -2.143103e-001  0.000000e+000  9.767656e-001
    outer loop
      vertex -1.616723e+001 -5.000000e+000 -8.138150e+000
      vertex -1.597545e+001  0.000000e+000 -8.096073e+000
      vertex -1.616723e+001  0.000000e+000 -8.138150e+000
    endloop
  endfacet
  facet normal -2.524935e-001  0.000000e+000  9.675986e-001
    outer loop
      vertex -1.616723e+001 -5.000000e+000 -8.138150e+000
      vertex -1.616723e+001  0.000000e+000 -8.138150e+000
      vertex -1.635720e+001 -5.000000e+000 -8.187724e+000
    endloop
  endfacet
  facet normal -2.524935e-001  0.000000e+000  9.675986e-001
    outer loop
      vertex -1.635720e+001 -5.000000e+000 -8.187724e+000
      vertex -1.616723e+001  0.000000e+000 -8.138150e+000
      vertex -1.635720e+001  0.000000e+000 -8.187724e+000
    endloop
  endfacet
  facet normal -2.902832e-001  0.000000e+000  9.569409e-001
    outer loop
      vertex -1.635720e+001 -5.000000e+000 -8.187724e+000
      vertex -1.635720e+001  0.000000e+000 -8.187724e+000
      vertex -1.654509e+001 -5.000000e+000 -8.244718e+000
    endloop
  endfacet
  facet normal -2.902832e-001  0.000000e+000  9.569409e-001
    outer loop
      vertex -1.654509e+001 -5.000000e+000 -8.244718e+000
      vertex -1.635720e+001  0.000000e+000 -8.187724e+000
      vertex -1.654509e+001  0.000000e+000 -8.244718e+000
    endloop
  endfacet
  facet normal -3.276294e-001  0.000000e+000  9.448063e-001
    outer loop
      vertex -1.654509e+001 -5.000000e+000 -8.244718e+000
      vertex -1.654509e+001  0.000000e+000 -8.244718e+000
      vertex -1.673059e+001 -5.000000e+000 -8.309043e+000
    endloop
  endfacet
  facet normal -3.276294e-001  0.000000e+000  9.448063e-001
    outer loop
      vertex -1.673059e+001 -5.000000e+000 -8.309043e+000
      vertex -1.654509e+001  0.000000e+000 -8.244718e+000
      vertex -1.673059e+001  0.000000e+000 -8.309043e+000
    endloop
  endfacet
  facet normal -3.644688e-001  0.000000e+000  9.312156e-001
    outer loop
      vertex -1.673059e+001 -5.000000e+000 -8.309043e+000
      vertex -1.673059e+001  0.000000e+000 -8.309043e+000
      vertex -1.691342e+001 -5.000000e+000 -8.380602e+000
    endloop
  endfacet
  facet normal -3.644688e-001  0.000000e+000  9.312156e-001
    outer loop
      vertex -1.691342e+001 -5.000000e+000 -8.380602e+000
      vertex -1.673059e+001  0.000000e+000 -8.309043e+000
      vertex -1.691342e+001  0.000000e+000 -8.380602e+000
    endloop
  endfacet
  facet normal -4.007520e-001  0.000000e+000  9.161865e-001
    outer loop
      vertex -1.691342e+001 -5.000000e+000 -8.380602e+000
      vertex -1.691342e+001  0.000000e+000 -8.380602e+000
      vertex -1.709330e+001 -5.000000e+000 -8.459284e+000
    endloop
  endfacet
  facet normal -4.007520e-001  0.000000e+000  9.161865e-001
    outer loop
      vertex -1.709330e+001 -5.000000e+000 -8.459284e+000
      vertex -1.691342e+001  0.000000e+000 -8.380602e+000
      vertex -1.709330e+001  0.000000e+000 -8.459284e+000
    endloop
  endfacet
  facet normal -4.364096e-001  0.000000e+000  8.997481e-001
    outer loop
      vertex -1.709330e+001 -5.000000e+000 -8.459284e+000
      vertex -1.709330e+001  0.000000e+000 -8.459284e+000
      vertex -1.726995e+001 -5.000000e+000 -8.544968e+000
    endloop
  endfacet
  facet normal -4.364096e-001  0.000000e+000  8.997481e-001
    outer loop
      vertex -1.726995e+001 -5.000000e+000 -8.544968e+000
      vertex -1.709330e+001  0.000000e+000 -8.459284e+000
      vertex -1.726995e+001  0.000000e+000 -8.544968e+000
    endloop
  endfacet
  facet normal -4.713968e-001  0.000000e+000  8.819212e-001
    outer loop
      vertex -1.726995e+001 -5.000000e+000 -8.544968e+000
      vertex -1.726995e+001  0.000000e+000 -8.544968e+000
      vertex -1.744311e+001 -5.000000e+000 -8.637520e+000
    endloop
  endfacet
  facet normal -4.713968e-001  0.000000e+000  8.819212e-001
    outer loop
      vertex -1.744311e+001 -5.000000e+000 -8.637520e+000
      vertex -1.726995e+001  0.000000e+000 -8.544968e+000
      vertex -1.744311e+001  0.000000e+000 -8.637520e+000
    endloop
  endfacet
  facet normal -5.056555e-001  0.000000e+000  8.627356e-001
    outer loop
      vertex -1.744311e+001 -5.000000e+000 -8.637520e+000
      vertex -1.744311e+001  0.000000e+000 -8.637520e+000
      vertex -1.761249e+001 -5.000000e+000 -8.736799e+000
    endloop
  endfacet
  facet normal -5.056555e-001  0.000000e+000  8.627356e-001
    outer loop
      vertex -1.761249e+001 -5.000000e+000 -8.736799e+000
      vertex -1.744311e+001  0.000000e+000 -8.637520e+000
      vertex -1.761249e+001  0.000000e+000 -8.736799e+000
    endloop
  endfacet
  facet normal -5.391412e-001  0.000000e+000  8.422154e-001
    outer loop
      vertex -1.761249e+001 -5.000000e+000 -8.736799e+000
      vertex -1.761249e+001  0.000000e+000 -8.736799e+000
      vertex -1.777785e+001 -5.000000e+000 -8.842652e+000
    endloop
  endfacet
  facet normal -5.391412e-001  0.000000e+000  8.422154e-001
    outer loop
      vertex -1.777785e+001 -5.000000e+000 -8.842652e+000
      vertex -1.761249e+001  0.000000e+000 -8.736799e+000
      vertex -1.777785e+001  0.000000e+000 -8.842652e+000
    endloop
  endfacet
  facet normal -5.717855e-001  0.000000e+000  8.204031e-001
    outer loop
      vertex -1.777785e+001 -5.000000e+000 -8.842652e+000
      vertex -1.777785e+001  0.000000e+000 -8.842652e+000
      vertex -1.793893e+001 -5.000000e+000 -8.954915e+000
    endloop
  endfacet
  facet normal -5.717855e-001  0.000000e+000  8.204031e-001
    outer loop
      vertex -1.793893e+001 -5.000000e+000 -8.954915e+000
      vertex -1.777785e+001  0.000000e+000 -8.842652e+000
      vertex -1.793893e+001  0.000000e+000 -8.954915e+000
    endloop
  endfacet
  facet normal -6.035566e-001  0.000000e+000  7.973201e-001
    outer loop
      vertex -1.793893e+001 -5.000000e+000 -8.954915e+000
      vertex -1.793893e+001  0.000000e+000 -8.954915e+000
      vertex -1.809547e+001 -5.000000e+000 -9.073416e+000
    endloop
  endfacet
  facet normal -6.035566e-001  0.000000e+000  7.973201e-001
    outer loop
      vertex -1.809547e+001 -5.000000e+000 -9.073416e+000
      vertex -1.793893e+001  0.000000e+000 -8.954915e+000
      vertex -1.809547e+001  0.000000e+000 -9.073416e+000
    endloop
  endfacet
  facet normal -6.343948e-001  0.000000e+000  7.730092e-001
    outer loop
      vertex -1.809547e+001 -5.000000e+000 -9.073416e+000
      vertex -1.809547e+001  0.000000e+000 -9.073416e+000
      vertex -1.824724e+001 -5.000000e+000 -9.197970e+000
    endloop
  endfacet
  facet normal -6.343948e-001  0.000000e+000  7.730092e-001
    outer loop
      vertex -1.824724e+001 -5.000000e+000 -9.197970e+000
      vertex -1.809547e+001  0.000000e+000 -9.073416e+000
      vertex -1.824724e+001  0.000000e+000 -9.197970e+000
    endloop
  endfacet
  facet normal -6.642529e-001  0.000000e+000  7.475080e-001
    outer loop
      vertex -1.824724e+001 -5.000000e+000 -9.197970e+000
      vertex -1.824724e+001  0.000000e+000 -9.197970e+000
      vertex -1.839400e+001 -5.000000e+000 -9.328387e+000
    endloop
  endfacet
  facet normal -6.642529e-001  0.000000e+000  7.475080e-001
    outer loop
      vertex -1.839400e+001 -5.000000e+000 -9.328387e+000
      vertex -1.824724e+001  0.000000e+000 -9.197970e+000
      vertex -1.839400e+001  0.000000e+000 -9.328387e+000
    endloop
  endfacet
  facet normal -6.930858e-001  0.000000e+000  7.208551e-001
    outer loop
      vertex -1.839400e+001 -5.000000e+000 -9.328387e+000
      vertex -1.839400e+001  0.000000e+000 -9.328387e+000
      vertex -1.853553e+001 -5.000000e+000 -9.464466e+000
    endloop
  endfacet
  facet normal -6.930858e-001  0.000000e+000  7.208551e-001
    outer loop
      vertex -1.853553e+001 -5.000000e+000 -9.464466e+000
      vertex -1.839400e+001  0.000000e+000 -9.328387e+000
      vertex -1.853553e+001  0.000000e+000 -9.464466e+000
    endloop
  endfacet
  facet normal -7.208552e-001  0.000000e+000  6.930857e-001
    outer loop
      vertex -1.853553e+001 -5.000000e+000 -9.464466e+000
      vertex -1.853553e+001  0.000000e+000 -9.464466e+000
      vertex -1.867161e+001 -5.000000e+000 -9.605996e+000
    endloop
  endfacet
  facet normal -7.208552e-001  0.000000e+000  6.930857e-001
    outer loop
      vertex -1.867161e+001 -5.000000e+000 -9.605996e+000
      vertex -1.853553e+001  0.000000e+000 -9.464466e+000
      vertex -1.867161e+001  0.000000e+000 -9.605996e+000
    endloop
  endfacet
  facet normal -7.475053e-001  0.000000e+000  6.642559e-001
    outer loop
      vertex -1.867161e+001 -5.000000e+000 -9.605996e+000
      vertex -1.867161e+001  0.000000e+000 -9.605996e+000
      vertex -1.880203e+001 -5.000000e+000 -9.752760e+000
    endloop
  endfacet
  facet normal -7.475053e-001  0.000000e+000  6.642559e-001
    outer loop
      vertex -1.880203e+001 -5.000000e+000 -9.752760e+000
      vertex -1.867161e+001  0.000000e+000 -9.605996e+000
      vertex -1.880203e+001  0.000000e+000 -9.752760e+000
    endloop
  endfacet
  facet normal -7.730136e-001  0.000000e+000  6.343896e-001
    outer loop
      vertex -1.880203e+001 -5.000000e+000 -9.752760e+000
      vertex -1.880203e+001  0.000000e+000 -9.752760e+000
      vertex -1.892658e+001 -5.000000e+000 -9.904531e+000
    endloop
  endfacet
  facet normal -7.730136e-001  0.000000e+000  6.343896e-001
    outer loop
      vertex -1.892658e+001 -5.000000e+000 -9.904531e+000
      vertex -1.880203e+001  0.000000e+000 -9.752760e+000
      vertex -1.892658e+001  0.000000e+000 -9.904531e+000
    endloop
  endfacet
  facet normal -7.973160e-001  0.000000e+000  6.035620e-001
    outer loop
      vertex -1.892658e+001 -5.000000e+000 -9.904531e+000
      vertex -1.892658e+001  0.000000e+000 -9.904531e+000
      vertex -1.904509e+001 -5.000000e+000 -1.006107e+001
    endloop
  endfacet
  facet normal -7.973160e-001  0.000000e+000  6.035620e-001
    outer loop
      vertex -1.904509e+001 -5.000000e+000 -1.006107e+001
      vertex -1.892658e+001  0.000000e+000 -9.904531e+000
      vertex -1.904509e+001  0.000000e+000 -1.006107e+001
    endloop
  endfacet
  facet normal -8.204031e-001  0.000000e+000  5.717855e-001
    outer loop
      vertex -1.904509e+001 -5.000000e+000 -1.006107e+001
      vertex -1.904509e+001  0.000000e+000 -1.006107e+001
      vertex -1.915735e+001 -5.000000e+000 -1.022215e+001
    endloop
  endfacet
  facet normal -8.204031e-001  0.000000e+000  5.717855e-001
    outer loop
      vertex -1.915735e+001 -5.000000e+000 -1.022215e+001
      vertex -1.904509e+001  0.000000e+000 -1.006107e+001
      vertex -1.915735e+001  0.000000e+000 -1.022215e+001
    endloop
  endfacet
  facet normal -8.422189e-001  0.000000e+000  5.391355e-001
    outer loop
      vertex -1.915735e+001 -5.000000e+000 -1.022215e+001
      vertex -1.915735e+001  0.000000e+000 -1.022215e+001
      vertex -1.926320e+001 -5.000000e+000 -1.038751e+001
    endloop
  endfacet
  facet normal -8.422189e-001  0.000000e+000  5.391355e-001
    outer loop
      vertex -1.926320e+001 -5.000000e+000 -1.038751e+001
      vertex -1.915735e+001  0.000000e+000 -1.022215e+001
      vertex -1.926320e+001  0.000000e+000 -1.038751e+001
    endloop
  endfacet
  facet normal -8.627330e-001  0.000000e+000  5.056596e-001
    outer loop
      vertex -1.926320e+001 -5.000000e+000 -1.038751e+001
      vertex -1.926320e+001  0.000000e+000 -1.038751e+001
      vertex -1.936248e+001 -5.000000e+000 -1.055689e+001
    endloop
  endfacet
  facet normal -8.627330e-001  0.000000e+000  5.056596e-001
    outer loop
      vertex -1.936248e+001 -5.000000e+000 -1.055689e+001
      vertex -1.926320e+001  0.000000e+000 -1.038751e+001
      vertex -1.936248e+001  0.000000e+000 -1.055689e+001
    endloop
  endfacet
  facet normal -8.819223e-001  0.000000e+000  4.713948e-001
    outer loop
      vertex -1.936248e+001 -5.000000e+000 -1.055689e+001
      vertex -1.936248e+001  0.000000e+000 -1.055689e+001
      vertex -1.945503e+001 -5.000000e+000 -1.073005e+001
    endloop
  endfacet
  facet normal -8.819223e-001  0.000000e+000  4.713948e-001
    outer loop
      vertex -1.945503e+001 -5.000000e+000 -1.073005e+001
      vertex -1.936248e+001  0.000000e+000 -1.055689e+001
      vertex -1.945503e+001  0.000000e+000 -1.073005e+001
    endloop
  endfacet
  facet normal -8.997472e-001  0.000000e+000  4.364115e-001
    outer loop
      vertex -1.945503e+001 -5.000000e+000 -1.073005e+001
      vertex -1.945503e+001  0.000000e+000 -1.073005e+001
      vertex -1.954072e+001 -5.000000e+000 -1.090670e+001
    endloop
  endfacet
  facet normal -8.997472e-001  0.000000e+000  4.364115e-001
    outer loop
      vertex -1.954072e+001 -5.000000e+000 -1.090670e+001
      vertex -1.945503e+001  0.000000e+000 -1.073005e+001
      vertex -1.954072e+001  0.000000e+000 -1.090670e+001
    endloop
  endfacet
  facet normal -9.161882e-001  0.000000e+000  4.007485e-001
    outer loop
      vertex -1.954072e+001 -5.000000e+000 -1.090670e+001
      vertex -1.954072e+001  0.000000e+000 -1.090670e+001
      vertex -1.961940e+001 -5.000000e+000 -1.108658e+001
    endloop
  endfacet
  facet normal -9.161882e-001  0.000000e+000  4.007485e-001
    outer loop
      vertex -1.961940e+001 -5.000000e+000 -1.108658e+001
      vertex -1.954072e+001  0.000000e+000 -1.090670e+001
      vertex -1.961940e+001  0.000000e+000 -1.108658e+001
    endloop
  endfacet
  facet normal -9.312167e-001  0.000000e+000  3.644662e-001
    outer loop
      vertex -1.961940e+001 -5.000000e+000 -1.108658e+001
      vertex -1.961940e+001  0.000000e+000 -1.108658e+001
      vertex -1.969096e+001 -5.000000e+000 -1.126941e+001
    endloop
  endfacet
  facet normal -9.312167e-001  0.000000e+000  3.644662e-001
    outer loop
      vertex -1.969096e+001 -5.000000e+000 -1.126941e+001
      vertex -1.961940e+001  0.000000e+000 -1.108658e+001
      vertex -1.969096e+001  0.000000e+000 -1.126941e+001
    endloop
  endfacet
  facet normal -9.448038e-001  0.000000e+000  3.276365e-001
    outer loop
      vertex -1.969096e+001 -5.000000e+000 -1.126941e+001
      vertex -1.969096e+001  0.000000e+000 -1.126941e+001
      vertex -1.975528e+001 -5.000000e+000 -1.145492e+001
    endloop
  endfacet
  facet normal -9.448038e-001  0.000000e+000  3.276365e-001
    outer loop
      vertex -1.975528e+001 -5.000000e+000 -1.145492e+001
      vertex -1.969096e+001  0.000000e+000 -1.126941e+001
      vertex -1.975528e+001  0.000000e+000 -1.145492e+001
    endloop
  endfacet
  facet normal -9.569404e-001  0.000000e+000  2.902846e-001
    outer loop
      vertex -1.975528e+001 -5.000000e+000 -1.145492e+001
      vertex -1.975528e+001  0.000000e+000 -1.145492e+001
      vertex -1.981228e+001 -5.000000e+000 -1.164280e+001
    endloop
  endfacet
  facet normal -9.569404e-001  0.000000e+000  2.902846e-001
    outer loop
      vertex -1.981228e+001 -5.000000e+000 -1.164280e+001
      vertex -1.975528e+001  0.000000e+000 -1.145492e+001
      vertex -1.981228e+001  0.000000e+000 -1.164280e+001
    endloop
  endfacet
  facet normal -9.676010e-001  0.000000e+000  2.524844e-001
    outer loop
      vertex -1.981228e+001 -5.000000e+000 -1.164280e+001
      vertex -1.981228e+001  0.000000e+000 -1.164280e+001
      vertex -1.986185e+001 -5.000000e+000 -1.183277e+001
    endloop
  endfacet
  facet normal -9.676010e-001  0.000000e+000  2.524844e-001
    outer loop
      vertex -1.986185e+001 -5.000000e+000 -1.183277e+001
      vertex -1.981228e+001  0.000000e+000 -1.164280e+001
      vertex -1.986185e+001  0.000000e+000 -1.183277e+001
    endloop
  endfacet
  facet normal -9.767646e-001  0.000000e+000  2.143150e-001
    outer loop
      vertex -1.986185e+001 -5.000000e+000 -1.183277e+001
      vertex -1.986185e+001  0.000000e+000 -1.183277e+001
      vertex -1.990393e+001 -5.000000e+000 -1.202455e+001
    endloop
  endfacet
  facet normal -9.767646e-001  0.000000e+000  2.143150e-001
    outer loop
      vertex -1.990393e+001 -5.000000e+000 -1.202455e+001
      vertex -1.986185e+001  0.000000e+000 -1.183277e+001
      vertex -1.990393e+001  0.000000e+000 -1.202455e+001
    endloop
  endfacet
  facet normal -9.844265e-001  0.000000e+000  1.757967e-001
    outer loop
      vertex -1.990393e+001 -5.000000e+000 -1.202455e+001
      vertex -1.990393e+001  0.000000e+000 -1.202455e+001
      vertex -1.993844e+001 -5.000000e+000 -1.221783e+001
    endloop
  endfacet
  facet normal -9.844265e-001  0.000000e+000  1.757967e-001
    outer loop
      vertex -1.993844e+001 -5.000000e+000 -1.221783e+001
      vertex -1.990393e+001  0.000000e+000 -1.202455e+001
      vertex -1.993844e+001  0.000000e+000 -1.221783e+001
    endloop
  endfacet
  facet normal -9.905702e-001  0.000000e+000  1.370059e-001
    outer loop
      vertex -1.993844e+001 -5.000000e+000 -1.221783e+001
      vertex -1.993844e+001  0.000000e+000 -1.221783e+001
      vertex -1.996534e+001 -5.000000e+000 -1.241231e+001
    endloop
  endfacet
  facet normal -9.905702e-001  0.000000e+000  1.370059e-001
    outer loop
      vertex -1.996534e+001 -5.000000e+000 -1.241231e+001
      vertex -1.993844e+001  0.000000e+000 -1.221783e+001
      vertex -1.996534e+001  0.000000e+000 -1.241231e+001
    endloop
  endfacet
  facet normal -9.951844e-001  0.000000e+000  9.802140e-002
    outer loop
      vertex -1.996534e+001 -5.000000e+000 -1.241231e+001
      vertex -1.996534e+001  0.000000e+000 -1.241231e+001
      vertex -1.998459e+001 -5.000000e+000 -1.260770e+001
    endloop
  endfacet
  facet normal -9.951844e-001  0.000000e+000  9.802140e-002
    outer loop
      vertex -1.998459e+001 -5.000000e+000 -1.260770e+001
      vertex -1.996534e+001  0.000000e+000 -1.241231e+001
      vertex -1.998459e+001  0.000000e+000 -1.260770e+001
    endloop
  endfacet
  facet normal -9.982656e-001  0.000000e+000  5.887094e-002
    outer loop
      vertex -1.998459e+001 -5.000000e+000 -1.260770e+001
      vertex -1.998459e+001  0.000000e+000 -1.260770e+001
      vertex -1.999615e+001 -5.000000e+000 -1.280370e+001
    endloop
  endfacet
  facet normal -9.982656e-001  0.000000e+000  5.887094e-002
    outer loop
      vertex -1.999615e+001 -5.000000e+000 -1.280370e+001
      vertex -1.998459e+001  0.000000e+000 -1.260770e+001
      vertex -1.999615e+001  0.000000e+000 -1.280370e+001
    endloop
  endfacet
  facet normal -9.998072e-001  0.000000e+000  1.963330e-002
    outer loop
      vertex -1.999615e+001 -5.000000e+000 -1.280370e+001
      vertex -1.999615e+001  0.000000e+000 -1.280370e+001
      vertex -2.000000e+001 -5.000000e+000 -1.300000e+001
    endloop
  endfacet
  facet normal -9.998072e-001  0.000000e+000  1.963330e-002
    outer loop
      vertex -2.000000e+001 -5.000000e+000 -1.300000e+001
      vertex -1.999615e+001  0.000000e+000 -1.280370e+001
      vertex -2.000000e+001  0.000000e+000 -1.300000e+001
    endloop
  endfacet
  facet normal  9.998072e-001  0.000000e+000  1.963330e-002
    outer loop
      vertex  2.000000e+001 -5.000000e+000 -1.300000e+001
      vertex  2.000000e+001  0.000000e+000 -1.300000e+001
      vertex  1.999615e+001 -5.000000e+000 -1.280370e+001
    endloop
  endfacet
  facet normal  9.998072e-001  -0.000000e+000  1.963330e-002
    outer loop
      vertex  1.999615e+001 -5.000000e+000 -1.280370e+001
      vertex  2.000000e+001  0.000000e+000 -1.300000e+001
      vertex  1.999615e+001  0.000000e+000 -1.280370e+001
    endloop
  endfacet
  facet normal  9.982656e-001  0.000000e+000  5.887094e-002
    outer loop
      vertex  1.999615e+001 -5.000000e+000 -1.280370e+001
      vertex  1.999615e+001  0.000000e+000 -1.280370e+001
      vertex  1.998459e+001 -5.000000e+000 -1.260770e+001
    endloop
  endfacet
  facet normal  9.982656e-001  -0.000000e+000  5.887094e-002
    outer loop
      vertex  1.998459e+001 -5.000000e+000 -1.260770e+001
      vertex  1.999615e+001  0.000000e+000 -1.280370e+001
      vertex  1.998459e+001  0.000000e+000 -1.260770e+001
    endloop
  endfacet
  facet normal  9.951844e-001  0.000000e+000  9.802140e-002
    outer loop
      vertex  1.998459e+001 -5.000000e+000 -1.260770e+001
      vertex  1.998459e+001  0.000000e+000 -1.260770e+001
      vertex  1.996534e+001 -5.000000e+000 -1.241231e+001
    endloop
  endfacet
  facet normal  9.951844e-001  -0.000000e+000  9.802140e-002
    outer loop
      vertex  1.996534e+001 -5.000000e+000 -1.241231e+001
      vertex  1.998459e+001  0.000000e+000 -1.260770e+001
      vertex  1.996534e+001  0.000000e+000 -1.241231e+001
    endloop
  endfacet
  facet normal  9.905702e-001  0.000000e+000  1.370059e-001
    outer loop
      vertex  1.996534e+001 -5.000000e+000 -1.241231e+001
      vertex  1.996534e+001  0.000000e+000 -1.241231e+001
      vertex  1.993844e+001 -5.000000e+000 -1.221783e+001
    endloop
  endfacet
  facet normal  9.905702e-001  -0.000000e+000  1.370059e-001
    outer loop
      vertex  1.993844e+001 -5.000000e+000 -1.221783e+001
      vertex  1.996534e+001  0.000000e+000 -1.241231e+001
      vertex  1.993844e+001  0.000000e+000 -1.221783e+001
    endloop
  endfacet
  facet normal  9.844265e-001  0.000000e+000  1.757967e-001
    outer loop
      vertex  1.993844e+001 -5.000000e+000 -1.221783e+001
      vertex  1.993844e+001  0.000000e+000 -1.221783e+001
      vertex  1.990393e+001 -5.000000e+000 -1.202455e+001
    endloop
  endfacet
  facet normal  9.844265e-001  -0.000000e+000  1.757967e-001
    outer loop
      vertex  1.990393e+001 -5.000000e+000 -1.202455e+001
      vertex  1.993844e+001  0.000000e+000 -1.221783e+001
      vertex  1.990393e+001  0.000000e+000 -1.202455e+001
    endloop
  endfacet
  facet normal  9.767646e-001  0.000000e+000  2.143150e-001
    outer loop
      vertex  1.990393e+001 -5.000000e+000 -1.202455e+001
      vertex  1.990393e+001  0.000000e+000 -1.202455e+001
      vertex  1.986185e+001 -5.000000e+000 -1.183277e+001
    endloop
  endfacet
  facet normal  9.767646e-001  -0.000000e+000  2.143150e-001
    outer loop
      vertex  1.986185e+001 -5.000000e+000 -1.183277e+001
      vertex  1.990393e+001  0.000000e+000 -1.202455e+001
      vertex  1.986185e+001  0.000000e+000 -1.183277e+001
    endloop
  endfacet
  facet normal  9.676010e-001  0.000000e+000  2.524844e-001
    outer loop
      vertex  1.986185e+001 -5.000000e+000 -1.183277e+001
      vertex  1.986185e+001  0.000000e+000 -1.183277e+001
      vertex  1.981228e+001 -5.000000e+000 -1.164280e+001
    endloop
  endfacet
  facet normal  9.676010e-001  -0.000000e+000  2.524844e-001
    outer loop
      vertex  1.981228e+001 -5.000000e+000 -1.164280e+001
      vertex  1.986185e+001  0.000000e+000 -1.183277e+001
      vertex  1.981228e+001  0.000000e+000 -1.164280e+001
    endloop
  endfacet
  facet normal  9.569404e-001  0.000000e+000  2.902846e-001
    outer loop
      vertex  1.981228e+001 -5.000000e+000 -1.164280e+001
      vertex  1.981228e+001  0.000000e+000 -1.164280e+001
      vertex  1.975528e+001 -5.000000e+000 -1.145492e+001
    endloop
  endfacet
  facet normal  9.569404e-001  -0.000000e+000  2.902846e-001
    outer loop
      vertex  1.975528e+001 -5.000000e+000 -1.145492e+001
      vertex  1.981228e+001  0.000000e+000 -1.164280e+001
      vertex  1.975528e+001  0.000000e+000 -1.145492e+001
    endloop
  endfacet
  facet normal  9.448038e-001  0.000000e+000  3.276365e-001
    outer loop
      vertex  1.975528e+001 -5.000000e+000 -1.145492e+001
      vertex  1.975528e+001  0.000000e+000 -1.145492e+001
      vertex  1.969096e+001 -5.000000e+000 -1.126941e+001
    endloop
  endfacet
  facet normal  9.448038e-001  -0.000000e+000  3.276365e-001
    outer loop
      vertex  1.969096e+001 -5.000000e+000 -1.126941e+001
      vertex  1.975528e+001  0.000000e+000 -1.145492e+001
      vertex  1.969096e+001  0.000000e+000 -1.126941e+001
    endloop
  endfacet
  facet normal  9.312167e-001  0.000000e+000  3.644662e-001
    outer loop
      vertex  1.969096e+001 -5.000000e+000 -1.126941e+001
      vertex  1.969096e+001  0.000000e+000 -1.126941e+001
      vertex  1.961940e+001 -5.000000e+000 -1.108658e+001
    endloop
  endfacet
  facet normal  9.312167e-001  -0.000000e+000  3.644662e-001
    outer loop
      vertex  1.961940e+001 -5.000000e+000 -1.108658e+001
      vertex  1.969096e+001  0.000000e+000 -1.126941e+001
      vertex  1.961940e+001  0.000000e+000 -1.108658e+001
    endloop
  endfacet
  facet normal  9.161882e-001  0.000000e+000  4.007485e-001
    outer loop
      vertex  1.961940e+001 -5.000000e+000 -1.108658e+001
      vertex  1.961940e+001  0.000000e+000 -1.108658e+001
      vertex  1.954072e+001 -5.000000e+000 -1.090670e+001
    endloop
  endfacet
  facet normal  9.161882e-001  -0.000000e+000  4.007485e-001
    outer loop
      vertex  1.954072e+001 -5.000000e+000 -1.090670e+001
      vertex  1.961940e+001  0.000000e+000 -1.108658e+001
      vertex  1.954072e+001  0.000000e+000 -1.090670e+001
    endloop
  endfacet
  facet normal  8.997472e-001  0.000000e+000  4.364115e-001
    outer loop
      vertex  1.954072e+001 -5.000000e+000 -1.090670e+001
      vertex  1.954072e+001  0.000000e+000 -1.090670e+001
      vertex  1.945503e+001 -5.000000e+000 -1.073005e+001
    endloop
  endfacet
  facet normal  8.997472e-001  -0.000000e+000  4.364115e-001
    outer loop
      vertex  1.945503e+001 -5.000000e+000 -1.073005e+001
      vertex  1.954072e+001  0.000000e+000 -1.090670e+001
      vertex  1.945503e+001  0.000000e+000 -1.073005e+001
    endloop
  endfacet
  facet normal  8.819223e-001  0.000000e+000  4.713948e-001
    outer loop
      vertex  1.945503e+001 -5.000000e+000 -1.073005e+001
      vertex  1.945503e+001  0.000000e+000 -1.073005e+001
      vertex  1.936248e+001 -5.000000e+000 -1.055689e+001
    endloop
  endfacet
  facet normal  8.819223e-001  -0.000000e+000  4.713948e-001
    outer loop
      vertex  1.936248e+001 -5.000000e+000 -1.055689e+001
      vertex  1.945503e+001  0.000000e+000 -1.073005e+001
      vertex  1.936248e+001  0.000000e+000 -1.055689e+001
    endloop
  endfacet
  facet normal  8.627330e-001  0.000000e+000  5.056596e-001
    outer loop
      vertex  1.936248e+001 -5.000000e+000 -1.055689e+001
      vertex  1.936248e+001  0.000000e+000 -1.055689e+001
      vertex  1.926320e+001 -5.000000e+000 -1.038751e+001
    endloop
  endfacet
  facet normal  8.627330e-001  -0.000000e+000  5.056596e-001
    outer loop
      vertex  1.926320e+001 -5.000000e+000 -1.038751e+001
      vertex  1.936248e+001  0.000000e+000 -1.055689e+001
      vertex  1.926320e+001  0.000000e+000 -1.038751e+001
    endloop
  endfacet
  facet normal  8.422189e-001  0.000000e+000  5.391355e-001
    outer loop
      vertex  1.926320e+001 -5.000000e+000 -1.038751e+001
      vertex  1.926320e+001  0.000000e+000 -1.038751e+001
      vertex  1.915735e+001 -5.000000e+000 -1.022215e+001
    endloop
  endfacet
  facet normal  8.422189e-001  -0.000000e+000  5.391355e-001
    outer loop
      vertex  1.915735e+001 -5.000000e+000 -1.022215e+001
      vertex  1.926320e+001  0.000000e+000 -1.038751e+001
      vertex  1.915735e+001  0.000000e+000 -1.022215e+001
    endloop
  endfacet
  facet normal  8.204031e-001  0.000000e+000  5.717855e-001
    outer loop
      vertex  1.915735e+001 -5.000000e+000 -1.022215e+001
      vertex  1.915735e+001  0.000000e+000 -1.022215e+001
      vertex  1.904509e+001 -5.000000e+000 -1.006107e+001
    endloop
  endfacet
  facet normal  8.204031e-001  -0.000000e+000  5.717855e-001
    outer loop
      vertex  1.904509e+001 -5.000000e+000 -1.006107e+001
      vertex  1.915735e+001  0.000000e+000 -1.022215e+001
      vertex  1.904509e+001  0.000000e+000 -1.006107e+001
    endloop
  endfacet
  facet normal  7.973160e-001  0.000000e+000  6.035620e-001
    outer loop
      vertex  1.904509e+001 -5.000000e+000 -1.006107e+001
      vertex  1.904509e+001  0.000000e+000 -1.006107e+001
      vertex  1.892658e+001 -5.000000e+000 -9.904531e+000
    endloop
  endfacet
  facet normal  7.973160e-001  -0.000000e+000  6.035620e-001
    outer loop
      vertex  1.892658e+001 -5.000000e+000 -9.904531e+000
      vertex  1.904509e+001  0.000000e+000 -1.006107e+001
      vertex  1.892658e+001  0.000000e+000 -9.904531e+000
    endloop
  endfacet
  facet normal  7.730136e-001  0.000000e+000  6.343896e-001
    outer loop
      vertex  1.892658e+001 -5.000000e+000 -9.904531e+000
      vertex  1.892658e+001  0.000000e+000 -9.904531e+000
      vertex  1.880203e+001 -5.000000e+000 -9.752760e+000
    endloop
  endfacet
  facet normal  7.730136e-001  -0.000000e+000  6.343896e-001
    outer loop
      vertex  1.880203e+001 -5.000000e+000 -9.752760e+000
      vertex  1.892658e+001  0.000000e+000 -9.904531e+000
      vertex  1.880203e+001  0.000000e+000 -9.752760e+000
    endloop
  endfacet
  facet normal  7.475053e-001  0.000000e+000  6.642559e-001
    outer loop
      vertex  1.880203e+001 -5.000000e+000 -9.752760e+000
      vertex  1.880203e+001  0.000000e+000 -9.752760e+000
      vertex  1.867161e+001 -5.000000e+000 -9.605996e+000
    endloop
  endfacet
  facet normal  7.475053e-001  -0.000000e+000  6.642559e-001
    outer loop
      vertex  1.867161e+001 -5.000000e+000 -9.605996e+000
      vertex  1.880203e+001  0.000000e+000 -9.752760e+000
      vertex  1.867161e+001  0.000000e+000 -9.605996e+000
    endloop
  endfacet
  facet normal  7.208552e-001  0.000000e+000  6.930857e-001
    outer loop
      vertex  1.867161e+001 -5.000000e+000 -9.605996e+000
      vertex  1.867161e+001  0.000000e+000 -9.605996e+000
      vertex  1.853553e+001 -5.000000e+000 -9.464466e+000
    endloop
  endfacet
  facet normal  7.208552e-001  -0.000000e+000  6.930857e-001
    outer loop
      vertex  1.853553e+001 -5.000000e+000 -9.464466e+000
      vertex  1.867161e+001  0.000000e+000 -9.605996e+000
      vertex  1.853553e+001  0.000000e+000 -9.464466e+000
    endloop
  endfacet
  facet normal  6.930858e-001  0.000000e+000  7.208551e-001
    outer loop
      vertex  1.853553e+001 -5.000000e+000 -9.464466e+000
      vertex  1.853553e+001  0.000000e+000 -9.464466e+000
      vertex  1.839400e+001 -5.000000e+000 -9.328387e+000
    endloop
  endfacet
  facet normal  6.930858e-001  -0.000000e+000  7.208551e-001
    outer loop
      vertex  1.839400e+001 -5.000000e+000 -9.328387e+000
      vertex  1.853553e+001  0.000000e+000 -9.464466e+000
      vertex  1.839400e+001  0.000000e+000 -9.328387e+000
    endloop
  endfacet
  facet normal  6.642529e-001  0.000000e+000  7.475080e-001
    outer loop
      vertex  1.839400e+001 -5.000000e+000 -9.328387e+000
      vertex  1.839400e+001  0.000000e+000 -9.328387e+000
      vertex  1.824724e+001 -5.000000e+000 -9.197970e+000
    endloop
  endfacet
  facet normal  6.642529e-001  -0.000000e+000  7.475080e-001
    outer loop
      vertex  1.824724e+001 -5.000000e+000 -9.197970e+000
      vertex  1.839400e+001  0.000000e+000 -9.328387e+000
      vertex  1.824724e+001  0.000000e+000 -9.197970e+000
    endloop
  endfacet
  facet normal  6.343948e-001  0.000000e+000  7.730092e-001
    outer loop
      vertex  1.824724e+001 -5.000000e+000 -9.197970e+000
      vertex  1.824724e+001  0.000000e+000 -9.197970e+000
      vertex  1.809547e+001 -5.000000e+000 -9.073416e+000
    endloop
  endfacet
  facet normal  6.343948e-001  -0.000000e+000  7.730092e-001
    outer loop
      vertex  1.809547e+001 -5.000000e+000 -9.073416e+000
      vertex  1.824724e+001  0.000000e+000 -9.197970e+000
      vertex  1.809547e+001  0.000000e+000 -9.073416e+000
    endloop
  endfacet
  facet normal  6.035566e-001  0.000000e+000  7.973201e-001
    outer loop
      vertex  1.809547e+001 -5.000000e+000 -9.073416e+000
      vertex  1.809547e+001  0.000000e+000 -9.073416e+000
      vertex  1.793893e+001 -5.000000e+000 -8.954915e+000
    endloop
  endfacet
  facet normal  6.035566e-001  -0.000000e+000  7.973201e-001
    outer loop
      vertex  1.793893e+001 -5.000000e+000 -8.954915e+000
      vertex  1.809547e+001  0.000000e+000 -9.073416e+000
      vertex  1.793893e+001  0.000000e+000 -8.954915e+000
    endloop
  endfacet
  facet normal  5.717855e-001  0.000000e+000  8.204031e-001
    outer loop
      vertex  1.793893e+001 -5.000000e+000 -8.954915e+000
      vertex  1.793893e+001  0.000000e+000 -8.954915e+000
      vertex  1.777785e+001 -5.000000e+000 -8.842652e+000
    endloop
  endfacet
  facet normal  5.717855e-001  -0.000000e+000  8.204031e-001
    outer loop
      vertex  1.777785e+001 -5.000000e+000 -8.842652e+000
      vertex  1.793893e+001  0.000000e+000 -8.954915e+000
      vertex  1.777785e+001  0.000000e+000 -8.842652e+000
    endloop
  endfacet
  facet normal  5.391412e-001  0.000000e+000  8.422154e-001
    outer loop
      vertex  1.777785e+001 -5.000000e+000 -8.842652e+000
      vertex  1.777785e+001  0.000000e+000 -8.842652e+000
      vertex  1.761249e+001 -5.000000e+000 -8.736799e+000
    endloop
  endfacet
  facet normal  5.391412e-001  -0.000000e+000  8.422154e-001
    outer loop
      vertex  1.761249e+001 -5.000000e+000 -8.736799e+000
      vertex  1.777785e+001  0.000000e+000 -8.842652e+000
      vertex  1.761249e+001  0.000000e+000 -8.736799e+000
    endloop
  endfacet
  facet normal  5.056555e-001  0.000000e+000  8.627356e-001
    outer loop
      vertex  1.761249e+001 -5.000000e+000 -8.736799e+000
      vertex  1.761249e+001  0.000000e+000 -8.736799e+000
      vertex  1.744311e+001 -5.000000e+000 -8.637520e+000
    endloop
  endfacet
  facet normal  5.056555e-001  -0.000000e+000  8.627356e-001
    outer loop
      vertex  1.744311e+001 -5.000000e+000 -8.637520e+000
      vertex  1.761249e+001  0.000000e+000 -8.736799e+000
      vertex  1.744311e+001  0.000000e+000 -8.637520e+000
    endloop
  endfacet
  facet normal  4.713968e-001  0.000000e+000  8.819212e-001
    outer loop
      vertex  1.744311e+001 -5.000000e+000 -8.637520e+000
      vertex  1.744311e+001  0.000000e+000 -8.637520e+000
      vertex  1.726995e+001 -5.000000e+000 -8.544968e+000
    endloop
  endfacet
  facet normal  4.713968e-001  -0.000000e+000  8.819212e-001
    outer loop
      vertex  1.726995e+001 -5.000000e+000 -8.544968e+000
      vertex  1.744311e+001  0.000000e+000 -8.637520e+000
      vertex  1.726995e+001  0.000000e+000 -8.544968e+000
    endloop
  endfacet
  facet normal  4.364096e-001  0.000000e+000  8.997481e-001
    outer loop
      vertex  1.726995e+001 -5.000000e+000 -8.544968e+000
      vertex  1.726995e+001  0.000000e+000 -8.544968e+000
      vertex  1.709330e+001 -5.000000e+000 -8.459284e+000
    endloop
  endfacet
  facet normal  4.364096e-001  -0.000000e+000  8.997481e-001
    outer loop
      vertex  1.709330e+001 -5.000000e+000 -8.459284e+000
      vertex  1.726995e+001  0.000000e+000 -8.544968e+000
      vertex  1.709330e+001  0.000000e+000 -8.459284e+000
    endloop
  endfacet
  facet normal  4.007520e-001  0.000000e+000  9.161865e-001
    outer loop
      vertex  1.709330e+001 -5.000000e+000 -8.459284e+000
      vertex  1.709330e+001  0.000000e+000 -8.459284e+000
      vertex  1.691342e+001 -5.000000e+000 -8.380602e+000
    endloop
  endfacet
  facet normal  4.007520e-001  -0.000000e+000  9.161865e-001
    outer loop
      vertex  1.691342e+001 -5.000000e+000 -8.380602e+000
      vertex  1.709330e+001  0.000000e+000 -8.459284e+000
      vertex  1.691342e+001  0.000000e+000 -8.380602e+000
    endloop
  endfacet
  facet normal  3.644688e-001  0.000000e+000  9.312156e-001
    outer loop
      vertex  1.691342e+001 -5.000000e+000 -8.380602e+000
      vertex  1.691342e+001  0.000000e+000 -8.380602e+000
      vertex  1.673059e+001 -5.000000e+000 -8.309043e+000
    endloop
  endfacet
  facet normal  3.644688e-001  -0.000000e+000  9.312156e-001
    outer loop
      vertex  1.673059e+001 -5.000000e+000 -8.309043e+000
      vertex  1.691342e+001  0.000000e+000 -8.380602e+000
      vertex  1.673059e+001  0.000000e+000 -8.309043e+000
    endloop
  endfacet
  facet normal  3.276294e-001  0.000000e+000  9.448063e-001
    outer loop
      vertex  1.673059e+001 -5.000000e+000 -8.309043e+000
      vertex  1.673059e+001  0.000000e+000 -8.309043e+000
      vertex  1.654509e+001 -5.000000e+000 -8.244718e+000
    endloop
  endfacet
  facet normal  3.276294e-001  -0.000000e+000  9.448063e-001
    outer loop
      vertex  1.654509e+001 -5.000000e+000 -8.244718e+000
      vertex  1.673059e+001  0.000000e+000 -8.309043e+000
      vertex  1.654509e+001  0.000000e+000 -8.244718e+000
    endloop
  endfacet
  facet normal  2.902832e-001  0.000000e+000  9.569409e-001
    outer loop
      vertex  1.654509e+001 -5.000000e+000 -8.244718e+000
      vertex  1.654509e+001  0.000000e+000 -8.244718e+000
      vertex  1.635720e+001 -5.000000e+000 -8.187724e+000
    endloop
  endfacet
  facet normal  2.902832e-001  -0.000000e+000  9.569409e-001
    outer loop
      vertex  1.635720e+001 -5.000000e+000 -8.187724e+000
      vertex  1.654509e+001  0.000000e+000 -8.244718e+000
      vertex  1.635720e+001  0.000000e+000 -8.187724e+000
    endloop
  endfacet
  facet normal  2.524935e-001  0.000000e+000  9.675986e-001
    outer loop
      vertex  1.635720e+001 -5.000000e+000 -8.187724e+000
      vertex  1.635720e+001  0.000000e+000 -8.187724e+000
      vertex  1.616723e+001 -5.000000e+000 -8.138150e+000
    endloop
  endfacet
  facet normal  2.524935e-001  -0.000000e+000  9.675986e-001
    outer loop
      vertex  1.616723e+001 -5.000000e+000 -8.138150e+000
      vertex  1.635720e+001  0.000000e+000 -8.187724e+000
      vertex  1.616723e+001  0.000000e+000 -8.138150e+000
    endloop
  endfacet
  facet normal  2.143103e-001  0.000000e+000  9.767656e-001
    outer loop
      vertex  1.616723e+001 -5.000000e+000 -8.138150e+000
      vertex  1.616723e+001  0.000000e+000 -8.138150e+000
      vertex  1.597545e+001 -5.000000e+000 -8.096073e+000
    endloop
  endfacet
  facet normal  2.143103e-001  -0.000000e+000  9.767656e-001
    outer loop
      vertex  1.597545e+001 -5.000000e+000 -8.096073e+000
      vertex  1.616723e+001  0.000000e+000 -8.138150e+000
      vertex  1.597545e+001  0.000000e+000 -8.096073e+000
    endloop
  endfacet
  facet normal  1.757920e-001  0.000000e+000  9.844273e-001
    outer loop
      vertex  1.597545e+001 -5.000000e+000 -8.096073e+000
      vertex  1.597545e+001  0.000000e+000 -8.096073e+000
      vertex  1.578217e+001 -5.000000e+000 -8.061559e+000
    endloop
  endfacet
  facet normal  1.757920e-001  -0.000000e+000  9.844273e-001
    outer loop
      vertex  1.578217e+001 -5.000000e+000 -8.061559e+000
      vertex  1.597545e+001  0.000000e+000 -8.096073e+000
      vertex  1.578217e+001  0.000000e+000 -8.061559e+000
    endloop
  endfacet
  facet normal  1.370154e-001  0.000000e+000  9.905689e-001
    outer loop
      vertex  1.578217e+001 -5.000000e+000 -8.061559e+000
      vertex  1.578217e+001  0.000000e+000 -8.061559e+000
      vertex  1.558769e+001 -5.000000e+000 -8.034657e+000
    endloop
  endfacet
  facet normal  1.370154e-001  -0.000000e+000  9.905689e-001
    outer loop
      vertex  1.558769e+001 -5.000000e+000 -8.034657e+000
      vertex  1.578217e+001  0.000000e+000 -8.061559e+000
      vertex  1.558769e+001  0.000000e+000 -8.034657e+000
    endloop
  endfacet
  facet normal  9.801659e-002  0.000000e+000  9.951848e-001
    outer loop
      vertex  1.558769e+001 -5.000000e+000 -8.034657e+000
      vertex  1.558769e+001  0.000000e+000 -8.034657e+000
      vertex  1.539230e+001 -5.000000e+000 -8.015413e+000
    endloop
  endfacet
  facet normal  9.801659e-002  -0.000000e+000  9.951848e-001
    outer loop
      vertex  1.539230e+001 -5.000000e+000 -8.015413e+000
      vertex  1.558769e+001  0.000000e+000 -8.034657e+000
      vertex  1.539230e+001  0.000000e+000 -8.015413e+000
    endloop
  endfacet
  facet normal  5.887094e-002  0.000000e+000  9.982656e-001
    outer loop
      vertex  1.539230e+001 -5.000000e+000 -8.015413e+000
      vertex  1.539230e+001  0.000000e+000 -8.015413e+000
      vertex  1.519630e+001 -5.000000e+000 -8.003855e+000
    endloop
  endfacet
  facet normal  5.887094e-002  -0.000000e+000  9.982656e-001
    outer loop
      vertex  1.519630e+001 -5.000000e+000 -8.003855e+000
      vertex  1.539230e+001  0.000000e+000 -8.015413e+000
      vertex  1.519630e+001  0.000000e+000 -8.003855e+000
    endloop
  endfacet
  facet normal  1.963330e-002  0.000000e+000  9.998072e-001
    outer loop
      vertex  1.519630e+001 -5.000000e+000 -8.003855e+000
      vertex  1.519630e+001  0.000000e+000 -8.003855e+000
      vertex  1.500000e+001 -5.000000e+000 -8.000000e+000
    endloop
  endfacet
  facet normal  1.963330e-002  -0.000000e+000  9.998072e-001
    outer loop
      vertex  1.500000e+001 -5.000000e+000 -8.000000e+000
      vertex  1.519630e+001  0.000000e+000 -8.003855e+000
      vertex  1.500000e+001  0.000000e+000 -8.000000e+000
    endloop
  endfacet
  facet normal  0.000000e+000 -3.734301e-001  9.276583e-001
    outer loop
      vertex -5.100000e+000 -9.874486e-001 -4.855114e+001
      vertex -3.100000e+000 -8.809634e-001 -4.850827e+001
      vertex -5.100000e+000 -8.809634e-001 -4.850827e+001
    endloop
  endfacet
  facet normal  0.000000e+000 -4.370343e-001  8.994449e-001
    outer loop
      vertex -5.100000e+000 -8.809634e-001 -4.850827e+001
      vertex -3.100000e+000 -8.809634e-001 -4.850827e+001
      vertex -3.100000e+000 -7.777163e-001 -4.845811e+001
    endloop
  endfacet
  facet normal  0.000000e+000 -4.370343e-001  8.994449e-001
    outer loop
      vertex -5.100000e+000 -8.809634e-001 -4.850827e+001
      vertex -3.100000e+000 -7.777163e-001 -4.845811e+001
      vertex -5.100000e+000 -7.777163e-001 -4.845811e+001
    endloop
  endfacet
  facet normal  0.000000e+000 -4.985132e-001  8.668821e-001
    outer loop
      vertex -5.100000e+000 -7.777163e-001 -4.845811e+001
      vertex -3.100000e+000 -7.777163e-001 -4.845811e+001
      vertex -3.100000e+000 -6.782070e-001 -4.840088e+001
    endloop
  endfacet
  facet normal  0.000000e+000 -4.985132e-001  8.668821e-001
    outer loop
      vertex -5.100000e+000 -7.777163e-001 -4.845811e+001
      vertex -3.100000e+000 -6.782070e-001 -4.840088e+001
      vertex -5.100000e+000 -6.782070e-001 -4.840088e+001
    endloop
  endfacet
  facet normal  0.000000e+000 -5.575699e-001  8.301300e-001
    outer loop
      vertex -5.100000e+000 -6.782070e-001 -4.840088e+001
      vertex -3.100000e+000 -6.782070e-001 -4.840088e+001
      vertex -3.100000e+000 -5.829170e-001 -4.833688e+001
    endloop
  endfacet
  facet normal  0.000000e+000 -5.575699e-001  8.301300e-001
    outer loop
      vertex -5.100000e+000 -6.782070e-001 -4.840088e+001
      vertex -3.100000e+000 -5.829170e-001 -4.833688e+001
      vertex -5.100000e+000 -5.829170e-001 -4.833688e+001
    endloop
  endfacet
  facet normal  0.000000e+000 -6.139340e-001  7.893574e-001
    outer loop
      vertex -5.100000e+000 -5.829170e-001 -4.833688e+001
      vertex -3.100000e+000 -5.829170e-001 -4.833688e+001
      vertex -3.100000e+000 -4.923077e-001 -4.826641e+001
    endloop
  endfacet
  facet normal  0.000000e+000 -6.139340e-001  7.893574e-001
    outer loop
      vertex -5.100000e+000 -5.829170e-001 -4.833688e+001
      vertex -3.100000e+000 -4.923077e-001 -4.826641e+001
      vertex -5.100000e+000 -4.923077e-001 -4.826641e+001
    endloop
  endfacet
  facet normal  0.000000e+000 -3.734301e-001  9.276583e-001
    outer loop
      vertex -3.100000e+000 -8.809634e-001 -4.850827e+001
      vertex -5.100000e+000 -9.874486e-001 -4.855114e+001
      vertex -3.100000e+000 -9.874486e-001 -4.855114e+001
    endloop
  endfacet
  facet normal  0.000000e+000 -3.080290e-001  9.513770e-001
    outer loop
      vertex -3.100000e+000 -9.874486e-001 -4.855114e+001
      vertex -5.100000e+000 -9.874486e-001 -4.855114e+001
      vertex -5.100000e+000 -1.096656e+000 -4.858650e+001
    endloop
  endfacet
  facet normal  0.000000e+000 -3.080290e-001  9.513770e-001
    outer loop
      vertex -3.100000e+000 -9.874486e-001 -4.855114e+001
      vertex -5.100000e+000 -1.096656e+000 -4.858650e+001
      vertex -3.100000e+000 -1.096656e+000 -4.858650e+001
    endloop
  endfacet
  facet normal  0.000000e+000 -2.411643e-001  9.704843e-001
    outer loop
      vertex -3.100000e+000 -1.096656e+000 -4.858650e+001
      vertex -5.100000e+000 -1.096656e+000 -4.858650e+001
      vertex -5.100000e+000 -1.208058e+000 -4.861418e+001
    endloop
  endfacet
  facet normal  0.000000e+000 -2.411643e-001  9.704843e-001
    outer loop
      vertex -3.100000e+000 -1.096656e+000 -4.858650e+001
      vertex -5.100000e+000 -1.208058e+000 -4.861418e+001
      vertex -3.100000e+000 -1.208058e+000 -4.861418e+001
    endloop
  endfacet
  facet normal  0.000000e+000 -1.730731e-001  9.849089e-001
    outer loop
      vertex -3.100000e+000 -1.208058e+000 -4.861418e+001
      vertex -5.100000e+000 -1.208058e+000 -4.861418e+001
      vertex -5.100000e+000 -1.321115e+000 -4.863405e+001
    endloop
  endfacet
  facet normal  0.000000e+000 -1.730731e-001  9.849089e-001
    outer loop
      vertex -3.100000e+000 -1.208058e+000 -4.861418e+001
      vertex -5.100000e+000 -1.321115e+000 -4.863405e+001
      vertex -3.100000e+000 -1.321115e+000 -4.863405e+001
    endloop
  endfacet
  facet normal  0.000000e+000 -1.041828e-001  9.945582e-001
    outer loop
      vertex -3.100000e+000 -1.321115e+000 -4.863405e+001
      vertex -5.100000e+000 -1.321115e+000 -4.863405e+001
      vertex -5.100000e+000 -1.435280e+000 -4.864601e+001
    endloop
  endfacet
  facet normal  0.000000e+000 -1.041828e-001  9.945582e-001
    outer loop
      vertex -3.100000e+000 -1.321115e+000 -4.863405e+001
      vertex -5.100000e+000 -1.435280e+000 -4.864601e+001
      vertex -3.100000e+000 -1.435280e+000 -4.864601e+001
    endloop
  endfacet
  facet normal  0.000000e+000 -3.479406e-002  9.993945e-001
    outer loop
      vertex -3.100000e+000 -1.435280e+000 -4.864601e+001
      vertex -5.100000e+000 -1.435280e+000 -4.864601e+001
      vertex -5.100000e+000 -1.550000e+000 -4.865000e+001
    endloop
  endfacet
  facet normal  0.000000e+000 -3.479406e-002  9.993945e-001
    outer loop
      vertex -3.100000e+000 -1.435280e+000 -4.864601e+001
      vertex -5.100000e+000 -1.550000e+000 -4.865000e+001
      vertex -3.100000e+000 -1.550000e+000 -4.865000e+001
    endloop
  endfacet
  facet normal  1.000000e+000  0.000000e+000  0.000000e+000
    outer loop
      vertex -3.100000e+000  0.000000e+000 -5.000000e+001
      vertex -3.100000e+000  0.000000e+000 -4.849666e+001
      vertex -3.100000e+000 -3.923265e-003 -4.844830e+001
    endloop
  endfacet
  facet normal  1.000000e+000  0.000000e+000  0.000000e+000
    outer loop
      vertex -3.100000e+000  0.000000e+000 -5.000000e+001
      vertex -3.100000e+000 -3.923265e-003 -4.844830e+001
      vertex -3.100000e+000 -1.559045e-002 -4.840121e+001
    endloop
  endfacet
  facet normal  1.000000e+000  0.000000e+000  0.000000e+000
    outer loop
      vertex -3.100000e+000  0.000000e+000 -5.000000e+001
      vertex -3.100000e+000 -1.559045e-002 -4.840121e+001
      vertex -3.100000e+000 -3.469639e-002 -4.835661e+001
    endloop
  endfacet
  facet normal  1.000000e+000  0.000000e+000  0.000000e+000
    outer loop
      vertex -3.100000e+000  0.000000e+000 -5.000000e+001
      vertex -3.100000e+000 -3.469639e-002 -4.835661e+001
      vertex -3.100000e+000 -6.074137e-002 -4.831568e+001
    endloop
  endfacet
  facet normal  1.000000e+000  0.000000e+000  0.000000e+000
    outer loop
      vertex -3.100000e+000  0.000000e+000 -5.000000e+001
      vertex -3.100000e+000 -6.074137e-002 -4.831568e+001
      vertex -3.100000e+000 -9.304419e-002 -4.827948e+001
    endloop
  endfacet
  facet normal  9.999999e-001  0.000000e+000  0.000000e+000
    outer loop
      vertex -3.100000e+000  0.000000e+000 -5.000000e+001
      vertex -3.100000e+000 -9.304419e-002 -4.827948e+001
      vertex -3.100000e+000 -1.307600e-001 -4.824896e+001
    endloop
  endfacet
  facet normal  1.000000e+000  0.000000e+000  0.000000e+000
    outer loop
      vertex -3.100000e+000  0.000000e+000 -5.000000e+001
      vertex -3.100000e+000 -1.307600e-001 -4.824896e+001
      vertex -3.100000e+000 -1.729022e-001 -4.822492e+001
    endloop
  endfacet
  facet normal  1.000000e+000  0.000000e+000  0.000000e+000
    outer loop
      vertex -3.100000e+000  0.000000e+000 -5.000000e+001
      vertex -3.100000e+000 -1.729022e-001 -4.822492e+001
      vertex -3.100000e+000 -2.183687e-001 -4.820798e+001
    endloop
  endfacet
  facet normal  1.000000e+000  0.000000e+000  0.000000e+000
    outer loop
      vertex -3.100000e+000  0.000000e+000 -5.000000e+001
      vertex -3.100000e+000 -2.183687e-001 -4.820798e+001
      vertex -3.100000e+000 -2.659703e-001 -4.819860e+001
    endloop
  endfacet
  facet normal  9.999999e-001  0.000000e+000  0.000000e+000
    outer loop
      vertex -3.100000e+000  0.000000e+000 -5.000000e+001
      vertex -3.100000e+000 -2.659703e-001 -4.819860e+001
      vertex -3.100000e+000 -3.144619e-001 -4.819701e+001
    endloop
  endfacet
  facet normal  1.000000e+000  0.000000e+000  0.000000e+000
    outer loop
      vertex -3.100000e+000  0.000000e+000 -5.000000e+001
      vertex -3.100000e+000 -3.144619e-001 -4.819701e+001
      vertex -3.100000e+000 -3.625754e-001 -4.820326e+001
    endloop
  endfacet
  facet normal  9.999999e-001  0.000000e+000  0.000000e+000
    outer loop
      vertex -3.100000e+000  0.000000e+000 -5.000000e+001
      vertex -3.100000e+000 -3.625754e-001 -4.820326e+001
      vertex -3.100000e+000 -4.090520e-001 -4.821719e+001
    endloop
  endfacet
  facet normal  1.000000e+000  0.000000e+000  0.000000e+000
    outer loop
      vertex -3.100000e+000  0.000000e+000 -5.000000e+001
      vertex -3.100000e+000 -4.090520e-001 -4.821719e+001
      vertex -3.100000e+000 -4.526765e-001 -4.823842e+001
    endloop
  endfacet
  facet normal  1.000000e+000  0.000000e+000  0.000000e+000
    outer loop
      vertex -3.100000e+000  0.000000e+000 -5.000000e+001
      vertex -3.100000e+000 -4.526765e-001 -4.823842e+001
      vertex -3.100000e+000 -4.923077e-001 -4.826641e+001
    endloop
  endfacet
  facet normal  1.000000e+000  0.000000e+000  0.000000e+000
    outer loop
      vertex -3.100000e+000  0.000000e+000 -5.000000e+001
      vertex -3.100000e+000 -4.923077e-001 -4.826641e+001
      vertex -3.100000e+000 -5.829170e-001 -4.833688e+001
    endloop
  endfacet
  facet normal  1.000000e+000  0.000000e+000  0.000000e+000
    outer loop
      vertex -3.100000e+000  0.000000e+000 -5.000000e+001
      vertex -3.100000e+000 -5.829170e-001 -4.833688e+001
      vertex -3.100000e+000 -6.782070e-001 -4.840088e+001
    endloop
  endfacet
  facet normal  1.000000e+000  0.000000e+000  0.000000e+000
    outer loop
      vertex -3.100000e+000  0.000000e+000 -5.000000e+001
      vertex -3.100000e+000 -6.782070e-001 -4.840088e+001
      vertex -3.100000e+000 -7.777163e-001 -4.845811e+001
    endloop
  endfacet
  facet normal  1.000000e+000  0.000000e+000  0.000000e+000
    outer loop
      vertex -3.100000e+000  0.000000e+000 -5.000000e+001
      vertex -3.100000e+000 -7.777163e-001 -4.845811e+001
      vertex -3.100000e+000 -8.809634e-001 -4.850827e+001
    endloop
  endfacet
  facet normal  1.000000e+000  0.000000e+000  0.000000e+000
    outer loop
      vertex -3.100000e+000  0.000000e+000 -5.000000e+001
      vertex -3.100000e+000 -8.809634e-001 -4.850827e+001
      vertex -3.100000e+000 -9.874486e-001 -4.855114e+001
    endloop
  endfacet
  facet normal  1.000000e+000  0.000000e+000  0.000000e+000
    outer loop
      vertex -3.100000e+000  0.000000e+000 -5.000000e+001
      vertex -3.100000e+000 -9.874486e-001 -4.855114e+001
      vertex -3.100000e+000 -1.096656e+000 -4.858650e+001
    endloop
  endfacet
  facet normal  1.000000e+000  0.000000e+000  0.000000e+000
    outer loop
      vertex -3.100000e+000  0.000000e+000 -5.000000e+001
      vertex -3.100000e+000 -1.096656e+000 -4.858650e+001
      vertex -3.100000e+000 -1.208058e+000 -4.861418e+001
    endloop
  endfacet
  facet normal  1.000000e+000  0.000000e+000  0.000000e+000
    outer loop
      vertex -3.100000e+000  0.000000e+000 -5.000000e+001
      vertex -3.100000e+000 -1.208058e+000 -4.861418e+001
      vertex -3.100000e+000 -1.321115e+000 -4.863405e+001
    endloop
  endfacet
  facet normal  1.000000e+000  0.000000e+000  0.000000e+000
    outer loop
      vertex -3.100000e+000  0.000000e+000 -5.000000e+001
      vertex -3.100000e+000 -1.321115e+000 -4.863405e+001
      vertex -3.100000e+000 -1.435280e+000 -4.864601e+001
    endloop
  endfacet
  facet normal  1.000000e+000  0.000000e+000  0.000000e+000
    outer loop
      vertex -3.100000e+000  0.000000e+000 -5.000000e+001
      vertex -3.100000e+000 -1.435280e+000 -4.864601e+001
      vertex -3.100000e+000 -1.550000e+000 -4.865000e+001
    endloop
  endfacet
  facet normal  1.000000e+000  0.000000e+000  0.000000e+000
    outer loop
      vertex -3.100000e+000  0.000000e+000 -5.000000e+001
      vertex -3.100000e+000 -1.550000e+000 -4.865000e+001
      vertex -3.100000e+000 -1.662600e+000 -4.864615e+001
    endloop
  endfacet
  facet normal  1.000000e+000  0.000000e+000  0.000000e+000
    outer loop
      vertex -3.100000e+000  0.000000e+000 -5.000000e+001
      vertex -3.100000e+000 -1.662600e+000 -4.864615e+001
      vertex -3.100000e+000 -1.774675e+000 -4.863463e+001
    endloop
  endfacet
  facet normal  1.000000e+000  0.000000e+000  0.000000e+000
    outer loop
      vertex -3.100000e+000  0.000000e+000 -5.000000e+001
      vertex -3.100000e+000 -1.774675e+000 -4.863463e+001
      vertex -3.100000e+000 -1.885702e+000 -4.861549e+001
    endloop
  endfacet
  facet normal  1.000000e+000  0.000000e+000  0.000000e+000
    outer loop
      vertex -3.100000e+000  0.000000e+000 -5.000000e+001
      vertex -3.100000e+000 -1.885702e+000 -4.861549e+001
      vertex -3.100000e+000 -1.995165e+000 -4.858881e+001
    endloop
  endfacet
  facet normal  1.000000e+000  0.000000e+000  0.000000e+000
    outer loop
      vertex -3.100000e+000  0.000000e+000 -5.000000e+001
      vertex -3.100000e+000 -1.995165e+000 -4.858881e+001
      vertex -3.100000e+000 -2.102551e+000 -4.855473e+001
    endloop
  endfacet
  facet normal  1.000000e+000  0.000000e+000  0.000000e+000
    outer loop
      vertex -3.100000e+000  0.000000e+000 -5.000000e+001
      vertex -3.100000e+000 -2.102551e+000 -4.855473e+001
      vertex -3.100000e+000 -2.207362e+000 -4.851340e+001
    endloop
  endfacet
  facet normal  1.000000e+000  0.000000e+000  0.000000e+000
    outer loop
      vertex -3.100000e+000  0.000000e+000 -5.000000e+001
      vertex -3.100000e+000 -2.207362e+000 -4.851340e+001
      vertex -3.100000e+000 -2.309107e+000 -4.846501e+001
    endloop
  endfacet
  facet normal  1.000000e+000  0.000000e+000  0.000000e+000
    outer loop
      vertex -3.100000e+000  0.000000e+000 -5.000000e+001
      vertex -3.100000e+000 -2.309107e+000 -4.846501e+001
      vertex -3.100000e+000 -2.407314e+000 -4.840979e+001
    endloop
  endfacet
  facet normal  1.000000e+000  0.000000e+000  0.000000e+000
    outer loop
      vertex -3.100000e+000 -3.200000e+000 -5.000000e+001
      vertex -3.100000e+000  0.000000e+000 -5.000000e+001
      vertex -3.100000e+000 -2.407314e+000 -4.840979e+001
    endloop
  endfacet
  facet normal  9.999999e-001  0.000000e+000  0.000000e+000
    outer loop
      vertex -3.100000e+000 -3.200000e+000 -5.000000e+001
      vertex -3.100000e+000 -2.407314e+000 -4.840979e+001
      vertex -3.100000e+000 -2.501523e+000 -4.834800e+001
    endloop
  endfacet
  facet normal  9.999999e-001  0.000000e+000  0.000000e+000
    outer loop
      vertex -3.100000e+000 -3.200000e+000 -5.000000e+001
      vertex -3.100000e+000 -2.501523e+000 -4.834800e+001
      vertex -3.100000e+000 -2.591295e+000 -4.827992e+001
    endloop
  endfacet
  facet normal  1.000000e+000  0.000000e+000  0.000000e+000
    outer loop
      vertex -3.100000e+000 -3.200000e+000 -5.000000e+001
      vertex -3.100000e+000 -2.591295e+000 -4.827992e+001
      vertex -3.100000e+000 -2.676213e+000 -4.820588e+001
    endloop
  endfacet
  facet normal  1.000000e+000  0.000000e+000  0.000000e+000
    outer loop
      vertex -3.100000e+000 -3.200000e+000 -5.000000e+001
      vertex -3.100000e+000 -2.676213e+000 -4.820588e+001
      vertex -3.100000e+000 -2.755879e+000 -4.812621e+001
    endloop
  endfacet
  facet normal  1.000000e+000  0.000000e+000  0.000000e+000
    outer loop
      vertex -3.100000e+000 -3.200000e+000 -5.000000e+001
      vertex -3.100000e+000 -2.755879e+000 -4.812621e+001
      vertex -3.100000e+000 -2.829924e+000 -4.804129e+001
    endloop
  endfacet
  facet normal  1.000000e+000  0.000000e+000  0.000000e+000
    outer loop
      vertex -3.100000e+000 -3.200000e+000 -5.000000e+001
      vertex -3.100000e+000 -2.829924e+000 -4.804129e+001
      vertex -3.100000e+000 -2.898000e+000 -4.795152e+001
    endloop
  endfacet
  facet normal  1.000000e+000  0.000000e+000  0.000000e+000
    outer loop
      vertex -3.100000e+000 -3.200000e+000 -5.000000e+001
      vertex -3.100000e+000 -2.898000e+000 -4.795152e+001
      vertex -3.100000e+000 -2.959792e+000 -4.785732e+001
    endloop
  endfacet
  facet normal  1.000000e+000  0.000000e+000  0.000000e+000
    outer loop
      vertex -3.100000e+000 -3.200000e+000 -5.000000e+001
      vertex -3.100000e+000 -2.959792e+000 -4.785732e+001
      vertex -3.100000e+000 -3.015011e+000 -4.775911e+001
    endloop
  endfacet
  facet normal  1.000000e+000  0.000000e+000  0.000000e+000
    outer loop
      vertex -3.100000e+000 -3.200000e+000 -5.000000e+001
      vertex -3.100000e+000 -3.015011e+000 -4.775911e+001
      vertex -3.100000e+000 -3.063399e+000 -4.765736e+001
    endloop
  endfacet
  facet normal  9.999999e-001  0.000000e+000  0.000000e+000
    outer loop
      vertex -3.100000e+000 -3.200000e+000 -5.000000e+001
      vertex -3.100000e+000 -3.063399e+000 -4.765736e+001
      vertex -3.100000e+000 -3.104731e+000 -4.755255e+001
    endloop
  endfacet
  facet normal  1.000000e+000  0.000000e+000  0.000000e+000
    outer loop
      vertex -3.100000e+000 -3.200000e+000 -5.000000e+001
      vertex -3.100000e+000 -3.104731e+000 -4.755255e+001
      vertex -3.100000e+000 -3.138813e+000 -4.744516e+001
    endloop
  endfacet
  facet normal  1.000000e+000  0.000000e+000  0.000000e+000
    outer loop
      vertex -3.100000e+000 -3.200000e+000 -5.000000e+001
      vertex -3.100000e+000 -3.138813e+000 -4.744516e+001
      vertex -3.100000e+000 -3.165489e+000 -4.733570e+001
    endloop
  endfacet
  facet normal  9.999999e-001  0.000000e+000  0.000000e+000
    outer loop
      vertex -3.100000e+000 -3.200000e+000 -5.000000e+001
      vertex -3.100000e+000 -3.165489e+000 -4.733570e+001
      vertex -3.100000e+000 -3.184632e+000 -4.722467e+001
    endloop
  endfacet
  facet normal  1.000000e+000  0.000000e+000  0.000000e+000
    outer loop
      vertex -3.100000e+000 -3.200000e+000 -5.000000e+001
      vertex -3.100000e+000 -3.184632e+000 -4.722467e+001
      vertex -3.100000e+000 -3.196153e+000 -4.711260e+001
    endloop
  endfacet
  facet normal  1.000000e+000  0.000000e+000  0.000000e+000
    outer loop
      vertex -3.100000e+000 -3.200000e+000 -5.000000e+001
      vertex -3.100000e+000 -3.196153e+000 -4.711260e+001
      vertex -3.100000e+000 -3.200000e+000 -4.700000e+001
    endloop
  endfacet
  facet normal  1.000000e+000  0.000000e+000  -0.000000e+000
    outer loop
      vertex -5.100000e+000 -3.200000e+000 -4.700000e+001
      vertex -5.100000e+000 -3.196153e+000 -4.711260e+001
      vertex -5.100000e+000 -3.196153e+000 -4.688740e+001
    endloop
  endfacet
  facet normal  1.000000e+000  0.000000e+000  0.000000e+000
    outer loop
      vertex -5.100000e+000 -3.196153e+000 -4.688740e+001
      vertex -5.100000e+000 -3.196153e+000 -4.711260e+001
      vertex -5.100000e+000 -3.184632e+000 -4.722467e+001
    endloop
  endfacet
  facet normal  1.000000e+000  0.000000e+000  -0.000000e+000
    outer loop
      vertex -5.100000e+000 -3.196153e+000 -4.688740e+001
      vertex -5.100000e+000 -3.184632e+000 -4.722467e+001
      vertex -5.100000e+000 -3.184632e+000 -4.677533e+001
    endloop
  endfacet
  facet normal  1.000000e+000  0.000000e+000  0.000000e+000
    outer loop
      vertex -5.100000e+000 -3.184632e+000 -4.677533e+001
      vertex -5.100000e+000 -3.184632e+000 -4.722467e+001
      vertex -5.100000e+000 -3.165489e+000 -4.733570e+001
    endloop
  endfacet
  facet normal  9.999999e-001  0.000000e+000  -0.000000e+000
    outer loop
      vertex -5.100000e+000 -3.184632e+000 -4.677533e+001
      vertex -5.100000e+000 -3.165489e+000 -4.733570e+001
      vertex -5.100000e+000 -3.165489e+000 -4.666430e+001
    endloop
  endfacet
  facet normal  1.000000e+000  0.000000e+000  0.000000e+000
    outer loop
      vertex -5.100000e+000 -3.165489e+000 -4.666430e+001
      vertex -5.100000e+000 -3.165489e+000 -4.733570e+001
      vertex -5.100000e+000 -3.138813e+000 -4.744516e+001
    endloop
  endfacet
  facet normal  1.000000e+000  0.000000e+000  -0.000000e+000
    outer loop
      vertex -5.100000e+000 -3.165489e+000 -4.666430e+001
      vertex -5.100000e+000 -3.138813e+000 -4.744516e+001
      vertex -5.100000e+000 -3.138813e+000 -4.655484e+001
    endloop
  endfacet
  facet normal  1.000000e+000  0.000000e+000  0.000000e+000
    outer loop
      vertex -5.100000e+000 -3.138813e+000 -4.655484e+001
      vertex -5.100000e+000 -3.138813e+000 -4.744516e+001
      vertex -5.100000e+000 -3.104731e+000 -4.755255e+001
    endloop
  endfacet
  facet normal  1.000000e+000  0.000000e+000  -0.000000e+000
    outer loop
      vertex -5.100000e+000 -3.138813e+000 -4.655484e+001
      vertex -5.100000e+000 -3.104731e+000 -4.755255e+001
      vertex -5.100000e+000 -3.104731e+000 -4.644745e+001
    endloop
  endfacet
  facet normal  1.000000e+000  0.000000e+000  0.000000e+000
    outer loop
      vertex -5.100000e+000 -3.104731e+000 -4.644745e+001
      vertex -5.100000e+000 -3.104731e+000 -4.755255e+001
      vertex -5.100000e+000 -3.063399e+000 -4.765736e+001
    endloop
  endfacet
  facet normal  9.999999e-001  0.000000e+000  -0.000000e+000
    outer loop
      vertex -5.100000e+000 -3.104731e+000 -4.644745e+001
      vertex -5.100000e+000 -3.063399e+000 -4.765736e+001
      vertex -5.100000e+000 -3.063399e+000 -4.634264e+001
    endloop
  endfacet
  facet normal  1.000000e+000  0.000000e+000  0.000000e+000
    outer loop
      vertex -5.100000e+000 -3.063399e+000 -4.634264e+001
      vertex -5.100000e+000 -3.063399e+000 -4.765736e+001
      vertex -5.100000e+000 -3.015011e+000 -4.775911e+001
    endloop
  endfacet
  facet normal  1.000000e+000  0.000000e+000  -0.000000e+000
    outer loop
      vertex -5.100000e+000 -3.063399e+000 -4.634264e+001
      vertex -5.100000e+000 -3.015011e+000 -4.775911e+001
      vertex -5.100000e+000 -3.015011e+000 -4.624089e+001
    endloop
  endfacet
  facet normal  1.000000e+000  0.000000e+000  0.000000e+000
    outer loop
      vertex -5.100000e+000 -3.015011e+000 -4.624089e+001
      vertex -5.100000e+000 -3.015011e+000 -4.775911e+001
      vertex -5.100000e+000 -2.959792e+000 -4.785732e+001
    endloop
  endfacet
  facet normal  9.999999e-001  0.000000e+000  -0.000000e+000
    outer loop
      vertex -5.100000e+000 -3.015011e+000 -4.624089e+001
      vertex -5.100000e+000 -2.959792e+000 -4.785732e+001
      vertex -5.100000e+000 -2.959792e+000 -4.614268e+001
    endloop
  endfacet
  facet normal  1.000000e+000  0.000000e+000  0.000000e+000
    outer loop
      vertex -5.100000e+000 -2.959792e+000 -4.614268e+001
      vertex -5.100000e+000 -2.959792e+000 -4.785732e+001
      vertex -5.100000e+000 -2.898000e+000 -4.795152e+001
    endloop
  endfacet
  facet normal  1.000000e+000  0.000000e+000  -0.000000e+000
    outer loop
      vertex -5.100000e+000 -2.959792e+000 -4.614268e+001
      vertex -5.100000e+000 -2.898000e+000 -4.795152e+001
      vertex -5.100000e+000 -2.898000e+000 -4.604848e+001
    endloop
  endfacet
  facet normal  1.000000e+000  0.000000e+000  0.000000e+000
    outer loop
      vertex -5.100000e+000 -2.898000e+000 -4.604848e+001
      vertex -5.100000e+000 -2.898000e+000 -4.795152e+001
      vertex -5.100000e+000 -2.829924e+000 -4.804129e+001
    endloop
  endfacet
  facet normal  1.000000e+000  0.000000e+000  -0.000000e+000
    outer loop
      vertex -5.100000e+000 -2.898000e+000 -4.604848e+001
      vertex -5.100000e+000 -2.829924e+000 -4.804129e+001
      vertex -5.100000e+000 -2.829924e+000 -4.595871e+001
    endloop
  endfacet
  facet normal  1.000000e+000  0.000000e+000  0.000000e+000
    outer loop
      vertex -5.100000e+000 -2.829924e+000 -4.595871e+001
      vertex -5.100000e+000 -2.829924e+000 -4.804129e+001
      vertex -5.100000e+000 -2.755879e+000 -4.812621e+001
    endloop
  endfacet
  facet normal  1.000000e+000  0.000000e+000  -0.000000e+000
    outer loop
      vertex -5.100000e+000 -2.829924e+000 -4.595871e+001
      vertex -5.100000e+000 -2.755879e+000 -4.812621e+001
      vertex -5.100000e+000 -2.755879e+000 -4.587379e+001
    endloop
  endfacet
  facet normal  9.999999e-001  0.000000e+000  0.000000e+000
    outer loop
      vertex -5.100000e+000 -2.755879e+000 -4.587379e+001
      vertex -5.100000e+000 -2.755879e+000 -4.812621e+001
      vertex -5.100000e+000 -2.676213e+000 -4.820588e+001
    endloop
  endfacet
  facet normal  9.999999e-001  0.000000e+000  -0.000000e+000
    outer loop
      vertex -5.100000e+000 -2.755879e+000 -4.587379e+001
      vertex -5.100000e+000 -2.676213e+000 -4.820588e+001
      vertex -5.100000e+000 -2.676213e+000 -4.579412e+001
    endloop
  endfacet
  facet normal  1.000000e+000  0.000000e+000  0.000000e+000
    outer loop
      vertex -5.100000e+000 -2.676213e+000 -4.579412e+001
      vertex -5.100000e+000 -2.676213e+000 -4.820588e+001
      vertex -5.100000e+000 -2.591295e+000 -4.827992e+001
    endloop
  endfacet
  facet normal  1.000000e+000  0.000000e+000  -0.000000e+000
    outer loop
      vertex -5.100000e+000 -2.676213e+000 -4.579412e+001
      vertex -5.100000e+000 -2.591295e+000 -4.827992e+001
      vertex -5.100000e+000 -2.591295e+000 -4.572008e+001
    endloop
  endfacet
  facet normal  1.000000e+000  0.000000e+000  0.000000e+000
    outer loop
      vertex -5.100000e+000 -2.591295e+000 -4.572008e+001
      vertex -5.100000e+000 -2.591295e+000 -4.827992e+001
      vertex -5.100000e+000 -2.501523e+000 -4.834800e+001
    endloop
  endfacet
  facet normal  9.999999e-001  0.000000e+000  -0.000000e+000
    outer loop
      vertex -5.100000e+000 -2.591295e+000 -4.572008e+001
      vertex -5.100000e+000 -2.501523e+000 -4.834800e+001
      vertex -5.100000e+000 -2.501523e+000 -4.565200e+001
    endloop
  endfacet
  facet normal  1.000000e+000  0.000000e+000  0.000000e+000
    outer loop
      vertex -5.100000e+000 -2.501523e+000 -4.565200e+001
      vertex -5.100000e+000 -2.501523e+000 -4.834800e+001
      vertex -5.100000e+000 -2.407314e+000 -4.840979e+001
    endloop
  endfacet
  facet normal  1.000000e+000  0.000000e+000  -0.000000e+000
    outer loop
      vertex -5.100000e+000 -2.501523e+000 -4.565200e+001
      vertex -5.100000e+000 -2.407314e+000 -4.840979e+001
      vertex -5.100000e+000 -2.407314e+000 -4.559021e+001
    endloop
  endfacet
  facet normal  1.000000e+000  0.000000e+000  0.000000e+000
    outer loop
      vertex -5.100000e+000 -2.407314e+000 -4.559021e+001
      vertex -5.100000e+000 -2.407314e+000 -4.840979e+001
      vertex -5.100000e+000 -2.309107e+000 -4.846501e+001
    endloop
  endfacet
  facet normal  1.000000e+000  0.000000e+000  -0.000000e+000
    outer loop
      vertex -5.100000e+000 -2.407314e+000 -4.559021e+001
      vertex -5.100000e+000 -2.309107e+000 -4.846501e+001
      vertex -5.100000e+000 -2.309107e+000 -4.553499e+001
    endloop
  endfacet
  facet normal  1.000000e+000  0.000000e+000  0.000000e+000
    outer loop
      vertex -5.100000e+000 -2.309107e+000 -4.553499e+001
      vertex -5.100000e+000 -2.309107e+000 -4.846501e+001
      vertex -5.100000e+000 -2.207362e+000 -4.851340e+001
    endloop
  endfacet
  facet normal  1.000000e+000  0.000000e+000  -0.000000e+000
    outer loop
      vertex -5.100000e+000 -2.309107e+000 -4.553499e+001
      vertex -5.100000e+000 -2.207362e+000 -4.851340e+001
      vertex -5.100000e+000 -2.207362e+000 -4.548660e+001
    endloop
  endfacet
  facet normal  1.000000e+000  0.000000e+000  0.000000e+000
    outer loop
      vertex -5.100000e+000 -2.207362e+000 -4.548660e+001
      vertex -5.100000e+000 -2.207362e+000 -4.851340e+001
      vertex -5.100000e+000 -2.102551e+000 -4.855473e+001
    endloop
  endfacet
  facet normal  1.000000e+000  0.000000e+000  -0.000000e+000
    outer loop
      vertex -5.100000e+000 -2.207362e+000 -4.548660e+001
      vertex -5.100000e+000 -2.102551e+000 -4.855473e+001
      vertex -5.100000e+000 -2.102551e+000 -4.544527e+001
    endloop
  endfacet
  facet normal  9.999999e-001  0.000000e+000  0.000000e+000
    outer loop
      vertex -5.100000e+000 -2.102551e+000 -4.544527e+001
      vertex -5.100000e+000 -2.102551e+000 -4.855473e+001
      vertex -5.100000e+000 -1.995165e+000 -4.858881e+001
    endloop
  endfacet
  facet normal  1.000000e+000  0.000000e+000  -0.000000e+000
    outer loop
      vertex -5.100000e+000 -2.102551e+000 -4.544527e+001
      vertex -5.100000e+000 -1.995165e+000 -4.858881e+001
      vertex -5.100000e+000 -1.995165e+000 -4.541119e+001
    endloop
  endfacet
  facet normal  1.000000e+000  0.000000e+000  0.000000e+000
    outer loop
      vertex -5.100000e+000 -1.995165e+000 -4.541119e+001
      vertex -5.100000e+000 -1.995165e+000 -4.858881e+001
      vertex -5.100000e+000 -1.885702e+000 -4.861549e+001
    endloop
  endfacet
  facet normal  1.000000e+000  0.000000e+000  -0.000000e+000
    outer loop
      vertex -5.100000e+000 -1.995165e+000 -4.541119e+001
      vertex -5.100000e+000 -1.885702e+000 -4.861549e+001
      vertex -5.100000e+000 -1.885702e+000 -4.538451e+001
    endloop
  endfacet
  facet normal  1.000000e+000  0.000000e+000  0.000000e+000
    outer loop
      vertex -5.100000e+000 -1.885702e+000 -4.538451e+001
      vertex -5.100000e+000 -1.885702e+000 -4.861549e+001
      vertex -5.100000e+000 -1.774675e+000 -4.863463e+001
    endloop
  endfacet
  facet normal  1.000000e+000  0.000000e+000  -0.000000e+000
    outer loop
      vertex -5.100000e+000 -1.885702e+000 -4.538451e+001
      vertex -5.100000e+000 -1.774675e+000 -4.863463e+001
      vertex -5.100000e+000 -1.774675e+000 -4.536537e+001
    endloop
  endfacet
  facet normal  1.000000e+000  0.000000e+000  0.000000e+000
    outer loop
      vertex -5.100000e+000 -1.774675e+000 -4.536537e+001
      vertex -5.100000e+000 -1.774675e+000 -4.863463e+001
      vertex -5.100000e+000 -1.662600e+000 -4.864615e+001
    endloop
  endfacet
  facet normal  1.000000e+000  0.000000e+000  -0.000000e+000
    outer loop
      vertex -5.100000e+000 -1.774675e+000 -4.536537e+001
      vertex -5.100000e+000 -1.662600e+000 -4.864615e+001
      vertex -5.100000e+000 -1.662600e+000 -4.535385e+001
    endloop
  endfacet
  facet normal  1.000000e+000  0.000000e+000  0.000000e+000
    outer loop
      vertex -5.100000e+000 -1.662600e+000 -4.535385e+001
      vertex -5.100000e+000 -1.662600e+000 -4.864615e+001
      vertex -5.100000e+000 -1.550000e+000 -4.865000e+001
    endloop
  endfacet
  facet normal  1.000000e+000  0.000000e+000  -0.000000e+000
    outer loop
      vertex -5.100000e+000 -1.662600e+000 -4.535385e+001
      vertex -5.100000e+000 -1.550000e+000 -4.865000e+001
      vertex -5.100000e+000 -1.550000e+000 -4.535000e+001
    endloop
  endfacet
  facet normal  1.000000e+000  0.000000e+000  0.000000e+000
    outer loop
      vertex -5.100000e+000 -1.550000e+000 -4.535000e+001
      vertex -5.100000e+000 -1.550000e+000 -4.865000e+001
      vertex -5.100000e+000 -1.435280e+000 -4.864601e+001
    endloop
  endfacet
  facet normal  1.000000e+000  0.000000e+000  -0.000000e+000
    outer loop
      vertex -5.100000e+000 -1.550000e+000 -4.535000e+001
      vertex -5.100000e+000 -1.435280e+000 -4.864601e+001
      vertex -5.100000e+000 -1.435280e+000 -4.535399e+001
    endloop
  endfacet
  facet normal  1.000000e+000  0.000000e+000  0.000000e+000
    outer loop
      vertex -5.100000e+000 -1.435280e+000 -4.535399e+001
      vertex -5.100000e+000 -1.435280e+000 -4.864601e+001
      vertex -5.100000e+000 -1.321115e+000 -4.863405e+001
    endloop
  endfacet
  facet normal  1.000000e+000  0.000000e+000  -0.000000e+000
    outer loop
      vertex -5.100000e+000 -1.435280e+000 -4.535399e+001
      vertex -5.100000e+000 -1.321115e+000 -4.863405e+001
      vertex -5.100000e+000 -1.321115e+000 -4.536595e+001
    endloop
  endfacet
  facet normal  1.000000e+000  0.000000e+000  0.000000e+000
    outer loop
      vertex -5.100000e+000 -1.321115e+000 -4.536595e+001
      vertex -5.100000e+000 -1.321115e+000 -4.863405e+001
      vertex -5.100000e+000 -1.208058e+000 -4.861418e+001
    endloop
  endfacet
  facet normal  1.000000e+000  0.000000e+000  -0.000000e+000
    outer loop
      vertex -5.100000e+000 -1.321115e+000 -4.536595e+001
      vertex -5.100000e+000 -1.208058e+000 -4.861418e+001
      vertex -5.100000e+000 -1.208058e+000 -4.538582e+001
    endloop
  endfacet
  facet normal  9.999999e-001  0.000000e+000  0.000000e+000
    outer loop
      vertex -5.100000e+000 -1.208058e+000 -4.538582e+001
      vertex -5.100000e+000 -1.208058e+000 -4.861418e+001
      vertex -5.100000e+000 -1.096656e+000 -4.858650e+001
    endloop
  endfacet
  facet normal  1.000000e+000  0.000000e+000  -0.000000e+000
    outer loop
      vertex -5.100000e+000 -1.208058e+000 -4.538582e+001
      vertex -5.100000e+000 -1.096656e+000 -4.858650e+001
      vertex -5.100000e+000 -1.096656e+000 -4.541350e+001
    endloop
  endfacet
  facet normal  1.000000e+000  0.000000e+000  0.000000e+000
    outer loop
      vertex -5.100000e+000 -1.096656e+000 -4.541350e+001
      vertex -5.100000e+000 -1.096656e+000 -4.858650e+001
      vertex -5.100000e+000 -9.874486e-001 -4.855114e+001
    endloop
  endfacet
  facet normal  9.999999e-001  0.000000e+000  -0.000000e+000
    outer loop
      vertex -5.100000e+000 -1.096656e+000 -4.541350e+001
      vertex -5.100000e+000 -9.874486e-001 -4.855114e+001
      vertex -5.100000e+000 -9.874486e-001 -4.544886e+001
    endloop
  endfacet
  facet normal  1.000000e+000  0.000000e+000  0.000000e+000
    outer loop
      vertex -5.100000e+000 -9.874486e-001 -4.544886e+001
      vertex -5.100000e+000 -9.874486e-001 -4.855114e+001
      vertex -5.100000e+000 -8.809634e-001 -4.850827e+001
    endloop
  endfacet
  facet normal  1.000000e+000  0.000000e+000  -0.000000e+000
    outer loop
      vertex -5.100000e+000 -9.874486e-001 -4.544886e+001
      vertex -5.100000e+000 -8.809634e-001 -4.850827e+001
      vertex -5.100000e+000 -8.809634e-001 -4.549173e+001
    endloop
  endfacet
  facet normal  1.000000e+000  0.000000e+000  0.000000e+000
    outer loop
      vertex -5.100000e+000 -8.809634e-001 -4.549173e+001
      vertex -5.100000e+000 -8.809634e-001 -4.850827e+001
      vertex -5.100000e+000 -7.777163e-001 -4.845811e+001
    endloop
  endfacet
  facet normal  1.000000e+000  0.000000e+000  -0.000000e+000
    outer loop
      vertex -5.100000e+000 -8.809634e-001 -4.549173e+001
      vertex -5.100000e+000 -7.777163e-001 -4.845811e+001
      vertex -5.100000e+000 -7.777163e-001 -4.554189e+001
    endloop
  endfacet
  facet normal  1.000000e+000  0.000000e+000  0.000000e+000
    outer loop
      vertex -5.100000e+000 -7.777163e-001 -4.554189e+001
      vertex -5.100000e+000 -7.777163e-001 -4.845811e+001
      vertex -5.100000e+000 -6.782070e-001 -4.840088e+001
    endloop
  endfacet
  facet normal  1.000000e+000  0.000000e+000  -0.000000e+000
    outer loop
      vertex -5.100000e+000 -7.777163e-001 -4.554189e+001
      vertex -5.100000e+000 -6.782070e-001 -4.840088e+001
      vertex -5.100000e+000 -6.782070e-001 -4.559912e+001
    endloop
  endfacet
  facet normal  1.000000e+000  0.000000e+000  0.000000e+000
    outer loop
      vertex -5.100000e+000 -6.782070e-001 -4.559912e+001
      vertex -5.100000e+000 -6.782070e-001 -4.840088e+001
      vertex -5.100000e+000 -5.829170e-001 -4.833688e+001
    endloop
  endfacet
  facet normal  1.000000e+000  0.000000e+000  -0.000000e+000
    outer loop
      vertex -5.100000e+000 -6.782070e-001 -4.559912e+001
      vertex -5.100000e+000 -5.829170e-001 -4.833688e+001
      vertex -5.100000e+000 -5.829170e-001 -4.566312e+001
    endloop
  endfacet
  facet normal  1.000000e+000  0.000000e+000  0.000000e+000
    outer loop
      vertex -5.100000e+000 -5.829170e-001 -4.566312e+001
      vertex -5.100000e+000 -5.829170e-001 -4.833688e+001
      vertex -5.100000e+000 -4.923077e-001 -4.826641e+001
    endloop
  endfacet
  facet normal  1.000000e+000  0.000000e+000  -0.000000e+000
    outer loop
      vertex -5.100000e+000 -5.829170e-001 -4.566312e+001
      vertex -5.100000e+000 -4.923077e-001 -4.826641e+001
      vertex -5.100000e+000 -4.923077e-001 -4.573359e+001
    endloop
  endfacet
  facet normal  1.000000e+000  0.000000e+000  0.000000e+000
    outer loop
      vertex -5.100000e+000 -4.923077e-001 -4.573359e+001
      vertex -5.100000e+000 -4.923077e-001 -4.826641e+001
      vertex -5.100000e+000 -4.526765e-001 -4.823842e+001
    endloop
  endfacet
  facet normal  1.000000e+000  0.000000e+000  -0.000000e+000
    outer loop
      vertex -5.100000e+000 -4.923077e-001 -4.573359e+001
      vertex -5.100000e+000 -4.526765e-001 -4.823842e+001
      vertex -5.100000e+000 -4.526765e-001 -4.576158e+001
    endloop
  endfacet
  facet normal  1.000000e+000  0.000000e+000  0.000000e+000
    outer loop
      vertex -5.100000e+000 -4.526765e-001 -4.576158e+001
      vertex -5.100000e+000 -4.526765e-001 -4.823842e+001
      vertex -5.100000e+000 -4.090520e-001 -4.821719e+001
    endloop
  endfacet
  facet normal  1.000000e+000  0.000000e+000  -0.000000e+000
    outer loop
      vertex -5.100000e+000 -4.526765e-001 -4.576158e+001
      vertex -5.100000e+000 -4.090520e-001 -4.821719e+001
      vertex -5.100000e+000 -4.090520e-001 -4.578281e+001
    endloop
  endfacet
  facet normal  1.000000e+000  0.000000e+000  0.000000e+000
    outer loop
      vertex -5.100000e+000 -4.090520e-001 -4.578281e+001
      vertex -5.100000e+000 -4.090520e-001 -4.821719e+001
      vertex -5.100000e+000 -3.625754e-001 -4.820326e+001
    endloop
  endfacet
  facet normal  9.999999e-001  0.000000e+000  -0.000000e+000
    outer loop
      vertex -5.100000e+000 -4.090520e-001 -4.578281e+001
      vertex -5.100000e+000 -3.625754e-001 -4.820326e+001
      vertex -5.100000e+000 -3.625754e-001 -4.579674e+001
    endloop
  endfacet
  facet normal  1.000000e+000  0.000000e+000  0.000000e+000
    outer loop
      vertex -5.100000e+000 -3.625754e-001 -4.579674e+001
      vertex -5.100000e+000 -3.625754e-001 -4.820326e+001
      vertex -5.100000e+000 -3.144619e-001 -4.819701e+001
    endloop
  endfacet
  facet normal  1.000000e+000  0.000000e+000  -0.000000e+000
    outer loop
      vertex -5.100000e+000 -3.625754e-001 -4.579674e+001
      vertex -5.100000e+000 -3.144619e-001 -4.819701e+001
      vertex -5.100000e+000 -3.144619e-001 -4.580299e+001
    endloop
  endfacet
  facet normal  1.000000e+000  0.000000e+000  0.000000e+000
    outer loop
      vertex -5.100000e+000 -3.144619e-001 -4.580299e+001
      vertex -5.100000e+000 -3.144619e-001 -4.819701e+001
      vertex -5.100000e+000 -2.659703e-001 -4.819860e+001
    endloop
  endfacet
  facet normal  9.999999e-001  0.000000e+000  -0.000000e+000
    outer loop
      vertex -5.100000e+000 -3.144619e-001 -4.580299e+001
      vertex -5.100000e+000 -2.659703e-001 -4.819860e+001
      vertex -5.100000e+000 -2.659703e-001 -4.580140e+001
    endloop
  endfacet
  facet normal  1.000000e+000  0.000000e+000  0.000000e+000
    outer loop
      vertex -5.100000e+000 -2.659703e-001 -4.580140e+001
      vertex -5.100000e+000 -2.659703e-001 -4.819860e+001
      vertex -5.100000e+000 -2.183687e-001 -4.820798e+001
    endloop
  endfacet
  facet normal  1.000000e+000  0.000000e+000  -0.000000e+000
    outer loop
      vertex -5.100000e+000 -2.659703e-001 -4.580140e+001
      vertex -5.100000e+000 -2.183687e-001 -4.820798e+001
      vertex -5.100000e+000 -2.183687e-001 -4.579202e+001
    endloop
  endfacet
  facet normal  1.000000e+000  0.000000e+000  0.000000e+000
    outer loop
      vertex -5.100000e+000 -2.183687e-001 -4.579202e+001
      vertex -5.100000e+000 -2.183687e-001 -4.820798e+001
      vertex -5.100000e+000 -1.729022e-001 -4.822492e+001
    endloop
  endfacet
  facet normal  9.999999e-001  0.000000e+000  -0.000000e+000
    outer loop
      vertex -5.100000e+000 -2.183687e-001 -4.579202e+001
      vertex -5.100000e+000 -1.729022e-001 -4.822492e+001
      vertex -5.100000e+000 -1.729022e-001 -4.577508e+001
    endloop
  endfacet
  facet normal  1.000000e+000  0.000000e+000  0.000000e+000
    outer loop
      vertex -5.100000e+000 -1.729022e-001 -4.577508e+001
      vertex -5.100000e+000 -1.729022e-001 -4.822492e+001
      vertex -5.100000e+000 -1.307600e-001 -4.824896e+001
    endloop
  endfacet
  facet normal  9.999999e-001  0.000000e+000  -0.000000e+000
    outer loop
      vertex -5.100000e+000 -1.729022e-001 -4.577508e+001
      vertex -5.100000e+000 -1.307600e-001 -4.824896e+001
      vertex -5.100000e+000 -1.307600e-001 -4.575104e+001
    endloop
  endfacet
  facet normal  1.000000e+000  0.000000e+000  0.000000e+000
    outer loop
      vertex -5.100000e+000 -1.307600e-001 -4.575104e+001
      vertex -5.100000e+000 -1.307600e-001 -4.824896e+001
      vertex -5.100000e+000 -9.304419e-002 -4.827948e+001
    endloop
  endfacet
  facet normal  1.000000e+000  0.000000e+000  -0.000000e+000
    outer loop
      vertex -5.100000e+000 -1.307600e-001 -4.575104e+001
      vertex -5.100000e+000 -9.304419e-002 -4.827948e+001
      vertex -5.100000e+000 -9.304419e-002 -4.572052e+001
    endloop
  endfacet
  facet normal  1.000000e+000  0.000000e+000  0.000000e+000
    outer loop
      vertex -5.100000e+000 -9.304419e-002 -4.572052e+001
      vertex -5.100000e+000 -9.304419e-002 -4.827948e+001
      vertex -5.100000e+000 -6.074137e-002 -4.831568e+001
    endloop
  endfacet
  facet normal  1.000000e+000  0.000000e+000  -0.000000e+000
    outer loop
      vertex -5.100000e+000 -9.304419e-002 -4.572052e+001
      vertex -5.100000e+000 -6.074137e-002 -4.831568e+001
      vertex -5.100000e+000 -6.074137e-002 -4.568432e+001
    endloop
  endfacet
  facet normal  1.000000e+000  0.000000e+000  0.000000e+000
    outer loop
      vertex -5.100000e+000 -6.074137e-002 -4.568432e+001
      vertex -5.100000e+000 -6.074137e-002 -4.831568e+001
      vertex -5.100000e+000 -3.469639e-002 -4.835661e+001
    endloop
  endfacet
  facet normal  1.000000e+000  0.000000e+000  -0.000000e+000
    outer loop
      vertex -5.100000e+000 -6.074137e-002 -4.568432e+001
      vertex -5.100000e+000 -3.469639e-002 -4.835661e+001
      vertex -5.100000e+000 -3.469639e-002 -4.564339e+001
    endloop
  endfacet
  facet normal  1.000000e+000  0.000000e+000  0.000000e+000
    outer loop
      vertex -5.100000e+000 -3.469639e-002 -4.564339e+001
      vertex -5.100000e+000 -3.469639e-002 -4.835661e+001
      vertex -5.100000e+000 -1.559045e-002 -4.840121e+001
    endloop
  endfacet
  facet normal  1.000000e+000  0.000000e+000  -0.000000e+000
    outer loop
      vertex -5.100000e+000 -3.469639e-002 -4.564339e+001
      vertex -5.100000e+000 -1.559045e-002 -4.840121e+001
      vertex -5.100000e+000 -1.559045e-002 -4.559879e+001
    endloop
  endfacet
  facet normal  1.000000e+000  0.000000e+000  0.000000e+000
    outer loop
      vertex -5.100000e+000 -1.559045e-002 -4.559879e+001
      vertex -5.100000e+000 -1.559045e-002 -4.840121e+001
      vertex -5.100000e+000 -3.923265e-003 -4.844830e+001
    endloop
  endfacet
  facet normal  1.000000e+000  0.000000e+000  -0.000000e+000
    outer loop
      vertex -5.100000e+000 -1.559045e-002 -4.559879e+001
      vertex -5.100000e+000 -3.923265e-003 -4.844830e+001
      vertex -5.100000e+000 -3.923265e-003 -4.555170e+001
    endloop
  endfacet
  facet normal  1.000000e+000  0.000000e+000  0.000000e+000
    outer loop
      vertex -5.100000e+000 -3.923265e-003 -4.555170e+001
      vertex -5.100000e+000 -3.923265e-003 -4.844830e+001
      vertex -5.100000e+000  0.000000e+000 -4.849666e+001
    endloop
  endfacet
  facet normal  1.000000e+000  0.000000e+000  -0.000000e+000
    outer loop
      vertex -5.100000e+000 -3.923265e-003 -4.555170e+001
      vertex -5.100000e+000  0.000000e+000 -4.849666e+001
      vertex -5.100000e+000  0.000000e+000 -4.550334e+001
    endloop
  endfacet
  facet normal  0.000000e+000 -5.768686e-001  8.168370e-001
    outer loop
      vertex -5.100000e+000 -4.923077e-001 -4.826641e+001
      vertex -3.100000e+000 -4.923077e-001 -4.826641e+001
      vertex -5.100000e+000 -4.526765e-001 -4.823842e+001
    endloop
  endfacet
  facet normal  0.000000e+000 -5.768686e-001  8.168370e-001
    outer loop
      vertex -5.100000e+000 -4.526765e-001 -4.823842e+001
      vertex -3.100000e+000 -4.923077e-001 -4.826641e+001
      vertex -3.100000e+000 -4.526765e-001 -4.823842e+001
    endloop
  endfacet
  facet normal  0.000000e+000 -4.376306e-001  8.991548e-001
    outer loop
      vertex -5.100000e+000 -4.526765e-001 -4.823842e+001
      vertex -3.100000e+000 -4.526765e-001 -4.823842e+001
      vertex -5.100000e+000 -4.090520e-001 -4.821719e+001
    endloop
  endfacet
  facet normal  0.000000e+000 -4.376306e-001  8.991548e-001
    outer loop
      vertex -5.100000e+000 -4.090520e-001 -4.821719e+001
      vertex -3.100000e+000 -4.526765e-001 -4.823842e+001
      vertex -3.100000e+000 -4.090520e-001 -4.821719e+001
    endloop
  endfacet
  facet normal  0.000000e+000 -2.869817e-001  9.579360e-001
    outer loop
      vertex -5.100000e+000 -4.090520e-001 -4.821719e+001
      vertex -3.100000e+000 -4.090520e-001 -4.821719e+001
      vertex -5.100000e+000 -3.625754e-001 -4.820326e+001
    endloop
  endfacet
  facet normal  0.000000e+000 -2.869817e-001  9.579360e-001
    outer loop
      vertex -5.100000e+000 -3.625754e-001 -4.820326e+001
      vertex -3.100000e+000 -4.090520e-001 -4.821719e+001
      vertex -3.100000e+000 -3.625754e-001 -4.820326e+001
    endloop
  endfacet
  facet normal  0.000000e+000 -1.288655e-001  9.916621e-001
    outer loop
      vertex -5.100000e+000 -3.625754e-001 -4.820326e+001
      vertex -3.100000e+000 -3.625754e-001 -4.820326e+001
      vertex -5.100000e+000 -3.144619e-001 -4.819701e+001
    endloop
  endfacet
  facet normal  0.000000e+000 -1.288655e-001  9.916621e-001
    outer loop
      vertex -5.100000e+000 -3.144619e-001 -4.819701e+001
      vertex -3.100000e+000 -3.625754e-001 -4.820326e+001
      vertex -3.100000e+000 -3.144619e-001 -4.819701e+001
    endloop
  endfacet
  facet normal  0.000000e+000  3.278656e-002  9.994624e-001
    outer loop
      vertex -5.100000e+000 -3.144619e-001 -4.819701e+001
      vertex -3.100000e+000 -3.144619e-001 -4.819701e+001
      vertex -5.100000e+000 -2.659703e-001 -4.819860e+001
    endloop
  endfacet
  facet normal  -0.000000e+000  3.278656e-002  9.994624e-001
    outer loop
      vertex -5.100000e+000 -2.659703e-001 -4.819860e+001
      vertex -3.100000e+000 -3.144619e-001 -4.819701e+001
      vertex -3.100000e+000 -2.659703e-001 -4.819860e+001
    endloop
  endfacet
  facet normal  0.000000e+000  1.933412e-001  9.811316e-001
    outer loop
      vertex -5.100000e+000 -2.659703e-001 -4.819860e+001
      vertex -3.100000e+000 -2.659703e-001 -4.819860e+001
      vertex -5.100000e+000 -2.183687e-001 -4.820798e+001
    endloop
  endfacet
  facet normal  -0.000000e+000  1.933412e-001  9.811316e-001
    outer loop
      vertex -5.100000e+000 -2.183687e-001 -4.820798e+001
      vertex -3.100000e+000 -2.659703e-001 -4.819860e+001
      vertex -3.100000e+000 -2.183687e-001 -4.820798e+001
    endloop
  endfacet
  facet normal  0.000000e+000  3.490863e-001  9.370906e-001
    outer loop
      vertex -5.100000e+000 -2.183687e-001 -4.820798e+001
      vertex -3.100000e+000 -2.183687e-001 -4.820798e+001
      vertex -5.100000e+000 -1.729022e-001 -4.822492e+001
    endloop
  endfacet
  facet normal  -0.000000e+000  3.490863e-001  9.370906e-001
    outer loop
      vertex -5.100000e+000 -1.729022e-001 -4.822492e+001
      vertex -3.100000e+000 -2.183687e-001 -4.820798e+001
      vertex -3.100000e+000 -1.729022e-001 -4.822492e+001
    endloop
  endfacet
  facet normal  0.000000e+000  4.955007e-001  8.686075e-001
    outer loop
      vertex -5.100000e+000 -1.729022e-001 -4.822492e+001
      vertex -3.100000e+000 -1.729022e-001 -4.822492e+001
      vertex -5.100000e+000 -1.307600e-001 -4.824896e+001
    endloop
  endfacet
  facet normal  -0.000000e+000  4.955007e-001  8.686075e-001
    outer loop
      vertex -5.100000e+000 -1.307600e-001 -4.824896e+001
      vertex -3.100000e+000 -1.729022e-001 -4.822492e+001
      vertex -3.100000e+000 -1.307600e-001 -4.824896e+001
    endloop
  endfacet
  facet normal  0.000000e+000  6.290210e-001  7.773883e-001
    outer loop
      vertex -5.100000e+000 -1.307600e-001 -4.824896e+001
      vertex -3.100000e+000 -1.307600e-001 -4.824896e+001
      vertex -5.100000e+000 -9.304419e-002 -4.827948e+001
    endloop
  endfacet
  facet normal  -0.000000e+000  6.290210e-001  7.773883e-001
    outer loop
      vertex -5.100000e+000 -9.304419e-002 -4.827948e+001
      vertex -3.100000e+000 -1.307600e-001 -4.824896e+001
      vertex -3.100000e+000 -9.304419e-002 -4.827948e+001
    endloop
  endfacet
  facet normal  0.000000e+000  7.461417e-001  6.657872e-001
    outer loop
      vertex -5.100000e+000 -9.304419e-002 -4.827948e+001
      vertex -3.100000e+000 -9.304419e-002 -4.827948e+001
      vertex -5.100000e+000 -6.074137e-002 -4.831568e+001
    endloop
  endfacet
  facet normal  -0.000000e+000  7.461417e-001  6.657872e-001
    outer loop
      vertex -5.100000e+000 -6.074137e-002 -4.831568e+001
      vertex -3.100000e+000 -9.304419e-002 -4.827948e+001
      vertex -3.100000e+000 -6.074137e-002 -4.831568e+001
    endloop
  endfacet
  facet normal  0.000000e+000  8.437071e-001  5.368038e-001
    outer loop
      vertex -5.100000e+000 -6.074137e-002 -4.831568e+001
      vertex -3.100000e+000 -6.074137e-002 -4.831568e+001
      vertex -5.100000e+000 -3.469639e-002 -4.835661e+001
    endloop
  endfacet
  facet normal  -0.000000e+000  8.437071e-001  5.368038e-001
    outer loop
      vertex -5.100000e+000 -3.469639e-002 -4.835661e+001
      vertex -3.100000e+000 -6.074137e-002 -4.831568e+001
      vertex -3.100000e+000 -3.469639e-002 -4.835661e+001
    endloop
  endfacet
  facet normal  0.000000e+000  9.191997e-001  3.937917e-001
    outer loop
      vertex -5.100000e+000 -3.469639e-002 -4.835661e+001
      vertex -3.100000e+000 -3.469639e-002 -4.835661e+001
      vertex -5.100000e+000 -1.559045e-002 -4.840121e+001
    endloop
  endfacet
  facet normal  -0.000000e+000  9.191997e-001  3.937917e-001
    outer loop
      vertex -5.100000e+000 -1.559045e-002 -4.840121e+001
      vertex -3.100000e+000 -3.469639e-002 -4.835661e+001
      vertex -3.100000e+000 -1.559045e-002 -4.840121e+001
    endloop
  endfacet
  facet normal  0.000000e+000  9.706540e-001  2.404802e-001
    outer loop
      vertex -5.100000e+000 -1.559045e-002 -4.840121e+001
      vertex -3.100000e+000 -1.559045e-002 -4.840121e+001
      vertex -5.100000e+000 -3.923265e-003 -4.844830e+001
    endloop
  endfacet
  facet normal  -0.000000e+000  9.706540e-001  2.404802e-001
    outer loop
      vertex -5.100000e+000 -3.923265e-003 -4.844830e+001
      vertex -3.100000e+000 -1.559045e-002 -4.840121e+001
      vertex -3.100000e+000 -3.923265e-003 -4.844830e+001
    endloop
  endfacet
  facet normal  0.000000e+000  9.967253e-001  8.086239e-002
    outer loop
      vertex -5.100000e+000 -3.923265e-003 -4.844830e+001
      vertex -3.100000e+000 -3.923265e-003 -4.844830e+001
      vertex -5.100000e+000  0.000000e+000 -4.849666e+001
    endloop
  endfacet
  facet normal  -0.000000e+000  9.967253e-001  8.086239e-002
    outer loop
      vertex -5.100000e+000  0.000000e+000 -4.849666e+001
      vertex -3.100000e+000 -3.923265e-003 -4.844830e+001
      vertex -3.100000e+000  0.000000e+000 -4.849666e+001
    endloop
  endfacet
  facet normal  -0.000000e+000 -3.080290e-001 -9.513770e-001
    outer loop
      vertex -5.100000e+000 -9.874486e-001 -4.544886e+001
      vertex -3.100000e+000 -1.096656e+000 -4.541350e+001
      vertex -5.100000e+000 -1.096656e+000 -4.541350e+001
    endloop
  endfacet
  facet normal  0.000000e+000 -2.411643e-001 -9.704843e-001
    outer loop
      vertex -5.100000e+000 -1.096656e+000 -4.541350e+001
      vertex -3.100000e+000 -1.096656e+000 -4.541350e+001
      vertex -3.100000e+000 -1.208058e+000 -4.538582e+001
    endloop
  endfacet
  facet normal  -0.000000e+000 -2.411643e-001 -9.704843e-001
    outer loop
      vertex -5.100000e+000 -1.096656e+000 -4.541350e+001
      vertex -3.100000e+000 -1.208058e+000 -4.538582e+001
      vertex -5.100000e+000 -1.208058e+000 -4.538582e+001
    endloop
  endfacet
  facet normal  0.000000e+000 -1.730731e-001 -9.849089e-001
    outer loop
      vertex -5.100000e+000 -1.208058e+000 -4.538582e+001
      vertex -3.100000e+000 -1.208058e+000 -4.538582e+001
      vertex -3.100000e+000 -1.321115e+000 -4.536595e+001
    endloop
  endfacet
  facet normal  -0.000000e+000 -1.730731e-001 -9.849089e-001
    outer loop
      vertex -5.100000e+000 -1.208058e+000 -4.538582e+001
      vertex -3.100000e+000 -1.321115e+000 -4.536595e+001
      vertex -5.100000e+000 -1.321115e+000 -4.536595e+001
    endloop
  endfacet
  facet normal  0.000000e+000 -1.041828e-001 -9.945582e-001
    outer loop
      vertex -5.100000e+000 -1.321115e+000 -4.536595e+001
      vertex -3.100000e+000 -1.321115e+000 -4.536595e+001
      vertex -3.100000e+000 -1.435280e+000 -4.535399e+001
    endloop
  endfacet
  facet normal  -0.000000e+000 -1.041828e-001 -9.945582e-001
    outer loop
      vertex -5.100000e+000 -1.321115e+000 -4.536595e+001
      vertex -3.100000e+000 -1.435280e+000 -4.535399e+001
      vertex -5.100000e+000 -1.435280e+000 -4.535399e+001
    endloop
  endfacet
  facet normal  0.000000e+000 -3.479406e-002 -9.993945e-001
    outer loop
      vertex -5.100000e+000 -1.435280e+000 -4.535399e+001
      vertex -3.100000e+000 -1.435280e+000 -4.535399e+001
      vertex -3.100000e+000 -1.550000e+000 -4.535000e+001
    endloop
  endfacet
  facet normal  -0.000000e+000 -3.479406e-002 -9.993945e-001
    outer loop
      vertex -5.100000e+000 -1.435280e+000 -4.535399e+001
      vertex -3.100000e+000 -1.550000e+000 -4.535000e+001
      vertex -5.100000e+000 -1.550000e+000 -4.535000e+001
    endloop
  endfacet
  facet normal  0.000000e+000 -3.080290e-001 -9.513770e-001
    outer loop
      vertex -3.100000e+000 -1.096656e+000 -4.541350e+001
      vertex -5.100000e+000 -9.874486e-001 -4.544886e+001
      vertex -3.100000e+000 -9.874486e-001 -4.544886e+001
    endloop
  endfacet
  facet normal  -0.000000e+000 -3.734301e-001 -9.276583e-001
    outer loop
      vertex -3.100000e+000 -9.874486e-001 -4.544886e+001
      vertex -5.100000e+000 -9.874486e-001 -4.544886e+001
      vertex -5.100000e+000 -8.809634e-001 -4.549173e+001
    endloop
  endfacet
  facet normal  0.000000e+000 -3.734301e-001 -9.276583e-001
    outer loop
      vertex -3.100000e+000 -9.874486e-001 -4.544886e+001
      vertex -5.100000e+000 -8.809634e-001 -4.549173e+001
      vertex -3.100000e+000 -8.809634e-001 -4.549173e+001
    endloop
  endfacet
  facet normal  -0.000000e+000 -4.370343e-001 -8.994449e-001
    outer loop
      vertex -3.100000e+000 -8.809634e-001 -4.549173e+001
      vertex -5.100000e+000 -8.809634e-001 -4.549173e+001
      vertex -5.100000e+000 -7.777163e-001 -4.554189e+001
    endloop
  endfacet
  facet normal  0.000000e+000 -4.370343e-001 -8.994449e-001
    outer loop
      vertex -3.100000e+000 -8.809634e-001 -4.549173e+001
      vertex -5.100000e+000 -7.777163e-001 -4.554189e+001
      vertex -3.100000e+000 -7.777163e-001 -4.554189e+001
    endloop
  endfacet
  facet normal  -0.000000e+000 -4.985132e-001 -8.668821e-001
    outer loop
      vertex -3.100000e+000 -7.777163e-001 -4.554189e+001
      vertex -5.100000e+000 -7.777163e-001 -4.554189e+001
      vertex -5.100000e+000 -6.782070e-001 -4.559912e+001
    endloop
  endfacet
  facet normal  0.000000e+000 -4.985132e-001 -8.668821e-001
    outer loop
      vertex -3.100000e+000 -7.777163e-001 -4.554189e+001
      vertex -5.100000e+000 -6.782070e-001 -4.559912e+001
      vertex -3.100000e+000 -6.782070e-001 -4.559912e+001
    endloop
  endfacet
  facet normal  -0.000000e+000 -5.575699e-001 -8.301300e-001
    outer loop
      vertex -3.100000e+000 -6.782070e-001 -4.559912e+001
      vertex -5.100000e+000 -6.782070e-001 -4.559912e+001
      vertex -5.100000e+000 -5.829170e-001 -4.566312e+001
    endloop
  endfacet
  facet normal  0.000000e+000 -5.575699e-001 -8.301300e-001
    outer loop
      vertex -3.100000e+000 -6.782070e-001 -4.559912e+001
      vertex -5.100000e+000 -5.829170e-001 -4.566312e+001
      vertex -3.100000e+000 -5.829170e-001 -4.566312e+001
    endloop
  endfacet
  facet normal  -0.000000e+000 -6.139340e-001 -7.893574e-001
    outer loop
      vertex -3.100000e+000 -5.829170e-001 -4.566312e+001
      vertex -5.100000e+000 -5.829170e-001 -4.566312e+001
      vertex -5.100000e+000 -4.923077e-001 -4.573359e+001
    endloop
  endfacet
  facet normal  0.000000e+000 -6.139340e-001 -7.893574e-001
    outer loop
      vertex -3.100000e+000 -5.829170e-001 -4.566312e+001
      vertex -5.100000e+000 -4.923077e-001 -4.573359e+001
      vertex -3.100000e+000 -4.923077e-001 -4.573359e+001
    endloop
  endfacet
  facet normal  1.000000e+000  0.000000e+000  0.000000e+000
    outer loop
      vertex -3.100000e+000  0.000000e+000 -1.300000e+001
      vertex -3.100000e+000 -3.184632e+000 -4.677533e+001
      vertex -3.100000e+000 -3.165489e+000 -4.666430e+001
    endloop
  endfacet
  facet normal  1.000000e+000  0.000000e+000  0.000000e+000
    outer loop
      vertex -3.100000e+000  0.000000e+000 -1.300000e+001
      vertex -3.100000e+000 -3.165489e+000 -4.666430e+001
      vertex -3.100000e+000 -3.138813e+000 -4.655484e+001
    endloop
  endfacet
  facet normal  1.000000e+000  0.000000e+000  0.000000e+000
    outer loop
      vertex -3.100000e+000  0.000000e+000 -1.300000e+001
      vertex -3.100000e+000 -3.138813e+000 -4.655484e+001
      vertex -3.100000e+000 -3.104731e+000 -4.644745e+001
    endloop
  endfacet
  facet normal  1.000000e+000  0.000000e+000  0.000000e+000
    outer loop
      vertex -3.100000e+000  0.000000e+000 -1.300000e+001
      vertex -3.100000e+000 -3.104731e+000 -4.644745e+001
      vertex -3.100000e+000 -3.063399e+000 -4.634264e+001
    endloop
  endfacet
  facet normal  1.000000e+000  0.000000e+000  0.000000e+000
    outer loop
      vertex -3.100000e+000  0.000000e+000 -1.300000e+001
      vertex -3.100000e+000 -3.063399e+000 -4.634264e+001
      vertex -3.100000e+000 -3.015011e+000 -4.624089e+001
    endloop
  endfacet
  facet normal  1.000000e+000  0.000000e+000  0.000000e+000
    outer loop
      vertex -3.100000e+000  0.000000e+000 -1.300000e+001
      vertex -3.100000e+000 -3.015011e+000 -4.624089e+001
      vertex -3.100000e+000 -2.959792e+000 -4.614268e+001
    endloop
  endfacet
  facet normal  1.000000e+000  0.000000e+000  0.000000e+000
    outer loop
      vertex -3.100000e+000  0.000000e+000 -1.300000e+001
      vertex -3.100000e+000 -2.959792e+000 -4.614268e+001
      vertex -3.100000e+000 -2.898000e+000 -4.604848e+001
    endloop
  endfacet
  facet normal  9.999999e-001  0.000000e+000  0.000000e+000
    outer loop
      vertex -3.100000e+000  0.000000e+000 -1.300000e+001
      vertex -3.100000e+000 -2.898000e+000 -4.604848e+001
      vertex -3.100000e+000 -2.829924e+000 -4.595871e+001
    endloop
  endfacet
  facet normal  1.000000e+000  0.000000e+000  0.000000e+000
    outer loop
      vertex -3.100000e+000  0.000000e+000 -1.300000e+001
      vertex -3.100000e+000 -2.829924e+000 -4.595871e+001
      vertex -3.100000e+000 -2.755879e+000 -4.587379e+001
    endloop
  endfacet
  facet normal  1.000000e+000  0.000000e+000  0.000000e+000
    outer loop
      vertex -3.100000e+000  0.000000e+000 -1.300000e+001
      vertex -3.100000e+000 -2.755879e+000 -4.587379e+001
      vertex -3.100000e+000 -2.676213e+000 -4.579412e+001
    endloop
  endfacet
  facet normal  1.000000e+000  0.000000e+000  0.000000e+000
    outer loop
      vertex -3.100000e+000  0.000000e+000 -1.300000e+001
      vertex -3.100000e+000 -2.676213e+000 -4.579412e+001
      vertex -3.100000e+000 -2.591295e+000 -4.572008e+001
    endloop
  endfacet
  facet normal  9.999999e-001  0.000000e+000  0.000000e+000
    outer loop
      vertex -3.100000e+000  0.000000e+000 -1.300000e+001
      vertex -3.100000e+000 -2.591295e+000 -4.572008e+001
      vertex -3.100000e+000 -2.501523e+000 -4.565200e+001
    endloop
  endfacet
  facet normal  1.000000e+000  0.000000e+000  0.000000e+000
    outer loop
      vertex -3.100000e+000  0.000000e+000 -1.300000e+001
      vertex -3.100000e+000 -2.501523e+000 -4.565200e+001
      vertex -3.100000e+000 -2.407314e+000 -4.559021e+001
    endloop
  endfacet
  facet normal  9.999999e-001  0.000000e+000  0.000000e+000
    outer loop
      vertex -3.100000e+000  0.000000e+000 -1.300000e+001
      vertex -3.100000e+000 -2.407314e+000 -4.559021e+001
      vertex -3.100000e+000 -2.309107e+000 -4.553499e+001
    endloop
  endfacet
  facet normal  1.000000e+000  0.000000e+000  0.000000e+000
    outer loop
      vertex -3.100000e+000  0.000000e+000 -1.300000e+001
      vertex -3.100000e+000 -2.309107e+000 -4.553499e+001
      vertex -3.100000e+000 -2.207362e+000 -4.548660e+001
    endloop
  endfacet
  facet normal  1.000000e+000  0.000000e+000  0.000000e+000
    outer loop
      vertex -3.100000e+000  0.000000e+000 -1.300000e+001
      vertex -3.100000e+000 -2.207362e+000 -4.548660e+001
      vertex -3.100000e+000 -2.102551e+000 -4.544527e+001
    endloop
  endfacet
  facet normal  1.000000e+000  0.000000e+000  0.000000e+000
    outer loop
      vertex -3.100000e+000  0.000000e+000 -1.300000e+001
      vertex -3.100000e+000 -2.102551e+000 -4.544527e+001
      vertex -3.100000e+000 -1.995165e+000 -4.541119e+001
    endloop
  endfacet
  facet normal  1.000000e+000  0.000000e+000  0.000000e+000
    outer loop
      vertex -3.100000e+000  0.000000e+000 -1.300000e+001
      vertex -3.100000e+000 -1.995165e+000 -4.541119e+001
      vertex -3.100000e+000 -1.885702e+000 -4.538451e+001
    endloop
  endfacet
  facet normal  1.000000e+000  0.000000e+000  0.000000e+000
    outer loop
      vertex -3.100000e+000  0.000000e+000 -1.300000e+001
      vertex -3.100000e+000 -1.885702e+000 -4.538451e+001
      vertex -3.100000e+000 -1.774675e+000 -4.536537e+001
    endloop
  endfacet
  facet normal  1.000000e+000  0.000000e+000  0.000000e+000
    outer loop
      vertex -3.100000e+000  0.000000e+000 -1.300000e+001
      vertex -3.100000e+000 -1.774675e+000 -4.536537e+001
      vertex -3.100000e+000 -1.662600e+000 -4.535385e+001
    endloop
  endfacet
  facet normal  9.999999e-001  0.000000e+000  0.000000e+000
    outer loop
      vertex -3.100000e+000  0.000000e+000 -1.300000e+001
      vertex -3.100000e+000 -1.662600e+000 -4.535385e+001
      vertex -3.100000e+000 -1.550000e+000 -4.535000e+001
    endloop
  endfacet
  facet normal  9.999999e-001  -0.000000e+000  0.000000e+000
    outer loop
      vertex -3.100000e+000  0.000000e+000 -1.300000e+001
      vertex -3.100000e+000 -1.550000e+000 -4.535000e+001
      vertex -3.100000e+000 -1.435280e+000 -4.535399e+001
    endloop
  endfacet
  facet normal  1.000000e+000  -0.000000e+000  0.000000e+000
    outer loop
      vertex -3.100000e+000  0.000000e+000 -1.300000e+001
      vertex -3.100000e+000 -1.435280e+000 -4.535399e+001
      vertex -3.100000e+000 -1.321115e+000 -4.536595e+001
    endloop
  endfacet
  facet normal  9.999999e-001  -0.000000e+000  0.000000e+000
    outer loop
      vertex -3.100000e+000  0.000000e+000 -1.300000e+001
      vertex -3.100000e+000 -1.321115e+000 -4.536595e+001
      vertex -3.100000e+000 -1.208058e+000 -4.538582e+001
    endloop
  endfacet
  facet normal  1.000000e+000  -0.000000e+000  0.000000e+000
    outer loop
      vertex -3.100000e+000  0.000000e+000 -1.300000e+001
      vertex -3.100000e+000 -1.208058e+000 -4.538582e+001
      vertex -3.100000e+000 -1.096656e+000 -4.541350e+001
    endloop
  endfacet
  facet normal  9.999999e-001  -0.000000e+000  0.000000e+000
    outer loop
      vertex -3.100000e+000  0.000000e+000 -1.300000e+001
      vertex -3.100000e+000 -1.096656e+000 -4.541350e+001
      vertex -3.100000e+000 -9.874486e-001 -4.544886e+001
    endloop
  endfacet
  facet normal  1.000000e+000  -0.000000e+000  0.000000e+000
    outer loop
      vertex -3.100000e+000  0.000000e+000 -1.300000e+001
      vertex -3.100000e+000 -9.874486e-001 -4.544886e+001
      vertex -3.100000e+000 -8.809634e-001 -4.549173e+001
    endloop
  endfacet
  facet normal  9.999999e-001  -0.000000e+000  0.000000e+000
    outer loop
      vertex -3.100000e+000  0.000000e+000 -1.300000e+001
      vertex -3.100000e+000 -8.809634e-001 -4.549173e+001
      vertex -3.100000e+000 -7.777163e-001 -4.554189e+001
    endloop
  endfacet
  facet normal  9.999999e-001  -0.000000e+000  0.000000e+000
    outer loop
      vertex -3.100000e+000  0.000000e+000 -1.300000e+001
      vertex -3.100000e+000 -7.777163e-001 -4.554189e+001
      vertex -3.100000e+000 -6.782070e-001 -4.559912e+001
    endloop
  endfacet
  facet normal  1.000000e+000  -0.000000e+000  0.000000e+000
    outer loop
      vertex -3.100000e+000  0.000000e+000 -1.300000e+001
      vertex -3.100000e+000 -6.782070e-001 -4.559912e+001
      vertex -3.100000e+000 -5.829170e-001 -4.566312e+001
    endloop
  endfacet
  facet normal  9.999999e-001  -0.000000e+000  0.000000e+000
    outer loop
      vertex -3.100000e+000  0.000000e+000 -1.300000e+001
      vertex -3.100000e+000 -5.829170e-001 -4.566312e+001
      vertex -3.100000e+000 -4.923077e-001 -4.573359e+001
    endloop
  endfacet
  facet normal  1.000000e+000  -0.000000e+000  0.000000e+000
    outer loop
      vertex -3.100000e+000  0.000000e+000 -1.300000e+001
      vertex -3.100000e+000 -4.923077e-001 -4.573359e+001
      vertex -3.100000e+000 -4.526765e-001 -4.576158e+001
    endloop
  endfacet
  facet normal  1.000000e+000  -0.000000e+000  0.000000e+000
    outer loop
      vertex -3.100000e+000  0.000000e+000 -1.300000e+001
      vertex -3.100000e+000 -4.526765e-001 -4.576158e+001
      vertex -3.100000e+000 -4.090520e-001 -4.578281e+001
    endloop
  endfacet
  facet normal  1.000000e+000  -0.000000e+000  0.000000e+000
    outer loop
      vertex -3.100000e+000  0.000000e+000 -1.300000e+001
      vertex -3.100000e+000 -4.090520e-001 -4.578281e+001
      vertex -3.100000e+000 -3.625754e-001 -4.579674e+001
    endloop
  endfacet
  facet normal  1.000000e+000  -0.000000e+000  0.000000e+000
    outer loop
      vertex -3.100000e+000  0.000000e+000 -1.300000e+001
      vertex -3.100000e+000 -3.625754e-001 -4.579674e+001
      vertex -3.100000e+000 -3.144619e-001 -4.580299e+001
    endloop
  endfacet
  facet normal  1.000000e+000  0.000000e+000  0.000000e+000
    outer loop
      vertex -3.100000e+000  0.000000e+000 -1.300000e+001
      vertex -3.100000e+000 -3.144619e-001 -4.580299e+001
      vertex -3.100000e+000 -2.659703e-001 -4.580140e+001
    endloop
  endfacet
  facet normal  1.000000e+000  0.000000e+000  0.000000e+000
    outer loop
      vertex -3.100000e+000  0.000000e+000 -1.300000e+001
      vertex -3.100000e+000 -2.659703e-001 -4.580140e+001
      vertex -3.100000e+000 -2.183687e-001 -4.579202e+001
    endloop
  endfacet
  facet normal  9.999999e-001  0.000000e+000  0.000000e+000
    outer loop
      vertex -3.100000e+000  0.000000e+000 -1.300000e+001
      vertex -3.100000e+000 -2.183687e-001 -4.579202e+001
      vertex -3.100000e+000 -1.729022e-001 -4.577508e+001
    endloop
  endfacet
  facet normal  1.000000e+000  0.000000e+000  0.000000e+000
    outer loop
      vertex -3.100000e+000  0.000000e+000 -1.300000e+001
      vertex -3.100000e+000 -1.729022e-001 -4.577508e+001
      vertex -3.100000e+000 -1.307600e-001 -4.575104e+001
    endloop
  endfacet
  facet normal  1.000000e+000  0.000000e+000  0.000000e+000
    outer loop
      vertex -3.100000e+000  0.000000e+000 -1.300000e+001
      vertex -3.100000e+000 -1.307600e-001 -4.575104e+001
      vertex -3.100000e+000 -9.304419e-002 -4.572052e+001
    endloop
  endfacet
  facet normal  1.000000e+000  0.000000e+000  0.000000e+000
    outer loop
      vertex -3.100000e+000  0.000000e+000 -1.300000e+001
      vertex -3.100000e+000 -9.304419e-002 -4.572052e+001
      vertex -3.100000e+000 -6.074137e-002 -4.568432e+001
    endloop
  endfacet
  facet normal  9.999999e-001  0.000000e+000  0.000000e+000
    outer loop
      vertex -3.100000e+000  0.000000e+000 -1.300000e+001
      vertex -3.100000e+000 -6.074137e-002 -4.568432e+001
      vertex -3.100000e+000 -3.469639e-002 -4.564339e+001
    endloop
  endfacet
  facet normal  1.000000e+000  0.000000e+000  0.000000e+000
    outer loop
      vertex -3.100000e+000  0.000000e+000 -1.300000e+001
      vertex -3.100000e+000 -3.469639e-002 -4.564339e+001
      vertex -3.100000e+000 -1.559045e-002 -4.559879e+001
    endloop
  endfacet
  facet normal  9.999999e-001  0.000000e+000  0.000000e+000
    outer loop
      vertex -3.100000e+000  0.000000e+000 -1.300000e+001
      vertex -3.100000e+000 -1.559045e-002 -4.559879e+001
      vertex -3.100000e+000 -3.923265e-003 -4.555170e+001
    endloop
  endfacet
  facet normal  1.000000e+000  0.000000e+000  0.000000e+000
    outer loop
      vertex -3.100000e+000  0.000000e+000 -1.300000e+001
      vertex -3.100000e+000 -3.923265e-003 -4.555170e+001
      vertex -3.100000e+000  0.000000e+000 -4.550334e+001
    endloop
  endfacet
  facet normal  1.000000e+000  0.000000e+000  0.000000e+000
    outer loop
      vertex -3.100000e+000 -3.200000e+000 -1.300000e+001
      vertex -3.100000e+000 -3.200000e+000 -4.700000e+001
      vertex -3.100000e+000 -3.196153e+000 -4.688740e+001
    endloop
  endfacet
  facet normal  1.000000e+000  0.000000e+000  -0.000000e+000
    outer loop
      vertex -3.100000e+000 -3.200000e+000 -1.300000e+001
      vertex -3.100000e+000 -3.196153e+000 -4.688740e+001
      vertex -3.100000e+000 -3.184632e+000 -4.677533e+001
    endloop
  endfacet
  facet normal  1.000000e+000  0.000000e+000  -0.000000e+000
    outer loop
      vertex -3.100000e+000 -3.200000e+000 -1.300000e+001
      vertex -3.100000e+000 -3.184632e+000 -4.677533e+001
      vertex -3.100000e+000  0.000000e+000 -1.300000e+001
    endloop
  endfacet
  facet normal  0.000000e+000  9.967253e-001 -8.086239e-002
    outer loop
      vertex -5.100000e+000  0.000000e+000 -4.550334e+001
      vertex -3.100000e+000  0.000000e+000 -4.550334e+001
      vertex -5.100000e+000 -3.923265e-003 -4.555170e+001
    endloop
  endfacet
  facet normal  0.000000e+000  9.967253e-001 -8.086239e-002
    outer loop
      vertex -5.100000e+000 -3.923265e-003 -4.555170e+001
      vertex -3.100000e+000  0.000000e+000 -4.550334e+001
      vertex -3.100000e+000 -3.923265e-003 -4.555170e+001
    endloop
  endfacet
  facet normal  0.000000e+000  9.706540e-001 -2.404802e-001
    outer loop
      vertex -5.100000e+000 -3.923265e-003 -4.555170e+001
      vertex -3.100000e+000 -3.923265e-003 -4.555170e+001
      vertex -5.100000e+000 -1.559045e-002 -4.559879e+001
    endloop
  endfacet
  facet normal  0.000000e+000  9.706540e-001 -2.404802e-001
    outer loop
      vertex -5.100000e+000 -1.559045e-002 -4.559879e+001
      vertex -3.100000e+000 -3.923265e-003 -4.555170e+001
      vertex -3.100000e+000 -1.559045e-002 -4.559879e+001
    endloop
  endfacet
  facet normal  0.000000e+000  9.191997e-001 -3.937917e-001
    outer loop
      vertex -5.100000e+000 -1.559045e-002 -4.559879e+001
      vertex -3.100000e+000 -1.559045e-002 -4.559879e+001
      vertex -5.100000e+000 -3.469639e-002 -4.564339e+001
    endloop
  endfacet
  facet normal  0.000000e+000  9.191997e-001 -3.937917e-001
    outer loop
      vertex -5.100000e+000 -3.469639e-002 -4.564339e+001
      vertex -3.100000e+000 -1.559045e-002 -4.559879e+001
      vertex -3.100000e+000 -3.469639e-002 -4.564339e+001
    endloop
  endfacet
  facet normal  0.000000e+000  8.437071e-001 -5.368038e-001
    outer loop
      vertex -5.100000e+000 -3.469639e-002 -4.564339e+001
      vertex -3.100000e+000 -3.469639e-002 -4.564339e+001
      vertex -5.100000e+000 -6.074137e-002 -4.568432e+001
    endloop
  endfacet
  facet normal  0.000000e+000  8.437071e-001 -5.368038e-001
    outer loop
      vertex -5.100000e+000 -6.074137e-002 -4.568432e+001
      vertex -3.100000e+000 -3.469639e-002 -4.564339e+001
      vertex -3.100000e+000 -6.074137e-002 -4.568432e+001
    endloop
  endfacet
  facet normal  0.000000e+000  7.461417e-001 -6.657872e-001
    outer loop
      vertex -5.100000e+000 -6.074137e-002 -4.568432e+001
      vertex -3.100000e+000 -6.074137e-002 -4.568432e+001
      vertex -5.100000e+000 -9.304419e-002 -4.572052e+001
    endloop
  endfacet
  facet normal  0.000000e+000  7.461417e-001 -6.657872e-001
    outer loop
      vertex -5.100000e+000 -9.304419e-002 -4.572052e+001
      vertex -3.100000e+000 -6.074137e-002 -4.568432e+001
      vertex -3.100000e+000 -9.304419e-002 -4.572052e+001
    endloop
  endfacet
  facet normal  0.000000e+000  6.290210e-001 -7.773883e-001
    outer loop
      vertex -5.100000e+000 -9.304419e-002 -4.572052e+001
      vertex -3.100000e+000 -9.304419e-002 -4.572052e+001
      vertex -5.100000e+000 -1.307600e-001 -4.575104e+001
    endloop
  endfacet
  facet normal  0.000000e+000  6.290210e-001 -7.773883e-001
    outer loop
      vertex -5.100000e+000 -1.307600e-001 -4.575104e+001
      vertex -3.100000e+000 -9.304419e-002 -4.572052e+001
      vertex -3.100000e+000 -1.307600e-001 -4.575104e+001
    endloop
  endfacet
  facet normal  0.000000e+000  4.955007e-001 -8.686075e-001
    outer loop
      vertex -5.100000e+000 -1.307600e-001 -4.575104e+001
      vertex -3.100000e+000 -1.307600e-001 -4.575104e+001
      vertex -5.100000e+000 -1.729022e-001 -4.577508e+001
    endloop
  endfacet
  facet normal  0.000000e+000  4.955007e-001 -8.686075e-001
    outer loop
      vertex -5.100000e+000 -1.729022e-001 -4.577508e+001
      vertex -3.100000e+000 -1.307600e-001 -4.575104e+001
      vertex -3.100000e+000 -1.729022e-001 -4.577508e+001
    endloop
  endfacet
  facet normal  0.000000e+000  3.490863e-001 -9.370906e-001
    outer loop
      vertex -5.100000e+000 -1.729022e-001 -4.577508e+001
      vertex -3.100000e+000 -1.729022e-001 -4.577508e+001
      vertex -5.100000e+000 -2.183687e-001 -4.579202e+001
    endloop
  endfacet
  facet normal  0.000000e+000  3.490863e-001 -9.370906e-001
    outer loop
      vertex -5.100000e+000 -2.183687e-001 -4.579202e+001
      vertex -3.100000e+000 -1.729022e-001 -4.577508e+001
      vertex -3.100000e+000 -2.183687e-001 -4.579202e+001
    endloop
  endfacet
  facet normal  0.000000e+000  1.933412e-001 -9.811316e-001
    outer loop
      vertex -5.100000e+000 -2.183687e-001 -4.579202e+001
      vertex -3.100000e+000 -2.183687e-001 -4.579202e+001
      vertex -5.100000e+000 -2.659703e-001 -4.580140e+001
    endloop
  endfacet
  facet normal  0.000000e+000  1.933412e-001 -9.811316e-001
    outer loop
      vertex -5.100000e+000 -2.659703e-001 -4.580140e+001
      vertex -3.100000e+000 -2.183687e-001 -4.579202e+001
      vertex -3.100000e+000 -2.659703e-001 -4.580140e+001
    endloop
  endfacet
  facet normal  0.000000e+000  3.278656e-002 -9.994624e-001
    outer loop
      vertex -5.100000e+000 -2.659703e-001 -4.580140e+001
      vertex -3.100000e+000 -2.659703e-001 -4.580140e+001
      vertex -5.100000e+000 -3.144619e-001 -4.580299e+001
    endloop
  endfacet
  facet normal  0.000000e+000  3.278656e-002 -9.994624e-001
    outer loop
      vertex -5.100000e+000 -3.144619e-001 -4.580299e+001
      vertex -3.100000e+000 -2.659703e-001 -4.580140e+001
      vertex -3.100000e+000 -3.144619e-001 -4.580299e+001
    endloop
  endfacet
  facet normal  -0.000000e+000 -1.288655e-001 -9.916621e-001
    outer loop
      vertex -5.100000e+000 -3.144619e-001 -4.580299e+001
      vertex -3.100000e+000 -3.144619e-001 -4.580299e+001
      vertex -5.100000e+000 -3.625754e-001 -4.579674e+001
    endloop
  endfacet
  facet normal  0.000000e+000 -1.288655e-001 -9.916621e-001
    outer loop
      vertex -5.100000e+000 -3.625754e-001 -4.579674e+001
      vertex -3.100000e+000 -3.144619e-001 -4.580299e+001
      vertex -3.100000e+000 -3.625754e-001 -4.579674e+001
    endloop
  endfacet
  facet normal  -0.000000e+000 -2.869817e-001 -9.579360e-001
    outer loop
      vertex -5.100000e+000 -3.625754e-001 -4.579674e+001
      vertex -3.100000e+000 -3.625754e-001 -4.579674e+001
      vertex -5.100000e+000 -4.090520e-001 -4.578281e+001
    endloop
  endfacet
  facet normal  0.000000e+000 -2.869817e-001 -9.579360e-001
    outer loop
      vertex -5.100000e+000 -4.090520e-001 -4.578281e+001
      vertex -3.100000e+000 -3.625754e-001 -4.579674e+001
      vertex -3.100000e+000 -4.090520e-001 -4.578281e+001
    endloop
  endfacet
  facet normal  -0.000000e+000 -4.376306e-001 -8.991548e-001
    outer loop
      vertex -5.100000e+000 -4.090520e-001 -4.578281e+001
      vertex -3.100000e+000 -4.090520e-001 -4.578281e+001
      vertex -5.100000e+000 -4.526765e-001 -4.576158e+001
    endloop
  endfacet
  facet normal  0.000000e+000 -4.376306e-001 -8.991548e-001
    outer loop
      vertex -5.100000e+000 -4.526765e-001 -4.576158e+001
      vertex -3.100000e+000 -4.090520e-001 -4.578281e+001
      vertex -3.100000e+000 -4.526765e-001 -4.576158e+001
    endloop
  endfacet
  facet normal  -0.000000e+000 -5.768686e-001 -8.168370e-001
    outer loop
      vertex -5.100000e+000 -4.526765e-001 -4.576158e+001
      vertex -3.100000e+000 -4.526765e-001 -4.576158e+001
      vertex -5.100000e+000 -4.923077e-001 -4.573359e+001
    endloop
  endfacet
  facet normal  0.000000e+000 -5.768686e-001 -8.168370e-001
    outer loop
      vertex -5.100000e+000 -4.923077e-001 -4.573359e+001
      vertex -3.100000e+000 -4.526765e-001 -4.576158e+001
      vertex -3.100000e+000 -4.923077e-001 -4.573359e+001
    endloop
  endfacet
  facet normal  -0.000000e+000 -3.080290e-001 -9.513770e-001
    outer loop
      vertex  3.100000e+000 -9.874486e-001 -4.544886e+001
      vertex  5.100000e+000 -1.096656e+000 -4.541350e+001
      vertex  3.100000e+000 -1.096656e+000 -4.541350e+001
    endloop
  endfacet
  facet normal  0.000000e+000 -2.411643e-001 -9.704843e-001
    outer loop
      vertex  3.100000e+000 -1.096656e+000 -4.541350e+001
      vertex  5.100000e+000 -1.096656e+000 -4.541350e+001
      vertex  5.100000e+000 -1.208058e+000 -4.538582e+001
    endloop
  endfacet
  facet normal  -0.000000e+000 -2.411643e-001 -9.704843e-001
    outer loop
      vertex  3.100000e+000 -1.096656e+000 -4.541350e+001
      vertex  5.100000e+000 -1.208058e+000 -4.538582e+001
      vertex  3.100000e+000 -1.208058e+000 -4.538582e+001
    endloop
  endfacet
  facet normal  0.000000e+000 -1.730731e-001 -9.849089e-001
    outer loop
      vertex  3.100000e+000 -1.208058e+000 -4.538582e+001
      vertex  5.100000e+000 -1.208058e+000 -4.538582e+001
      vertex  5.100000e+000 -1.321115e+000 -4.536595e+001
    endloop
  endfacet
  facet normal  -0.000000e+000 -1.730731e-001 -9.849089e-001
    outer loop
      vertex  3.100000e+000 -1.208058e+000 -4.538582e+001
      vertex  5.100000e+000 -1.321115e+000 -4.536595e+001
      vertex  3.100000e+000 -1.321115e+000 -4.536595e+001
    endloop
  endfacet
  facet normal  0.000000e+000 -1.041828e-001 -9.945582e-001
    outer loop
      vertex  3.100000e+000 -1.321115e+000 -4.536595e+001
      vertex  5.100000e+000 -1.321115e+000 -4.536595e+001
      vertex  5.100000e+000 -1.435280e+000 -4.535399e+001
    endloop
  endfacet
  facet normal  -0.000000e+000 -1.041828e-001 -9.945582e-001
    outer loop
      vertex  3.100000e+000 -1.321115e+000 -4.536595e+001
      vertex  5.100000e+000 -1.435280e+000 -4.535399e+001
      vertex  3.100000e+000 -1.435280e+000 -4.535399e+001
    endloop
  endfacet
  facet normal  0.000000e+000 -3.479406e-002 -9.993945e-001
    outer loop
      vertex  3.100000e+000 -1.435280e+000 -4.535399e+001
      vertex  5.100000e+000 -1.435280e+000 -4.535399e+001
      vertex  5.100000e+000 -1.550000e+000 -4.535000e+001
    endloop
  endfacet
  facet normal  -0.000000e+000 -3.479406e-002 -9.993945e-001
    outer loop
      vertex  3.100000e+000 -1.435280e+000 -4.535399e+001
      vertex  5.100000e+000 -1.550000e+000 -4.535000e+001
      vertex  3.100000e+000 -1.550000e+000 -4.535000e+001
    endloop
  endfacet
  facet normal  0.000000e+000 -3.080290e-001 -9.513770e-001
    outer loop
      vertex  5.100000e+000 -1.096656e+000 -4.541350e+001
      vertex  3.100000e+000 -9.874486e-001 -4.544886e+001
      vertex  5.100000e+000 -9.874486e-001 -4.544886e+001
    endloop
  endfacet
  facet normal  -0.000000e+000 -3.734301e-001 -9.276583e-001
    outer loop
      vertex  5.100000e+000 -9.874486e-001 -4.544886e+001
      vertex  3.100000e+000 -9.874486e-001 -4.544886e+001
      vertex  3.100000e+000 -8.809634e-001 -4.549173e+001
    endloop
  endfacet
  facet normal  0.000000e+000 -3.734301e-001 -9.276583e-001
    outer loop
      vertex  5.100000e+000 -9.874486e-001 -4.544886e+001
      vertex  3.100000e+000 -8.809634e-001 -4.549173e+001
      vertex  5.100000e+000 -8.809634e-001 -4.549173e+001
    endloop
  endfacet
  facet normal  -0.000000e+000 -4.370343e-001 -8.994449e-001
    outer loop
      vertex  5.100000e+000 -8.809634e-001 -4.549173e+001
      vertex  3.100000e+000 -8.809634e-001 -4.549173e+001
      vertex  3.100000e+000 -7.777163e-001 -4.554189e+001
    endloop
  endfacet
  facet normal  0.000000e+000 -4.370343e-001 -8.994449e-001
    outer loop
      vertex  5.100000e+000 -8.809634e-001 -4.549173e+001
      vertex  3.100000e+000 -7.777163e-001 -4.554189e+001
      vertex  5.100000e+000 -7.777163e-001 -4.554189e+001
    endloop
  endfacet
  facet normal  -0.000000e+000 -4.985132e-001 -8.668821e-001
    outer loop
      vertex  5.100000e+000 -7.777163e-001 -4.554189e+001
      vertex  3.100000e+000 -7.777163e-001 -4.554189e+001
      vertex  3.100000e+000 -6.782070e-001 -4.559912e+001
    endloop
  endfacet
  facet normal  0.000000e+000 -4.985132e-001 -8.668821e-001
    outer loop
      vertex  5.100000e+000 -7.777163e-001 -4.554189e+001
      vertex  3.100000e+000 -6.782070e-001 -4.559912e+001
      vertex  5.100000e+000 -6.782070e-001 -4.559912e+001
    endloop
  endfacet
  facet normal  -0.000000e+000 -5.575699e-001 -8.301300e-001
    outer loop
      vertex  5.100000e+000 -6.782070e-001 -4.559912e+001
      vertex  3.100000e+000 -6.782070e-001 -4.559912e+001
      vertex  3.100000e+000 -5.829170e-001 -4.566312e+001
    endloop
  endfacet
  facet normal  0.000000e+000 -5.575699e-001 -8.301300e-001
    outer loop
      vertex  5.100000e+000 -6.782070e-001 -4.559912e+001
      vertex  3.100000e+000 -5.829170e-001 -4.566312e+001
      vertex  5.100000e+000 -5.829170e-001 -4.566312e+001
    endloop
  endfacet
  facet normal  -0.000000e+000 -6.139340e-001 -7.893574e-001
    outer loop
      vertex  5.100000e+000 -5.829170e-001 -4.566312e+001
      vertex  3.100000e+000 -5.829170e-001 -4.566312e+001
      vertex  3.100000e+000 -4.923077e-001 -4.573359e+001
    endloop
  endfacet
  facet normal  0.000000e+000 -6.139340e-001 -7.893574e-001
    outer loop
      vertex  5.100000e+000 -5.829170e-001 -4.566312e+001
      vertex  3.100000e+000 -4.923077e-001 -4.573359e+001
      vertex  5.100000e+000 -4.923077e-001 -4.573359e+001
    endloop
  endfacet
  facet normal -1.000000e+000  -0.000000e+000  0.000000e+000
    outer loop
      vertex  3.100000e+000  0.000000e+000 -1.300000e+001
      vertex  3.100000e+000  0.000000e+000 -4.550334e+001
      vertex  3.100000e+000 -3.923265e-003 -4.555170e+001
    endloop
  endfacet
  facet normal -9.999999e-001  -0.000000e+000  0.000000e+000
    outer loop
      vertex  3.100000e+000  0.000000e+000 -1.300000e+001
      vertex  3.100000e+000 -3.923265e-003 -4.555170e+001
      vertex  3.100000e+000 -1.559045e-002 -4.559879e+001
    endloop
  endfacet
  facet normal -1.000000e+000  -0.000000e+000  0.000000e+000
    outer loop
      vertex  3.100000e+000  0.000000e+000 -1.300000e+001
      vertex  3.100000e+000 -1.559045e-002 -4.559879e+001
      vertex  3.100000e+000 -3.469639e-002 -4.564339e+001
    endloop
  endfacet
  facet normal -9.999999e-001  -0.000000e+000  0.000000e+000
    outer loop
      vertex  3.100000e+000  0.000000e+000 -1.300000e+001
      vertex  3.100000e+000 -3.469639e-002 -4.564339e+001
      vertex  3.100000e+000 -6.074137e-002 -4.568432e+001
    endloop
  endfacet
  facet normal -1.000000e+000  -0.000000e+000  0.000000e+000
    outer loop
      vertex  3.100000e+000  0.000000e+000 -1.300000e+001
      vertex  3.100000e+000 -6.074137e-002 -4.568432e+001
      vertex  3.100000e+000 -9.304419e-002 -4.572052e+001
    endloop
  endfacet
  facet normal -1.000000e+000  -0.000000e+000  0.000000e+000
    outer loop
      vertex  3.100000e+000  0.000000e+000 -1.300000e+001
      vertex  3.100000e+000 -9.304419e-002 -4.572052e+001
      vertex  3.100000e+000 -1.307600e-001 -4.575104e+001
    endloop
  endfacet
  facet normal -1.000000e+000  -0.000000e+000  0.000000e+000
    outer loop
      vertex  3.100000e+000  0.000000e+000 -1.300000e+001
      vertex  3.100000e+000 -1.307600e-001 -4.575104e+001
      vertex  3.100000e+000 -1.729022e-001 -4.577508e+001
    endloop
  endfacet
  facet normal -9.999999e-001  -0.000000e+000  0.000000e+000
    outer loop
      vertex  3.100000e+000  0.000000e+000 -1.300000e+001
      vertex  3.100000e+000 -1.729022e-001 -4.577508e+001
      vertex  3.100000e+000 -2.183687e-001 -4.579202e+001
    endloop
  endfacet
  facet normal -1.000000e+000  -0.000000e+000  0.000000e+000
    outer loop
      vertex  3.100000e+000  0.000000e+000 -1.300000e+001
      vertex  3.100000e+000 -2.183687e-001 -4.579202e+001
      vertex  3.100000e+000 -2.659703e-001 -4.580140e+001
    endloop
  endfacet
  facet normal -1.000000e+000  -0.000000e+000  0.000000e+000
    outer loop
      vertex  3.100000e+000  0.000000e+000 -1.300000e+001
      vertex  3.100000e+000 -2.659703e-001 -4.580140e+001
      vertex  3.100000e+000 -3.144619e-001 -4.580299e+001
    endloop
  endfacet
  facet normal -1.000000e+000  0.000000e+000  0.000000e+000
    outer loop
      vertex  3.100000e+000  0.000000e+000 -1.300000e+001
      vertex  3.100000e+000 -3.144619e-001 -4.580299e+001
      vertex  3.100000e+000 -3.625754e-001 -4.579674e+001
    endloop
  endfacet
  facet normal -1.000000e+000  0.000000e+000  0.000000e+000
    outer loop
      vertex  3.100000e+000  0.000000e+000 -1.300000e+001
      vertex  3.100000e+000 -3.625754e-001 -4.579674e+001
      vertex  3.100000e+000 -4.090520e-001 -4.578281e+001
    endloop
  endfacet
  facet normal -1.000000e+000  0.000000e+000  0.000000e+000
    outer loop
      vertex  3.100000e+000  0.000000e+000 -1.300000e+001
      vertex  3.100000e+000 -4.090520e-001 -4.578281e+001
      vertex  3.100000e+000 -4.526765e-001 -4.576158e+001
    endloop
  endfacet
  facet normal -1.000000e+000  0.000000e+000  0.000000e+000
    outer loop
      vertex  3.100000e+000  0.000000e+000 -1.300000e+001
      vertex  3.100000e+000 -4.526765e-001 -4.576158e+001
      vertex  3.100000e+000 -4.923077e-001 -4.573359e+001
    endloop
  endfacet
  facet normal -9.999999e-001  0.000000e+000  0.000000e+000
    outer loop
      vertex  3.100000e+000  0.000000e+000 -1.300000e+001
      vertex  3.100000e+000 -4.923077e-001 -4.573359e+001
      vertex  3.100000e+000 -5.829170e-001 -4.566312e+001
    endloop
  endfacet
  facet normal -1.000000e+000  0.000000e+000  0.000000e+000
    outer loop
      vertex  3.100000e+000  0.000000e+000 -1.300000e+001
      vertex  3.100000e+000 -5.829170e-001 -4.566312e+001
      vertex  3.100000e+000 -6.782070e-001 -4.559912e+001
    endloop
  endfacet
  facet normal -9.999999e-001  0.000000e+000  0.000000e+000
    outer loop
      vertex  3.100000e+000  0.000000e+000 -1.300000e+001
      vertex  3.100000e+000 -6.782070e-001 -4.559912e+001
      vertex  3.100000e+000 -7.777163e-001 -4.554189e+001
    endloop
  endfacet
  facet normal -9.999999e-001  0.000000e+000  0.000000e+000
    outer loop
      vertex  3.100000e+000  0.000000e+000 -1.300000e+001
      vertex  3.100000e+000 -7.777163e-001 -4.554189e+001
      vertex  3.100000e+000 -8.809634e-001 -4.549173e+001
    endloop
  endfacet
  facet normal -1.000000e+000  0.000000e+000  0.000000e+000
    outer loop
      vertex  3.100000e+000  0.000000e+000 -1.300000e+001
      vertex  3.100000e+000 -8.809634e-001 -4.549173e+001
      vertex  3.100000e+000 -9.874486e-001 -4.544886e+001
    endloop
  endfacet
  facet normal -9.999999e-001  0.000000e+000  0.000000e+000
    outer loop
      vertex  3.100000e+000  0.000000e+000 -1.300000e+001
      vertex  3.100000e+000 -9.874486e-001 -4.544886e+001
      vertex  3.100000e+000 -1.096656e+000 -4.541350e+001
    endloop
  endfacet
  facet normal -1.000000e+000  0.000000e+000  0.000000e+000
    outer loop
      vertex  3.100000e+000  0.000000e+000 -1.300000e+001
      vertex  3.100000e+000 -1.096656e+000 -4.541350e+001
      vertex  3.100000e+000 -1.208058e+000 -4.538582e+001
    endloop
  endfacet
  facet normal -9.999999e-001  0.000000e+000  0.000000e+000
    outer loop
      vertex  3.100000e+000  0.000000e+000 -1.300000e+001
      vertex  3.100000e+000 -1.208058e+000 -4.538582e+001
      vertex  3.100000e+000 -1.321115e+000 -4.536595e+001
    endloop
  endfacet
  facet normal -1.000000e+000  0.000000e+000  0.000000e+000
    outer loop
      vertex  3.100000e+000  0.000000e+000 -1.300000e+001
      vertex  3.100000e+000 -1.321115e+000 -4.536595e+001
      vertex  3.100000e+000 -1.435280e+000 -4.535399e+001
    endloop
  endfacet
  facet normal -9.999999e-001  0.000000e+000  0.000000e+000
    outer loop
      vertex  3.100000e+000  0.000000e+000 -1.300000e+001
      vertex  3.100000e+000 -1.435280e+000 -4.535399e+001
      vertex  3.100000e+000 -1.550000e+000 -4.535000e+001
    endloop
  endfacet
  facet normal -9.999999e-001  -0.000000e+000  0.000000e+000
    outer loop
      vertex  3.100000e+000  0.000000e+000 -1.300000e+001
      vertex  3.100000e+000 -1.550000e+000 -4.535000e+001
      vertex  3.100000e+000 -1.662600e+000 -4.535385e+001
    endloop
  endfacet
  facet normal -1.000000e+000  -0.000000e+000  0.000000e+000
    outer loop
      vertex  3.100000e+000  0.000000e+000 -1.300000e+001
      vertex  3.100000e+000 -1.662600e+000 -4.535385e+001
      vertex  3.100000e+000 -1.774675e+000 -4.536537e+001
    endloop
  endfacet
  facet normal -1.000000e+000  -0.000000e+000  0.000000e+000
    outer loop
      vertex  3.100000e+000  0.000000e+000 -1.300000e+001
      vertex  3.100000e+000 -1.774675e+000 -4.536537e+001
      vertex  3.100000e+000 -1.885702e+000 -4.538451e+001
    endloop
  endfacet
  facet normal -1.000000e+000  -0.000000e+000  0.000000e+000
    outer loop
      vertex  3.100000e+000  0.000000e+000 -1.300000e+001
      vertex  3.100000e+000 -1.885702e+000 -4.538451e+001
      vertex  3.100000e+000 -1.995165e+000 -4.541119e+001
    endloop
  endfacet
  facet normal -1.000000e+000  -0.000000e+000  0.000000e+000
    outer loop
      vertex  3.100000e+000  0.000000e+000 -1.300000e+001
      vertex  3.100000e+000 -1.995165e+000 -4.541119e+001
      vertex  3.100000e+000 -2.102551e+000 -4.544527e+001
    endloop
  endfacet
  facet normal -1.000000e+000  -0.000000e+000  0.000000e+000
    outer loop
      vertex  3.100000e+000  0.000000e+000 -1.300000e+001
      vertex  3.100000e+000 -2.102551e+000 -4.544527e+001
      vertex  3.100000e+000 -2.207362e+000 -4.548660e+001
    endloop
  endfacet
  facet normal -1.000000e+000  -0.000000e+000  0.000000e+000
    outer loop
      vertex  3.100000e+000  0.000000e+000 -1.300000e+001
      vertex  3.100000e+000 -2.207362e+000 -4.548660e+001
      vertex  3.100000e+000 -2.309107e+000 -4.553499e+001
    endloop
  endfacet
  facet normal -9.999999e-001  -0.000000e+000  0.000000e+000
    outer loop
      vertex  3.100000e+000  0.000000e+000 -1.300000e+001
      vertex  3.100000e+000 -2.309107e+000 -4.553499e+001
      vertex  3.100000e+000 -2.407314e+000 -4.559021e+001
    endloop
  endfacet
  facet normal -1.000000e+000  -0.000000e+000  0.000000e+000
    outer loop
      vertex  3.100000e+000  0.000000e+000 -1.300000e+001
      vertex  3.100000e+000 -2.407314e+000 -4.559021e+001
      vertex  3.100000e+000 -2.501523e+000 -4.565200e+001
    endloop
  endfacet
  facet normal -9.999999e-001  -0.000000e+000  0.000000e+000
    outer loop
      vertex  3.100000e+000  0.000000e+000 -1.300000e+001
      vertex  3.100000e+000 -2.501523e+000 -4.565200e+001
      vertex  3.100000e+000 -2.591295e+000 -4.572008e+001
    endloop
  endfacet
  facet normal -1.000000e+000  -0.000000e+000  0.000000e+000
    outer loop
      vertex  3.100000e+000  0.000000e+000 -1.300000e+001
      vertex  3.100000e+000 -2.591295e+000 -4.572008e+001
      vertex  3.100000e+000 -2.676213e+000 -4.579412e+001
    endloop
  endfacet
  facet normal -1.000000e+000  -0.000000e+000  0.000000e+000
    outer loop
      vertex  3.100000e+000  0.000000e+000 -1.300000e+001
      vertex  3.100000e+000 -2.676213e+000 -4.579412e+001
      vertex  3.100000e+000 -2.755879e+000 -4.587379e+001
    endloop
  endfacet
  facet normal -1.000000e+000  -0.000000e+000  0.000000e+000
    outer loop
      vertex  3.100000e+000  0.000000e+000 -1.300000e+001
      vertex  3.100000e+000 -2.755879e+000 -4.587379e+001
      vertex  3.100000e+000 -2.829924e+000 -4.595871e+001
    endloop
  endfacet
  facet normal -9.999999e-001  -0.000000e+000  0.000000e+000
    outer loop
      vertex  3.100000e+000  0.000000e+000 -1.300000e+001
      vertex  3.100000e+000 -2.829924e+000 -4.595871e+001
      vertex  3.100000e+000 -2.898000e+000 -4.604848e+001
    endloop
  endfacet
  facet normal -1.000000e+000  -0.000000e+000  0.000000e+000
    outer loop
      vertex  3.100000e+000  0.000000e+000 -1.300000e+001
      vertex  3.100000e+000 -2.898000e+000 -4.604848e+001
      vertex  3.100000e+000 -2.959792e+000 -4.614268e+001
    endloop
  endfacet
  facet normal -1.000000e+000  -0.000000e+000  0.000000e+000
    outer loop
      vertex  3.100000e+000  0.000000e+000 -1.300000e+001
      vertex  3.100000e+000 -2.959792e+000 -4.614268e+001
      vertex  3.100000e+000 -3.015011e+000 -4.624089e+001
    endloop
  endfacet
  facet normal -1.000000e+000  -0.000000e+000  0.000000e+000
    outer loop
      vertex  3.100000e+000  0.000000e+000 -1.300000e+001
      vertex  3.100000e+000 -3.015011e+000 -4.624089e+001
      vertex  3.100000e+000 -3.063399e+000 -4.634264e+001
    endloop
  endfacet
  facet normal -1.000000e+000  -0.000000e+000  0.000000e+000
    outer loop
      vertex  3.100000e+000  0.000000e+000 -1.300000e+001
      vertex  3.100000e+000 -3.063399e+000 -4.634264e+001
      vertex  3.100000e+000 -3.104731e+000 -4.644745e+001
    endloop
  endfacet
  facet normal -1.000000e+000  -0.000000e+000  0.000000e+000
    outer loop
      vertex  3.100000e+000  0.000000e+000 -1.300000e+001
      vertex  3.100000e+000 -3.104731e+000 -4.644745e+001
      vertex  3.100000e+000 -3.138813e+000 -4.655484e+001
    endloop
  endfacet
  facet normal -1.000000e+000  -0.000000e+000  0.000000e+000
    outer loop
      vertex  3.100000e+000  0.000000e+000 -1.300000e+001
      vertex  3.100000e+000 -3.138813e+000 -4.655484e+001
      vertex  3.100000e+000 -3.165489e+000 -4.666430e+001
    endloop
  endfacet
  facet normal -1.000000e+000  -0.000000e+000  0.000000e+000
    outer loop
      vertex  3.100000e+000  0.000000e+000 -1.300000e+001
      vertex  3.100000e+000 -3.165489e+000 -4.666430e+001
      vertex  3.100000e+000 -3.184632e+000 -4.677533e+001
    endloop
  endfacet
  facet normal -1.000000e+000  -0.000000e+000  0.000000e+000
    outer loop
      vertex  3.100000e+000 -3.200000e+000 -1.300000e+001
      vertex  3.100000e+000  0.000000e+000 -1.300000e+001
      vertex  3.100000e+000 -3.184632e+000 -4.677533e+001
    endloop
  endfacet
  facet normal -1.000000e+000  -0.000000e+000  0.000000e+000
    outer loop
      vertex  3.100000e+000 -3.200000e+000 -1.300000e+001
      vertex  3.100000e+000 -3.184632e+000 -4.677533e+001
      vertex  3.100000e+000 -3.196153e+000 -4.688740e+001
    endloop
  endfacet
  facet normal -1.000000e+000  -0.000000e+000  0.000000e+000
    outer loop
      vertex  3.100000e+000 -3.200000e+000 -1.300000e+001
      vertex  3.100000e+000 -3.196153e+000 -4.688740e+001
      vertex  3.100000e+000 -3.200000e+000 -4.700000e+001
    endloop
  endfacet
  facet normal -1.000000e+000  0.000000e+000  0.000000e+000
    outer loop
      vertex  5.100000e+000  0.000000e+000 -4.550334e+001
      vertex  5.100000e+000  0.000000e+000 -4.849666e+001
      vertex  5.100000e+000 -3.923265e-003 -4.555170e+001
    endloop
  endfacet
  facet normal -1.000000e+000  0.000000e+000  0.000000e+000
    outer loop
      vertex  5.100000e+000 -3.923265e-003 -4.555170e+001
      vertex  5.100000e+000  0.000000e+000 -4.849666e+001
      vertex  5.100000e+000 -3.923265e-003 -4.844830e+001
    endloop
  endfacet
  facet normal -1.000000e+000  0.000000e+000  0.000000e+000
    outer loop
      vertex  5.100000e+000 -3.923265e-003 -4.555170e+001
      vertex  5.100000e+000 -3.923265e-003 -4.844830e+001
      vertex  5.100000e+000 -1.559045e-002 -4.559879e+001
    endloop
  endfacet
  facet normal -1.000000e+000  0.000000e+000  0.000000e+000
    outer loop
      vertex  5.100000e+000 -1.559045e-002 -4.559879e+001
      vertex  5.100000e+000 -3.923265e-003 -4.844830e+001
      vertex  5.100000e+000 -1.559045e-002 -4.840121e+001
    endloop
  endfacet
  facet normal -1.000000e+000  0.000000e+000  0.000000e+000
    outer loop
      vertex  5.100000e+000 -1.559045e-002 -4.559879e+001
      vertex  5.100000e+000 -1.559045e-002 -4.840121e+001
      vertex  5.100000e+000 -3.469639e-002 -4.564339e+001
    endloop
  endfacet
  facet normal -1.000000e+000  0.000000e+000  0.000000e+000
    outer loop
      vertex  5.100000e+000 -3.469639e-002 -4.564339e+001
      vertex  5.100000e+000 -1.559045e-002 -4.840121e+001
      vertex  5.100000e+000 -3.469639e-002 -4.835661e+001
    endloop
  endfacet
  facet normal -1.000000e+000  0.000000e+000  0.000000e+000
    outer loop
      vertex  5.100000e+000 -3.469639e-002 -4.564339e+001
      vertex  5.100000e+000 -3.469639e-002 -4.835661e+001
      vertex  5.100000e+000 -6.074137e-002 -4.568432e+001
    endloop
  endfacet
  facet normal -1.000000e+000  0.000000e+000  0.000000e+000
    outer loop
      vertex  5.100000e+000 -6.074137e-002 -4.568432e+001
      vertex  5.100000e+000 -3.469639e-002 -4.835661e+001
      vertex  5.100000e+000 -6.074137e-002 -4.831568e+001
    endloop
  endfacet
  facet normal -1.000000e+000  0.000000e+000  0.000000e+000
    outer loop
      vertex  5.100000e+000 -6.074137e-002 -4.568432e+001
      vertex  5.100000e+000 -6.074137e-002 -4.831568e+001
      vertex  5.100000e+000 -9.304419e-002 -4.572052e+001
    endloop
  endfacet
  facet normal -1.000000e+000  0.000000e+000  0.000000e+000
    outer loop
      vertex  5.100000e+000 -9.304419e-002 -4.572052e+001
      vertex  5.100000e+000 -6.074137e-002 -4.831568e+001
      vertex  5.100000e+000 -9.304419e-002 -4.827948e+001
    endloop
  endfacet
  facet normal -1.000000e+000  0.000000e+000  0.000000e+000
    outer loop
      vertex  5.100000e+000 -9.304419e-002 -4.572052e+001
      vertex  5.100000e+000 -9.304419e-002 -4.827948e+001
      vertex  5.100000e+000 -1.307600e-001 -4.575104e+001
    endloop
  endfacet
  facet normal -1.000000e+000  0.000000e+000  0.000000e+000
    outer loop
      vertex  5.100000e+000 -1.307600e-001 -4.575104e+001
      vertex  5.100000e+000 -9.304419e-002 -4.827948e+001
      vertex  5.100000e+000 -1.307600e-001 -4.824896e+001
    endloop
  endfacet
  facet normal -9.999999e-001  0.000000e+000  0.000000e+000
    outer loop
      vertex  5.100000e+000 -1.307600e-001 -4.575104e+001
      vertex  5.100000e+000 -1.307600e-001 -4.824896e+001
      vertex  5.100000e+000 -1.729022e-001 -4.577508e+001
    endloop
  endfacet
  facet normal -1.000000e+000  0.000000e+000  0.000000e+000
    outer loop
      vertex  5.100000e+000 -1.729022e-001 -4.577508e+001
      vertex  5.100000e+000 -1.307600e-001 -4.824896e+001
      vertex  5.100000e+000 -1.729022e-001 -4.822492e+001
    endloop
  endfacet
  facet normal -9.999999e-001  0.000000e+000  0.000000e+000
    outer loop
      vertex  5.100000e+000 -1.729022e-001 -4.577508e+001
      vertex  5.100000e+000 -1.729022e-001 -4.822492e+001
      vertex  5.100000e+000 -2.183687e-001 -4.579202e+001
    endloop
  endfacet
  facet normal -1.000000e+000  0.000000e+000  0.000000e+000
    outer loop
      vertex  5.100000e+000 -2.183687e-001 -4.579202e+001
      vertex  5.100000e+000 -1.729022e-001 -4.822492e+001
      vertex  5.100000e+000 -2.183687e-001 -4.820798e+001
    endloop
  endfacet
  facet normal -1.000000e+000  0.000000e+000  0.000000e+000
    outer loop
      vertex  5.100000e+000 -2.183687e-001 -4.579202e+001
      vertex  5.100000e+000 -2.183687e-001 -4.820798e+001
      vertex  5.100000e+000 -2.659703e-001 -4.580140e+001
    endloop
  endfacet
  facet normal -1.000000e+000  0.000000e+000  0.000000e+000
    outer loop
      vertex  5.100000e+000 -2.659703e-001 -4.580140e+001
      vertex  5.100000e+000 -2.183687e-001 -4.820798e+001
      vertex  5.100000e+000 -2.659703e-001 -4.819860e+001
    endloop
  endfacet
  facet normal -9.999999e-001  0.000000e+000  0.000000e+000
    outer loop
      vertex  5.100000e+000 -2.659703e-001 -4.580140e+001
      vertex  5.100000e+000 -2.659703e-001 -4.819860e+001
      vertex  5.100000e+000 -3.144619e-001 -4.580299e+001
    endloop
  endfacet
  facet normal -1.000000e+000  0.000000e+000  0.000000e+000
    outer loop
      vertex  5.100000e+000 -3.144619e-001 -4.580299e+001
      vertex  5.100000e+000 -2.659703e-001 -4.819860e+001
      vertex  5.100000e+000 -3.144619e-001 -4.819701e+001
    endloop
  endfacet
  facet normal -1.000000e+000  0.000000e+000  0.000000e+000
    outer loop
      vertex  5.100000e+000 -3.144619e-001 -4.580299e+001
      vertex  5.100000e+000 -3.144619e-001 -4.819701e+001
      vertex  5.100000e+000 -3.625754e-001 -4.579674e+001
    endloop
  endfacet
  facet normal -1.000000e+000  0.000000e+000  0.000000e+000
    outer loop
      vertex  5.100000e+000 -3.625754e-001 -4.579674e+001
      vertex  5.100000e+000 -3.144619e-001 -4.819701e+001
      vertex  5.100000e+000 -3.625754e-001 -4.820326e+001
    endloop
  endfacet
  facet normal -9.999999e-001  0.000000e+000  0.000000e+000
    outer loop
      vertex  5.100000e+000 -3.625754e-001 -4.579674e+001
      vertex  5.100000e+000 -3.625754e-001 -4.820326e+001
      vertex  5.100000e+000 -4.090520e-001 -4.578281e+001
    endloop
  endfacet
  facet normal -1.000000e+000  0.000000e+000  0.000000e+000
    outer loop
      vertex  5.100000e+000 -4.090520e-001 -4.578281e+001
      vertex  5.100000e+000 -3.625754e-001 -4.820326e+001
      vertex  5.100000e+000 -4.090520e-001 -4.821719e+001
    endloop
  endfacet
  facet normal -1.000000e+000  0.000000e+000  0.000000e+000
    outer loop
      vertex  5.100000e+000 -4.090520e-001 -4.578281e+001
      vertex  5.100000e+000 -4.090520e-001 -4.821719e+001
      vertex  5.100000e+000 -4.526765e-001 -4.576158e+001
    endloop
  endfacet
  facet normal -1.000000e+000  0.000000e+000  0.000000e+000
    outer loop
      vertex  5.100000e+000 -4.526765e-001 -4.576158e+001
      vertex  5.100000e+000 -4.090520e-001 -4.821719e+001
      vertex  5.100000e+000 -4.526765e-001 -4.823842e+001
    endloop
  endfacet
  facet normal -1.000000e+000  0.000000e+000  0.000000e+000
    outer loop
      vertex  5.100000e+000 -4.526765e-001 -4.576158e+001
      vertex  5.100000e+000 -4.526765e-001 -4.823842e+001
      vertex  5.100000e+000 -4.923077e-001 -4.573359e+001
    endloop
  endfacet
  facet normal -1.000000e+000  0.000000e+000  0.000000e+000
    outer loop
      vertex  5.100000e+000 -4.923077e-001 -4.573359e+001
      vertex  5.100000e+000 -4.526765e-001 -4.823842e+001
      vertex  5.100000e+000 -4.923077e-001 -4.826641e+001
    endloop
  endfacet
  facet normal -1.000000e+000  0.000000e+000  0.000000e+000
    outer loop
      vertex  5.100000e+000 -4.923077e-001 -4.573359e+001
      vertex  5.100000e+000 -4.923077e-001 -4.826641e+001
      vertex  5.100000e+000 -5.829170e-001 -4.566312e+001
    endloop
  endfacet
  facet normal -1.000000e+000  0.000000e+000  0.000000e+000
    outer loop
      vertex  5.100000e+000 -5.829170e-001 -4.566312e+001
      vertex  5.100000e+000 -4.923077e-001 -4.826641e+001
      vertex  5.100000e+000 -5.829170e-001 -4.833688e+001
    endloop
  endfacet
  facet normal -1.000000e+000  0.000000e+000  0.000000e+000
    outer loop
      vertex  5.100000e+000 -5.829170e-001 -4.566312e+001
      vertex  5.100000e+000 -5.829170e-001 -4.833688e+001
      vertex  5.100000e+000 -6.782070e-001 -4.559912e+001
    endloop
  endfacet
  facet normal -1.000000e+000  0.000000e+000  0.000000e+000
    outer loop
      vertex  5.100000e+000 -6.782070e-001 -4.559912e+001
      vertex  5.100000e+000 -5.829170e-001 -4.833688e+001
      vertex  5.100000e+000 -6.782070e-001 -4.840088e+001
    endloop
  endfacet
  facet normal -1.000000e+000  0.000000e+000  0.000000e+000
    outer loop
      vertex  5.100000e+000 -6.782070e-001 -4.559912e+001
      vertex  5.100000e+000 -6.782070e-001 -4.840088e+001
      vertex  5.100000e+000 -7.777163e-001 -4.554189e+001
    endloop
  endfacet
  facet normal -1.000000e+000  0.000000e+000  0.000000e+000
    outer loop
      vertex  5.100000e+000 -7.777163e-001 -4.554189e+001
      vertex  5.100000e+000 -6.782070e-001 -4.840088e+001
      vertex  5.100000e+000 -7.777163e-001 -4.845811e+001
    endloop
  endfacet
  facet normal -1.000000e+000  0.000000e+000  0.000000e+000
    outer loop
      vertex  5.100000e+000 -7.777163e-001 -4.554189e+001
      vertex  5.100000e+000 -7.777163e-001 -4.845811e+001
      vertex  5.100000e+000 -8.809634e-001 -4.549173e+001
    endloop
  endfacet
  facet normal -1.000000e+000  0.000000e+000  0.000000e+000
    outer loop
      vertex  5.100000e+000 -8.809634e-001 -4.549173e+001
      vertex  5.100000e+000 -7.777163e-001 -4.845811e+001
      vertex  5.100000e+000 -8.809634e-001 -4.850827e+001
    endloop
  endfacet
  facet normal -1.000000e+000  0.000000e+000  0.000000e+000
    outer loop
      vertex  5.100000e+000 -8.809634e-001 -4.549173e+001
      vertex  5.100000e+000 -8.809634e-001 -4.850827e+001
      vertex  5.100000e+000 -9.874486e-001 -4.544886e+001
    endloop
  endfacet
  facet normal -1.000000e+000  0.000000e+000  0.000000e+000
    outer loop
      vertex  5.100000e+000 -9.874486e-001 -4.544886e+001
      vertex  5.100000e+000 -8.809634e-001 -4.850827e+001
      vertex  5.100000e+000 -9.874486e-001 -4.855114e+001
    endloop
  endfacet
  facet normal -9.999999e-001  0.000000e+000  0.000000e+000
    outer loop
      vertex  5.100000e+000 -9.874486e-001 -4.544886e+001
      vertex  5.100000e+000 -9.874486e-001 -4.855114e+001
      vertex  5.100000e+000 -1.096656e+000 -4.541350e+001
    endloop
  endfacet
  facet normal -1.000000e+000  0.000000e+000  0.000000e+000
    outer loop
      vertex  5.100000e+000 -1.096656e+000 -4.541350e+001
      vertex  5.100000e+000 -9.874486e-001 -4.855114e+001
      vertex  5.100000e+000 -1.096656e+000 -4.858650e+001
    endloop
  endfacet
  facet normal -1.000000e+000  0.000000e+000  0.000000e+000
    outer loop
      vertex  5.100000e+000 -1.096656e+000 -4.541350e+001
      vertex  5.100000e+000 -1.096656e+000 -4.858650e+001
      vertex  5.100000e+000 -1.208058e+000 -4.538582e+001
    endloop
  endfacet
  facet normal -9.999999e-001  0.000000e+000  0.000000e+000
    outer loop
      vertex  5.100000e+000 -1.208058e+000 -4.538582e+001
      vertex  5.100000e+000 -1.096656e+000 -4.858650e+001
      vertex  5.100000e+000 -1.208058e+000 -4.861418e+001
    endloop
  endfacet
  facet normal -1.000000e+000  0.000000e+000  0.000000e+000
    outer loop
      vertex  5.100000e+000 -1.208058e+000 -4.538582e+001
      vertex  5.100000e+000 -1.208058e+000 -4.861418e+001
      vertex  5.100000e+000 -1.321115e+000 -4.536595e+001
    endloop
  endfacet
  facet normal -1.000000e+000  0.000000e+000  0.000000e+000
    outer loop
      vertex  5.100000e+000 -1.321115e+000 -4.536595e+001
      vertex  5.100000e+000 -1.208058e+000 -4.861418e+001
      vertex  5.100000e+000 -1.321115e+000 -4.863405e+001
    endloop
  endfacet
  facet normal -1.000000e+000  0.000000e+000  0.000000e+000
    outer loop
      vertex  5.100000e+000 -1.321115e+000 -4.536595e+001
      vertex  5.100000e+000 -1.321115e+000 -4.863405e+001
      vertex  5.100000e+000 -1.435280e+000 -4.535399e+001
    endloop
  endfacet
  facet normal -1.000000e+000  0.000000e+000  0.000000e+000
    outer loop
      vertex  5.100000e+000 -1.435280e+000 -4.535399e+001
      vertex  5.100000e+000 -1.321115e+000 -4.863405e+001
      vertex  5.100000e+000 -1.435280e+000 -4.864601e+001
    endloop
  endfacet
  facet normal -1.000000e+000  0.000000e+000  0.000000e+000
    outer loop
      vertex  5.100000e+000 -1.435280e+000 -4.535399e+001
      vertex  5.100000e+000 -1.435280e+000 -4.864601e+001
      vertex  5.100000e+000 -1.550000e+000 -4.535000e+001
    endloop
  endfacet
  facet normal -1.000000e+000  0.000000e+000  0.000000e+000
    outer loop
      vertex  5.100000e+000 -1.550000e+000 -4.535000e+001
      vertex  5.100000e+000 -1.435280e+000 -4.864601e+001
      vertex  5.100000e+000 -1.550000e+000 -4.865000e+001
    endloop
  endfacet
  facet normal -1.000000e+000  0.000000e+000  0.000000e+000
    outer loop
      vertex  5.100000e+000 -1.550000e+000 -4.535000e+001
      vertex  5.100000e+000 -1.550000e+000 -4.865000e+001
      vertex  5.100000e+000 -1.662600e+000 -4.535385e+001
    endloop
  endfacet
  facet normal -1.000000e+000  0.000000e+000  0.000000e+000
    outer loop
      vertex  5.100000e+000 -1.662600e+000 -4.535385e+001
      vertex  5.100000e+000 -1.550000e+000 -4.865000e+001
      vertex  5.100000e+000 -1.662600e+000 -4.864615e+001
    endloop
  endfacet
  facet normal -1.000000e+000  0.000000e+000  0.000000e+000
    outer loop
      vertex  5.100000e+000 -1.662600e+000 -4.535385e+001
      vertex  5.100000e+000 -1.662600e+000 -4.864615e+001
      vertex  5.100000e+000 -1.774675e+000 -4.536537e+001
    endloop
  endfacet
  facet normal -1.000000e+000  0.000000e+000  0.000000e+000
    outer loop
      vertex  5.100000e+000 -1.774675e+000 -4.536537e+001
      vertex  5.100000e+000 -1.662600e+000 -4.864615e+001
      vertex  5.100000e+000 -1.774675e+000 -4.863463e+001
    endloop
  endfacet
  facet normal -1.000000e+000  0.000000e+000  0.000000e+000
    outer loop
      vertex  5.100000e+000 -1.774675e+000 -4.536537e+001
      vertex  5.100000e+000 -1.774675e+000 -4.863463e+001
      vertex  5.100000e+000 -1.885702e+000 -4.538451e+001
    endloop
  endfacet
  facet normal -1.000000e+000  0.000000e+000  0.000000e+000
    outer loop
      vertex  5.100000e+000 -1.885702e+000 -4.538451e+001
      vertex  5.100000e+000 -1.774675e+000 -4.863463e+001
      vertex  5.100000e+000 -1.885702e+000 -4.861549e+001
    endloop
  endfacet
  facet normal -1.000000e+000  0.000000e+000  0.000000e+000
    outer loop
      vertex  5.100000e+000 -1.885702e+000 -4.538451e+001
      vertex  5.100000e+000 -1.885702e+000 -4.861549e+001
      vertex  5.100000e+000 -1.995165e+000 -4.541119e+001
    endloop
  endfacet
  facet normal -1.000000e+000  0.000000e+000  0.000000e+000
    outer loop
      vertex  5.100000e+000 -1.995165e+000 -4.541119e+001
      vertex  5.100000e+000 -1.885702e+000 -4.861549e+001
      vertex  5.100000e+000 -1.995165e+000 -4.858881e+001
    endloop
  endfacet
  facet normal -1.000000e+000  0.000000e+000  0.000000e+000
    outer loop
      vertex  5.100000e+000 -1.995165e+000 -4.541119e+001
      vertex  5.100000e+000 -1.995165e+000 -4.858881e+001
      vertex  5.100000e+000 -2.102551e+000 -4.544527e+001
    endloop
  endfacet
  facet normal -9.999999e-001  0.000000e+000  0.000000e+000
    outer loop
      vertex  5.100000e+000 -2.102551e+000 -4.544527e+001
      vertex  5.100000e+000 -1.995165e+000 -4.858881e+001
      vertex  5.100000e+000 -2.102551e+000 -4.855473e+001
    endloop
  endfacet
  facet normal -1.000000e+000  0.000000e+000  0.000000e+000
    outer loop
      vertex  5.100000e+000 -2.102551e+000 -4.544527e+001
      vertex  5.100000e+000 -2.102551e+000 -4.855473e+001
      vertex  5.100000e+000 -2.207362e+000 -4.548660e+001
    endloop
  endfacet
  facet normal -1.000000e+000  0.000000e+000  0.000000e+000
    outer loop
      vertex  5.100000e+000 -2.207362e+000 -4.548660e+001
      vertex  5.100000e+000 -2.102551e+000 -4.855473e+001
      vertex  5.100000e+000 -2.207362e+000 -4.851340e+001
    endloop
  endfacet
  facet normal -1.000000e+000  0.000000e+000  0.000000e+000
    outer loop
      vertex  5.100000e+000 -2.207362e+000 -4.548660e+001
      vertex  5.100000e+000 -2.207362e+000 -4.851340e+001
      vertex  5.100000e+000 -2.309107e+000 -4.553499e+001
    endloop
  endfacet
  facet normal -1.000000e+000  0.000000e+000  0.000000e+000
    outer loop
      vertex  5.100000e+000 -2.309107e+000 -4.553499e+001
      vertex  5.100000e+000 -2.207362e+000 -4.851340e+001
      vertex  5.100000e+000 -2.309107e+000 -4.846501e+001
    endloop
  endfacet
  facet normal -1.000000e+000  0.000000e+000  0.000000e+000
    outer loop
      vertex  5.100000e+000 -2.309107e+000 -4.553499e+001
      vertex  5.100000e+000 -2.309107e+000 -4.846501e+001
      vertex  5.100000e+000 -2.407314e+000 -4.559021e+001
    endloop
  endfacet
  facet normal -1.000000e+000  0.000000e+000  0.000000e+000
    outer loop
      vertex  5.100000e+000 -2.407314e+000 -4.559021e+001
      vertex  5.100000e+000 -2.309107e+000 -4.846501e+001
      vertex  5.100000e+000 -2.407314e+000 -4.840979e+001
    endloop
  endfacet
  facet normal -1.000000e+000  0.000000e+000  0.000000e+000
    outer loop
      vertex  5.100000e+000 -2.407314e+000 -4.559021e+001
      vertex  5.100000e+000 -2.407314e+000 -4.840979e+001
      vertex  5.100000e+000 -2.501523e+000 -4.565200e+001
    endloop
  endfacet
  facet normal -1.000000e+000  0.000000e+000  0.000000e+000
    outer loop
      vertex  5.100000e+000 -2.501523e+000 -4.565200e+001
      vertex  5.100000e+000 -2.407314e+000 -4.840979e+001
      vertex  5.100000e+000 -2.501523e+000 -4.834800e+001
    endloop
  endfacet
  facet normal -9.999999e-001  0.000000e+000  0.000000e+000
    outer loop
      vertex  5.100000e+000 -2.501523e+000 -4.565200e+001
      vertex  5.100000e+000 -2.501523e+000 -4.834800e+001
      vertex  5.100000e+000 -2.591295e+000 -4.572008e+001
    endloop
  endfacet
  facet normal -1.000000e+000  0.000000e+000  0.000000e+000
    outer loop
      vertex  5.100000e+000 -2.591295e+000 -4.572008e+001
      vertex  5.100000e+000 -2.501523e+000 -4.834800e+001
      vertex  5.100000e+000 -2.591295e+000 -4.827992e+001
    endloop
  endfacet
  facet normal -1.000000e+000  0.000000e+000  0.000000e+000
    outer loop
      vertex  5.100000e+000 -2.591295e+000 -4.572008e+001
      vertex  5.100000e+000 -2.591295e+000 -4.827992e+001
      vertex  5.100000e+000 -2.676213e+000 -4.579412e+001
    endloop
  endfacet
  facet normal -1.000000e+000  0.000000e+000  0.000000e+000
    outer loop
      vertex  5.100000e+000 -2.676213e+000 -4.579412e+001
      vertex  5.100000e+000 -2.591295e+000 -4.827992e+001
      vertex  5.100000e+000 -2.676213e+000 -4.820588e+001
    endloop
  endfacet
  facet normal -9.999999e-001  0.000000e+000  0.000000e+000
    outer loop
      vertex  5.100000e+000 -2.676213e+000 -4.579412e+001
      vertex  5.100000e+000 -2.676213e+000 -4.820588e+001
      vertex  5.100000e+000 -2.755879e+000 -4.587379e+001
    endloop
  endfacet
  facet normal -9.999999e-001  0.000000e+000  0.000000e+000
    outer loop
      vertex  5.100000e+000 -2.755879e+000 -4.587379e+001
      vertex  5.100000e+000 -2.676213e+000 -4.820588e+001
      vertex  5.100000e+000 -2.755879e+000 -4.812621e+001
    endloop
  endfacet
  facet normal -1.000000e+000  0.000000e+000  0.000000e+000
    outer loop
      vertex  5.100000e+000 -2.755879e+000 -4.587379e+001
      vertex  5.100000e+000 -2.755879e+000 -4.812621e+001
      vertex  5.100000e+000 -2.829924e+000 -4.595871e+001
    endloop
  endfacet
  facet normal -1.000000e+000  0.000000e+000  0.000000e+000
    outer loop
      vertex  5.100000e+000 -2.829924e+000 -4.595871e+001
      vertex  5.100000e+000 -2.755879e+000 -4.812621e+001
      vertex  5.100000e+000 -2.829924e+000 -4.804129e+001
    endloop
  endfacet
  facet normal -1.000000e+000  0.000000e+000  0.000000e+000
    outer loop
      vertex  5.100000e+000 -2.829924e+000 -4.595871e+001
      vertex  5.100000e+000 -2.829924e+000 -4.804129e+001
      vertex  5.100000e+000 -2.898000e+000 -4.604848e+001
    endloop
  endfacet
  facet normal -1.000000e+000  0.000000e+000  0.000000e+000
    outer loop
      vertex  5.100000e+000 -2.898000e+000 -4.604848e+001
      vertex  5.100000e+000 -2.829924e+000 -4.804129e+001
      vertex  5.100000e+000 -2.898000e+000 -4.795152e+001
    endloop
  endfacet
  facet normal -1.000000e+000  0.000000e+000  0.000000e+000
    outer loop
      vertex  5.100000e+000 -2.898000e+000 -4.604848e+001
      vertex  5.100000e+000 -2.898000e+000 -4.795152e+001
      vertex  5.100000e+000 -2.959792e+000 -4.614268e+001
    endloop
  endfacet
  facet normal -1.000000e+000  0.000000e+000  0.000000e+000
    outer loop
      vertex  5.100000e+000 -2.959792e+000 -4.614268e+001
      vertex  5.100000e+000 -2.898000e+000 -4.795152e+001
      vertex  5.100000e+000 -2.959792e+000 -4.785732e+001
    endloop
  endfacet
  facet normal -9.999999e-001  0.000000e+000  0.000000e+000
    outer loop
      vertex  5.100000e+000 -2.959792e+000 -4.614268e+001
      vertex  5.100000e+000 -2.959792e+000 -4.785732e+001
      vertex  5.100000e+000 -3.015011e+000 -4.624089e+001
    endloop
  endfacet
  facet normal -1.000000e+000  0.000000e+000  0.000000e+000
    outer loop
      vertex  5.100000e+000 -3.015011e+000 -4.624089e+001
      vertex  5.100000e+000 -2.959792e+000 -4.785732e+001
      vertex  5.100000e+000 -3.015011e+000 -4.775911e+001
    endloop
  endfacet
  facet normal -1.000000e+000  0.000000e+000  0.000000e+000
    outer loop
      vertex  5.100000e+000 -3.015011e+000 -4.624089e+001
      vertex  5.100000e+000 -3.015011e+000 -4.775911e+001
      vertex  5.100000e+000 -3.063399e+000 -4.634264e+001
    endloop
  endfacet
  facet normal -1.000000e+000  0.000000e+000  0.000000e+000
    outer loop
      vertex  5.100000e+000 -3.063399e+000 -4.634264e+001
      vertex  5.100000e+000 -3.015011e+000 -4.775911e+001
      vertex  5.100000e+000 -3.063399e+000 -4.765736e+001
    endloop
  endfacet
  facet normal -9.999999e-001  0.000000e+000  0.000000e+000
    outer loop
      vertex  5.100000e+000 -3.063399e+000 -4.634264e+001
      vertex  5.100000e+000 -3.063399e+000 -4.765736e+001
      vertex  5.100000e+000 -3.104731e+000 -4.644745e+001
    endloop
  endfacet
  facet normal -1.000000e+000  0.000000e+000  0.000000e+000
    outer loop
      vertex  5.100000e+000 -3.104731e+000 -4.644745e+001
      vertex  5.100000e+000 -3.063399e+000 -4.765736e+001
      vertex  5.100000e+000 -3.104731e+000 -4.755255e+001
    endloop
  endfacet
  facet normal -1.000000e+000  0.000000e+000  0.000000e+000
    outer loop
      vertex  5.100000e+000 -3.104731e+000 -4.644745e+001
      vertex  5.100000e+000 -3.104731e+000 -4.755255e+001
      vertex  5.100000e+000 -3.138813e+000 -4.655484e+001
    endloop
  endfacet
  facet normal -1.000000e+000  0.000000e+000  0.000000e+000
    outer loop
      vertex  5.100000e+000 -3.138813e+000 -4.655484e+001
      vertex  5.100000e+000 -3.104731e+000 -4.755255e+001
      vertex  5.100000e+000 -3.138813e+000 -4.744516e+001
    endloop
  endfacet
  facet normal -1.000000e+000  0.000000e+000  0.000000e+000
    outer loop
      vertex  5.100000e+000 -3.138813e+000 -4.655484e+001
      vertex  5.100000e+000 -3.138813e+000 -4.744516e+001
      vertex  5.100000e+000 -3.165489e+000 -4.666430e+001
    endloop
  endfacet
  facet normal -1.000000e+000  0.000000e+000  0.000000e+000
    outer loop
      vertex  5.100000e+000 -3.165489e+000 -4.666430e+001
      vertex  5.100000e+000 -3.138813e+000 -4.744516e+001
      vertex  5.100000e+000 -3.165489e+000 -4.733570e+001
    endloop
  endfacet
  facet normal -9.999999e-001  0.000000e+000  0.000000e+000
    outer loop
      vertex  5.100000e+000 -3.165489e+000 -4.666430e+001
      vertex  5.100000e+000 -3.165489e+000 -4.733570e+001
      vertex  5.100000e+000 -3.184632e+000 -4.677533e+001
    endloop
  endfacet
  facet normal -1.000000e+000  0.000000e+000  0.000000e+000
    outer loop
      vertex  5.100000e+000 -3.184632e+000 -4.677533e+001
      vertex  5.100000e+000 -3.165489e+000 -4.733570e+001
      vertex  5.100000e+000 -3.184632e+000 -4.722467e+001
    endloop
  endfacet
  facet normal -1.000000e+000  0.000000e+000  0.000000e+000
    outer loop
      vertex  5.100000e+000 -3.184632e+000 -4.677533e+001
      vertex  5.100000e+000 -3.184632e+000 -4.722467e+001
      vertex  5.100000e+000 -3.196153e+000 -4.688740e+001
    endloop
  endfacet
  facet normal -1.000000e+000  0.000000e+000  0.000000e+000
    outer loop
      vertex  5.100000e+000 -3.196153e+000 -4.688740e+001
      vertex  5.100000e+000 -3.184632e+000 -4.722467e+001
      vertex  5.100000e+000 -3.196153e+000 -4.711260e+001
    endloop
  endfacet
  facet normal -1.000000e+000  0.000000e+000  0.000000e+000
    outer loop
      vertex  5.100000e+000 -3.196153e+000 -4.688740e+001
      vertex  5.100000e+000 -3.196153e+000 -4.711260e+001
      vertex  5.100000e+000 -3.200000e+000 -4.700000e+001
    endloop
  endfacet
  facet normal  0.000000e+000  9.967253e-001 -8.086239e-002
    outer loop
      vertex  3.100000e+000  0.000000e+000 -4.550334e+001
      vertex  5.100000e+000  0.000000e+000 -4.550334e+001
      vertex  3.100000e+000 -3.923265e-003 -4.555170e+001
    endloop
  endfacet
  facet normal  0.000000e+000  9.967253e-001 -8.086239e-002
    outer loop
      vertex  3.100000e+000 -3.923265e-003 -4.555170e+001
      vertex  5.100000e+000  0.000000e+000 -4.550334e+001
      vertex  5.100000e+000 -3.923265e-003 -4.555170e+001
    endloop
  endfacet
  facet normal  0.000000e+000  9.706540e-001 -2.404802e-001
    outer loop
      vertex  3.100000e+000 -3.923265e-003 -4.555170e+001
      vertex  5.100000e+000 -3.923265e-003 -4.555170e+001
      vertex  3.100000e+000 -1.559045e-002 -4.559879e+001
    endloop
  endfacet
  facet normal  0.000000e+000  9.706540e-001 -2.404802e-001
    outer loop
      vertex  3.100000e+000 -1.559045e-002 -4.559879e+001
      vertex  5.100000e+000 -3.923265e-003 -4.555170e+001
      vertex  5.100000e+000 -1.559045e-002 -4.559879e+001
    endloop
  endfacet
  facet normal  0.000000e+000  9.191997e-001 -3.937917e-001
    outer loop
      vertex  3.100000e+000 -1.559045e-002 -4.559879e+001
      vertex  5.100000e+000 -1.559045e-002 -4.559879e+001
      vertex  3.100000e+000 -3.469639e-002 -4.564339e+001
    endloop
  endfacet
  facet normal  0.000000e+000  9.191997e-001 -3.937917e-001
    outer loop
      vertex  3.100000e+000 -3.469639e-002 -4.564339e+001
      vertex  5.100000e+000 -1.559045e-002 -4.559879e+001
      vertex  5.100000e+000 -3.469639e-002 -4.564339e+001
    endloop
  endfacet
  facet normal  0.000000e+000  8.437071e-001 -5.368038e-001
    outer loop
      vertex  3.100000e+000 -3.469639e-002 -4.564339e+001
      vertex  5.100000e+000 -3.469639e-002 -4.564339e+001
      vertex  3.100000e+000 -6.074137e-002 -4.568432e+001
    endloop
  endfacet
  facet normal  0.000000e+000  8.437071e-001 -5.368038e-001
    outer loop
      vertex  3.100000e+000 -6.074137e-002 -4.568432e+001
      vertex  5.100000e+000 -3.469639e-002 -4.564339e+001
      vertex  5.100000e+000 -6.074137e-002 -4.568432e+001
    endloop
  endfacet
  facet normal  0.000000e+000  7.461417e-001 -6.657872e-001
    outer loop
      vertex  3.100000e+000 -6.074137e-002 -4.568432e+001
      vertex  5.100000e+000 -6.074137e-002 -4.568432e+001
      vertex  3.100000e+000 -9.304419e-002 -4.572052e+001
    endloop
  endfacet
  facet normal  0.000000e+000  7.461417e-001 -6.657872e-001
    outer loop
      vertex  3.100000e+000 -9.304419e-002 -4.572052e+001
      vertex  5.100000e+000 -6.074137e-002 -4.568432e+001
      vertex  5.100000e+000 -9.304419e-002 -4.572052e+001
    endloop
  endfacet
  facet normal  0.000000e+000  6.290210e-001 -7.773883e-001
    outer loop
      vertex  3.100000e+000 -9.304419e-002 -4.572052e+001
      vertex  5.100000e+000 -9.304419e-002 -4.572052e+001
      vertex  3.100000e+000 -1.307600e-001 -4.575104e+001
    endloop
  endfacet
  facet normal  0.000000e+000  6.290210e-001 -7.773883e-001
    outer loop
      vertex  3.100000e+000 -1.307600e-001 -4.575104e+001
      vertex  5.100000e+000 -9.304419e-002 -4.572052e+001
      vertex  5.100000e+000 -1.307600e-001 -4.575104e+001
    endloop
  endfacet
  facet normal  0.000000e+000  4.955007e-001 -8.686075e-001
    outer loop
      vertex  3.100000e+000 -1.307600e-001 -4.575104e+001
      vertex  5.100000e+000 -1.307600e-001 -4.575104e+001
      vertex  3.100000e+000 -1.729022e-001 -4.577508e+001
    endloop
  endfacet
  facet normal  0.000000e+000  4.955007e-001 -8.686075e-001
    outer loop
      vertex  3.100000e+000 -1.729022e-001 -4.577508e+001
      vertex  5.100000e+000 -1.307600e-001 -4.575104e+001
      vertex  5.100000e+000 -1.729022e-001 -4.577508e+001
    endloop
  endfacet
  facet normal  0.000000e+000  3.490863e-001 -9.370906e-001
    outer loop
      vertex  3.100000e+000 -1.729022e-001 -4.577508e+001
      vertex  5.100000e+000 -1.729022e-001 -4.577508e+001
      vertex  3.100000e+000 -2.183687e-001 -4.579202e+001
    endloop
  endfacet
  facet normal  0.000000e+000  3.490863e-001 -9.370906e-001
    outer loop
      vertex  3.100000e+000 -2.183687e-001 -4.579202e+001
      vertex  5.100000e+000 -1.729022e-001 -4.577508e+001
      vertex  5.100000e+000 -2.183687e-001 -4.579202e+001
    endloop
  endfacet
  facet normal  0.000000e+000  1.933412e-001 -9.811316e-001
    outer loop
      vertex  3.100000e+000 -2.183687e-001 -4.579202e+001
      vertex  5.100000e+000 -2.183687e-001 -4.579202e+001
      vertex  3.100000e+000 -2.659703e-001 -4.580140e+001
    endloop
  endfacet
  facet normal  0.000000e+000  1.933412e-001 -9.811316e-001
    outer loop
      vertex  3.100000e+000 -2.659703e-001 -4.580140e+001
      vertex  5.100000e+000 -2.183687e-001 -4.579202e+001
      vertex  5.100000e+000 -2.659703e-001 -4.580140e+001
    endloop
  endfacet
  facet normal  0.000000e+000  3.278656e-002 -9.994624e-001
    outer loop
      vertex  3.100000e+000 -2.659703e-001 -4.580140e+001
      vertex  5.100000e+000 -2.659703e-001 -4.580140e+001
      vertex  3.100000e+000 -3.144619e-001 -4.580299e+001
    endloop
  endfacet
  facet normal  0.000000e+000  3.278656e-002 -9.994624e-001
    outer loop
      vertex  3.100000e+000 -3.144619e-001 -4.580299e+001
      vertex  5.100000e+000 -2.659703e-001 -4.580140e+001
      vertex  5.100000e+000 -3.144619e-001 -4.580299e+001
    endloop
  endfacet
  facet normal  -0.000000e+000 -1.288655e-001 -9.916621e-001
    outer loop
      vertex  3.100000e+000 -3.144619e-001 -4.580299e+001
      vertex  5.100000e+000 -3.144619e-001 -4.580299e+001
      vertex  3.100000e+000 -3.625754e-001 -4.579674e+001
    endloop
  endfacet
  facet normal  0.000000e+000 -1.288655e-001 -9.916621e-001
    outer loop
      vertex  3.100000e+000 -3.625754e-001 -4.579674e+001
      vertex  5.100000e+000 -3.144619e-001 -4.580299e+001
      vertex  5.100000e+000 -3.625754e-001 -4.579674e+001
    endloop
  endfacet
  facet normal  -0.000000e+000 -2.869817e-001 -9.579360e-001
    outer loop
      vertex  3.100000e+000 -3.625754e-001 -4.579674e+001
      vertex  5.100000e+000 -3.625754e-001 -4.579674e+001
      vertex  3.100000e+000 -4.090520e-001 -4.578281e+001
    endloop
  endfacet
  facet normal  0.000000e+000 -2.869817e-001 -9.579360e-001
    outer loop
      vertex  3.100000e+000 -4.090520e-001 -4.578281e+001
      vertex  5.100000e+000 -3.625754e-001 -4.579674e+001
      vertex  5.100000e+000 -4.090520e-001 -4.578281e+001
    endloop
  endfacet
  facet normal  -0.000000e+000 -4.376306e-001 -8.991548e-001
    outer loop
      vertex  3.100000e+000 -4.090520e-001 -4.578281e+001
      vertex  5.100000e+000 -4.090520e-001 -4.578281e+001
      vertex  3.100000e+000 -4.526765e-001 -4.576158e+001
    endloop
  endfacet
  facet normal  0.000000e+000 -4.376306e-001 -8.991548e-001
    outer loop
      vertex  3.100000e+000 -4.526765e-001 -4.576158e+001
      vertex  5.100000e+000 -4.090520e-001 -4.578281e+001
      vertex  5.100000e+000 -4.526765e-001 -4.576158e+001
    endloop
  endfacet
  facet normal  -0.000000e+000 -5.768686e-001 -8.168370e-001
    outer loop
      vertex  3.100000e+000 -4.526765e-001 -4.576158e+001
      vertex  5.100000e+000 -4.526765e-001 -4.576158e+001
      vertex  3.100000e+000 -4.923077e-001 -4.573359e+001
    endloop
  endfacet
  facet normal  0.000000e+000 -5.768686e-001 -8.168370e-001
    outer loop
      vertex  3.100000e+000 -4.923077e-001 -4.573359e+001
      vertex  5.100000e+000 -4.526765e-001 -4.576158e+001
      vertex  5.100000e+000 -4.923077e-001 -4.573359e+001
    endloop
  endfacet
  facet normal  0.000000e+000 -3.734301e-001  9.276583e-001
    outer loop
      vertex  3.100000e+000 -9.874486e-001 -4.855114e+001
      vertex  5.100000e+000 -8.809634e-001 -4.850827e+001
      vertex  3.100000e+000 -8.809634e-001 -4.850827e+001
    endloop
  endfacet
  facet normal  0.000000e+000 -4.370343e-001  8.994449e-001
    outer loop
      vertex  3.100000e+000 -8.809634e-001 -4.850827e+001
      vertex  5.100000e+000 -8.809634e-001 -4.850827e+001
      vertex  5.100000e+000 -7.777163e-001 -4.845811e+001
    endloop
  endfacet
  facet normal  0.000000e+000 -4.370343e-001  8.994449e-001
    outer loop
      vertex  3.100000e+000 -8.809634e-001 -4.850827e+001
      vertex  5.100000e+000 -7.777163e-001 -4.845811e+001
      vertex  3.100000e+000 -7.777163e-001 -4.845811e+001
    endloop
  endfacet
  facet normal  0.000000e+000 -4.985132e-001  8.668821e-001
    outer loop
      vertex  3.100000e+000 -7.777163e-001 -4.845811e+001
      vertex  5.100000e+000 -7.777163e-001 -4.845811e+001
      vertex  5.100000e+000 -6.782070e-001 -4.840088e+001
    endloop
  endfacet
  facet normal  0.000000e+000 -4.985132e-001  8.668821e-001
    outer loop
      vertex  3.100000e+000 -7.777163e-001 -4.845811e+001
      vertex  5.100000e+000 -6.782070e-001 -4.840088e+001
      vertex  3.100000e+000 -6.782070e-001 -4.840088e+001
    endloop
  endfacet
  facet normal  0.000000e+000 -5.575699e-001  8.301300e-001
    outer loop
      vertex  3.100000e+000 -6.782070e-001 -4.840088e+001
      vertex  5.100000e+000 -6.782070e-001 -4.840088e+001
      vertex  5.100000e+000 -5.829170e-001 -4.833688e+001
    endloop
  endfacet
  facet normal  0.000000e+000 -5.575699e-001  8.301300e-001
    outer loop
      vertex  3.100000e+000 -6.782070e-001 -4.840088e+001
      vertex  5.100000e+000 -5.829170e-001 -4.833688e+001
      vertex  3.100000e+000 -5.829170e-001 -4.833688e+001
    endloop
  endfacet
  facet normal  0.000000e+000 -6.139340e-001  7.893574e-001
    outer loop
      vertex  3.100000e+000 -5.829170e-001 -4.833688e+001
      vertex  5.100000e+000 -5.829170e-001 -4.833688e+001
      vertex  5.100000e+000 -4.923077e-001 -4.826641e+001
    endloop
  endfacet
  facet normal  0.000000e+000 -6.139340e-001  7.893574e-001
    outer loop
      vertex  3.100000e+000 -5.829170e-001 -4.833688e+001
      vertex  5.100000e+000 -4.923077e-001 -4.826641e+001
      vertex  3.100000e+000 -4.923077e-001 -4.826641e+001
    endloop
  endfacet
  facet normal  0.000000e+000 -3.734301e-001  9.276583e-001
    outer loop
      vertex  5.100000e+000 -8.809634e-001 -4.850827e+001
      vertex  3.100000e+000 -9.874486e-001 -4.855114e+001
      vertex  5.100000e+000 -9.874486e-001 -4.855114e+001
    endloop
  endfacet
  facet normal  0.000000e+000 -3.080290e-001  9.513770e-001
    outer loop
      vertex  5.100000e+000 -9.874486e-001 -4.855114e+001
      vertex  3.100000e+000 -9.874486e-001 -4.855114e+001
      vertex  3.100000e+000 -1.096656e+000 -4.858650e+001
    endloop
  endfacet
  facet normal  0.000000e+000 -3.080290e-001  9.513770e-001
    outer loop
      vertex  5.100000e+000 -9.874486e-001 -4.855114e+001
      vertex  3.100000e+000 -1.096656e+000 -4.858650e+001
      vertex  5.100000e+000 -1.096656e+000 -4.858650e+001
    endloop
  endfacet
  facet normal  0.000000e+000 -2.411643e-001  9.704843e-001
    outer loop
      vertex  5.100000e+000 -1.096656e+000 -4.858650e+001
      vertex  3.100000e+000 -1.096656e+000 -4.858650e+001
      vertex  3.100000e+000 -1.208058e+000 -4.861418e+001
    endloop
  endfacet
  facet normal  0.000000e+000 -2.411643e-001  9.704843e-001
    outer loop
      vertex  5.100000e+000 -1.096656e+000 -4.858650e+001
      vertex  3.100000e+000 -1.208058e+000 -4.861418e+001
      vertex  5.100000e+000 -1.208058e+000 -4.861418e+001
    endloop
  endfacet
  facet normal  0.000000e+000 -1.730731e-001  9.849089e-001
    outer loop
      vertex  5.100000e+000 -1.208058e+000 -4.861418e+001
      vertex  3.100000e+000 -1.208058e+000 -4.861418e+001
      vertex  3.100000e+000 -1.321115e+000 -4.863405e+001
    endloop
  endfacet
  facet normal  0.000000e+000 -1.730731e-001  9.849089e-001
    outer loop
      vertex  5.100000e+000 -1.208058e+000 -4.861418e+001
      vertex  3.100000e+000 -1.321115e+000 -4.863405e+001
      vertex  5.100000e+000 -1.321115e+000 -4.863405e+001
    endloop
  endfacet
  facet normal  0.000000e+000 -1.041828e-001  9.945582e-001
    outer loop
      vertex  5.100000e+000 -1.321115e+000 -4.863405e+001
      vertex  3.100000e+000 -1.321115e+000 -4.863405e+001
      vertex  3.100000e+000 -1.435280e+000 -4.864601e+001
    endloop
  endfacet
  facet normal  0.000000e+000 -1.041828e-001  9.945582e-001
    outer loop
      vertex  5.100000e+000 -1.321115e+000 -4.863405e+001
      vertex  3.100000e+000 -1.435280e+000 -4.864601e+001
      vertex  5.100000e+000 -1.435280e+000 -4.864601e+001
    endloop
  endfacet
  facet normal  0.000000e+000 -3.479406e-002  9.993945e-001
    outer loop
      vertex  5.100000e+000 -1.435280e+000 -4.864601e+001
      vertex  3.100000e+000 -1.435280e+000 -4.864601e+001
      vertex  3.100000e+000 -1.550000e+000 -4.865000e+001
    endloop
  endfacet
  facet normal  0.000000e+000 -3.479406e-002  9.993945e-001
    outer loop
      vertex  5.100000e+000 -1.435280e+000 -4.864601e+001
      vertex  3.100000e+000 -1.550000e+000 -4.865000e+001
      vertex  5.100000e+000 -1.550000e+000 -4.865000e+001
    endloop
  endfacet
  facet normal -1.000000e+000  0.000000e+000  0.000000e+000
    outer loop
      vertex  3.100000e+000  0.000000e+000 -5.000000e+001
      vertex  3.100000e+000 -2.407314e+000 -4.840979e+001
      vertex  3.100000e+000 -2.309107e+000 -4.846501e+001
    endloop
  endfacet
  facet normal -1.000000e+000  0.000000e+000  0.000000e+000
    outer loop
      vertex  3.100000e+000  0.000000e+000 -5.000000e+001
      vertex  3.100000e+000 -2.309107e+000 -4.846501e+001
      vertex  3.100000e+000 -2.207362e+000 -4.851340e+001
    endloop
  endfacet
  facet normal -1.000000e+000  0.000000e+000  0.000000e+000
    outer loop
      vertex  3.100000e+000  0.000000e+000 -5.000000e+001
      vertex  3.100000e+000 -2.207362e+000 -4.851340e+001
      vertex  3.100000e+000 -2.102551e+000 -4.855473e+001
    endloop
  endfacet
  facet normal -1.000000e+000  0.000000e+000  0.000000e+000
    outer loop
      vertex  3.100000e+000  0.000000e+000 -5.000000e+001
      vertex  3.100000e+000 -2.102551e+000 -4.855473e+001
      vertex  3.100000e+000 -1.995165e+000 -4.858881e+001
    endloop
  endfacet
  facet normal -1.000000e+000  0.000000e+000  0.000000e+000
    outer loop
      vertex  3.100000e+000  0.000000e+000 -5.000000e+001
      vertex  3.100000e+000 -1.995165e+000 -4.858881e+001
      vertex  3.100000e+000 -1.885702e+000 -4.861549e+001
    endloop
  endfacet
  facet normal -1.000000e+000  0.000000e+000  0.000000e+000
    outer loop
      vertex  3.100000e+000  0.000000e+000 -5.000000e+001
      vertex  3.100000e+000 -1.885702e+000 -4.861549e+001
      vertex  3.100000e+000 -1.774675e+000 -4.863463e+001
    endloop
  endfacet
  facet normal -1.000000e+000  0.000000e+000  0.000000e+000
    outer loop
      vertex  3.100000e+000  0.000000e+000 -5.000000e+001
      vertex  3.100000e+000 -1.774675e+000 -4.863463e+001
      vertex  3.100000e+000 -1.662600e+000 -4.864615e+001
    endloop
  endfacet
  facet normal -1.000000e+000  0.000000e+000  0.000000e+000
    outer loop
      vertex  3.100000e+000  0.000000e+000 -5.000000e+001
      vertex  3.100000e+000 -1.662600e+000 -4.864615e+001
      vertex  3.100000e+000 -1.550000e+000 -4.865000e+001
    endloop
  endfacet
  facet normal -1.000000e+000  0.000000e+000  0.000000e+000
    outer loop
      vertex  3.100000e+000  0.000000e+000 -5.000000e+001
      vertex  3.100000e+000 -1.550000e+000 -4.865000e+001
      vertex  3.100000e+000 -1.435280e+000 -4.864601e+001
    endloop
  endfacet
  facet normal -1.000000e+000  0.000000e+000  0.000000e+000
    outer loop
      vertex  3.100000e+000  0.000000e+000 -5.000000e+001
      vertex  3.100000e+000 -1.435280e+000 -4.864601e+001
      vertex  3.100000e+000 -1.321115e+000 -4.863405e+001
    endloop
  endfacet
  facet normal -1.000000e+000  0.000000e+000  0.000000e+000
    outer loop
      vertex  3.100000e+000  0.000000e+000 -5.000000e+001
      vertex  3.100000e+000 -1.321115e+000 -4.863405e+001
      vertex  3.100000e+000 -1.208058e+000 -4.861418e+001
    endloop
  endfacet
  facet normal -1.000000e+000  0.000000e+000  0.000000e+000
    outer loop
      vertex  3.100000e+000  0.000000e+000 -5.000000e+001
      vertex  3.100000e+000 -1.208058e+000 -4.861418e+001
      vertex  3.100000e+000 -1.096656e+000 -4.858650e+001
    endloop
  endfacet
  facet normal -1.000000e+000  0.000000e+000  0.000000e+000
    outer loop
      vertex  3.100000e+000  0.000000e+000 -5.000000e+001
      vertex  3.100000e+000 -1.096656e+000 -4.858650e+001
      vertex  3.100000e+000 -9.874486e-001 -4.855114e+001
    endloop
  endfacet
  facet normal -1.000000e+000  0.000000e+000  0.000000e+000
    outer loop
      vertex  3.100000e+000  0.000000e+000 -5.000000e+001
      vertex  3.100000e+000 -9.874486e-001 -4.855114e+001
      vertex  3.100000e+000 -8.809634e-001 -4.850827e+001
    endloop
  endfacet
  facet normal -1.000000e+000  0.000000e+000  0.000000e+000
    outer loop
      vertex  3.100000e+000  0.000000e+000 -5.000000e+001
      vertex  3.100000e+000 -8.809634e-001 -4.850827e+001
      vertex  3.100000e+000 -7.777163e-001 -4.845811e+001
    endloop
  endfacet
  facet normal -1.000000e+000  0.000000e+000  0.000000e+000
    outer loop
      vertex  3.100000e+000  0.000000e+000 -5.000000e+001
      vertex  3.100000e+000 -7.777163e-001 -4.845811e+001
      vertex  3.100000e+000 -6.782070e-001 -4.840088e+001
    endloop
  endfacet
  facet normal -1.000000e+000  0.000000e+000  0.000000e+000
    outer loop
      vertex  3.100000e+000  0.000000e+000 -5.000000e+001
      vertex  3.100000e+000 -6.782070e-001 -4.840088e+001
      vertex  3.100000e+000 -5.829170e-001 -4.833688e+001
    endloop
  endfacet
  facet normal -1.000000e+000  0.000000e+000  0.000000e+000
    outer loop
      vertex  3.100000e+000  0.000000e+000 -5.000000e+001
      vertex  3.100000e+000 -5.829170e-001 -4.833688e+001
      vertex  3.100000e+000 -4.923077e-001 -4.826641e+001
    endloop
  endfacet
  facet normal -1.000000e+000  0.000000e+000  0.000000e+000
    outer loop
      vertex  3.100000e+000  0.000000e+000 -5.000000e+001
      vertex  3.100000e+000 -4.923077e-001 -4.826641e+001
      vertex  3.100000e+000 -4.526765e-001 -4.823842e+001
    endloop
  endfacet
  facet normal -1.000000e+000  0.000000e+000  0.000000e+000
    outer loop
      vertex  3.100000e+000  0.000000e+000 -5.000000e+001
      vertex  3.100000e+000 -4.526765e-001 -4.823842e+001
      vertex  3.100000e+000 -4.090520e-001 -4.821719e+001
    endloop
  endfacet
  facet normal -9.999999e-001  0.000000e+000  0.000000e+000
    outer loop
      vertex  3.100000e+000  0.000000e+000 -5.000000e+001
      vertex  3.100000e+000 -4.090520e-001 -4.821719e+001
      vertex  3.100000e+000 -3.625754e-001 -4.820326e+001
    endloop
  endfacet
  facet normal -1.000000e+000  0.000000e+000  0.000000e+000
    outer loop
      vertex  3.100000e+000  0.000000e+000 -5.000000e+001
      vertex  3.100000e+000 -3.625754e-001 -4.820326e+001
      vertex  3.100000e+000 -3.144619e-001 -4.819701e+001
    endloop
  endfacet
  facet normal -9.999999e-001  0.000000e+000  0.000000e+000
    outer loop
      vertex  3.100000e+000  0.000000e+000 -5.000000e+001
      vertex  3.100000e+000 -3.144619e-001 -4.819701e+001
      vertex  3.100000e+000 -2.659703e-001 -4.819860e+001
    endloop
  endfacet
  facet normal -1.000000e+000  0.000000e+000  0.000000e+000
    outer loop
      vertex  3.100000e+000  0.000000e+000 -5.000000e+001
      vertex  3.100000e+000 -2.659703e-001 -4.819860e+001
      vertex  3.100000e+000 -2.183687e-001 -4.820798e+001
    endloop
  endfacet
  facet normal -1.000000e+000  0.000000e+000  0.000000e+000
    outer loop
      vertex  3.100000e+000  0.000000e+000 -5.000000e+001
      vertex  3.100000e+000 -2.183687e-001 -4.820798e+001
      vertex  3.100000e+000 -1.729022e-001 -4.822492e+001
    endloop
  endfacet
  facet normal -1.000000e+000  0.000000e+000  0.000000e+000
    outer loop
      vertex  3.100000e+000  0.000000e+000 -5.000000e+001
      vertex  3.100000e+000 -1.729022e-001 -4.822492e+001
      vertex  3.100000e+000 -1.307600e-001 -4.824896e+001
    endloop
  endfacet
  facet normal -9.999999e-001  0.000000e+000  0.000000e+000
    outer loop
      vertex  3.100000e+000  0.000000e+000 -5.000000e+001
      vertex  3.100000e+000 -1.307600e-001 -4.824896e+001
      vertex  3.100000e+000 -9.304419e-002 -4.827948e+001
    endloop
  endfacet
  facet normal -1.000000e+000  0.000000e+000  0.000000e+000
    outer loop
      vertex  3.100000e+000  0.000000e+000 -5.000000e+001
      vertex  3.100000e+000 -9.304419e-002 -4.827948e+001
      vertex  3.100000e+000 -6.074137e-002 -4.831568e+001
    endloop
  endfacet
  facet normal -1.000000e+000  0.000000e+000  0.000000e+000
    outer loop
      vertex  3.100000e+000  0.000000e+000 -5.000000e+001
      vertex  3.100000e+000 -6.074137e-002 -4.831568e+001
      vertex  3.100000e+000 -3.469639e-002 -4.835661e+001
    endloop
  endfacet
  facet normal -1.000000e+000  0.000000e+000  0.000000e+000
    outer loop
      vertex  3.100000e+000  0.000000e+000 -5.000000e+001
      vertex  3.100000e+000 -3.469639e-002 -4.835661e+001
      vertex  3.100000e+000 -1.559045e-002 -4.840121e+001
    endloop
  endfacet
  facet normal -1.000000e+000  0.000000e+000  0.000000e+000
    outer loop
      vertex  3.100000e+000  0.000000e+000 -5.000000e+001
      vertex  3.100000e+000 -1.559045e-002 -4.840121e+001
      vertex  3.100000e+000 -3.923265e-003 -4.844830e+001
    endloop
  endfacet
  facet normal -1.000000e+000  0.000000e+000  0.000000e+000
    outer loop
      vertex  3.100000e+000  0.000000e+000 -5.000000e+001
      vertex  3.100000e+000 -3.923265e-003 -4.844830e+001
      vertex  3.100000e+000  0.000000e+000 -4.849666e+001
    endloop
  endfacet
  facet normal -1.000000e+000  0.000000e+000  0.000000e+000
    outer loop
      vertex  3.100000e+000 -3.200000e+000 -5.000000e+001
      vertex  3.100000e+000 -3.200000e+000 -4.700000e+001
      vertex  3.100000e+000 -3.196153e+000 -4.711260e+001
    endloop
  endfacet
  facet normal -1.000000e+000  0.000000e+000  -0.000000e+000
    outer loop
      vertex  3.100000e+000 -3.200000e+000 -5.000000e+001
      vertex  3.100000e+000 -3.196153e+000 -4.711260e+001
      vertex  3.100000e+000 -3.184632e+000 -4.722467e+001
    endloop
  endfacet
  facet normal -9.999999e-001  0.000000e+000  -0.000000e+000
    outer loop
      vertex  3.100000e+000 -3.200000e+000 -5.000000e+001
      vertex  3.100000e+000 -3.184632e+000 -4.722467e+001
      vertex  3.100000e+000 -3.165489e+000 -4.733570e+001
    endloop
  endfacet
  facet normal -1.000000e+000  0.000000e+000  -0.000000e+000
    outer loop
      vertex  3.100000e+000 -3.200000e+000 -5.000000e+001
      vertex  3.100000e+000 -3.165489e+000 -4.733570e+001
      vertex  3.100000e+000 -3.138813e+000 -4.744516e+001
    endloop
  endfacet
  facet normal -1.000000e+000  0.000000e+000  -0.000000e+000
    outer loop
      vertex  3.100000e+000 -3.200000e+000 -5.000000e+001
      vertex  3.100000e+000 -3.138813e+000 -4.744516e+001
      vertex  3.100000e+000 -3.104731e+000 -4.755255e+001
    endloop
  endfacet
  facet normal -9.999999e-001  0.000000e+000  -0.000000e+000
    outer loop
      vertex  3.100000e+000 -3.200000e+000 -5.000000e+001
      vertex  3.100000e+000 -3.104731e+000 -4.755255e+001
      vertex  3.100000e+000 -3.063399e+000 -4.765736e+001
    endloop
  endfacet
  facet normal -1.000000e+000  0.000000e+000  -0.000000e+000
    outer loop
      vertex  3.100000e+000 -3.200000e+000 -5.000000e+001
      vertex  3.100000e+000 -3.063399e+000 -4.765736e+001
      vertex  3.100000e+000 -3.015011e+000 -4.775911e+001
    endloop
  endfacet
  facet normal -1.000000e+000  0.000000e+000  -0.000000e+000
    outer loop
      vertex  3.100000e+000 -3.200000e+000 -5.000000e+001
      vertex  3.100000e+000 -3.015011e+000 -4.775911e+001
      vertex  3.100000e+000 -2.959792e+000 -4.785732e+001
    endloop
  endfacet
  facet normal -1.000000e+000  0.000000e+000  -0.000000e+000
    outer loop
      vertex  3.100000e+000 -3.200000e+000 -5.000000e+001
      vertex  3.100000e+000 -2.959792e+000 -4.785732e+001
      vertex  3.100000e+000 -2.898000e+000 -4.795152e+001
    endloop
  endfacet
  facet normal -1.000000e+000  0.000000e+000  -0.000000e+000
    outer loop
      vertex  3.100000e+000 -3.200000e+000 -5.000000e+001
      vertex  3.100000e+000 -2.898000e+000 -4.795152e+001
      vertex  3.100000e+000 -2.829924e+000 -4.804129e+001
    endloop
  endfacet
  facet normal -1.000000e+000  0.000000e+000  -0.000000e+000
    outer loop
      vertex  3.100000e+000 -3.200000e+000 -5.000000e+001
      vertex  3.100000e+000 -2.829924e+000 -4.804129e+001
      vertex  3.100000e+000 -2.755879e+000 -4.812621e+001
    endloop
  endfacet
  facet normal -1.000000e+000  0.000000e+000  -0.000000e+000
    outer loop
      vertex  3.100000e+000 -3.200000e+000 -5.000000e+001
      vertex  3.100000e+000 -2.755879e+000 -4.812621e+001
      vertex  3.100000e+000 -2.676213e+000 -4.820588e+001
    endloop
  endfacet
  facet normal -1.000000e+000  0.000000e+000  -0.000000e+000
    outer loop
      vertex  3.100000e+000 -3.200000e+000 -5.000000e+001
      vertex  3.100000e+000 -2.676213e+000 -4.820588e+001
      vertex  3.100000e+000 -2.591295e+000 -4.827992e+001
    endloop
  endfacet
  facet normal -9.999999e-001  0.000000e+000  -0.000000e+000
    outer loop
      vertex  3.100000e+000 -3.200000e+000 -5.000000e+001
      vertex  3.100000e+000 -2.591295e+000 -4.827992e+001
      vertex  3.100000e+000 -2.501523e+000 -4.834800e+001
    endloop
  endfacet
  facet normal -9.999999e-001  0.000000e+000  -0.000000e+000
    outer loop
      vertex  3.100000e+000 -3.200000e+000 -5.000000e+001
      vertex  3.100000e+000 -2.501523e+000 -4.834800e+001
      vertex  3.100000e+000 -2.407314e+000 -4.840979e+001
    endloop
  endfacet
  facet normal -1.000000e+000  0.000000e+000  -0.000000e+000
    outer loop
      vertex  3.100000e+000 -3.200000e+000 -5.000000e+001
      vertex  3.100000e+000 -2.407314e+000 -4.840979e+001
      vertex  3.100000e+000  0.000000e+000 -5.000000e+001
    endloop
  endfacet
  facet normal  0.000000e+000 -5.768686e-001  8.168370e-001
    outer loop
      vertex  3.100000e+000 -4.923077e-001 -4.826641e+001
      vertex  5.100000e+000 -4.923077e-001 -4.826641e+001
      vertex  3.100000e+000 -4.526765e-001 -4.823842e+001
    endloop
  endfacet
  facet normal  0.000000e+000 -5.768686e-001  8.168370e-001
    outer loop
      vertex  3.100000e+000 -4.526765e-001 -4.823842e+001
      vertex  5.100000e+000 -4.923077e-001 -4.826641e+001
      vertex  5.100000e+000 -4.526765e-001 -4.823842e+001
    endloop
  endfacet
  facet normal  0.000000e+000 -4.376306e-001  8.991548e-001
    outer loop
      vertex  3.100000e+000 -4.526765e-001 -4.823842e+001
      vertex  5.100000e+000 -4.526765e-001 -4.823842e+001
      vertex  3.100000e+000 -4.090520e-001 -4.821719e+001
    endloop
  endfacet
  facet normal  0.000000e+000 -4.376306e-001  8.991548e-001
    outer loop
      vertex  3.100000e+000 -4.090520e-001 -4.821719e+001
      vertex  5.100000e+000 -4.526765e-001 -4.823842e+001
      vertex  5.100000e+000 -4.090520e-001 -4.821719e+001
    endloop
  endfacet
  facet normal  0.000000e+000 -2.869817e-001  9.579360e-001
    outer loop
      vertex  3.100000e+000 -4.090520e-001 -4.821719e+001
      vertex  5.100000e+000 -4.090520e-001 -4.821719e+001
      vertex  3.100000e+000 -3.625754e-001 -4.820326e+001
    endloop
  endfacet
  facet normal  0.000000e+000 -2.869817e-001  9.579360e-001
    outer loop
      vertex  3.100000e+000 -3.625754e-001 -4.820326e+001
      vertex  5.100000e+000 -4.090520e-001 -4.821719e+001
      vertex  5.100000e+000 -3.625754e-001 -4.820326e+001
    endloop
  endfacet
  facet normal  0.000000e+000 -1.288655e-001  9.916621e-001
    outer loop
      vertex  3.100000e+000 -3.625754e-001 -4.820326e+001
      vertex  5.100000e+000 -3.625754e-001 -4.820326e+001
      vertex  3.100000e+000 -3.144619e-001 -4.819701e+001
    endloop
  endfacet
  facet normal  0.000000e+000 -1.288655e-001  9.916621e-001
    outer loop
      vertex  3.100000e+000 -3.144619e-001 -4.819701e+001
      vertex  5.100000e+000 -3.625754e-001 -4.820326e+001
      vertex  5.100000e+000 -3.144619e-001 -4.819701e+001
    endloop
  endfacet
  facet normal  0.000000e+000  3.278656e-002  9.994624e-001
    outer loop
      vertex  3.100000e+000 -3.144619e-001 -4.819701e+001
      vertex  5.100000e+000 -3.144619e-001 -4.819701e+001
      vertex  3.100000e+000 -2.659703e-001 -4.819860e+001
    endloop
  endfacet
  facet normal  -0.000000e+000  3.278656e-002  9.994624e-001
    outer loop
      vertex  3.100000e+000 -2.659703e-001 -4.819860e+001
      vertex  5.100000e+000 -3.144619e-001 -4.819701e+001
      vertex  5.100000e+000 -2.659703e-001 -4.819860e+001
    endloop
  endfacet
  facet normal  0.000000e+000  1.933412e-001  9.811316e-001
    outer loop
      vertex  3.100000e+000 -2.659703e-001 -4.819860e+001
      vertex  5.100000e+000 -2.659703e-001 -4.819860e+001
      vertex  3.100000e+000 -2.183687e-001 -4.820798e+001
    endloop
  endfacet
  facet normal  -0.000000e+000  1.933412e-001  9.811316e-001
    outer loop
      vertex  3.100000e+000 -2.183687e-001 -4.820798e+001
      vertex  5.100000e+000 -2.659703e-001 -4.819860e+001
      vertex  5.100000e+000 -2.183687e-001 -4.820798e+001
    endloop
  endfacet
  facet normal  0.000000e+000  3.490863e-001  9.370906e-001
    outer loop
      vertex  3.100000e+000 -2.183687e-001 -4.820798e+001
      vertex  5.100000e+000 -2.183687e-001 -4.820798e+001
      vertex  3.100000e+000 -1.729022e-001 -4.822492e+001
    endloop
  endfacet
  facet normal  -0.000000e+000  3.490863e-001  9.370906e-001
    outer loop
      vertex  3.100000e+000 -1.729022e-001 -4.822492e+001
      vertex  5.100000e+000 -2.183687e-001 -4.820798e+001
      vertex  5.100000e+000 -1.729022e-001 -4.822492e+001
    endloop
  endfacet
  facet normal  0.000000e+000  4.955007e-001  8.686075e-001
    outer loop
      vertex  3.100000e+000 -1.729022e-001 -4.822492e+001
      vertex  5.100000e+000 -1.729022e-001 -4.822492e+001
      vertex  3.100000e+000 -1.307600e-001 -4.824896e+001
    endloop
  endfacet
  facet normal  -0.000000e+000  4.955007e-001  8.686075e-001
    outer loop
      vertex  3.100000e+000 -1.307600e-001 -4.824896e+001
      vertex  5.100000e+000 -1.729022e-001 -4.822492e+001
      vertex  5.100000e+000 -1.307600e-001 -4.824896e+001
    endloop
  endfacet
  facet normal  0.000000e+000  6.290210e-001  7.773883e-001
    outer loop
      vertex  3.100000e+000 -1.307600e-001 -4.824896e+001
      vertex  5.100000e+000 -1.307600e-001 -4.824896e+001
      vertex  3.100000e+000 -9.304419e-002 -4.827948e+001
    endloop
  endfacet
  facet normal  -0.000000e+000  6.290210e-001  7.773883e-001
    outer loop
      vertex  3.100000e+000 -9.304419e-002 -4.827948e+001
      vertex  5.100000e+000 -1.307600e-001 -4.824896e+001
      vertex  5.100000e+000 -9.304419e-002 -4.827948e+001
    endloop
  endfacet
  facet normal  0.000000e+000  7.461417e-001  6.657872e-001
    outer loop
      vertex  3.100000e+000 -9.304419e-002 -4.827948e+001
      vertex  5.100000e+000 -9.304419e-002 -4.827948e+001
      vertex  3.100000e+000 -6.074137e-002 -4.831568e+001
    endloop
  endfacet
  facet normal  -0.000000e+000  7.461417e-001  6.657872e-001
    outer loop
      vertex  3.100000e+000 -6.074137e-002 -4.831568e+001
      vertex  5.100000e+000 -9.304419e-002 -4.827948e+001
      vertex  5.100000e+000 -6.074137e-002 -4.831568e+001
    endloop
  endfacet
  facet normal  0.000000e+000  8.437071e-001  5.368038e-001
    outer loop
      vertex  3.100000e+000 -6.074137e-002 -4.831568e+001
      vertex  5.100000e+000 -6.074137e-002 -4.831568e+001
      vertex  3.100000e+000 -3.469639e-002 -4.835661e+001
    endloop
  endfacet
  facet normal  -0.000000e+000  8.437071e-001  5.368038e-001
    outer loop
      vertex  3.100000e+000 -3.469639e-002 -4.835661e+001
      vertex  5.100000e+000 -6.074137e-002 -4.831568e+001
      vertex  5.100000e+000 -3.469639e-002 -4.835661e+001
    endloop
  endfacet
  facet normal  0.000000e+000  9.191997e-001  3.937917e-001
    outer loop
      vertex  3.100000e+000 -3.469639e-002 -4.835661e+001
      vertex  5.100000e+000 -3.469639e-002 -4.835661e+001
      vertex  3.100000e+000 -1.559045e-002 -4.840121e+001
    endloop
  endfacet
  facet normal  -0.000000e+000  9.191997e-001  3.937917e-001
    outer loop
      vertex  3.100000e+000 -1.559045e-002 -4.840121e+001
      vertex  5.100000e+000 -3.469639e-002 -4.835661e+001
      vertex  5.100000e+000 -1.559045e-002 -4.840121e+001
    endloop
  endfacet
  facet normal  0.000000e+000  9.706540e-001  2.404802e-001
    outer loop
      vertex  3.100000e+000 -1.559045e-002 -4.840121e+001
      vertex  5.100000e+000 -1.559045e-002 -4.840121e+001
      vertex  3.100000e+000 -3.923265e-003 -4.844830e+001
    endloop
  endfacet
  facet normal  -0.000000e+000  9.706540e-001  2.404802e-001
    outer loop
      vertex  3.100000e+000 -3.923265e-003 -4.844830e+001
      vertex  5.100000e+000 -1.559045e-002 -4.840121e+001
      vertex  5.100000e+000 -3.923265e-003 -4.844830e+001
    endloop
  endfacet
  facet normal  0.000000e+000  9.967253e-001  8.086239e-002
    outer loop
      vertex  3.100000e+000 -3.923265e-003 -4.844830e+001
      vertex  5.100000e+000 -3.923265e-003 -4.844830e+001
      vertex  3.100000e+000  0.000000e+000 -4.849666e+001
    endloop
  endfacet
  facet normal  -0.000000e+000  9.967253e-001  8.086239e-002
    outer loop
      vertex  3.100000e+000  0.000000e+000 -4.849666e+001
      vertex  5.100000e+000 -3.923265e-003 -4.844830e+001
      vertex  5.100000e+000  0.000000e+000 -4.849666e+001
    endloop
  endfacet
  facet normal  0.000000e+000  1.000000e+000  0.000000e+000
    outer loop
      vertex -3.100000e+000 -3.200000e+000 -5.000000e+001
      vertex -3.100000e+000 -3.200000e+000 -4.700000e+001
      vertex  3.100000e+000 -3.200000e+000 -5.000000e+001
    endloop
  endfacet
  facet normal  0.000000e+000  1.000000e+000  -0.000000e+000
    outer loop
      vertex  3.100000e+000 -3.200000e+000 -5.000000e+001
      vertex -3.100000e+000 -3.200000e+000 -4.700000e+001
      vertex  3.100000e+000 -3.200000e+000 -4.700000e+001
    endloop
  endfacet
  facet normal  0.000000e+000  9.999999e-001  0.000000e+000
    outer loop
      vertex -3.100000e+000 -3.200000e+000 -4.700000e+001
      vertex -3.100000e+000 -3.200000e+000 -1.300000e+001
      vertex  3.100000e+000 -3.200000e+000 -4.700000e+001
    endloop
  endfacet
  facet normal  0.000000e+000  9.999999e-001  -0.000000e+000
    outer loop
      vertex  3.100000e+000 -3.200000e+000 -4.700000e+001
      vertex -3.100000e+000 -3.200000e+000 -1.300000e+001
      vertex  3.100000e+000 -3.200000e+000 -1.300000e+001
    endloop
  endfacet
  facet normal  0.000000e+000  9.994169e-001  3.414260e-002
    outer loop
      vertex  3.100000e+000 -3.200000e+000 -4.700000e+001
      vertex  5.100000e+000 -3.196153e+000 -4.711260e+001
      vertex  3.100000e+000 -3.196153e+000 -4.711260e+001
    endloop
  endfacet
  facet normal  -0.000000e+000  9.947574e-001  1.022627e-001
    outer loop
      vertex  3.100000e+000 -3.196153e+000 -4.711260e+001
      vertex  5.100000e+000 -3.196153e+000 -4.711260e+001
      vertex  5.100000e+000 -3.184632e+000 -4.722467e+001
    endloop
  endfacet
  facet normal  0.000000e+000  9.947574e-001  1.022627e-001
    outer loop
      vertex  3.100000e+000 -3.196153e+000 -4.711260e+001
      vertex  5.100000e+000 -3.184632e+000 -4.722467e+001
      vertex  3.100000e+000 -3.184632e+000 -4.722467e+001
    endloop
  endfacet
  facet normal  -0.000000e+000  9.854593e-001  1.699117e-001
    outer loop
      vertex  3.100000e+000 -3.184632e+000 -4.722467e+001
      vertex  5.100000e+000 -3.184632e+000 -4.722467e+001
      vertex  5.100000e+000 -3.165489e+000 -4.733570e+001
    endloop
  endfacet
  facet normal  0.000000e+000  9.854593e-001  1.699117e-001
    outer loop
      vertex  3.100000e+000 -3.184632e+000 -4.722467e+001
      vertex  5.100000e+000 -3.165489e+000 -4.733570e+001
      vertex  3.100000e+000 -3.165489e+000 -4.733570e+001
    endloop
  endfacet
  facet normal  -0.000000e+000  9.715673e-001  2.367634e-001
    outer loop
      vertex  3.100000e+000 -3.165489e+000 -4.733570e+001
      vertex  5.100000e+000 -3.165489e+000 -4.733570e+001
      vertex  5.100000e+000 -3.138813e+000 -4.744516e+001
    endloop
  endfacet
  facet normal  0.000000e+000  9.715673e-001  2.367634e-001
    outer loop
      vertex  3.100000e+000 -3.165489e+000 -4.733570e+001
      vertex  5.100000e+000 -3.138813e+000 -4.744516e+001
      vertex  3.100000e+000 -3.138813e+000 -4.744516e+001
    endloop
  endfacet
  facet normal  -0.000000e+000  9.531457e-001  3.025115e-001
    outer loop
      vertex  3.100000e+000 -3.138813e+000 -4.744516e+001
      vertex  5.100000e+000 -3.138813e+000 -4.744516e+001
      vertex  5.100000e+000 -3.104731e+000 -4.755255e+001
    endloop
  endfacet
  facet normal  0.000000e+000  9.531457e-001  3.025115e-001
    outer loop
      vertex  3.100000e+000 -3.138813e+000 -4.744516e+001
      vertex  5.100000e+000 -3.104731e+000 -4.755255e+001
      vertex  3.100000e+000 -3.104731e+000 -4.755255e+001
    endloop
  endfacet
  facet normal  -0.000000e+000  9.302761e-001  3.668602e-001
    outer loop
      vertex  3.100000e+000 -3.104731e+000 -4.755255e+001
      vertex  5.100000e+000 -3.104731e+000 -4.755255e+001
      vertex  5.100000e+000 -3.063399e+000 -4.765736e+001
    endloop
  endfacet
  facet normal  0.000000e+000  9.302761e-001  3.668602e-001
    outer loop
      vertex  3.100000e+000 -3.104731e+000 -4.755255e+001
      vertex  5.100000e+000 -3.063399e+000 -4.765736e+001
      vertex  3.100000e+000 -3.063399e+000 -4.765736e+001
    endloop
  endfacet
  facet normal  -0.000000e+000  9.030750e-001  4.294829e-001
    outer loop
      vertex  3.100000e+000 -3.063399e+000 -4.765736e+001
      vertex  5.100000e+000 -3.063399e+000 -4.765736e+001
      vertex  5.100000e+000 -3.015011e+000 -4.775911e+001
    endloop
  endfacet
  facet normal  0.000000e+000  9.030750e-001  4.294829e-001
    outer loop
      vertex  3.100000e+000 -3.063399e+000 -4.765736e+001
      vertex  5.100000e+000 -3.015011e+000 -4.775911e+001
      vertex  3.100000e+000 -3.015011e+000 -4.775911e+001
    endloop
  endfacet
  facet normal  -0.000000e+000  8.716669e-001  4.900989e-001
    outer loop
      vertex  3.100000e+000 -3.015011e+000 -4.775911e+001
      vertex  5.100000e+000 -3.015011e+000 -4.775911e+001
      vertex  5.100000e+000 -2.959792e+000 -4.785732e+001
    endloop
  endfacet
  facet normal  0.000000e+000  8.716669e-001  4.900989e-001
    outer loop
      vertex  3.100000e+000 -3.015011e+000 -4.775911e+001
      vertex  5.100000e+000 -2.959792e+000 -4.785732e+001
      vertex  3.100000e+000 -2.959792e+000 -4.785732e+001
    endloop
  endfacet
  facet normal  -0.000000e+000  8.361789e-001  5.484567e-001
    outer loop
      vertex  3.100000e+000 -2.959792e+000 -4.785732e+001
      vertex  5.100000e+000 -2.959792e+000 -4.785732e+001
      vertex  5.100000e+000 -2.898000e+000 -4.795152e+001
    endloop
  endfacet
  facet normal  0.000000e+000  8.361789e-001  5.484567e-001
    outer loop
      vertex  3.100000e+000 -2.959792e+000 -4.785732e+001
      vertex  5.100000e+000 -2.898000e+000 -4.795152e+001
      vertex  3.100000e+000 -2.898000e+000 -4.795152e+001
    endloop
  endfacet
  facet normal  -0.000000e+000  7.968013e-001  6.042415e-001
    outer loop
      vertex  3.100000e+000 -2.898000e+000 -4.795152e+001
      vertex  5.100000e+000 -2.898000e+000 -4.795152e+001
      vertex  5.100000e+000 -2.829924e+000 -4.804129e+001
    endloop
  endfacet
  facet normal  0.000000e+000  7.968013e-001  6.042415e-001
    outer loop
      vertex  3.100000e+000 -2.898000e+000 -4.795152e+001
      vertex  5.100000e+000 -2.829924e+000 -4.804129e+001
      vertex  3.100000e+000 -2.829924e+000 -4.804129e+001
    endloop
  endfacet
  facet normal  -0.000000e+000  7.537186e-001  6.571972e-001
    outer loop
      vertex  3.100000e+000 -2.829924e+000 -4.804129e+001
      vertex  5.100000e+000 -2.829924e+000 -4.804129e+001
      vertex  5.100000e+000 -2.755879e+000 -4.812621e+001
    endloop
  endfacet
  facet normal  0.000000e+000  7.537186e-001  6.571972e-001
    outer loop
      vertex  3.100000e+000 -2.829924e+000 -4.804129e+001
      vertex  5.100000e+000 -2.755879e+000 -4.812621e+001
      vertex  3.100000e+000 -2.755879e+000 -4.812621e+001
    endloop
  endfacet
  facet normal  -0.000000e+000  7.071047e-001  7.071089e-001
    outer loop
      vertex  3.100000e+000 -2.755879e+000 -4.812621e+001
      vertex  5.100000e+000 -2.755879e+000 -4.812621e+001
      vertex  5.100000e+000 -2.676213e+000 -4.820588e+001
    endloop
  endfacet
  facet normal  0.000000e+000  7.071047e-001  7.071089e-001
    outer loop
      vertex  3.100000e+000 -2.755879e+000 -4.812621e+001
      vertex  5.100000e+000 -2.676213e+000 -4.820588e+001
      vertex  3.100000e+000 -2.676213e+000 -4.820588e+001
    endloop
  endfacet
  facet normal  -0.000000e+000  6.571977e-001  7.537183e-001
    outer loop
      vertex  3.100000e+000 -2.676213e+000 -4.820588e+001
      vertex  5.100000e+000 -2.676213e+000 -4.820588e+001
      vertex  5.100000e+000 -2.591295e+000 -4.827992e+001
    endloop
  endfacet
  facet normal  0.000000e+000  6.571977e-001  7.537183e-001
    outer loop
      vertex  3.100000e+000 -2.676213e+000 -4.820588e+001
      vertex  5.100000e+000 -2.591295e+000 -4.827992e+001
      vertex  3.100000e+000 -2.591295e+000 -4.827992e+001
    endloop
  endfacet
  facet normal  -0.000000e+000  6.042390e-001  7.968031e-001
    outer loop
      vertex  3.100000e+000 -2.591295e+000 -4.827992e+001
      vertex  5.100000e+000 -2.591295e+000 -4.827992e+001
      vertex  5.100000e+000 -2.501523e+000 -4.834800e+001
    endloop
  endfacet
  facet normal  0.000000e+000  6.042390e-001  7.968031e-001
    outer loop
      vertex  3.100000e+000 -2.591295e+000 -4.827992e+001
      vertex  5.100000e+000 -2.501523e+000 -4.834800e+001
      vertex  3.100000e+000 -2.501523e+000 -4.834800e+001
    endloop
  endfacet
  facet normal  -0.000000e+000  5.484682e-001  8.361714e-001
    outer loop
      vertex  3.100000e+000 -2.501523e+000 -4.834800e+001
      vertex  5.100000e+000 -2.501523e+000 -4.834800e+001
      vertex  5.100000e+000 -2.407314e+000 -4.840979e+001
    endloop
  endfacet
  facet normal  0.000000e+000  5.484682e-001  8.361714e-001
    outer loop
      vertex  3.100000e+000 -2.501523e+000 -4.834800e+001
      vertex  5.100000e+000 -2.407314e+000 -4.840979e+001
      vertex  3.100000e+000 -2.407314e+000 -4.840979e+001
    endloop
  endfacet
  facet normal  -0.000000e+000  4.901042e-001  8.716638e-001
    outer loop
      vertex  3.100000e+000 -2.407314e+000 -4.840979e+001
      vertex  5.100000e+000 -2.407314e+000 -4.840979e+001
      vertex  5.100000e+000 -2.309107e+000 -4.846501e+001
    endloop
  endfacet
  facet normal  0.000000e+000  4.901042e-001  8.716638e-001
    outer loop
      vertex  3.100000e+000 -2.407314e+000 -4.840979e+001
      vertex  5.100000e+000 -2.309107e+000 -4.846501e+001
      vertex  3.100000e+000 -2.309107e+000 -4.846501e+001
    endloop
  endfacet
  facet normal  -0.000000e+000  4.294656e-001  9.030831e-001
    outer loop
      vertex  3.100000e+000 -2.309107e+000 -4.846501e+001
      vertex  5.100000e+000 -2.309107e+000 -4.846501e+001
      vertex  5.100000e+000 -2.207362e+000 -4.851340e+001
    endloop
  endfacet
  facet normal  0.000000e+000  4.294656e-001  9.030831e-001
    outer loop
      vertex  3.100000e+000 -2.309107e+000 -4.846501e+001
      vertex  5.100000e+000 -2.207362e+000 -4.851340e+001
      vertex  3.100000e+000 -2.207362e+000 -4.851340e+001
    endloop
  endfacet
  facet normal  -0.000000e+000  3.668576e-001  9.302770e-001
    outer loop
      vertex  3.100000e+000 -2.207362e+000 -4.851340e+001
      vertex  5.100000e+000 -2.207362e+000 -4.851340e+001
      vertex  5.100000e+000 -2.102551e+000 -4.855473e+001
    endloop
  endfacet
  facet normal  0.000000e+000  3.668576e-001  9.302770e-001
    outer loop
      vertex  3.100000e+000 -2.207362e+000 -4.851340e+001
      vertex  5.100000e+000 -2.102551e+000 -4.855473e+001
      vertex  3.100000e+000 -2.102551e+000 -4.855473e+001
    endloop
  endfacet
  facet normal  -0.000000e+000  3.025248e-001  9.531415e-001
    outer loop
      vertex  3.100000e+000 -2.102551e+000 -4.855473e+001
      vertex  5.100000e+000 -2.102551e+000 -4.855473e+001
      vertex  5.100000e+000 -1.995165e+000 -4.858881e+001
    endloop
  endfacet
  facet normal  0.000000e+000  3.025248e-001  9.531415e-001
    outer loop
      vertex  3.100000e+000 -2.102551e+000 -4.855473e+001
      vertex  5.100000e+000 -1.995165e+000 -4.858881e+001
      vertex  3.100000e+000 -1.995165e+000 -4.858881e+001
    endloop
  endfacet
  facet normal  -0.000000e+000  2.367724e-001  9.715651e-001
    outer loop
      vertex  3.100000e+000 -1.995165e+000 -4.858881e+001
      vertex  5.100000e+000 -1.995165e+000 -4.858881e+001
      vertex  5.100000e+000 -1.885702e+000 -4.861549e+001
    endloop
  endfacet
  facet normal  0.000000e+000  2.367724e-001  9.715651e-001
    outer loop
      vertex  3.100000e+000 -1.995165e+000 -4.858881e+001
      vertex  5.100000e+000 -1.885702e+000 -4.861549e+001
      vertex  3.100000e+000 -1.885702e+000 -4.861549e+001
    endloop
  endfacet
  facet normal  -0.000000e+000  1.699026e-001  9.854609e-001
    outer loop
      vertex  3.100000e+000 -1.885702e+000 -4.861549e+001
      vertex  5.100000e+000 -1.885702e+000 -4.861549e+001
      vertex  5.100000e+000 -1.774675e+000 -4.863463e+001
    endloop
  endfacet
  facet normal  0.000000e+000  1.699026e-001  9.854609e-001
    outer loop
      vertex  3.100000e+000 -1.885702e+000 -4.861549e+001
      vertex  5.100000e+000 -1.774675e+000 -4.863463e+001
      vertex  3.100000e+000 -1.774675e+000 -4.863463e+001
    endloop
  endfacet
  facet normal  -0.000000e+000  1.022530e-001  9.947584e-001
    outer loop
      vertex  3.100000e+000 -1.774675e+000 -4.863463e+001
      vertex  5.100000e+000 -1.774675e+000 -4.863463e+001
      vertex  5.100000e+000 -1.662600e+000 -4.864615e+001
    endloop
  endfacet
  facet normal  0.000000e+000  1.022530e-001  9.947584e-001
    outer loop
      vertex  3.100000e+000 -1.774675e+000 -4.863463e+001
      vertex  5.100000e+000 -1.662600e+000 -4.864615e+001
      vertex  3.100000e+000 -1.662600e+000 -4.864615e+001
    endloop
  endfacet
  facet normal  -0.000000e+000  3.416323e-002  9.994163e-001
    outer loop
      vertex  3.100000e+000 -1.662600e+000 -4.864615e+001
      vertex  5.100000e+000 -1.662600e+000 -4.864615e+001
      vertex  5.100000e+000 -1.550000e+000 -4.865000e+001
    endloop
  endfacet
  facet normal  0.000000e+000  3.416323e-002  9.994163e-001
    outer loop
      vertex  3.100000e+000 -1.662600e+000 -4.864615e+001
      vertex  5.100000e+000 -1.550000e+000 -4.865000e+001
      vertex  3.100000e+000 -1.550000e+000 -4.865000e+001
    endloop
  endfacet
  facet normal  -0.000000e+000  9.994169e-001  3.414260e-002
    outer loop
      vertex  5.100000e+000 -3.196153e+000 -4.711260e+001
      vertex  3.100000e+000 -3.200000e+000 -4.700000e+001
      vertex  5.100000e+000 -3.200000e+000 -4.700000e+001
    endloop
  endfacet
  facet normal  0.000000e+000  9.994169e-001 -3.414260e-002
    outer loop
      vertex  5.100000e+000 -3.200000e+000 -4.700000e+001
      vertex  3.100000e+000 -3.200000e+000 -4.700000e+001
      vertex  3.100000e+000 -3.196153e+000 -4.688740e+001
    endloop
  endfacet
  facet normal  0.000000e+000  9.994169e-001 -3.414260e-002
    outer loop
      vertex  5.100000e+000 -3.200000e+000 -4.700000e+001
      vertex  3.100000e+000 -3.196153e+000 -4.688740e+001
      vertex  5.100000e+000 -3.196153e+000 -4.688740e+001
    endloop
  endfacet
  facet normal  0.000000e+000  9.947574e-001 -1.022627e-001
    outer loop
      vertex  5.100000e+000 -3.196153e+000 -4.688740e+001
      vertex  3.100000e+000 -3.196153e+000 -4.688740e+001
      vertex  3.100000e+000 -3.184632e+000 -4.677533e+001
    endloop
  endfacet
  facet normal  0.000000e+000  9.947574e-001 -1.022627e-001
    outer loop
      vertex  5.100000e+000 -3.196153e+000 -4.688740e+001
      vertex  3.100000e+000 -3.184632e+000 -4.677533e+001
      vertex  5.100000e+000 -3.184632e+000 -4.677533e+001
    endloop
  endfacet
  facet normal  0.000000e+000  9.854593e-001 -1.699117e-001
    outer loop
      vertex  5.100000e+000 -3.184632e+000 -4.677533e+001
      vertex  3.100000e+000 -3.184632e+000 -4.677533e+001
      vertex  3.100000e+000 -3.165489e+000 -4.666430e+001
    endloop
  endfacet
  facet normal  0.000000e+000  9.854593e-001 -1.699117e-001
    outer loop
      vertex  5.100000e+000 -3.184632e+000 -4.677533e+001
      vertex  3.100000e+000 -3.165489e+000 -4.666430e+001
      vertex  5.100000e+000 -3.165489e+000 -4.666430e+001
    endloop
  endfacet
  facet normal  0.000000e+000  9.715673e-001 -2.367634e-001
    outer loop
      vertex  5.100000e+000 -3.165489e+000 -4.666430e+001
      vertex  3.100000e+000 -3.165489e+000 -4.666430e+001
      vertex  3.100000e+000 -3.138813e+000 -4.655484e+001
    endloop
  endfacet
  facet normal  0.000000e+000  9.715673e-001 -2.367634e-001
    outer loop
      vertex  5.100000e+000 -3.165489e+000 -4.666430e+001
      vertex  3.100000e+000 -3.138813e+000 -4.655484e+001
      vertex  5.100000e+000 -3.138813e+000 -4.655484e+001
    endloop
  endfacet
  facet normal  0.000000e+000  9.531457e-001 -3.025115e-001
    outer loop
      vertex  5.100000e+000 -3.138813e+000 -4.655484e+001
      vertex  3.100000e+000 -3.138813e+000 -4.655484e+001
      vertex  3.100000e+000 -3.104731e+000 -4.644745e+001
    endloop
  endfacet
  facet normal  0.000000e+000  9.531457e-001 -3.025115e-001
    outer loop
      vertex  5.100000e+000 -3.138813e+000 -4.655484e+001
      vertex  3.100000e+000 -3.104731e+000 -4.644745e+001
      vertex  5.100000e+000 -3.104731e+000 -4.644745e+001
    endloop
  endfacet
  facet normal  0.000000e+000  9.302761e-001 -3.668602e-001
    outer loop
      vertex  5.100000e+000 -3.104731e+000 -4.644745e+001
      vertex  3.100000e+000 -3.104731e+000 -4.644745e+001
      vertex  3.100000e+000 -3.063399e+000 -4.634264e+001
    endloop
  endfacet
  facet normal  0.000000e+000  9.302761e-001 -3.668602e-001
    outer loop
      vertex  5.100000e+000 -3.104731e+000 -4.644745e+001
      vertex  3.100000e+000 -3.063399e+000 -4.634264e+001
      vertex  5.100000e+000 -3.063399e+000 -4.634264e+001
    endloop
  endfacet
  facet normal  0.000000e+000  9.030750e-001 -4.294829e-001
    outer loop
      vertex  5.100000e+000 -3.063399e+000 -4.634264e+001
      vertex  3.100000e+000 -3.063399e+000 -4.634264e+001
      vertex  3.100000e+000 -3.015011e+000 -4.624089e+001
    endloop
  endfacet
  facet normal  0.000000e+000  9.030750e-001 -4.294829e-001
    outer loop
      vertex  5.100000e+000 -3.063399e+000 -4.634264e+001
      vertex  3.100000e+000 -3.015011e+000 -4.624089e+001
      vertex  5.100000e+000 -3.015011e+000 -4.624089e+001
    endloop
  endfacet
  facet normal  0.000000e+000  8.716669e-001 -4.900989e-001
    outer loop
      vertex  5.100000e+000 -3.015011e+000 -4.624089e+001
      vertex  3.100000e+000 -3.015011e+000 -4.624089e+001
      vertex  3.100000e+000 -2.959792e+000 -4.614268e+001
    endloop
  endfacet
  facet normal  0.000000e+000  8.716669e-001 -4.900989e-001
    outer loop
      vertex  5.100000e+000 -3.015011e+000 -4.624089e+001
      vertex  3.100000e+000 -2.959792e+000 -4.614268e+001
      vertex  5.100000e+000 -2.959792e+000 -4.614268e+001
    endloop
  endfacet
  facet normal  0.000000e+000  8.361789e-001 -5.484567e-001
    outer loop
      vertex  5.100000e+000 -2.959792e+000 -4.614268e+001
      vertex  3.100000e+000 -2.959792e+000 -4.614268e+001
      vertex  3.100000e+000 -2.898000e+000 -4.604848e+001
    endloop
  endfacet
  facet normal  0.000000e+000  8.361789e-001 -5.484567e-001
    outer loop
      vertex  5.100000e+000 -2.959792e+000 -4.614268e+001
      vertex  3.100000e+000 -2.898000e+000 -4.604848e+001
      vertex  5.100000e+000 -2.898000e+000 -4.604848e+001
    endloop
  endfacet
  facet normal  0.000000e+000  7.968013e-001 -6.042415e-001
    outer loop
      vertex  5.100000e+000 -2.898000e+000 -4.604848e+001
      vertex  3.100000e+000 -2.898000e+000 -4.604848e+001
      vertex  3.100000e+000 -2.829924e+000 -4.595871e+001
    endloop
  endfacet
  facet normal  0.000000e+000  7.968013e-001 -6.042415e-001
    outer loop
      vertex  5.100000e+000 -2.898000e+000 -4.604848e+001
      vertex  3.100000e+000 -2.829924e+000 -4.595871e+001
      vertex  5.100000e+000 -2.829924e+000 -4.595871e+001
    endloop
  endfacet
  facet normal  0.000000e+000  7.537186e-001 -6.571972e-001
    outer loop
      vertex  5.100000e+000 -2.829924e+000 -4.595871e+001
      vertex  3.100000e+000 -2.829924e+000 -4.595871e+001
      vertex  3.100000e+000 -2.755879e+000 -4.587379e+001
    endloop
  endfacet
  facet normal  0.000000e+000  7.537186e-001 -6.571972e-001
    outer loop
      vertex  5.100000e+000 -2.829924e+000 -4.595871e+001
      vertex  3.100000e+000 -2.755879e+000 -4.587379e+001
      vertex  5.100000e+000 -2.755879e+000 -4.587379e+001
    endloop
  endfacet
  facet normal  0.000000e+000  7.071047e-001 -7.071089e-001
    outer loop
      vertex  5.100000e+000 -2.755879e+000 -4.587379e+001
      vertex  3.100000e+000 -2.755879e+000 -4.587379e+001
      vertex  3.100000e+000 -2.676213e+000 -4.579412e+001
    endloop
  endfacet
  facet normal  0.000000e+000  7.071047e-001 -7.071089e-001
    outer loop
      vertex  5.100000e+000 -2.755879e+000 -4.587379e+001
      vertex  3.100000e+000 -2.676213e+000 -4.579412e+001
      vertex  5.100000e+000 -2.676213e+000 -4.579412e+001
    endloop
  endfacet
  facet normal  0.000000e+000  6.571977e-001 -7.537183e-001
    outer loop
      vertex  5.100000e+000 -2.676213e+000 -4.579412e+001
      vertex  3.100000e+000 -2.676213e+000 -4.579412e+001
      vertex  3.100000e+000 -2.591295e+000 -4.572008e+001
    endloop
  endfacet
  facet normal  0.000000e+000  6.571977e-001 -7.537183e-001
    outer loop
      vertex  5.100000e+000 -2.676213e+000 -4.579412e+001
      vertex  3.100000e+000 -2.591295e+000 -4.572008e+001
      vertex  5.100000e+000 -2.591295e+000 -4.572008e+001
    endloop
  endfacet
  facet normal  0.000000e+000  6.042390e-001 -7.968031e-001
    outer loop
      vertex  5.100000e+000 -2.591295e+000 -4.572008e+001
      vertex  3.100000e+000 -2.591295e+000 -4.572008e+001
      vertex  3.100000e+000 -2.501523e+000 -4.565200e+001
    endloop
  endfacet
  facet normal  0.000000e+000  6.042390e-001 -7.968031e-001
    outer loop
      vertex  5.100000e+000 -2.591295e+000 -4.572008e+001
      vertex  3.100000e+000 -2.501523e+000 -4.565200e+001
      vertex  5.100000e+000 -2.501523e+000 -4.565200e+001
    endloop
  endfacet
  facet normal  0.000000e+000  5.484682e-001 -8.361714e-001
    outer loop
      vertex  5.100000e+000 -2.501523e+000 -4.565200e+001
      vertex  3.100000e+000 -2.501523e+000 -4.565200e+001
      vertex  3.100000e+000 -2.407314e+000 -4.559021e+001
    endloop
  endfacet
  facet normal  0.000000e+000  5.484682e-001 -8.361714e-001
    outer loop
      vertex  5.100000e+000 -2.501523e+000 -4.565200e+001
      vertex  3.100000e+000 -2.407314e+000 -4.559021e+001
      vertex  5.100000e+000 -2.407314e+000 -4.559021e+001
    endloop
  endfacet
  facet normal  0.000000e+000  4.901042e-001 -8.716638e-001
    outer loop
      vertex  5.100000e+000 -2.407314e+000 -4.559021e+001
      vertex  3.100000e+000 -2.407314e+000 -4.559021e+001
      vertex  3.100000e+000 -2.309107e+000 -4.553499e+001
    endloop
  endfacet
  facet normal  0.000000e+000  4.901042e-001 -8.716638e-001
    outer loop
      vertex  5.100000e+000 -2.407314e+000 -4.559021e+001
      vertex  3.100000e+000 -2.309107e+000 -4.553499e+001
      vertex  5.100000e+000 -2.309107e+000 -4.553499e+001
    endloop
  endfacet
  facet normal  0.000000e+000  4.294656e-001 -9.030831e-001
    outer loop
      vertex  5.100000e+000 -2.309107e+000 -4.553499e+001
      vertex  3.100000e+000 -2.309107e+000 -4.553499e+001
      vertex  3.100000e+000 -2.207362e+000 -4.548660e+001
    endloop
  endfacet
  facet normal  0.000000e+000  4.294656e-001 -9.030831e-001
    outer loop
      vertex  5.100000e+000 -2.309107e+000 -4.553499e+001
      vertex  3.100000e+000 -2.207362e+000 -4.548660e+001
      vertex  5.100000e+000 -2.207362e+000 -4.548660e+001
    endloop
  endfacet
  facet normal  0.000000e+000  3.668576e-001 -9.302770e-001
    outer loop
      vertex  5.100000e+000 -2.207362e+000 -4.548660e+001
      vertex  3.100000e+000 -2.207362e+000 -4.548660e+001
      vertex  3.100000e+000 -2.102551e+000 -4.544527e+001
    endloop
  endfacet
  facet normal  0.000000e+000  3.668576e-001 -9.302770e-001
    outer loop
      vertex  5.100000e+000 -2.207362e+000 -4.548660e+001
      vertex  3.100000e+000 -2.102551e+000 -4.544527e+001
      vertex  5.100000e+000 -2.102551e+000 -4.544527e+001
    endloop
  endfacet
  facet normal  0.000000e+000  3.025248e-001 -9.531415e-001
    outer loop
      vertex  5.100000e+000 -2.102551e+000 -4.544527e+001
      vertex  3.100000e+000 -2.102551e+000 -4.544527e+001
      vertex  3.100000e+000 -1.995165e+000 -4.541119e+001
    endloop
  endfacet
  facet normal  0.000000e+000  3.025248e-001 -9.531415e-001
    outer loop
      vertex  5.100000e+000 -2.102551e+000 -4.544527e+001
      vertex  3.100000e+000 -1.995165e+000 -4.541119e+001
      vertex  5.100000e+000 -1.995165e+000 -4.541119e+001
    endloop
  endfacet
  facet normal  0.000000e+000  2.367724e-001 -9.715651e-001
    outer loop
      vertex  5.100000e+000 -1.995165e+000 -4.541119e+001
      vertex  3.100000e+000 -1.995165e+000 -4.541119e+001
      vertex  3.100000e+000 -1.885702e+000 -4.538451e+001
    endloop
  endfacet
  facet normal  0.000000e+000  2.367724e-001 -9.715651e-001
    outer loop
      vertex  5.100000e+000 -1.995165e+000 -4.541119e+001
      vertex  3.100000e+000 -1.885702e+000 -4.538451e+001
      vertex  5.100000e+000 -1.885702e+000 -4.538451e+001
    endloop
  endfacet
  facet normal  0.000000e+000  1.699026e-001 -9.854609e-001
    outer loop
      vertex  5.100000e+000 -1.885702e+000 -4.538451e+001
      vertex  3.100000e+000 -1.885702e+000 -4.538451e+001
      vertex  3.100000e+000 -1.774675e+000 -4.536537e+001
    endloop
  endfacet
  facet normal  0.000000e+000  1.699026e-001 -9.854609e-001
    outer loop
      vertex  5.100000e+000 -1.885702e+000 -4.538451e+001
      vertex  3.100000e+000 -1.774675e+000 -4.536537e+001
      vertex  5.100000e+000 -1.774675e+000 -4.536537e+001
    endloop
  endfacet
  facet normal  0.000000e+000  1.022530e-001 -9.947584e-001
    outer loop
      vertex  5.100000e+000 -1.774675e+000 -4.536537e+001
      vertex  3.100000e+000 -1.774675e+000 -4.536537e+001
      vertex  3.100000e+000 -1.662600e+000 -4.535385e+001
    endloop
  endfacet
  facet normal  0.000000e+000  1.022530e-001 -9.947584e-001
    outer loop
      vertex  5.100000e+000 -1.774675e+000 -4.536537e+001
      vertex  3.100000e+000 -1.662600e+000 -4.535385e+001
      vertex  5.100000e+000 -1.662600e+000 -4.535385e+001
    endloop
  endfacet
  facet normal  0.000000e+000  3.416323e-002 -9.994163e-001
    outer loop
      vertex  5.100000e+000 -1.662600e+000 -4.535385e+001
      vertex  3.100000e+000 -1.662600e+000 -4.535385e+001
      vertex  3.100000e+000 -1.550000e+000 -4.535000e+001
    endloop
  endfacet
  facet normal  0.000000e+000  3.416323e-002 -9.994163e-001
    outer loop
      vertex  5.100000e+000 -1.662600e+000 -4.535385e+001
      vertex  3.100000e+000 -1.550000e+000 -4.535000e+001
      vertex  5.100000e+000 -1.550000e+000 -4.535000e+001
    endloop
  endfacet
  facet normal  0.000000e+000  9.994169e-001  3.414260e-002
    outer loop
      vertex -5.100000e+000 -3.200000e+000 -4.700000e+001
      vertex -3.100000e+000 -3.196153e+000 -4.711260e+001
      vertex -5.100000e+000 -3.196153e+000 -4.711260e+001
    endloop
  endfacet
  facet normal  -0.000000e+000  9.947574e-001  1.022627e-001
    outer loop
      vertex -5.100000e+000 -3.196153e+000 -4.711260e+001
      vertex -3.100000e+000 -3.196153e+000 -4.711260e+001
      vertex -3.100000e+000 -3.184632e+000 -4.722467e+001
    endloop
  endfacet
  facet normal  0.000000e+000  9.947574e-001  1.022627e-001
    outer loop
      vertex -5.100000e+000 -3.196153e+000 -4.711260e+001
      vertex -3.100000e+000 -3.184632e+000 -4.722467e+001
      vertex -5.100000e+000 -3.184632e+000 -4.722467e+001
    endloop
  endfacet
  facet normal  -0.000000e+000  9.854593e-001  1.699117e-001
    outer loop
      vertex -5.100000e+000 -3.184632e+000 -4.722467e+001
      vertex -3.100000e+000 -3.184632e+000 -4.722467e+001
      vertex -3.100000e+000 -3.165489e+000 -4.733570e+001
    endloop
  endfacet
  facet normal  0.000000e+000  9.854593e-001  1.699117e-001
    outer loop
      vertex -5.100000e+000 -3.184632e+000 -4.722467e+001
      vertex -3.100000e+000 -3.165489e+000 -4.733570e+001
      vertex -5.100000e+000 -3.165489e+000 -4.733570e+001
    endloop
  endfacet
  facet normal  -0.000000e+000  9.715673e-001  2.367634e-001
    outer loop
      vertex -5.100000e+000 -3.165489e+000 -4.733570e+001
      vertex -3.100000e+000 -3.165489e+000 -4.733570e+001
      vertex -3.100000e+000 -3.138813e+000 -4.744516e+001
    endloop
  endfacet
  facet normal  0.000000e+000  9.715673e-001  2.367634e-001
    outer loop
      vertex -5.100000e+000 -3.165489e+000 -4.733570e+001
      vertex -3.100000e+000 -3.138813e+000 -4.744516e+001
      vertex -5.100000e+000 -3.138813e+000 -4.744516e+001
    endloop
  endfacet
  facet normal  -0.000000e+000  9.531457e-001  3.025115e-001
    outer loop
      vertex -5.100000e+000 -3.138813e+000 -4.744516e+001
      vertex -3.100000e+000 -3.138813e+000 -4.744516e+001
      vertex -3.100000e+000 -3.104731e+000 -4.755255e+001
    endloop
  endfacet
  facet normal  0.000000e+000  9.531457e-001  3.025115e-001
    outer loop
      vertex -5.100000e+000 -3.138813e+000 -4.744516e+001
      vertex -3.100000e+000 -3.104731e+000 -4.755255e+001
      vertex -5.100000e+000 -3.104731e+000 -4.755255e+001
    endloop
  endfacet
  facet normal  -0.000000e+000  9.302761e-001  3.668602e-001
    outer loop
      vertex -5.100000e+000 -3.104731e+000 -4.755255e+001
      vertex -3.100000e+000 -3.104731e+000 -4.755255e+001
      vertex -3.100000e+000 -3.063399e+000 -4.765736e+001
    endloop
  endfacet
  facet normal  0.000000e+000  9.302761e-001  3.668602e-001
    outer loop
      vertex -5.100000e+000 -3.104731e+000 -4.755255e+001
      vertex -3.100000e+000 -3.063399e+000 -4.765736e+001
      vertex -5.100000e+000 -3.063399e+000 -4.765736e+001
    endloop
  endfacet
  facet normal  -0.000000e+000  9.030750e-001  4.294829e-001
    outer loop
      vertex -5.100000e+000 -3.063399e+000 -4.765736e+001
      vertex -3.100000e+000 -3.063399e+000 -4.765736e+001
      vertex -3.100000e+000 -3.015011e+000 -4.775911e+001
    endloop
  endfacet
  facet normal  0.000000e+000  9.030750e-001  4.294829e-001
    outer loop
      vertex -5.100000e+000 -3.063399e+000 -4.765736e+001
      vertex -3.100000e+000 -3.015011e+000 -4.775911e+001
      vertex -5.100000e+000 -3.015011e+000 -4.775911e+001
    endloop
  endfacet
  facet normal  -0.000000e+000  8.716669e-001  4.900989e-001
    outer loop
      vertex -5.100000e+000 -3.015011e+000 -4.775911e+001
      vertex -3.100000e+000 -3.015011e+000 -4.775911e+001
      vertex -3.100000e+000 -2.959792e+000 -4.785732e+001
    endloop
  endfacet
  facet normal  0.000000e+000  8.716669e-001  4.900989e-001
    outer loop
      vertex -5.100000e+000 -3.015011e+000 -4.775911e+001
      vertex -3.100000e+000 -2.959792e+000 -4.785732e+001
      vertex -5.100000e+000 -2.959792e+000 -4.785732e+001
    endloop
  endfacet
  facet normal  -0.000000e+000  8.361789e-001  5.484567e-001
    outer loop
      vertex -5.100000e+000 -2.959792e+000 -4.785732e+001
      vertex -3.100000e+000 -2.959792e+000 -4.785732e+001
      vertex -3.100000e+000 -2.898000e+000 -4.795152e+001
    endloop
  endfacet
  facet normal  0.000000e+000  8.361789e-001  5.484567e-001
    outer loop
      vertex -5.100000e+000 -2.959792e+000 -4.785732e+001
      vertex -3.100000e+000 -2.898000e+000 -4.795152e+001
      vertex -5.100000e+000 -2.898000e+000 -4.795152e+001
    endloop
  endfacet
  facet normal  -0.000000e+000  7.968013e-001  6.042415e-001
    outer loop
      vertex -5.100000e+000 -2.898000e+000 -4.795152e+001
      vertex -3.100000e+000 -2.898000e+000 -4.795152e+001
      vertex -3.100000e+000 -2.829924e+000 -4.804129e+001
    endloop
  endfacet
  facet normal  0.000000e+000  7.968013e-001  6.042415e-001
    outer loop
      vertex -5.100000e+000 -2.898000e+000 -4.795152e+001
      vertex -3.100000e+000 -2.829924e+000 -4.804129e+001
      vertex -5.100000e+000 -2.829924e+000 -4.804129e+001
    endloop
  endfacet
  facet normal  -0.000000e+000  7.537186e-001  6.571972e-001
    outer loop
      vertex -5.100000e+000 -2.829924e+000 -4.804129e+001
      vertex -3.100000e+000 -2.829924e+000 -4.804129e+001
      vertex -3.100000e+000 -2.755879e+000 -4.812621e+001
    endloop
  endfacet
  facet normal  0.000000e+000  7.537186e-001  6.571972e-001
    outer loop
      vertex -5.100000e+000 -2.829924e+000 -4.804129e+001
      vertex -3.100000e+000 -2.755879e+000 -4.812621e+001
      vertex -5.100000e+000 -2.755879e+000 -4.812621e+001
    endloop
  endfacet
  facet normal  -0.000000e+000  7.071047e-001  7.071089e-001
    outer loop
      vertex -5.100000e+000 -2.755879e+000 -4.812621e+001
      vertex -3.100000e+000 -2.755879e+000 -4.812621e+001
      vertex -3.100000e+000 -2.676213e+000 -4.820588e+001
    endloop
  endfacet
  facet normal  0.000000e+000  7.071047e-001  7.071089e-001
    outer loop
      vertex -5.100000e+000 -2.755879e+000 -4.812621e+001
      vertex -3.100000e+000 -2.676213e+000 -4.820588e+001
      vertex -5.100000e+000 -2.676213e+000 -4.820588e+001
    endloop
  endfacet
  facet normal  -0.000000e+000  6.571977e-001  7.537183e-001
    outer loop
      vertex -5.100000e+000 -2.676213e+000 -4.820588e+001
      vertex -3.100000e+000 -2.676213e+000 -4.820588e+001
      vertex -3.100000e+000 -2.591295e+000 -4.827992e+001
    endloop
  endfacet
  facet normal  0.000000e+000  6.571977e-001  7.537183e-001
    outer loop
      vertex -5.100000e+000 -2.676213e+000 -4.820588e+001
      vertex -3.100000e+000 -2.591295e+000 -4.827992e+001
      vertex -5.100000e+000 -2.591295e+000 -4.827992e+001
    endloop
  endfacet
  facet normal  -0.000000e+000  6.042390e-001  7.968031e-001
    outer loop
      vertex -5.100000e+000 -2.591295e+000 -4.827992e+001
      vertex -3.100000e+000 -2.591295e+000 -4.827992e+001
      vertex -3.100000e+000 -2.501523e+000 -4.834800e+001
    endloop
  endfacet
  facet normal  0.000000e+000  6.042390e-001  7.968031e-001
    outer loop
      vertex -5.100000e+000 -2.591295e+000 -4.827992e+001
      vertex -3.100000e+000 -2.501523e+000 -4.834800e+001
      vertex -5.100000e+000 -2.501523e+000 -4.834800e+001
    endloop
  endfacet
  facet normal  -0.000000e+000  5.484682e-001  8.361714e-001
    outer loop
      vertex -5.100000e+000 -2.501523e+000 -4.834800e+001
      vertex -3.100000e+000 -2.501523e+000 -4.834800e+001
      vertex -3.100000e+000 -2.407314e+000 -4.840979e+001
    endloop
  endfacet
  facet normal  0.000000e+000  5.484682e-001  8.361714e-001
    outer loop
      vertex -5.100000e+000 -2.501523e+000 -4.834800e+001
      vertex -3.100000e+000 -2.407314e+000 -4.840979e+001
      vertex -5.100000e+000 -2.407314e+000 -4.840979e+001
    endloop
  endfacet
  facet normal  -0.000000e+000  4.901042e-001  8.716638e-001
    outer loop
      vertex -5.100000e+000 -2.407314e+000 -4.840979e+001
      vertex -3.100000e+000 -2.407314e+000 -4.840979e+001
      vertex -3.100000e+000 -2.309107e+000 -4.846501e+001
    endloop
  endfacet
  facet normal  0.000000e+000  4.901042e-001  8.716638e-001
    outer loop
      vertex -5.100000e+000 -2.407314e+000 -4.840979e+001
      vertex -3.100000e+000 -2.309107e+000 -4.846501e+001
      vertex -5.100000e+000 -2.309107e+000 -4.846501e+001
    endloop
  endfacet
  facet normal  -0.000000e+000  4.294656e-001  9.030831e-001
    outer loop
      vertex -5.100000e+000 -2.309107e+000 -4.846501e+001
      vertex -3.100000e+000 -2.309107e+000 -4.846501e+001
      vertex -3.100000e+000 -2.207362e+000 -4.851340e+001
    endloop
  endfacet
  facet normal  0.000000e+000  4.294656e-001  9.030831e-001
    outer loop
      vertex -5.100000e+000 -2.309107e+000 -4.846501e+001
      vertex -3.100000e+000 -2.207362e+000 -4.851340e+001
      vertex -5.100000e+000 -2.207362e+000 -4.851340e+001
    endloop
  endfacet
  facet normal  -0.000000e+000  3.668576e-001  9.302770e-001
    outer loop
      vertex -5.100000e+000 -2.207362e+000 -4.851340e+001
      vertex -3.100000e+000 -2.207362e+000 -4.851340e+001
      vertex -3.100000e+000 -2.102551e+000 -4.855473e+001
    endloop
  endfacet
  facet normal  0.000000e+000  3.668576e-001  9.302770e-001
    outer loop
      vertex -5.100000e+000 -2.207362e+000 -4.851340e+001
      vertex -3.100000e+000 -2.102551e+000 -4.855473e+001
      vertex -5.100000e+000 -2.102551e+000 -4.855473e+001
    endloop
  endfacet
  facet normal  -0.000000e+000  3.025248e-001  9.531415e-001
    outer loop
      vertex -5.100000e+000 -2.102551e+000 -4.855473e+001
      vertex -3.100000e+000 -2.102551e+000 -4.855473e+001
      vertex -3.100000e+000 -1.995165e+000 -4.858881e+001
    endloop
  endfacet
  facet normal  0.000000e+000  3.025248e-001  9.531415e-001
    outer loop
      vertex -5.100000e+000 -2.102551e+000 -4.855473e+001
      vertex -3.100000e+000 -1.995165e+000 -4.858881e+001
      vertex -5.100000e+000 -1.995165e+000 -4.858881e+001
    endloop
  endfacet
  facet normal  -0.000000e+000  2.367724e-001  9.715651e-001
    outer loop
      vertex -5.100000e+000 -1.995165e+000 -4.858881e+001
      vertex -3.100000e+000 -1.995165e+000 -4.858881e+001
      vertex -3.100000e+000 -1.885702e+000 -4.861549e+001
    endloop
  endfacet
  facet normal  0.000000e+000  2.367724e-001  9.715651e-001
    outer loop
      vertex -5.100000e+000 -1.995165e+000 -4.858881e+001
      vertex -3.100000e+000 -1.885702e+000 -4.861549e+001
      vertex -5.100000e+000 -1.885702e+000 -4.861549e+001
    endloop
  endfacet
  facet normal  -0.000000e+000  1.699026e-001  9.854609e-001
    outer loop
      vertex -5.100000e+000 -1.885702e+000 -4.861549e+001
      vertex -3.100000e+000 -1.885702e+000 -4.861549e+001
      vertex -3.100000e+000 -1.774675e+000 -4.863463e+001
    endloop
  endfacet
  facet normal  0.000000e+000  1.699026e-001  9.854609e-001
    outer loop
      vertex -5.100000e+000 -1.885702e+000 -4.861549e+001
      vertex -3.100000e+000 -1.774675e+000 -4.863463e+001
      vertex -5.100000e+000 -1.774675e+000 -4.863463e+001
    endloop
  endfacet
  facet normal  -0.000000e+000  1.022530e-001  9.947584e-001
    outer loop
      vertex -5.100000e+000 -1.774675e+000 -4.863463e+001
      vertex -3.100000e+000 -1.774675e+000 -4.863463e+001
      vertex -3.100000e+000 -1.662600e+000 -4.864615e+001
    endloop
  endfacet
  facet normal  0.000000e+000  1.022530e-001  9.947584e-001
    outer loop
      vertex -5.100000e+000 -1.774675e+000 -4.863463e+001
      vertex -3.100000e+000 -1.662600e+000 -4.864615e+001
      vertex -5.100000e+000 -1.662600e+000 -4.864615e+001
    endloop
  endfacet
  facet normal  -0.000000e+000  3.416323e-002  9.994163e-001
    outer loop
      vertex -5.100000e+000 -1.662600e+000 -4.864615e+001
      vertex -3.100000e+000 -1.662600e+000 -4.864615e+001
      vertex -3.100000e+000 -1.550000e+000 -4.865000e+001
    endloop
  endfacet
  facet normal  0.000000e+000  3.416323e-002  9.994163e-001
    outer loop
      vertex -5.100000e+000 -1.662600e+000 -4.864615e+001
      vertex -3.100000e+000 -1.550000e+000 -4.865000e+001
      vertex -5.100000e+000 -1.550000e+000 -4.865000e+001
    endloop
  endfacet
  facet normal  -0.000000e+000  9.994169e-001  3.414260e-002
    outer loop
      vertex -3.100000e+000 -3.196153e+000 -4.711260e+001
      vertex -5.100000e+000 -3.200000e+000 -4.700000e+001
      vertex -3.100000e+000 -3.200000e+000 -4.700000e+001
    endloop
  endfacet
  facet normal  0.000000e+000  9.994169e-001 -3.414260e-002
    outer loop
      vertex -3.100000e+000 -3.200000e+000 -4.700000e+001
      vertex -5.100000e+000 -3.200000e+000 -4.700000e+001
      vertex -5.100000e+000 -3.196153e+000 -4.688740e+001
    endloop
  endfacet
  facet normal  0.000000e+000  9.994169e-001 -3.414260e-002
    outer loop
      vertex -3.100000e+000 -3.200000e+000 -4.700000e+001
      vertex -5.100000e+000 -3.196153e+000 -4.688740e+001
      vertex -3.100000e+000 -3.196153e+000 -4.688740e+001
    endloop
  endfacet
  facet normal  0.000000e+000  9.947574e-001 -1.022627e-001
    outer loop
      vertex -3.100000e+000 -3.196153e+000 -4.688740e+001
      vertex -5.100000e+000 -3.196153e+000 -4.688740e+001
      vertex -5.100000e+000 -3.184632e+000 -4.677533e+001
    endloop
  endfacet
  facet normal  0.000000e+000  9.947574e-001 -1.022627e-001
    outer loop
      vertex -3.100000e+000 -3.196153e+000 -4.688740e+001
      vertex -5.100000e+000 -3.184632e+000 -4.677533e+001
      vertex -3.100000e+000 -3.184632e+000 -4.677533e+001
    endloop
  endfacet
  facet normal  0.000000e+000  9.854593e-001 -1.699117e-001
    outer loop
      vertex -3.100000e+000 -3.184632e+000 -4.677533e+001
      vertex -5.100000e+000 -3.184632e+000 -4.677533e+001
      vertex -5.100000e+000 -3.165489e+000 -4.666430e+001
    endloop
  endfacet
  facet normal  0.000000e+000  9.854593e-001 -1.699117e-001
    outer loop
      vertex -3.100000e+000 -3.184632e+000 -4.677533e+001
      vertex -5.100000e+000 -3.165489e+000 -4.666430e+001
      vertex -3.100000e+000 -3.165489e+000 -4.666430e+001
    endloop
  endfacet
  facet normal  0.000000e+000  9.715673e-001 -2.367634e-001
    outer loop
      vertex -3.100000e+000 -3.165489e+000 -4.666430e+001
      vertex -5.100000e+000 -3.165489e+000 -4.666430e+001
      vertex -5.100000e+000 -3.138813e+000 -4.655484e+001
    endloop
  endfacet
  facet normal  0.000000e+000  9.715673e-001 -2.367634e-001
    outer loop
      vertex -3.100000e+000 -3.165489e+000 -4.666430e+001
      vertex -5.100000e+000 -3.138813e+000 -4.655484e+001
      vertex -3.100000e+000 -3.138813e+000 -4.655484e+001
    endloop
  endfacet
  facet normal  0.000000e+000  9.531457e-001 -3.025115e-001
    outer loop
      vertex -3.100000e+000 -3.138813e+000 -4.655484e+001
      vertex -5.100000e+000 -3.138813e+000 -4.655484e+001
      vertex -5.100000e+000 -3.104731e+000 -4.644745e+001
    endloop
  endfacet
  facet normal  0.000000e+000  9.531457e-001 -3.025115e-001
    outer loop
      vertex -3.100000e+000 -3.138813e+000 -4.655484e+001
      vertex -5.100000e+000 -3.104731e+000 -4.644745e+001
      vertex -3.100000e+000 -3.104731e+000 -4.644745e+001
    endloop
  endfacet
  facet normal  0.000000e+000  9.302761e-001 -3.668602e-001
    outer loop
      vertex -3.100000e+000 -3.104731e+000 -4.644745e+001
      vertex -5.100000e+000 -3.104731e+000 -4.644745e+001
      vertex -5.100000e+000 -3.063399e+000 -4.634264e+001
    endloop
  endfacet
  facet normal  0.000000e+000  9.302761e-001 -3.668602e-001
    outer loop
      vertex -3.100000e+000 -3.104731e+000 -4.644745e+001
      vertex -5.100000e+000 -3.063399e+000 -4.634264e+001
      vertex -3.100000e+000 -3.063399e+000 -4.634264e+001
    endloop
  endfacet
  facet normal  0.000000e+000  9.030750e-001 -4.294829e-001
    outer loop
      vertex -3.100000e+000 -3.063399e+000 -4.634264e+001
      vertex -5.100000e+000 -3.063399e+000 -4.634264e+001
      vertex -5.100000e+000 -3.015011e+000 -4.624089e+001
    endloop
  endfacet
  facet normal  0.000000e+000  9.030750e-001 -4.294829e-001
    outer loop
      vertex -3.100000e+000 -3.063399e+000 -4.634264e+001
      vertex -5.100000e+000 -3.015011e+000 -4.624089e+001
      vertex -3.100000e+000 -3.015011e+000 -4.624089e+001
    endloop
  endfacet
  facet normal  0.000000e+000  8.716669e-001 -4.900989e-001
    outer loop
      vertex -3.100000e+000 -3.015011e+000 -4.624089e+001
      vertex -5.100000e+000 -3.015011e+000 -4.624089e+001
      vertex -5.100000e+000 -2.959792e+000 -4.614268e+001
    endloop
  endfacet
  facet normal  0.000000e+000  8.716669e-001 -4.900989e-001
    outer loop
      vertex -3.100000e+000 -3.015011e+000 -4.624089e+001
      vertex -5.100000e+000 -2.959792e+000 -4.614268e+001
      vertex -3.100000e+000 -2.959792e+000 -4.614268e+001
    endloop
  endfacet
  facet normal  0.000000e+000  8.361789e-001 -5.484567e-001
    outer loop
      vertex -3.100000e+000 -2.959792e+000 -4.614268e+001
      vertex -5.100000e+000 -2.959792e+000 -4.614268e+001
      vertex -5.100000e+000 -2.898000e+000 -4.604848e+001
    endloop
  endfacet
  facet normal  0.000000e+000  8.361789e-001 -5.484567e-001
    outer loop
      vertex -3.100000e+000 -2.959792e+000 -4.614268e+001
      vertex -5.100000e+000 -2.898000e+000 -4.604848e+001
      vertex -3.100000e+000 -2.898000e+000 -4.604848e+001
    endloop
  endfacet
  facet normal  0.000000e+000  7.968013e-001 -6.042415e-001
    outer loop
      vertex -3.100000e+000 -2.898000e+000 -4.604848e+001
      vertex -5.100000e+000 -2.898000e+000 -4.604848e+001
      vertex -5.100000e+000 -2.829924e+000 -4.595871e+001
    endloop
  endfacet
  facet normal  0.000000e+000  7.968013e-001 -6.042415e-001
    outer loop
      vertex -3.100000e+000 -2.898000e+000 -4.604848e+001
      vertex -5.100000e+000 -2.829924e+000 -4.595871e+001
      vertex -3.100000e+000 -2.829924e+000 -4.595871e+001
    endloop
  endfacet
  facet normal  0.000000e+000  7.537186e-001 -6.571972e-001
    outer loop
      vertex -3.100000e+000 -2.829924e+000 -4.595871e+001
      vertex -5.100000e+000 -2.829924e+000 -4.595871e+001
      vertex -5.100000e+000 -2.755879e+000 -4.587379e+001
    endloop
  endfacet
  facet normal  0.000000e+000  7.537186e-001 -6.571972e-001
    outer loop
      vertex -3.100000e+000 -2.829924e+000 -4.595871e+001
      vertex -5.100000e+000 -2.755879e+000 -4.587379e+001
      vertex -3.100000e+000 -2.755879e+000 -4.587379e+001
    endloop
  endfacet
  facet normal  0.000000e+000  7.071047e-001 -7.071089e-001
    outer loop
      vertex -3.100000e+000 -2.755879e+000 -4.587379e+001
      vertex -5.100000e+000 -2.755879e+000 -4.587379e+001
      vertex -5.100000e+000 -2.676213e+000 -4.579412e+001
    endloop
  endfacet
  facet normal  0.000000e+000  7.071047e-001 -7.071089e-001
    outer loop
      vertex -3.100000e+000 -2.755879e+000 -4.587379e+001
      vertex -5.100000e+000 -2.676213e+000 -4.579412e+001
      vertex -3.100000e+000 -2.676213e+000 -4.579412e+001
    endloop
  endfacet
  facet normal  0.000000e+000  6.571977e-001 -7.537183e-001
    outer loop
      vertex -3.100000e+000 -2.676213e+000 -4.579412e+001
      vertex -5.100000e+000 -2.676213e+000 -4.579412e+001
      vertex -5.100000e+000 -2.591295e+000 -4.572008e+001
    endloop
  endfacet
  facet normal  0.000000e+000  6.571977e-001 -7.537183e-001
    outer loop
      vertex -3.100000e+000 -2.676213e+000 -4.579412e+001
      vertex -5.100000e+000 -2.591295e+000 -4.572008e+001
      vertex -3.100000e+000 -2.591295e+000 -4.572008e+001
    endloop
  endfacet
  facet normal  0.000000e+000  6.042390e-001 -7.968031e-001
    outer loop
      vertex -3.100000e+000 -2.591295e+000 -4.572008e+001
      vertex -5.100000e+000 -2.591295e+000 -4.572008e+001
      vertex -5.100000e+000 -2.501523e+000 -4.565200e+001
    endloop
  endfacet
  facet normal  0.000000e+000  6.042390e-001 -7.968031e-001
    outer loop
      vertex -3.100000e+000 -2.591295e+000 -4.572008e+001
      vertex -5.100000e+000 -2.501523e+000 -4.565200e+001
      vertex -3.100000e+000 -2.501523e+000 -4.565200e+001
    endloop
  endfacet
  facet normal  0.000000e+000  5.484682e-001 -8.361714e-001
    outer loop
      vertex -3.100000e+000 -2.501523e+000 -4.565200e+001
      vertex -5.100000e+000 -2.501523e+000 -4.565200e+001
      vertex -5.100000e+000 -2.407314e+000 -4.559021e+001
    endloop
  endfacet
  facet normal  0.000000e+000  5.484682e-001 -8.361714e-001
    outer loop
      vertex -3.100000e+000 -2.501523e+000 -4.565200e+001
      vertex -5.100000e+000 -2.407314e+000 -4.559021e+001
      vertex -3.100000e+000 -2.407314e+000 -4.559021e+001
    endloop
  endfacet
  facet normal  0.000000e+000  4.901042e-001 -8.716638e-001
    outer loop
      vertex -3.100000e+000 -2.407314e+000 -4.559021e+001
      vertex -5.100000e+000 -2.407314e+000 -4.559021e+001
      vertex -5.100000e+000 -2.309107e+000 -4.553499e+001
    endloop
  endfacet
  facet normal  0.000000e+000  4.901042e-001 -8.716638e-001
    outer loop
      vertex -3.100000e+000 -2.407314e+000 -4.559021e+001
      vertex -5.100000e+000 -2.309107e+000 -4.553499e+001
      vertex -3.100000e+000 -2.309107e+000 -4.553499e+001
    endloop
  endfacet
  facet normal  0.000000e+000  4.294656e-001 -9.030831e-001
    outer loop
      vertex -3.100000e+000 -2.309107e+000 -4.553499e+001
      vertex -5.100000e+000 -2.309107e+000 -4.553499e+001
      vertex -5.100000e+000 -2.207362e+000 -4.548660e+001
    endloop
  endfacet
  facet normal  0.000000e+000  4.294656e-001 -9.030831e-001
    outer loop
      vertex -3.100000e+000 -2.309107e+000 -4.553499e+001
      vertex -5.100000e+000 -2.207362e+000 -4.548660e+001
      vertex -3.100000e+000 -2.207362e+000 -4.548660e+001
    endloop
  endfacet
  facet normal  0.000000e+000  3.668576e-001 -9.302770e-001
    outer loop
      vertex -3.100000e+000 -2.207362e+000 -4.548660e+001
      vertex -5.100000e+000 -2.207362e+000 -4.548660e+001
      vertex -5.100000e+000 -2.102551e+000 -4.544527e+001
    endloop
  endfacet
  facet normal  0.000000e+000  3.668576e-001 -9.302770e-001
    outer loop
      vertex -3.100000e+000 -2.207362e+000 -4.548660e+001
      vertex -5.100000e+000 -2.102551e+000 -4.544527e+001
      vertex -3.100000e+000 -2.102551e+000 -4.544527e+001
    endloop
  endfacet
  facet normal  0.000000e+000  3.025248e-001 -9.531415e-001
    outer loop
      vertex -3.100000e+000 -2.102551e+000 -4.544527e+001
      vertex -5.100000e+000 -2.102551e+000 -4.544527e+001
      vertex -5.100000e+000 -1.995165e+000 -4.541119e+001
    endloop
  endfacet
  facet normal  0.000000e+000  3.025248e-001 -9.531415e-001
    outer loop
      vertex -3.100000e+000 -2.102551e+000 -4.544527e+001
      vertex -5.100000e+000 -1.995165e+000 -4.541119e+001
      vertex -3.100000e+000 -1.995165e+000 -4.541119e+001
    endloop
  endfacet
  facet normal  0.000000e+000  2.367724e-001 -9.715651e-001
    outer loop
      vertex -3.100000e+000 -1.995165e+000 -4.541119e+001
      vertex -5.100000e+000 -1.995165e+000 -4.541119e+001
      vertex -5.100000e+000 -1.885702e+000 -4.538451e+001
    endloop
  endfacet
  facet normal  0.000000e+000  2.367724e-001 -9.715651e-001
    outer loop
      vertex -3.100000e+000 -1.995165e+000 -4.541119e+001
      vertex -5.100000e+000 -1.885702e+000 -4.538451e+001
      vertex -3.100000e+000 -1.885702e+000 -4.538451e+001
    endloop
  endfacet
  facet normal  0.000000e+000  1.699026e-001 -9.854609e-001
    outer loop
      vertex -3.100000e+000 -1.885702e+000 -4.538451e+001
      vertex -5.100000e+000 -1.885702e+000 -4.538451e+001
      vertex -5.100000e+000 -1.774675e+000 -4.536537e+001
    endloop
  endfacet
  facet normal  0.000000e+000  1.699026e-001 -9.854609e-001
    outer loop
      vertex -3.100000e+000 -1.885702e+000 -4.538451e+001
      vertex -5.100000e+000 -1.774675e+000 -4.536537e+001
      vertex -3.100000e+000 -1.774675e+000 -4.536537e+001
    endloop
  endfacet
  facet normal  0.000000e+000  1.022530e-001 -9.947584e-001
    outer loop
      vertex -3.100000e+000 -1.774675e+000 -4.536537e+001
      vertex -5.100000e+000 -1.774675e+000 -4.536537e+001
      vertex -5.100000e+000 -1.662600e+000 -4.535385e+001
    endloop
  endfacet
  facet normal  0.000000e+000  1.022530e-001 -9.947584e-001
    outer loop
      vertex -3.100000e+000 -1.774675e+000 -4.536537e+001
      vertex -5.100000e+000 -1.662600e+000 -4.535385e+001
      vertex -3.100000e+000 -1.662600e+000 -4.535385e+001
    endloop
  endfacet
  facet normal  0.000000e+000  3.416323e-002 -9.994163e-001
    outer loop
      vertex -3.100000e+000 -1.662600e+000 -4.535385e+001
      vertex -5.100000e+000 -1.662600e+000 -4.535385e+001
      vertex -5.100000e+000 -1.550000e+000 -4.535000e+001
    endloop
  endfacet
  facet normal  0.000000e+000  3.416323e-002 -9.994163e-001
    outer loop
      vertex -3.100000e+000 -1.662600e+000 -4.535385e+001
      vertex -5.100000e+000 -1.550000e+000 -4.535000e+001
      vertex -3.100000e+000 -1.550000e+000 -4.535000e+001
    endloop
  endfacet
  facet normal  0.000000e+000  0.000000e+000  1.000000e+000
    outer loop
      vertex  3.100000e+000 -3.200000e+000 -1.300000e+001
      vertex  1.250000e+001  0.000000e+000 -1.300000e+001
      vertex  3.100000e+000  0.000000e+000 -1.300000e+001
    endloop
  endfacet
  facet normal  -0.000000e+000  0.000000e+000  9.999999e-001
    outer loop
      vertex  1.250000e+001  0.000000e+000 -1.300000e+001
      vertex  3.100000e+000 -3.200000e+000 -1.300000e+001
      vertex  1.250000e+001 -5.000000e+000 -1.300000e+001
    endloop
  endfacet
  facet normal  0.000000e+000  0.000000e+000  1.000000e+000
    outer loop
      vertex  1.250000e+001 -5.000000e+000 -1.300000e+001
      vertex  3.100000e+000 -3.200000e+000 -1.300000e+001
      vertex -3.100000e+000 -3.200000e+000 -1.300000e+001
    endloop
  endfacet
  facet normal  0.000000e+000  0.000000e+000  1.000000e+000
    outer loop
      vertex  1.250000e+001 -5.000000e+000 -1.300000e+001
      vertex -3.100000e+000 -3.200000e+000 -1.300000e+001
      vertex -1.250000e+001 -5.000000e+000 -1.300000e+001
    endloop
  endfacet
  facet normal  0.000000e+000  0.000000e+000  1.000000e+000
    outer loop
      vertex -1.250000e+001 -5.000000e+000 -1.300000e+001
      vertex -3.100000e+000 -3.200000e+000 -1.300000e+001
      vertex -3.100000e+000  0.000000e+000 -1.300000e+001
    endloop
  endfacet
  facet normal  0.000000e+000  0.000000e+000  9.999999e-001
    outer loop
      vertex -1.250000e+001 -5.000000e+000 -1.300000e+001
      vertex -3.100000e+000  0.000000e+000 -1.300000e+001
      vertex -1.250000e+001  0.000000e+000 -1.300000e+001
    endloop
  endfacet
  facet normal  0.000000e+000  0.000000e+000 -1.000000e+000
    outer loop
      vertex -3.100000e+000 -3.200000e+000 -1.100000e+001
      vertex -1.250000e+001  0.000000e+000 -1.100000e+001
      vertex -3.100000e+000  0.000000e+000 -1.100000e+001
    endloop
  endfacet
  facet normal  -0.000000e+000  0.000000e+000 -9.999999e-001
    outer loop
      vertex -1.250000e+001  0.000000e+000 -1.100000e+001
      vertex -3.100000e+000 -3.200000e+000 -1.100000e+001
      vertex -1.250000e+001 -5.000000e+000 -1.100000e+001
    endloop
  endfacet
  facet normal  0.000000e+000  0.000000e+000 -1.000000e+000
    outer loop
      vertex -1.250000e+001 -5.000000e+000 -1.100000e+001
      vertex -3.100000e+000 -3.200000e+000 -1.100000e+001
      vertex  3.100000e+000 -3.200000e+000 -1.100000e+001
    endloop
  endfacet
  facet normal  0.000000e+000  -0.000000e+000 -1.000000e+000
    outer loop
      vertex -1.250000e+001 -5.000000e+000 -1.100000e+001
      vertex  3.100000e+000 -3.200000e+000 -1.100000e+001
      vertex  1.250000e+001 -5.000000e+000 -1.100000e+001
    endloop
  endfacet
  facet normal  0.000000e+000  0.000000e+000 -1.000000e+000
    outer loop
      vertex  1.250000e+001 -5.000000e+000 -1.100000e+001
      vertex  3.100000e+000 -3.200000e+000 -1.100000e+001
      vertex  3.100000e+000  0.000000e+000 -1.100000e+001
    endloop
  endfacet
  facet normal  0.000000e+000  0.000000e+000 -9.999999e-001
    outer loop
      vertex  1.250000e+001 -5.000000e+000 -1.100000e+001
      vertex  3.100000e+000  0.000000e+000 -1.100000e+001
      vertex  1.250000e+001  0.000000e+000 -1.100000e+001
    endloop
  endfacet
  facet normal  0.000000e+000  1.000000e+000  -0.000000e+000
    outer loop
      vertex  3.100000e+000 -3.200000e+000 -7.000000e+000
      vertex  3.100000e+000 -3.200000e+000 -1.100000e+001
      vertex -3.100000e+000 -3.200000e+000 -7.000000e+000
    endloop
  endfacet
  facet normal  0.000000e+000  1.000000e+000  0.000000e+000
    outer loop
      vertex -3.100000e+000 -3.200000e+000 -7.000000e+000
      vertex  3.100000e+000 -3.200000e+000 -1.100000e+001
      vertex -3.100000e+000 -3.200000e+000 -1.100000e+001
    endloop
  endfacet
  facet normal  1.000000e+000  -0.000000e+000  0.000000e+000
    outer loop
      vertex -3.100000e+000 -8.403001e-015 -7.000000e+000
      vertex -3.100000e+000 -3.200000e+000 -7.000000e+000
      vertex -3.100000e+000  0.000000e+000 -1.100000e+001
    endloop
  endfacet
  facet normal  1.000000e+000  0.000000e+000  0.000000e+000
    outer loop
      vertex -3.100000e+000  0.000000e+000 -1.100000e+001
      vertex -3.100000e+000 -3.200000e+000 -7.000000e+000
      vertex -3.100000e+000 -3.200000e+000 -1.100000e+001
    endloop
  endfacet
  facet normal -1.000000e+000  0.000000e+000  0.000000e+000
    outer loop
      vertex  3.100000e+000  0.000000e+000 -7.000000e+000
      vertex  3.100000e+000  0.000000e+000 -1.100000e+001
      vertex  3.100000e+000 -3.200000e+000 -7.000000e+000
    endloop
  endfacet
  facet normal -1.000000e+000  0.000000e+000  0.000000e+000
    outer loop
      vertex  3.100000e+000 -3.200000e+000 -7.000000e+000
      vertex  3.100000e+000  0.000000e+000 -1.100000e+001
      vertex  3.100000e+000 -3.200000e+000 -1.100000e+001
    endloop
  endfacet
  facet normal  0.000000e+000  0.000000e+000  1.000000e+000
    outer loop
      vertex -3.100000e+000 -3.200000e+000 -5.000000e+001
      vertex  3.100000e+000 -3.200000e+000 -5.000000e+001
      vertex -3.100000e+000  0.000000e+000 -5.000000e+001
    endloop
  endfacet
  facet normal  -0.000000e+000  0.000000e+000  1.000000e+000
    outer loop
      vertex -3.100000e+000  0.000000e+000 -5.000000e+001
      vertex  3.100000e+000 -3.200000e+000 -5.000000e+001
      vertex  3.100000e+000  0.000000e+000 -5.000000e+001
    endloop
  endfacet
  facet normal  0.000000e+000  0.000000e+000 -1.000000e+000
    outer loop
      vertex -3.100000e+000 -8.403001e-015 -7.000000e+000
      vertex  3.100000e+000  0.000000e+000 -7.000000e+000
      vertex -3.100000e+000 -3.200000e+000 -7.000000e+000
    endloop
  endfacet
  facet normal  0.000000e+000  0.000000e+000 -1.000000e+000
    outer loop
      vertex -3.100000e+000 -3.200000e+000 -7.000000e+000
      vertex  3.100000e+000  0.000000e+000 -7.000000e+000
      vertex  3.100000e+000 -3.200000e+000 -7.000000e+000
    endloop
  endfacet
  facet normal  0.000000e+000 -6.975680e-002  9.975640e-001
    outer loop
      vertex -4.000000e+000  5.583920e-002 -1.599025e+000
      vertex  4.000000e+000  1.672455e-001 -1.591235e+000
      vertex -4.000000e+000  1.672455e-001 -1.591235e+000
    endloop
  endfacet
  facet normal  0.000000e+000 -1.391731e-001  9.902681e-001
    outer loop
      vertex -4.000000e+000  1.672455e-001 -1.591235e+000
      vertex  4.000000e+000  1.672455e-001 -1.591235e+000
      vertex  4.000000e+000  2.778371e-001 -1.575692e+000
    endloop
  endfacet
  facet normal  0.000000e+000 -1.391731e-001  9.902681e-001
    outer loop
      vertex -4.000000e+000  1.672455e-001 -1.591235e+000
      vertex  4.000000e+000  2.778371e-001 -1.575692e+000
      vertex -4.000000e+000  2.778371e-001 -1.575692e+000
    endloop
  endfacet
  facet normal  0.000000e+000 -2.079116e-001  9.781476e-001
    outer loop
      vertex -4.000000e+000  2.778371e-001 -1.575692e+000
      vertex  4.000000e+000  2.778371e-001 -1.575692e+000
      vertex  4.000000e+000  3.870750e-001 -1.552473e+000
    endloop
  endfacet
  facet normal  0.000000e+000 -2.079116e-001  9.781476e-001
    outer loop
      vertex -4.000000e+000  2.778371e-001 -1.575692e+000
      vertex  4.000000e+000  3.870750e-001 -1.552473e+000
      vertex -4.000000e+000  3.870750e-001 -1.552473e+000
    endloop
  endfacet
  facet normal  0.000000e+000 -2.756380e-001  9.612615e-001
    outer loop
      vertex -4.000000e+000  3.870750e-001 -1.552473e+000
      vertex  4.000000e+000  3.870750e-001 -1.552473e+000
      vertex  4.000000e+000  4.944272e-001 -1.521690e+000
    endloop
  endfacet
  facet normal  0.000000e+000 -2.756380e-001  9.612615e-001
    outer loop
      vertex -4.000000e+000  3.870750e-001 -1.552473e+000
      vertex  4.000000e+000  4.944272e-001 -1.521690e+000
      vertex -4.000000e+000  4.944272e-001 -1.521690e+000
    endloop
  endfacet
  facet normal  0.000000e+000 -3.420198e-001  9.396928e-001
    outer loop
      vertex -4.000000e+000  4.944272e-001 -1.521690e+000
      vertex  4.000000e+000  4.944272e-001 -1.521690e+000
      vertex  4.000000e+000  5.993705e-001 -1.483494e+000
    endloop
  endfacet
  facet normal  0.000000e+000 -3.420198e-001  9.396928e-001
    outer loop
      vertex -4.000000e+000  4.944272e-001 -1.521690e+000
      vertex  4.000000e+000  5.993705e-001 -1.483494e+000
      vertex -4.000000e+000  5.993705e-001 -1.483494e+000
    endloop
  endfacet
  facet normal  0.000000e+000 -4.067370e-001  9.135453e-001
    outer loop
      vertex -4.000000e+000  5.993705e-001 -1.483494e+000
      vertex  4.000000e+000  5.993705e-001 -1.483494e+000
      vertex  4.000000e+000  7.013938e-001 -1.438070e+000
    endloop
  endfacet
  facet normal  0.000000e+000 -4.067370e-001  9.135453e-001
    outer loop
      vertex -4.000000e+000  5.993705e-001 -1.483494e+000
      vertex  4.000000e+000  7.013938e-001 -1.438070e+000
      vertex -4.000000e+000  7.013938e-001 -1.438070e+000
    endloop
  endfacet
  facet normal  0.000000e+000 -4.694713e-001  8.829477e-001
    outer loop
      vertex -4.000000e+000  7.013938e-001 -1.438070e+000
      vertex  4.000000e+000  7.013938e-001 -1.438070e+000
      vertex  4.000000e+000  8.000000e-001 -1.385641e+000
    endloop
  endfacet
  facet normal  0.000000e+000 -4.694713e-001  8.829477e-001
    outer loop
      vertex -4.000000e+000  7.013938e-001 -1.438070e+000
      vertex  4.000000e+000  8.000000e-001 -1.385641e+000
      vertex -4.000000e+000  8.000000e-001 -1.385641e+000
    endloop
  endfacet
  facet normal  0.000000e+000 -5.299192e-001  8.480482e-001
    outer loop
      vertex -4.000000e+000  8.000000e-001 -1.385641e+000
      vertex  4.000000e+000  8.000000e-001 -1.385641e+000
      vertex  4.000000e+000  8.947086e-001 -1.326460e+000
    endloop
  endfacet
  facet normal  0.000000e+000 -5.299192e-001  8.480482e-001
    outer loop
      vertex -4.000000e+000  8.000000e-001 -1.385641e+000
      vertex  4.000000e+000  8.947086e-001 -1.326460e+000
      vertex -4.000000e+000  8.947086e-001 -1.326460e+000
    endloop
  endfacet
  facet normal  0.000000e+000 -5.877854e-001  8.090169e-001
    outer loop
      vertex -4.000000e+000  8.947086e-001 -1.326460e+000
      vertex  4.000000e+000  8.947086e-001 -1.326460e+000
      vertex  4.000000e+000  9.850584e-001 -1.260817e+000
    endloop
  endfacet
  facet normal  0.000000e+000 -5.877854e-001  8.090169e-001
    outer loop
      vertex -4.000000e+000  8.947086e-001 -1.326460e+000
      vertex  4.000000e+000  9.850584e-001 -1.260817e+000
      vertex -4.000000e+000  9.850584e-001 -1.260817e+000
    endloop
  endfacet
  facet normal  0.000000e+000 -6.427874e-001  7.660446e-001
    outer loop
      vertex -4.000000e+000  9.850584e-001 -1.260817e+000
      vertex  4.000000e+000  9.850584e-001 -1.260817e+000
      vertex  4.000000e+000  1.070609e+000 -1.189032e+000
    endloop
  endfacet
  facet normal  0.000000e+000 -6.427874e-001  7.660446e-001
    outer loop
      vertex -4.000000e+000  9.850584e-001 -1.260817e+000
      vertex  4.000000e+000  1.070609e+000 -1.189032e+000
      vertex -4.000000e+000  1.070609e+000 -1.189032e+000
    endloop
  endfacet
  facet normal  0.000000e+000 -6.946585e-001  7.193397e-001
    outer loop
      vertex -4.000000e+000  1.070609e+000 -1.189032e+000
      vertex  4.000000e+000  1.070609e+000 -1.189032e+000
      vertex  4.000000e+000  1.150944e+000 -1.111453e+000
    endloop
  endfacet
  facet normal  0.000000e+000 -6.946585e-001  7.193397e-001
    outer loop
      vertex -4.000000e+000  1.070609e+000 -1.189032e+000
      vertex  4.000000e+000  1.150944e+000 -1.111453e+000
      vertex -4.000000e+000  1.150944e+000 -1.111453e+000
    endloop
  endfacet
  facet normal  0.000000e+000 -7.431450e-001  6.691303e-001
    outer loop
      vertex -4.000000e+000  1.150944e+000 -1.111453e+000
      vertex  4.000000e+000  1.150944e+000 -1.111453e+000
      vertex  4.000000e+000  1.225671e+000 -1.028460e+000
    endloop
  endfacet
  facet normal  0.000000e+000 -7.431450e-001  6.691303e-001
    outer loop
      vertex -4.000000e+000  1.150944e+000 -1.111453e+000
      vertex  4.000000e+000  1.225671e+000 -1.028460e+000
      vertex -4.000000e+000  1.225671e+000 -1.028460e+000
    endloop
  endfacet
  facet normal  0.000000e+000 -7.880106e-001  6.156617e-001
    outer loop
      vertex -4.000000e+000  1.225671e+000 -1.028460e+000
      vertex  4.000000e+000  1.225671e+000 -1.028460e+000
      vertex  4.000000e+000  1.294427e+000 -9.404564e-001
    endloop
  endfacet
  facet normal  0.000000e+000 -7.880106e-001  6.156617e-001
    outer loop
      vertex -4.000000e+000  1.225671e+000 -1.028460e+000
      vertex  4.000000e+000  1.294427e+000 -9.404564e-001
      vertex -4.000000e+000  1.294427e+000 -9.404564e-001
    endloop
  endfacet
  facet normal  0.000000e+000 -8.290373e-001  5.591933e-001
    outer loop
      vertex -4.000000e+000  1.294427e+000 -9.404564e-001
      vertex  4.000000e+000  1.294427e+000 -9.404564e-001
      vertex  4.000000e+000  1.356877e+000 -8.478708e-001
    endloop
  endfacet
  facet normal  0.000000e+000 -8.290373e-001  5.591933e-001
    outer loop
      vertex -4.000000e+000  1.294427e+000 -9.404564e-001
      vertex  4.000000e+000  1.356877e+000 -8.478708e-001
      vertex -4.000000e+000  1.356877e+000 -8.478708e-001
    endloop
  endfacet
  facet normal  0.000000e+000 -8.660255e-001  4.999998e-001
    outer loop
      vertex -4.000000e+000  1.356877e+000 -8.478708e-001
      vertex  4.000000e+000  1.356877e+000 -8.478708e-001
      vertex  4.000000e+000  1.412716e+000 -7.511545e-001
    endloop
  endfacet
  facet normal  0.000000e+000 -8.660255e-001  4.999998e-001
    outer loop
      vertex -4.000000e+000  1.356877e+000 -8.478708e-001
      vertex  4.000000e+000  1.412716e+000 -7.511545e-001
      vertex -4.000000e+000  1.412716e+000 -7.511545e-001
    endloop
  endfacet
  facet normal  0.000000e+000 -8.987938e-001  4.383716e-001
    outer loop
      vertex -4.000000e+000  1.412716e+000 -7.511545e-001
      vertex  4.000000e+000  1.412716e+000 -7.511545e-001
      vertex  4.000000e+000  1.461673e+000 -6.507787e-001
    endloop
  endfacet
  facet normal  0.000000e+000 -8.987938e-001  4.383716e-001
    outer loop
      vertex -4.000000e+000  1.412716e+000 -7.511545e-001
      vertex  4.000000e+000  1.461673e+000 -6.507787e-001
      vertex -4.000000e+000  1.461673e+000 -6.507787e-001
    endloop
  endfacet
  facet normal  0.000000e+000 -9.271840e-001  3.746062e-001
    outer loop
      vertex -4.000000e+000  1.461673e+000 -6.507787e-001
      vertex  4.000000e+000  1.461673e+000 -6.507787e-001
      vertex  4.000000e+000  1.503508e+000 -5.472322e-001
    endloop
  endfacet
  facet normal  0.000000e+000 -9.271840e-001  3.746062e-001
    outer loop
      vertex -4.000000e+000  1.461673e+000 -6.507787e-001
      vertex  4.000000e+000  1.503508e+000 -5.472322e-001
      vertex -4.000000e+000  1.503508e+000 -5.472322e-001
    endloop
  endfacet
  facet normal  0.000000e+000 -9.510565e-001  3.090168e-001
    outer loop
      vertex -4.000000e+000  1.503508e+000 -5.472322e-001
      vertex  4.000000e+000  1.503508e+000 -5.472322e-001
      vertex  4.000000e+000  1.538019e+000 -4.410198e-001
    endloop
  endfacet
  facet normal  0.000000e+000 -9.510565e-001  3.090168e-001
    outer loop
      vertex -4.000000e+000  1.503508e+000 -5.472322e-001
      vertex  4.000000e+000  1.538019e+000 -4.410198e-001
      vertex -4.000000e+000  1.538019e+000 -4.410198e-001
    endloop
  endfacet
  facet normal  0.000000e+000 -9.702956e-001  2.419221e-001
    outer loop
      vertex -4.000000e+000  1.538019e+000 -4.410198e-001
      vertex  4.000000e+000  1.538019e+000 -4.410198e-001
      vertex  4.000000e+000  1.565036e+000 -3.326587e-001
    endloop
  endfacet
  facet normal  0.000000e+000 -9.702956e-001  2.419221e-001
    outer loop
      vertex -4.000000e+000  1.538019e+000 -4.410198e-001
      vertex  4.000000e+000  1.565036e+000 -3.326587e-001
      vertex -4.000000e+000  1.565036e+000 -3.326587e-001
    endloop
  endfacet
  facet normal  0.000000e+000 -9.848077e-001  1.736480e-001
    outer loop
      vertex -4.000000e+000  1.565036e+000 -3.326587e-001
      vertex  4.000000e+000  1.565036e+000 -3.326587e-001
      vertex  4.000000e+000  1.584429e+000 -2.226770e-001
    endloop
  endfacet
  facet normal  0.000000e+000 -9.848077e-001  1.736480e-001
    outer loop
      vertex -4.000000e+000  1.565036e+000 -3.326587e-001
      vertex  4.000000e+000  1.584429e+000 -2.226770e-001
      vertex -4.000000e+000  1.584429e+000 -2.226770e-001
    endloop
  endfacet
  facet normal  0.000000e+000 -9.945219e-001  1.045285e-001
    outer loop
      vertex -4.000000e+000  1.584429e+000 -2.226770e-001
      vertex  4.000000e+000  1.584429e+000 -2.226770e-001
      vertex  4.000000e+000  1.596102e+000 -1.116104e-001
    endloop
  endfacet
  facet normal  0.000000e+000 -9.945219e-001  1.045285e-001
    outer loop
      vertex -4.000000e+000  1.584429e+000 -2.226770e-001
      vertex  4.000000e+000  1.596102e+000 -1.116104e-001
      vertex -4.000000e+000  1.596102e+000 -1.116104e-001
    endloop
  endfacet
  facet normal  0.000000e+000 -9.993908e-001  3.489975e-002
    outer loop
      vertex -4.000000e+000  1.596102e+000 -1.116104e-001
      vertex  4.000000e+000  1.596102e+000 -1.116104e-001
      vertex  4.000000e+000  1.600000e+000 -3.918740e-016
    endloop
  endfacet
  facet normal  1.709538e-018 -9.993908e-001  3.489975e-002
    outer loop
      vertex -4.000000e+000  1.596102e+000 -1.116104e-001
      vertex  4.000000e+000  1.600000e+000 -3.918740e-016
      vertex -4.000000e+000  1.600000e+000  0.000000e+000
    endloop
  endfacet
  facet normal  0.000000e+000 -6.975680e-002  9.975640e-001
    outer loop
      vertex  4.000000e+000  1.672455e-001 -1.591235e+000
      vertex -4.000000e+000  5.583920e-002 -1.599025e+000
      vertex  4.000000e+000  5.583920e-002 -1.599025e+000
    endloop
  endfacet
  facet normal  0.000000e+000  0.000000e+000  1.000000e+000
    outer loop
      vertex  4.000000e+000  5.583920e-002 -1.599025e+000
      vertex -4.000000e+000  5.583920e-002 -1.599025e+000
      vertex -4.000000e+000 -5.583920e-002 -1.599025e+000
    endloop
  endfacet
  facet normal  0.000000e+000  0.000000e+000  1.000000e+000
    outer loop
      vertex  4.000000e+000  5.583920e-002 -1.599025e+000
      vertex -4.000000e+000 -5.583920e-002 -1.599025e+000
      vertex  4.000000e+000 -5.583920e-002 -1.599025e+000
    endloop
  endfacet
  facet normal  0.000000e+000  6.975680e-002  9.975640e-001
    outer loop
      vertex  4.000000e+000 -5.583920e-002 -1.599025e+000
      vertex -4.000000e+000 -5.583920e-002 -1.599025e+000
      vertex -4.000000e+000 -1.672455e-001 -1.591235e+000
    endloop
  endfacet
  facet normal  -0.000000e+000  6.975680e-002  9.975640e-001
    outer loop
      vertex  4.000000e+000 -5.583920e-002 -1.599025e+000
      vertex -4.000000e+000 -1.672455e-001 -1.591235e+000
      vertex  4.000000e+000 -1.672455e-001 -1.591235e+000
    endloop
  endfacet
  facet normal  0.000000e+000  1.391731e-001  9.902681e-001
    outer loop
      vertex  4.000000e+000 -1.672455e-001 -1.591235e+000
      vertex -4.000000e+000 -1.672455e-001 -1.591235e+000
      vertex -4.000000e+000 -2.778371e-001 -1.575692e+000
    endloop
  endfacet
  facet normal  -0.000000e+000  1.391731e-001  9.902681e-001
    outer loop
      vertex  4.000000e+000 -1.672455e-001 -1.591235e+000
      vertex -4.000000e+000 -2.778371e-001 -1.575692e+000
      vertex  4.000000e+000 -2.778371e-001 -1.575692e+000
    endloop
  endfacet
  facet normal  0.000000e+000  2.079116e-001  9.781476e-001
    outer loop
      vertex  4.000000e+000 -2.778371e-001 -1.575692e+000
      vertex -4.000000e+000 -2.778371e-001 -1.575692e+000
      vertex -4.000000e+000 -3.870750e-001 -1.552473e+000
    endloop
  endfacet
  facet normal  -0.000000e+000  2.079116e-001  9.781476e-001
    outer loop
      vertex  4.000000e+000 -2.778371e-001 -1.575692e+000
      vertex -4.000000e+000 -3.870750e-001 -1.552473e+000
      vertex  4.000000e+000 -3.870750e-001 -1.552473e+000
    endloop
  endfacet
  facet normal  0.000000e+000  2.756380e-001  9.612615e-001
    outer loop
      vertex  4.000000e+000 -3.870750e-001 -1.552473e+000
      vertex -4.000000e+000 -3.870750e-001 -1.552473e+000
      vertex -4.000000e+000 -4.944272e-001 -1.521690e+000
    endloop
  endfacet
  facet normal  -0.000000e+000  2.756380e-001  9.612615e-001
    outer loop
      vertex  4.000000e+000 -3.870750e-001 -1.552473e+000
      vertex -4.000000e+000 -4.944272e-001 -1.521690e+000
      vertex  4.000000e+000 -4.944272e-001 -1.521690e+000
    endloop
  endfacet
  facet normal  0.000000e+000  3.420198e-001  9.396928e-001
    outer loop
      vertex  4.000000e+000 -4.944272e-001 -1.521690e+000
      vertex -4.000000e+000 -4.944272e-001 -1.521690e+000
      vertex -4.000000e+000 -5.993705e-001 -1.483494e+000
    endloop
  endfacet
  facet normal  -0.000000e+000  3.420198e-001  9.396928e-001
    outer loop
      vertex  4.000000e+000 -4.944272e-001 -1.521690e+000
      vertex -4.000000e+000 -5.993705e-001 -1.483494e+000
      vertex  4.000000e+000 -5.993705e-001 -1.483494e+000
    endloop
  endfacet
  facet normal  0.000000e+000  4.067370e-001  9.135453e-001
    outer loop
      vertex  4.000000e+000 -5.993705e-001 -1.483494e+000
      vertex -4.000000e+000 -5.993705e-001 -1.483494e+000
      vertex -4.000000e+000 -7.013938e-001 -1.438070e+000
    endloop
  endfacet
  facet normal  -0.000000e+000  4.067370e-001  9.135453e-001
    outer loop
      vertex  4.000000e+000 -5.993705e-001 -1.483494e+000
      vertex -4.000000e+000 -7.013938e-001 -1.438070e+000
      vertex  4.000000e+000 -7.013938e-001 -1.438070e+000
    endloop
  endfacet
  facet normal  0.000000e+000  4.694713e-001  8.829477e-001
    outer loop
      vertex  4.000000e+000 -7.013938e-001 -1.438070e+000
      vertex -4.000000e+000 -7.013938e-001 -1.438070e+000
      vertex -4.000000e+000 -8.000000e-001 -1.385641e+000
    endloop
  endfacet
  facet normal  -0.000000e+000  4.694713e-001  8.829477e-001
    outer loop
      vertex  4.000000e+000 -7.013938e-001 -1.438070e+000
      vertex -4.000000e+000 -8.000000e-001 -1.385641e+000
      vertex  4.000000e+000 -8.000000e-001 -1.385641e+000
    endloop
  endfacet
  facet normal  0.000000e+000  5.299192e-001  8.480482e-001
    outer loop
      vertex  4.000000e+000 -8.000000e-001 -1.385641e+000
      vertex -4.000000e+000 -8.000000e-001 -1.385641e+000
      vertex -4.000000e+000 -8.947086e-001 -1.326460e+000
    endloop
  endfacet
  facet normal  -0.000000e+000  5.299192e-001  8.480482e-001
    outer loop
      vertex  4.000000e+000 -8.000000e-001 -1.385641e+000
      vertex -4.000000e+000 -8.947086e-001 -1.326460e+000
      vertex  4.000000e+000 -8.947086e-001 -1.326460e+000
    endloop
  endfacet
  facet normal  0.000000e+000  5.877854e-001  8.090169e-001
    outer loop
      vertex  4.000000e+000 -8.947086e-001 -1.326460e+000
      vertex -4.000000e+000 -8.947086e-001 -1.326460e+000
      vertex -4.000000e+000 -9.850584e-001 -1.260817e+000
    endloop
  endfacet
  facet normal  -0.000000e+000  5.877854e-001  8.090169e-001
    outer loop
      vertex  4.000000e+000 -8.947086e-001 -1.326460e+000
      vertex -4.000000e+000 -9.850584e-001 -1.260817e+000
      vertex  4.000000e+000 -9.850584e-001 -1.260817e+000
    endloop
  endfacet
  facet normal  0.000000e+000  6.427874e-001  7.660446e-001
    outer loop
      vertex  4.000000e+000 -9.850584e-001 -1.260817e+000
      vertex -4.000000e+000 -9.850584e-001 -1.260817e+000
      vertex -4.000000e+000 -1.070609e+000 -1.189032e+000
    endloop
  endfacet
  facet normal  -0.000000e+000  6.427874e-001  7.660446e-001
    outer loop
      vertex  4.000000e+000 -9.850584e-001 -1.260817e+000
      vertex -4.000000e+000 -1.070609e+000 -1.189032e+000
      vertex  4.000000e+000 -1.070609e+000 -1.189032e+000
    endloop
  endfacet
  facet normal  0.000000e+000  6.946585e-001  7.193397e-001
    outer loop
      vertex  4.000000e+000 -1.070609e+000 -1.189032e+000
      vertex -4.000000e+000 -1.070609e+000 -1.189032e+000
      vertex -4.000000e+000 -1.150944e+000 -1.111453e+000
    endloop
  endfacet
  facet normal  -0.000000e+000  6.946585e-001  7.193397e-001
    outer loop
      vertex  4.000000e+000 -1.070609e+000 -1.189032e+000
      vertex -4.000000e+000 -1.150944e+000 -1.111453e+000
      vertex  4.000000e+000 -1.150944e+000 -1.111453e+000
    endloop
  endfacet
  facet normal  0.000000e+000  7.431450e-001  6.691303e-001
    outer loop
      vertex  4.000000e+000 -1.150944e+000 -1.111453e+000
      vertex -4.000000e+000 -1.150944e+000 -1.111453e+000
      vertex -4.000000e+000 -1.225671e+000 -1.028460e+000
    endloop
  endfacet
  facet normal  -0.000000e+000  7.431450e-001  6.691303e-001
    outer loop
      vertex  4.000000e+000 -1.150944e+000 -1.111453e+000
      vertex -4.000000e+000 -1.225671e+000 -1.028460e+000
      vertex  4.000000e+000 -1.225671e+000 -1.028460e+000
    endloop
  endfacet
  facet normal  0.000000e+000  7.880106e-001  6.156617e-001
    outer loop
      vertex  4.000000e+000 -1.225671e+000 -1.028460e+000
      vertex -4.000000e+000 -1.225671e+000 -1.028460e+000
      vertex -4.000000e+000 -1.294427e+000 -9.404564e-001
    endloop
  endfacet
  facet normal  -0.000000e+000  7.880106e-001  6.156617e-001
    outer loop
      vertex  4.000000e+000 -1.225671e+000 -1.028460e+000
      vertex -4.000000e+000 -1.294427e+000 -9.404564e-001
      vertex  4.000000e+000 -1.294427e+000 -9.404564e-001
    endloop
  endfacet
  facet normal  0.000000e+000  8.290373e-001  5.591933e-001
    outer loop
      vertex  4.000000e+000 -1.294427e+000 -9.404564e-001
      vertex -4.000000e+000 -1.294427e+000 -9.404564e-001
      vertex -4.000000e+000 -1.356877e+000 -8.478708e-001
    endloop
  endfacet
  facet normal  -0.000000e+000  8.290373e-001  5.591933e-001
    outer loop
      vertex  4.000000e+000 -1.294427e+000 -9.404564e-001
      vertex -4.000000e+000 -1.356877e+000 -8.478708e-001
      vertex  4.000000e+000 -1.356877e+000 -8.478708e-001
    endloop
  endfacet
  facet normal  0.000000e+000  8.660255e-001  4.999998e-001
    outer loop
      vertex  4.000000e+000 -1.356877e+000 -8.478708e-001
      vertex -4.000000e+000 -1.356877e+000 -8.478708e-001
      vertex -4.000000e+000 -1.412716e+000 -7.511545e-001
    endloop
  endfacet
  facet normal  -0.000000e+000  8.660255e-001  4.999998e-001
    outer loop
      vertex  4.000000e+000 -1.356877e+000 -8.478708e-001
      vertex -4.000000e+000 -1.412716e+000 -7.511545e-001
      vertex  4.000000e+000 -1.412716e+000 -7.511545e-001
    endloop
  endfacet
  facet normal  0.000000e+000  8.987938e-001  4.383716e-001
    outer loop
      vertex  4.000000e+000 -1.412716e+000 -7.511545e-001
      vertex -4.000000e+000 -1.412716e+000 -7.511545e-001
      vertex -4.000000e+000 -1.461673e+000 -6.507787e-001
    endloop
  endfacet
  facet normal  -0.000000e+000  8.987938e-001  4.383716e-001
    outer loop
      vertex  4.000000e+000 -1.412716e+000 -7.511545e-001
      vertex -4.000000e+000 -1.461673e+000 -6.507787e-001
      vertex  4.000000e+000 -1.461673e+000 -6.507787e-001
    endloop
  endfacet
  facet normal  0.000000e+000  9.271840e-001  3.746062e-001
    outer loop
      vertex  4.000000e+000 -1.461673e+000 -6.507787e-001
      vertex -4.000000e+000 -1.461673e+000 -6.507787e-001
      vertex -4.000000e+000 -1.503508e+000 -5.472322e-001
    endloop
  endfacet
  facet normal  -0.000000e+000  9.271840e-001  3.746062e-001
    outer loop
      vertex  4.000000e+000 -1.461673e+000 -6.507787e-001
      vertex -4.000000e+000 -1.503508e+000 -5.472322e-001
      vertex  4.000000e+000 -1.503508e+000 -5.472322e-001
    endloop
  endfacet
  facet normal  0.000000e+000  9.510565e-001  3.090168e-001
    outer loop
      vertex  4.000000e+000 -1.503508e+000 -5.472322e-001
      vertex -4.000000e+000 -1.503508e+000 -5.472322e-001
      vertex -4.000000e+000 -1.538019e+000 -4.410198e-001
    endloop
  endfacet
  facet normal  -0.000000e+000  9.510565e-001  3.090168e-001
    outer loop
      vertex  4.000000e+000 -1.503508e+000 -5.472322e-001
      vertex -4.000000e+000 -1.538019e+000 -4.410198e-001
      vertex  4.000000e+000 -1.538019e+000 -4.410198e-001
    endloop
  endfacet
  facet normal  0.000000e+000  9.702956e-001  2.419221e-001
    outer loop
      vertex  4.000000e+000 -1.538019e+000 -4.410198e-001
      vertex -4.000000e+000 -1.538019e+000 -4.410198e-001
      vertex -4.000000e+000 -1.565036e+000 -3.326587e-001
    endloop
  endfacet
  facet normal  -0.000000e+000  9.702956e-001  2.419221e-001
    outer loop
      vertex  4.000000e+000 -1.538019e+000 -4.410198e-001
      vertex -4.000000e+000 -1.565036e+000 -3.326587e-001
      vertex  4.000000e+000 -1.565036e+000 -3.326587e-001
    endloop
  endfacet
  facet normal  0.000000e+000  9.848077e-001  1.736480e-001
    outer loop
      vertex  4.000000e+000 -1.565036e+000 -3.326587e-001
      vertex -4.000000e+000 -1.565036e+000 -3.326587e-001
      vertex -4.000000e+000 -1.584429e+000 -2.226770e-001
    endloop
  endfacet
  facet normal  -0.000000e+000  9.848077e-001  1.736480e-001
    outer loop
      vertex  4.000000e+000 -1.565036e+000 -3.326587e-001
      vertex -4.000000e+000 -1.584429e+000 -2.226770e-001
      vertex  4.000000e+000 -1.584429e+000 -2.226770e-001
    endloop
  endfacet
  facet normal  0.000000e+000  9.945219e-001  1.045285e-001
    outer loop
      vertex  4.000000e+000 -1.584429e+000 -2.226770e-001
      vertex -4.000000e+000 -1.584429e+000 -2.226770e-001
      vertex -4.000000e+000 -1.596102e+000 -1.116104e-001
    endloop
  endfacet
  facet normal  -0.000000e+000  9.945219e-001  1.045285e-001
    outer loop
      vertex  4.000000e+000 -1.584429e+000 -2.226770e-001
      vertex -4.000000e+000 -1.596102e+000 -1.116104e-001
      vertex  4.000000e+000 -1.596102e+000 -1.116104e-001
    endloop
  endfacet
  facet normal  0.000000e+000  9.993908e-001  3.489975e-002
    outer loop
      vertex  4.000000e+000 -1.596102e+000 -1.116104e-001
      vertex -4.000000e+000 -1.596102e+000 -1.116104e-001
      vertex -4.000000e+000 -1.600000e+000  1.959370e-016
    endloop
  endfacet
  facet normal  -0.000000e+000  9.993908e-001  3.489975e-002
    outer loop
      vertex  4.000000e+000 -1.596102e+000 -1.116104e-001
      vertex -4.000000e+000 -1.600000e+000  1.959370e-016
      vertex  4.000000e+000 -1.600000e+000  1.959370e-016
    endloop
  endfacet
  facet normal  0.000000e+000  6.975680e-002 -9.975640e-001
    outer loop
      vertex -4.000000e+000 -5.583920e-002  1.599025e+000
      vertex  4.000000e+000 -1.672455e-001  1.591235e+000
      vertex -4.000000e+000 -1.672455e-001  1.591235e+000
    endloop
  endfacet
  facet normal  0.000000e+000  1.391731e-001 -9.902681e-001
    outer loop
      vertex -4.000000e+000 -1.672455e-001  1.591235e+000
      vertex  4.000000e+000 -1.672455e-001  1.591235e+000
      vertex  4.000000e+000 -2.778371e-001  1.575692e+000
    endloop
  endfacet
  facet normal  0.000000e+000  1.391731e-001 -9.902681e-001
    outer loop
      vertex -4.000000e+000 -1.672455e-001  1.591235e+000
      vertex  4.000000e+000 -2.778371e-001  1.575692e+000
      vertex -4.000000e+000 -2.778371e-001  1.575692e+000
    endloop
  endfacet
  facet normal  0.000000e+000  2.079116e-001 -9.781476e-001
    outer loop
      vertex -4.000000e+000 -2.778371e-001  1.575692e+000
      vertex  4.000000e+000 -2.778371e-001  1.575692e+000
      vertex  4.000000e+000 -3.870750e-001  1.552473e+000
    endloop
  endfacet
  facet normal  0.000000e+000  2.079116e-001 -9.781476e-001
    outer loop
      vertex -4.000000e+000 -2.778371e-001  1.575692e+000
      vertex  4.000000e+000 -3.870750e-001  1.552473e+000
      vertex -4.000000e+000 -3.870750e-001  1.552473e+000
    endloop
  endfacet
  facet normal  0.000000e+000  2.756380e-001 -9.612615e-001
    outer loop
      vertex -4.000000e+000 -3.870750e-001  1.552473e+000
      vertex  4.000000e+000 -3.870750e-001  1.552473e+000
      vertex  4.000000e+000 -4.944272e-001  1.521690e+000
    endloop
  endfacet
  facet normal  0.000000e+000  2.756380e-001 -9.612615e-001
    outer loop
      vertex -4.000000e+000 -3.870750e-001  1.552473e+000
      vertex  4.000000e+000 -4.944272e-001  1.521690e+000
      vertex -4.000000e+000 -4.944272e-001  1.521690e+000
    endloop
  endfacet
  facet normal  0.000000e+000  3.420198e-001 -9.396928e-001
    outer loop
      vertex -4.000000e+000 -4.944272e-001  1.521690e+000
      vertex  4.000000e+000 -4.944272e-001  1.521690e+000
      vertex  4.000000e+000 -5.993705e-001  1.483494e+000
    endloop
  endfacet
  facet normal  0.000000e+000  3.420198e-001 -9.396928e-001
    outer loop
      vertex -4.000000e+000 -4.944272e-001  1.521690e+000
      vertex  4.000000e+000 -5.993705e-001  1.483494e+000
      vertex -4.000000e+000 -5.993705e-001  1.483494e+000
    endloop
  endfacet
  facet normal  0.000000e+000  4.067370e-001 -9.135453e-001
    outer loop
      vertex -4.000000e+000 -5.993705e-001  1.483494e+000
      vertex  4.000000e+000 -5.993705e-001  1.483494e+000
      vertex  4.000000e+000 -7.013938e-001  1.438070e+000
    endloop
  endfacet
  facet normal  0.000000e+000  4.067370e-001 -9.135453e-001
    outer loop
      vertex -4.000000e+000 -5.993705e-001  1.483494e+000
      vertex  4.000000e+000 -7.013938e-001  1.438070e+000
      vertex -4.000000e+000 -7.013938e-001  1.438070e+000
    endloop
  endfacet
  facet normal  0.000000e+000  4.694713e-001 -8.829477e-001
    outer loop
      vertex -4.000000e+000 -7.013938e-001  1.438070e+000
      vertex  4.000000e+000 -7.013938e-001  1.438070e+000
      vertex  4.000000e+000 -8.000000e-001  1.385641e+000
    endloop
  endfacet
  facet normal  0.000000e+000  4.694713e-001 -8.829477e-001
    outer loop
      vertex -4.000000e+000 -7.013938e-001  1.438070e+000
      vertex  4.000000e+000 -8.000000e-001  1.385641e+000
      vertex -4.000000e+000 -8.000000e-001  1.385641e+000
    endloop
  endfacet
  facet normal  0.000000e+000  5.299192e-001 -8.480482e-001
    outer loop
      vertex -4.000000e+000 -8.000000e-001  1.385641e+000
      vertex  4.000000e+000 -8.000000e-001  1.385641e+000
      vertex  4.000000e+000 -8.947086e-001  1.326460e+000
    endloop
  endfacet
  facet normal  0.000000e+000  5.299192e-001 -8.480482e-001
    outer loop
      vertex -4.000000e+000 -8.000000e-001  1.385641e+000
      vertex  4.000000e+000 -8.947086e-001  1.326460e+000
      vertex -4.000000e+000 -8.947086e-001  1.326460e+000
    endloop
  endfacet
  facet normal  0.000000e+000  5.877854e-001 -8.090169e-001
    outer loop
      vertex -4.000000e+000 -8.947086e-001  1.326460e+000
      vertex  4.000000e+000 -8.947086e-001  1.326460e+000
      vertex  4.000000e+000 -9.850584e-001  1.260817e+000
    endloop
  endfacet
  facet normal  0.000000e+000  5.877854e-001 -8.090169e-001
    outer loop
      vertex -4.000000e+000 -8.947086e-001  1.326460e+000
      vertex  4.000000e+000 -9.850584e-001  1.260817e+000
      vertex -4.000000e+000 -9.850584e-001  1.260817e+000
    endloop
  endfacet
  facet normal  0.000000e+000  6.427874e-001 -7.660446e-001
    outer loop
      vertex -4.000000e+000 -9.850584e-001  1.260817e+000
      vertex  4.000000e+000 -9.850584e-001  1.260817e+000
      vertex  4.000000e+000 -1.070609e+000  1.189032e+000
    endloop
  endfacet
  facet normal  0.000000e+000  6.427874e-001 -7.660446e-001
    outer loop
      vertex -4.000000e+000 -9.850584e-001  1.260817e+000
      vertex  4.000000e+000 -1.070609e+000  1.189032e+000
      vertex -4.000000e+000 -1.070609e+000  1.189032e+000
    endloop
  endfacet
  facet normal  0.000000e+000  6.946585e-001 -7.193397e-001
    outer loop
      vertex -4.000000e+000 -1.070609e+000  1.189032e+000
      vertex  4.000000e+000 -1.070609e+000  1.189032e+000
      vertex  4.000000e+000 -1.150944e+000  1.111453e+000
    endloop
  endfacet
  facet normal  0.000000e+000  6.946585e-001 -7.193397e-001
    outer loop
      vertex -4.000000e+000 -1.070609e+000  1.189032e+000
      vertex  4.000000e+000 -1.150944e+000  1.111453e+000
      vertex -4.000000e+000 -1.150944e+000  1.111453e+000
    endloop
  endfacet
  facet normal  0.000000e+000  7.431450e-001 -6.691303e-001
    outer loop
      vertex -4.000000e+000 -1.150944e+000  1.111453e+000
      vertex  4.000000e+000 -1.150944e+000  1.111453e+000
      vertex  4.000000e+000 -1.225671e+000  1.028460e+000
    endloop
  endfacet
  facet normal  0.000000e+000  7.431450e-001 -6.691303e-001
    outer loop
      vertex -4.000000e+000 -1.150944e+000  1.111453e+000
      vertex  4.000000e+000 -1.225671e+000  1.028460e+000
      vertex -4.000000e+000 -1.225671e+000  1.028460e+000
    endloop
  endfacet
  facet normal  0.000000e+000  7.880106e-001 -6.156617e-001
    outer loop
      vertex -4.000000e+000 -1.225671e+000  1.028460e+000
      vertex  4.000000e+000 -1.225671e+000  1.028460e+000
      vertex  4.000000e+000 -1.294427e+000  9.404564e-001
    endloop
  endfacet
  facet normal  0.000000e+000  7.880106e-001 -6.156617e-001
    outer loop
      vertex -4.000000e+000 -1.225671e+000  1.028460e+000
      vertex  4.000000e+000 -1.294427e+000  9.404564e-001
      vertex -4.000000e+000 -1.294427e+000  9.404564e-001
    endloop
  endfacet
  facet normal  0.000000e+000  8.290373e-001 -5.591933e-001
    outer loop
      vertex -4.000000e+000 -1.294427e+000  9.404564e-001
      vertex  4.000000e+000 -1.294427e+000  9.404564e-001
      vertex  4.000000e+000 -1.356877e+000  8.478708e-001
    endloop
  endfacet
  facet normal  0.000000e+000  8.290373e-001 -5.591933e-001
    outer loop
      vertex -4.000000e+000 -1.294427e+000  9.404564e-001
      vertex  4.000000e+000 -1.356877e+000  8.478708e-001
      vertex -4.000000e+000 -1.356877e+000  8.478708e-001
    endloop
  endfacet
  facet normal  0.000000e+000  8.660255e-001 -4.999998e-001
    outer loop
      vertex -4.000000e+000 -1.356877e+000  8.478708e-001
      vertex  4.000000e+000 -1.356877e+000  8.478708e-001
      vertex  4.000000e+000 -1.412716e+000  7.511545e-001
    endloop
  endfacet
  facet normal  0.000000e+000  8.660255e-001 -4.999998e-001
    outer loop
      vertex -4.000000e+000 -1.356877e+000  8.478708e-001
      vertex  4.000000e+000 -1.412716e+000  7.511545e-001
      vertex -4.000000e+000 -1.412716e+000  7.511545e-001
    endloop
  endfacet
  facet normal  0.000000e+000  8.987938e-001 -4.383716e-001
    outer loop
      vertex -4.000000e+000 -1.412716e+000  7.511545e-001
      vertex  4.000000e+000 -1.412716e+000  7.511545e-001
      vertex  4.000000e+000 -1.461673e+000  6.507787e-001
    endloop
  endfacet
  facet normal  0.000000e+000  8.987938e-001 -4.383716e-001
    outer loop
      vertex -4.000000e+000 -1.412716e+000  7.511545e-001
      vertex  4.000000e+000 -1.461673e+000  6.507787e-001
      vertex -4.000000e+000 -1.461673e+000  6.507787e-001
    endloop
  endfacet
  facet normal  0.000000e+000  9.271840e-001 -3.746062e-001
    outer loop
      vertex -4.000000e+000 -1.461673e+000  6.507787e-001
      vertex  4.000000e+000 -1.461673e+000  6.507787e-001
      vertex  4.000000e+000 -1.503508e+000  5.472322e-001
    endloop
  endfacet
  facet normal  0.000000e+000  9.271840e-001 -3.746062e-001
    outer loop
      vertex -4.000000e+000 -1.461673e+000  6.507787e-001
      vertex  4.000000e+000 -1.503508e+000  5.472322e-001
      vertex -4.000000e+000 -1.503508e+000  5.472322e-001
    endloop
  endfacet
  facet normal  0.000000e+000  9.510565e-001 -3.090168e-001
    outer loop
      vertex -4.000000e+000 -1.503508e+000  5.472322e-001
      vertex  4.000000e+000 -1.503508e+000  5.472322e-001
      vertex  4.000000e+000 -1.538019e+000  4.410198e-001
    endloop
  endfacet
  facet normal  0.000000e+000  9.510565e-001 -3.090168e-001
    outer loop
      vertex -4.000000e+000 -1.503508e+000  5.472322e-001
      vertex  4.000000e+000 -1.538019e+000  4.410198e-001
      vertex -4.000000e+000 -1.538019e+000  4.410198e-001
    endloop
  endfacet
  facet normal  0.000000e+000  9.702956e-001 -2.419221e-001
    outer loop
      vertex -4.000000e+000 -1.538019e+000  4.410198e-001
      vertex  4.000000e+000 -1.538019e+000  4.410198e-001
      vertex  4.000000e+000 -1.565036e+000  3.326587e-001
    endloop
  endfacet
  facet normal  0.000000e+000  9.702956e-001 -2.419221e-001
    outer loop
      vertex -4.000000e+000 -1.538019e+000  4.410198e-001
      vertex  4.000000e+000 -1.565036e+000  3.326587e-001
      vertex -4.000000e+000 -1.565036e+000  3.326587e-001
    endloop
  endfacet
  facet normal  0.000000e+000  9.848077e-001 -1.736480e-001
    outer loop
      vertex -4.000000e+000 -1.565036e+000  3.326587e-001
      vertex  4.000000e+000 -1.565036e+000  3.326587e-001
      vertex  4.000000e+000 -1.584429e+000  2.226770e-001
    endloop
  endfacet
  facet normal  0.000000e+000  9.848077e-001 -1.736480e-001
    outer loop
      vertex -4.000000e+000 -1.565036e+000  3.326587e-001
      vertex  4.000000e+000 -1.584429e+000  2.226770e-001
      vertex -4.000000e+000 -1.584429e+000  2.226770e-001
    endloop
  endfacet
  facet normal  0.000000e+000  9.945219e-001 -1.045285e-001
    outer loop
      vertex -4.000000e+000 -1.584429e+000  2.226770e-001
      vertex  4.000000e+000 -1.584429e+000  2.226770e-001
      vertex  4.000000e+000 -1.596102e+000  1.116104e-001
    endloop
  endfacet
  facet normal  0.000000e+000  9.945219e-001 -1.045285e-001
    outer loop
      vertex -4.000000e+000 -1.584429e+000  2.226770e-001
      vertex  4.000000e+000 -1.596102e+000  1.116104e-001
      vertex -4.000000e+000 -1.596102e+000  1.116104e-001
    endloop
  endfacet
  facet normal  0.000000e+000  9.993908e-001 -3.489975e-002
    outer loop
      vertex -4.000000e+000 -1.596102e+000  1.116104e-001
      vertex  4.000000e+000 -1.596102e+000  1.116104e-001
      vertex  4.000000e+000 -1.600000e+000  1.959370e-016
    endloop
  endfacet
  facet normal  0.000000e+000  9.993908e-001 -3.489975e-002
    outer loop
      vertex -4.000000e+000 -1.596102e+000  1.116104e-001
      vertex  4.000000e+000 -1.600000e+000  1.959370e-016
      vertex -4.000000e+000 -1.600000e+000  1.959370e-016
    endloop
  endfacet
  facet normal  0.000000e+000  6.975680e-002 -9.975640e-001
    outer loop
      vertex  4.000000e+000 -1.672455e-001  1.591235e+000
      vertex -4.000000e+000 -5.583920e-002  1.599025e+000
      vertex  4.000000e+000 -5.583920e-002  1.599025e+000
    endloop
  endfacet
  facet normal  0.000000e+000  0.000000e+000 -1.000000e+000
    outer loop
      vertex  4.000000e+000 -5.583920e-002  1.599025e+000
      vertex -4.000000e+000 -5.583920e-002  1.599025e+000
      vertex -4.000000e+000  5.583920e-002  1.599025e+000
    endloop
  endfacet
  facet normal  0.000000e+000  0.000000e+000 -1.000000e+000
    outer loop
      vertex  4.000000e+000 -5.583920e-002  1.599025e+000
      vertex -4.000000e+000  5.583920e-002  1.599025e+000
      vertex  4.000000e+000  5.583920e-002  1.599025e+000
    endloop
  endfacet
  facet normal  -0.000000e+000 -6.975680e-002 -9.975640e-001
    outer loop
      vertex  4.000000e+000  5.583920e-002  1.599025e+000
      vertex -4.000000e+000  5.583920e-002  1.599025e+000
      vertex -4.000000e+000  1.672455e-001  1.591235e+000
    endloop
  endfacet
  facet normal  0.000000e+000 -6.975680e-002 -9.975640e-001
    outer loop
      vertex  4.000000e+000  5.583920e-002  1.599025e+000
      vertex -4.000000e+000  1.672455e-001  1.591235e+000
      vertex  4.000000e+000  1.672455e-001  1.591235e+000
    endloop
  endfacet
  facet normal  -0.000000e+000 -1.391731e-001 -9.902681e-001
    outer loop
      vertex  4.000000e+000  1.672455e-001  1.591235e+000
      vertex -4.000000e+000  1.672455e-001  1.591235e+000
      vertex -4.000000e+000  2.778371e-001  1.575692e+000
    endloop
  endfacet
  facet normal  0.000000e+000 -1.391731e-001 -9.902681e-001
    outer loop
      vertex  4.000000e+000  1.672455e-001  1.591235e+000
      vertex -4.000000e+000  2.778371e-001  1.575692e+000
      vertex  4.000000e+000  2.778371e-001  1.575692e+000
    endloop
  endfacet
  facet normal  -0.000000e+000 -2.079116e-001 -9.781476e-001
    outer loop
      vertex  4.000000e+000  2.778371e-001  1.575692e+000
      vertex -4.000000e+000  2.778371e-001  1.575692e+000
      vertex -4.000000e+000  3.870750e-001  1.552473e+000
    endloop
  endfacet
  facet normal  0.000000e+000 -2.079116e-001 -9.781476e-001
    outer loop
      vertex  4.000000e+000  2.778371e-001  1.575692e+000
      vertex -4.000000e+000  3.870750e-001  1.552473e+000
      vertex  4.000000e+000  3.870750e-001  1.552473e+000
    endloop
  endfacet
  facet normal  -0.000000e+000 -2.756380e-001 -9.612615e-001
    outer loop
      vertex  4.000000e+000  3.870750e-001  1.552473e+000
      vertex -4.000000e+000  3.870750e-001  1.552473e+000
      vertex -4.000000e+000  4.944272e-001  1.521690e+000
    endloop
  endfacet
  facet normal  0.000000e+000 -2.756380e-001 -9.612615e-001
    outer loop
      vertex  4.000000e+000  3.870750e-001  1.552473e+000
      vertex -4.000000e+000  4.944272e-001  1.521690e+000
      vertex  4.000000e+000  4.944272e-001  1.521690e+000
    endloop
  endfacet
  facet normal  -0.000000e+000 -3.420198e-001 -9.396928e-001
    outer loop
      vertex  4.000000e+000  4.944272e-001  1.521690e+000
      vertex -4.000000e+000  4.944272e-001  1.521690e+000
      vertex -4.000000e+000  5.993705e-001  1.483494e+000
    endloop
  endfacet
  facet normal  0.000000e+000 -3.420198e-001 -9.396928e-001
    outer loop
      vertex  4.000000e+000  4.944272e-001  1.521690e+000
      vertex -4.000000e+000  5.993705e-001  1.483494e+000
      vertex  4.000000e+000  5.993705e-001  1.483494e+000
    endloop
  endfacet
  facet normal  -0.000000e+000 -4.067370e-001 -9.135453e-001
    outer loop
      vertex  4.000000e+000  5.993705e-001  1.483494e+000
      vertex -4.000000e+000  5.993705e-001  1.483494e+000
      vertex -4.000000e+000  7.013938e-001  1.438070e+000
    endloop
  endfacet
  facet normal  0.000000e+000 -4.067370e-001 -9.135453e-001
    outer loop
      vertex  4.000000e+000  5.993705e-001  1.483494e+000
      vertex -4.000000e+000  7.013938e-001  1.438070e+000
      vertex  4.000000e+000  7.013938e-001  1.438070e+000
    endloop
  endfacet
  facet normal  -0.000000e+000 -4.694713e-001 -8.829477e-001
    outer loop
      vertex  4.000000e+000  7.013938e-001  1.438070e+000
      vertex -4.000000e+000  7.013938e-001  1.438070e+000
      vertex -4.000000e+000  8.000000e-001  1.385641e+000
    endloop
  endfacet
  facet normal  0.000000e+000 -4.694713e-001 -8.829477e-001
    outer loop
      vertex  4.000000e+000  7.013938e-001  1.438070e+000
      vertex -4.000000e+000  8.000000e-001  1.385641e+000
      vertex  4.000000e+000  8.000000e-001  1.385641e+000
    endloop
  endfacet
  facet normal  -0.000000e+000 -5.299192e-001 -8.480482e-001
    outer loop
      vertex  4.000000e+000  8.000000e-001  1.385641e+000
      vertex -4.000000e+000  8.000000e-001  1.385641e+000
      vertex -4.000000e+000  8.947086e-001  1.326460e+000
    endloop
  endfacet
  facet normal  0.000000e+000 -5.299192e-001 -8.480482e-001
    outer loop
      vertex  4.000000e+000  8.000000e-001  1.385641e+000
      vertex -4.000000e+000  8.947086e-001  1.326460e+000
      vertex  4.000000e+000  8.947086e-001  1.326460e+000
    endloop
  endfacet
  facet normal  -0.000000e+000 -5.877854e-001 -8.090169e-001
    outer loop
      vertex  4.000000e+000  8.947086e-001  1.326460e+000
      vertex -4.000000e+000  8.947086e-001  1.326460e+000
      vertex -4.000000e+000  9.850584e-001  1.260817e+000
    endloop
  endfacet
  facet normal  0.000000e+000 -5.877854e-001 -8.090169e-001
    outer loop
      vertex  4.000000e+000  8.947086e-001  1.326460e+000
      vertex -4.000000e+000  9.850584e-001  1.260817e+000
      vertex  4.000000e+000  9.850584e-001  1.260817e+000
    endloop
  endfacet
  facet normal  -0.000000e+000 -6.427874e-001 -7.660446e-001
    outer loop
      vertex  4.000000e+000  9.850584e-001  1.260817e+000
      vertex -4.000000e+000  9.850584e-001  1.260817e+000
      vertex -4.000000e+000  1.070609e+000  1.189032e+000
    endloop
  endfacet
  facet normal  0.000000e+000 -6.427874e-001 -7.660446e-001
    outer loop
      vertex  4.000000e+000  9.850584e-001  1.260817e+000
      vertex -4.000000e+000  1.070609e+000  1.189032e+000
      vertex  4.000000e+000  1.070609e+000  1.189032e+000
    endloop
  endfacet
  facet normal  -0.000000e+000 -6.946585e-001 -7.193397e-001
    outer loop
      vertex  4.000000e+000  1.070609e+000  1.189032e+000
      vertex -4.000000e+000  1.070609e+000  1.189032e+000
      vertex -4.000000e+000  1.150944e+000  1.111453e+000
    endloop
  endfacet
  facet normal  0.000000e+000 -6.946585e-001 -7.193397e-001
    outer loop
      vertex  4.000000e+000  1.070609e+000  1.189032e+000
      vertex -4.000000e+000  1.150944e+000  1.111453e+000
      vertex  4.000000e+000  1.150944e+000  1.111453e+000
    endloop
  endfacet
  facet normal  -0.000000e+000 -7.431450e-001 -6.691303e-001
    outer loop
      vertex  4.000000e+000  1.150944e+000  1.111453e+000
      vertex -4.000000e+000  1.150944e+000  1.111453e+000
      vertex -4.000000e+000  1.225671e+000  1.028460e+000
    endloop
  endfacet
  facet normal  0.000000e+000 -7.431450e-001 -6.691303e-001
    outer loop
      vertex  4.000000e+000  1.150944e+000  1.111453e+000
      vertex -4.000000e+000  1.225671e+000  1.028460e+000
      vertex  4.000000e+000  1.225671e+000  1.028460e+000
    endloop
  endfacet
  facet normal  -0.000000e+000 -7.880106e-001 -6.156617e-001
    outer loop
      vertex  4.000000e+000  1.225671e+000  1.028460e+000
      vertex -4.000000e+000  1.225671e+000  1.028460e+000
      vertex -4.000000e+000  1.294427e+000  9.404564e-001
    endloop
  endfacet
  facet normal  0.000000e+000 -7.880106e-001 -6.156617e-001
    outer loop
      vertex  4.000000e+000  1.225671e+000  1.028460e+000
      vertex -4.000000e+000  1.294427e+000  9.404564e-001
      vertex  4.000000e+000  1.294427e+000  9.404564e-001
    endloop
  endfacet
  facet normal  -0.000000e+000 -8.290373e-001 -5.591933e-001
    outer loop
      vertex  4.000000e+000  1.294427e+000  9.404564e-001
      vertex -4.000000e+000  1.294427e+000  9.404564e-001
      vertex -4.000000e+000  1.356877e+000  8.478708e-001
    endloop
  endfacet
  facet normal  0.000000e+000 -8.290373e-001 -5.591933e-001
    outer loop
      vertex  4.000000e+000  1.294427e+000  9.404564e-001
      vertex -4.000000e+000  1.356877e+000  8.478708e-001
      vertex  4.000000e+000  1.356877e+000  8.478708e-001
    endloop
  endfacet
  facet normal  -0.000000e+000 -8.660255e-001 -4.999998e-001
    outer loop
      vertex  4.000000e+000  1.356877e+000  8.478708e-001
      vertex -4.000000e+000  1.356877e+000  8.478708e-001
      vertex -4.000000e+000  1.412716e+000  7.511545e-001
    endloop
  endfacet
  facet normal  0.000000e+000 -8.660255e-001 -4.999998e-001
    outer loop
      vertex  4.000000e+000  1.356877e+000  8.478708e-001
      vertex -4.000000e+000  1.412716e+000  7.511545e-001
      vertex  4.000000e+000  1.412716e+000  7.511545e-001
    endloop
  endfacet
  facet normal  -0.000000e+000 -8.987938e-001 -4.383716e-001
    outer loop
      vertex  4.000000e+000  1.412716e+000  7.511545e-001
      vertex -4.000000e+000  1.412716e+000  7.511545e-001
      vertex -4.000000e+000  1.461673e+000  6.507787e-001
    endloop
  endfacet
  facet normal  0.000000e+000 -8.987938e-001 -4.383716e-001
    outer loop
      vertex  4.000000e+000  1.412716e+000  7.511545e-001
      vertex -4.000000e+000  1.461673e+000  6.507787e-001
      vertex  4.000000e+000  1.461673e+000  6.507787e-001
    endloop
  endfacet
  facet normal  -0.000000e+000 -9.271840e-001 -3.746062e-001
    outer loop
      vertex  4.000000e+000  1.461673e+000  6.507787e-001
      vertex -4.000000e+000  1.461673e+000  6.507787e-001
      vertex -4.000000e+000  1.503508e+000  5.472322e-001
    endloop
  endfacet
  facet normal  0.000000e+000 -9.271840e-001 -3.746062e-001
    outer loop
      vertex  4.000000e+000  1.461673e+000  6.507787e-001
      vertex -4.000000e+000  1.503508e+000  5.472322e-001
      vertex  4.000000e+000  1.503508e+000  5.472322e-001
    endloop
  endfacet
  facet normal  -0.000000e+000 -9.510565e-001 -3.090168e-001
    outer loop
      vertex  4.000000e+000  1.503508e+000  5.472322e-001
      vertex -4.000000e+000  1.503508e+000  5.472322e-001
      vertex -4.000000e+000  1.538019e+000  4.410198e-001
    endloop
  endfacet
  facet normal  0.000000e+000 -9.510565e-001 -3.090168e-001
    outer loop
      vertex  4.000000e+000  1.503508e+000  5.472322e-001
      vertex -4.000000e+000  1.538019e+000  4.410198e-001
      vertex  4.000000e+000  1.538019e+000  4.410198e-001
    endloop
  endfacet
  facet normal  -0.000000e+000 -9.702956e-001 -2.419221e-001
    outer loop
      vertex  4.000000e+000  1.538019e+000  4.410198e-001
      vertex -4.000000e+000  1.538019e+000  4.410198e-001
      vertex -4.000000e+000  1.565036e+000  3.326587e-001
    endloop
  endfacet
  facet normal  0.000000e+000 -9.702956e-001 -2.419221e-001
    outer loop
      vertex  4.000000e+000  1.538019e+000  4.410198e-001
      vertex -4.000000e+000  1.565036e+000  3.326587e-001
      vertex  4.000000e+000  1.565036e+000  3.326587e-001
    endloop
  endfacet
  facet normal  -0.000000e+000 -9.848077e-001 -1.736480e-001
    outer loop
      vertex  4.000000e+000  1.565036e+000  3.326587e-001
      vertex -4.000000e+000  1.565036e+000  3.326587e-001
      vertex -4.000000e+000  1.584429e+000  2.226770e-001
    endloop
  endfacet
  facet normal  0.000000e+000 -9.848077e-001 -1.736480e-001
    outer loop
      vertex  4.000000e+000  1.565036e+000  3.326587e-001
      vertex -4.000000e+000  1.584429e+000  2.226770e-001
      vertex  4.000000e+000  1.584429e+000  2.226770e-001
    endloop
  endfacet
  facet normal  -0.000000e+000 -9.945219e-001 -1.045285e-001
    outer loop
      vertex  4.000000e+000  1.584429e+000  2.226770e-001
      vertex -4.000000e+000  1.584429e+000  2.226770e-001
      vertex -4.000000e+000  1.596102e+000  1.116104e-001
    endloop
  endfacet
  facet normal  0.000000e+000 -9.945219e-001 -1.045285e-001
    outer loop
      vertex  4.000000e+000  1.584429e+000  2.226770e-001
      vertex -4.000000e+000  1.596102e+000  1.116104e-001
      vertex  4.000000e+000  1.596102e+000  1.116104e-001
    endloop
  endfacet
  facet normal  -0.000000e+000 -9.993908e-001 -3.489975e-002
    outer loop
      vertex  4.000000e+000  1.596102e+000  1.116104e-001
      vertex -4.000000e+000  1.596102e+000  1.116104e-001
      vertex -4.000000e+000  1.600000e+000  0.000000e+000
    endloop
  endfacet
  facet normal -1.709538e-018 -9.993908e-001 -3.489975e-002
    outer loop
      vertex  4.000000e+000  1.596102e+000  1.116104e-001
      vertex -4.000000e+000  1.600000e+000  0.000000e+000
      vertex  4.000000e+000  1.600000e+000 -3.918740e-016
    endloop
  endfacet
  facet normal -2.481718e-001  9.136485e-001 -3.219582e-001
    outer loop
      vertex -6.000000e+000 -2.001178e+000  6.366206e-001
      vertex -6.000000e+000 -1.958192e+000  7.586075e-001
      vertex -4.000000e+000 -1.565036e+000  3.326587e-001
    endloop
  endfacet
  facet normal -2.502482e-001  7.352420e-001 -6.299167e-001
    outer loop
      vertex -6.000000e+000 -1.636069e+000  1.316540e+000
      vertex -6.000000e+000 -1.551919e+000  1.414761e+000
      vertex -4.000000e+000 -1.356877e+000  8.478708e-001
    endloop
  endfacet
  facet normal -2.477924e-001  6.073722e-001 -7.547832e-001
    outer loop
      vertex -6.000000e+000 -1.366298e+000  1.594750e+000
      vertex -6.000000e+000 -1.265533e+000  1.675836e+000
      vertex -4.000000e+000 -1.150944e+000  1.111453e+000
    endloop
  endfacet
  facet normal -2.498090e-001  2.935410e-001 -9.227292e-001
    outer loop
      vertex -6.000000e+000 -6.979451e-001  1.980624e+000
      vertex -6.000000e+000 -5.746923e-001  2.019834e+000
      vertex -4.000000e+000 -7.013938e-001  1.438070e+000
    endloop
  endfacet
  facet normal -2.474252e-001  1.190683e-001 -9.615631e-001
    outer loop
      vertex -6.000000e+000 -3.221225e-001  2.075147e+000
      vertex -6.000000e+000 -1.937636e-001  2.091042e+000
      vertex -4.000000e+000 -3.870750e-001  1.552473e+000
    endloop
  endfacet
  facet normal -2.493815e-001 -2.362068e-001 -9.391566e-001
    outer loop
      vertex -6.000000e+000  4.492595e-001  2.051381e+000
      vertex -6.000000e+000  5.746923e-001  2.019834e+000
      vertex -4.000000e+000  1.672455e-001  1.591235e+000
    endloop
  endfacet
  facet normal -2.470702e-001 -4.050026e-001 -8.803006e-001
    outer loop
      vertex -6.000000e+000  8.185503e-001  1.933902e+000
      vertex -6.000000e+000  9.360505e-001  1.879843e+000
      vertex -4.000000e+000  4.944272e-001  1.521690e+000
    endloop
  endfacet
  facet normal -2.489664e-001 -6.953066e-001 -6.742140e-001
    outer loop
      vertex -6.000000e+000  1.461881e+000  1.507615e+000
      vertex -6.000000e+000  1.551919e+000  1.414761e+000
      vertex -4.000000e+000  9.850584e-001  1.260817e+000
    endloop
  endfacet
  facet normal -2.467272e-001 -8.078315e-001 -5.352886e-001
    outer loop
      vertex -6.000000e+000  1.714013e+000  1.213325e+000
      vertex -6.000000e+000  1.785456e+000  1.105507e+000
      vertex -4.000000e+000  1.225671e+000  1.028460e+000
    endloop
  endfacet
  facet normal -2.485631e-001 -9.461907e-001 -2.072186e-001
    outer loop
      vertex -6.000000e+000  2.036574e+000  5.122188e-001
      vertex -6.000000e+000  2.064244e+000  3.858740e-001
      vertex -4.000000e+000  1.503508e+000  5.472322e-001
    endloop
  endfacet
  facet normal -2.399056e-001  9.654781e-001 -1.014758e-001
    outer loop
      vertex -4.000000e+000 -1.584429e+000  2.226770e-001
      vertex -4.000000e+000 -1.596102e+000  1.116104e-001
      vertex -6.000000e+000 -2.064244e+000  3.858740e-001
    endloop
  endfacet
  facet normal -2.354508e-001  9.430169e-001 -2.351208e-001
    outer loop
      vertex -4.000000e+000 -1.538019e+000  4.410198e-001
      vertex -4.000000e+000 -1.565036e+000  3.326587e-001
      vertex -6.000000e+000 -1.958192e+000  7.586075e-001
    endloop
  endfacet
  facet normal -2.415072e-001  9.229043e-001 -2.998696e-001
    outer loop
      vertex -4.000000e+000 -1.503508e+000  5.472322e-001
      vertex -4.000000e+000 -1.538019e+000  4.410198e-001
      vertex -6.000000e+000 -1.958192e+000  7.586075e-001
    endloop
  endfacet
  facet normal -2.327743e-001  8.062643e-001 -5.438327e-001
    outer loop
      vertex -4.000000e+000 -1.294427e+000  9.404564e-001
      vertex -4.000000e+000 -1.356877e+000  8.478708e-001
      vertex -6.000000e+000 -1.551919e+000  1.414761e+000
    endloop
  endfacet
  facet normal -2.402131e-001  7.649378e-001 -5.976352e-001
    outer loop
      vertex -4.000000e+000 -1.225671e+000  1.028460e+000
      vertex -4.000000e+000 -1.294427e+000  9.404564e-001
      vertex -6.000000e+000 -1.551919e+000  1.414761e+000
    endloop
  endfacet
  facet normal -2.359372e-001  6.750471e-001 -6.990315e-001
    outer loop
      vertex -4.000000e+000 -1.070609e+000  1.189032e+000
      vertex -4.000000e+000 -1.150944e+000  1.111453e+000
      vertex -6.000000e+000 -1.265533e+000  1.675836e+000
    endloop
  endfacet
  facet normal -2.417175e-001  6.237267e-001 -7.433288e-001
    outer loop
      vertex -4.000000e+000 -9.850584e-001  1.260817e+000
      vertex -4.000000e+000 -1.070609e+000  1.189032e+000
      vertex -6.000000e+000 -1.265533e+000  1.675836e+000
    endloop
  endfacet
  facet normal -2.333422e-001  3.955089e-001 -8.883266e-001
    outer loop
      vertex -4.000000e+000 -5.993705e-001  1.483494e+000
      vertex -4.000000e+000 -7.013938e-001  1.438070e+000
      vertex -6.000000e+000 -5.746923e-001  2.019834e+000
    endloop
  endfacet
  facet normal -2.405043e-001  3.319809e-001 -9.121110e-001
    outer loop
      vertex -4.000000e+000 -4.944272e-001  1.521690e+000
      vertex -4.000000e+000 -5.993705e-001  1.483494e+000
      vertex -6.000000e+000 -5.746923e-001  2.019834e+000
    endloop
  endfacet
  facet normal -2.364073e-001  2.020181e-001 -9.504211e-001
    outer loop
      vertex -4.000000e+000 -2.778371e-001  1.575692e+000
      vertex -4.000000e+000 -3.870750e-001  1.552473e+000
      vertex -6.000000e+000 -1.937636e-001  2.091042e+000
    endloop
  endfacet
  facet normal -2.419115e-001  1.350394e-001 -9.608554e-001
    outer loop
      vertex -4.000000e+000 -1.672455e-001  1.591235e+000
      vertex -4.000000e+000 -2.778371e-001  1.575692e+000
      vertex -6.000000e+000 -1.937636e-001  2.091042e+000
    endloop
  endfacet
  facet normal -2.338938e-001 -1.353127e-001 -9.628001e-001
    outer loop
      vertex -4.000000e+000  2.778371e-001  1.575692e+000
      vertex -4.000000e+000  1.672455e-001  1.591235e+000
      vertex -6.000000e+000  5.746923e-001  2.019834e+000
    endloop
  endfacet
  facet normal -2.407793e-001 -2.017948e-001 -9.493704e-001
    outer loop
      vertex -4.000000e+000  3.870750e-001  1.552473e+000
      vertex -4.000000e+000  2.778371e-001  1.575692e+000
      vertex -6.000000e+000  5.746923e-001  2.019834e+000
    endloop
  endfacet
  facet normal -2.368610e-001 -3.322871e-001 -9.129524e-001
    outer loop
      vertex -4.000000e+000  5.993705e-001  1.483494e+000
      vertex -4.000000e+000  4.944272e-001  1.521690e+000
      vertex -6.000000e+000  9.360505e-001  1.879843e+000
    endloop
  endfacet
  facet normal -2.420894e-001 -3.946382e-001 -8.863710e-001
    outer loop
      vertex -4.000000e+000  7.013938e-001  1.438070e+000
      vertex -4.000000e+000  5.993705e-001  1.483494e+000
      vertex -6.000000e+000  9.360505e-001  1.879843e+000
    endloop
  endfacet
  facet normal -2.344292e-001 -6.248750e-001 -7.446974e-001
    outer loop
      vertex -4.000000e+000  1.070609e+000  1.189032e+000
      vertex -4.000000e+000  9.850584e-001  1.260817e+000
      vertex -6.000000e+000  1.551919e+000  1.414761e+000
    endloop
  endfacet
  facet normal -2.410381e-001 -6.741769e-001 -6.981304e-001
    outer loop
      vertex -4.000000e+000  1.150944e+000  1.111453e+000
      vertex -4.000000e+000  1.070609e+000  1.189032e+000
      vertex -6.000000e+000  1.551919e+000  1.414761e+000
    endloop
  endfacet
  facet normal -2.372985e-001 -7.655025e-001 -5.980764e-001
    outer loop
      vertex -4.000000e+000  1.294427e+000  9.404564e-001
      vertex -4.000000e+000  1.225671e+000  1.028460e+000
      vertex -6.000000e+000  1.785456e+000  1.105507e+000
    endloop
  endfacet
  facet normal -2.422510e-001 -8.043433e-001 -5.425370e-001
    outer loop
      vertex -4.000000e+000  1.356877e+000  8.478708e-001
      vertex -4.000000e+000  1.294427e+000  9.404564e-001
      vertex -6.000000e+000  1.785456e+000  1.105507e+000
    endloop
  endfacet
  facet normal -2.349482e-001 -9.244345e-001 -3.003668e-001
    outer loop
      vertex -4.000000e+000  1.538019e+000  4.410198e-001
      vertex -4.000000e+000  1.503508e+000  5.472322e-001
      vertex -6.000000e+000  2.064244e+000  3.858740e-001
    endloop
  endfacet
  facet normal -2.412808e-001 -9.416287e-001 -2.347746e-001
    outer loop
      vertex -4.000000e+000  1.565036e+000  3.326587e-001
      vertex -4.000000e+000  1.538019e+000  4.410198e-001
      vertex -6.000000e+000  2.064244e+000  3.858740e-001
    endloop
  endfacet
  facet normal -2.423965e-001 -9.695863e-001 -3.385894e-002
    outer loop
      vertex -6.000000e+000  2.100000e+000  0.000000e+000
      vertex -4.000000e+000  1.600000e+000  0.000000e+000
      vertex -4.000000e+000  1.596102e+000  1.116104e-001
    endloop
  endfacet
  facet normal -2.377197e-001 -9.660127e-001 -1.015320e-001
    outer loop
      vertex -6.000000e+000  2.100000e+000  0.000000e+000
      vertex -4.000000e+000  1.596102e+000  1.116104e-001
      vertex -4.000000e+000  1.584429e+000  2.226770e-001
    endloop
  endfacet
  facet normal -2.463963e-001 -9.687095e-001 -2.984570e-002
    outer loop
      vertex -6.000000e+000  2.100000e+000  0.000000e+000
      vertex -4.000000e+000  1.584429e+000  2.226770e-001
      vertex -6.000000e+000  2.096017e+000  1.292779e-001
    endloop
  endfacet
  facet normal -2.424159e-001  9.697188e-001 -2.966387e-002
    outer loop
      vertex -4.000000e+000 -1.600000e+000  1.959370e-016
      vertex -6.000000e+000 -2.099972e+000 -5.034115e-007
      vertex -6.000000e+000 -2.096017e+000  1.292779e-001
    endloop
  endfacet
  facet normal -2.451941e-001  9.653384e-001 -8.945090e-002
    outer loop
      vertex -4.000000e+000 -1.600000e+000  1.959370e-016
      vertex -6.000000e+000 -2.096017e+000  1.292779e-001
      vertex -6.000000e+000 -2.084083e+000  2.580654e-001
    endloop
  endfacet
  facet normal -2.506994e-001  9.566084e-001 -1.484928e-001
    outer loop
      vertex -4.000000e+000 -1.600000e+000  1.959370e-016
      vertex -6.000000e+000 -2.084083e+000  2.580654e-001
      vertex -6.000000e+000 -2.064244e+000  3.858740e-001
    endloop
  endfacet
  facet normal -2.321899e-001  9.720780e-001 -3.394596e-002
    outer loop
      vertex -4.000000e+000 -1.600000e+000  1.959370e-016
      vertex -6.000000e+000 -2.064244e+000  3.858740e-001
      vertex -4.000000e+000 -1.596102e+000  1.116104e-001
    endloop
  endfacet
  facet normal -2.437567e-001  9.328135e-001 -2.654085e-001
    outer loop
      vertex -6.000000e+000 -2.001178e+000  6.366206e-001
      vertex -4.000000e+000 -1.565036e+000  3.326587e-001
      vertex -6.000000e+000 -2.036574e+000  5.122188e-001
    endloop
  endfacet
  facet normal -2.405043e-001  9.559018e-001 -1.685511e-001
    outer loop
      vertex -6.000000e+000 -2.036574e+000  5.122188e-001
      vertex -4.000000e+000 -1.565036e+000  3.326587e-001
      vertex -4.000000e+000 -1.584429e+000  2.226770e-001
    endloop
  endfacet
  facet normal -2.441869e-001  9.472774e-001 -2.074566e-001
    outer loop
      vertex -6.000000e+000 -2.036574e+000  5.122188e-001
      vertex -4.000000e+000 -1.584429e+000  2.226770e-001
      vertex -6.000000e+000 -2.064244e+000  3.858740e-001
    endloop
  endfacet
  facet normal -2.427599e-001  8.683856e-001 -4.324050e-001
    outer loop
      vertex -6.000000e+000 -1.850126e+000  9.934965e-001
      vertex -4.000000e+000 -1.461673e+000  6.507787e-001
      vertex -6.000000e+000 -1.907777e+000  8.777167e-001
    endloop
  endfacet
  facet normal -2.419115e-001  8.996451e-001 -3.634798e-001
    outer loop
      vertex -6.000000e+000 -1.907777e+000  8.777167e-001
      vertex -4.000000e+000 -1.461673e+000  6.507787e-001
      vertex -4.000000e+000 -1.503508e+000  5.472322e-001
    endloop
  endfacet
  facet normal -2.430430e-001  8.932927e-001 -3.780980e-001
    outer loop
      vertex -6.000000e+000 -1.907777e+000  8.777167e-001
      vertex -4.000000e+000 -1.503508e+000  5.472322e-001
      vertex -6.000000e+000 -1.958192e+000  7.586075e-001
    endloop
  endfacet
  facet normal -2.449240e-001  7.737117e-001 -5.842795e-001
    outer loop
      vertex -6.000000e+000 -1.636069e+000  1.316540e+000
      vertex -4.000000e+000 -1.356877e+000  8.478708e-001
      vertex -6.000000e+000 -1.714013e+000  1.213325e+000
    endloop
  endfacet
  facet normal -2.388857e-001  8.409521e-001 -4.855237e-001
    outer loop
      vertex -6.000000e+000 -1.714013e+000  1.213325e+000
      vertex -4.000000e+000 -1.356877e+000  8.478708e-001
      vertex -4.000000e+000 -1.412716e+000  7.511545e-001
    endloop
  endfacet
  facet normal -2.454765e-001  8.080963e-001 -5.354640e-001
    outer loop
      vertex -6.000000e+000 -1.714013e+000  1.213325e+000
      vertex -4.000000e+000 -1.412716e+000  7.511545e-001
      vertex -6.000000e+000 -1.785456e+000  1.105507e+000
    endloop
  endfacet
  facet normal -2.381247e-001  8.729396e-001 -4.257617e-001
    outer loop
      vertex -6.000000e+000 -1.785456e+000  1.105507e+000
      vertex -4.000000e+000 -1.412716e+000  7.511545e-001
      vertex -4.000000e+000 -1.461673e+000  6.507787e-001
    endloop
  endfacet
  facet normal -2.460775e-001  8.393952e-001 -4.846252e-001
    outer loop
      vertex -6.000000e+000 -1.785456e+000  1.105507e+000
      vertex -4.000000e+000 -1.461673e+000  6.507787e-001
      vertex -6.000000e+000 -1.850126e+000  9.934965e-001
    endloop
  endfacet
  facet normal -2.435598e-001  6.534075e-001 -7.167546e-001
    outer loop
      vertex -6.000000e+000 -1.366298e+000  1.594750e+000
      vertex -4.000000e+000 -1.150944e+000  1.111453e+000
      vertex -6.000000e+000 -1.461881e+000  1.507615e+000
    endloop
  endfacet
  facet normal -2.407793e-001  7.212816e-001 -6.494444e-001
    outer loop
      vertex -6.000000e+000 -1.461881e+000  1.507615e+000
      vertex -4.000000e+000 -1.150944e+000  1.111453e+000
      vertex -4.000000e+000 -1.225671e+000  1.028460e+000
    endloop
  endfacet
  facet normal -2.439657e-001  6.962196e-001 -6.750993e-001
    outer loop
      vertex -6.000000e+000 -1.461881e+000  1.507615e+000
      vertex -4.000000e+000 -1.225671e+000  1.028460e+000
      vertex -6.000000e+000 -1.551919e+000  1.414761e+000
    endloop
  endfacet
  facet normal -2.426368e-001  5.107004e-001 -8.248106e-001
    outer loop
      vertex -6.000000e+000 -1.050000e+000  1.818653e+000
      vertex -4.000000e+000 -8.947086e-001  1.326460e+000
      vertex -6.000000e+000 -1.159966e+000  1.750565e+000
    endloop
  endfacet
  facet normal -2.420894e-001  5.703011e-001 -7.849518e-001
    outer loop
      vertex -6.000000e+000 -1.159966e+000  1.750565e+000
      vertex -4.000000e+000 -8.947086e-001  1.326460e+000
      vertex -4.000000e+000 -9.850584e-001  1.260817e+000
    endloop
  endfacet
  facet normal -2.428953e-001  5.604712e-001 -7.917538e-001
    outer loop
      vertex -6.000000e+000 -1.159966e+000  1.750565e+000
      vertex -4.000000e+000 -9.850584e-001  1.260817e+000
      vertex -6.000000e+000 -1.265533e+000  1.675836e+000
    endloop
  endfacet
  facet normal -2.446662e-001  3.502628e-001 -9.041319e-001
    outer loop
      vertex -6.000000e+000 -6.979451e-001  1.980624e+000
      vertex -4.000000e+000 -7.013938e-001  1.438070e+000
      vertex -6.000000e+000 -8.185503e-001  1.933902e+000
    endloop
  endfacet
  facet normal -2.392419e-001  4.558378e-001 -8.573069e-001
    outer loop
      vertex -6.000000e+000 -8.185503e-001  1.933902e+000
      vertex -4.000000e+000 -7.013938e-001  1.438070e+000
      vertex -4.000000e+000 -8.000000e-001  1.385641e+000
    endloop
  endfacet
  facet normal -2.451942e-001  4.052017e-001 -8.807334e-001
    outer loop
      vertex -6.000000e+000 -8.185503e-001  1.933902e+000
      vertex -4.000000e+000 -8.000000e-001  1.385641e+000
      vertex -6.000000e+000 -9.360505e-001  1.879843e+000
    endloop
  endfacet
  facet normal -2.385133e-001  5.146253e-001 -8.235728e-001
    outer loop
      vertex -6.000000e+000 -9.360505e-001  1.879843e+000
      vertex -4.000000e+000 -8.000000e-001  1.385641e+000
      vertex -4.000000e+000 -8.947086e-001  1.326460e+000
    endloop
  endfacet
  facet normal -2.457710e-001  4.585827e-001 -8.539898e-001
    outer loop
      vertex -6.000000e+000 -9.360505e-001  1.879843e+000
      vertex -4.000000e+000 -8.947086e-001  1.326460e+000
      vertex -6.000000e+000 -1.050000e+000  1.818653e+000
    endloop
  endfacet
  facet normal -2.433752e-001  1.782247e-001 -9.534172e-001
    outer loop
      vertex -6.000000e+000 -3.221225e-001  2.075147e+000
      vertex -4.000000e+000 -3.870750e-001  1.552473e+000
      vertex -6.000000e+000 -4.492595e-001  2.051381e+000
    endloop
  endfacet
  facet normal -2.410381e-001  2.675110e-001 -9.329194e-001
    outer loop
      vertex -6.000000e+000 -4.492595e-001  2.051381e+000
      vertex -4.000000e+000 -3.870750e-001  1.552473e+000
      vertex -4.000000e+000 -4.944272e-001  1.521690e+000
    endloop
  endfacet
  facet normal -2.437567e-001  2.365559e-001 -9.405446e-001
    outer loop
      vertex -6.000000e+000 -4.492595e-001  2.051381e+000
      vertex -4.000000e+000 -4.944272e-001  1.521690e+000
      vertex -6.000000e+000 -5.746923e-001  2.019834e+000
    endloop
  endfacet
  facet normal -2.425259e-001  0.000000e+000 -9.701449e-001
    outer loop
      vertex -6.000000e+000  6.466962e-002  2.099004e+000
      vertex -4.000000e+000 -5.583920e-002  1.599025e+000
      vertex -6.000000e+000 -6.466962e-002  2.099004e+000
    endloop
  endfacet
  facet normal -2.422511e-001  6.767900e-002 -9.678503e-001
    outer loop
      vertex -6.000000e+000 -6.466962e-002  2.099004e+000
      vertex -4.000000e+000 -5.583920e-002  1.599025e+000
      vertex -4.000000e+000 -1.672455e-001  1.591235e+000
    endloop
  endfacet
  facet normal -2.427599e-001  5.971929e-002 -9.682464e-001
    outer loop
      vertex -6.000000e+000 -6.466962e-002  2.099004e+000
      vertex -4.000000e+000 -1.672455e-001  1.591235e+000
      vertex -6.000000e+000 -1.937636e-001  2.091042e+000
    endloop
  endfacet
  facet normal -2.444204e-001 -1.781764e-001 -9.531589e-001
    outer loop
      vertex -6.000000e+000  4.492595e-001  2.051381e+000
      vertex -4.000000e+000  1.672455e-001  1.591235e+000
      vertex -6.000000e+000  3.221225e-001  2.075147e+000
    endloop
  endfacet
  facet normal -2.395818e-001 -6.772523e-002 -9.685112e-001
    outer loop
      vertex -6.000000e+000  3.221225e-001  2.075147e+000
      vertex -4.000000e+000  1.672455e-001  1.591235e+000
      vertex -4.000000e+000  5.583920e-002  1.599025e+000
    endloop
  endfacet
  facet normal -2.449241e-001 -1.191464e-001 -9.621935e-001
    outer loop
      vertex -6.000000e+000  3.221225e-001  2.075147e+000
      vertex -4.000000e+000  5.583920e-002  1.599025e+000
      vertex -6.000000e+000  1.937636e-001  2.091042e+000
    endloop
  endfacet
  facet normal -2.388857e-001  0.000000e+000 -9.710476e-001
    outer loop
      vertex -6.000000e+000  1.937636e-001  2.091042e+000
      vertex -4.000000e+000  5.583920e-002  1.599025e+000
      vertex -4.000000e+000 -5.583920e-002  1.599025e+000
    endloop
  endfacet
  facet normal -2.454765e-001 -5.967720e-002 -9.675640e-001
    outer loop
      vertex -6.000000e+000  1.937636e-001  2.091042e+000
      vertex -4.000000e+000 -5.583920e-002  1.599025e+000
      vertex -6.000000e+000  6.466962e-002  2.099004e+000
    endloop
  endfacet
  facet normal -2.432030e-001 -3.503957e-001 -9.044750e-001
    outer loop
      vertex -6.000000e+000  8.185503e-001  1.933902e+000
      vertex -4.000000e+000  4.944272e-001  1.521690e+000
      vertex -6.000000e+000  6.979451e-001  1.980624e+000
    endloop
  endfacet
  facet normal -2.412808e-001 -2.674944e-001 -9.328613e-001
    outer loop
      vertex -6.000000e+000  6.979451e-001  1.980624e+000
      vertex -4.000000e+000  4.944272e-001  1.521690e+000
      vertex -4.000000e+000  3.870750e-001  1.552473e+000
    endloop
  endfacet
  facet normal -2.435598e-001 -2.940232e-001 -9.242451e-001
    outer loop
      vertex -6.000000e+000  6.979451e-001  1.980624e+000
      vertex -4.000000e+000  3.870750e-001  1.552473e+000
      vertex -6.000000e+000  5.746923e-001  2.019834e+000
    endloop
  endfacet
  facet normal -2.424274e-001 -5.107280e-001 -8.248551e-001
    outer loop
      vertex -6.000000e+000  1.159966e+000  1.750565e+000
      vertex -4.000000e+000  8.000000e-001  1.385641e+000
      vertex -6.000000e+000  1.050000e+000  1.818653e+000
    endloop
  endfacet
  facet normal -2.423966e-001 -4.554704e-001 -8.566158e-001
    outer loop
      vertex -6.000000e+000  1.050000e+000  1.818653e+000
      vertex -4.000000e+000  8.000000e-001  1.385641e+000
      vertex -4.000000e+000  7.013938e-001  1.438070e+000
    endloop
  endfacet
  facet normal -2.426368e-001 -4.589562e-001 -8.546852e-001
    outer loop
      vertex -6.000000e+000  1.050000e+000  1.818653e+000
      vertex -4.000000e+000  7.013938e-001  1.438070e+000
      vertex -6.000000e+000  9.360505e-001  1.879843e+000
    endloop
  endfacet
  facet normal -2.441869e-001 -6.533013e-001 -7.166380e-001
    outer loop
      vertex -6.000000e+000  1.461881e+000  1.507615e+000
      vertex -4.000000e+000  9.850584e-001  1.260817e+000
      vertex -6.000000e+000  1.366298e+000  1.594750e+000
    endloop
  endfacet
  facet normal -2.399056e-001 -5.706199e-001 -7.853906e-001
    outer loop
      vertex -6.000000e+000  1.366298e+000  1.594750e+000
      vertex -4.000000e+000  9.850584e-001  1.260817e+000
      vertex -4.000000e+000  8.947086e-001  1.326460e+000
    endloop
  endfacet
  facet normal -2.446662e-001 -6.078702e-001 -7.554020e-001
    outer loop
      vertex -6.000000e+000  1.366298e+000  1.594750e+000
      vertex -4.000000e+000  8.947086e-001  1.326460e+000
      vertex -6.000000e+000  1.265533e+000  1.675836e+000
    endloop
  endfacet
  facet normal -2.392419e-001 -5.145304e-001 -8.234209e-001
    outer loop
      vertex -6.000000e+000  1.265533e+000  1.675836e+000
      vertex -4.000000e+000  8.947086e-001  1.326460e+000
      vertex -4.000000e+000  8.000000e-001  1.385641e+000
    endloop
  endfacet
  facet normal -2.451942e-001 -5.601369e-001 -7.912815e-001
    outer loop
      vertex -6.000000e+000  1.265533e+000  1.675836e+000
      vertex -4.000000e+000  8.000000e-001  1.385641e+000
      vertex -6.000000e+000  1.159966e+000  1.750565e+000
    endloop
  endfacet
  facet normal -2.430431e-001 -7.740893e-001 -5.845647e-001
    outer loop
      vertex -6.000000e+000  1.714013e+000  1.213325e+000
      vertex -4.000000e+000  1.225671e+000  1.028460e+000
      vertex -6.000000e+000  1.636069e+000  1.316540e+000
    endloop
  endfacet
  facet normal -2.415072e-001 -7.211473e-001 -6.493234e-001
    outer loop
      vertex -6.000000e+000  1.636069e+000  1.316540e+000
      vertex -4.000000e+000  1.225671e+000  1.028460e+000
      vertex -4.000000e+000  1.150944e+000  1.111453e+000
    endloop
  endfacet
  facet normal -2.433753e-001 -7.365714e-001 -6.310556e-001
    outer loop
      vertex -6.000000e+000  1.636069e+000  1.316540e+000
      vertex -4.000000e+000  1.150944e+000  1.111453e+000
      vertex -6.000000e+000  1.551919e+000  1.414761e+000
    endloop
  endfacet
  facet normal -2.425259e-001 -8.401701e-001 -4.850726e-001
    outer loop
      vertex -6.000000e+000  1.785456e+000  1.105507e+000
      vertex -6.000000e+000  1.850126e+000  9.934965e-001
      vertex -4.000000e+000  1.356877e+000  8.478708e-001
    endloop
  endfacet
  facet normal -2.454764e-001 -8.677734e-001 -4.321002e-001
    outer loop
      vertex -4.000000e+000  1.356877e+000  8.478708e-001
      vertex -6.000000e+000  1.850126e+000  9.934965e-001
      vertex -6.000000e+000  1.907777e+000  8.777167e-001
    endloop
  endfacet
  facet normal -2.388857e-001 -8.409521e-001 -4.855237e-001
    outer loop
      vertex -4.000000e+000  1.356877e+000  8.478708e-001
      vertex -6.000000e+000  1.907777e+000  8.777167e-001
      vertex -4.000000e+000  1.412716e+000  7.511545e-001
    endloop
  endfacet
  facet normal -2.449241e-001 -8.928570e-001 -3.779136e-001
    outer loop
      vertex -4.000000e+000  1.412716e+000  7.511545e-001
      vertex -6.000000e+000  1.907777e+000  8.777167e-001
      vertex -6.000000e+000  1.958192e+000  7.586075e-001
    endloop
  endfacet
  facet normal -2.395817e-001 -8.726175e-001 -4.256046e-001
    outer loop
      vertex -4.000000e+000  1.412716e+000  7.511545e-001
      vertex -6.000000e+000  1.958192e+000  7.586075e-001
      vertex -4.000000e+000  1.461673e+000  6.507787e-001
    endloop
  endfacet
  facet normal -2.439657e-001 -9.327629e-001 -2.653941e-001
    outer loop
      vertex -6.000000e+000  2.036574e+000  5.122188e-001
      vertex -4.000000e+000  1.503508e+000  5.472322e-001
      vertex -6.000000e+000  2.001178e+000  6.366206e-001
    endloop
  endfacet
  facet normal -2.402131e-001 -9.000363e-001 -3.636378e-001
    outer loop
      vertex -6.000000e+000  2.001178e+000  6.366206e-001
      vertex -4.000000e+000  1.503508e+000  5.472322e-001
      vertex -4.000000e+000  1.461673e+000  6.507787e-001
    endloop
  endfacet
  facet normal -2.444204e-001 -9.145477e-001 -3.222751e-001
    outer loop
      vertex -6.000000e+000  2.001178e+000  6.366206e-001
      vertex -4.000000e+000  1.461673e+000  6.507787e-001
      vertex -6.000000e+000  1.958192e+000  7.586075e-001
    endloop
  endfacet
  facet normal -2.428953e-001 -9.659145e-001 -8.950429e-002
    outer loop
      vertex -6.000000e+000  2.096017e+000  1.292779e-001
      vertex -4.000000e+000  1.584429e+000  2.226770e-001
      vertex -6.000000e+000  2.084083e+000  2.580654e-001
    endloop
  endfacet
  facet normal -2.417175e-001 -9.556050e-001 -1.684988e-001
    outer loop
      vertex -6.000000e+000  2.084083e+000  2.580654e-001
      vertex -4.000000e+000  1.584429e+000  2.226770e-001
      vertex -4.000000e+000  1.565036e+000  3.326587e-001
    endloop
  endfacet
  facet normal -2.432030e-001 -9.584962e-001 -1.487859e-001
    outer loop
      vertex -6.000000e+000  2.084083e+000  2.580654e-001
      vertex -4.000000e+000  1.565036e+000  3.326587e-001
      vertex -6.000000e+000  2.064244e+000  3.858740e-001
    endloop
  endfacet
  facet normal -2.468106e-001 -9.189788e-001  3.075104e-001
    outer loop
      vertex -6.000000e+000  2.010158e+000 -6.076527e-001
      vertex -6.000000e+000  1.971038e+000 -7.245624e-001
      vertex -4.000000e+000  1.565036e+000 -3.326587e-001
    endloop
  endfacet
  facet normal -2.405342e-001 -9.653234e-001  1.014596e-001
    outer loop
      vertex -6.000000e+000  2.067508e+000 -3.679635e-001
      vertex -4.000000e+000  1.584429e+000 -2.226770e-001
      vertex -4.000000e+000  1.596102e+000 -1.116104e-001
    endloop
  endfacet
  facet normal -2.422822e-001 -9.227206e-001  2.998099e-001
    outer loop
      vertex -6.000000e+000  1.971038e+000 -7.245624e-001
      vertex -4.000000e+000  1.503508e+000 -5.472322e-001
      vertex -4.000000e+000  1.538019e+000 -4.410198e-001
    endloop
  endfacet
  facet normal -2.373902e-001 -9.425592e-001  2.350066e-001
    outer loop
      vertex -4.000000e+000  1.538019e+000 -4.410198e-001
      vertex -4.000000e+000  1.565036e+000 -3.326587e-001
      vertex -6.000000e+000  1.971038e+000 -7.245624e-001
    endloop
  endfacet
  facet normal -2.472118e-001 -7.553159e-001  6.069465e-001
    outer loop
      vertex -6.000000e+000  1.675619e+000 -1.265820e+000
      vertex -6.000000e+000  1.596895e+000 -1.363788e+000
      vertex -4.000000e+000  1.356877e+000 -8.478708e-001
    endloop
  endfacet
  facet normal -2.426501e-001 -7.185014e-001  6.518257e-001
    outer loop
      vertex -6.000000e+000  1.596895e+000 -1.363788e+000
      vertex -6.000000e+000  1.512447e+000 -1.456875e+000
      vertex -4.000000e+000  1.225671e+000 -1.028460e+000
    endloop
  endfacet
  facet normal -2.420684e-001 -7.645745e-001  5.973514e-001
    outer loop
      vertex -6.000000e+000  1.596895e+000 -1.363788e+000
      vertex -4.000000e+000  1.225671e+000 -1.028460e+000
      vertex -4.000000e+000  1.294427e+000 -9.404564e-001
    endloop
  endfacet
  facet normal -2.368078e-001 -8.054566e-001  5.432879e-001
    outer loop
      vertex -4.000000e+000  1.294427e+000 -9.404564e-001
      vertex -4.000000e+000  1.356877e+000 -8.478708e-001
      vertex -6.000000e+000  1.596895e+000 -1.363788e+000
    endloop
  endfacet
  facet normal -2.456522e-001 -3.370849e-001  9.088612e-001
    outer loop
      vertex -6.000000e+000  7.888393e-001 -1.946209e+000
      vertex -6.000000e+000  6.710060e-001 -1.989912e+000
      vertex -4.000000e+000  7.013938e-001 -1.438070e+000
    endloop
  endfacet
  facet normal -2.422425e-001 -2.827544e-001  9.280994e-001
    outer loop
      vertex -4.000000e+000  4.944272e-001 -1.521690e+000
      vertex -6.000000e+000  6.710060e-001 -1.989912e+000
      vertex -6.000000e+000  5.524962e-001 -2.026017e+000
    endloop
  endfacet
  facet normal -2.427083e-001 -3.317932e-001  9.115953e-001
    outer loop
      vertex -4.000000e+000  5.993705e-001 -1.483494e+000
      vertex -6.000000e+000  6.710060e-001 -1.989912e+000
      vertex -4.000000e+000  4.944272e-001 -1.521690e+000
    endloop
  endfacet
  facet normal -2.387741e-001 -3.949722e-001  8.871212e-001
    outer loop
      vertex -4.000000e+000  5.993705e-001 -1.483494e+000
      vertex -4.000000e+000  7.013938e-001 -1.438070e+000
      vertex -6.000000e+000  6.710060e-001 -1.989912e+000
    endloop
  endfacet
  facet normal -2.421854e-001 -1.148723e-001  9.634057e-001
    outer loop
      vertex -4.000000e+000  1.672455e-001 -1.591235e+000
      vertex -6.000000e+000  3.101140e-001 -2.076969e+000
      vertex -6.000000e+000  1.870832e-001 -2.091639e+000
    endloop
  endfacet
  facet normal -2.483246e-001  2.258584e-001  9.419782e-001
    outer loop
      vertex -6.000000e+000 -4.292489e-001 -2.055655e+000
      vertex -6.000000e+000 -5.497308e-001 -2.026767e+000
      vertex -4.000000e+000 -1.672455e-001 -1.591235e+000
    endloop
  endfacet
  facet normal -2.456634e-001  3.890909e-001  8.878388e-001
    outer loop
      vertex -6.000000e+000 -7.845271e-001 -1.947952e+000
      vertex -6.000000e+000 -9.005320e-001 -1.897113e+000
      vertex -4.000000e+000 -4.944272e-001 -1.521690e+000
    endloop
  endfacet
  facet normal -2.415068e-001  2.017572e-001  9.491936e-001
    outer loop
      vertex -6.000000e+000 -5.497308e-001 -2.026767e+000
      vertex -4.000000e+000 -3.870750e-001 -1.552473e+000
      vertex -4.000000e+000 -2.778371e-001 -1.575692e+000
    endloop
  endfacet
  facet normal -2.354516e-001  1.352604e-001  9.624277e-001
    outer loop
      vertex -4.000000e+000 -2.778371e-001 -1.575692e+000
      vertex -4.000000e+000 -1.672455e-001 -1.591235e+000
      vertex -6.000000e+000 -5.497308e-001 -2.026767e+000
    endloop
  endfacet
  facet normal -2.426970e-001  3.945764e-001  8.862323e-001
    outer loop
      vertex -4.000000e+000 -5.993705e-001 -1.483494e+000
      vertex -6.000000e+000 -9.005320e-001 -1.897113e+000
      vertex -4.000000e+000 -7.013938e-001 -1.438070e+000
    endloop
  endfacet
  facet normal -2.387309e-001  3.321306e-001  9.125223e-001
    outer loop
      vertex -4.000000e+000 -5.993705e-001 -1.483494e+000
      vertex -4.000000e+000 -4.944272e-001 -1.521690e+000
      vertex -6.000000e+000 -9.005320e-001 -1.897113e+000
    endloop
  endfacet
  facet normal -2.466396e-001  6.781104e-001  6.923404e-001
    outer loop
      vertex -6.000000e+000 -1.423483e+000 -1.543884e+000
      vertex -6.000000e+000 -1.513991e+000 -1.455237e+000
      vertex -4.000000e+000 -9.850584e-001 -1.260817e+000
    endloop
  endfacet
  facet normal -2.424726e-001  7.193842e-001  6.509173e-001
    outer loop
      vertex -6.000000e+000 -1.513991e+000 -1.455237e+000
      vertex -6.000000e+000 -1.598991e+000 -1.361296e+000
      vertex -4.000000e+000 -1.150944e+000 -1.111453e+000
    endloop
  endfacet
  facet normal -2.423032e-001  6.739581e-001  6.979038e-001
    outer loop
      vertex -6.000000e+000 -1.513991e+000 -1.455237e+000
      vertex -4.000000e+000 -1.150944e+000 -1.111453e+000
      vertex -4.000000e+000 -1.070609e+000 -1.189032e+000
    endloop
  endfacet
  facet normal -2.374698e-001  6.244004e-001  7.441318e-001
    outer loop
      vertex -4.000000e+000 -1.070609e+000 -1.189032e+000
      vertex -4.000000e+000 -9.850584e-001 -1.260817e+000
      vertex -6.000000e+000 -1.513991e+000 -1.455237e+000
    endloop
  endfacet
  facet normal -2.450630e-001  9.370586e-001  2.487271e-001
    outer loop
      vertex -6.000000e+000 -2.013311e+000 -5.971313e-001
      vertex -6.000000e+000 -2.044370e+000 -4.801162e-001
      vertex -4.000000e+000 -1.503508e+000 -5.472322e-001
    endloop
  endfacet
  facet normal -2.421528e-001  9.505539e-001  1.944461e-001
    outer loop
      vertex -4.000000e+000 -1.565036e+000 -3.326587e-001
      vertex -6.000000e+000 -2.044370e+000 -4.801162e-001
      vertex -6.000000e+000 -2.068635e+000 -3.614984e-001
    endloop
  endfacet
  facet normal -2.428867e-001  9.412398e-001  2.346777e-001
    outer loop
      vertex -4.000000e+000 -1.538019e+000 -4.410198e-001
      vertex -6.000000e+000 -2.044370e+000 -4.801162e-001
      vertex -4.000000e+000 -1.565036e+000 -3.326587e-001
    endloop
  endfacet
  facet normal -2.396336e-001  9.233460e-001  3.000132e-001
    outer loop
      vertex -4.000000e+000 -1.538019e+000 -4.410198e-001
      vertex -4.000000e+000 -1.503508e+000 -5.472322e-001
      vertex -6.000000e+000 -2.044370e+000 -4.801162e-001
    endloop
  endfacet
  facet normal -2.423836e-001  9.695895e-001  3.385906e-002
    outer loop
      vertex -6.000000e+000 -2.099972e+000 -5.034115e-007
      vertex -4.000000e+000 -1.600000e+000  1.959370e-016
      vertex -4.000000e+000 -1.596102e+000 -1.116104e-001
    endloop
  endfacet
  facet normal -2.377068e-001  9.660159e-001  1.015324e-001
    outer loop
      vertex -6.000000e+000 -2.099972e+000 -5.034115e-007
      vertex -4.000000e+000 -1.596102e+000 -1.116104e-001
      vertex -4.000000e+000 -1.584429e+000 -2.226770e-001
    endloop
  endfacet
  facet normal -2.465972e-001  9.687154e-001  2.793157e-002
    outer loop
      vertex -6.000000e+000 -2.099972e+000 -5.034115e-007
      vertex -4.000000e+000 -1.584429e+000 -2.226770e-001
      vertex -6.000000e+000 -2.096482e+000 -1.210388e-001
    endloop
  endfacet
  facet normal -2.424372e-001 -9.697491e-001  2.847633e-002
    outer loop
      vertex -4.000000e+000  1.600000e+000  0.000000e+000
      vertex -6.000000e+000  2.100000e+000  0.000000e+000
      vertex -6.000000e+000  2.096382e+000 -1.232176e-001
    endloop
  endfacet
  facet normal -2.449511e-001 -9.657778e-001  8.527802e-002
    outer loop
      vertex -4.000000e+000  1.600000e+000  0.000000e+000
      vertex -6.000000e+000  2.096382e+000 -1.232176e-001
      vertex -6.000000e+000  2.085539e+000 -2.460129e-001
    endloop
  endfacet
  facet normal -2.499555e-001 -9.578446e-001  1.416192e-001
    outer loop
      vertex -4.000000e+000  1.600000e+000  0.000000e+000
      vertex -6.000000e+000  2.085539e+000 -2.460129e-001
      vertex -6.000000e+000  2.067508e+000 -3.679635e-001
    endloop
  endfacet
  facet normal -2.334030e-001 -9.717878e-001  3.393583e-002
    outer loop
      vertex -4.000000e+000  1.600000e+000  0.000000e+000
      vertex -6.000000e+000  2.067508e+000 -3.679635e-001
      vertex -4.000000e+000  1.596102e+000 -1.116104e-001
    endloop
  endfacet
  facet normal -2.432152e-001 -9.363148e-001  2.533002e-001
    outer loop
      vertex -6.000000e+000  2.010158e+000 -6.076527e-001
      vertex -4.000000e+000  1.565036e+000 -3.326587e-001
      vertex -6.000000e+000  2.042352e+000 -4.886491e-001
    endloop
  endfacet
  facet normal -2.412347e-001 -9.557233e-001  1.685196e-001
    outer loop
      vertex -6.000000e+000  2.042352e+000 -4.886491e-001
      vertex -4.000000e+000  1.565036e+000 -3.326587e-001
      vertex -4.000000e+000  1.584429e+000 -2.226770e-001
    endloop
  endfacet
  facet normal -2.437045e-001 -9.494429e-001  1.979043e-001
    outer loop
      vertex -6.000000e+000  2.042352e+000 -4.886491e-001
      vertex -4.000000e+000  1.584429e+000 -2.226770e-001
      vertex -6.000000e+000  2.067508e+000 -3.679635e-001
    endloop
  endfacet
  facet normal -2.425077e-001 -9.003611e-001  3.613028e-001
    outer loop
      vertex -6.000000e+000  1.971038e+000 -7.245624e-001
      vertex -6.000000e+000  1.925126e+000 -8.389739e-001
      vertex -4.000000e+000  1.503508e+000 -5.472322e-001
    endloop
  endfacet
  facet normal -2.451586e-001 -8.770064e-001  4.132276e-001
    outer loop
      vertex -4.000000e+000  1.503508e+000 -5.472322e-001
      vertex -6.000000e+000  1.925126e+000 -8.389739e-001
      vertex -6.000000e+000  1.872581e+000 -9.504915e-001
    endloop
  endfacet
  facet normal -2.394558e-001 -9.002097e-001  3.637079e-001
    outer loop
      vertex -4.000000e+000  1.503508e+000 -5.472322e-001
      vertex -6.000000e+000  1.872581e+000 -9.504915e-001
      vertex -4.000000e+000  1.461673e+000 -6.507787e-001
    endloop
  endfacet
  facet normal -2.444665e-001 -8.513997e-001  4.640633e-001
    outer loop
      vertex -4.000000e+000  1.461673e+000 -6.507787e-001
      vertex -6.000000e+000  1.872581e+000 -9.504915e-001
      vertex -6.000000e+000  1.813584e+000 -1.058730e+000
    endloop
  endfacet
  facet normal -2.403106e-001 -8.724555e-001  4.255256e-001
    outer loop
      vertex -4.000000e+000  1.461673e+000 -6.507787e-001
      vertex -6.000000e+000  1.813584e+000 -1.058730e+000
      vertex -4.000000e+000  1.412716e+000 -7.511545e-001
    endloop
  endfacet
  facet normal -2.433572e-001 -7.910725e-001  5.612321e-001
    outer loop
      vertex -6.000000e+000  1.675619e+000 -1.265820e+000
      vertex -4.000000e+000  1.356877e+000 -8.478708e-001
      vertex -6.000000e+000  1.748339e+000 -1.163319e+000
    endloop
  endfacet
  facet normal -2.410465e-001 -8.404895e-001  4.852566e-001
    outer loop
      vertex -6.000000e+000  1.748339e+000 -1.163319e+000
      vertex -4.000000e+000  1.356877e+000 -8.478708e-001
      vertex -4.000000e+000  1.412716e+000 -7.511545e-001
    endloop
  endfacet
  facet normal -2.438633e-001 -8.228288e-001  5.133064e-001
    outer loop
      vertex -6.000000e+000  1.748339e+000 -1.163319e+000
      vertex -4.000000e+000  1.412716e+000 -7.511545e-001
      vertex -6.000000e+000  1.813584e+000 -1.058730e+000
    endloop
  endfacet
  facet normal -2.428854e-001 -6.235391e-001  7.431054e-001
    outer loop
      vertex -4.000000e+000  9.850584e-001 -1.260817e+000
      vertex -4.000000e+000  1.070609e+000 -1.189032e+000
      vertex -6.000000e+000  1.327611e+000 -1.627086e+000
    endloop
  endfacet
  facet normal -2.396279e-001 -6.744195e-001  6.983816e-001
    outer loop
      vertex -6.000000e+000  1.327611e+000 -1.627086e+000
      vertex -4.000000e+000  1.070609e+000 -1.189032e+000
      vertex -4.000000e+000  1.150944e+000 -1.111453e+000
    endloop
  endfacet
  facet normal -2.449615e-001 -6.351334e-001  7.325295e-001
    outer loop
      vertex -6.000000e+000  1.327611e+000 -1.627086e+000
      vertex -4.000000e+000  1.150944e+000 -1.111453e+000
      vertex -6.000000e+000  1.422578e+000 -1.544745e+000
    endloop
  endfacet
  facet normal -2.387831e-001 -7.216480e-001  6.497743e-001
    outer loop
      vertex -6.000000e+000  1.422578e+000 -1.544745e+000
      vertex -4.000000e+000  1.150944e+000 -1.111453e+000
      vertex -4.000000e+000  1.225671e+000 -1.028460e+000
    endloop
  endfacet
  facet normal -2.456408e-001 -6.776930e-001  6.931038e-001
    outer loop
      vertex -6.000000e+000  1.422578e+000 -1.544745e+000
      vertex -4.000000e+000  1.225671e+000 -1.028460e+000
      vertex -6.000000e+000  1.512447e+000 -1.456875e+000
    endloop
  endfacet
  facet normal -2.421297e-001 -5.906143e-001  7.697714e-001
    outer loop
      vertex -6.000000e+000  1.327611e+000 -1.627086e+000
      vertex -6.000000e+000  1.227888e+000 -1.703599e+000
      vertex -4.000000e+000  9.850584e-001 -1.260817e+000
    endloop
  endfacet
  facet normal -2.438204e-001 -5.432775e-001  8.033687e-001
    outer loop
      vertex -4.000000e+000  9.850584e-001 -1.260817e+000
      vertex -6.000000e+000  1.227888e+000 -1.703599e+000
      vertex -6.000000e+000  1.123768e+000 -1.774010e+000
    endloop
  endfacet
  facet normal -2.410342e-001 -5.704555e-001  7.851643e-001
    outer loop
      vertex -4.000000e+000  9.850584e-001 -1.260817e+000
      vertex -6.000000e+000  1.123768e+000 -1.774010e+000
      vertex -4.000000e+000  8.947086e-001 -1.326460e+000
    endloop
  endfacet
  facet normal -2.433592e-001 -4.943090e-001  8.345268e-001
    outer loop
      vertex -4.000000e+000  8.947086e-001 -1.326460e+000
      vertex -6.000000e+000  1.123768e+000 -1.774010e+000
      vertex -6.000000e+000  1.015626e+000 -1.838065e+000
    endloop
  endfacet
  facet normal -2.415957e-001 -5.142214e-001  8.229265e-001
    outer loop
      vertex -4.000000e+000  8.947086e-001 -1.326460e+000
      vertex -6.000000e+000  1.015626e+000 -1.838065e+000
      vertex -4.000000e+000  8.000000e-001 -1.385641e+000
    endloop
  endfacet
  facet normal -2.426543e-001 -3.911639e-001  8.877554e-001
    outer loop
      vertex -6.000000e+000  7.888393e-001 -1.946209e+000
      vertex -4.000000e+000  7.013938e-001 -1.438070e+000
      vertex -6.000000e+000  9.038496e-001 -1.895533e+000
    endloop
  endfacet
  facet normal -2.420622e-001 -4.555096e-001  8.566895e-001
    outer loop
      vertex -6.000000e+000  9.038496e-001 -1.895533e+000
      vertex -4.000000e+000  7.013938e-001 -1.438070e+000
      vertex -4.000000e+000  8.000000e-001 -1.385641e+000
    endloop
  endfacet
  facet normal -2.429707e-001 -4.435430e-001  8.626906e-001
    outer loop
      vertex -6.000000e+000  9.038496e-001 -1.895533e+000
      vertex -4.000000e+000  8.000000e-001 -1.385641e+000
      vertex -6.000000e+000  1.015626e+000 -1.838065e+000
    endloop
  endfacet
  facet normal -2.429422e-001 -1.350036e-001  9.606004e-001
    outer loop
      vertex -4.000000e+000  1.672455e-001 -1.591235e+000
      vertex -4.000000e+000  2.778371e-001 -1.575692e+000
      vertex -6.000000e+000  3.101140e-001 -2.076969e+000
    endloop
  endfacet
  facet normal -2.411807e-001 -2.017741e-001  9.492729e-001
    outer loop
      vertex -6.000000e+000  3.101140e-001 -2.076969e+000
      vertex -4.000000e+000  2.778371e-001 -1.575692e+000
      vertex -4.000000e+000  3.870750e-001 -1.552473e+000
    endloop
  endfacet
  facet normal -2.437380e-001 -1.714235e-001  9.545709e-001
    outer loop
      vertex -6.000000e+000  3.101140e-001 -2.076969e+000
      vertex -4.000000e+000  3.870750e-001 -1.552473e+000
      vertex -6.000000e+000  4.320597e-001 -2.055070e+000
    endloop
  endfacet
  facet normal -2.404917e-001 -2.675484e-001  9.330496e-001
    outer loop
      vertex -6.000000e+000  4.320597e-001 -2.055070e+000
      vertex -4.000000e+000  3.870750e-001 -1.552473e+000
      vertex -4.000000e+000  4.944272e-001 -1.521690e+000
    endloop
  endfacet
  facet normal -2.443065e-001 -2.273963e-001  9.426586e-001
    outer loop
      vertex -6.000000e+000  4.320597e-001 -2.055070e+000
      vertex -4.000000e+000  4.944272e-001 -1.521690e+000
      vertex -6.000000e+000  5.524962e-001 -2.026017e+000
    endloop
  endfacet
  facet normal -2.425393e-001 -6.570718e-004  9.701413e-001
    outer loop
      vertex -6.000000e+000 -6.051277e-002 -2.099112e+000
      vertex -4.000000e+000  5.583920e-002 -1.599025e+000
      vertex -6.000000e+000  6.339681e-002 -2.099028e+000
    endloop
  endfacet
  facet normal -2.422216e-001 -6.767952e-002  9.678576e-001
    outer loop
      vertex -6.000000e+000  6.339681e-002 -2.099028e+000
      vertex -4.000000e+000  5.583920e-002 -1.599025e+000
      vertex -4.000000e+000  1.672455e-001 -1.591235e+000
    endloop
  endfacet
  facet normal -2.428535e-001 -5.785061e-002  9.683364e-001
    outer loop
      vertex -6.000000e+000  6.339681e-002 -2.099028e+000
      vertex -4.000000e+000  1.672455e-001 -1.591235e+000
      vertex -6.000000e+000  1.870832e-001 -2.091639e+000
    endloop
  endfacet
  facet normal -2.439849e-001  1.701035e-001  9.547440e-001
    outer loop
      vertex -6.000000e+000 -4.292489e-001 -2.055655e+000
      vertex -4.000000e+000 -1.672455e-001 -1.591235e+000
      vertex -6.000000e+000 -3.072673e-001 -2.077388e+000
    endloop
  endfacet
  facet normal -2.401303e-001  6.771576e-002  9.683760e-001
    outer loop
      vertex -6.000000e+000 -3.072673e-001 -2.077388e+000
      vertex -4.000000e+000 -1.672455e-001 -1.591235e+000
      vertex -4.000000e+000 -5.583920e-002 -1.599025e+000
    endloop
  endfacet
  facet normal -2.445895e-001  1.134867e-001  9.629625e-001
    outer loop
      vertex -6.000000e+000 -3.072673e-001 -2.077388e+000
      vertex -4.000000e+000 -5.583920e-002 -1.599025e+000
      vertex -6.000000e+000 -1.842118e-001 -2.091890e+000
    endloop
  endfacet
  facet normal -2.392741e-001  0.000000e+000  9.709521e-001
    outer loop
      vertex -6.000000e+000 -1.842118e-001 -2.091890e+000
      vertex -4.000000e+000 -5.583920e-002 -1.599025e+000
      vertex -4.000000e+000  5.583920e-002 -1.599025e+000
    endloop
  endfacet
  facet normal -2.452803e-001  5.650343e-002  9.678041e-001
    outer loop
      vertex -6.000000e+000 -1.842118e-001 -2.091890e+000
      vertex -4.000000e+000  5.583920e-002 -1.599025e+000
      vertex -6.000000e+000 -6.051277e-002 -2.099112e+000
    endloop
  endfacet
  facet normal -2.426797e-001  3.357126e-001  9.101668e-001
    outer loop
      vertex -6.000000e+000 -7.845271e-001 -1.947952e+000
      vertex -4.000000e+000 -4.944272e-001 -1.521690e+000
      vertex -6.000000e+000 -6.682938e-001 -1.990824e+000
    endloop
  endfacet
  facet normal -2.420263e-001  2.674432e-001  9.326829e-001
    outer loop
      vertex -6.000000e+000 -6.682938e-001 -1.990824e+000
      vertex -4.000000e+000 -4.944272e-001 -1.521690e+000
      vertex -4.000000e+000 -3.870750e-001 -1.552473e+000
    endloop
  endfacet
  facet normal -2.430305e-001  2.814165e-001  9.283000e-001
    outer loop
      vertex -6.000000e+000 -6.682938e-001 -1.990824e+000
      vertex -4.000000e+000 -3.870750e-001 -1.552473e+000
      vertex -6.000000e+000 -5.497308e-001 -2.026767e+000
    endloop
  endfacet
  facet normal -2.422387e-001  4.423190e-001  8.635243e-001
    outer loop
      vertex -6.000000e+000 -9.005320e-001 -1.897113e+000
      vertex -6.000000e+000 -1.013264e+000 -1.839369e+000
      vertex -4.000000e+000 -7.013938e-001 -1.438070e+000
    endloop
  endfacet
  facet normal -2.444277e-001  4.933134e-001  8.348035e-001
    outer loop
      vertex -4.000000e+000 -7.013938e-001 -1.438070e+000
      vertex -6.000000e+000 -1.013264e+000 -1.839369e+000
      vertex -6.000000e+000 -1.122314e+000 -1.774928e+000
    endloop
  endfacet
  facet normal -2.402681e-001  4.557189e-001  8.570831e-001
    outer loop
      vertex -4.000000e+000 -7.013938e-001 -1.438070e+000
      vertex -6.000000e+000 -1.122314e+000 -1.774928e+000
      vertex -4.000000e+000 -8.000000e-001 -1.385641e+000
    endloop
  endfacet
  facet normal -2.439053e-001  5.428305e-001  8.036450e-001
    outer loop
      vertex -4.000000e+000 -8.000000e-001 -1.385641e+000
      vertex -6.000000e+000 -1.122314e+000 -1.774928e+000
      vertex -6.000000e+000 -1.227286e+000 -1.704023e+000
    endloop
  endfacet
  facet normal -2.409052e-001  5.143123e-001  8.230720e-001
    outer loop
      vertex -4.000000e+000 -8.000000e-001 -1.385641e+000
      vertex -6.000000e+000 -1.227286e+000 -1.704023e+000
      vertex -4.000000e+000 -8.947086e-001 -1.326460e+000
    endloop
  endfacet
  facet normal -2.430552e-001  6.357421e-001  7.326365e-001
    outer loop
      vertex -6.000000e+000 -1.423483e+000 -1.543884e+000
      vertex -4.000000e+000 -9.850584e-001 -1.260817e+000
      vertex -6.000000e+000 -1.327798e+000 -1.626915e+000
    endloop
  endfacet
  facet normal -2.414561e-001  5.703939e-001  7.850794e-001
    outer loop
      vertex -6.000000e+000 -1.327798e+000 -1.626915e+000
      vertex -4.000000e+000 -9.850584e-001 -1.260817e+000
      vertex -4.000000e+000 -8.947086e-001 -1.326460e+000
    endloop
  endfacet
  facet normal -2.434474e-001  5.903651e-001  7.695469e-001
    outer loop
      vertex -6.000000e+000 -1.327798e+000 -1.626915e+000
      vertex -4.000000e+000 -8.947086e-001 -1.326460e+000
      vertex -6.000000e+000 -1.227286e+000 -1.704023e+000
    endloop
  endfacet
  facet normal -2.429388e-001  8.042008e-001  5.424408e-001
    outer loop
      vertex -4.000000e+000 -1.356877e+000 -8.478708e-001
      vertex -4.000000e+000 -1.294427e+000 -9.404564e-001
      vertex -6.000000e+000 -1.751240e+000 -1.158930e+000
    endloop
  endfacet
  facet normal -2.400125e-001  7.649769e-001  5.976658e-001
    outer loop
      vertex -6.000000e+000 -1.751240e+000 -1.158930e+000
      vertex -4.000000e+000 -1.294427e+000 -9.404564e-001
      vertex -4.000000e+000 -1.225671e+000 -1.028460e+000
    endloop
  endfacet
  facet normal -2.446242e-001  7.920515e-001  5.592973e-001
    outer loop
      vertex -6.000000e+000 -1.751240e+000 -1.158930e+000
      vertex -4.000000e+000 -1.225671e+000 -1.028460e+000
      vertex -6.000000e+000 -1.678170e+000 -1.262407e+000
    endloop
  endfacet
  facet normal -2.392506e-001  7.215626e-001  6.496974e-001
    outer loop
      vertex -6.000000e+000 -1.678170e+000 -1.262407e+000
      vertex -4.000000e+000 -1.225671e+000 -1.028460e+000
      vertex -4.000000e+000 -1.150944e+000 -1.111453e+000
    endloop
  endfacet
  facet normal -2.452291e-001  7.567710e-001  6.059375e-001
    outer loop
      vertex -6.000000e+000 -1.678170e+000 -1.262407e+000
      vertex -4.000000e+000 -1.150944e+000 -1.111453e+000
      vertex -6.000000e+000 -1.598991e+000 -1.361296e+000
    endloop
  endfacet
  facet normal -2.421021e-001  8.248748e-001  5.108504e-001
    outer loop
      vertex -6.000000e+000 -1.751240e+000 -1.158930e+000
      vertex -6.000000e+000 -1.817932e+000 -1.051241e+000
      vertex -4.000000e+000 -1.356877e+000 -8.478708e-001
    endloop
  endfacet
  facet normal -2.436104e-001  8.538512e-001  4.599915e-001
    outer loop
      vertex -4.000000e+000 -1.356877e+000 -8.478708e-001
      vertex -6.000000e+000 -1.817932e+000 -1.051241e+000
      vertex -6.000000e+000 -1.878004e+000 -9.397324e-001
    endloop
  endfacet
  facet normal -2.412751e-001  8.404403e-001  4.852282e-001
    outer loop
      vertex -4.000000e+000 -1.356877e+000 -8.478708e-001
      vertex -6.000000e+000 -1.878004e+000 -9.397324e-001
      vertex -4.000000e+000 -1.412716e+000 -7.511545e-001
    endloop
  endfacet
  facet normal -2.431994e-001  8.801312e-001  4.077048e-001
    outer loop
      vertex -4.000000e+000 -1.412716e+000 -7.511545e-001
      vertex -6.000000e+000 -1.878004e+000 -9.397324e-001
      vertex -6.000000e+000 -1.931241e+000 -8.248081e-001
    endloop
  endfacet
  facet normal -2.417750e-001  8.721287e-001  4.253662e-001
    outer loop
      vertex -4.000000e+000 -1.412716e+000 -7.511545e-001
      vertex -6.000000e+000 -1.931241e+000 -8.248081e-001
      vertex -4.000000e+000 -1.461673e+000 -6.507787e-001
    endloop
  endfacet
  facet normal -2.425088e-001  9.217718e-001  3.025331e-001
    outer loop
      vertex -6.000000e+000 -2.013311e+000 -5.971313e-001
      vertex -4.000000e+000 -1.503508e+000 -5.472322e-001
      vertex -6.000000e+000 -1.975559e+000 -7.121552e-001
    endloop
  endfacet
  facet normal -2.422886e-001  8.995578e-001  3.634445e-001
    outer loop
      vertex -6.000000e+000 -1.975559e+000 -7.121552e-001
      vertex -4.000000e+000 -1.503508e+000 -5.472322e-001
      vertex -4.000000e+000 -1.461673e+000 -6.507787e-001
    endloop
  endfacet
  facet normal -2.428465e-001  9.027216e-001  3.551330e-001
    outer loop
      vertex -6.000000e+000 -1.975559e+000 -7.121552e-001
      vertex -4.000000e+000 -1.461673e+000 -6.507787e-001
      vertex -6.000000e+000 -1.931241e+000 -8.248081e-001
    endloop
  endfacet
  facet normal -2.431573e-001  9.663630e-001  8.376841e-002
    outer loop
      vertex -6.000000e+000 -2.096482e+000 -1.210388e-001
      vertex -4.000000e+000 -1.584429e+000 -2.226770e-001
      vertex -6.000000e+000 -2.086025e+000 -2.416725e-001
    endloop
  endfacet
  facet normal -2.412904e-001  9.557096e-001  1.685172e-001
    outer loop
      vertex -6.000000e+000 -2.086025e+000 -2.416725e-001
      vertex -4.000000e+000 -1.584429e+000 -2.226770e-001
      vertex -4.000000e+000 -1.565036e+000 -3.326587e-001
    endloop
  endfacet
  facet normal -2.436856e-001  9.597999e-001  1.392894e-001
    outer loop
      vertex -6.000000e+000 -2.086025e+000 -2.416725e-001
      vertex -4.000000e+000 -1.565036e+000 -3.326587e-001
      vertex -6.000000e+000 -2.068635e+000 -3.614984e-001
    endloop
  endfacet
  facet normal  2.481718e-001 -9.136485e-001 -3.219582e-001
    outer loop
      vertex  6.000000e+000  2.001178e+000  6.366206e-001
      vertex  6.000000e+000  1.958192e+000  7.586075e-001
      vertex  4.000000e+000  1.565036e+000  3.326587e-001
    endloop
  endfacet
  facet normal  2.502482e-001 -7.352420e-001 -6.299167e-001
    outer loop
      vertex  6.000000e+000  1.636069e+000  1.316540e+000
      vertex  6.000000e+000  1.551919e+000  1.414761e+000
      vertex  4.000000e+000  1.356877e+000  8.478708e-001
    endloop
  endfacet
  facet normal  2.477924e-001 -6.073722e-001 -7.547832e-001
    outer loop
      vertex  6.000000e+000  1.366298e+000  1.594750e+000
      vertex  6.000000e+000  1.265533e+000  1.675836e+000
      vertex  4.000000e+000  1.150944e+000  1.111453e+000
    endloop
  endfacet
  facet normal  2.498090e-001 -2.935410e-001 -9.227292e-001
    outer loop
      vertex  6.000000e+000  6.979451e-001  1.980624e+000
      vertex  6.000000e+000  5.746923e-001  2.019834e+000
      vertex  4.000000e+000  7.013938e-001  1.438070e+000
    endloop
  endfacet
  facet normal  2.474252e-001 -1.190683e-001 -9.615631e-001
    outer loop
      vertex  6.000000e+000  3.221225e-001  2.075147e+000
      vertex  6.000000e+000  1.937636e-001  2.091042e+000
      vertex  4.000000e+000  3.870750e-001  1.552473e+000
    endloop
  endfacet
  facet normal  2.493815e-001  2.362069e-001 -9.391565e-001
    outer loop
      vertex  6.000000e+000 -4.492595e-001  2.051381e+000
      vertex  6.000000e+000 -5.746922e-001  2.019834e+000
      vertex  4.000000e+000 -1.672455e-001  1.591235e+000
    endloop
  endfacet
  facet normal  2.470702e-001  4.050026e-001 -8.803006e-001
    outer loop
      vertex  6.000000e+000 -8.185503e-001  1.933902e+000
      vertex  6.000000e+000 -9.360505e-001  1.879843e+000
      vertex  4.000000e+000 -4.944272e-001  1.521690e+000
    endloop
  endfacet
  facet normal  2.489664e-001  6.953066e-001 -6.742140e-001
    outer loop
      vertex  6.000000e+000 -1.461881e+000  1.507615e+000
      vertex  6.000000e+000 -1.551919e+000  1.414761e+000
      vertex  4.000000e+000 -9.850584e-001  1.260817e+000
    endloop
  endfacet
  facet normal  2.467272e-001  8.078315e-001 -5.352886e-001
    outer loop
      vertex  6.000000e+000 -1.714013e+000  1.213325e+000
      vertex  6.000000e+000 -1.785456e+000  1.105507e+000
      vertex  4.000000e+000 -1.225671e+000  1.028460e+000
    endloop
  endfacet
  facet normal  2.485631e-001  9.461908e-001 -2.072187e-001
    outer loop
      vertex  6.000000e+000 -2.036574e+000  5.122188e-001
      vertex  6.000000e+000 -2.064244e+000  3.858740e-001
      vertex  4.000000e+000 -1.503508e+000  5.472322e-001
    endloop
  endfacet
  facet normal  2.399056e-001 -9.654781e-001 -1.014758e-001
    outer loop
      vertex  4.000000e+000  1.584429e+000  2.226770e-001
      vertex  4.000000e+000  1.596102e+000  1.116104e-001
      vertex  6.000000e+000  2.064244e+000  3.858740e-001
    endloop
  endfacet
  facet normal  2.354508e-001 -9.430169e-001 -2.351208e-001
    outer loop
      vertex  4.000000e+000  1.538019e+000  4.410198e-001
      vertex  4.000000e+000  1.565036e+000  3.326587e-001
      vertex  6.000000e+000  1.958192e+000  7.586075e-001
    endloop
  endfacet
  facet normal  2.415072e-001 -9.229043e-001 -2.998696e-001
    outer loop
      vertex  4.000000e+000  1.503508e+000  5.472322e-001
      vertex  4.000000e+000  1.538019e+000  4.410198e-001
      vertex  6.000000e+000  1.958192e+000  7.586075e-001
    endloop
  endfacet
  facet normal  2.327743e-001 -8.062643e-001 -5.438327e-001
    outer loop
      vertex  4.000000e+000  1.294427e+000  9.404564e-001
      vertex  4.000000e+000  1.356877e+000  8.478708e-001
      vertex  6.000000e+000  1.551919e+000  1.414761e+000
    endloop
  endfacet
  facet normal  2.402131e-001 -7.649378e-001 -5.976352e-001
    outer loop
      vertex  4.000000e+000  1.225671e+000  1.028460e+000
      vertex  4.000000e+000  1.294427e+000  9.404564e-001
      vertex  6.000000e+000  1.551919e+000  1.414761e+000
    endloop
  endfacet
  facet normal  2.359372e-001 -6.750471e-001 -6.990315e-001
    outer loop
      vertex  4.000000e+000  1.070609e+000  1.189032e+000
      vertex  4.000000e+000  1.150944e+000  1.111453e+000
      vertex  6.000000e+000  1.265533e+000  1.675836e+000
    endloop
  endfacet
  facet normal  2.417175e-001 -6.237267e-001 -7.433288e-001
    outer loop
      vertex  4.000000e+000  9.850584e-001  1.260817e+000
      vertex  4.000000e+000  1.070609e+000  1.189032e+000
      vertex  6.000000e+000  1.265533e+000  1.675836e+000
    endloop
  endfacet
  facet normal  2.333422e-001 -3.955089e-001 -8.883266e-001
    outer loop
      vertex  4.000000e+000  5.993705e-001  1.483494e+000
      vertex  4.000000e+000  7.013938e-001  1.438070e+000
      vertex  6.000000e+000  5.746923e-001  2.019834e+000
    endloop
  endfacet
  facet normal  2.405043e-001 -3.319809e-001 -9.121110e-001
    outer loop
      vertex  4.000000e+000  4.944272e-001  1.521690e+000
      vertex  4.000000e+000  5.993705e-001  1.483494e+000
      vertex  6.000000e+000  5.746923e-001  2.019834e+000
    endloop
  endfacet
  facet normal  2.364073e-001 -2.020181e-001 -9.504211e-001
    outer loop
      vertex  4.000000e+000  2.778371e-001  1.575692e+000
      vertex  4.000000e+000  3.870750e-001  1.552473e+000
      vertex  6.000000e+000  1.937636e-001  2.091042e+000
    endloop
  endfacet
  facet normal  2.419115e-001 -1.350394e-001 -9.608554e-001
    outer loop
      vertex  4.000000e+000  1.672455e-001  1.591235e+000
      vertex  4.000000e+000  2.778371e-001  1.575692e+000
      vertex  6.000000e+000  1.937636e-001  2.091042e+000
    endloop
  endfacet
  facet normal  2.338938e-001  1.353127e-001 -9.628001e-001
    outer loop
      vertex  4.000000e+000 -2.778371e-001  1.575692e+000
      vertex  4.000000e+000 -1.672455e-001  1.591235e+000
      vertex  6.000000e+000 -5.746922e-001  2.019834e+000
    endloop
  endfacet
  facet normal  2.407793e-001  2.017948e-001 -9.493704e-001
    outer loop
      vertex  4.000000e+000 -3.870750e-001  1.552473e+000
      vertex  4.000000e+000 -2.778371e-001  1.575692e+000
      vertex  6.000000e+000 -5.746922e-001  2.019834e+000
    endloop
  endfacet
  facet normal  2.368610e-001  3.322871e-001 -9.129524e-001
    outer loop
      vertex  4.000000e+000 -5.993705e-001  1.483494e+000
      vertex  4.000000e+000 -4.944272e-001  1.521690e+000
      vertex  6.000000e+000 -9.360505e-001  1.879843e+000
    endloop
  endfacet
  facet normal  2.420894e-001  3.946382e-001 -8.863710e-001
    outer loop
      vertex  4.000000e+000 -7.013938e-001  1.438070e+000
      vertex  4.000000e+000 -5.993705e-001  1.483494e+000
      vertex  6.000000e+000 -9.360505e-001  1.879843e+000
    endloop
  endfacet
  facet normal  2.344292e-001  6.248750e-001 -7.446974e-001
    outer loop
      vertex  4.000000e+000 -1.070609e+000  1.189032e+000
      vertex  4.000000e+000 -9.850584e-001  1.260817e+000
      vertex  6.000000e+000 -1.551919e+000  1.414761e+000
    endloop
  endfacet
  facet normal  2.410381e-001  6.741769e-001 -6.981304e-001
    outer loop
      vertex  4.000000e+000 -1.150944e+000  1.111453e+000
      vertex  4.000000e+000 -1.070609e+000  1.189032e+000
      vertex  6.000000e+000 -1.551919e+000  1.414761e+000
    endloop
  endfacet
  facet normal  2.372985e-001  7.655025e-001 -5.980764e-001
    outer loop
      vertex  4.000000e+000 -1.294427e+000  9.404564e-001
      vertex  4.000000e+000 -1.225671e+000  1.028460e+000
      vertex  6.000000e+000 -1.785456e+000  1.105507e+000
    endloop
  endfacet
  facet normal  2.422510e-001  8.043433e-001 -5.425370e-001
    outer loop
      vertex  4.000000e+000 -1.356877e+000  8.478708e-001
      vertex  4.000000e+000 -1.294427e+000  9.404564e-001
      vertex  6.000000e+000 -1.785456e+000  1.105507e+000
    endloop
  endfacet
  facet normal  2.349482e-001  9.244345e-001 -3.003668e-001
    outer loop
      vertex  4.000000e+000 -1.538019e+000  4.410198e-001
      vertex  4.000000e+000 -1.503508e+000  5.472322e-001
      vertex  6.000000e+000 -2.064244e+000  3.858740e-001
    endloop
  endfacet
  facet normal  2.412808e-001  9.416287e-001 -2.347746e-001
    outer loop
      vertex  4.000000e+000 -1.565036e+000  3.326587e-001
      vertex  4.000000e+000 -1.538019e+000  4.410198e-001
      vertex  6.000000e+000 -2.064244e+000  3.858740e-001
    endloop
  endfacet
  facet normal  2.423965e-001  9.695863e-001 -3.385894e-002
    outer loop
      vertex  6.000000e+000 -2.100000e+000  3.748859e-009
      vertex  4.000000e+000 -1.600000e+000  1.959370e-016
      vertex  4.000000e+000 -1.596102e+000  1.116104e-001
    endloop
  endfacet
  facet normal  2.377197e-001  9.660127e-001 -1.015320e-001
    outer loop
      vertex  6.000000e+000 -2.100000e+000  3.748859e-009
      vertex  4.000000e+000 -1.596102e+000  1.116104e-001
      vertex  4.000000e+000 -1.584429e+000  2.226770e-001
    endloop
  endfacet
  facet normal  2.463963e-001  9.687095e-001 -2.984570e-002
    outer loop
      vertex  6.000000e+000 -2.100000e+000  3.748859e-009
      vertex  4.000000e+000 -1.584429e+000  2.226770e-001
      vertex  6.000000e+000 -2.096017e+000  1.292779e-001
    endloop
  endfacet
  facet normal  2.424273e-001 -9.697094e-001 -2.987651e-002
    outer loop
      vertex  4.000000e+000  1.600000e+000 -3.918740e-016
      vertex  6.000000e+000  2.100000e+000 -8.881784e-016
      vertex  6.000000e+000  2.096017e+000  1.292779e-001
    endloop
  endfacet
  facet normal  2.451941e-001 -9.653384e-001 -8.945090e-002
    outer loop
      vertex  4.000000e+000  1.600000e+000 -3.918740e-016
      vertex  6.000000e+000  2.096017e+000  1.292779e-001
      vertex  6.000000e+000  2.084083e+000  2.580654e-001
    endloop
  endfacet
  facet normal  2.506994e-001 -9.566084e-001 -1.484928e-001
    outer loop
      vertex  4.000000e+000  1.600000e+000 -3.918740e-016
      vertex  6.000000e+000  2.084083e+000  2.580654e-001
      vertex  6.000000e+000  2.064244e+000  3.858740e-001
    endloop
  endfacet
  facet normal  2.321899e-001 -9.720780e-001 -3.394596e-002
    outer loop
      vertex  4.000000e+000  1.600000e+000 -3.918740e-016
      vertex  6.000000e+000  2.064244e+000  3.858740e-001
      vertex  4.000000e+000  1.596102e+000  1.116104e-001
    endloop
  endfacet
  facet normal  2.437567e-001 -9.328135e-001 -2.654085e-001
    outer loop
      vertex  6.000000e+000  2.001178e+000  6.366206e-001
      vertex  4.000000e+000  1.565036e+000  3.326587e-001
      vertex  6.000000e+000  2.036574e+000  5.122188e-001
    endloop
  endfacet
  facet normal  2.405043e-001 -9.559018e-001 -1.685511e-001
    outer loop
      vertex  6.000000e+000  2.036574e+000  5.122188e-001
      vertex  4.000000e+000  1.565036e+000  3.326587e-001
      vertex  4.000000e+000  1.584429e+000  2.226770e-001
    endloop
  endfacet
  facet normal  2.441869e-001 -9.472774e-001 -2.074566e-001
    outer loop
      vertex  6.000000e+000  2.036574e+000  5.122188e-001
      vertex  4.000000e+000  1.584429e+000  2.226770e-001
      vertex  6.000000e+000  2.064244e+000  3.858740e-001
    endloop
  endfacet
  facet normal  2.427599e-001 -8.683856e-001 -4.324050e-001
    outer loop
      vertex  6.000000e+000  1.850126e+000  9.934965e-001
      vertex  4.000000e+000  1.461673e+000  6.507787e-001
      vertex  6.000000e+000  1.907777e+000  8.777167e-001
    endloop
  endfacet
  facet normal  2.419115e-001 -8.996451e-001 -3.634798e-001
    outer loop
      vertex  6.000000e+000  1.907777e+000  8.777167e-001
      vertex  4.000000e+000  1.461673e+000  6.507787e-001
      vertex  4.000000e+000  1.503508e+000  5.472322e-001
    endloop
  endfacet
  facet normal  2.430430e-001 -8.932927e-001 -3.780980e-001
    outer loop
      vertex  6.000000e+000  1.907777e+000  8.777167e-001
      vertex  4.000000e+000  1.503508e+000  5.472322e-001
      vertex  6.000000e+000  1.958192e+000  7.586075e-001
    endloop
  endfacet
  facet normal  2.449240e-001 -7.737117e-001 -5.842795e-001
    outer loop
      vertex  6.000000e+000  1.636069e+000  1.316540e+000
      vertex  4.000000e+000  1.356877e+000  8.478708e-001
      vertex  6.000000e+000  1.714013e+000  1.213325e+000
    endloop
  endfacet
  facet normal  2.388857e-001 -8.409521e-001 -4.855237e-001
    outer loop
      vertex  6.000000e+000  1.714013e+000  1.213325e+000
      vertex  4.000000e+000  1.356877e+000  8.478708e-001
      vertex  4.000000e+000  1.412716e+000  7.511545e-001
    endloop
  endfacet
  facet normal  2.454765e-001 -8.080963e-001 -5.354640e-001
    outer loop
      vertex  6.000000e+000  1.714013e+000  1.213325e+000
      vertex  4.000000e+000  1.412716e+000  7.511545e-001
      vertex  6.000000e+000  1.785456e+000  1.105507e+000
    endloop
  endfacet
  facet normal  2.381247e-001 -8.729396e-001 -4.257617e-001
    outer loop
      vertex  6.000000e+000  1.785456e+000  1.105507e+000
      vertex  4.000000e+000  1.412716e+000  7.511545e-001
      vertex  4.000000e+000  1.461673e+000  6.507787e-001
    endloop
  endfacet
  facet normal  2.460775e-001 -8.393952e-001 -4.846252e-001
    outer loop
      vertex  6.000000e+000  1.785456e+000  1.105507e+000
      vertex  4.000000e+000  1.461673e+000  6.507787e-001
      vertex  6.000000e+000  1.850126e+000  9.934965e-001
    endloop
  endfacet
  facet normal  2.435598e-001 -6.534075e-001 -7.167546e-001
    outer loop
      vertex  6.000000e+000  1.366298e+000  1.594750e+000
      vertex  4.000000e+000  1.150944e+000  1.111453e+000
      vertex  6.000000e+000  1.461881e+000  1.507615e+000
    endloop
  endfacet
  facet normal  2.407793e-001 -7.212816e-001 -6.494444e-001
    outer loop
      vertex  6.000000e+000  1.461881e+000  1.507615e+000
      vertex  4.000000e+000  1.150944e+000  1.111453e+000
      vertex  4.000000e+000  1.225671e+000  1.028460e+000
    endloop
  endfacet
  facet normal  2.439657e-001 -6.962196e-001 -6.750993e-001
    outer loop
      vertex  6.000000e+000  1.461881e+000  1.507615e+000
      vertex  4.000000e+000  1.225671e+000  1.028460e+000
      vertex  6.000000e+000  1.551919e+000  1.414761e+000
    endloop
  endfacet
  facet normal  2.426368e-001 -5.107004e-001 -8.248106e-001
    outer loop
      vertex  6.000000e+000  1.050000e+000  1.818653e+000
      vertex  4.000000e+000  8.947086e-001  1.326460e+000
      vertex  6.000000e+000  1.159966e+000  1.750565e+000
    endloop
  endfacet
  facet normal  2.420894e-001 -5.703011e-001 -7.849518e-001
    outer loop
      vertex  6.000000e+000  1.159966e+000  1.750565e+000
      vertex  4.000000e+000  8.947086e-001  1.326460e+000
      vertex  4.000000e+000  9.850584e-001  1.260817e+000
    endloop
  endfacet
  facet normal  2.428953e-001 -5.604712e-001 -7.917538e-001
    outer loop
      vertex  6.000000e+000  1.159966e+000  1.750565e+000
      vertex  4.000000e+000  9.850584e-001  1.260817e+000
      vertex  6.000000e+000  1.265533e+000  1.675836e+000
    endloop
  endfacet
  facet normal  2.446662e-001 -3.502628e-001 -9.041319e-001
    outer loop
      vertex  6.000000e+000  6.979451e-001  1.980624e+000
      vertex  4.000000e+000  7.013938e-001  1.438070e+000
      vertex  6.000000e+000  8.185503e-001  1.933902e+000
    endloop
  endfacet
  facet normal  2.392419e-001 -4.558378e-001 -8.573069e-001
    outer loop
      vertex  6.000000e+000  8.185503e-001  1.933902e+000
      vertex  4.000000e+000  7.013938e-001  1.438070e+000
      vertex  4.000000e+000  8.000000e-001  1.385641e+000
    endloop
  endfacet
  facet normal  2.451942e-001 -4.052017e-001 -8.807334e-001
    outer loop
      vertex  6.000000e+000  8.185503e-001  1.933902e+000
      vertex  4.000000e+000  8.000000e-001  1.385641e+000
      vertex  6.000000e+000  9.360505e-001  1.879843e+000
    endloop
  endfacet
  facet normal  2.385133e-001 -5.146253e-001 -8.235728e-001
    outer loop
      vertex  6.000000e+000  9.360505e-001  1.879843e+000
      vertex  4.000000e+000  8.000000e-001  1.385641e+000
      vertex  4.000000e+000  8.947086e-001  1.326460e+000
    endloop
  endfacet
  facet normal  2.457710e-001 -4.585827e-001 -8.539898e-001
    outer loop
      vertex  6.000000e+000  9.360505e-001  1.879843e+000
      vertex  4.000000e+000  8.947086e-001  1.326460e+000
      vertex  6.000000e+000  1.050000e+000  1.818653e+000
    endloop
  endfacet
  facet normal  2.433752e-001 -1.782247e-001 -9.534172e-001
    outer loop
      vertex  6.000000e+000  3.221225e-001  2.075147e+000
      vertex  4.000000e+000  3.870750e-001  1.552473e+000
      vertex  6.000000e+000  4.492595e-001  2.051381e+000
    endloop
  endfacet
  facet normal  2.410381e-001 -2.675110e-001 -9.329194e-001
    outer loop
      vertex  6.000000e+000  4.492595e-001  2.051381e+000
      vertex  4.000000e+000  3.870750e-001  1.552473e+000
      vertex  4.000000e+000  4.944272e-001  1.521690e+000
    endloop
  endfacet
  facet normal  2.437566e-001 -2.365559e-001 -9.405445e-001
    outer loop
      vertex  6.000000e+000  4.492595e-001  2.051381e+000
      vertex  4.000000e+000  4.944272e-001  1.521690e+000
      vertex  6.000000e+000  5.746923e-001  2.019834e+000
    endloop
  endfacet
  facet normal  2.425259e-001  0.000000e+000 -9.701449e-001
    outer loop
      vertex  6.000000e+000 -6.466962e-002  2.099004e+000
      vertex  4.000000e+000  5.583920e-002  1.599025e+000
      vertex  6.000000e+000  6.466962e-002  2.099004e+000
    endloop
  endfacet
  facet normal  2.422511e-001 -6.767900e-002 -9.678503e-001
    outer loop
      vertex  6.000000e+000  6.466962e-002  2.099004e+000
      vertex  4.000000e+000  5.583920e-002  1.599025e+000
      vertex  4.000000e+000  1.672455e-001  1.591235e+000
    endloop
  endfacet
  facet normal  2.427599e-001 -5.971929e-002 -9.682464e-001
    outer loop
      vertex  6.000000e+000  6.466962e-002  2.099004e+000
      vertex  4.000000e+000  1.672455e-001  1.591235e+000
      vertex  6.000000e+000  1.937636e-001  2.091042e+000
    endloop
  endfacet
  facet normal  2.444204e-001  1.781764e-001 -9.531589e-001
    outer loop
      vertex  6.000000e+000 -4.492595e-001  2.051381e+000
      vertex  4.000000e+000 -1.672455e-001  1.591235e+000
      vertex  6.000000e+000 -3.221225e-001  2.075147e+000
    endloop
  endfacet
  facet normal  2.395818e-001  6.772523e-002 -9.685112e-001
    outer loop
      vertex  6.000000e+000 -3.221225e-001  2.075147e+000
      vertex  4.000000e+000 -1.672455e-001  1.591235e+000
      vertex  4.000000e+000 -5.583920e-002  1.599025e+000
    endloop
  endfacet
  facet normal  2.449241e-001  1.191464e-001 -9.621935e-001
    outer loop
      vertex  6.000000e+000 -3.221225e-001  2.075147e+000
      vertex  4.000000e+000 -5.583920e-002  1.599025e+000
      vertex  6.000000e+000 -1.937636e-001  2.091042e+000
    endloop
  endfacet
  facet normal  2.388857e-001  0.000000e+000 -9.710476e-001
    outer loop
      vertex  6.000000e+000 -1.937636e-001  2.091042e+000
      vertex  4.000000e+000 -5.583920e-002  1.599025e+000
      vertex  4.000000e+000  5.583920e-002  1.599025e+000
    endloop
  endfacet
  facet normal  2.454765e-001  5.967720e-002 -9.675640e-001
    outer loop
      vertex  6.000000e+000 -1.937636e-001  2.091042e+000
      vertex  4.000000e+000  5.583920e-002  1.599025e+000
      vertex  6.000000e+000 -6.466962e-002  2.099004e+000
    endloop
  endfacet
  facet normal  2.432030e-001  3.503957e-001 -9.044750e-001
    outer loop
      vertex  6.000000e+000 -8.185503e-001  1.933902e+000
      vertex  4.000000e+000 -4.944272e-001  1.521690e+000
      vertex  6.000000e+000 -6.979451e-001  1.980624e+000
    endloop
  endfacet
  facet normal  2.412808e-001  2.674944e-001 -9.328613e-001
    outer loop
      vertex  6.000000e+000 -6.979451e-001  1.980624e+000
      vertex  4.000000e+000 -4.944272e-001  1.521690e+000
      vertex  4.000000e+000 -3.870750e-001  1.552473e+000
    endloop
  endfacet
  facet normal  2.435598e-001  2.940231e-001 -9.242451e-001
    outer loop
      vertex  6.000000e+000 -6.979451e-001  1.980624e+000
      vertex  4.000000e+000 -3.870750e-001  1.552473e+000
      vertex  6.000000e+000 -5.746922e-001  2.019834e+000
    endloop
  endfacet
  facet normal  2.424274e-001  5.107280e-001 -8.248551e-001
    outer loop
      vertex  6.000000e+000 -1.159966e+000  1.750565e+000
      vertex  4.000000e+000 -8.000000e-001  1.385641e+000
      vertex  6.000000e+000 -1.050000e+000  1.818653e+000
    endloop
  endfacet
  facet normal  2.423966e-001  4.554704e-001 -8.566158e-001
    outer loop
      vertex  6.000000e+000 -1.050000e+000  1.818653e+000
      vertex  4.000000e+000 -8.000000e-001  1.385641e+000
      vertex  4.000000e+000 -7.013938e-001  1.438070e+000
    endloop
  endfacet
  facet normal  2.426368e-001  4.589562e-001 -8.546852e-001
    outer loop
      vertex  6.000000e+000 -1.050000e+000  1.818653e+000
      vertex  4.000000e+000 -7.013938e-001  1.438070e+000
      vertex  6.000000e+000 -9.360505e-001  1.879843e+000
    endloop
  endfacet
  facet normal  2.441869e-001  6.533013e-001 -7.166380e-001
    outer loop
      vertex  6.000000e+000 -1.461881e+000  1.507615e+000
      vertex  4.000000e+000 -9.850584e-001  1.260817e+000
      vertex  6.000000e+000 -1.366298e+000  1.594750e+000
    endloop
  endfacet
  facet normal  2.399056e-001  5.706199e-001 -7.853906e-001
    outer loop
      vertex  6.000000e+000 -1.366298e+000  1.594750e+000
      vertex  4.000000e+000 -9.850584e-001  1.260817e+000
      vertex  4.000000e+000 -8.947086e-001  1.326460e+000
    endloop
  endfacet
  facet normal  2.446662e-001  6.078702e-001 -7.554020e-001
    outer loop
      vertex  6.000000e+000 -1.366298e+000  1.594750e+000
      vertex  4.000000e+000 -8.947086e-001  1.326460e+000
      vertex  6.000000e+000 -1.265533e+000  1.675836e+000
    endloop
  endfacet
  facet normal  2.392419e-001  5.145304e-001 -8.234209e-001
    outer loop
      vertex  6.000000e+000 -1.265533e+000  1.675836e+000
      vertex  4.000000e+000 -8.947086e-001  1.326460e+000
      vertex  4.000000e+000 -8.000000e-001  1.385641e+000
    endloop
  endfacet
  facet normal  2.451942e-001  5.601369e-001 -7.912815e-001
    outer loop
      vertex  6.000000e+000 -1.265533e+000  1.675836e+000
      vertex  4.000000e+000 -8.000000e-001  1.385641e+000
      vertex  6.000000e+000 -1.159966e+000  1.750565e+000
    endloop
  endfacet
  facet normal  2.430431e-001  7.740893e-001 -5.845647e-001
    outer loop
      vertex  6.000000e+000 -1.714013e+000  1.213325e+000
      vertex  4.000000e+000 -1.225671e+000  1.028460e+000
      vertex  6.000000e+000 -1.636069e+000  1.316540e+000
    endloop
  endfacet
  facet normal  2.415072e-001  7.211473e-001 -6.493234e-001
    outer loop
      vertex  6.000000e+000 -1.636069e+000  1.316540e+000
      vertex  4.000000e+000 -1.225671e+000  1.028460e+000
      vertex  4.000000e+000 -1.150944e+000  1.111453e+000
    endloop
  endfacet
  facet normal  2.433753e-001  7.365714e-001 -6.310556e-001
    outer loop
      vertex  6.000000e+000 -1.636069e+000  1.316540e+000
      vertex  4.000000e+000 -1.150944e+000  1.111453e+000
      vertex  6.000000e+000 -1.551919e+000  1.414761e+000
    endloop
  endfacet
  facet normal  2.425259e-001  8.401701e-001 -4.850726e-001
    outer loop
      vertex  6.000000e+000 -1.785456e+000  1.105507e+000
      vertex  6.000000e+000 -1.850126e+000  9.934965e-001
      vertex  4.000000e+000 -1.356877e+000  8.478708e-001
    endloop
  endfacet
  facet normal  2.454764e-001  8.677734e-001 -4.321002e-001
    outer loop
      vertex  4.000000e+000 -1.356877e+000  8.478708e-001
      vertex  6.000000e+000 -1.850126e+000  9.934965e-001
      vertex  6.000000e+000 -1.907777e+000  8.777167e-001
    endloop
  endfacet
  facet normal  2.388857e-001  8.409521e-001 -4.855237e-001
    outer loop
      vertex  4.000000e+000 -1.356877e+000  8.478708e-001
      vertex  6.000000e+000 -1.907777e+000  8.777167e-001
      vertex  4.000000e+000 -1.412716e+000  7.511545e-001
    endloop
  endfacet
  facet normal  2.449241e-001  8.928570e-001 -3.779136e-001
    outer loop
      vertex  4.000000e+000 -1.412716e+000  7.511545e-001
      vertex  6.000000e+000 -1.907777e+000  8.777167e-001
      vertex  6.000000e+000 -1.958192e+000  7.586075e-001
    endloop
  endfacet
  facet normal  2.395817e-001  8.726175e-001 -4.256046e-001
    outer loop
      vertex  4.000000e+000 -1.412716e+000  7.511545e-001
      vertex  6.000000e+000 -1.958192e+000  7.586075e-001
      vertex  4.000000e+000 -1.461673e+000  6.507787e-001
    endloop
  endfacet
  facet normal  2.439657e-001  9.327629e-001 -2.653941e-001
    outer loop
      vertex  6.000000e+000 -2.036574e+000  5.122188e-001
      vertex  4.000000e+000 -1.503508e+000  5.472322e-001
      vertex  6.000000e+000 -2.001178e+000  6.366206e-001
    endloop
  endfacet
  facet normal  2.402131e-001  9.000363e-001 -3.636378e-001
    outer loop
      vertex  6.000000e+000 -2.001178e+000  6.366206e-001
      vertex  4.000000e+000 -1.503508e+000  5.472322e-001
      vertex  4.000000e+000 -1.461673e+000  6.507787e-001
    endloop
  endfacet
  facet normal  2.444204e-001  9.145477e-001 -3.222751e-001
    outer loop
      vertex  6.000000e+000 -2.001178e+000  6.366206e-001
      vertex  4.000000e+000 -1.461673e+000  6.507787e-001
      vertex  6.000000e+000 -1.958192e+000  7.586075e-001
    endloop
  endfacet
  facet normal  2.428953e-001  9.659145e-001 -8.950429e-002
    outer loop
      vertex  6.000000e+000 -2.096017e+000  1.292779e-001
      vertex  4.000000e+000 -1.584429e+000  2.226770e-001
      vertex  6.000000e+000 -2.084083e+000  2.580654e-001
    endloop
  endfacet
  facet normal  2.417175e-001  9.556050e-001 -1.684988e-001
    outer loop
      vertex  6.000000e+000 -2.084083e+000  2.580654e-001
      vertex  4.000000e+000 -1.584429e+000  2.226770e-001
      vertex  4.000000e+000 -1.565036e+000  3.326587e-001
    endloop
  endfacet
  facet normal  2.432030e-001  9.584963e-001 -1.487858e-001
    outer loop
      vertex  6.000000e+000 -2.084083e+000  2.580654e-001
      vertex  4.000000e+000 -1.565036e+000  3.326587e-001
      vertex  6.000000e+000 -2.064244e+000  3.858740e-001
    endloop
  endfacet
  facet normal  2.468084e-001  9.189811e-001  3.075052e-001
    outer loop
      vertex  6.000000e+000 -2.010151e+000 -6.076611e-001
      vertex  6.000000e+000 -1.971031e+000 -7.245717e-001
      vertex  4.000000e+000 -1.565036e+000 -3.326587e-001
    endloop
  endfacet
  facet normal  2.405316e-001  9.653240e-001  1.014596e-001
    outer loop
      vertex  6.000000e+000 -2.067502e+000 -3.679673e-001
      vertex  4.000000e+000 -1.584429e+000 -2.226770e-001
      vertex  4.000000e+000 -1.596102e+000 -1.116104e-001
    endloop
  endfacet
  facet normal  2.422806e-001  9.227210e-001  2.998101e-001
    outer loop
      vertex  6.000000e+000 -1.971031e+000 -7.245717e-001
      vertex  4.000000e+000 -1.503508e+000 -5.472322e-001
      vertex  4.000000e+000 -1.538019e+000 -4.410198e-001
    endloop
  endfacet
  facet normal  2.373882e-001  9.425597e-001  2.350067e-001
    outer loop
      vertex  4.000000e+000 -1.538019e+000 -4.410198e-001
      vertex  4.000000e+000 -1.565036e+000 -3.326587e-001
      vertex  6.000000e+000 -1.971031e+000 -7.245717e-001
    endloop
  endfacet
  facet normal  2.472118e-001  7.553159e-001  6.069465e-001
    outer loop
      vertex  6.000000e+000 -1.675619e+000 -1.265820e+000
      vertex  6.000000e+000 -1.596895e+000 -1.363788e+000
      vertex  4.000000e+000 -1.356877e+000 -8.478708e-001
    endloop
  endfacet
  facet normal  2.426501e-001  7.185014e-001  6.518257e-001
    outer loop
      vertex  6.000000e+000 -1.596895e+000 -1.363788e+000
      vertex  6.000000e+000 -1.512447e+000 -1.456875e+000
      vertex  4.000000e+000 -1.225671e+000 -1.028460e+000
    endloop
  endfacet
  facet normal  2.420684e-001  7.645745e-001  5.973514e-001
    outer loop
      vertex  6.000000e+000 -1.596895e+000 -1.363788e+000
      vertex  4.000000e+000 -1.225671e+000 -1.028460e+000
      vertex  4.000000e+000 -1.294427e+000 -9.404564e-001
    endloop
  endfacet
  facet normal  2.368078e-001  8.054566e-001  5.432879e-001
    outer loop
      vertex  4.000000e+000 -1.294427e+000 -9.404564e-001
      vertex  4.000000e+000 -1.356877e+000 -8.478708e-001
      vertex  6.000000e+000 -1.596895e+000 -1.363788e+000
    endloop
  endfacet
  facet normal  2.456522e-001  3.370849e-001  9.088612e-001
    outer loop
      vertex  6.000000e+000 -7.888393e-001 -1.946209e+000
      vertex  6.000000e+000 -6.710060e-001 -1.989912e+000
      vertex  4.000000e+000 -7.013938e-001 -1.438070e+000
    endloop
  endfacet
  facet normal  2.464991e-001  1.309303e-001  9.602580e-001
    outer loop
      vertex  6.000000e+000 -3.399885e-001 -2.072295e+000
      vertex  6.000000e+000 -2.272149e-001 -2.087672e+000
      vertex  4.000000e+000 -3.870750e-001 -1.552473e+000
    endloop
  endfacet
  facet normal  2.422774e-001  2.849798e-001  9.274094e-001
    outer loop
      vertex  4.000000e+000 -4.944272e-001 -1.521690e+000
      vertex  6.000000e+000 -6.710060e-001 -1.989912e+000
      vertex  6.000000e+000 -5.622106e-001 -2.023344e+000
    endloop
  endfacet
  facet normal  2.427083e-001  3.317932e-001  9.115953e-001
    outer loop
      vertex  4.000000e+000 -5.993705e-001 -1.483494e+000
      vertex  6.000000e+000 -6.710060e-001 -1.989912e+000
      vertex  4.000000e+000 -4.944272e-001 -1.521690e+000
    endloop
  endfacet
  facet normal  2.387741e-001  3.949722e-001  8.871212e-001
    outer loop
      vertex  4.000000e+000 -5.993705e-001 -1.483494e+000
      vertex  4.000000e+000 -7.013938e-001 -1.438070e+000
      vertex  6.000000e+000 -6.710060e-001 -1.989912e+000
    endloop
  endfacet
  facet normal  2.425135e-001  1.350185e-001  9.607066e-001
    outer loop
      vertex  4.000000e+000 -2.778371e-001 -1.575692e+000
      vertex  6.000000e+000 -2.272149e-001 -2.087672e+000
      vertex  4.000000e+000 -1.672455e-001 -1.591235e+000
    endloop
  endfacet
  facet normal  2.380843e-001  2.019330e-001  9.500204e-001
    outer loop
      vertex  4.000000e+000 -2.778371e-001 -1.575692e+000
      vertex  4.000000e+000 -3.870750e-001 -1.552473e+000
      vertex  6.000000e+000 -2.272149e-001 -2.087672e+000
    endloop
  endfacet
  facet normal  2.460399e-001 -2.007608e-001  9.482402e-001
    outer loop
      vertex  6.000000e+000  3.734466e-001 -2.066518e+000
      vertex  6.000000e+000  4.958758e-001 -2.040598e+000
      vertex  4.000000e+000  1.672455e-001 -1.591235e+000
    endloop
  endfacet
  facet normal  2.423095e-001 -2.571325e-001  9.355047e-001
    outer loop
      vertex  4.000000e+000  3.870750e-001 -1.552473e+000
      vertex  6.000000e+000  4.958758e-001 -2.040598e+000
      vertex  6.000000e+000  6.165503e-001 -2.007429e+000
    endloop
  endfacet
  facet normal  2.425716e-001 -2.017020e-001  9.489338e-001
    outer loop
      vertex  4.000000e+000  2.778371e-001 -1.575692e+000
      vertex  6.000000e+000  4.958758e-001 -2.040598e+000
      vertex  4.000000e+000  3.870750e-001 -1.552473e+000
    endloop
  endfacet
  facet normal  2.382948e-001 -1.351639e-001  9.617413e-001
    outer loop
      vertex  4.000000e+000  2.778371e-001 -1.575692e+000
      vertex  4.000000e+000  1.672455e-001 -1.591235e+000
      vertex  6.000000e+000  4.958758e-001 -2.040598e+000
    endloop
  endfacet
  facet normal  2.421157e-001 -4.193824e-001  8.749276e-001
    outer loop
      vertex  4.000000e+000  7.013938e-001 -1.438070e+000
      vertex  6.000000e+000  8.509212e-001 -1.919850e+000
      vertex  6.000000e+000  9.637802e-001 -1.865753e+000
    endloop
  endfacet
  facet normal  2.467817e-001 -8.080980e-001  5.348611e-001
    outer loop
      vertex  6.000000e+000  1.715313e+000 -1.211470e+000
      vertex  6.000000e+000  1.785269e+000 -1.105777e+000
      vertex  4.000000e+000  1.225671e+000 -1.028460e+000
    endloop
  endfacet
  facet normal  2.421005e-001 -6.993752e-001  6.725039e-001
    outer loop
      vertex  4.000000e+000  1.150944e+000 -1.111453e+000
      vertex  6.000000e+000  1.469104e+000 -1.500578e+000
      vertex  6.000000e+000  1.556942e+000 -1.409229e+000
    endloop
  endfacet
  facet normal  2.422488e-001 -8.043437e-001  5.425372e-001
    outer loop
      vertex  6.000000e+000  1.785269e+000 -1.105777e+000
      vertex  4.000000e+000  1.356877e+000 -8.478708e-001
      vertex  4.000000e+000  1.294427e+000 -9.404564e-001
    endloop
  endfacet
  facet normal  2.373068e-001 -7.655009e-001  5.980752e-001
    outer loop
      vertex  4.000000e+000  1.294427e+000 -9.404564e-001
      vertex  4.000000e+000  1.225671e+000 -1.028460e+000
      vertex  6.000000e+000  1.785269e+000 -1.105777e+000
    endloop
  endfacet
  facet normal  2.479172e-001 -9.448835e-001  2.138508e-001
    outer loop
      vertex  6.000000e+000  2.033289e+000 -5.250350e-001
      vertex  6.000000e+000  2.061268e+000 -4.014135e-001
      vertex  4.000000e+000  1.503508e+000 -5.472322e-001
    endloop
  endfacet
  facet normal  2.456134e-001 -9.685356e-001  4.015979e-002
    outer loop
      vertex  6.000000e+000  2.094617e+000 -1.502602e-001
      vertex  6.000000e+000  2.099867e+000 -2.364052e-002
      vertex  4.000000e+000  1.584429e+000 -2.226770e-001
    endloop
  endfacet
  facet normal  2.416792e-001 -9.415324e-001  2.347506e-001
    outer loop
      vertex  6.000000e+000  2.061268e+000 -4.014135e-001
      vertex  4.000000e+000  1.565036e+000 -3.326587e-001
      vertex  4.000000e+000  1.538019e+000 -4.410198e-001
    endloop
  endfacet
  facet normal  2.358533e-001 -9.242259e-001  3.002990e-001
    outer loop
      vertex  4.000000e+000  1.538019e+000 -4.410198e-001
      vertex  4.000000e+000  1.503508e+000 -5.472322e-001
      vertex  6.000000e+000  2.061268e+000 -4.014135e-001
    endloop
  endfacet
  facet normal  2.423965e-001 -9.695863e-001  3.385894e-002
    outer loop
      vertex  6.000000e+000  2.100000e+000 -8.881784e-016
      vertex  4.000000e+000  1.600000e+000 -3.918740e-016
      vertex  4.000000e+000  1.596102e+000 -1.116104e-001
    endloop
  endfacet
  facet normal  2.377197e-001 -9.660127e-001  1.015320e-001
    outer loop
      vertex  6.000000e+000  2.100000e+000 -8.881784e-016
      vertex  4.000000e+000  1.596102e+000 -1.116104e-001
      vertex  4.000000e+000  1.584429e+000 -2.226770e-001
    endloop
  endfacet
  facet normal  2.490520e-001 -9.684748e-001  5.450112e-003
    outer loop
      vertex  6.000000e+000  2.100000e+000 -8.881784e-016
      vertex  4.000000e+000  1.584429e+000 -2.226770e-001
      vertex  6.000000e+000  2.099867e+000 -2.364052e-002
    endloop
  endfacet
  facet normal  2.424371e-001  9.697486e-001  2.849335e-002
    outer loop
      vertex  4.000000e+000 -1.600000e+000  1.959370e-016
      vertex  6.000000e+000 -2.100000e+000  3.748859e-009
      vertex  6.000000e+000 -2.096380e+000 -1.232169e-001
    endloop
  endfacet
  facet normal  2.449507e-001  9.657763e-001  8.529546e-002
    outer loop
      vertex  4.000000e+000 -1.600000e+000  1.959370e-016
      vertex  6.000000e+000 -2.096380e+000 -1.232169e-001
      vertex  6.000000e+000 -2.085534e+000 -2.460139e-001
    endloop
  endfacet
  facet normal  2.499543e-001  9.578435e-001  1.416290e-001
    outer loop
      vertex  4.000000e+000 -1.600000e+000  1.959370e-016
      vertex  6.000000e+000 -2.085534e+000 -2.460139e-001
      vertex  6.000000e+000 -2.067502e+000 -3.679673e-001
    endloop
  endfacet
  facet normal  2.334002e-001  9.717885e-001  3.393585e-002
    outer loop
      vertex  4.000000e+000 -1.600000e+000  1.959370e-016
      vertex  6.000000e+000 -2.067502e+000 -3.679673e-001
      vertex  4.000000e+000 -1.596102e+000 -1.116104e-001
    endloop
  endfacet
  facet normal  2.432128e-001  9.363160e-001  2.532982e-001
    outer loop
      vertex  6.000000e+000 -2.010151e+000 -6.076611e-001
      vertex  4.000000e+000 -1.565036e+000 -3.326587e-001
      vertex  6.000000e+000 -2.042345e+000 -4.886556e-001
    endloop
  endfacet
  facet normal  2.412320e-001  9.557239e-001  1.685197e-001
    outer loop
      vertex  6.000000e+000 -2.042345e+000 -4.886556e-001
      vertex  4.000000e+000 -1.565036e+000 -3.326587e-001
      vertex  4.000000e+000 -1.584429e+000 -2.226770e-001
    endloop
  endfacet
  facet normal  2.437022e-001  9.494429e-001  1.979074e-001
    outer loop
      vertex  6.000000e+000 -2.042345e+000 -4.886556e-001
      vertex  4.000000e+000 -1.584429e+000 -2.226770e-001
      vertex  6.000000e+000 -2.067502e+000 -3.679673e-001
    endloop
  endfacet
  facet normal  2.425063e-001  9.003637e-001  3.612973e-001
    outer loop
      vertex  6.000000e+000 -1.971031e+000 -7.245717e-001
      vertex  6.000000e+000 -1.925120e+000 -8.389826e-001
      vertex  4.000000e+000 -1.503508e+000 -5.472322e-001
    endloop
  endfacet
  facet normal  2.451577e-001  8.770089e-001  4.132230e-001
    outer loop
      vertex  4.000000e+000 -1.503508e+000 -5.472322e-001
      vertex  6.000000e+000 -1.925120e+000 -8.389826e-001
      vertex  6.000000e+000 -1.872577e+000 -9.504982e-001
    endloop
  endfacet
  facet normal  2.394552e-001  9.002098e-001  3.637080e-001
    outer loop
      vertex  4.000000e+000 -1.503508e+000 -5.472322e-001
      vertex  6.000000e+000 -1.872577e+000 -9.504982e-001
      vertex  4.000000e+000 -1.461673e+000 -6.507787e-001
    endloop
  endfacet
  facet normal  2.444662e-001  8.514004e-001  4.640618e-001
    outer loop
      vertex  4.000000e+000 -1.461673e+000 -6.507787e-001
      vertex  6.000000e+000 -1.872577e+000 -9.504982e-001
      vertex  6.000000e+000 -1.813582e+000 -1.058734e+000
    endloop
  endfacet
  facet normal  2.403104e-001  8.724555e-001  4.255256e-001
    outer loop
      vertex  4.000000e+000 -1.461673e+000 -6.507787e-001
      vertex  6.000000e+000 -1.813582e+000 -1.058734e+000
      vertex  4.000000e+000 -1.412716e+000 -7.511545e-001
    endloop
  endfacet
  facet normal  2.433572e-001  7.910725e-001  5.612321e-001
    outer loop
      vertex  6.000000e+000 -1.675619e+000 -1.265820e+000
      vertex  4.000000e+000 -1.356877e+000 -8.478708e-001
      vertex  6.000000e+000 -1.748339e+000 -1.163319e+000
    endloop
  endfacet
  facet normal  2.410465e-001  8.404895e-001  4.852566e-001
    outer loop
      vertex  6.000000e+000 -1.748339e+000 -1.163319e+000
      vertex  4.000000e+000 -1.356877e+000 -8.478708e-001
      vertex  4.000000e+000 -1.412716e+000 -7.511545e-001
    endloop
  endfacet
  facet normal  2.438634e-001  8.228287e-001  5.133066e-001
    outer loop
      vertex  6.000000e+000 -1.748339e+000 -1.163319e+000
      vertex  4.000000e+000 -1.412716e+000 -7.511545e-001
      vertex  6.000000e+000 -1.813582e+000 -1.058734e+000
    endloop
  endfacet
  facet normal  2.428854e-001  6.235391e-001  7.431054e-001
    outer loop
      vertex  4.000000e+000 -9.850584e-001 -1.260817e+000
      vertex  4.000000e+000 -1.070609e+000 -1.189032e+000
      vertex  6.000000e+000 -1.327611e+000 -1.627086e+000
    endloop
  endfacet
  facet normal  2.396279e-001  6.744195e-001  6.983816e-001
    outer loop
      vertex  6.000000e+000 -1.327611e+000 -1.627086e+000
      vertex  4.000000e+000 -1.070609e+000 -1.189032e+000
      vertex  4.000000e+000 -1.150944e+000 -1.111453e+000
    endloop
  endfacet
  facet normal  2.449615e-001  6.351334e-001  7.325295e-001
    outer loop
      vertex  6.000000e+000 -1.327611e+000 -1.627086e+000
      vertex  4.000000e+000 -1.150944e+000 -1.111453e+000
      vertex  6.000000e+000 -1.422578e+000 -1.544745e+000
    endloop
  endfacet
  facet normal  2.387831e-001  7.216480e-001  6.497743e-001
    outer loop
      vertex  6.000000e+000 -1.422578e+000 -1.544745e+000
      vertex  4.000000e+000 -1.150944e+000 -1.111453e+000
      vertex  4.000000e+000 -1.225671e+000 -1.028460e+000
    endloop
  endfacet
  facet normal  2.456408e-001  6.776930e-001  6.931038e-001
    outer loop
      vertex  6.000000e+000 -1.422578e+000 -1.544745e+000
      vertex  4.000000e+000 -1.225671e+000 -1.028460e+000
      vertex  6.000000e+000 -1.512447e+000 -1.456875e+000
    endloop
  endfacet
  facet normal  2.421297e-001  5.906143e-001  7.697714e-001
    outer loop
      vertex  6.000000e+000 -1.327611e+000 -1.627086e+000
      vertex  6.000000e+000 -1.227888e+000 -1.703599e+000
      vertex  4.000000e+000 -9.850584e-001 -1.260817e+000
    endloop
  endfacet
  facet normal  2.438204e-001  5.432775e-001  8.033687e-001
    outer loop
      vertex  4.000000e+000 -9.850584e-001 -1.260817e+000
      vertex  6.000000e+000 -1.227888e+000 -1.703599e+000
      vertex  6.000000e+000 -1.123768e+000 -1.774010e+000
    endloop
  endfacet
  facet normal  2.410342e-001  5.704555e-001  7.851643e-001
    outer loop
      vertex  4.000000e+000 -9.850584e-001 -1.260817e+000
      vertex  6.000000e+000 -1.123768e+000 -1.774010e+000
      vertex  4.000000e+000 -8.947086e-001 -1.326460e+000
    endloop
  endfacet
  facet normal  2.433592e-001  4.943090e-001  8.345268e-001
    outer loop
      vertex  4.000000e+000 -8.947086e-001 -1.326460e+000
      vertex  6.000000e+000 -1.123768e+000 -1.774010e+000
      vertex  6.000000e+000 -1.015626e+000 -1.838065e+000
    endloop
  endfacet
  facet normal  2.415957e-001  5.142214e-001  8.229265e-001
    outer loop
      vertex  4.000000e+000 -8.947086e-001 -1.326460e+000
      vertex  6.000000e+000 -1.015626e+000 -1.838065e+000
      vertex  4.000000e+000 -8.000000e-001 -1.385641e+000
    endloop
  endfacet
  facet normal  2.426543e-001  3.911639e-001  8.877554e-001
    outer loop
      vertex  6.000000e+000 -7.888393e-001 -1.946209e+000
      vertex  4.000000e+000 -7.013938e-001 -1.438070e+000
      vertex  6.000000e+000 -9.038496e-001 -1.895533e+000
    endloop
  endfacet
  facet normal  2.420622e-001  4.555096e-001  8.566895e-001
    outer loop
      vertex  6.000000e+000 -9.038496e-001 -1.895533e+000
      vertex  4.000000e+000 -7.013938e-001 -1.438070e+000
      vertex  4.000000e+000 -8.000000e-001 -1.385641e+000
    endloop
  endfacet
  facet normal  2.429707e-001  4.435430e-001  8.626906e-001
    outer loop
      vertex  6.000000e+000 -9.038496e-001 -1.895533e+000
      vertex  4.000000e+000 -8.000000e-001 -1.385641e+000
      vertex  6.000000e+000 -1.015626e+000 -1.838065e+000
    endloop
  endfacet
  facet normal  2.432729e-001  1.829170e-001  9.525543e-001
    outer loop
      vertex  6.000000e+000 -3.399885e-001 -2.072295e+000
      vertex  4.000000e+000 -3.870750e-001 -1.552473e+000
      vertex  6.000000e+000 -4.517633e-001 -2.050831e+000
    endloop
  endfacet
  facet normal  2.411118e-001  2.675060e-001  9.329017e-001
    outer loop
      vertex  6.000000e+000 -4.517633e-001 -2.050831e+000
      vertex  4.000000e+000 -3.870750e-001 -1.552473e+000
      vertex  4.000000e+000 -4.944272e-001 -1.521690e+000
    endloop
  endfacet
  facet normal  2.439838e-001  2.342108e-001  9.410723e-001
    outer loop
      vertex  6.000000e+000 -4.517633e-001 -2.050831e+000
      vertex  4.000000e+000 -4.944272e-001 -1.521690e+000
      vertex  6.000000e+000 -5.622106e-001 -2.023344e+000
    endloop
  endfacet
  facet normal  2.423837e-001  7.879618e-002  9.669753e-001
    outer loop
      vertex  6.000000e+000 -2.272149e-001 -2.087672e+000
      vertex  6.000000e+000 -1.137743e-001 -2.096916e+000
      vertex  4.000000e+000 -1.672455e-001 -1.591235e+000
    endloop
  endfacet
  facet normal  2.443815e-001  2.627631e-002  9.693231e-001
    outer loop
      vertex  4.000000e+000 -1.672455e-001 -1.591235e+000
      vertex  6.000000e+000 -1.137743e-001 -2.096916e+000
      vertex  6.000000e+000 -2.775558e-016 -2.100000e+000
    endloop
  endfacet
  facet normal  2.406437e-001  6.770689e-002  9.682491e-001
    outer loop
      vertex  4.000000e+000 -1.672455e-001 -1.591235e+000
      vertex  6.000000e+000 -2.775558e-016 -2.100000e+000
      vertex  4.000000e+000 -5.583920e-002 -1.599025e+000
    endloop
  endfacet
  facet normal  2.436381e-001 -2.889763e-002  9.694357e-001
    outer loop
      vertex  4.000000e+000 -5.583920e-002 -1.599025e+000
      vertex  6.000000e+000 -2.775558e-016 -2.100000e+000
      vertex  6.000000e+000  1.250692e-001 -2.096272e+000
    endloop
  endfacet
  facet normal  2.412779e-001  0.000000e+000  9.704561e-001
    outer loop
      vertex  4.000000e+000 -5.583920e-002 -1.599025e+000
      vertex  6.000000e+000  1.250692e-001 -2.096272e+000
      vertex  4.000000e+000  5.583920e-002 -1.599025e+000
    endloop
  endfacet
  facet normal  2.428240e-001 -1.440366e-001  9.593174e-001
    outer loop
      vertex  6.000000e+000  3.734466e-001 -2.066518e+000
      vertex  4.000000e+000  1.672455e-001 -1.591235e+000
      vertex  6.000000e+000  2.496982e-001 -2.085099e+000
    endloop
  endfacet
  facet normal  2.418105e-001 -6.768666e-002  9.679598e-001
    outer loop
      vertex  6.000000e+000  2.496982e-001 -2.085099e+000
      vertex  4.000000e+000  1.672455e-001 -1.591235e+000
      vertex  4.000000e+000  5.583920e-002 -1.599025e+000
    endloop
  endfacet
  facet normal  2.431937e-001 -8.661316e-002  9.661030e-001
    outer loop
      vertex  6.000000e+000  2.496982e-001 -2.085099e+000
      vertex  4.000000e+000  5.583920e-002 -1.599025e+000
      vertex  6.000000e+000  1.250692e-001 -2.096272e+000
    endloop
  endfacet
  facet normal  2.429673e-001 -3.945489e-001  8.861704e-001
    outer loop
      vertex  4.000000e+000  7.013938e-001 -1.438070e+000
      vertex  4.000000e+000  5.993705e-001 -1.483494e+000
      vertex  6.000000e+000  8.509212e-001 -1.919850e+000
    endloop
  endfacet
  facet normal  2.407428e-001 -3.319606e-001  9.120554e-001
    outer loop
      vertex  6.000000e+000  8.509212e-001 -1.919850e+000
      vertex  4.000000e+000  5.993705e-001 -1.483494e+000
      vertex  4.000000e+000  4.944272e-001 -1.521690e+000
    endloop
  endfacet
  facet normal  2.440554e-001 -3.663584e-001  8.978967e-001
    outer loop
      vertex  6.000000e+000  8.509212e-001 -1.919850e+000
      vertex  4.000000e+000  4.944272e-001 -1.521690e+000
      vertex  6.000000e+000  7.350398e-001 -1.967132e+000
    endloop
  endfacet
  facet normal  2.400257e-001 -2.675802e-001  9.331605e-001
    outer loop
      vertex  6.000000e+000  7.350398e-001 -1.967132e+000
      vertex  4.000000e+000  4.944272e-001 -1.521690e+000
      vertex  4.000000e+000  3.870750e-001 -1.552473e+000
    endloop
  endfacet
  facet normal  2.446406e-001 -3.121976e-001  9.179780e-001
    outer loop
      vertex  6.000000e+000  7.350398e-001 -1.967132e+000
      vertex  4.000000e+000  3.870750e-001 -1.552473e+000
      vertex  6.000000e+000  6.165503e-001 -2.007429e+000
    endloop
  endfacet
  facet normal  2.424894e-001 -5.682399e-001  7.863220e-001
    outer loop
      vertex  6.000000e+000  1.280254e+000 -1.664612e+000
      vertex  4.000000e+000  8.947086e-001 -1.326460e+000
      vertex  6.000000e+000  1.178830e+000 -1.737907e+000
    endloop
  endfacet
  facet normal  2.423019e-001 -5.141280e-001  8.227771e-001
    outer loop
      vertex  6.000000e+000  1.178830e+000 -1.737907e+000
      vertex  4.000000e+000  8.947086e-001 -1.326460e+000
      vertex  4.000000e+000  8.000000e-001 -1.385641e+000
    endloop
  endfacet
  facet normal  2.427656e-001 -5.203496e-001  8.187192e-001
    outer loop
      vertex  6.000000e+000  1.178830e+000 -1.737907e+000
      vertex  4.000000e+000  8.000000e-001 -1.385641e+000
      vertex  6.000000e+000  1.073213e+000 -1.805033e+000
    endloop
  endfacet
  facet normal  2.418815e-001 -4.555307e-001  8.567293e-001
    outer loop
      vertex  6.000000e+000  1.073213e+000 -1.805033e+000
      vertex  4.000000e+000  8.000000e-001 -1.385641e+000
      vertex  4.000000e+000  7.013938e-001 -1.438070e+000
    endloop
  endfacet
  facet normal  2.431181e-001 -4.706188e-001  8.481814e-001
    outer loop
      vertex  6.000000e+000  1.073213e+000 -1.805033e+000
      vertex  4.000000e+000  7.013938e-001 -1.438070e+000
      vertex  6.000000e+000  9.637802e-001 -1.865753e+000
    endloop
  endfacet
  facet normal  2.429580e-001 -6.738443e-001  6.977860e-001
    outer loop
      vertex  4.000000e+000  1.150944e+000 -1.111453e+000
      vertex  4.000000e+000  1.070609e+000 -1.189032e+000
      vertex  6.000000e+000  1.469104e+000 -1.500578e+000
    endloop
  endfacet
  facet normal  2.401620e-001 -6.239749e-001  7.436246e-001
    outer loop
      vertex  6.000000e+000  1.469104e+000 -1.500578e+000
      vertex  4.000000e+000  1.070609e+000 -1.189032e+000
      vertex  4.000000e+000  9.850584e-001 -1.260817e+000
    endloop
  endfacet
  facet normal  2.445493e-001 -6.573862e-001  7.127686e-001
    outer loop
      vertex  6.000000e+000  1.469104e+000 -1.500578e+000
      vertex  4.000000e+000  9.850584e-001 -1.260817e+000
      vertex  6.000000e+000  1.377126e+000 -1.585409e+000
    endloop
  endfacet
  facet normal  2.393596e-001 -5.706991e-001  7.854996e-001
    outer loop
      vertex  6.000000e+000  1.377126e+000 -1.585409e+000
      vertex  4.000000e+000  9.850584e-001 -1.260817e+000
      vertex  4.000000e+000  8.947086e-001 -1.326460e+000
    endloop
  endfacet
  facet normal  2.451937e-001 -6.136503e-001  7.505420e-001
    outer loop
      vertex  6.000000e+000  1.377126e+000 -1.585409e+000
      vertex  4.000000e+000  8.947086e-001 -1.326460e+000
      vertex  6.000000e+000  1.280254e+000 -1.664612e+000
    endloop
  endfacet
  facet normal  2.431245e-001 -7.750924e-001  5.832001e-001
    outer loop
      vertex  6.000000e+000  1.715313e+000 -1.211470e+000
      vertex  4.000000e+000  1.225671e+000 -1.028460e+000
      vertex  6.000000e+000  1.639112e+000 -1.312744e+000
    endloop
  endfacet
  facet normal  2.413797e-001 -7.211708e-001  6.493447e-001
    outer loop
      vertex  6.000000e+000  1.639112e+000 -1.312744e+000
      vertex  4.000000e+000  1.225671e+000 -1.028460e+000
      vertex  4.000000e+000  1.150944e+000 -1.111453e+000
    endloop
  endfacet
  facet normal  2.435243e-001 -7.384097e-001  6.288459e-001
    outer loop
      vertex  6.000000e+000  1.639112e+000 -1.312744e+000
      vertex  4.000000e+000  1.150944e+000 -1.111453e+000
      vertex  6.000000e+000  1.556942e+000 -1.409229e+000
    endloop
  endfacet
  facet normal  2.425162e-001 -8.398231e-001  4.856779e-001
    outer loop
      vertex  6.000000e+000  1.785269e+000 -1.105777e+000
      vertex  6.000000e+000  1.848725e+000 -9.960492e-001
      vertex  4.000000e+000  1.356877e+000 -8.478708e-001
    endloop
  endfacet
  facet normal  2.453456e-001 -8.669503e-001  4.338232e-001
    outer loop
      vertex  4.000000e+000  1.356877e+000 -8.478708e-001
      vertex  6.000000e+000  1.848725e+000 -9.960492e-001
      vertex  6.000000e+000  1.905450e+000 -8.826899e-001
    endloop
  endfacet
  facet normal  2.391016e-001 -8.409061e-001  4.854971e-001
    outer loop
      vertex  4.000000e+000  1.356877e+000 -8.478708e-001
      vertex  6.000000e+000  1.905450e+000 -8.826899e-001
      vertex  4.000000e+000  1.412716e+000 -7.511545e-001
    endloop
  endfacet
  facet normal  2.447254e-001 -8.916781e-001  3.808143e-001
    outer loop
      vertex  4.000000e+000  1.412716e+000 -7.511545e-001
      vertex  6.000000e+000  1.905450e+000 -8.826899e-001
      vertex  6.000000e+000  1.955237e+000 -7.661145e-001
    endloop
  endfacet
  facet normal  2.398723e-001 -8.725530e-001  4.255731e-001
    outer loop
      vertex  4.000000e+000  1.412716e+000 -7.511545e-001
      vertex  6.000000e+000  1.955237e+000 -7.661145e-001
      vertex  4.000000e+000  1.461673e+000 -6.507787e-001
    endloop
  endfacet
  facet normal  2.436854e-001 -9.312925e-001  2.707612e-001
    outer loop
      vertex  6.000000e+000  2.033289e+000 -5.250350e-001
      vertex  4.000000e+000  1.503508e+000 -5.472322e-001
      vertex  6.000000e+000  1.997902e+000 -6.467504e-001
    endloop
  endfacet
  facet normal  2.405592e-001 -8.999567e-001  3.636056e-001
    outer loop
      vertex  6.000000e+000  1.997902e+000 -6.467504e-001
      vertex  4.000000e+000  1.503508e+000 -5.472322e-001
      vertex  4.000000e+000  1.461673e+000 -6.507787e-001
    endloop
  endfacet
  facet normal  2.441720e-001 -9.131522e-001  3.263942e-001
    outer loop
      vertex  6.000000e+000  1.997902e+000 -6.467504e-001
      vertex  4.000000e+000  1.461673e+000 -6.507787e-001
      vertex  6.000000e+000  1.955237e+000 -7.661145e-001
    endloop
  endfacet
  facet normal  2.426200e-001 -9.650970e-001  9.860601e-002
    outer loop
      vertex  6.000000e+000  2.094617e+000 -1.502602e-001
      vertex  4.000000e+000  1.584429e+000 -2.226770e-001
      vertex  6.000000e+000  2.081735e+000 -2.763369e-001
    endloop
  endfacet
  facet normal  2.421105e-001 -9.555085e-001  1.684818e-001
    outer loop
      vertex  6.000000e+000  2.081735e+000 -2.763369e-001
      vertex  4.000000e+000  1.584429e+000 -2.226770e-001
      vertex  4.000000e+000  1.565036e+000 -3.326587e-001
    endloop
  endfacet
  facet normal  2.429107e-001 -9.573162e-001  1.566533e-001
    outer loop
      vertex  6.000000e+000  2.081735e+000 -2.763369e-001
      vertex  4.000000e+000  1.565036e+000 -3.326587e-001
      vertex  6.000000e+000  2.061268e+000 -4.014135e-001
    endloop
  endfacet
  facet normal  0.000000e+000 -9.998072e-001  1.963335e-002
    outer loop
      vertex -6.000000e+000 -5.000000e+000 -2.000000e+000
      vertex  6.000000e+000 -5.000000e+000 -2.000000e+000
      vertex -6.000000e+000 -4.996145e+000 -1.803701e+000
    endloop
  endfacet
  facet normal  0.000000e+000 -9.998072e-001  1.963335e-002
    outer loop
      vertex -6.000000e+000 -4.996145e+000 -1.803701e+000
      vertex  6.000000e+000 -5.000000e+000 -2.000000e+000
      vertex  6.000000e+000 -4.996145e+000 -1.803701e+000
    endloop
  endfacet
  facet normal  0.000000e+000 -9.982656e-001  5.887090e-002
    outer loop
      vertex -6.000000e+000 -4.996145e+000 -1.803701e+000
      vertex  6.000000e+000 -4.996145e+000 -1.803701e+000
      vertex -6.000000e+000 -4.984587e+000 -1.607705e+000
    endloop
  endfacet
  facet normal  0.000000e+000 -9.982656e-001  5.887090e-002
    outer loop
      vertex -6.000000e+000 -4.984587e+000 -1.607705e+000
      vertex  6.000000e+000 -4.996145e+000 -1.803701e+000
      vertex  6.000000e+000 -4.984587e+000 -1.607705e+000
    endloop
  endfacet
  facet normal  0.000000e+000 -9.951848e-001  9.801617e-002
    outer loop
      vertex -6.000000e+000 -4.984587e+000 -1.607705e+000
      vertex  6.000000e+000 -4.984587e+000 -1.607705e+000
      vertex -6.000000e+000 -4.965343e+000 -1.412313e+000
    endloop
  endfacet
  facet normal  0.000000e+000 -9.951848e-001  9.801617e-002
    outer loop
      vertex -6.000000e+000 -4.965343e+000 -1.412313e+000
      vertex  6.000000e+000 -4.984587e+000 -1.607705e+000
      vertex  6.000000e+000 -4.965343e+000 -1.412313e+000
    endloop
  endfacet
  facet normal  0.000000e+000 -9.905692e-001  1.370133e-001
    outer loop
      vertex -6.000000e+000 -4.965343e+000 -1.412313e+000
      vertex  6.000000e+000 -4.965343e+000 -1.412313e+000
      vertex -6.000000e+000 -4.938442e+000 -1.217828e+000
    endloop
  endfacet
  facet normal  0.000000e+000 -9.905692e-001  1.370133e-001
    outer loop
      vertex -6.000000e+000 -4.938442e+000 -1.217828e+000
      vertex  6.000000e+000 -4.965343e+000 -1.412313e+000
      vertex  6.000000e+000 -4.938442e+000 -1.217828e+000
    endloop
  endfacet
  facet normal  0.000000e+000 -9.844264e-001  1.757967e-001
    outer loop
      vertex -6.000000e+000 -4.938442e+000 -1.217828e+000
      vertex  6.000000e+000 -4.938442e+000 -1.217828e+000
      vertex -6.000000e+000 -4.903926e+000 -1.024548e+000
    endloop
  endfacet
  facet normal  0.000000e+000 -9.844264e-001  1.757967e-001
    outer loop
      vertex -6.000000e+000 -4.903926e+000 -1.024548e+000
      vertex  6.000000e+000 -4.938442e+000 -1.217828e+000
      vertex  6.000000e+000 -4.903926e+000 -1.024548e+000
    endloop
  endfacet
  facet normal  0.000000e+000 -9.767662e-001  2.143081e-001
    outer loop
      vertex -6.000000e+000 -4.903926e+000 -1.024548e+000
      vertex  6.000000e+000 -4.903926e+000 -1.024548e+000
      vertex -6.000000e+000 -4.861850e+000 -8.327732e-001
    endloop
  endfacet
  facet normal  0.000000e+000 -9.767662e-001  2.143081e-001
    outer loop
      vertex -6.000000e+000 -4.861850e+000 -8.327732e-001
      vertex  6.000000e+000 -4.903926e+000 -1.024548e+000
      vertex  6.000000e+000 -4.861850e+000 -8.327732e-001
    endloop
  endfacet
  facet normal  0.000000e+000 -9.675991e-001  2.524916e-001
    outer loop
      vertex -6.000000e+000 -4.861850e+000 -8.327732e-001
      vertex  6.000000e+000 -4.861850e+000 -8.327732e-001
      vertex -6.000000e+000 -4.812276e+000 -6.427978e-001
    endloop
  endfacet
  facet normal  0.000000e+000 -9.675991e-001  2.524916e-001
    outer loop
      vertex -6.000000e+000 -4.812276e+000 -6.427978e-001
      vertex  6.000000e+000 -4.861850e+000 -8.327732e-001
      vertex  6.000000e+000 -4.812276e+000 -6.427978e-001
    endloop
  endfacet
  facet normal  0.000000e+000 -9.569399e-001  2.902863e-001
    outer loop
      vertex -6.000000e+000 -4.812276e+000 -6.427978e-001
      vertex  6.000000e+000 -4.812276e+000 -6.427978e-001
      vertex -6.000000e+000 -4.755282e+000 -4.549150e-001
    endloop
  endfacet
  facet normal  0.000000e+000 -9.569399e-001  2.902863e-001
    outer loop
      vertex -6.000000e+000 -4.755282e+000 -4.549150e-001
      vertex  6.000000e+000 -4.812276e+000 -6.427978e-001
      vertex  6.000000e+000 -4.755282e+000 -4.549150e-001
    endloop
  endfacet
  facet normal  0.000000e+000 -9.448062e-001  3.276298e-001
    outer loop
      vertex -6.000000e+000 -4.755282e+000 -4.549150e-001
      vertex  6.000000e+000 -4.755282e+000 -4.549150e-001
      vertex -6.000000e+000 -4.690957e+000 -2.694147e-001
    endloop
  endfacet
  facet normal  0.000000e+000 -9.448062e-001  3.276298e-001
    outer loop
      vertex -6.000000e+000 -4.690957e+000 -2.694147e-001
      vertex  6.000000e+000 -4.755282e+000 -4.549150e-001
      vertex  6.000000e+000 -4.690957e+000 -2.694147e-001
    endloop
  endfacet
  facet normal  0.000000e+000 -9.312151e-001  3.644702e-001
    outer loop
      vertex -6.000000e+000 -4.690957e+000 -2.694147e-001
      vertex  6.000000e+000 -4.690957e+000 -2.694147e-001
      vertex -6.000000e+000 -4.619398e+000 -8.658284e-002
    endloop
  endfacet
  facet normal  0.000000e+000 -9.312151e-001  3.644702e-001
    outer loop
      vertex -6.000000e+000 -4.619398e+000 -8.658284e-002
      vertex  6.000000e+000 -4.690957e+000 -2.694147e-001
      vertex  6.000000e+000 -4.619398e+000 -8.658284e-002
    endloop
  endfacet
  facet normal  0.000000e+000 -9.161877e-001  4.007495e-001
    outer loop
      vertex -6.000000e+000 -4.619398e+000 -8.658284e-002
      vertex  6.000000e+000 -4.619398e+000 -8.658284e-002
      vertex -6.000000e+000 -4.540716e+000  9.329869e-002
    endloop
  endfacet
  facet normal  0.000000e+000 -9.161877e-001  4.007495e-001
    outer loop
      vertex -6.000000e+000 -4.540716e+000  9.329869e-002
      vertex  6.000000e+000 -4.619398e+000 -8.658284e-002
      vertex  6.000000e+000 -4.540716e+000  9.329869e-002
    endloop
  endfacet
  facet normal  0.000000e+000 -8.997491e-001  4.364077e-001
    outer loop
      vertex -6.000000e+000 -4.540716e+000  9.329869e-002
      vertex  6.000000e+000 -4.540716e+000  9.329869e-002
      vertex -6.000000e+000 -4.455033e+000  2.699525e-001
    endloop
  endfacet
  facet normal  0.000000e+000 -8.997491e-001  4.364077e-001
    outer loop
      vertex -6.000000e+000 -4.455033e+000  2.699525e-001
      vertex  6.000000e+000 -4.540716e+000  9.329869e-002
      vertex  6.000000e+000 -4.455033e+000  2.699525e-001
    endloop
  endfacet
  facet normal  0.000000e+000 -8.819211e-001  4.713971e-001
    outer loop
      vertex -6.000000e+000 -4.455033e+000  2.699525e-001
      vertex  6.000000e+000 -4.455033e+000  2.699525e-001
      vertex -6.000000e+000 -4.362480e+000  4.431062e-001
    endloop
  endfacet
  facet normal  0.000000e+000 -8.819211e-001  4.713971e-001
    outer loop
      vertex -6.000000e+000 -4.362480e+000  4.431062e-001
      vertex  6.000000e+000 -4.455033e+000  2.699525e-001
      vertex  6.000000e+000 -4.362480e+000  4.431062e-001
    endloop
  endfacet
  facet normal  0.000000e+000 -8.627340e-001  5.056582e-001
    outer loop
      vertex -6.000000e+000 -4.362480e+000  4.431062e-001
      vertex  6.000000e+000 -4.362480e+000  4.431062e-001
      vertex -6.000000e+000 -4.263201e+000  6.124928e-001
    endloop
  endfacet
  facet normal  0.000000e+000 -8.627340e-001  5.056582e-001
    outer loop
      vertex -6.000000e+000 -4.263201e+000  6.124928e-001
      vertex  6.000000e+000 -4.362480e+000  4.431062e-001
      vertex  6.000000e+000 -4.263201e+000  6.124928e-001
    endloop
  endfacet
  facet normal  0.000000e+000 -8.422176e-001  5.391377e-001
    outer loop
      vertex -6.000000e+000 -4.263201e+000  6.124928e-001
      vertex  6.000000e+000 -4.263201e+000  6.124928e-001
      vertex -6.000000e+000 -4.157348e+000  7.778512e-001
    endloop
  endfacet
  facet normal  0.000000e+000 -8.422176e-001  5.391377e-001
    outer loop
      vertex -6.000000e+000 -4.157348e+000  7.778512e-001
      vertex  6.000000e+000 -4.263201e+000  6.124928e-001
      vertex  6.000000e+000 -4.157348e+000  7.778512e-001
    endloop
  endfacet
  facet normal  0.000000e+000 -8.204013e-001  5.717883e-001
    outer loop
      vertex -6.000000e+000 -4.157348e+000  7.778512e-001
      vertex  6.000000e+000 -4.157348e+000  7.778512e-001
      vertex -6.000000e+000 -4.045085e+000  9.389263e-001
    endloop
  endfacet
  facet normal  0.000000e+000 -8.204013e-001  5.717883e-001
    outer loop
      vertex -6.000000e+000 -4.045085e+000  9.389263e-001
      vertex  6.000000e+000 -4.157348e+000  7.778512e-001
      vertex  6.000000e+000 -4.045085e+000  9.389263e-001
    endloop
  endfacet
  facet normal  0.000000e+000 -7.973208e-001  6.035559e-001
    outer loop
      vertex -6.000000e+000 -4.045085e+000  9.389263e-001
      vertex  6.000000e+000 -4.045085e+000  9.389263e-001
      vertex -6.000000e+000 -3.926585e+000  1.095470e+000
    endloop
  endfacet
  facet normal  0.000000e+000 -7.973208e-001  6.035559e-001
    outer loop
      vertex -6.000000e+000 -3.926585e+000  1.095470e+000
      vertex  6.000000e+000 -4.045085e+000  9.389263e-001
      vertex  6.000000e+000 -3.926585e+000  1.095470e+000
    endloop
  endfacet
  facet normal  0.000000e+000 -7.730103e-001  6.343935e-001
    outer loop
      vertex -6.000000e+000 -3.926585e+000  1.095470e+000
      vertex  6.000000e+000 -3.926585e+000  1.095470e+000
      vertex -6.000000e+000 -3.802030e+000  1.247240e+000
    endloop
  endfacet
  facet normal  0.000000e+000 -7.730103e-001  6.343935e-001
    outer loop
      vertex -6.000000e+000 -3.802030e+000  1.247240e+000
      vertex  6.000000e+000 -3.926585e+000  1.095470e+000
      vertex  6.000000e+000 -3.802030e+000  1.247240e+000
    endloop
  endfacet
  facet normal  0.000000e+000 -7.475083e-001  6.642525e-001
    outer loop
      vertex -6.000000e+000 -3.802030e+000  1.247240e+000
      vertex  6.000000e+000 -3.802030e+000  1.247240e+000
      vertex -6.000000e+000 -3.671613e+000  1.394004e+000
    endloop
  endfacet
  facet normal  0.000000e+000 -7.475083e-001  6.642525e-001
    outer loop
      vertex -6.000000e+000 -3.671613e+000  1.394004e+000
      vertex  6.000000e+000 -3.802030e+000  1.247240e+000
      vertex  6.000000e+000 -3.671613e+000  1.394004e+000
    endloop
  endfacet
  facet normal  0.000000e+000 -7.208537e-001  6.930873e-001
    outer loop
      vertex -6.000000e+000 -3.671613e+000  1.394004e+000
      vertex  6.000000e+000 -3.671613e+000  1.394004e+000
      vertex -6.000000e+000 -3.535534e+000  1.535534e+000
    endloop
  endfacet
  facet normal  0.000000e+000 -7.208537e-001  6.930873e-001
    outer loop
      vertex -6.000000e+000 -3.535534e+000  1.535534e+000
      vertex  6.000000e+000 -3.671613e+000  1.394004e+000
      vertex  6.000000e+000 -3.535534e+000  1.535534e+000
    endloop
  endfacet
  facet normal  0.000000e+000 -6.930870e-001  7.208539e-001
    outer loop
      vertex -6.000000e+000 -3.535534e+000  1.535534e+000
      vertex  6.000000e+000 -3.535534e+000  1.535534e+000
      vertex -6.000000e+000 -3.394004e+000  1.671613e+000
    endloop
  endfacet
  facet normal  0.000000e+000 -6.930870e-001  7.208539e-001
    outer loop
      vertex -6.000000e+000 -3.394004e+000  1.671613e+000
      vertex  6.000000e+000 -3.535534e+000  1.535534e+000
      vertex  6.000000e+000 -3.394004e+000  1.671613e+000
    endloop
  endfacet
  facet normal  0.000000e+000 -6.642531e-001  7.475078e-001
    outer loop
      vertex -6.000000e+000 -3.394004e+000  1.671613e+000
      vertex  6.000000e+000 -3.394004e+000  1.671613e+000
      vertex -6.000000e+000 -3.247240e+000  1.802030e+000
    endloop
  endfacet
  facet normal  0.000000e+000 -6.642531e-001  7.475078e-001
    outer loop
      vertex -6.000000e+000 -3.247240e+000  1.802030e+000
      vertex  6.000000e+000 -3.394004e+000  1.671613e+000
      vertex  6.000000e+000 -3.247240e+000  1.802030e+000
    endloop
  endfacet
  facet normal  0.000000e+000 -6.343929e-001  7.730108e-001
    outer loop
      vertex -6.000000e+000 -3.247240e+000  1.802030e+000
      vertex  6.000000e+000 -3.247240e+000  1.802030e+000
      vertex -6.000000e+000 -3.095470e+000  1.926585e+000
    endloop
  endfacet
  facet normal  0.000000e+000 -6.343929e-001  7.730108e-001
    outer loop
      vertex -6.000000e+000 -3.095470e+000  1.926585e+000
      vertex  6.000000e+000 -3.247240e+000  1.802030e+000
      vertex  6.000000e+000 -3.095470e+000  1.926585e+000
    endloop
  endfacet
  facet normal  0.000000e+000 -6.035560e-001  7.973206e-001
    outer loop
      vertex -6.000000e+000 -3.095470e+000  1.926585e+000
      vertex  6.000000e+000 -3.095470e+000  1.926585e+000
      vertex -6.000000e+000 -2.938926e+000  2.045085e+000
    endloop
  endfacet
  facet normal  0.000000e+000 -6.035560e-001  7.973206e-001
    outer loop
      vertex -6.000000e+000 -2.938926e+000  2.045085e+000
      vertex  6.000000e+000 -3.095470e+000  1.926585e+000
      vertex  6.000000e+000 -2.938926e+000  2.045085e+000
    endloop
  endfacet
  facet normal  0.000000e+000 -5.717883e-001  8.204013e-001
    outer loop
      vertex -6.000000e+000 -2.938926e+000  2.045085e+000
      vertex  6.000000e+000 -2.938926e+000  2.045085e+000
      vertex -6.000000e+000 -2.777851e+000  2.157348e+000
    endloop
  endfacet
  facet normal  0.000000e+000 -5.717883e-001  8.204013e-001
    outer loop
      vertex -6.000000e+000 -2.777851e+000  2.157348e+000
      vertex  6.000000e+000 -2.938926e+000  2.045085e+000
      vertex  6.000000e+000 -2.777851e+000  2.157348e+000
    endloop
  endfacet
  facet normal  0.000000e+000 -5.391378e-001  8.422176e-001
    outer loop
      vertex -6.000000e+000 -2.777851e+000  2.157348e+000
      vertex  6.000000e+000 -2.777851e+000  2.157348e+000
      vertex -6.000000e+000 -2.612493e+000  2.263201e+000
    endloop
  endfacet
  facet normal  0.000000e+000 -5.391378e-001  8.422176e-001
    outer loop
      vertex -6.000000e+000 -2.612493e+000  2.263201e+000
      vertex  6.000000e+000 -2.777851e+000  2.157348e+000
      vertex  6.000000e+000 -2.612493e+000  2.263201e+000
    endloop
  endfacet
  facet normal  0.000000e+000 -5.056572e-001  8.627346e-001
    outer loop
      vertex -6.000000e+000 -2.612493e+000  2.263201e+000
      vertex  6.000000e+000 -2.612493e+000  2.263201e+000
      vertex -6.000000e+000 -2.443106e+000  2.362480e+000
    endloop
  endfacet
  facet normal  0.000000e+000 -5.056572e-001  8.627346e-001
    outer loop
      vertex -6.000000e+000 -2.443106e+000  2.362480e+000
      vertex  6.000000e+000 -2.612493e+000  2.263201e+000
      vertex  6.000000e+000 -2.443106e+000  2.362480e+000
    endloop
  endfacet
  facet normal  0.000000e+000 -4.713972e-001  8.819210e-001
    outer loop
      vertex -6.000000e+000 -2.443106e+000  2.362480e+000
      vertex  6.000000e+000 -2.443106e+000  2.362480e+000
      vertex -6.000000e+000 -2.269953e+000  2.455033e+000
    endloop
  endfacet
  facet normal  0.000000e+000 -4.713972e-001  8.819210e-001
    outer loop
      vertex -6.000000e+000 -2.269953e+000  2.455033e+000
      vertex  6.000000e+000 -2.443106e+000  2.362480e+000
      vertex  6.000000e+000 -2.269953e+000  2.455033e+000
    endloop
  endfacet
  facet normal  0.000000e+000 -4.364096e-001  8.997482e-001
    outer loop
      vertex -6.000000e+000 -2.269953e+000  2.455033e+000
      vertex  6.000000e+000 -2.269953e+000  2.455033e+000
      vertex -6.000000e+000 -2.093299e+000  2.540716e+000
    endloop
  endfacet
  facet normal  0.000000e+000 -4.364096e-001  8.997482e-001
    outer loop
      vertex -6.000000e+000 -2.093299e+000  2.540716e+000
      vertex  6.000000e+000 -2.269953e+000  2.455033e+000
      vertex  6.000000e+000 -2.093299e+000  2.540716e+000
    endloop
  endfacet
  facet normal  0.000000e+000 -4.007486e-001  9.161881e-001
    outer loop
      vertex -6.000000e+000 -2.093299e+000  2.540716e+000
      vertex  6.000000e+000 -2.093299e+000  2.540716e+000
      vertex -6.000000e+000 -1.913417e+000  2.619398e+000
    endloop
  endfacet
  facet normal  0.000000e+000 -4.007486e-001  9.161881e-001
    outer loop
      vertex -6.000000e+000 -1.913417e+000  2.619398e+000
      vertex  6.000000e+000 -2.093299e+000  2.540716e+000
      vertex  6.000000e+000 -1.913417e+000  2.619398e+000
    endloop
  endfacet
  facet normal  0.000000e+000 -3.644702e-001  9.312151e-001
    outer loop
      vertex -6.000000e+000 -1.913417e+000  2.619398e+000
      vertex  6.000000e+000 -1.913417e+000  2.619398e+000
      vertex -6.000000e+000 -1.730585e+000  2.690957e+000
    endloop
  endfacet
  facet normal  0.000000e+000 -3.644702e-001  9.312151e-001
    outer loop
      vertex -6.000000e+000 -1.730585e+000  2.690957e+000
      vertex  6.000000e+000 -1.913417e+000  2.619398e+000
      vertex  6.000000e+000 -1.730585e+000  2.690957e+000
    endloop
  endfacet
  facet normal  0.000000e+000 -3.276307e-001  9.448059e-001
    outer loop
      vertex -6.000000e+000 -1.730585e+000  2.690957e+000
      vertex  6.000000e+000 -1.730585e+000  2.690957e+000
      vertex -6.000000e+000 -1.545085e+000  2.755283e+000
    endloop
  endfacet
  facet normal  0.000000e+000 -3.276307e-001  9.448059e-001
    outer loop
      vertex -6.000000e+000 -1.545085e+000  2.755283e+000
      vertex  6.000000e+000 -1.730585e+000  2.690957e+000
      vertex  6.000000e+000 -1.545085e+000  2.755283e+000
    endloop
  endfacet
  facet normal  0.000000e+000 -2.902842e-001  9.569405e-001
    outer loop
      vertex -6.000000e+000 -1.545085e+000  2.755283e+000
      vertex  6.000000e+000 -1.545085e+000  2.755283e+000
      vertex -6.000000e+000 -1.357202e+000  2.812276e+000
    endloop
  endfacet
  facet normal  0.000000e+000 -2.902842e-001  9.569405e-001
    outer loop
      vertex -6.000000e+000 -1.357202e+000  2.812276e+000
      vertex  6.000000e+000 -1.545085e+000  2.755283e+000
      vertex  6.000000e+000 -1.357202e+000  2.812276e+000
    endloop
  endfacet
  facet normal  0.000000e+000 -2.524915e-001  9.675992e-001
    outer loop
      vertex -6.000000e+000 -1.357202e+000  2.812276e+000
      vertex  6.000000e+000 -1.357202e+000  2.812276e+000
      vertex -6.000000e+000 -1.167227e+000  2.861850e+000
    endloop
  endfacet
  facet normal  0.000000e+000 -2.524915e-001  9.675992e-001
    outer loop
      vertex -6.000000e+000 -1.167227e+000  2.861850e+000
      vertex  6.000000e+000 -1.357202e+000  2.812276e+000
      vertex  6.000000e+000 -1.167227e+000  2.861850e+000
    endloop
  endfacet
  facet normal  0.000000e+000 -2.143093e-001  9.767658e-001
    outer loop
      vertex -6.000000e+000 -1.167227e+000  2.861850e+000
      vertex  6.000000e+000 -1.167227e+000  2.861850e+000
      vertex -6.000000e+000 -9.754516e-001  2.903926e+000
    endloop
  endfacet
  facet normal  0.000000e+000 -2.143093e-001  9.767658e-001
    outer loop
      vertex -6.000000e+000 -9.754516e-001  2.903926e+000
      vertex  6.000000e+000 -1.167227e+000  2.861850e+000
      vertex  6.000000e+000 -9.754516e-001  2.903926e+000
    endloop
  endfacet
  facet normal  0.000000e+000 -1.757967e-001  9.844264e-001
    outer loop
      vertex -6.000000e+000 -9.754516e-001  2.903926e+000
      vertex  6.000000e+000 -9.754516e-001  2.903926e+000
      vertex -6.000000e+000 -7.821723e-001  2.938442e+000
    endloop
  endfacet
  facet normal  0.000000e+000 -1.757967e-001  9.844264e-001
    outer loop
      vertex -6.000000e+000 -7.821723e-001  2.938442e+000
      vertex  6.000000e+000 -9.754516e-001  2.903926e+000
      vertex  6.000000e+000 -7.821723e-001  2.938442e+000
    endloop
  endfacet
  facet normal  0.000000e+000 -1.370121e-001  9.905694e-001
    outer loop
      vertex -6.000000e+000 -7.821723e-001  2.938442e+000
      vertex  6.000000e+000 -7.821723e-001  2.938442e+000
      vertex -6.000000e+000 -5.876870e-001  2.965342e+000
    endloop
  endfacet
  facet normal  0.000000e+000 -1.370121e-001  9.905694e-001
    outer loop
      vertex -6.000000e+000 -5.876870e-001  2.965342e+000
      vertex  6.000000e+000 -7.821723e-001  2.938442e+000
      vertex  6.000000e+000 -5.876870e-001  2.965342e+000
    endloop
  endfacet
  facet normal  0.000000e+000 -9.801736e-002  9.951847e-001
    outer loop
      vertex -6.000000e+000 -5.876870e-001  2.965342e+000
      vertex  6.000000e+000 -5.876870e-001  2.965342e+000
      vertex -6.000000e+000 -3.922955e-001  2.984587e+000
    endloop
  endfacet
  facet normal  0.000000e+000 -9.801736e-002  9.951847e-001
    outer loop
      vertex -6.000000e+000 -3.922955e-001  2.984587e+000
      vertex  6.000000e+000 -5.876870e-001  2.965342e+000
      vertex  6.000000e+000 -3.922955e-001  2.984587e+000
    endloop
  endfacet
  facet normal  0.000000e+000 -5.887090e-002  9.982656e-001
    outer loop
      vertex -6.000000e+000 -3.922955e-001  2.984587e+000
      vertex  6.000000e+000 -3.922955e-001  2.984587e+000
      vertex -6.000000e+000 -1.962991e-001  2.996145e+000
    endloop
  endfacet
  facet normal  0.000000e+000 -5.887090e-002  9.982656e-001
    outer loop
      vertex -6.000000e+000 -1.962991e-001  2.996145e+000
      vertex  6.000000e+000 -3.922955e-001  2.984587e+000
      vertex  6.000000e+000 -1.962991e-001  2.996145e+000
    endloop
  endfacet
  facet normal  0.000000e+000 -1.963335e-002  9.998072e-001
    outer loop
      vertex -6.000000e+000 -1.962991e-001  2.996145e+000
      vertex  6.000000e+000 -1.962991e-001  2.996145e+000
      vertex -6.000000e+000  3.582990e-015  3.000000e+000
    endloop
  endfacet
  facet normal  0.000000e+000 -1.963335e-002  9.998072e-001
    outer loop
      vertex -6.000000e+000  3.582990e-015  3.000000e+000
      vertex  6.000000e+000 -1.962991e-001  2.996145e+000
      vertex  6.000000e+000  3.582990e-015  3.000000e+000
    endloop
  endfacet
  facet normal -1.000000e+000  0.000000e+000  0.000000e+000
    outer loop
      vertex  1.250000e+001  0.000000e+000 -1.300000e+001
      vertex  1.250000e+001 -5.000000e+000 -1.300000e+001
      vertex  1.250000e+001  0.000000e+000 -1.100000e+001
    endloop
  endfacet
  facet normal -1.000000e+000  -0.000000e+000  0.000000e+000
    outer loop
      vertex  1.250000e+001  0.000000e+000 -1.100000e+001
      vertex  1.250000e+001 -5.000000e+000 -1.300000e+001
      vertex  1.250000e+001 -5.000000e+000 -1.100000e+001
    endloop
  endfacet
  facet normal  1.000000e+000  -0.000000e+000  0.000000e+000
    outer loop
      vertex -1.250000e+001  0.000000e+000 -1.100000e+001
      vertex -1.250000e+001 -5.000000e+000 -1.100000e+001
      vertex -1.250000e+001  0.000000e+000 -1.300000e+001
    endloop
  endfacet
  facet normal  1.000000e+000  0.000000e+000  0.000000e+000
    outer loop
      vertex -1.250000e+001  0.000000e+000 -1.300000e+001
      vertex -1.250000e+001 -5.000000e+000 -1.100000e+001
      vertex -1.250000e+001 -5.000000e+000 -1.300000e+001
    endloop
  endfacet
endsolid CATIA STL
