solid CATIA STL
  facet normal  1.000000e+000  -0.000000e+000  0.000000e+000
    outer loop
      vertex  1.500000e+000 -1.551919e+000  1.414761e+000
      vertex  1.500000e+000 -2.690923e+000  1.326249e+000
      vertex  1.500000e+000 -1.636069e+000  1.316540e+000
    endloop
  endfacet
  facet normal  1.000000e+000  -0.000000e+000  0.000000e+000
    outer loop
      vertex  1.500000e+000  4.426424e+000 -1.881915e+001
      vertex  1.500000e+000  3.190346e+000 -1.885156e+001
      vertex  1.500000e+000  4.500000e+000 -1.886603e+001
    endloop
  endfacet
  facet normal  1.000000e+000  0.000000e+000  0.000000e+000
    outer loop
      vertex  1.500000e+000  5.298648e+001  2.005721e+001
      vertex  1.500000e+000  4.638564e+001  2.013121e+001
      vertex  1.500000e+000  4.627094e+001  2.009143e+001
    endloop
  endfacet
  facet normal  1.000000e+000  0.000000e+000  0.000000e+000
    outer loop
      vertex  1.500000e+000  5.298648e+001  2.005721e+001
      vertex  1.500000e+000  4.627094e+001  2.009143e+001
      vertex  1.500000e+000  4.615405e+001  2.005868e+001
    endloop
  endfacet
  facet normal  1.000000e+000  0.000000e+000  0.000000e+000
    outer loop
      vertex  1.500000e+000  5.157358e+001 -1.881915e+001
      vertex  1.500000e+000  5.150000e+001 -1.886603e+001
      vertex  1.500000e+000  5.280965e+001 -1.885156e+001
    endloop
  endfacet
  facet normal  1.000000e+000  0.000000e+000  0.000000e+000
    outer loop
      vertex  1.500000e+000  5.134202e+001 -1.893969e+001
      vertex  1.500000e+000  5.125882e+001 -1.896593e+001
      vertex  1.500000e+000  5.275261e+001 -1.896351e+001
    endloop
  endfacet
  facet normal  1.000000e+000  -0.000000e+000  0.000000e+000
    outer loop
      vertex  1.500000e+000  5.000000e+000 -1.900000e+001
      vertex  1.500000e+000  3.311344e+000 -1.907165e+001
      vertex  1.500000e+000  4.874419e+000 -1.999605e+001
    endloop
  endfacet
  facet normal  1.000000e+000  -0.000000e+000  0.000000e+000
    outer loop
      vertex  1.500000e+000  5.000000e+000 -1.900000e+001
      vertex  1.500000e+000  4.874419e+000 -1.999605e+001
      vertex  1.500000e+000  5.000000e+000 -2.000000e+001
    endloop
  endfacet
  facet normal  1.000000e+000  0.000000e+000  0.000000e+000
    outer loop
      vertex  1.500000e+000  5.000000e+000 -1.900000e+001
      vertex  1.500000e+000  5.000000e+000 -2.000000e+001
      vertex  1.500000e+000  5.100000e+001 -2.000000e+001
    endloop
  endfacet
  facet normal  1.000000e+000  0.000000e+000  -0.000000e+000
    outer loop
      vertex  1.500000e+000  5.000000e+000 -1.900000e+001
      vertex  1.500000e+000  5.100000e+001 -2.000000e+001
      vertex  1.500000e+000  5.100000e+001 -1.900000e+001
    endloop
  endfacet
  facet normal  1.000000e+000  0.000000e+000  0.000000e+000
    outer loop
      vertex  1.500000e+000  2.746660e+000  1.108277e+001
      vertex  1.500000e+000 -2.619990e+000  1.461387e+000
      vertex  1.500000e+000 -5.746923e-001  2.019834e+000
    endloop
  endfacet
  facet normal  1.000000e+000  0.000000e+000  0.000000e+000
    outer loop
      vertex  1.500000e+000  2.746660e+000  1.108277e+001
      vertex  1.500000e+000 -5.746923e-001  2.019834e+000
      vertex  1.500000e+000 -4.492595e-001  2.051381e+000
    endloop
  endfacet
  facet normal  1.000000e+000  0.000000e+000  0.000000e+000
    outer loop
      vertex  1.500000e+000  2.746660e+000  1.108277e+001
      vertex  1.500000e+000 -4.492595e-001  2.051381e+000
      vertex  1.500000e+000 -3.221225e-001  2.075147e+000
    endloop
  endfacet
  facet normal  1.000000e+000  0.000000e+000  0.000000e+000
    outer loop
      vertex  1.500000e+000  2.746660e+000  1.108277e+001
      vertex  1.500000e+000 -3.221225e-001  2.075147e+000
      vertex  1.500000e+000 -1.937636e-001  2.091042e+000
    endloop
  endfacet
  facet normal  1.000000e+000  0.000000e+000  0.000000e+000
    outer loop
      vertex  1.500000e+000  2.746660e+000  1.108277e+001
      vertex  1.500000e+000 -1.937636e-001  2.091042e+000
      vertex  1.500000e+000 -6.466962e-002  2.099004e+000
    endloop
  endfacet
  facet normal  1.000000e+000  0.000000e+000  0.000000e+000
    outer loop
      vertex  1.500000e+000  2.746660e+000  1.108277e+001
      vertex  1.500000e+000 -6.466962e-002  2.099004e+000
      vertex  1.500000e+000  6.466962e-002  2.099004e+000
    endloop
  endfacet
  facet normal  1.000000e+000  -0.000000e+000  0.000000e+000
    outer loop
      vertex  1.500000e+000  2.746660e+000  1.108277e+001
      vertex  1.500000e+000  6.466962e-002  2.099004e+000
      vertex  1.500000e+000  1.937636e-001  2.091042e+000
    endloop
  endfacet
  facet normal  1.000000e+000  -0.000000e+000  0.000000e+000
    outer loop
      vertex  1.500000e+000  2.746660e+000  1.108277e+001
      vertex  1.500000e+000  1.937636e-001  2.091042e+000
      vertex  1.500000e+000  3.221225e-001  2.075147e+000
    endloop
  endfacet
  facet normal  1.000000e+000  -0.000000e+000  0.000000e+000
    outer loop
      vertex  1.500000e+000  2.746660e+000  1.108277e+001
      vertex  1.500000e+000  3.221225e-001  2.075147e+000
      vertex  1.500000e+000  4.492595e-001  2.051381e+000
    endloop
  endfacet
  facet normal  1.000000e+000  -0.000000e+000  0.000000e+000
    outer loop
      vertex  1.500000e+000  2.746660e+000  1.108277e+001
      vertex  1.500000e+000  4.492595e-001  2.051381e+000
      vertex  1.500000e+000  5.746923e-001  2.019834e+000
    endloop
  endfacet
  facet normal  1.000000e+000  -0.000000e+000  0.000000e+000
    outer loop
      vertex  1.500000e+000  2.746660e+000  1.108277e+001
      vertex  1.500000e+000  5.746923e-001  2.019834e+000
      vertex  1.500000e+000  6.979451e-001  1.980624e+000
    endloop
  endfacet
  facet normal  1.000000e+000  -0.000000e+000  0.000000e+000
    outer loop
      vertex  1.500000e+000  2.746660e+000  1.108277e+001
      vertex  1.500000e+000  6.979451e-001  1.980624e+000
      vertex  1.500000e+000  8.185503e-001  1.933902e+000
    endloop
  endfacet
  facet normal  1.000000e+000  -0.000000e+000  0.000000e+000
    outer loop
      vertex  1.500000e+000  2.746660e+000  1.108277e+001
      vertex  1.500000e+000  8.185503e-001  1.933902e+000
      vertex  1.500000e+000  9.360505e-001  1.879843e+000
    endloop
  endfacet
  facet normal  1.000000e+000  -0.000000e+000  0.000000e+000
    outer loop
      vertex  1.500000e+000  2.746660e+000  1.108277e+001
      vertex  1.500000e+000  9.360505e-001  1.879843e+000
      vertex  1.500000e+000  1.050000e+000  1.818653e+000
    endloop
  endfacet
  facet normal  1.000000e+000  -0.000000e+000  0.000000e+000
    outer loop
      vertex  1.500000e+000  2.746660e+000  1.108277e+001
      vertex  1.500000e+000  1.050000e+000  1.818653e+000
      vertex  1.500000e+000  1.159966e+000  1.750565e+000
    endloop
  endfacet
  facet normal  1.000000e+000  -0.000000e+000  0.000000e+000
    outer loop
      vertex  1.500000e+000  2.746660e+000  1.108277e+001
      vertex  1.500000e+000  1.159966e+000  1.750565e+000
      vertex  1.500000e+000  1.265533e+000  1.675836e+000
    endloop
  endfacet
  facet normal  1.000000e+000  -0.000000e+000  0.000000e+000
    outer loop
      vertex  1.500000e+000  2.746660e+000  1.108277e+001
      vertex  1.500000e+000  1.265533e+000  1.675836e+000
      vertex  1.500000e+000  1.366298e+000  1.594750e+000
    endloop
  endfacet
  facet normal  1.000000e+000  -0.000000e+000  0.000000e+000
    outer loop
      vertex  1.500000e+000  2.746660e+000  1.108277e+001
      vertex  1.500000e+000  1.366298e+000  1.594750e+000
      vertex  1.500000e+000  1.461881e+000  1.507615e+000
    endloop
  endfacet
  facet normal  1.000000e+000  -0.000000e+000  0.000000e+000
    outer loop
      vertex  1.500000e+000  2.746660e+000  1.108277e+001
      vertex  1.500000e+000  1.461881e+000  1.507615e+000
      vertex  1.500000e+000  1.551919e+000  1.414761e+000
    endloop
  endfacet
  facet normal  1.000000e+000  -0.000000e+000  0.000000e+000
    outer loop
      vertex  1.500000e+000  2.746660e+000  1.108277e+001
      vertex  1.500000e+000  1.551919e+000  1.414761e+000
      vertex  1.500000e+000  1.636069e+000  1.316540e+000
    endloop
  endfacet
  facet normal  9.999999e-001  -0.000000e+000  0.000000e+000
    outer loop
      vertex  1.500000e+000  2.746660e+000  1.108277e+001
      vertex  1.500000e+000  1.636069e+000  1.316540e+000
      vertex  1.500000e+000  1.714013e+000  1.213325e+000
    endloop
  endfacet
  facet normal  1.000000e+000  -0.000000e+000  0.000000e+000
    outer loop
      vertex  1.500000e+000  2.746660e+000  1.108277e+001
      vertex  1.500000e+000  1.714013e+000  1.213325e+000
      vertex  1.500000e+000  1.785456e+000  1.105507e+000
    endloop
  endfacet
  facet normal  1.000000e+000  -0.000000e+000  0.000000e+000
    outer loop
      vertex  1.500000e+000  2.746660e+000  1.108277e+001
      vertex  1.500000e+000  1.785456e+000  1.105507e+000
      vertex  1.500000e+000  1.850126e+000  9.934965e-001
    endloop
  endfacet
  facet normal  1.000000e+000  -0.000000e+000  0.000000e+000
    outer loop
      vertex  1.500000e+000  2.746660e+000  1.108277e+001
      vertex  1.500000e+000  1.850126e+000  9.934965e-001
      vertex  1.500000e+000  1.907777e+000  8.777167e-001
    endloop
  endfacet
  facet normal  1.000000e+000  -0.000000e+000  0.000000e+000
    outer loop
      vertex  1.500000e+000  2.746660e+000  1.108277e+001
      vertex  1.500000e+000  1.907777e+000  8.777167e-001
      vertex  1.500000e+000  1.958192e+000  7.586075e-001
    endloop
  endfacet
  facet normal  1.000000e+000  -0.000000e+000  0.000000e+000
    outer loop
      vertex  1.500000e+000  2.746660e+000  1.108277e+001
      vertex  1.500000e+000  1.958192e+000  7.586075e-001
      vertex  1.500000e+000  2.001178e+000  6.366206e-001
    endloop
  endfacet
  facet normal  1.000000e+000  -0.000000e+000  0.000000e+000
    outer loop
      vertex  1.500000e+000  2.746660e+000  1.108277e+001
      vertex  1.500000e+000  2.001178e+000  6.366206e-001
      vertex  1.500000e+000  2.036574e+000  5.122188e-001
    endloop
  endfacet
  facet normal  9.999999e-001  -0.000000e+000  0.000000e+000
    outer loop
      vertex  1.500000e+000  2.746660e+000  1.108277e+001
      vertex  1.500000e+000  2.036574e+000  5.122188e-001
      vertex  1.500000e+000  2.064244e+000  3.858740e-001
    endloop
  endfacet
  facet normal  1.000000e+000  -0.000000e+000  0.000000e+000
    outer loop
      vertex  1.500000e+000  2.746660e+000  1.108277e+001
      vertex  1.500000e+000  2.064244e+000  3.858740e-001
      vertex  1.500000e+000  2.084083e+000  2.580654e-001
    endloop
  endfacet
  facet normal  1.000000e+000  -0.000000e+000  0.000000e+000
    outer loop
      vertex  1.500000e+000  2.746660e+000  1.108277e+001
      vertex  1.500000e+000  2.084083e+000  2.580654e-001
      vertex  1.500000e+000  2.096017e+000  1.292779e-001
    endloop
  endfacet
  facet normal  1.000000e+000  -0.000000e+000  0.000000e+000
    outer loop
      vertex  1.500000e+000  2.746660e+000  1.108277e+001
      vertex  1.500000e+000  2.096017e+000  1.292779e-001
      vertex  1.500000e+000  2.996805e+000 -1.194402e+001
    endloop
  endfacet
  facet normal  1.000000e+000  0.000000e+000  0.000000e+000
    outer loop
      vertex  1.500000e+000  3.000000e+000  1.205703e+001
      vertex  1.500000e+000  3.000000e+000 -1.205703e+001
      vertex  1.500000e+000  4.000000e+000  1.800000e+001
    endloop
  endfacet
  facet normal  1.000000e+000  0.000000e+000  -0.000000e+000
    outer loop
      vertex  1.500000e+000  3.000000e+000  1.205703e+001
      vertex  1.500000e+000  4.000000e+000  1.800000e+001
      vertex  1.500000e+000  4.003805e+000  1.808716e+001
    endloop
  endfacet
  facet normal  1.000000e+000  0.000000e+000  -0.000000e+000
    outer loop
      vertex  1.500000e+000  3.000000e+000  1.205703e+001
      vertex  1.500000e+000  4.003805e+000  1.808716e+001
      vertex  1.500000e+000  4.015192e+000  1.817365e+001
    endloop
  endfacet
  facet normal  1.000000e+000  0.000000e+000  0.000000e+000
    outer loop
      vertex  1.500000e+000  5.500000e+000  2.000000e+001
      vertex  1.500000e+000  4.292893e+000  1.870711e+001
      vertex  1.500000e+000  4.357213e+000  1.876604e+001
    endloop
  endfacet
  facet normal  1.000000e+000  0.000000e+000  0.000000e+000
    outer loop
      vertex  1.500000e+000  5.500000e+000  2.000000e+001
      vertex  1.500000e+000  4.357213e+000  1.876604e+001
      vertex  1.500000e+000  4.426424e+000  1.881915e+001
    endloop
  endfacet
  facet normal  1.000000e+000  0.000000e+000  0.000000e+000
    outer loop
      vertex  1.500000e+000  5.500000e+000  2.000000e+001
      vertex  1.500000e+000  4.426424e+000  1.881915e+001
      vertex  1.500000e+000  4.500000e+000  1.886603e+001
    endloop
  endfacet
  facet normal  9.999999e-001  0.000000e+000  0.000000e+000
    outer loop
      vertex  1.500000e+000  5.500000e+000  2.000000e+001
      vertex  1.500000e+000  4.500000e+000  1.886603e+001
      vertex  1.500000e+000  4.577382e+000  1.890631e+001
    endloop
  endfacet
  facet normal  1.000000e+000  0.000000e+000  0.000000e+000
    outer loop
      vertex  1.500000e+000  5.500000e+000  2.000000e+001
      vertex  1.500000e+000  4.577382e+000  1.890631e+001
      vertex  1.500000e+000  4.657980e+000  1.893969e+001
    endloop
  endfacet
  facet normal  1.000000e+000  0.000000e+000  0.000000e+000
    outer loop
      vertex  1.500000e+000  5.500000e+000  2.000000e+001
      vertex  1.500000e+000  4.657980e+000  1.893969e+001
      vertex  1.500000e+000  4.741181e+000  1.896593e+001
    endloop
  endfacet
  facet normal  9.999999e-001  0.000000e+000  0.000000e+000
    outer loop
      vertex  1.500000e+000  5.500000e+000  2.000000e+001
      vertex  1.500000e+000  4.741181e+000  1.896593e+001
      vertex  1.500000e+000  4.826352e+000  1.898481e+001
    endloop
  endfacet
  facet normal  1.000000e+000  0.000000e+000  0.000000e+000
    outer loop
      vertex  1.500000e+000  5.500000e+000  2.000000e+001
      vertex  1.500000e+000  4.826352e+000  1.898481e+001
      vertex  1.500000e+000  4.912844e+000  1.899619e+001
    endloop
  endfacet
  facet normal  9.999999e-001  0.000000e+000  0.000000e+000
    outer loop
      vertex  1.500000e+000  5.500000e+000  2.000000e+001
      vertex  1.500000e+000  4.912844e+000  1.899619e+001
      vertex  1.500000e+000  5.000000e+000  1.900000e+001
    endloop
  endfacet
  facet normal  1.000000e+000  -0.000000e+000  0.000000e+000
    outer loop
      vertex  1.500000e+000  4.567315e+001  2.000000e+001
      vertex  1.500000e+000  5.500000e+000  2.000000e+001
      vertex  1.500000e+000  5.000000e+000  1.900000e+001
    endloop
  endfacet
  facet normal  1.000000e+000  0.000000e+000  0.000000e+000
    outer loop
      vertex  1.500000e+000  4.567315e+001  2.000000e+001
      vertex  1.500000e+000  5.000000e+000  1.900000e+001
      vertex  1.500000e+000  5.100000e+001  1.900000e+001
    endloop
  endfacet
  facet normal  1.000000e+000  0.000000e+000  -0.000000e+000
    outer loop
      vertex  1.500000e+000  4.567315e+001  2.000000e+001
      vertex  1.500000e+000  5.100000e+001  1.900000e+001
      vertex  1.500000e+000  5.300000e+001  1.982502e+001
    endloop
  endfacet
  facet normal  1.000000e+000  0.000000e+000  0.000000e+000
    outer loop
      vertex  1.500000e+000  4.567315e+001  2.000000e+001
      vertex  1.500000e+000  5.300000e+001  1.982502e+001
      vertex  1.500000e+000  5.299662e+001  1.994131e+001
    endloop
  endfacet
  facet normal  9.999999e-001  0.000000e+000  0.000000e+000
    outer loop
      vertex  1.500000e+000 -2.619990e+000 -1.461387e+000
      vertex  1.500000e+000 -5.746923e-001 -2.019834e+000
      vertex  1.500000e+000 -6.979451e-001 -1.980624e+000
    endloop
  endfacet
  facet normal  9.999999e-001  0.000000e+000  0.000000e+000
    outer loop
      vertex  1.500000e+000 -2.619990e+000 -1.461387e+000
      vertex  1.500000e+000 -6.979451e-001 -1.980624e+000
      vertex  1.500000e+000 -8.185503e-001 -1.933902e+000
    endloop
  endfacet
  facet normal  1.000000e+000  0.000000e+000  0.000000e+000
    outer loop
      vertex  1.500000e+000 -2.619990e+000 -1.461387e+000
      vertex  1.500000e+000 -8.185503e-001 -1.933902e+000
      vertex  1.500000e+000 -9.360505e-001 -1.879843e+000
    endloop
  endfacet
  facet normal  1.000000e+000  0.000000e+000  0.000000e+000
    outer loop
      vertex  1.500000e+000 -2.619990e+000 -1.461387e+000
      vertex  1.500000e+000 -9.360505e-001 -1.879843e+000
      vertex  1.500000e+000 -1.050000e+000 -1.818653e+000
    endloop
  endfacet
  facet normal  1.000000e+000  0.000000e+000  0.000000e+000
    outer loop
      vertex  1.500000e+000 -2.619990e+000 -1.461387e+000
      vertex  1.500000e+000 -1.050000e+000 -1.818653e+000
      vertex  1.500000e+000 -1.159966e+000 -1.750565e+000
    endloop
  endfacet
  facet normal  1.000000e+000  0.000000e+000  0.000000e+000
    outer loop
      vertex  1.500000e+000 -2.619990e+000 -1.461387e+000
      vertex  1.500000e+000 -1.159966e+000 -1.750565e+000
      vertex  1.500000e+000 -1.265533e+000 -1.675836e+000
    endloop
  endfacet
  facet normal  9.999999e-001  0.000000e+000  0.000000e+000
    outer loop
      vertex  1.500000e+000 -2.619990e+000 -1.461387e+000
      vertex  1.500000e+000 -1.265533e+000 -1.675836e+000
      vertex  1.500000e+000 -1.366298e+000 -1.594750e+000
    endloop
  endfacet
  facet normal  1.000000e+000  0.000000e+000  0.000000e+000
    outer loop
      vertex  1.500000e+000 -2.619990e+000 -1.461387e+000
      vertex  1.500000e+000 -1.366298e+000 -1.594750e+000
      vertex  1.500000e+000 -1.461881e+000 -1.507615e+000
    endloop
  endfacet
  facet normal  9.999999e-001  0.000000e+000  0.000000e+000
    outer loop
      vertex  1.500000e+000 -2.619990e+000 -1.461387e+000
      vertex  1.500000e+000 -1.461881e+000 -1.507615e+000
      vertex  1.500000e+000 -1.551919e+000 -1.414761e+000
    endloop
  endfacet
  facet normal  9.999999e-001  0.000000e+000  0.000000e+000
    outer loop
      vertex  1.500000e+000 -2.619990e+000 -1.461387e+000
      vertex  1.500000e+000 -1.551919e+000 -1.414761e+000
      vertex  1.500000e+000 -1.636069e+000 -1.316540e+000
    endloop
  endfacet
  facet normal  1.000000e+000  0.000000e+000  0.000000e+000
    outer loop
      vertex  1.500000e+000 -2.619990e+000 -1.461387e+000
      vertex  1.500000e+000 -1.636069e+000 -1.316540e+000
      vertex  1.500000e+000 -2.690923e+000 -1.326249e+000
    endloop
  endfacet
  facet normal  1.000000e+000  0.000000e+000  0.000000e+000
    outer loop
      vertex  1.500000e+000  2.746660e+000 -1.108277e+001
      vertex  1.500000e+000  6.466962e-002 -2.099004e+000
      vertex  1.500000e+000 -6.466962e-002 -2.099004e+000
    endloop
  endfacet
  facet normal  1.000000e+000  0.000000e+000  0.000000e+000
    outer loop
      vertex  1.500000e+000  2.746660e+000 -1.108277e+001
      vertex  1.500000e+000 -6.466962e-002 -2.099004e+000
      vertex  1.500000e+000 -1.937636e-001 -2.091042e+000
    endloop
  endfacet
  facet normal  1.000000e+000  0.000000e+000  0.000000e+000
    outer loop
      vertex  1.500000e+000  2.746660e+000 -1.108277e+001
      vertex  1.500000e+000 -1.937636e-001 -2.091042e+000
      vertex  1.500000e+000 -3.221225e-001 -2.075147e+000
    endloop
  endfacet
  facet normal  1.000000e+000  0.000000e+000  0.000000e+000
    outer loop
      vertex  1.500000e+000  2.746660e+000 -1.108277e+001
      vertex  1.500000e+000 -3.221225e-001 -2.075147e+000
      vertex  1.500000e+000 -4.492595e-001 -2.051381e+000
    endloop
  endfacet
  facet normal  1.000000e+000  0.000000e+000  0.000000e+000
    outer loop
      vertex  1.500000e+000  2.746660e+000 -1.108277e+001
      vertex  1.500000e+000 -4.492595e-001 -2.051381e+000
      vertex  1.500000e+000 -5.746923e-001 -2.019834e+000
    endloop
  endfacet
  facet normal  1.000000e+000  0.000000e+000  0.000000e+000
    outer loop
      vertex  1.500000e+000  2.746660e+000 -1.108277e+001
      vertex  1.500000e+000 -5.746923e-001 -2.019834e+000
      vertex  1.500000e+000 -2.619990e+000 -1.461387e+000
    endloop
  endfacet
  facet normal  9.999999e-001  -0.000000e+000  -0.000000e+000
    outer loop
      vertex  1.500000e+000  6.466962e-002 -2.099004e+000
      vertex  1.500000e+000  2.746660e+000 -1.108277e+001
      vertex  1.500000e+000  2.798918e+000 -1.118302e+001
    endloop
  endfacet
  facet normal  1.000000e+000  -0.000000e+000  -0.000000e+000
    outer loop
      vertex  1.500000e+000  6.466962e-002 -2.099004e+000
      vertex  1.500000e+000  2.798918e+000 -1.118302e+001
      vertex  1.500000e+000  2.845429e+000 -1.128606e+001
    endloop
  endfacet
  facet normal  1.000000e+000  -0.000000e+000  -0.000000e+000
    outer loop
      vertex  1.500000e+000  6.466962e-002 -2.099004e+000
      vertex  1.500000e+000  2.845429e+000 -1.128606e+001
      vertex  1.500000e+000  2.886043e+000 -1.139157e+001
    endloop
  endfacet
  facet normal  1.000000e+000  -0.000000e+000  -0.000000e+000
    outer loop
      vertex  1.500000e+000  6.466962e-002 -2.099004e+000
      vertex  1.500000e+000  2.886043e+000 -1.139157e+001
      vertex  1.500000e+000  2.920630e+000 -1.149920e+001
    endloop
  endfacet
  facet normal  1.000000e+000  -0.000000e+000  -0.000000e+000
    outer loop
      vertex  1.500000e+000  3.311344e+000 -1.907165e+001
      vertex  1.500000e+000  3.381966e+000 -1.917557e+001
      vertex  1.500000e+000  3.458973e+000 -1.927485e+001
    endloop
  endfacet
  facet normal  1.000000e+000  -0.000000e+000  -0.000000e+000
    outer loop
      vertex  1.500000e+000  3.311344e+000 -1.907165e+001
      vertex  1.500000e+000  3.458973e+000 -1.927485e+001
      vertex  1.500000e+000  3.542063e+000 -1.936909e+001
    endloop
  endfacet
  facet normal  1.000000e+000  -0.000000e+000  -0.000000e+000
    outer loop
      vertex  1.500000e+000  3.311344e+000 -1.907165e+001
      vertex  1.500000e+000  3.542063e+000 -1.936909e+001
      vertex  1.500000e+000  3.630906e+000 -1.945794e+001
    endloop
  endfacet
  facet normal  1.000000e+000  -0.000000e+000  -0.000000e+000
    outer loop
      vertex  1.500000e+000  3.311344e+000 -1.907165e+001
      vertex  1.500000e+000  3.630906e+000 -1.945794e+001
      vertex  1.500000e+000  3.725152e+000 -1.954103e+001
    endloop
  endfacet
  facet normal  1.000000e+000  -0.000000e+000  -0.000000e+000
    outer loop
      vertex  1.500000e+000  3.311344e+000 -1.907165e+001
      vertex  1.500000e+000  3.725152e+000 -1.954103e+001
      vertex  1.500000e+000  3.824430e+000 -1.961803e+001
    endloop
  endfacet
  facet normal  1.000000e+000  -0.000000e+000  -0.000000e+000
    outer loop
      vertex  1.500000e+000  3.311344e+000 -1.907165e+001
      vertex  1.500000e+000  3.824430e+000 -1.961803e+001
      vertex  1.500000e+000  3.928346e+000 -1.968866e+001
    endloop
  endfacet
  facet normal  9.999999e-001  -0.000000e+000  -0.000000e+000
    outer loop
      vertex  1.500000e+000  3.311344e+000 -1.907165e+001
      vertex  1.500000e+000  3.928346e+000 -1.968866e+001
      vertex  1.500000e+000  4.036493e+000 -1.975261e+001
    endloop
  endfacet
  facet normal  1.000000e+000  -0.000000e+000  -0.000000e+000
    outer loop
      vertex  1.500000e+000  3.311344e+000 -1.907165e+001
      vertex  1.500000e+000  4.036493e+000 -1.975261e+001
      vertex  1.500000e+000  4.148441e+000 -1.980965e+001
    endloop
  endfacet
  facet normal  1.000000e+000  -0.000000e+000  -0.000000e+000
    outer loop
      vertex  1.500000e+000  3.311344e+000 -1.907165e+001
      vertex  1.500000e+000  4.148441e+000 -1.980965e+001
      vertex  1.500000e+000  4.263751e+000 -1.985955e+001
    endloop
  endfacet
  facet normal  9.999999e-001  -0.000000e+000  -0.000000e+000
    outer loop
      vertex  1.500000e+000  3.311344e+000 -1.907165e+001
      vertex  1.500000e+000  4.263751e+000 -1.985955e+001
      vertex  1.500000e+000  4.381966e+000 -1.990211e+001
    endloop
  endfacet
  facet normal  1.000000e+000  -0.000000e+000  -0.000000e+000
    outer loop
      vertex  1.500000e+000  3.311344e+000 -1.907165e+001
      vertex  1.500000e+000  4.381966e+000 -1.990211e+001
      vertex  1.500000e+000  4.502620e+000 -1.993717e+001
    endloop
  endfacet
  facet normal  1.000000e+000  -0.000000e+000  -0.000000e+000
    outer loop
      vertex  1.500000e+000  3.311344e+000 -1.907165e+001
      vertex  1.500000e+000  4.502620e+000 -1.993717e+001
      vertex  1.500000e+000  4.625237e+000 -1.996457e+001
    endloop
  endfacet
  facet normal  1.000000e+000  -0.000000e+000  -0.000000e+000
    outer loop
      vertex  1.500000e+000  3.311344e+000 -1.907165e+001
      vertex  1.500000e+000  4.625237e+000 -1.996457e+001
      vertex  1.500000e+000  4.749333e+000 -1.998423e+001
    endloop
  endfacet
  facet normal  1.000000e+000  -0.000000e+000  -0.000000e+000
    outer loop
      vertex  1.500000e+000  3.311344e+000 -1.907165e+001
      vertex  1.500000e+000  4.749333e+000 -1.998423e+001
      vertex  1.500000e+000  4.874419e+000 -1.999605e+001
    endloop
  endfacet
  facet normal  1.000000e+000  0.000000e+000  0.000000e+000
    outer loop
      vertex  1.500000e+000  5.100000e+001 -1.900000e+001
      vertex  1.500000e+000  5.100000e+001 -2.000000e+001
      vertex  1.500000e+000  5.112558e+001 -1.999605e+001
    endloop
  endfacet
  facet normal  1.000000e+000  0.000000e+000  -0.000000e+000
    outer loop
      vertex  1.500000e+000  5.100000e+001 -1.900000e+001
      vertex  1.500000e+000  5.112558e+001 -1.999605e+001
      vertex  1.500000e+000  5.125067e+001 -1.998423e+001
    endloop
  endfacet
  facet normal  1.000000e+000  0.000000e+000  -0.000000e+000
    outer loop
      vertex  1.500000e+000  5.100000e+001 -1.900000e+001
      vertex  1.500000e+000  5.125067e+001 -1.998423e+001
      vertex  1.500000e+000  5.137476e+001 -1.996457e+001
    endloop
  endfacet
  facet normal  1.000000e+000  0.000000e+000  -0.000000e+000
    outer loop
      vertex  1.500000e+000  5.100000e+001 -1.900000e+001
      vertex  1.500000e+000  5.137476e+001 -1.996457e+001
      vertex  1.500000e+000  5.149738e+001 -1.993717e+001
    endloop
  endfacet
  facet normal  1.000000e+000  0.000000e+000  -0.000000e+000
    outer loop
      vertex  1.500000e+000  5.100000e+001 -1.900000e+001
      vertex  1.500000e+000  5.149738e+001 -1.993717e+001
      vertex  1.500000e+000  5.161803e+001 -1.990211e+001
    endloop
  endfacet
  facet normal  1.000000e+000  0.000000e+000  -0.000000e+000
    outer loop
      vertex  1.500000e+000  5.100000e+001 -1.900000e+001
      vertex  1.500000e+000  5.161803e+001 -1.990211e+001
      vertex  1.500000e+000  5.173625e+001 -1.985955e+001
    endloop
  endfacet
  facet normal  1.000000e+000  0.000000e+000  -0.000000e+000
    outer loop
      vertex  1.500000e+000  5.100000e+001 -1.900000e+001
      vertex  1.500000e+000  5.173625e+001 -1.985955e+001
      vertex  1.500000e+000  5.185156e+001 -1.980965e+001
    endloop
  endfacet
  facet normal  1.000000e+000  0.000000e+000  -0.000000e+000
    outer loop
      vertex  1.500000e+000  5.100000e+001 -1.900000e+001
      vertex  1.500000e+000  5.185156e+001 -1.980965e+001
      vertex  1.500000e+000  5.196351e+001 -1.975261e+001
    endloop
  endfacet
  facet normal  1.000000e+000  0.000000e+000  -0.000000e+000
    outer loop
      vertex  1.500000e+000  5.100000e+001 -1.900000e+001
      vertex  1.500000e+000  5.196351e+001 -1.975261e+001
      vertex  1.500000e+000  5.207166e+001 -1.968866e+001
    endloop
  endfacet
  facet normal  1.000000e+000  0.000000e+000  -0.000000e+000
    outer loop
      vertex  1.500000e+000  5.100000e+001 -1.900000e+001
      vertex  1.500000e+000  5.207166e+001 -1.968866e+001
      vertex  1.500000e+000  5.217557e+001 -1.961803e+001
    endloop
  endfacet
  facet normal  1.000000e+000  0.000000e+000  -0.000000e+000
    outer loop
      vertex  1.500000e+000  5.100000e+001 -1.900000e+001
      vertex  1.500000e+000  5.217557e+001 -1.961803e+001
      vertex  1.500000e+000  5.227485e+001 -1.954103e+001
    endloop
  endfacet
  facet normal  1.000000e+000  0.000000e+000  -0.000000e+000
    outer loop
      vertex  1.500000e+000  5.100000e+001 -1.900000e+001
      vertex  1.500000e+000  5.227485e+001 -1.954103e+001
      vertex  1.500000e+000  5.236909e+001 -1.945794e+001
    endloop
  endfacet
  facet normal  1.000000e+000  0.000000e+000  -0.000000e+000
    outer loop
      vertex  1.500000e+000  5.100000e+001 -1.900000e+001
      vertex  1.500000e+000  5.236909e+001 -1.945794e+001
      vertex  1.500000e+000  5.245794e+001 -1.936909e+001
    endloop
  endfacet
  facet normal  1.000000e+000  0.000000e+000  -0.000000e+000
    outer loop
      vertex  1.500000e+000  5.100000e+001 -1.900000e+001
      vertex  1.500000e+000  5.245794e+001 -1.936909e+001
      vertex  1.500000e+000  5.254103e+001 -1.927485e+001
    endloop
  endfacet
  facet normal  1.000000e+000  0.000000e+000  -0.000000e+000
    outer loop
      vertex  1.500000e+000  5.100000e+001 -1.900000e+001
      vertex  1.500000e+000  5.254103e+001 -1.927485e+001
      vertex  1.500000e+000  5.261803e+001 -1.917557e+001
    endloop
  endfacet
  facet normal  1.000000e+000  0.000000e+000  -0.000000e+000
    outer loop
      vertex  1.500000e+000  5.100000e+001 -1.900000e+001
      vertex  1.500000e+000  5.261803e+001 -1.917557e+001
      vertex  1.500000e+000  5.268866e+001 -1.907165e+001
    endloop
  endfacet
  facet normal  1.000000e+000  0.000000e+000  0.000000e+000
    outer loop
      vertex  1.500000e+000 -2.619990e+000  1.461387e+000
      vertex  1.500000e+000 -2.690923e+000  1.326249e+000
      vertex  1.500000e+000 -1.551919e+000  1.414761e+000
    endloop
  endfacet
  facet normal  9.999999e-001  0.000000e+000  -0.000000e+000
    outer loop
      vertex  1.500000e+000 -2.619990e+000  1.461387e+000
      vertex  1.500000e+000 -1.551919e+000  1.414761e+000
      vertex  1.500000e+000 -1.461881e+000  1.507615e+000
    endloop
  endfacet
  facet normal  1.000000e+000  0.000000e+000  -0.000000e+000
    outer loop
      vertex  1.500000e+000 -2.619990e+000  1.461387e+000
      vertex  1.500000e+000 -1.461881e+000  1.507615e+000
      vertex  1.500000e+000 -1.366298e+000  1.594750e+000
    endloop
  endfacet
  facet normal  9.999999e-001  0.000000e+000  -0.000000e+000
    outer loop
      vertex  1.500000e+000 -2.619990e+000  1.461387e+000
      vertex  1.500000e+000 -1.366298e+000  1.594750e+000
      vertex  1.500000e+000 -1.265533e+000  1.675836e+000
    endloop
  endfacet
  facet normal  1.000000e+000  0.000000e+000  -0.000000e+000
    outer loop
      vertex  1.500000e+000 -2.619990e+000  1.461387e+000
      vertex  1.500000e+000 -1.265533e+000  1.675836e+000
      vertex  1.500000e+000 -1.159966e+000  1.750565e+000
    endloop
  endfacet
  facet normal  1.000000e+000  0.000000e+000  -0.000000e+000
    outer loop
      vertex  1.500000e+000 -2.619990e+000  1.461387e+000
      vertex  1.500000e+000 -1.159966e+000  1.750565e+000
      vertex  1.500000e+000 -1.050000e+000  1.818653e+000
    endloop
  endfacet
  facet normal  1.000000e+000  0.000000e+000  -0.000000e+000
    outer loop
      vertex  1.500000e+000 -2.619990e+000  1.461387e+000
      vertex  1.500000e+000 -1.050000e+000  1.818653e+000
      vertex  1.500000e+000 -9.360505e-001  1.879843e+000
    endloop
  endfacet
  facet normal  1.000000e+000  0.000000e+000  -0.000000e+000
    outer loop
      vertex  1.500000e+000 -2.619990e+000  1.461387e+000
      vertex  1.500000e+000 -9.360505e-001  1.879843e+000
      vertex  1.500000e+000 -8.185503e-001  1.933902e+000
    endloop
  endfacet
  facet normal  1.000000e+000  0.000000e+000  -0.000000e+000
    outer loop
      vertex  1.500000e+000 -2.619990e+000  1.461387e+000
      vertex  1.500000e+000 -8.185503e-001  1.933902e+000
      vertex  1.500000e+000 -6.979451e-001  1.980624e+000
    endloop
  endfacet
  facet normal  1.000000e+000  0.000000e+000  -0.000000e+000
    outer loop
      vertex  1.500000e+000 -2.619990e+000  1.461387e+000
      vertex  1.500000e+000 -6.979451e-001  1.980624e+000
      vertex  1.500000e+000 -5.746923e-001  2.019834e+000
    endloop
  endfacet
  facet normal  1.000000e+000  0.000000e+000  0.000000e+000
    outer loop
      vertex  1.500000e+000  2.920630e+000 -1.149920e+001
      vertex  1.500000e+000  5.746923e-001 -2.019834e+000
      vertex  1.500000e+000  4.492595e-001 -2.051381e+000
    endloop
  endfacet
  facet normal  1.000000e+000  0.000000e+000  0.000000e+000
    outer loop
      vertex  1.500000e+000  2.920630e+000 -1.149920e+001
      vertex  1.500000e+000  4.492595e-001 -2.051381e+000
      vertex  1.500000e+000  3.221225e-001 -2.075147e+000
    endloop
  endfacet
  facet normal  1.000000e+000  0.000000e+000  0.000000e+000
    outer loop
      vertex  1.500000e+000  2.920630e+000 -1.149920e+001
      vertex  1.500000e+000  3.221225e-001 -2.075147e+000
      vertex  1.500000e+000  1.937636e-001 -2.091042e+000
    endloop
  endfacet
  facet normal  9.999999e-001  0.000000e+000  0.000000e+000
    outer loop
      vertex  1.500000e+000  2.920630e+000 -1.149920e+001
      vertex  1.500000e+000  1.937636e-001 -2.091042e+000
      vertex  1.500000e+000  6.466962e-002 -2.099004e+000
    endloop
  endfacet
  facet normal  1.000000e+000  0.000000e+000  0.000000e+000
    outer loop
      vertex  1.500000e+000  2.949081e+000 -1.160861e+001
      vertex  1.500000e+000  1.159966e+000 -1.750565e+000
      vertex  1.500000e+000  1.050000e+000 -1.818653e+000
    endloop
  endfacet
  facet normal  1.000000e+000  0.000000e+000  0.000000e+000
    outer loop
      vertex  1.500000e+000  2.949081e+000 -1.160861e+001
      vertex  1.500000e+000  1.050000e+000 -1.818653e+000
      vertex  1.500000e+000  9.360505e-001 -1.879843e+000
    endloop
  endfacet
  facet normal  1.000000e+000  0.000000e+000  0.000000e+000
    outer loop
      vertex  1.500000e+000  2.949081e+000 -1.160861e+001
      vertex  1.500000e+000  9.360505e-001 -1.879843e+000
      vertex  1.500000e+000  8.185503e-001 -1.933902e+000
    endloop
  endfacet
  facet normal  1.000000e+000  0.000000e+000  0.000000e+000
    outer loop
      vertex  1.500000e+000  2.949081e+000 -1.160861e+001
      vertex  1.500000e+000  8.185503e-001 -1.933902e+000
      vertex  1.500000e+000  6.979451e-001 -1.980624e+000
    endloop
  endfacet
  facet normal  1.000000e+000  0.000000e+000  0.000000e+000
    outer loop
      vertex  1.500000e+000  2.949081e+000 -1.160861e+001
      vertex  1.500000e+000  6.979451e-001 -1.980624e+000
      vertex  1.500000e+000  5.746923e-001 -2.019834e+000
    endloop
  endfacet
  facet normal  1.000000e+000  0.000000e+000  0.000000e+000
    outer loop
      vertex  1.500000e+000  2.949081e+000 -1.160861e+001
      vertex  1.500000e+000  5.746923e-001 -2.019834e+000
      vertex  1.500000e+000  2.920630e+000 -1.149920e+001
    endloop
  endfacet
  facet normal  1.000000e+000  0.000000e+000  0.000000e+000
    outer loop
      vertex  1.500000e+000  2.971305e+000 -1.171945e+001
      vertex  1.500000e+000  1.636069e+000 -1.316540e+000
      vertex  1.500000e+000  1.551919e+000 -1.414761e+000
    endloop
  endfacet
  facet normal  1.000000e+000  0.000000e+000  0.000000e+000
    outer loop
      vertex  1.500000e+000  2.971305e+000 -1.171945e+001
      vertex  1.500000e+000  1.551919e+000 -1.414761e+000
      vertex  1.500000e+000  1.461881e+000 -1.507615e+000
    endloop
  endfacet
  facet normal  1.000000e+000  0.000000e+000  0.000000e+000
    outer loop
      vertex  1.500000e+000  2.971305e+000 -1.171945e+001
      vertex  1.500000e+000  1.461881e+000 -1.507615e+000
      vertex  1.500000e+000  1.366298e+000 -1.594750e+000
    endloop
  endfacet
  facet normal  9.999999e-001  0.000000e+000  0.000000e+000
    outer loop
      vertex  1.500000e+000  2.971305e+000 -1.171945e+001
      vertex  1.500000e+000  1.366298e+000 -1.594750e+000
      vertex  1.500000e+000  1.265533e+000 -1.675836e+000
    endloop
  endfacet
  facet normal  1.000000e+000  0.000000e+000  0.000000e+000
    outer loop
      vertex  1.500000e+000  2.971305e+000 -1.171945e+001
      vertex  1.500000e+000  1.265533e+000 -1.675836e+000
      vertex  1.500000e+000  1.159966e+000 -1.750565e+000
    endloop
  endfacet
  facet normal  1.000000e+000  0.000000e+000  0.000000e+000
    outer loop
      vertex  1.500000e+000  2.971305e+000 -1.171945e+001
      vertex  1.500000e+000  1.159966e+000 -1.750565e+000
      vertex  1.500000e+000  2.949081e+000 -1.160861e+001
    endloop
  endfacet
  facet normal  1.000000e+000  0.000000e+000  0.000000e+000
    outer loop
      vertex  1.500000e+000  2.987230e+000 -1.183138e+001
      vertex  1.500000e+000  2.996805e+000 -1.194402e+001
      vertex  1.500000e+000  2.096017e+000  1.292779e-001
    endloop
  endfacet
  facet normal  1.000000e+000  0.000000e+000  0.000000e+000
    outer loop
      vertex  1.500000e+000  2.987230e+000 -1.183138e+001
      vertex  1.500000e+000  2.096017e+000  1.292779e-001
      vertex  1.500000e+000  2.100000e+000  0.000000e+000
    endloop
  endfacet
  facet normal  1.000000e+000  0.000000e+000  0.000000e+000
    outer loop
      vertex  1.500000e+000  2.987230e+000 -1.183138e+001
      vertex  1.500000e+000  2.100000e+000  0.000000e+000
      vertex  1.500000e+000  2.096017e+000 -1.292779e-001
    endloop
  endfacet
  facet normal  1.000000e+000  0.000000e+000  0.000000e+000
    outer loop
      vertex  1.500000e+000  2.987230e+000 -1.183138e+001
      vertex  1.500000e+000  2.096017e+000 -1.292779e-001
      vertex  1.500000e+000  2.084083e+000 -2.580654e-001
    endloop
  endfacet
  facet normal  1.000000e+000  0.000000e+000  0.000000e+000
    outer loop
      vertex  1.500000e+000  2.987230e+000 -1.183138e+001
      vertex  1.500000e+000  2.084083e+000 -2.580654e-001
      vertex  1.500000e+000  2.064244e+000 -3.858740e-001
    endloop
  endfacet
  facet normal  1.000000e+000  0.000000e+000  0.000000e+000
    outer loop
      vertex  1.500000e+000  2.987230e+000 -1.183138e+001
      vertex  1.500000e+000  2.064244e+000 -3.858740e-001
      vertex  1.500000e+000  2.036574e+000 -5.122188e-001
    endloop
  endfacet
  facet normal  1.000000e+000  0.000000e+000  0.000000e+000
    outer loop
      vertex  1.500000e+000  2.987230e+000 -1.183138e+001
      vertex  1.500000e+000  2.036574e+000 -5.122188e-001
      vertex  1.500000e+000  2.001178e+000 -6.366206e-001
    endloop
  endfacet
  facet normal  9.999999e-001  0.000000e+000  0.000000e+000
    outer loop
      vertex  1.500000e+000  2.987230e+000 -1.183138e+001
      vertex  1.500000e+000  2.001178e+000 -6.366206e-001
      vertex  1.500000e+000  1.958192e+000 -7.586075e-001
    endloop
  endfacet
  facet normal  1.000000e+000  0.000000e+000  0.000000e+000
    outer loop
      vertex  1.500000e+000  2.987230e+000 -1.183138e+001
      vertex  1.500000e+000  1.958192e+000 -7.586075e-001
      vertex  1.500000e+000  1.907777e+000 -8.777167e-001
    endloop
  endfacet
  facet normal  9.999999e-001  0.000000e+000  0.000000e+000
    outer loop
      vertex  1.500000e+000  2.987230e+000 -1.183138e+001
      vertex  1.500000e+000  1.907777e+000 -8.777167e-001
      vertex  1.500000e+000  1.850126e+000 -9.934965e-001
    endloop
  endfacet
  facet normal  1.000000e+000  0.000000e+000  0.000000e+000
    outer loop
      vertex  1.500000e+000  2.987230e+000 -1.183138e+001
      vertex  1.500000e+000  1.850126e+000 -9.934965e-001
      vertex  1.500000e+000  1.785456e+000 -1.105507e+000
    endloop
  endfacet
  facet normal  1.000000e+000  0.000000e+000  0.000000e+000
    outer loop
      vertex  1.500000e+000  2.987230e+000 -1.183138e+001
      vertex  1.500000e+000  1.785456e+000 -1.105507e+000
      vertex  1.500000e+000  1.714013e+000 -1.213325e+000
    endloop
  endfacet
  facet normal  1.000000e+000  0.000000e+000  0.000000e+000
    outer loop
      vertex  1.500000e+000  2.987230e+000 -1.183138e+001
      vertex  1.500000e+000  1.714013e+000 -1.213325e+000
      vertex  1.500000e+000  1.636069e+000 -1.316540e+000
    endloop
  endfacet
  facet normal  1.000000e+000  0.000000e+000  0.000000e+000
    outer loop
      vertex  1.500000e+000  2.987230e+000 -1.183138e+001
      vertex  1.500000e+000  1.636069e+000 -1.316540e+000
      vertex  1.500000e+000  2.971305e+000 -1.171945e+001
    endloop
  endfacet
  facet normal  1.000000e+000  0.000000e+000  0.000000e+000
    outer loop
      vertex  1.500000e+000  3.000000e+000 -1.205703e+001
      vertex  1.500000e+000  3.000000e+000  1.205703e+001
      vertex  1.500000e+000  2.996805e+000  1.194402e+001
    endloop
  endfacet
  facet normal  1.000000e+000  0.000000e+000  0.000000e+000
    outer loop
      vertex  1.500000e+000  3.000000e+000 -1.205703e+001
      vertex  1.500000e+000  2.996805e+000  1.194402e+001
      vertex  1.500000e+000  2.987230e+000  1.183138e+001
    endloop
  endfacet
  facet normal  1.000000e+000  0.000000e+000  0.000000e+000
    outer loop
      vertex  1.500000e+000  3.000000e+000 -1.205703e+001
      vertex  1.500000e+000  2.987230e+000  1.183138e+001
      vertex  1.500000e+000  2.971305e+000  1.171945e+001
    endloop
  endfacet
  facet normal  1.000000e+000  0.000000e+000  0.000000e+000
    outer loop
      vertex  1.500000e+000  3.000000e+000 -1.205703e+001
      vertex  1.500000e+000  2.971305e+000  1.171945e+001
      vertex  1.500000e+000  2.949081e+000  1.160861e+001
    endloop
  endfacet
  facet normal  9.999999e-001  0.000000e+000  0.000000e+000
    outer loop
      vertex  1.500000e+000  3.000000e+000 -1.205703e+001
      vertex  1.500000e+000  2.949081e+000  1.160861e+001
      vertex  1.500000e+000  2.920630e+000  1.149920e+001
    endloop
  endfacet
  facet normal  1.000000e+000  0.000000e+000  0.000000e+000
    outer loop
      vertex  1.500000e+000  3.000000e+000 -1.205703e+001
      vertex  1.500000e+000  2.920630e+000  1.149920e+001
      vertex  1.500000e+000  2.886043e+000  1.139157e+001
    endloop
  endfacet
  facet normal  1.000000e+000  0.000000e+000  0.000000e+000
    outer loop
      vertex  1.500000e+000  3.000000e+000 -1.205703e+001
      vertex  1.500000e+000  2.886043e+000  1.139157e+001
      vertex  1.500000e+000  2.845429e+000  1.128606e+001
    endloop
  endfacet
  facet normal  1.000000e+000  0.000000e+000  0.000000e+000
    outer loop
      vertex  1.500000e+000  3.000000e+000 -1.205703e+001
      vertex  1.500000e+000  2.845429e+000  1.128606e+001
      vertex  1.500000e+000  2.798918e+000  1.118302e+001
    endloop
  endfacet
  facet normal  9.999999e-001  0.000000e+000  0.000000e+000
    outer loop
      vertex  1.500000e+000  3.000000e+000 -1.205703e+001
      vertex  1.500000e+000  2.798918e+000  1.118302e+001
      vertex  1.500000e+000  2.746660e+000  1.108277e+001
    endloop
  endfacet
  facet normal  9.999999e-001  0.000000e+000  0.000000e+000
    outer loop
      vertex  1.500000e+000  3.000000e+000 -1.205703e+001
      vertex  1.500000e+000  2.746660e+000  1.108277e+001
      vertex  1.500000e+000  2.996805e+000 -1.194402e+001
    endloop
  endfacet
  facet normal  1.000000e+000  0.000000e+000  0.000000e+000
    outer loop
      vertex  1.500000e+000  3.000000e+000  2.000000e+001
      vertex  1.500000e+000  3.000000e+000  1.205703e+001
      vertex  1.500000e+000  4.015192e+000  1.817365e+001
    endloop
  endfacet
  facet normal  9.999999e-001  0.000000e+000  -0.000000e+000
    outer loop
      vertex  1.500000e+000  3.000000e+000  2.000000e+001
      vertex  1.500000e+000  4.015192e+000  1.817365e+001
      vertex  1.500000e+000  4.034074e+000  1.825882e+001
    endloop
  endfacet
  facet normal  1.000000e+000  0.000000e+000  -0.000000e+000
    outer loop
      vertex  1.500000e+000  3.000000e+000  2.000000e+001
      vertex  1.500000e+000  4.034074e+000  1.825882e+001
      vertex  1.500000e+000  4.060308e+000  1.834202e+001
    endloop
  endfacet
  facet normal  1.000000e+000  0.000000e+000  -0.000000e+000
    outer loop
      vertex  1.500000e+000  3.000000e+000  2.000000e+001
      vertex  1.500000e+000  4.060308e+000  1.834202e+001
      vertex  1.500000e+000  4.093692e+000  1.842262e+001
    endloop
  endfacet
  facet normal  1.000000e+000  0.000000e+000  -0.000000e+000
    outer loop
      vertex  1.500000e+000  3.000000e+000  2.000000e+001
      vertex  1.500000e+000  4.093692e+000  1.842262e+001
      vertex  1.500000e+000  4.133975e+000  1.850000e+001
    endloop
  endfacet
  facet normal  1.000000e+000  0.000000e+000  -0.000000e+000
    outer loop
      vertex  1.500000e+000  3.000000e+000  2.000000e+001
      vertex  1.500000e+000  4.133975e+000  1.850000e+001
      vertex  1.500000e+000  4.180848e+000  1.857358e+001
    endloop
  endfacet
  facet normal  1.000000e+000  0.000000e+000  -0.000000e+000
    outer loop
      vertex  1.500000e+000  3.000000e+000  2.000000e+001
      vertex  1.500000e+000  4.180848e+000  1.857358e+001
      vertex  1.500000e+000  4.233955e+000  1.864279e+001
    endloop
  endfacet
  facet normal  9.999999e-001  0.000000e+000  -0.000000e+000
    outer loop
      vertex  1.500000e+000  3.000000e+000  2.000000e+001
      vertex  1.500000e+000  4.233955e+000  1.864279e+001
      vertex  1.500000e+000  4.292893e+000  1.870711e+001
    endloop
  endfacet
  facet normal  1.000000e+000  0.000000e+000  -0.000000e+000
    outer loop
      vertex  1.500000e+000  3.000000e+000  2.000000e+001
      vertex  1.500000e+000  4.292893e+000  1.870711e+001
      vertex  1.500000e+000  5.500000e+000  2.000000e+001
    endloop
  endfacet
  facet normal  1.000000e+000  0.000000e+000  0.000000e+000
    outer loop
      vertex  1.500000e+000  3.000000e+000  2.000000e+001
      vertex  1.500000e+000  5.500000e+000  2.000000e+001
      vertex  1.500000e+000  3.500000e+000  2.200000e+001
    endloop
  endfacet
  facet normal  1.000000e+000  0.000000e+000  0.000000e+000
    outer loop
      vertex  1.500000e+000  3.000000e+000  2.000000e+001
      vertex  1.500000e+000  3.500000e+000  2.200000e+001
      vertex  1.500000e+000  2.300000e+000  2.200000e+001
    endloop
  endfacet
  facet normal  1.000000e+000  0.000000e+000  0.000000e+000
    outer loop
      vertex  1.500000e+000  3.000000e+000  2.000000e+001
      vertex  1.500000e+000  2.300000e+000  2.200000e+001
      vertex  1.500000e+000  2.300000e+000  2.000000e+001
    endloop
  endfacet
  facet normal  1.000000e+000  0.000000e+000  0.000000e+000
    outer loop
      vertex  1.500000e+000  3.247387e+000 -1.896351e+001
      vertex  1.500000e+000  4.741181e+000 -1.896593e+001
      vertex  1.500000e+000  4.657980e+000 -1.893969e+001
    endloop
  endfacet
  facet normal  1.000000e+000  0.000000e+000  0.000000e+000
    outer loop
      vertex  1.500000e+000  3.247387e+000 -1.896351e+001
      vertex  1.500000e+000  4.657980e+000 -1.893969e+001
      vertex  1.500000e+000  4.577382e+000 -1.890631e+001
    endloop
  endfacet
  facet normal  1.000000e+000  0.000000e+000  0.000000e+000
    outer loop
      vertex  1.500000e+000  3.247387e+000 -1.896351e+001
      vertex  1.500000e+000  4.577382e+000 -1.890631e+001
      vertex  1.500000e+000  4.500000e+000 -1.886603e+001
    endloop
  endfacet
  facet normal  9.999999e-001  0.000000e+000  0.000000e+000
    outer loop
      vertex  1.500000e+000  3.247387e+000 -1.896351e+001
      vertex  1.500000e+000  4.500000e+000 -1.886603e+001
      vertex  1.500000e+000  3.190346e+000 -1.885156e+001
    endloop
  endfacet
  facet normal  1.000000e+000  0.000000e+000  0.000000e+000
    outer loop
      vertex  1.500000e+000  3.311344e+000 -1.907165e+001
      vertex  1.500000e+000  5.000000e+000 -1.900000e+001
      vertex  1.500000e+000  4.912844e+000 -1.899619e+001
    endloop
  endfacet
  facet normal  1.000000e+000  0.000000e+000  0.000000e+000
    outer loop
      vertex  1.500000e+000  3.311344e+000 -1.907165e+001
      vertex  1.500000e+000  4.912844e+000 -1.899619e+001
      vertex  1.500000e+000  4.826352e+000 -1.898481e+001
    endloop
  endfacet
  facet normal  1.000000e+000  0.000000e+000  0.000000e+000
    outer loop
      vertex  1.500000e+000  3.311344e+000 -1.907165e+001
      vertex  1.500000e+000  4.826352e+000 -1.898481e+001
      vertex  1.500000e+000  4.741181e+000 -1.896593e+001
    endloop
  endfacet
  facet normal  9.999999e-001  0.000000e+000  0.000000e+000
    outer loop
      vertex  1.500000e+000  3.311344e+000 -1.907165e+001
      vertex  1.500000e+000  4.741181e+000 -1.896593e+001
      vertex  1.500000e+000  3.247387e+000 -1.896351e+001
    endloop
  endfacet
  facet normal  1.000000e+000  0.000000e+000  0.000000e+000
    outer loop
      vertex  1.500000e+000  5.296962e+001  2.017232e+001
      vertex  1.500000e+000  5.214529e+001  2.484730e+001
      vertex  1.500000e+000  4.820606e+001  2.484730e+001
    endloop
  endfacet
  facet normal  1.000000e+000  0.000000e+000  0.000000e+000
    outer loop
      vertex  1.500000e+000  5.296962e+001  2.017232e+001
      vertex  1.500000e+000  4.820606e+001  2.484730e+001
      vertex  1.500000e+000  4.764277e+001  2.165270e+001
    endloop
  endfacet
  facet normal  1.000000e+000  0.000000e+000  0.000000e+000
    outer loop
      vertex  1.500000e+000  5.296962e+001  2.017232e+001
      vertex  1.500000e+000  4.764277e+001  2.165270e+001
      vertex  1.500000e+000  4.761807e+001  2.153385e+001
    endloop
  endfacet
  facet normal  9.999999e-001  0.000000e+000  0.000000e+000
    outer loop
      vertex  1.500000e+000  5.296962e+001  2.017232e+001
      vertex  1.500000e+000  4.761807e+001  2.153385e+001
      vertex  1.500000e+000  4.758620e+001  2.141671e+001
    endloop
  endfacet
  facet normal  9.999999e-001  0.000000e+000  0.000000e+000
    outer loop
      vertex  1.500000e+000  5.296962e+001  2.017232e+001
      vertex  1.500000e+000  4.758620e+001  2.141671e+001
      vertex  1.500000e+000  4.754729e+001  2.130172e+001
    endloop
  endfacet
  facet normal  1.000000e+000  0.000000e+000  0.000000e+000
    outer loop
      vertex  1.500000e+000  5.296962e+001  2.017232e+001
      vertex  1.500000e+000  4.754729e+001  2.130172e+001
      vertex  1.500000e+000  4.750148e+001  2.118930e+001
    endloop
  endfacet
  facet normal  1.000000e+000  0.000000e+000  0.000000e+000
    outer loop
      vertex  1.500000e+000  5.296962e+001  2.017232e+001
      vertex  1.500000e+000  4.750148e+001  2.118930e+001
      vertex  1.500000e+000  4.744892e+001  2.107987e+001
    endloop
  endfacet
  facet normal  1.000000e+000  0.000000e+000  0.000000e+000
    outer loop
      vertex  1.500000e+000  5.296962e+001  2.017232e+001
      vertex  1.500000e+000  4.744892e+001  2.107987e+001
      vertex  1.500000e+000  4.738983e+001  2.097383e+001
    endloop
  endfacet
  facet normal  1.000000e+000  0.000000e+000  0.000000e+000
    outer loop
      vertex  1.500000e+000  5.296962e+001  2.017232e+001
      vertex  1.500000e+000  4.738983e+001  2.097383e+001
      vertex  1.500000e+000  4.732441e+001  2.087157e+001
    endloop
  endfacet
  facet normal  1.000000e+000  0.000000e+000  0.000000e+000
    outer loop
      vertex  1.500000e+000  5.296962e+001  2.017232e+001
      vertex  1.500000e+000  4.732441e+001  2.087157e+001
      vertex  1.500000e+000  4.725290e+001  2.077347e+001
    endloop
  endfacet
  facet normal  1.000000e+000  0.000000e+000  0.000000e+000
    outer loop
      vertex  1.500000e+000  5.296962e+001  2.017232e+001
      vertex  1.500000e+000  4.725290e+001  2.077347e+001
      vertex  1.500000e+000  4.717558e+001  2.067988e+001
    endloop
  endfacet
  facet normal  1.000000e+000  0.000000e+000  0.000000e+000
    outer loop
      vertex  1.500000e+000  5.296962e+001  2.017232e+001
      vertex  1.500000e+000  4.717558e+001  2.067988e+001
      vertex  1.500000e+000  4.709272e+001  2.059116e+001
    endloop
  endfacet
  facet normal  1.000000e+000  0.000000e+000  0.000000e+000
    outer loop
      vertex  1.500000e+000  5.296962e+001  2.017232e+001
      vertex  1.500000e+000  4.709272e+001  2.059116e+001
      vertex  1.500000e+000  4.700463e+001  2.050763e+001
    endloop
  endfacet
  facet normal  1.000000e+000  0.000000e+000  0.000000e+000
    outer loop
      vertex  1.500000e+000  5.296962e+001  2.017232e+001
      vertex  1.500000e+000  4.700463e+001  2.050763e+001
      vertex  1.500000e+000  4.691164e+001  2.042960e+001
    endloop
  endfacet
  facet normal  1.000000e+000  0.000000e+000  0.000000e+000
    outer loop
      vertex  1.500000e+000  5.296962e+001  2.017232e+001
      vertex  1.500000e+000  4.691164e+001  2.042960e+001
      vertex  1.500000e+000  4.681408e+001  2.035736e+001
    endloop
  endfacet
  facet normal  1.000000e+000  0.000000e+000  0.000000e+000
    outer loop
      vertex  1.500000e+000  5.296962e+001  2.017232e+001
      vertex  1.500000e+000  4.681408e+001  2.035736e+001
      vertex  1.500000e+000  4.671232e+001  2.029116e+001
    endloop
  endfacet
  facet normal  9.999999e-001  0.000000e+000  0.000000e+000
    outer loop
      vertex  1.500000e+000  5.296962e+001  2.017232e+001
      vertex  1.500000e+000  4.671232e+001  2.029116e+001
      vertex  1.500000e+000  4.660673e+001  2.023126e+001
    endloop
  endfacet
  facet normal  1.000000e+000  0.000000e+000  0.000000e+000
    outer loop
      vertex  1.500000e+000  5.296962e+001  2.017232e+001
      vertex  1.500000e+000  4.660673e+001  2.023126e+001
      vertex  1.500000e+000  4.649770e+001  2.017788e+001
    endloop
  endfacet
  facet normal  1.000000e+000  0.000000e+000  0.000000e+000
    outer loop
      vertex  1.500000e+000  5.296962e+001  2.017232e+001
      vertex  1.500000e+000  4.649770e+001  2.017788e+001
      vertex  1.500000e+000  4.638564e+001  2.013121e+001
    endloop
  endfacet
  facet normal  1.000000e+000  -0.000000e+000  0.000000e+000
    outer loop
      vertex  1.500000e+000  5.296962e+001  2.017232e+001
      vertex  1.500000e+000  4.638564e+001  2.013121e+001
      vertex  1.500000e+000  5.298648e+001  2.005721e+001
    endloop
  endfacet
  facet normal  1.000000e+000  -0.000000e+000  0.000000e+000
    outer loop
      vertex  1.500000e+000  5.300000e+001  1.982502e+001
      vertex  1.500000e+000  5.100000e+001  1.900000e+001
      vertex  1.500000e+000  5.108715e+001  1.899619e+001
    endloop
  endfacet
  facet normal  1.000000e+000  -0.000000e+000  0.000000e+000
    outer loop
      vertex  1.500000e+000  5.300000e+001  1.982502e+001
      vertex  1.500000e+000  5.108715e+001  1.899619e+001
      vertex  1.500000e+000  5.117365e+001  1.898481e+001
    endloop
  endfacet
  facet normal  9.999999e-001  -0.000000e+000  0.000000e+000
    outer loop
      vertex  1.500000e+000  5.300000e+001  1.982502e+001
      vertex  1.500000e+000  5.117365e+001  1.898481e+001
      vertex  1.500000e+000  5.125882e+001  1.896593e+001
    endloop
  endfacet
  facet normal  1.000000e+000  -0.000000e+000  0.000000e+000
    outer loop
      vertex  1.500000e+000  5.300000e+001  1.982502e+001
      vertex  1.500000e+000  5.125882e+001  1.896593e+001
      vertex  1.500000e+000  5.134202e+001  1.893969e+001
    endloop
  endfacet
  facet normal  1.000000e+000  -0.000000e+000  0.000000e+000
    outer loop
      vertex  1.500000e+000  5.300000e+001  1.982502e+001
      vertex  1.500000e+000  5.134202e+001  1.893969e+001
      vertex  1.500000e+000  5.142262e+001  1.890631e+001
    endloop
  endfacet
  facet normal  1.000000e+000  -0.000000e+000  0.000000e+000
    outer loop
      vertex  1.500000e+000  5.300000e+001  1.982502e+001
      vertex  1.500000e+000  5.142262e+001  1.890631e+001
      vertex  1.500000e+000  5.150000e+001  1.886603e+001
    endloop
  endfacet
  facet normal  1.000000e+000  -0.000000e+000  0.000000e+000
    outer loop
      vertex  1.500000e+000  5.300000e+001  1.982502e+001
      vertex  1.500000e+000  5.150000e+001  1.886603e+001
      vertex  1.500000e+000  5.157358e+001  1.881915e+001
    endloop
  endfacet
  facet normal  1.000000e+000  -0.000000e+000  0.000000e+000
    outer loop
      vertex  1.500000e+000  5.300000e+001  1.982502e+001
      vertex  1.500000e+000  5.157358e+001  1.881915e+001
      vertex  1.500000e+000  5.164279e+001  1.876604e+001
    endloop
  endfacet
  facet normal  9.999999e-001  -0.000000e+000  0.000000e+000
    outer loop
      vertex  1.500000e+000  5.300000e+001  1.982502e+001
      vertex  1.500000e+000  5.164279e+001  1.876604e+001
      vertex  1.500000e+000  5.170711e+001  1.870711e+001
    endloop
  endfacet
  facet normal  1.000000e+000  -0.000000e+000  0.000000e+000
    outer loop
      vertex  1.500000e+000  5.300000e+001  1.982502e+001
      vertex  1.500000e+000  5.170711e+001  1.870711e+001
      vertex  1.500000e+000  5.176604e+001  1.864279e+001
    endloop
  endfacet
  facet normal  1.000000e+000  -0.000000e+000  0.000000e+000
    outer loop
      vertex  1.500000e+000  5.300000e+001  1.982502e+001
      vertex  1.500000e+000  5.176604e+001  1.864279e+001
      vertex  1.500000e+000  5.181915e+001  1.857358e+001
    endloop
  endfacet
  facet normal  1.000000e+000  -0.000000e+000  0.000000e+000
    outer loop
      vertex  1.500000e+000  5.300000e+001  1.982502e+001
      vertex  1.500000e+000  5.181915e+001  1.857358e+001
      vertex  1.500000e+000  5.186602e+001  1.850000e+001
    endloop
  endfacet
  facet normal  1.000000e+000  -0.000000e+000  0.000000e+000
    outer loop
      vertex  1.500000e+000  5.300000e+001  1.982502e+001
      vertex  1.500000e+000  5.186602e+001  1.850000e+001
      vertex  1.500000e+000  5.190631e+001  1.842262e+001
    endloop
  endfacet
  facet normal  1.000000e+000  -0.000000e+000  0.000000e+000
    outer loop
      vertex  1.500000e+000  5.300000e+001  1.982502e+001
      vertex  1.500000e+000  5.190631e+001  1.842262e+001
      vertex  1.500000e+000  5.193969e+001  1.834202e+001
    endloop
  endfacet
  facet normal  1.000000e+000  -0.000000e+000  0.000000e+000
    outer loop
      vertex  1.500000e+000  5.300000e+001  1.982502e+001
      vertex  1.500000e+000  5.193969e+001  1.834202e+001
      vertex  1.500000e+000  5.196593e+001  1.825882e+001
    endloop
  endfacet
  facet normal  1.000000e+000  -0.000000e+000  0.000000e+000
    outer loop
      vertex  1.500000e+000  5.300000e+001  1.982502e+001
      vertex  1.500000e+000  5.196593e+001  1.825882e+001
      vertex  1.500000e+000  5.198481e+001  1.817365e+001
    endloop
  endfacet
  facet normal  9.999999e-001  -0.000000e+000  0.000000e+000
    outer loop
      vertex  1.500000e+000  5.300000e+001  1.982502e+001
      vertex  1.500000e+000  5.198481e+001  1.817365e+001
      vertex  1.500000e+000  5.199619e+001  1.808716e+001
    endloop
  endfacet
  facet normal  1.000000e+000  -0.000000e+000  0.000000e+000
    outer loop
      vertex  1.500000e+000  5.300000e+001  1.982502e+001
      vertex  1.500000e+000  5.199619e+001  1.808716e+001
      vertex  1.500000e+000  5.200000e+001  1.800000e+001
    endloop
  endfacet
  facet normal  1.000000e+000  -0.000000e+000  0.000000e+000
    outer loop
      vertex  1.500000e+000  5.300000e+001  1.982502e+001
      vertex  1.500000e+000  5.200000e+001  1.800000e+001
      vertex  1.500000e+000  5.200000e+001 -1.800000e+001
    endloop
  endfacet
  facet normal  9.999999e-001  0.000000e+000  0.000000e+000
    outer loop
      vertex  1.500000e+000  5.300000e+001  1.982502e+001
      vertex  1.500000e+000  5.200000e+001 -1.800000e+001
      vertex  1.500000e+000  5.300000e+001 -1.800000e+001
    endloop
  endfacet
  facet normal  1.000000e+000  0.000000e+000  0.000000e+000
    outer loop
      vertex  1.500000e+000  5.299662e+001  1.994131e+001
      vertex  1.500000e+000  5.298648e+001  2.005721e+001
      vertex  1.500000e+000  4.615405e+001  2.005868e+001
    endloop
  endfacet
  facet normal  9.999999e-001  0.000000e+000  0.000000e+000
    outer loop
      vertex  1.500000e+000  5.299662e+001  1.994131e+001
      vertex  1.500000e+000  4.615405e+001  2.005868e+001
      vertex  1.500000e+000  4.603539e+001  2.003308e+001
    endloop
  endfacet
  facet normal  1.000000e+000  0.000000e+000  0.000000e+000
    outer loop
      vertex  1.500000e+000  5.299662e+001  1.994131e+001
      vertex  1.500000e+000  4.603539e+001  2.003308e+001
      vertex  1.500000e+000  4.591538e+001  2.001472e+001
    endloop
  endfacet
  facet normal  1.000000e+000  0.000000e+000  0.000000e+000
    outer loop
      vertex  1.500000e+000  5.299662e+001  1.994131e+001
      vertex  1.500000e+000  4.591538e+001  2.001472e+001
      vertex  1.500000e+000  4.579449e+001  2.000368e+001
    endloop
  endfacet
  facet normal  1.000000e+000  0.000000e+000  0.000000e+000
    outer loop
      vertex  1.500000e+000  5.299662e+001  1.994131e+001
      vertex  1.500000e+000  4.579449e+001  2.000368e+001
      vertex  1.500000e+000  4.567315e+001  2.000000e+001
    endloop
  endfacet
  facet normal  9.999999e-001  0.000000e+000  0.000000e+000
    outer loop
      vertex  1.500000e+000  5.268866e+001 -1.907165e+001
      vertex  1.500000e+000  5.275261e+001 -1.896351e+001
      vertex  1.500000e+000  5.125882e+001 -1.896593e+001
    endloop
  endfacet
  facet normal  1.000000e+000  0.000000e+000  0.000000e+000
    outer loop
      vertex  1.500000e+000  5.268866e+001 -1.907165e+001
      vertex  1.500000e+000  5.125882e+001 -1.896593e+001
      vertex  1.500000e+000  5.117365e+001 -1.898481e+001
    endloop
  endfacet
  facet normal  1.000000e+000  0.000000e+000  0.000000e+000
    outer loop
      vertex  1.500000e+000  5.268866e+001 -1.907165e+001
      vertex  1.500000e+000  5.117365e+001 -1.898481e+001
      vertex  1.500000e+000  5.108715e+001 -1.899619e+001
    endloop
  endfacet
  facet normal  1.000000e+000  0.000000e+000  0.000000e+000
    outer loop
      vertex  1.500000e+000  5.268866e+001 -1.907165e+001
      vertex  1.500000e+000  5.108715e+001 -1.899619e+001
      vertex  1.500000e+000  5.100000e+001 -1.900000e+001
    endloop
  endfacet
  facet normal  1.000000e+000  0.000000e+000  0.000000e+000
    outer loop
      vertex  1.500000e+000 -1.636069e+000  1.316540e+000
      vertex  1.500000e+000 -2.690923e+000  1.326249e+000
      vertex  1.500000e+000 -1.714013e+000  1.213325e+000
    endloop
  endfacet
  facet normal  1.000000e+000  0.000000e+000  0.000000e+000
    outer loop
      vertex  1.500000e+000 -1.714013e+000  1.213325e+000
      vertex  1.500000e+000 -2.690923e+000  1.326249e+000
      vertex  1.500000e+000 -2.754891e+000  1.187677e+000
    endloop
  endfacet
  facet normal  1.000000e+000  -0.000000e+000  0.000000e+000
    outer loop
      vertex  1.500000e+000 -1.714013e+000  1.213325e+000
      vertex  1.500000e+000 -2.754891e+000  1.187677e+000
      vertex  1.500000e+000 -1.785456e+000  1.105507e+000
    endloop
  endfacet
  facet normal  1.000000e+000  0.000000e+000  0.000000e+000
    outer loop
      vertex  1.500000e+000 -1.785456e+000  1.105507e+000
      vertex  1.500000e+000 -2.754891e+000  1.187677e+000
      vertex  1.500000e+000 -2.811728e+000  1.046032e+000
    endloop
  endfacet
  facet normal  1.000000e+000  -0.000000e+000  0.000000e+000
    outer loop
      vertex  1.500000e+000 -1.785456e+000  1.105507e+000
      vertex  1.500000e+000 -2.811728e+000  1.046032e+000
      vertex  1.500000e+000 -1.850126e+000  9.934965e-001
    endloop
  endfacet
  facet normal  1.000000e+000  0.000000e+000  0.000000e+000
    outer loop
      vertex  1.500000e+000 -1.850126e+000  9.934965e-001
      vertex  1.500000e+000 -2.811728e+000  1.046032e+000
      vertex  1.500000e+000 -1.907777e+000  8.777167e-001
    endloop
  endfacet
  facet normal  1.000000e+000  0.000000e+000  0.000000e+000
    outer loop
      vertex  1.500000e+000 -1.907777e+000  8.777167e-001
      vertex  1.500000e+000 -2.811728e+000  1.046032e+000
      vertex  1.500000e+000 -2.861289e+000  9.016796e-001
    endloop
  endfacet
  facet normal  1.000000e+000  0.000000e+000  0.000000e+000
    outer loop
      vertex  1.500000e+000 -1.907777e+000  8.777167e-001
      vertex  1.500000e+000 -2.861289e+000  9.016796e-001
      vertex  1.500000e+000 -1.958192e+000  7.586075e-001
    endloop
  endfacet
  facet normal  1.000000e+000  0.000000e+000  0.000000e+000
    outer loop
      vertex  1.500000e+000 -1.958192e+000  7.586075e-001
      vertex  1.500000e+000 -2.861289e+000  9.016796e-001
      vertex  1.500000e+000 -2.903444e+000  7.549934e-001
    endloop
  endfacet
  facet normal  9.999999e-001  -0.000000e+000  0.000000e+000
    outer loop
      vertex  1.500000e+000 -1.958192e+000  7.586075e-001
      vertex  1.500000e+000 -2.903444e+000  7.549934e-001
      vertex  1.500000e+000 -2.001178e+000  6.366206e-001
    endloop
  endfacet
  facet normal  1.000000e+000  0.000000e+000  0.000000e+000
    outer loop
      vertex  1.500000e+000 -2.001178e+000  6.366206e-001
      vertex  1.500000e+000 -2.903444e+000  7.549934e-001
      vertex  1.500000e+000 -2.938084e+000  6.063530e-001
    endloop
  endfacet
  facet normal  1.000000e+000  -0.000000e+000  0.000000e+000
    outer loop
      vertex  1.500000e+000 -2.001178e+000  6.366206e-001
      vertex  1.500000e+000 -2.938084e+000  6.063530e-001
      vertex  1.500000e+000 -2.036574e+000  5.122188e-001
    endloop
  endfacet
  facet normal  1.000000e+000  0.000000e+000  0.000000e+000
    outer loop
      vertex  1.500000e+000 -2.036574e+000  5.122188e-001
      vertex  1.500000e+000 -2.938084e+000  6.063530e-001
      vertex  1.500000e+000 -2.965119e+000  4.561433e-001
    endloop
  endfacet
  facet normal  1.000000e+000  -0.000000e+000  0.000000e+000
    outer loop
      vertex  1.500000e+000 -2.036574e+000  5.122188e-001
      vertex  1.500000e+000 -2.965119e+000  4.561433e-001
      vertex  1.500000e+000 -2.064244e+000  3.858740e-001
    endloop
  endfacet
  facet normal  1.000000e+000  0.000000e+000  0.000000e+000
    outer loop
      vertex  1.500000e+000 -2.064244e+000  3.858740e-001
      vertex  1.500000e+000 -2.965119e+000  4.561433e-001
      vertex  1.500000e+000 -2.984481e+000  3.047530e-001
    endloop
  endfacet
  facet normal  1.000000e+000  -0.000000e+000  0.000000e+000
    outer loop
      vertex  1.500000e+000 -2.064244e+000  3.858740e-001
      vertex  1.500000e+000 -2.984481e+000  3.047530e-001
      vertex  1.500000e+000 -2.084083e+000  2.580654e-001
    endloop
  endfacet
  facet normal  1.000000e+000  0.000000e+000  0.000000e+000
    outer loop
      vertex  1.500000e+000 -2.084083e+000  2.580654e-001
      vertex  1.500000e+000 -2.984481e+000  3.047530e-001
      vertex  1.500000e+000 -2.096017e+000  1.292779e-001
    endloop
  endfacet
  facet normal  1.000000e+000  0.000000e+000  0.000000e+000
    outer loop
      vertex  1.500000e+000 -2.096017e+000  1.292779e-001
      vertex  1.500000e+000 -2.984481e+000  3.047530e-001
      vertex  1.500000e+000 -2.996118e+000  1.525740e-001
    endloop
  endfacet
  facet normal  1.000000e+000  0.000000e+000  0.000000e+000
    outer loop
      vertex  1.500000e+000 -2.096017e+000  1.292779e-001
      vertex  1.500000e+000 -2.996118e+000  1.525740e-001
      vertex  1.500000e+000 -2.100000e+000  2.571673e-016
    endloop
  endfacet
  facet normal  1.000000e+000  0.000000e+000  0.000000e+000
    outer loop
      vertex  1.500000e+000 -2.100000e+000  2.571673e-016
      vertex  1.500000e+000 -2.996118e+000  1.525740e-001
      vertex  1.500000e+000 -3.000000e+000  3.673819e-016
    endloop
  endfacet
  facet normal  1.000000e+000  0.000000e+000  0.000000e+000
    outer loop
      vertex  1.500000e+000 -2.100000e+000  2.571673e-016
      vertex  1.500000e+000 -3.000000e+000  3.673819e-016
      vertex  1.500000e+000 -2.096017e+000 -1.292779e-001
    endloop
  endfacet
  facet normal  1.000000e+000  0.000000e+000  0.000000e+000
    outer loop
      vertex  1.500000e+000 -2.096017e+000 -1.292779e-001
      vertex  1.500000e+000 -3.000000e+000  3.673819e-016
      vertex  1.500000e+000 -2.996118e+000 -1.525740e-001
    endloop
  endfacet
  facet normal  1.000000e+000  -0.000000e+000  0.000000e+000
    outer loop
      vertex  1.500000e+000 -2.096017e+000 -1.292779e-001
      vertex  1.500000e+000 -2.996118e+000 -1.525740e-001
      vertex  1.500000e+000 -2.084083e+000 -2.580654e-001
    endloop
  endfacet
  facet normal  1.000000e+000  0.000000e+000  0.000000e+000
    outer loop
      vertex  1.500000e+000 -2.084083e+000 -2.580654e-001
      vertex  1.500000e+000 -2.996118e+000 -1.525740e-001
      vertex  1.500000e+000 -2.984481e+000 -3.047530e-001
    endloop
  endfacet
  facet normal  1.000000e+000  -0.000000e+000  0.000000e+000
    outer loop
      vertex  1.500000e+000 -2.084083e+000 -2.580654e-001
      vertex  1.500000e+000 -2.984481e+000 -3.047530e-001
      vertex  1.500000e+000 -2.064244e+000 -3.858740e-001
    endloop
  endfacet
  facet normal  1.000000e+000  0.000000e+000  0.000000e+000
    outer loop
      vertex  1.500000e+000 -2.064244e+000 -3.858740e-001
      vertex  1.500000e+000 -2.984481e+000 -3.047530e-001
      vertex  1.500000e+000 -2.965119e+000 -4.561433e-001
    endloop
  endfacet
  facet normal  1.000000e+000  -0.000000e+000  0.000000e+000
    outer loop
      vertex  1.500000e+000 -2.064244e+000 -3.858740e-001
      vertex  1.500000e+000 -2.965119e+000 -4.561433e-001
      vertex  1.500000e+000 -2.036574e+000 -5.122188e-001
    endloop
  endfacet
  facet normal  9.999999e-001  0.000000e+000  0.000000e+000
    outer loop
      vertex  1.500000e+000 -2.036574e+000 -5.122188e-001
      vertex  1.500000e+000 -2.965119e+000 -4.561433e-001
      vertex  1.500000e+000 -2.001178e+000 -6.366206e-001
    endloop
  endfacet
  facet normal  1.000000e+000  0.000000e+000  0.000000e+000
    outer loop
      vertex  1.500000e+000 -2.001178e+000 -6.366206e-001
      vertex  1.500000e+000 -2.965119e+000 -4.561433e-001
      vertex  1.500000e+000 -2.938084e+000 -6.063530e-001
    endloop
  endfacet
  facet normal  1.000000e+000  0.000000e+000  0.000000e+000
    outer loop
      vertex  1.500000e+000 -2.001178e+000 -6.366206e-001
      vertex  1.500000e+000 -2.938084e+000 -6.063530e-001
      vertex  1.500000e+000 -1.958192e+000 -7.586075e-001
    endloop
  endfacet
  facet normal  1.000000e+000  0.000000e+000  0.000000e+000
    outer loop
      vertex  1.500000e+000 -1.958192e+000 -7.586075e-001
      vertex  1.500000e+000 -2.938084e+000 -6.063530e-001
      vertex  1.500000e+000 -2.903444e+000 -7.549934e-001
    endloop
  endfacet
  facet normal  9.999999e-001  0.000000e+000  0.000000e+000
    outer loop
      vertex  1.500000e+000 -1.958192e+000 -7.586075e-001
      vertex  1.500000e+000 -2.903444e+000 -7.549934e-001
      vertex  1.500000e+000 -1.907777e+000 -8.777167e-001
    endloop
  endfacet
  facet normal  1.000000e+000  0.000000e+000  0.000000e+000
    outer loop
      vertex  1.500000e+000 -1.907777e+000 -8.777167e-001
      vertex  1.500000e+000 -2.903444e+000 -7.549934e-001
      vertex  1.500000e+000 -2.861289e+000 -9.016796e-001
    endloop
  endfacet
  facet normal  1.000000e+000  -0.000000e+000  0.000000e+000
    outer loop
      vertex  1.500000e+000 -1.907777e+000 -8.777167e-001
      vertex  1.500000e+000 -2.861289e+000 -9.016796e-001
      vertex  1.500000e+000 -1.850126e+000 -9.934965e-001
    endloop
  endfacet
  facet normal  1.000000e+000  0.000000e+000  0.000000e+000
    outer loop
      vertex  1.500000e+000 -1.850126e+000 -9.934965e-001
      vertex  1.500000e+000 -2.861289e+000 -9.016796e-001
      vertex  1.500000e+000 -2.811728e+000 -1.046032e+000
    endloop
  endfacet
  facet normal  1.000000e+000  -0.000000e+000  0.000000e+000
    outer loop
      vertex  1.500000e+000 -1.850126e+000 -9.934965e-001
      vertex  1.500000e+000 -2.811728e+000 -1.046032e+000
      vertex  1.500000e+000 -1.785456e+000 -1.105507e+000
    endloop
  endfacet
  facet normal  1.000000e+000  0.000000e+000  0.000000e+000
    outer loop
      vertex  1.500000e+000 -1.785456e+000 -1.105507e+000
      vertex  1.500000e+000 -2.811728e+000 -1.046032e+000
      vertex  1.500000e+000 -2.754891e+000 -1.187677e+000
    endloop
  endfacet
  facet normal  1.000000e+000  -0.000000e+000  0.000000e+000
    outer loop
      vertex  1.500000e+000 -1.785456e+000 -1.105507e+000
      vertex  1.500000e+000 -2.754891e+000 -1.187677e+000
      vertex  1.500000e+000 -1.714013e+000 -1.213325e+000
    endloop
  endfacet
  facet normal  9.999999e-001  0.000000e+000  0.000000e+000
    outer loop
      vertex  1.500000e+000 -2.690923e+000 -1.326249e+000
      vertex  1.500000e+000 -1.636069e+000 -1.316540e+000
      vertex  1.500000e+000 -2.754891e+000 -1.187677e+000
    endloop
  endfacet
  facet normal  1.000000e+000  0.000000e+000  0.000000e+000
    outer loop
      vertex  1.500000e+000 -2.754891e+000 -1.187677e+000
      vertex  1.500000e+000 -1.636069e+000 -1.316540e+000
      vertex  1.500000e+000 -1.714013e+000 -1.213325e+000
    endloop
  endfacet
  facet normal  1.000000e+000  -0.000000e+000  0.000000e+000
    outer loop
      vertex  1.500000e+000  4.000000e+000  1.800000e+001
      vertex  1.500000e+000  3.000000e+000 -1.205703e+001
      vertex  1.500000e+000  4.000000e+000 -1.800000e+001
    endloop
  endfacet
  facet normal  1.000000e+000  0.000000e+000  0.000000e+000
    outer loop
      vertex  1.500000e+000  4.000000e+000 -1.800000e+001
      vertex  1.500000e+000  3.000000e+000 -1.205703e+001
      vertex  1.500000e+000  3.000000e+000 -1.800000e+001
    endloop
  endfacet
  facet normal  1.000000e+000  -0.000000e+000  0.000000e+000
    outer loop
      vertex  1.500000e+000  4.000000e+000 -1.800000e+001
      vertex  1.500000e+000  3.000000e+000 -1.800000e+001
      vertex  1.500000e+000  4.003805e+000 -1.808716e+001
    endloop
  endfacet
  facet normal  1.000000e+000  0.000000e+000  0.000000e+000
    outer loop
      vertex  1.500000e+000  4.003805e+000 -1.808716e+001
      vertex  1.500000e+000  3.000000e+000 -1.800000e+001
      vertex  1.500000e+000  3.003947e+000 -1.812558e+001
    endloop
  endfacet
  facet normal  9.999999e-001  -0.000000e+000  0.000000e+000
    outer loop
      vertex  1.500000e+000  4.003805e+000 -1.808716e+001
      vertex  1.500000e+000  3.003947e+000 -1.812558e+001
      vertex  1.500000e+000  4.015192e+000 -1.817365e+001
    endloop
  endfacet
  facet normal  1.000000e+000  0.000000e+000  0.000000e+000
    outer loop
      vertex  1.500000e+000  4.015192e+000 -1.817365e+001
      vertex  1.500000e+000  3.003947e+000 -1.812558e+001
      vertex  1.500000e+000  3.015771e+000 -1.825067e+001
    endloop
  endfacet
  facet normal  1.000000e+000  -0.000000e+000  0.000000e+000
    outer loop
      vertex  1.500000e+000  4.015192e+000 -1.817365e+001
      vertex  1.500000e+000  3.015771e+000 -1.825067e+001
      vertex  1.500000e+000  4.034074e+000 -1.825882e+001
    endloop
  endfacet
  facet normal  1.000000e+000  0.000000e+000  0.000000e+000
    outer loop
      vertex  1.500000e+000  4.034074e+000 -1.825882e+001
      vertex  1.500000e+000  3.015771e+000 -1.825067e+001
      vertex  1.500000e+000  4.060308e+000 -1.834202e+001
    endloop
  endfacet
  facet normal  1.000000e+000  0.000000e+000  0.000000e+000
    outer loop
      vertex  1.500000e+000  4.060308e+000 -1.834202e+001
      vertex  1.500000e+000  3.015771e+000 -1.825067e+001
      vertex  1.500000e+000  3.035425e+000 -1.837476e+001
    endloop
  endfacet
  facet normal  1.000000e+000  -0.000000e+000  0.000000e+000
    outer loop
      vertex  1.500000e+000  4.060308e+000 -1.834202e+001
      vertex  1.500000e+000  3.035425e+000 -1.837476e+001
      vertex  1.500000e+000  4.093692e+000 -1.842262e+001
    endloop
  endfacet
  facet normal  1.000000e+000  0.000000e+000  0.000000e+000
    outer loop
      vertex  1.500000e+000  4.093692e+000 -1.842262e+001
      vertex  1.500000e+000  3.035425e+000 -1.837476e+001
      vertex  1.500000e+000  3.062834e+000 -1.849738e+001
    endloop
  endfacet
  facet normal  1.000000e+000  -0.000000e+000  0.000000e+000
    outer loop
      vertex  1.500000e+000  4.093692e+000 -1.842262e+001
      vertex  1.500000e+000  3.062834e+000 -1.849738e+001
      vertex  1.500000e+000  4.133975e+000 -1.850000e+001
    endloop
  endfacet
  facet normal  1.000000e+000  0.000000e+000  0.000000e+000
    outer loop
      vertex  1.500000e+000  4.133975e+000 -1.850000e+001
      vertex  1.500000e+000  3.062834e+000 -1.849738e+001
      vertex  1.500000e+000  4.180848e+000 -1.857358e+001
    endloop
  endfacet
  facet normal  1.000000e+000  0.000000e+000  0.000000e+000
    outer loop
      vertex  1.500000e+000  4.180848e+000 -1.857358e+001
      vertex  1.500000e+000  3.062834e+000 -1.849738e+001
      vertex  1.500000e+000  3.097887e+000 -1.861803e+001
    endloop
  endfacet
  facet normal  1.000000e+000  -0.000000e+000  0.000000e+000
    outer loop
      vertex  1.500000e+000  4.180848e+000 -1.857358e+001
      vertex  1.500000e+000  3.097887e+000 -1.861803e+001
      vertex  1.500000e+000  4.233955e+000 -1.864279e+001
    endloop
  endfacet
  facet normal  1.000000e+000  0.000000e+000  0.000000e+000
    outer loop
      vertex  1.500000e+000  4.233955e+000 -1.864279e+001
      vertex  1.500000e+000  3.097887e+000 -1.861803e+001
      vertex  1.500000e+000  4.292893e+000 -1.870711e+001
    endloop
  endfacet
  facet normal  1.000000e+000  0.000000e+000  0.000000e+000
    outer loop
      vertex  1.500000e+000  4.292893e+000 -1.870711e+001
      vertex  1.500000e+000  3.097887e+000 -1.861803e+001
      vertex  1.500000e+000  3.140447e+000 -1.873625e+001
    endloop
  endfacet
  facet normal  9.999999e-001  -0.000000e+000  0.000000e+000
    outer loop
      vertex  1.500000e+000  4.292893e+000 -1.870711e+001
      vertex  1.500000e+000  3.140447e+000 -1.873625e+001
      vertex  1.500000e+000  4.357213e+000 -1.876604e+001
    endloop
  endfacet
  facet normal  1.000000e+000  0.000000e+000  0.000000e+000
    outer loop
      vertex  1.500000e+000  4.357213e+000 -1.876604e+001
      vertex  1.500000e+000  3.140447e+000 -1.873625e+001
      vertex  1.500000e+000  3.190346e+000 -1.885156e+001
    endloop
  endfacet
  facet normal  1.000000e+000  0.000000e+000  0.000000e+000
    outer loop
      vertex  1.500000e+000  4.357213e+000 -1.876604e+001
      vertex  1.500000e+000  3.190346e+000 -1.885156e+001
      vertex  1.500000e+000  4.426424e+000 -1.881915e+001
    endloop
  endfacet
  facet normal  1.000000e+000  -0.000000e+000  0.000000e+000
    outer loop
      vertex  1.500000e+000  5.023772e+001  2.649904e+001
      vertex  1.500000e+000  5.011363e+001  2.649904e+001
      vertex  1.500000e+000  5.036158e+001  2.649134e+001
    endloop
  endfacet
  facet normal  1.000000e+000  0.000000e+000  0.000000e+000
    outer loop
      vertex  1.500000e+000  5.036158e+001  2.649134e+001
      vertex  1.500000e+000  5.011363e+001  2.649904e+001
      vertex  1.500000e+000  4.998978e+001  2.649134e+001
    endloop
  endfacet
  facet normal  1.000000e+000  -0.000000e+000  0.000000e+000
    outer loop
      vertex  1.500000e+000  5.036158e+001  2.649134e+001
      vertex  1.500000e+000  4.998978e+001  2.649134e+001
      vertex  1.500000e+000  5.048471e+001  2.647598e+001
    endloop
  endfacet
  facet normal  1.000000e+000  0.000000e+000  0.000000e+000
    outer loop
      vertex  1.500000e+000  5.048471e+001  2.647598e+001
      vertex  1.500000e+000  4.998978e+001  2.649134e+001
      vertex  1.500000e+000  4.986664e+001  2.647598e+001
    endloop
  endfacet
  facet normal  1.000000e+000  -0.000000e+000  0.000000e+000
    outer loop
      vertex  1.500000e+000  5.048471e+001  2.647598e+001
      vertex  1.500000e+000  4.986664e+001  2.647598e+001
      vertex  1.500000e+000  5.060666e+001  2.645301e+001
    endloop
  endfacet
  facet normal  1.000000e+000  0.000000e+000  0.000000e+000
    outer loop
      vertex  1.500000e+000  5.060666e+001  2.645301e+001
      vertex  1.500000e+000  4.986664e+001  2.647598e+001
      vertex  1.500000e+000  4.974469e+001  2.645301e+001
    endloop
  endfacet
  facet normal  1.000000e+000  -0.000000e+000  0.000000e+000
    outer loop
      vertex  1.500000e+000  5.060666e+001  2.645301e+001
      vertex  1.500000e+000  4.974469e+001  2.645301e+001
      vertex  1.500000e+000  5.072695e+001  2.642252e+001
    endloop
  endfacet
  facet normal  1.000000e+000  0.000000e+000  0.000000e+000
    outer loop
      vertex  1.500000e+000  5.072695e+001  2.642252e+001
      vertex  1.500000e+000  4.974469e+001  2.645301e+001
      vertex  1.500000e+000  4.962440e+001  2.642252e+001
    endloop
  endfacet
  facet normal  1.000000e+000  -0.000000e+000  0.000000e+000
    outer loop
      vertex  1.500000e+000  5.072695e+001  2.642252e+001
      vertex  1.500000e+000  4.962440e+001  2.642252e+001
      vertex  1.500000e+000  5.084512e+001  2.638463e+001
    endloop
  endfacet
  facet normal  1.000000e+000  0.000000e+000  0.000000e+000
    outer loop
      vertex  1.500000e+000  5.084512e+001  2.638463e+001
      vertex  1.500000e+000  4.962440e+001  2.642252e+001
      vertex  1.500000e+000  4.950623e+001  2.638463e+001
    endloop
  endfacet
  facet normal  1.000000e+000  -0.000000e+000  0.000000e+000
    outer loop
      vertex  1.500000e+000  5.084512e+001  2.638463e+001
      vertex  1.500000e+000  4.950623e+001  2.638463e+001
      vertex  1.500000e+000  5.096070e+001  2.633949e+001
    endloop
  endfacet
  facet normal  1.000000e+000  0.000000e+000  0.000000e+000
    outer loop
      vertex  1.500000e+000  5.096070e+001  2.633949e+001
      vertex  1.500000e+000  4.950623e+001  2.638463e+001
      vertex  1.500000e+000  4.939064e+001  2.633949e+001
    endloop
  endfacet
  facet normal  1.000000e+000  -0.000000e+000  0.000000e+000
    outer loop
      vertex  1.500000e+000  5.096070e+001  2.633949e+001
      vertex  1.500000e+000  4.939064e+001  2.633949e+001
      vertex  1.500000e+000  5.107327e+001  2.628727e+001
    endloop
  endfacet
  facet normal  9.999999e-001  0.000000e+000  0.000000e+000
    outer loop
      vertex  1.500000e+000  5.107327e+001  2.628727e+001
      vertex  1.500000e+000  4.939064e+001  2.633949e+001
      vertex  1.500000e+000  4.927808e+001  2.628727e+001
    endloop
  endfacet
  facet normal  1.000000e+000  -0.000000e+000  0.000000e+000
    outer loop
      vertex  1.500000e+000  5.107327e+001  2.628727e+001
      vertex  1.500000e+000  4.927808e+001  2.628727e+001
      vertex  1.500000e+000  5.118238e+001  2.622816e+001
    endloop
  endfacet
  facet normal  1.000000e+000  0.000000e+000  0.000000e+000
    outer loop
      vertex  1.500000e+000  5.118238e+001  2.622816e+001
      vertex  1.500000e+000  4.927808e+001  2.628727e+001
      vertex  1.500000e+000  4.916896e+001  2.622816e+001
    endloop
  endfacet
  facet normal  1.000000e+000  -0.000000e+000  0.000000e+000
    outer loop
      vertex  1.500000e+000  5.118238e+001  2.622816e+001
      vertex  1.500000e+000  4.916896e+001  2.622816e+001
      vertex  1.500000e+000  5.128762e+001  2.616240e+001
    endloop
  endfacet
  facet normal  1.000000e+000  0.000000e+000  0.000000e+000
    outer loop
      vertex  1.500000e+000  5.128762e+001  2.616240e+001
      vertex  1.500000e+000  4.916896e+001  2.622816e+001
      vertex  1.500000e+000  4.906373e+001  2.616240e+001
    endloop
  endfacet
  facet normal  1.000000e+000  -0.000000e+000  0.000000e+000
    outer loop
      vertex  1.500000e+000  5.128762e+001  2.616240e+001
      vertex  1.500000e+000  4.906373e+001  2.616240e+001
      vertex  1.500000e+000  5.138858e+001  2.609024e+001
    endloop
  endfacet
  facet normal  1.000000e+000  0.000000e+000  0.000000e+000
    outer loop
      vertex  1.500000e+000  5.138858e+001  2.609024e+001
      vertex  1.500000e+000  4.906373e+001  2.616240e+001
      vertex  1.500000e+000  4.896277e+001  2.609024e+001
    endloop
  endfacet
  facet normal  1.000000e+000  -0.000000e+000  0.000000e+000
    outer loop
      vertex  1.500000e+000  5.138858e+001  2.609024e+001
      vertex  1.500000e+000  4.896277e+001  2.609024e+001
      vertex  1.500000e+000  5.148486e+001  2.601196e+001
    endloop
  endfacet
  facet normal  1.000000e+000  0.000000e+000  0.000000e+000
    outer loop
      vertex  1.500000e+000  5.148486e+001  2.601196e+001
      vertex  1.500000e+000  4.896277e+001  2.609024e+001
      vertex  1.500000e+000  4.886649e+001  2.601196e+001
    endloop
  endfacet
  facet normal  1.000000e+000  -0.000000e+000  0.000000e+000
    outer loop
      vertex  1.500000e+000  5.148486e+001  2.601196e+001
      vertex  1.500000e+000  4.886649e+001  2.601196e+001
      vertex  1.500000e+000  5.157611e+001  2.592786e+001
    endloop
  endfacet
  facet normal  1.000000e+000  0.000000e+000  0.000000e+000
    outer loop
      vertex  1.500000e+000  5.157611e+001  2.592786e+001
      vertex  1.500000e+000  4.886649e+001  2.601196e+001
      vertex  1.500000e+000  4.877524e+001  2.592786e+001
    endloop
  endfacet
  facet normal  1.000000e+000  -0.000000e+000  0.000000e+000
    outer loop
      vertex  1.500000e+000  5.157611e+001  2.592786e+001
      vertex  1.500000e+000  4.877524e+001  2.592786e+001
      vertex  1.500000e+000  5.166196e+001  2.583826e+001
    endloop
  endfacet
  facet normal  1.000000e+000  0.000000e+000  0.000000e+000
    outer loop
      vertex  1.500000e+000  5.166196e+001  2.583826e+001
      vertex  1.500000e+000  4.877524e+001  2.592786e+001
      vertex  1.500000e+000  4.868938e+001  2.583826e+001
    endloop
  endfacet
  facet normal  1.000000e+000  -0.000000e+000  0.000000e+000
    outer loop
      vertex  1.500000e+000  5.166196e+001  2.583826e+001
      vertex  1.500000e+000  4.868938e+001  2.583826e+001
      vertex  1.500000e+000  5.174210e+001  2.574351e+001
    endloop
  endfacet
  facet normal  1.000000e+000  0.000000e+000  0.000000e+000
    outer loop
      vertex  1.500000e+000  5.174210e+001  2.574351e+001
      vertex  1.500000e+000  4.868938e+001  2.583826e+001
      vertex  1.500000e+000  4.860925e+001  2.574351e+001
    endloop
  endfacet
  facet normal  9.999999e-001  -0.000000e+000  0.000000e+000
    outer loop
      vertex  1.500000e+000  5.174210e+001  2.574351e+001
      vertex  1.500000e+000  4.860925e+001  2.574351e+001
      vertex  1.500000e+000  5.181620e+001  2.564397e+001
    endloop
  endfacet
  facet normal  1.000000e+000  0.000000e+000  0.000000e+000
    outer loop
      vertex  1.500000e+000  5.181620e+001  2.564397e+001
      vertex  1.500000e+000  4.860925e+001  2.574351e+001
      vertex  1.500000e+000  4.853515e+001  2.564397e+001
    endloop
  endfacet
  facet normal  1.000000e+000  -0.000000e+000  0.000000e+000
    outer loop
      vertex  1.500000e+000  5.181620e+001  2.564397e+001
      vertex  1.500000e+000  4.853515e+001  2.564397e+001
      vertex  1.500000e+000  5.188399e+001  2.554003e+001
    endloop
  endfacet
  facet normal  9.999999e-001  0.000000e+000  0.000000e+000
    outer loop
      vertex  1.500000e+000  5.188399e+001  2.554003e+001
      vertex  1.500000e+000  4.853515e+001  2.564397e+001
      vertex  1.500000e+000  4.846736e+001  2.554003e+001
    endloop
  endfacet
  facet normal  1.000000e+000  -0.000000e+000  0.000000e+000
    outer loop
      vertex  1.500000e+000  5.188399e+001  2.554003e+001
      vertex  1.500000e+000  4.846736e+001  2.554003e+001
      vertex  1.500000e+000  5.194520e+001  2.543209e+001
    endloop
  endfacet
  facet normal  1.000000e+000  0.000000e+000  0.000000e+000
    outer loop
      vertex  1.500000e+000  5.194520e+001  2.543209e+001
      vertex  1.500000e+000  4.846736e+001  2.554003e+001
      vertex  1.500000e+000  4.840615e+001  2.543209e+001
    endloop
  endfacet
  facet normal  1.000000e+000  -0.000000e+000  0.000000e+000
    outer loop
      vertex  1.500000e+000  5.194520e+001  2.543209e+001
      vertex  1.500000e+000  4.840615e+001  2.543209e+001
      vertex  1.500000e+000  5.199960e+001  2.532055e+001
    endloop
  endfacet
  facet normal  9.999999e-001  0.000000e+000  0.000000e+000
    outer loop
      vertex  1.500000e+000  5.199960e+001  2.532055e+001
      vertex  1.500000e+000  4.840615e+001  2.543209e+001
      vertex  1.500000e+000  4.835175e+001  2.532055e+001
    endloop
  endfacet
  facet normal  1.000000e+000  -0.000000e+000  0.000000e+000
    outer loop
      vertex  1.500000e+000  5.199960e+001  2.532055e+001
      vertex  1.500000e+000  4.835175e+001  2.532055e+001
      vertex  1.500000e+000  5.204697e+001  2.520586e+001
    endloop
  endfacet
  facet normal  1.000000e+000  0.000000e+000  0.000000e+000
    outer loop
      vertex  1.500000e+000  5.204697e+001  2.520586e+001
      vertex  1.500000e+000  4.835175e+001  2.532055e+001
      vertex  1.500000e+000  4.830437e+001  2.520586e+001
    endloop
  endfacet
  facet normal  1.000000e+000  -0.000000e+000  0.000000e+000
    outer loop
      vertex  1.500000e+000  5.204697e+001  2.520586e+001
      vertex  1.500000e+000  4.830437e+001  2.520586e+001
      vertex  1.500000e+000  5.208715e+001  2.508845e+001
    endloop
  endfacet
  facet normal  1.000000e+000  0.000000e+000  0.000000e+000
    outer loop
      vertex  1.500000e+000  5.208715e+001  2.508845e+001
      vertex  1.500000e+000  4.830437e+001  2.520586e+001
      vertex  1.500000e+000  4.826420e+001  2.508845e+001
    endloop
  endfacet
  facet normal  9.999999e-001  -0.000000e+000  0.000000e+000
    outer loop
      vertex  1.500000e+000  5.208715e+001  2.508845e+001
      vertex  1.500000e+000  4.826420e+001  2.508845e+001
      vertex  1.500000e+000  5.211996e+001  2.496878e+001
    endloop
  endfacet
  facet normal  1.000000e+000  0.000000e+000  0.000000e+000
    outer loop
      vertex  1.500000e+000  5.211996e+001  2.496878e+001
      vertex  1.500000e+000  4.826420e+001  2.508845e+001
      vertex  1.500000e+000  4.823139e+001  2.496878e+001
    endloop
  endfacet
  facet normal  1.000000e+000  -0.000000e+000  0.000000e+000
    outer loop
      vertex  1.500000e+000  5.211996e+001  2.496878e+001
      vertex  1.500000e+000  4.823139e+001  2.496878e+001
      vertex  1.500000e+000  5.214529e+001  2.484730e+001
    endloop
  endfacet
  facet normal  9.999999e-001  0.000000e+000  0.000000e+000
    outer loop
      vertex  1.500000e+000  5.214529e+001  2.484730e+001
      vertex  1.500000e+000  4.823139e+001  2.496878e+001
      vertex  1.500000e+000  4.820606e+001  2.484730e+001
    endloop
  endfacet
  facet normal  1.000000e+000  -0.000000e+000  0.000000e+000
    outer loop
      vertex  1.500000e+000  5.300000e+001 -1.800000e+001
      vertex  1.500000e+000  5.200000e+001 -1.800000e+001
      vertex  1.500000e+000  5.299605e+001 -1.812558e+001
    endloop
  endfacet
  facet normal  9.999999e-001  0.000000e+000  0.000000e+000
    outer loop
      vertex  1.500000e+000  5.299605e+001 -1.812558e+001
      vertex  1.500000e+000  5.200000e+001 -1.800000e+001
      vertex  1.500000e+000  5.199619e+001 -1.808716e+001
    endloop
  endfacet
  facet normal  1.000000e+000  0.000000e+000  0.000000e+000
    outer loop
      vertex  1.500000e+000  5.299605e+001 -1.812558e+001
      vertex  1.500000e+000  5.199619e+001 -1.808716e+001
      vertex  1.500000e+000  5.298423e+001 -1.825067e+001
    endloop
  endfacet
  facet normal  1.000000e+000  0.000000e+000  0.000000e+000
    outer loop
      vertex  1.500000e+000  5.298423e+001 -1.825067e+001
      vertex  1.500000e+000  5.199619e+001 -1.808716e+001
      vertex  1.500000e+000  5.198481e+001 -1.817365e+001
    endloop
  endfacet
  facet normal  1.000000e+000  0.000000e+000  0.000000e+000
    outer loop
      vertex  1.500000e+000  5.298423e+001 -1.825067e+001
      vertex  1.500000e+000  5.198481e+001 -1.817365e+001
      vertex  1.500000e+000  5.196593e+001 -1.825882e+001
    endloop
  endfacet
  facet normal  1.000000e+000  -0.000000e+000  0.000000e+000
    outer loop
      vertex  1.500000e+000  5.298423e+001 -1.825067e+001
      vertex  1.500000e+000  5.196593e+001 -1.825882e+001
      vertex  1.500000e+000  5.296457e+001 -1.837476e+001
    endloop
  endfacet
  facet normal  1.000000e+000  0.000000e+000  0.000000e+000
    outer loop
      vertex  1.500000e+000  5.296457e+001 -1.837476e+001
      vertex  1.500000e+000  5.196593e+001 -1.825882e+001
      vertex  1.500000e+000  5.193969e+001 -1.834202e+001
    endloop
  endfacet
  facet normal  1.000000e+000  0.000000e+000  0.000000e+000
    outer loop
      vertex  1.500000e+000  5.296457e+001 -1.837476e+001
      vertex  1.500000e+000  5.193969e+001 -1.834202e+001
      vertex  1.500000e+000  5.293717e+001 -1.849738e+001
    endloop
  endfacet
  facet normal  1.000000e+000  0.000000e+000  0.000000e+000
    outer loop
      vertex  1.500000e+000  5.293717e+001 -1.849738e+001
      vertex  1.500000e+000  5.193969e+001 -1.834202e+001
      vertex  1.500000e+000  5.190631e+001 -1.842262e+001
    endloop
  endfacet
  facet normal  1.000000e+000  0.000000e+000  0.000000e+000
    outer loop
      vertex  1.500000e+000  5.293717e+001 -1.849738e+001
      vertex  1.500000e+000  5.190631e+001 -1.842262e+001
      vertex  1.500000e+000  5.186602e+001 -1.850000e+001
    endloop
  endfacet
  facet normal  1.000000e+000  -0.000000e+000  0.000000e+000
    outer loop
      vertex  1.500000e+000  5.293717e+001 -1.849738e+001
      vertex  1.500000e+000  5.186602e+001 -1.850000e+001
      vertex  1.500000e+000  5.290211e+001 -1.861803e+001
    endloop
  endfacet
  facet normal  1.000000e+000  0.000000e+000  0.000000e+000
    outer loop
      vertex  1.500000e+000  5.290211e+001 -1.861803e+001
      vertex  1.500000e+000  5.186602e+001 -1.850000e+001
      vertex  1.500000e+000  5.181915e+001 -1.857358e+001
    endloop
  endfacet
  facet normal  1.000000e+000  0.000000e+000  0.000000e+000
    outer loop
      vertex  1.500000e+000  5.290211e+001 -1.861803e+001
      vertex  1.500000e+000  5.181915e+001 -1.857358e+001
      vertex  1.500000e+000  5.176604e+001 -1.864279e+001
    endloop
  endfacet
  facet normal  1.000000e+000  -0.000000e+000  0.000000e+000
    outer loop
      vertex  1.500000e+000  5.290211e+001 -1.861803e+001
      vertex  1.500000e+000  5.176604e+001 -1.864279e+001
      vertex  1.500000e+000  5.285955e+001 -1.873625e+001
    endloop
  endfacet
  facet normal  1.000000e+000  0.000000e+000  0.000000e+000
    outer loop
      vertex  1.500000e+000  5.285955e+001 -1.873625e+001
      vertex  1.500000e+000  5.176604e+001 -1.864279e+001
      vertex  1.500000e+000  5.170711e+001 -1.870711e+001
    endloop
  endfacet
  facet normal  1.000000e+000  0.000000e+000  0.000000e+000
    outer loop
      vertex  1.500000e+000  5.285955e+001 -1.873625e+001
      vertex  1.500000e+000  5.170711e+001 -1.870711e+001
      vertex  1.500000e+000  5.280965e+001 -1.885156e+001
    endloop
  endfacet
  facet normal  1.000000e+000  0.000000e+000  0.000000e+000
    outer loop
      vertex  1.500000e+000  5.280965e+001 -1.885156e+001
      vertex  1.500000e+000  5.170711e+001 -1.870711e+001
      vertex  1.500000e+000  5.164279e+001 -1.876604e+001
    endloop
  endfacet
  facet normal  1.000000e+000  0.000000e+000  0.000000e+000
    outer loop
      vertex  1.500000e+000  5.280965e+001 -1.885156e+001
      vertex  1.500000e+000  5.164279e+001 -1.876604e+001
      vertex  1.500000e+000  5.157358e+001 -1.881915e+001
    endloop
  endfacet
  facet normal  1.000000e+000  -0.000000e+000  0.000000e+000
    outer loop
      vertex  1.500000e+000  5.280965e+001 -1.885156e+001
      vertex  1.500000e+000  5.150000e+001 -1.886603e+001
      vertex  1.500000e+000  5.275261e+001 -1.896351e+001
    endloop
  endfacet
  facet normal  9.999999e-001  0.000000e+000  0.000000e+000
    outer loop
      vertex  1.500000e+000  5.275261e+001 -1.896351e+001
      vertex  1.500000e+000  5.150000e+001 -1.886603e+001
      vertex  1.500000e+000  5.142262e+001 -1.890631e+001
    endloop
  endfacet
  facet normal  1.000000e+000  0.000000e+000  0.000000e+000
    outer loop
      vertex  1.500000e+000  5.275261e+001 -1.896351e+001
      vertex  1.500000e+000  5.142262e+001 -1.890631e+001
      vertex  1.500000e+000  5.134202e+001 -1.893969e+001
    endloop
  endfacet
  facet normal -1.000000e+000  0.000000e+000  0.000000e+000
    outer loop
      vertex -1.500000e+000 -1.636069e+000  1.316540e+000
      vertex -1.500000e+000 -2.690923e+000  1.326249e+000
      vertex -1.500000e+000 -1.551919e+000  1.414761e+000
    endloop
  endfacet
  facet normal -1.000000e+000  0.000000e+000  -0.000000e+000
    outer loop
      vertex -1.500000e+000  4.627094e+001  2.009143e+001
      vertex -1.500000e+000  4.638564e+001  2.013121e+001
      vertex -1.500000e+000  5.298648e+001  2.005721e+001
    endloop
  endfacet
  facet normal -1.000000e+000  0.000000e+000  -0.000000e+000
    outer loop
      vertex -1.500000e+000  4.615405e+001  2.005868e+001
      vertex -1.500000e+000  4.627094e+001  2.009143e+001
      vertex -1.500000e+000  5.298648e+001  2.005721e+001
    endloop
  endfacet
  facet normal -1.000000e+000  0.000000e+000  0.000000e+000
    outer loop
      vertex -1.500000e+000  2.746660e+000  1.108277e+001
      vertex -1.500000e+000  2.996805e+000 -1.194402e+001
      vertex -1.500000e+000  2.096017e+000  1.292779e-001
    endloop
  endfacet
  facet normal -1.000000e+000  0.000000e+000  0.000000e+000
    outer loop
      vertex -1.500000e+000  2.746660e+000  1.108277e+001
      vertex -1.500000e+000  2.096017e+000  1.292779e-001
      vertex -1.500000e+000  2.084083e+000  2.580654e-001
    endloop
  endfacet
  facet normal -1.000000e+000  0.000000e+000  0.000000e+000
    outer loop
      vertex -1.500000e+000  2.746660e+000  1.108277e+001
      vertex -1.500000e+000  2.084083e+000  2.580654e-001
      vertex -1.500000e+000  2.064244e+000  3.858740e-001
    endloop
  endfacet
  facet normal -9.999999e-001  0.000000e+000  0.000000e+000
    outer loop
      vertex -1.500000e+000  2.746660e+000  1.108277e+001
      vertex -1.500000e+000  2.064244e+000  3.858740e-001
      vertex -1.500000e+000  2.036574e+000  5.122188e-001
    endloop
  endfacet
  facet normal -1.000000e+000  0.000000e+000  0.000000e+000
    outer loop
      vertex -1.500000e+000  2.746660e+000  1.108277e+001
      vertex -1.500000e+000  2.036574e+000  5.122188e-001
      vertex -1.500000e+000  2.001178e+000  6.366206e-001
    endloop
  endfacet
  facet normal -1.000000e+000  0.000000e+000  0.000000e+000
    outer loop
      vertex -1.500000e+000  2.746660e+000  1.108277e+001
      vertex -1.500000e+000  2.001178e+000  6.366206e-001
      vertex -1.500000e+000  1.958192e+000  7.586075e-001
    endloop
  endfacet
  facet normal -1.000000e+000  0.000000e+000  0.000000e+000
    outer loop
      vertex -1.500000e+000  2.746660e+000  1.108277e+001
      vertex -1.500000e+000  1.958192e+000  7.586075e-001
      vertex -1.500000e+000  1.907777e+000  8.777167e-001
    endloop
  endfacet
  facet normal -1.000000e+000  0.000000e+000  0.000000e+000
    outer loop
      vertex -1.500000e+000  2.746660e+000  1.108277e+001
      vertex -1.500000e+000  1.907777e+000  8.777167e-001
      vertex -1.500000e+000  1.850126e+000  9.934965e-001
    endloop
  endfacet
  facet normal -1.000000e+000  0.000000e+000  0.000000e+000
    outer loop
      vertex -1.500000e+000  2.746660e+000  1.108277e+001
      vertex -1.500000e+000  1.850126e+000  9.934965e-001
      vertex -1.500000e+000  1.785456e+000  1.105507e+000
    endloop
  endfacet
  facet normal -1.000000e+000  0.000000e+000  0.000000e+000
    outer loop
      vertex -1.500000e+000  2.746660e+000  1.108277e+001
      vertex -1.500000e+000  1.785456e+000  1.105507e+000
      vertex -1.500000e+000  1.714013e+000  1.213325e+000
    endloop
  endfacet
  facet normal -9.999999e-001  0.000000e+000  0.000000e+000
    outer loop
      vertex -1.500000e+000  2.746660e+000  1.108277e+001
      vertex -1.500000e+000  1.714013e+000  1.213325e+000
      vertex -1.500000e+000  1.636069e+000  1.316540e+000
    endloop
  endfacet
  facet normal -1.000000e+000  0.000000e+000  0.000000e+000
    outer loop
      vertex -1.500000e+000  2.746660e+000  1.108277e+001
      vertex -1.500000e+000  1.636069e+000  1.316540e+000
      vertex -1.500000e+000  1.551919e+000  1.414761e+000
    endloop
  endfacet
  facet normal -1.000000e+000  0.000000e+000  0.000000e+000
    outer loop
      vertex -1.500000e+000  2.746660e+000  1.108277e+001
      vertex -1.500000e+000  1.551919e+000  1.414761e+000
      vertex -1.500000e+000  1.461881e+000  1.507615e+000
    endloop
  endfacet
  facet normal -1.000000e+000  0.000000e+000  0.000000e+000
    outer loop
      vertex -1.500000e+000  2.746660e+000  1.108277e+001
      vertex -1.500000e+000  1.461881e+000  1.507615e+000
      vertex -1.500000e+000  1.366298e+000  1.594750e+000
    endloop
  endfacet
  facet normal -1.000000e+000  0.000000e+000  0.000000e+000
    outer loop
      vertex -1.500000e+000  2.746660e+000  1.108277e+001
      vertex -1.500000e+000  1.366298e+000  1.594750e+000
      vertex -1.500000e+000  1.265533e+000  1.675836e+000
    endloop
  endfacet
  facet normal -1.000000e+000  0.000000e+000  0.000000e+000
    outer loop
      vertex -1.500000e+000  2.746660e+000  1.108277e+001
      vertex -1.500000e+000  1.265533e+000  1.675836e+000
      vertex -1.500000e+000  1.159966e+000  1.750565e+000
    endloop
  endfacet
  facet normal -1.000000e+000  0.000000e+000  0.000000e+000
    outer loop
      vertex -1.500000e+000  2.746660e+000  1.108277e+001
      vertex -1.500000e+000  1.159966e+000  1.750565e+000
      vertex -1.500000e+000  1.050000e+000  1.818653e+000
    endloop
  endfacet
  facet normal -1.000000e+000  0.000000e+000  0.000000e+000
    outer loop
      vertex -1.500000e+000  2.746660e+000  1.108277e+001
      vertex -1.500000e+000  1.050000e+000  1.818653e+000
      vertex -1.500000e+000  9.360505e-001  1.879843e+000
    endloop
  endfacet
  facet normal -1.000000e+000  0.000000e+000  0.000000e+000
    outer loop
      vertex -1.500000e+000  2.746660e+000  1.108277e+001
      vertex -1.500000e+000  9.360505e-001  1.879843e+000
      vertex -1.500000e+000  8.185503e-001  1.933902e+000
    endloop
  endfacet
  facet normal -1.000000e+000  0.000000e+000  0.000000e+000
    outer loop
      vertex -1.500000e+000  2.746660e+000  1.108277e+001
      vertex -1.500000e+000  8.185503e-001  1.933902e+000
      vertex -1.500000e+000  6.979451e-001  1.980624e+000
    endloop
  endfacet
  facet normal -1.000000e+000  0.000000e+000  0.000000e+000
    outer loop
      vertex -1.500000e+000  2.746660e+000  1.108277e+001
      vertex -1.500000e+000  6.979451e-001  1.980624e+000
      vertex -1.500000e+000  5.746923e-001  2.019834e+000
    endloop
  endfacet
  facet normal -1.000000e+000  0.000000e+000  0.000000e+000
    outer loop
      vertex -1.500000e+000  2.746660e+000  1.108277e+001
      vertex -1.500000e+000  5.746923e-001  2.019834e+000
      vertex -1.500000e+000  4.492595e-001  2.051381e+000
    endloop
  endfacet
  facet normal -1.000000e+000  0.000000e+000  0.000000e+000
    outer loop
      vertex -1.500000e+000  2.746660e+000  1.108277e+001
      vertex -1.500000e+000  4.492595e-001  2.051381e+000
      vertex -1.500000e+000  3.221225e-001  2.075147e+000
    endloop
  endfacet
  facet normal -1.000000e+000  0.000000e+000  0.000000e+000
    outer loop
      vertex -1.500000e+000  2.746660e+000  1.108277e+001
      vertex -1.500000e+000  3.221225e-001  2.075147e+000
      vertex -1.500000e+000  1.937636e-001  2.091042e+000
    endloop
  endfacet
  facet normal -1.000000e+000  0.000000e+000  0.000000e+000
    outer loop
      vertex -1.500000e+000  2.746660e+000  1.108277e+001
      vertex -1.500000e+000  1.937636e-001  2.091042e+000
      vertex -1.500000e+000  6.466962e-002  2.099004e+000
    endloop
  endfacet
  facet normal -1.000000e+000  0.000000e+000  0.000000e+000
    outer loop
      vertex -1.500000e+000  2.746660e+000  1.108277e+001
      vertex -1.500000e+000  6.466962e-002  2.099004e+000
      vertex -1.500000e+000 -6.466962e-002  2.099004e+000
    endloop
  endfacet
  facet normal -1.000000e+000  -0.000000e+000  0.000000e+000
    outer loop
      vertex -1.500000e+000  2.746660e+000  1.108277e+001
      vertex -1.500000e+000 -6.466962e-002  2.099004e+000
      vertex -1.500000e+000 -1.937636e-001  2.091042e+000
    endloop
  endfacet
  facet normal -1.000000e+000  -0.000000e+000  0.000000e+000
    outer loop
      vertex -1.500000e+000  2.746660e+000  1.108277e+001
      vertex -1.500000e+000 -1.937636e-001  2.091042e+000
      vertex -1.500000e+000 -3.221225e-001  2.075147e+000
    endloop
  endfacet
  facet normal -1.000000e+000  -0.000000e+000  0.000000e+000
    outer loop
      vertex -1.500000e+000  2.746660e+000  1.108277e+001
      vertex -1.500000e+000 -3.221225e-001  2.075147e+000
      vertex -1.500000e+000 -4.492595e-001  2.051381e+000
    endloop
  endfacet
  facet normal -1.000000e+000  -0.000000e+000  0.000000e+000
    outer loop
      vertex -1.500000e+000  2.746660e+000  1.108277e+001
      vertex -1.500000e+000 -4.492595e-001  2.051381e+000
      vertex -1.500000e+000 -5.746923e-001  2.019834e+000
    endloop
  endfacet
  facet normal -1.000000e+000  -0.000000e+000  0.000000e+000
    outer loop
      vertex -1.500000e+000  2.746660e+000  1.108277e+001
      vertex -1.500000e+000 -5.746923e-001  2.019834e+000
      vertex -1.500000e+000 -2.619990e+000  1.461387e+000
    endloop
  endfacet
  facet normal -1.000000e+000  0.000000e+000  0.000000e+000
    outer loop
      vertex -1.500000e+000 -2.619990e+000 -1.461387e+000
      vertex -1.500000e+000 -2.690923e+000 -1.326249e+000
      vertex -1.500000e+000 -1.636069e+000 -1.316540e+000
    endloop
  endfacet
  facet normal -9.999999e-001  0.000000e+000  -0.000000e+000
    outer loop
      vertex -1.500000e+000 -2.619990e+000 -1.461387e+000
      vertex -1.500000e+000 -1.636069e+000 -1.316540e+000
      vertex -1.500000e+000 -1.551919e+000 -1.414761e+000
    endloop
  endfacet
  facet normal -9.999999e-001  0.000000e+000  -0.000000e+000
    outer loop
      vertex -1.500000e+000 -2.619990e+000 -1.461387e+000
      vertex -1.500000e+000 -1.551919e+000 -1.414761e+000
      vertex -1.500000e+000 -1.461881e+000 -1.507615e+000
    endloop
  endfacet
  facet normal -1.000000e+000  -0.000000e+000  -0.000000e+000
    outer loop
      vertex -1.500000e+000 -2.619990e+000 -1.461387e+000
      vertex -1.500000e+000 -1.461881e+000 -1.507615e+000
      vertex -1.500000e+000 -1.366298e+000 -1.594750e+000
    endloop
  endfacet
  facet normal -9.999999e-001  -0.000000e+000  -0.000000e+000
    outer loop
      vertex -1.500000e+000 -2.619990e+000 -1.461387e+000
      vertex -1.500000e+000 -1.366298e+000 -1.594750e+000
      vertex -1.500000e+000 -1.265533e+000 -1.675836e+000
    endloop
  endfacet
  facet normal -1.000000e+000  -0.000000e+000  -0.000000e+000
    outer loop
      vertex -1.500000e+000 -2.619990e+000 -1.461387e+000
      vertex -1.500000e+000 -1.265533e+000 -1.675836e+000
      vertex -1.500000e+000 -1.159966e+000 -1.750565e+000
    endloop
  endfacet
  facet normal -1.000000e+000  -0.000000e+000  -0.000000e+000
    outer loop
      vertex -1.500000e+000 -2.619990e+000 -1.461387e+000
      vertex -1.500000e+000 -1.159966e+000 -1.750565e+000
      vertex -1.500000e+000 -1.050000e+000 -1.818653e+000
    endloop
  endfacet
  facet normal -1.000000e+000  -0.000000e+000  -0.000000e+000
    outer loop
      vertex -1.500000e+000 -2.619990e+000 -1.461387e+000
      vertex -1.500000e+000 -1.050000e+000 -1.818653e+000
      vertex -1.500000e+000 -9.360505e-001 -1.879843e+000
    endloop
  endfacet
  facet normal -1.000000e+000  -0.000000e+000  -0.000000e+000
    outer loop
      vertex -1.500000e+000 -2.619990e+000 -1.461387e+000
      vertex -1.500000e+000 -9.360505e-001 -1.879843e+000
      vertex -1.500000e+000 -8.185503e-001 -1.933902e+000
    endloop
  endfacet
  facet normal -1.000000e+000  -0.000000e+000  -0.000000e+000
    outer loop
      vertex -1.500000e+000 -2.619990e+000 -1.461387e+000
      vertex -1.500000e+000 -8.185503e-001 -1.933902e+000
      vertex -1.500000e+000 -6.979451e-001 -1.980624e+000
    endloop
  endfacet
  facet normal -1.000000e+000  -0.000000e+000  -0.000000e+000
    outer loop
      vertex -1.500000e+000 -2.619990e+000 -1.461387e+000
      vertex -1.500000e+000 -6.979451e-001 -1.980624e+000
      vertex -1.500000e+000 -5.746923e-001 -2.019834e+000
    endloop
  endfacet
  facet normal -1.000000e+000  0.000000e+000  0.000000e+000
    outer loop
      vertex -1.500000e+000  2.746660e+000 -1.108277e+001
      vertex -1.500000e+000 -2.619990e+000 -1.461387e+000
      vertex -1.500000e+000 -5.746923e-001 -2.019834e+000
    endloop
  endfacet
  facet normal -1.000000e+000  0.000000e+000  0.000000e+000
    outer loop
      vertex -1.500000e+000  2.746660e+000 -1.108277e+001
      vertex -1.500000e+000 -5.746923e-001 -2.019834e+000
      vertex -1.500000e+000 -4.492595e-001 -2.051381e+000
    endloop
  endfacet
  facet normal -1.000000e+000  0.000000e+000  0.000000e+000
    outer loop
      vertex -1.500000e+000  2.746660e+000 -1.108277e+001
      vertex -1.500000e+000 -4.492595e-001 -2.051381e+000
      vertex -1.500000e+000 -3.221225e-001 -2.075147e+000
    endloop
  endfacet
  facet normal -1.000000e+000  0.000000e+000  0.000000e+000
    outer loop
      vertex -1.500000e+000  2.746660e+000 -1.108277e+001
      vertex -1.500000e+000 -3.221225e-001 -2.075147e+000
      vertex -1.500000e+000 -1.937636e-001 -2.091042e+000
    endloop
  endfacet
  facet normal -1.000000e+000  0.000000e+000  0.000000e+000
    outer loop
      vertex -1.500000e+000  2.746660e+000 -1.108277e+001
      vertex -1.500000e+000 -1.937636e-001 -2.091042e+000
      vertex -1.500000e+000 -6.466962e-002 -2.099004e+000
    endloop
  endfacet
  facet normal -1.000000e+000  0.000000e+000  0.000000e+000
    outer loop
      vertex -1.500000e+000  2.746660e+000 -1.108277e+001
      vertex -1.500000e+000 -6.466962e-002 -2.099004e+000
      vertex -1.500000e+000  6.466962e-002 -2.099004e+000
    endloop
  endfacet
  facet normal -1.000000e+000  0.000000e+000  0.000000e+000
    outer loop
      vertex -1.500000e+000  6.466962e-002 -2.099004e+000
      vertex -1.500000e+000  2.920630e+000 -1.149920e+001
      vertex -1.500000e+000  2.886043e+000 -1.139157e+001
    endloop
  endfacet
  facet normal -1.000000e+000  0.000000e+000  0.000000e+000
    outer loop
      vertex -1.500000e+000  6.466962e-002 -2.099004e+000
      vertex -1.500000e+000  2.886043e+000 -1.139157e+001
      vertex -1.500000e+000  2.845429e+000 -1.128606e+001
    endloop
  endfacet
  facet normal -1.000000e+000  0.000000e+000  0.000000e+000
    outer loop
      vertex -1.500000e+000  6.466962e-002 -2.099004e+000
      vertex -1.500000e+000  2.845429e+000 -1.128606e+001
      vertex -1.500000e+000  2.798918e+000 -1.118302e+001
    endloop
  endfacet
  facet normal -9.999999e-001  0.000000e+000  0.000000e+000
    outer loop
      vertex -1.500000e+000  6.466962e-002 -2.099004e+000
      vertex -1.500000e+000  2.798918e+000 -1.118302e+001
      vertex -1.500000e+000  2.746660e+000 -1.108277e+001
    endloop
  endfacet
  facet normal -9.999999e-001  0.000000e+000  0.000000e+000
    outer loop
      vertex -1.500000e+000 -2.619990e+000  1.461387e+000
      vertex -1.500000e+000 -5.746923e-001  2.019834e+000
      vertex -1.500000e+000 -6.979451e-001  1.980624e+000
    endloop
  endfacet
  facet normal -9.999999e-001  0.000000e+000  0.000000e+000
    outer loop
      vertex -1.500000e+000 -2.619990e+000  1.461387e+000
      vertex -1.500000e+000 -6.979451e-001  1.980624e+000
      vertex -1.500000e+000 -8.185503e-001  1.933902e+000
    endloop
  endfacet
  facet normal -1.000000e+000  0.000000e+000  0.000000e+000
    outer loop
      vertex -1.500000e+000 -2.619990e+000  1.461387e+000
      vertex -1.500000e+000 -8.185503e-001  1.933902e+000
      vertex -1.500000e+000 -9.360505e-001  1.879843e+000
    endloop
  endfacet
  facet normal -1.000000e+000  0.000000e+000  0.000000e+000
    outer loop
      vertex -1.500000e+000 -2.619990e+000  1.461387e+000
      vertex -1.500000e+000 -9.360505e-001  1.879843e+000
      vertex -1.500000e+000 -1.050000e+000  1.818653e+000
    endloop
  endfacet
  facet normal -1.000000e+000  0.000000e+000  0.000000e+000
    outer loop
      vertex -1.500000e+000 -2.619990e+000  1.461387e+000
      vertex -1.500000e+000 -1.050000e+000  1.818653e+000
      vertex -1.500000e+000 -1.159966e+000  1.750565e+000
    endloop
  endfacet
  facet normal -1.000000e+000  0.000000e+000  0.000000e+000
    outer loop
      vertex -1.500000e+000 -2.619990e+000  1.461387e+000
      vertex -1.500000e+000 -1.159966e+000  1.750565e+000
      vertex -1.500000e+000 -1.265533e+000  1.675836e+000
    endloop
  endfacet
  facet normal -9.999999e-001  0.000000e+000  0.000000e+000
    outer loop
      vertex -1.500000e+000 -2.619990e+000  1.461387e+000
      vertex -1.500000e+000 -1.265533e+000  1.675836e+000
      vertex -1.500000e+000 -1.366298e+000  1.594750e+000
    endloop
  endfacet
  facet normal -1.000000e+000  0.000000e+000  0.000000e+000
    outer loop
      vertex -1.500000e+000 -2.619990e+000  1.461387e+000
      vertex -1.500000e+000 -1.366298e+000  1.594750e+000
      vertex -1.500000e+000 -1.461881e+000  1.507615e+000
    endloop
  endfacet
  facet normal -9.999999e-001  0.000000e+000  0.000000e+000
    outer loop
      vertex -1.500000e+000 -2.619990e+000  1.461387e+000
      vertex -1.500000e+000 -1.461881e+000  1.507615e+000
      vertex -1.500000e+000 -1.551919e+000  1.414761e+000
    endloop
  endfacet
  facet normal -1.000000e+000  -0.000000e+000  0.000000e+000
    outer loop
      vertex -1.500000e+000 -2.619990e+000  1.461387e+000
      vertex -1.500000e+000 -1.551919e+000  1.414761e+000
      vertex -1.500000e+000 -2.690923e+000  1.326249e+000
    endloop
  endfacet
  facet normal -1.000000e+000  0.000000e+000  0.000000e+000
    outer loop
      vertex -1.500000e+000  5.296962e+001  2.017232e+001
      vertex -1.500000e+000  5.298648e+001  2.005721e+001
      vertex -1.500000e+000  4.638564e+001  2.013121e+001
    endloop
  endfacet
  facet normal -1.000000e+000  0.000000e+000  0.000000e+000
    outer loop
      vertex -1.500000e+000  5.296962e+001  2.017232e+001
      vertex -1.500000e+000  4.638564e+001  2.013121e+001
      vertex -1.500000e+000  4.649770e+001  2.017788e+001
    endloop
  endfacet
  facet normal -1.000000e+000  0.000000e+000  0.000000e+000
    outer loop
      vertex -1.500000e+000  5.296962e+001  2.017232e+001
      vertex -1.500000e+000  4.649770e+001  2.017788e+001
      vertex -1.500000e+000  4.660673e+001  2.023126e+001
    endloop
  endfacet
  facet normal -9.999999e-001  0.000000e+000  0.000000e+000
    outer loop
      vertex -1.500000e+000  5.296962e+001  2.017232e+001
      vertex -1.500000e+000  4.660673e+001  2.023126e+001
      vertex -1.500000e+000  4.671232e+001  2.029116e+001
    endloop
  endfacet
  facet normal -1.000000e+000  0.000000e+000  0.000000e+000
    outer loop
      vertex -1.500000e+000  5.296962e+001  2.017232e+001
      vertex -1.500000e+000  4.671232e+001  2.029116e+001
      vertex -1.500000e+000  4.681408e+001  2.035736e+001
    endloop
  endfacet
  facet normal -1.000000e+000  0.000000e+000  0.000000e+000
    outer loop
      vertex -1.500000e+000  5.296962e+001  2.017232e+001
      vertex -1.500000e+000  4.681408e+001  2.035736e+001
      vertex -1.500000e+000  4.691164e+001  2.042960e+001
    endloop
  endfacet
  facet normal -1.000000e+000  0.000000e+000  0.000000e+000
    outer loop
      vertex -1.500000e+000  5.296962e+001  2.017232e+001
      vertex -1.500000e+000  4.691164e+001  2.042960e+001
      vertex -1.500000e+000  4.700463e+001  2.050763e+001
    endloop
  endfacet
  facet normal -1.000000e+000  0.000000e+000  0.000000e+000
    outer loop
      vertex -1.500000e+000  5.296962e+001  2.017232e+001
      vertex -1.500000e+000  4.700463e+001  2.050763e+001
      vertex -1.500000e+000  4.709272e+001  2.059116e+001
    endloop
  endfacet
  facet normal -1.000000e+000  0.000000e+000  0.000000e+000
    outer loop
      vertex -1.500000e+000  5.296962e+001  2.017232e+001
      vertex -1.500000e+000  4.709272e+001  2.059116e+001
      vertex -1.500000e+000  4.717558e+001  2.067988e+001
    endloop
  endfacet
  facet normal -1.000000e+000  0.000000e+000  0.000000e+000
    outer loop
      vertex -1.500000e+000  5.296962e+001  2.017232e+001
      vertex -1.500000e+000  4.717558e+001  2.067988e+001
      vertex -1.500000e+000  4.725290e+001  2.077347e+001
    endloop
  endfacet
  facet normal -1.000000e+000  0.000000e+000  0.000000e+000
    outer loop
      vertex -1.500000e+000  5.296962e+001  2.017232e+001
      vertex -1.500000e+000  4.725290e+001  2.077347e+001
      vertex -1.500000e+000  4.732441e+001  2.087157e+001
    endloop
  endfacet
  facet normal -1.000000e+000  0.000000e+000  0.000000e+000
    outer loop
      vertex -1.500000e+000  5.296962e+001  2.017232e+001
      vertex -1.500000e+000  4.732441e+001  2.087157e+001
      vertex -1.500000e+000  4.738983e+001  2.097383e+001
    endloop
  endfacet
  facet normal -1.000000e+000  0.000000e+000  0.000000e+000
    outer loop
      vertex -1.500000e+000  5.296962e+001  2.017232e+001
      vertex -1.500000e+000  4.738983e+001  2.097383e+001
      vertex -1.500000e+000  4.744892e+001  2.107987e+001
    endloop
  endfacet
  facet normal -1.000000e+000  0.000000e+000  0.000000e+000
    outer loop
      vertex -1.500000e+000  5.296962e+001  2.017232e+001
      vertex -1.500000e+000  4.744892e+001  2.107987e+001
      vertex -1.500000e+000  4.750148e+001  2.118930e+001
    endloop
  endfacet
  facet normal -1.000000e+000  0.000000e+000  0.000000e+000
    outer loop
      vertex -1.500000e+000  5.296962e+001  2.017232e+001
      vertex -1.500000e+000  4.750148e+001  2.118930e+001
      vertex -1.500000e+000  4.754729e+001  2.130172e+001
    endloop
  endfacet
  facet normal -9.999999e-001  0.000000e+000  0.000000e+000
    outer loop
      vertex -1.500000e+000  5.296962e+001  2.017232e+001
      vertex -1.500000e+000  4.754729e+001  2.130172e+001
      vertex -1.500000e+000  4.758620e+001  2.141671e+001
    endloop
  endfacet
  facet normal -9.999999e-001  0.000000e+000  0.000000e+000
    outer loop
      vertex -1.500000e+000  5.296962e+001  2.017232e+001
      vertex -1.500000e+000  4.758620e+001  2.141671e+001
      vertex -1.500000e+000  4.761807e+001  2.153385e+001
    endloop
  endfacet
  facet normal -1.000000e+000  0.000000e+000  0.000000e+000
    outer loop
      vertex -1.500000e+000  5.296962e+001  2.017232e+001
      vertex -1.500000e+000  4.761807e+001  2.153385e+001
      vertex -1.500000e+000  4.764277e+001  2.165270e+001
    endloop
  endfacet
  facet normal -1.000000e+000  0.000000e+000  0.000000e+000
    outer loop
      vertex -1.500000e+000  5.296962e+001  2.017232e+001
      vertex -1.500000e+000  4.764277e+001  2.165270e+001
      vertex -1.500000e+000  4.820606e+001  2.484730e+001
    endloop
  endfacet
  facet normal -1.000000e+000  0.000000e+000  0.000000e+000
    outer loop
      vertex -1.500000e+000  5.296962e+001  2.017232e+001
      vertex -1.500000e+000  4.820606e+001  2.484730e+001
      vertex -1.500000e+000  5.214529e+001  2.484730e+001
    endloop
  endfacet
  facet normal -1.000000e+000  0.000000e+000  0.000000e+000
    outer loop
      vertex -1.500000e+000  5.299662e+001  1.994131e+001
      vertex -1.500000e+000  4.567315e+001  2.000000e+001
      vertex -1.500000e+000  4.579449e+001  2.000368e+001
    endloop
  endfacet
  facet normal -1.000000e+000  0.000000e+000  0.000000e+000
    outer loop
      vertex -1.500000e+000  5.299662e+001  1.994131e+001
      vertex -1.500000e+000  4.579449e+001  2.000368e+001
      vertex -1.500000e+000  4.591538e+001  2.001472e+001
    endloop
  endfacet
  facet normal -1.000000e+000  0.000000e+000  0.000000e+000
    outer loop
      vertex -1.500000e+000  5.299662e+001  1.994131e+001
      vertex -1.500000e+000  4.591538e+001  2.001472e+001
      vertex -1.500000e+000  4.603539e+001  2.003308e+001
    endloop
  endfacet
  facet normal -9.999999e-001  0.000000e+000  0.000000e+000
    outer loop
      vertex -1.500000e+000  5.299662e+001  1.994131e+001
      vertex -1.500000e+000  4.603539e+001  2.003308e+001
      vertex -1.500000e+000  4.615405e+001  2.005868e+001
    endloop
  endfacet
  facet normal -1.000000e+000  0.000000e+000  0.000000e+000
    outer loop
      vertex -1.500000e+000  5.299662e+001  1.994131e+001
      vertex -1.500000e+000  4.615405e+001  2.005868e+001
      vertex -1.500000e+000  5.298648e+001  2.005721e+001
    endloop
  endfacet
  facet normal -9.999999e-001  0.000000e+000  0.000000e+000
    outer loop
      vertex -1.500000e+000  2.920630e+000 -1.149920e+001
      vertex -1.500000e+000  6.466962e-002 -2.099004e+000
      vertex -1.500000e+000  1.937636e-001 -2.091042e+000
    endloop
  endfacet
  facet normal -1.000000e+000  0.000000e+000  0.000000e+000
    outer loop
      vertex -1.500000e+000  2.920630e+000 -1.149920e+001
      vertex -1.500000e+000  1.937636e-001 -2.091042e+000
      vertex -1.500000e+000  3.221225e-001 -2.075147e+000
    endloop
  endfacet
  facet normal -1.000000e+000  0.000000e+000  0.000000e+000
    outer loop
      vertex -1.500000e+000  2.920630e+000 -1.149920e+001
      vertex -1.500000e+000  3.221225e-001 -2.075147e+000
      vertex -1.500000e+000  4.492595e-001 -2.051381e+000
    endloop
  endfacet
  facet normal -1.000000e+000  0.000000e+000  0.000000e+000
    outer loop
      vertex -1.500000e+000  2.920630e+000 -1.149920e+001
      vertex -1.500000e+000  4.492595e-001 -2.051381e+000
      vertex -1.500000e+000  5.746923e-001 -2.019834e+000
    endloop
  endfacet
  facet normal -1.000000e+000  0.000000e+000  0.000000e+000
    outer loop
      vertex -1.500000e+000  2.949081e+000 -1.160861e+001
      vertex -1.500000e+000  2.920630e+000 -1.149920e+001
      vertex -1.500000e+000  5.746923e-001 -2.019834e+000
    endloop
  endfacet
  facet normal -1.000000e+000  0.000000e+000  0.000000e+000
    outer loop
      vertex -1.500000e+000  2.949081e+000 -1.160861e+001
      vertex -1.500000e+000  5.746923e-001 -2.019834e+000
      vertex -1.500000e+000  6.979451e-001 -1.980624e+000
    endloop
  endfacet
  facet normal -1.000000e+000  0.000000e+000  0.000000e+000
    outer loop
      vertex -1.500000e+000  2.949081e+000 -1.160861e+001
      vertex -1.500000e+000  6.979451e-001 -1.980624e+000
      vertex -1.500000e+000  8.185503e-001 -1.933902e+000
    endloop
  endfacet
  facet normal -1.000000e+000  0.000000e+000  0.000000e+000
    outer loop
      vertex -1.500000e+000  2.949081e+000 -1.160861e+001
      vertex -1.500000e+000  8.185503e-001 -1.933902e+000
      vertex -1.500000e+000  9.360505e-001 -1.879843e+000
    endloop
  endfacet
  facet normal -1.000000e+000  0.000000e+000  0.000000e+000
    outer loop
      vertex -1.500000e+000  2.949081e+000 -1.160861e+001
      vertex -1.500000e+000  9.360505e-001 -1.879843e+000
      vertex -1.500000e+000  1.050000e+000 -1.818653e+000
    endloop
  endfacet
  facet normal -1.000000e+000  0.000000e+000  0.000000e+000
    outer loop
      vertex -1.500000e+000  2.949081e+000 -1.160861e+001
      vertex -1.500000e+000  1.050000e+000 -1.818653e+000
      vertex -1.500000e+000  1.159966e+000 -1.750565e+000
    endloop
  endfacet
  facet normal -1.000000e+000  0.000000e+000  0.000000e+000
    outer loop
      vertex -1.500000e+000  2.971305e+000 -1.171945e+001
      vertex -1.500000e+000  2.949081e+000 -1.160861e+001
      vertex -1.500000e+000  1.159966e+000 -1.750565e+000
    endloop
  endfacet
  facet normal -1.000000e+000  0.000000e+000  0.000000e+000
    outer loop
      vertex -1.500000e+000  2.971305e+000 -1.171945e+001
      vertex -1.500000e+000  1.159966e+000 -1.750565e+000
      vertex -1.500000e+000  1.265533e+000 -1.675836e+000
    endloop
  endfacet
  facet normal -9.999999e-001  0.000000e+000  0.000000e+000
    outer loop
      vertex -1.500000e+000  2.971305e+000 -1.171945e+001
      vertex -1.500000e+000  1.265533e+000 -1.675836e+000
      vertex -1.500000e+000  1.366298e+000 -1.594750e+000
    endloop
  endfacet
  facet normal -1.000000e+000  0.000000e+000  0.000000e+000
    outer loop
      vertex -1.500000e+000  2.971305e+000 -1.171945e+001
      vertex -1.500000e+000  1.366298e+000 -1.594750e+000
      vertex -1.500000e+000  1.461881e+000 -1.507615e+000
    endloop
  endfacet
  facet normal -1.000000e+000  0.000000e+000  0.000000e+000
    outer loop
      vertex -1.500000e+000  2.971305e+000 -1.171945e+001
      vertex -1.500000e+000  1.461881e+000 -1.507615e+000
      vertex -1.500000e+000  1.551919e+000 -1.414761e+000
    endloop
  endfacet
  facet normal -1.000000e+000  0.000000e+000  0.000000e+000
    outer loop
      vertex -1.500000e+000  2.971305e+000 -1.171945e+001
      vertex -1.500000e+000  1.551919e+000 -1.414761e+000
      vertex -1.500000e+000  1.636069e+000 -1.316540e+000
    endloop
  endfacet
  facet normal -1.000000e+000  0.000000e+000  0.000000e+000
    outer loop
      vertex -1.500000e+000  2.987230e+000 -1.183138e+001
      vertex -1.500000e+000  2.971305e+000 -1.171945e+001
      vertex -1.500000e+000  1.636069e+000 -1.316540e+000
    endloop
  endfacet
  facet normal -1.000000e+000  0.000000e+000  0.000000e+000
    outer loop
      vertex -1.500000e+000  2.987230e+000 -1.183138e+001
      vertex -1.500000e+000  1.636069e+000 -1.316540e+000
      vertex -1.500000e+000  1.714013e+000 -1.213325e+000
    endloop
  endfacet
  facet normal -1.000000e+000  0.000000e+000  0.000000e+000
    outer loop
      vertex -1.500000e+000  2.987230e+000 -1.183138e+001
      vertex -1.500000e+000  1.714013e+000 -1.213325e+000
      vertex -1.500000e+000  1.785456e+000 -1.105507e+000
    endloop
  endfacet
  facet normal -1.000000e+000  0.000000e+000  0.000000e+000
    outer loop
      vertex -1.500000e+000  2.987230e+000 -1.183138e+001
      vertex -1.500000e+000  1.785456e+000 -1.105507e+000
      vertex -1.500000e+000  1.850126e+000 -9.934965e-001
    endloop
  endfacet
  facet normal -9.999999e-001  0.000000e+000  0.000000e+000
    outer loop
      vertex -1.500000e+000  2.987230e+000 -1.183138e+001
      vertex -1.500000e+000  1.850126e+000 -9.934965e-001
      vertex -1.500000e+000  1.907777e+000 -8.777167e-001
    endloop
  endfacet
  facet normal -1.000000e+000  0.000000e+000  0.000000e+000
    outer loop
      vertex -1.500000e+000  2.987230e+000 -1.183138e+001
      vertex -1.500000e+000  1.907777e+000 -8.777167e-001
      vertex -1.500000e+000  1.958192e+000 -7.586075e-001
    endloop
  endfacet
  facet normal -1.000000e+000  0.000000e+000  0.000000e+000
    outer loop
      vertex -1.500000e+000  2.987230e+000 -1.183138e+001
      vertex -1.500000e+000  1.958192e+000 -7.586075e-001
      vertex -1.500000e+000  2.001178e+000 -6.366206e-001
    endloop
  endfacet
  facet normal -1.000000e+000  0.000000e+000  0.000000e+000
    outer loop
      vertex -1.500000e+000  2.987230e+000 -1.183138e+001
      vertex -1.500000e+000  2.001178e+000 -6.366206e-001
      vertex -1.500000e+000  2.036574e+000 -5.122188e-001
    endloop
  endfacet
  facet normal -1.000000e+000  0.000000e+000  0.000000e+000
    outer loop
      vertex -1.500000e+000  2.987230e+000 -1.183138e+001
      vertex -1.500000e+000  2.036574e+000 -5.122188e-001
      vertex -1.500000e+000  2.064244e+000 -3.858740e-001
    endloop
  endfacet
  facet normal -1.000000e+000  0.000000e+000  0.000000e+000
    outer loop
      vertex -1.500000e+000  2.987230e+000 -1.183138e+001
      vertex -1.500000e+000  2.064244e+000 -3.858740e-001
      vertex -1.500000e+000  2.084083e+000 -2.580654e-001
    endloop
  endfacet
  facet normal -1.000000e+000  0.000000e+000  0.000000e+000
    outer loop
      vertex -1.500000e+000  2.987230e+000 -1.183138e+001
      vertex -1.500000e+000  2.084083e+000 -2.580654e-001
      vertex -1.500000e+000  2.096017e+000 -1.292779e-001
    endloop
  endfacet
  facet normal -1.000000e+000  0.000000e+000  0.000000e+000
    outer loop
      vertex -1.500000e+000  2.987230e+000 -1.183138e+001
      vertex -1.500000e+000  2.096017e+000 -1.292779e-001
      vertex -1.500000e+000  2.100000e+000  0.000000e+000
    endloop
  endfacet
  facet normal -1.000000e+000  0.000000e+000  0.000000e+000
    outer loop
      vertex -1.500000e+000  2.987230e+000 -1.183138e+001
      vertex -1.500000e+000  2.100000e+000  0.000000e+000
      vertex -1.500000e+000  2.096017e+000  1.292779e-001
    endloop
  endfacet
  facet normal -1.000000e+000  0.000000e+000  0.000000e+000
    outer loop
      vertex -1.500000e+000  2.987230e+000 -1.183138e+001
      vertex -1.500000e+000  2.096017e+000  1.292779e-001
      vertex -1.500000e+000  2.996805e+000 -1.194402e+001
    endloop
  endfacet
  facet normal -9.999999e-001  0.000000e+000  0.000000e+000
    outer loop
      vertex -1.500000e+000  3.000000e+000 -1.205703e+001
      vertex -1.500000e+000  2.996805e+000 -1.194402e+001
      vertex -1.500000e+000  2.746660e+000  1.108277e+001
    endloop
  endfacet
  facet normal -9.999999e-001  0.000000e+000  0.000000e+000
    outer loop
      vertex -1.500000e+000  3.000000e+000 -1.205703e+001
      vertex -1.500000e+000  2.746660e+000  1.108277e+001
      vertex -1.500000e+000  2.798918e+000  1.118302e+001
    endloop
  endfacet
  facet normal -1.000000e+000  0.000000e+000  0.000000e+000
    outer loop
      vertex -1.500000e+000  3.000000e+000 -1.205703e+001
      vertex -1.500000e+000  2.798918e+000  1.118302e+001
      vertex -1.500000e+000  2.845429e+000  1.128606e+001
    endloop
  endfacet
  facet normal -9.999999e-001  0.000000e+000  0.000000e+000
    outer loop
      vertex -1.500000e+000  3.000000e+000 -1.205703e+001
      vertex -1.500000e+000  2.845429e+000  1.128606e+001
      vertex -1.500000e+000  2.886043e+000  1.139157e+001
    endloop
  endfacet
  facet normal -1.000000e+000  0.000000e+000  0.000000e+000
    outer loop
      vertex -1.500000e+000  3.000000e+000 -1.205703e+001
      vertex -1.500000e+000  2.886043e+000  1.139157e+001
      vertex -1.500000e+000  2.920630e+000  1.149920e+001
    endloop
  endfacet
  facet normal -9.999999e-001  0.000000e+000  0.000000e+000
    outer loop
      vertex -1.500000e+000  3.000000e+000 -1.205703e+001
      vertex -1.500000e+000  2.920630e+000  1.149920e+001
      vertex -1.500000e+000  2.949081e+000  1.160861e+001
    endloop
  endfacet
  facet normal -1.000000e+000  0.000000e+000  0.000000e+000
    outer loop
      vertex -1.500000e+000  3.000000e+000 -1.205703e+001
      vertex -1.500000e+000  2.949081e+000  1.160861e+001
      vertex -1.500000e+000  2.971305e+000  1.171945e+001
    endloop
  endfacet
  facet normal -1.000000e+000  0.000000e+000  0.000000e+000
    outer loop
      vertex -1.500000e+000  3.000000e+000 -1.205703e+001
      vertex -1.500000e+000  2.971305e+000  1.171945e+001
      vertex -1.500000e+000  2.987230e+000  1.183138e+001
    endloop
  endfacet
  facet normal -1.000000e+000  0.000000e+000  0.000000e+000
    outer loop
      vertex -1.500000e+000  3.000000e+000 -1.205703e+001
      vertex -1.500000e+000  2.987230e+000  1.183138e+001
      vertex -1.500000e+000  2.996805e+000  1.194402e+001
    endloop
  endfacet
  facet normal -1.000000e+000  0.000000e+000  0.000000e+000
    outer loop
      vertex -1.500000e+000  3.000000e+000 -1.205703e+001
      vertex -1.500000e+000  2.996805e+000  1.194402e+001
      vertex -1.500000e+000  3.000000e+000  1.205703e+001
    endloop
  endfacet
  facet normal -1.000000e+000  0.000000e+000  0.000000e+000
    outer loop
      vertex -1.500000e+000  3.000000e+000 -1.205703e+001
      vertex -1.500000e+000  3.000000e+000  1.205703e+001
      vertex -1.500000e+000  5.300000e+001  1.982502e+001
    endloop
  endfacet
  facet normal -9.999999e-001  0.000000e+000  -0.000000e+000
    outer loop
      vertex -1.500000e+000  3.000000e+000 -1.205703e+001
      vertex -1.500000e+000  5.300000e+001  1.982502e+001
      vertex -1.500000e+000  5.300000e+001 -1.800000e+001
    endloop
  endfacet
  facet normal -1.000000e+000  0.000000e+000  0.000000e+000
    outer loop
      vertex -1.500000e+000  3.000000e+000 -1.205703e+001
      vertex -1.500000e+000  5.300000e+001 -1.800000e+001
      vertex -1.500000e+000  3.000000e+000 -1.800000e+001
    endloop
  endfacet
  facet normal -1.000000e+000  0.000000e+000  0.000000e+000
    outer loop
      vertex -1.500000e+000  3.000000e+000  1.205703e+001
      vertex -1.500000e+000  3.000000e+000  2.000000e+001
      vertex -1.500000e+000  5.500000e+000  2.000000e+001
    endloop
  endfacet
  facet normal -1.000000e+000  0.000000e+000  -0.000000e+000
    outer loop
      vertex -1.500000e+000  3.000000e+000  1.205703e+001
      vertex -1.500000e+000  5.500000e+000  2.000000e+001
      vertex -1.500000e+000  4.567315e+001  2.000000e+001
    endloop
  endfacet
  facet normal -9.999999e-001  0.000000e+000  -0.000000e+000
    outer loop
      vertex -1.500000e+000  3.000000e+000  1.205703e+001
      vertex -1.500000e+000  4.567315e+001  2.000000e+001
      vertex -1.500000e+000  5.299662e+001  1.994131e+001
    endloop
  endfacet
  facet normal -1.000000e+000  0.000000e+000  -0.000000e+000
    outer loop
      vertex -1.500000e+000  3.000000e+000  1.205703e+001
      vertex -1.500000e+000  5.299662e+001  1.994131e+001
      vertex -1.500000e+000  5.300000e+001  1.982502e+001
    endloop
  endfacet
  facet normal -1.000000e+000  0.000000e+000  0.000000e+000
    outer loop
      vertex -1.500000e+000 -1.850126e+000  9.934965e-001
      vertex -1.500000e+000 -2.811728e+000  1.046032e+000
      vertex -1.500000e+000 -1.785456e+000  1.105507e+000
    endloop
  endfacet
  facet normal -1.000000e+000  -0.000000e+000  0.000000e+000
    outer loop
      vertex -1.500000e+000 -1.785456e+000  1.105507e+000
      vertex -1.500000e+000 -2.811728e+000  1.046032e+000
      vertex -1.500000e+000 -2.754891e+000  1.187677e+000
    endloop
  endfacet
  facet normal -1.000000e+000  0.000000e+000  0.000000e+000
    outer loop
      vertex -1.500000e+000 -1.785456e+000  1.105507e+000
      vertex -1.500000e+000 -2.754891e+000  1.187677e+000
      vertex -1.500000e+000 -1.714013e+000  1.213325e+000
    endloop
  endfacet
  facet normal -1.000000e+000  -0.000000e+000  0.000000e+000
    outer loop
      vertex -1.500000e+000 -1.714013e+000  1.213325e+000
      vertex -1.500000e+000 -2.754891e+000  1.187677e+000
      vertex -1.500000e+000 -2.690923e+000  1.326249e+000
    endloop
  endfacet
  facet normal -1.000000e+000  0.000000e+000  0.000000e+000
    outer loop
      vertex -1.500000e+000 -1.714013e+000  1.213325e+000
      vertex -1.500000e+000 -2.690923e+000  1.326249e+000
      vertex -1.500000e+000 -1.636069e+000  1.316540e+000
    endloop
  endfacet
  facet normal -1.000000e+000  0.000000e+000  0.000000e+000
    outer loop
      vertex -1.500000e+000 -2.084083e+000  2.580654e-001
      vertex -1.500000e+000 -2.984481e+000  3.047530e-001
      vertex -1.500000e+000 -2.064244e+000  3.858740e-001
    endloop
  endfacet
  facet normal -1.000000e+000  -0.000000e+000  0.000000e+000
    outer loop
      vertex -1.500000e+000 -2.064244e+000  3.858740e-001
      vertex -1.500000e+000 -2.984481e+000  3.047530e-001
      vertex -1.500000e+000 -2.965119e+000  4.561433e-001
    endloop
  endfacet
  facet normal -1.000000e+000  0.000000e+000  0.000000e+000
    outer loop
      vertex -1.500000e+000 -2.064244e+000  3.858740e-001
      vertex -1.500000e+000 -2.965119e+000  4.561433e-001
      vertex -1.500000e+000 -2.036574e+000  5.122188e-001
    endloop
  endfacet
  facet normal -1.000000e+000  -0.000000e+000  0.000000e+000
    outer loop
      vertex -1.500000e+000 -2.036574e+000  5.122188e-001
      vertex -1.500000e+000 -2.965119e+000  4.561433e-001
      vertex -1.500000e+000 -2.938084e+000  6.063530e-001
    endloop
  endfacet
  facet normal -1.000000e+000  0.000000e+000  0.000000e+000
    outer loop
      vertex -1.500000e+000 -2.036574e+000  5.122188e-001
      vertex -1.500000e+000 -2.938084e+000  6.063530e-001
      vertex -1.500000e+000 -2.001178e+000  6.366206e-001
    endloop
  endfacet
  facet normal -1.000000e+000  -0.000000e+000  0.000000e+000
    outer loop
      vertex -1.500000e+000 -2.001178e+000  6.366206e-001
      vertex -1.500000e+000 -2.938084e+000  6.063530e-001
      vertex -1.500000e+000 -2.903444e+000  7.549934e-001
    endloop
  endfacet
  facet normal -9.999999e-001  0.000000e+000  0.000000e+000
    outer loop
      vertex -1.500000e+000 -2.001178e+000  6.366206e-001
      vertex -1.500000e+000 -2.903444e+000  7.549934e-001
      vertex -1.500000e+000 -1.958192e+000  7.586075e-001
    endloop
  endfacet
  facet normal -1.000000e+000  -0.000000e+000  0.000000e+000
    outer loop
      vertex -1.500000e+000 -1.958192e+000  7.586075e-001
      vertex -1.500000e+000 -2.903444e+000  7.549934e-001
      vertex -1.500000e+000 -2.861289e+000  9.016796e-001
    endloop
  endfacet
  facet normal -1.000000e+000  0.000000e+000  0.000000e+000
    outer loop
      vertex -1.500000e+000 -1.958192e+000  7.586075e-001
      vertex -1.500000e+000 -2.861289e+000  9.016796e-001
      vertex -1.500000e+000 -1.907777e+000  8.777167e-001
    endloop
  endfacet
  facet normal -1.000000e+000  0.000000e+000  0.000000e+000
    outer loop
      vertex -1.500000e+000 -1.907777e+000  8.777167e-001
      vertex -1.500000e+000 -2.861289e+000  9.016796e-001
      vertex -1.500000e+000 -2.811728e+000  1.046032e+000
    endloop
  endfacet
  facet normal -1.000000e+000  0.000000e+000  0.000000e+000
    outer loop
      vertex -1.500000e+000 -1.907777e+000  8.777167e-001
      vertex -1.500000e+000 -2.811728e+000  1.046032e+000
      vertex -1.500000e+000 -1.850126e+000  9.934965e-001
    endloop
  endfacet
  facet normal -1.000000e+000  0.000000e+000  0.000000e+000
    outer loop
      vertex -1.500000e+000 -2.036574e+000 -5.122188e-001
      vertex -1.500000e+000 -2.965119e+000 -4.561433e-001
      vertex -1.500000e+000 -2.064244e+000 -3.858740e-001
    endloop
  endfacet
  facet normal -1.000000e+000  -0.000000e+000  0.000000e+000
    outer loop
      vertex -1.500000e+000 -2.064244e+000 -3.858740e-001
      vertex -1.500000e+000 -2.965119e+000 -4.561433e-001
      vertex -1.500000e+000 -2.984481e+000 -3.047530e-001
    endloop
  endfacet
  facet normal -1.000000e+000  0.000000e+000  0.000000e+000
    outer loop
      vertex -1.500000e+000 -2.064244e+000 -3.858740e-001
      vertex -1.500000e+000 -2.984481e+000 -3.047530e-001
      vertex -1.500000e+000 -2.084083e+000 -2.580654e-001
    endloop
  endfacet
  facet normal -1.000000e+000  -0.000000e+000  0.000000e+000
    outer loop
      vertex -1.500000e+000 -2.084083e+000 -2.580654e-001
      vertex -1.500000e+000 -2.984481e+000 -3.047530e-001
      vertex -1.500000e+000 -2.996118e+000 -1.525740e-001
    endloop
  endfacet
  facet normal -1.000000e+000  0.000000e+000  0.000000e+000
    outer loop
      vertex -1.500000e+000 -2.084083e+000 -2.580654e-001
      vertex -1.500000e+000 -2.996118e+000 -1.525740e-001
      vertex -1.500000e+000 -2.096017e+000 -1.292779e-001
    endloop
  endfacet
  facet normal -1.000000e+000  -0.000000e+000  0.000000e+000
    outer loop
      vertex -1.500000e+000 -2.096017e+000 -1.292779e-001
      vertex -1.500000e+000 -2.996118e+000 -1.525740e-001
      vertex -1.500000e+000 -3.000000e+000  3.673819e-016
    endloop
  endfacet
  facet normal -1.000000e+000  0.000000e+000  0.000000e+000
    outer loop
      vertex -1.500000e+000 -2.096017e+000 -1.292779e-001
      vertex -1.500000e+000 -3.000000e+000  3.673819e-016
      vertex -1.500000e+000 -2.100000e+000  2.571673e-016
    endloop
  endfacet
  facet normal -1.000000e+000  0.000000e+000  0.000000e+000
    outer loop
      vertex -1.500000e+000 -2.100000e+000  2.571673e-016
      vertex -1.500000e+000 -3.000000e+000  3.673819e-016
      vertex -1.500000e+000 -2.996118e+000  1.525740e-001
    endloop
  endfacet
  facet normal -1.000000e+000  0.000000e+000  0.000000e+000
    outer loop
      vertex -1.500000e+000 -2.100000e+000  2.571673e-016
      vertex -1.500000e+000 -2.996118e+000  1.525740e-001
      vertex -1.500000e+000 -2.096017e+000  1.292779e-001
    endloop
  endfacet
  facet normal -1.000000e+000  0.000000e+000  0.000000e+000
    outer loop
      vertex -1.500000e+000 -2.096017e+000  1.292779e-001
      vertex -1.500000e+000 -2.996118e+000  1.525740e-001
      vertex -1.500000e+000 -2.984481e+000  3.047530e-001
    endloop
  endfacet
  facet normal -1.000000e+000  0.000000e+000  0.000000e+000
    outer loop
      vertex -1.500000e+000 -2.096017e+000  1.292779e-001
      vertex -1.500000e+000 -2.984481e+000  3.047530e-001
      vertex -1.500000e+000 -2.084083e+000  2.580654e-001
    endloop
  endfacet
  facet normal -1.000000e+000  0.000000e+000  0.000000e+000
    outer loop
      vertex -1.500000e+000 -1.714013e+000 -1.213325e+000
      vertex -1.500000e+000 -2.754891e+000 -1.187677e+000
      vertex -1.500000e+000 -1.785456e+000 -1.105507e+000
    endloop
  endfacet
  facet normal -1.000000e+000  -0.000000e+000  0.000000e+000
    outer loop
      vertex -1.500000e+000 -1.785456e+000 -1.105507e+000
      vertex -1.500000e+000 -2.754891e+000 -1.187677e+000
      vertex -1.500000e+000 -2.811728e+000 -1.046032e+000
    endloop
  endfacet
  facet normal -1.000000e+000  0.000000e+000  0.000000e+000
    outer loop
      vertex -1.500000e+000 -1.785456e+000 -1.105507e+000
      vertex -1.500000e+000 -2.811728e+000 -1.046032e+000
      vertex -1.500000e+000 -1.850126e+000 -9.934965e-001
    endloop
  endfacet
  facet normal -1.000000e+000  -0.000000e+000  0.000000e+000
    outer loop
      vertex -1.500000e+000 -1.850126e+000 -9.934965e-001
      vertex -1.500000e+000 -2.811728e+000 -1.046032e+000
      vertex -1.500000e+000 -2.861289e+000 -9.016796e-001
    endloop
  endfacet
  facet normal -1.000000e+000  0.000000e+000  0.000000e+000
    outer loop
      vertex -1.500000e+000 -1.850126e+000 -9.934965e-001
      vertex -1.500000e+000 -2.861289e+000 -9.016796e-001
      vertex -1.500000e+000 -1.907777e+000 -8.777167e-001
    endloop
  endfacet
  facet normal -1.000000e+000  -0.000000e+000  0.000000e+000
    outer loop
      vertex -1.500000e+000 -1.907777e+000 -8.777167e-001
      vertex -1.500000e+000 -2.861289e+000 -9.016796e-001
      vertex -1.500000e+000 -2.903444e+000 -7.549934e-001
    endloop
  endfacet
  facet normal -9.999999e-001  0.000000e+000  0.000000e+000
    outer loop
      vertex -1.500000e+000 -1.907777e+000 -8.777167e-001
      vertex -1.500000e+000 -2.903444e+000 -7.549934e-001
      vertex -1.500000e+000 -1.958192e+000 -7.586075e-001
    endloop
  endfacet
  facet normal -1.000000e+000  0.000000e+000  0.000000e+000
    outer loop
      vertex -1.500000e+000 -1.958192e+000 -7.586075e-001
      vertex -1.500000e+000 -2.903444e+000 -7.549934e-001
      vertex -1.500000e+000 -2.938084e+000 -6.063530e-001
    endloop
  endfacet
  facet normal -1.000000e+000  0.000000e+000  0.000000e+000
    outer loop
      vertex -1.500000e+000 -1.958192e+000 -7.586075e-001
      vertex -1.500000e+000 -2.938084e+000 -6.063530e-001
      vertex -1.500000e+000 -2.001178e+000 -6.366206e-001
    endloop
  endfacet
  facet normal -1.000000e+000  0.000000e+000  0.000000e+000
    outer loop
      vertex -1.500000e+000 -2.001178e+000 -6.366206e-001
      vertex -1.500000e+000 -2.938084e+000 -6.063530e-001
      vertex -1.500000e+000 -2.965119e+000 -4.561433e-001
    endloop
  endfacet
  facet normal -9.999999e-001  0.000000e+000  0.000000e+000
    outer loop
      vertex -1.500000e+000 -2.001178e+000 -6.366206e-001
      vertex -1.500000e+000 -2.965119e+000 -4.561433e-001
      vertex -1.500000e+000 -2.036574e+000 -5.122188e-001
    endloop
  endfacet
  facet normal -9.999999e-001  0.000000e+000  0.000000e+000
    outer loop
      vertex -1.500000e+000 -2.690923e+000 -1.326249e+000
      vertex -1.500000e+000 -2.754891e+000 -1.187677e+000
      vertex -1.500000e+000 -1.636069e+000 -1.316540e+000
    endloop
  endfacet
  facet normal -1.000000e+000  0.000000e+000  0.000000e+000
    outer loop
      vertex -1.500000e+000 -1.636069e+000 -1.316540e+000
      vertex -1.500000e+000 -2.754891e+000 -1.187677e+000
      vertex -1.500000e+000 -1.714013e+000 -1.213325e+000
    endloop
  endfacet
  facet normal -1.000000e+000  0.000000e+000  0.000000e+000
    outer loop
      vertex -1.500000e+000  5.148486e+001  2.601196e+001
      vertex -1.500000e+000  4.896277e+001  2.609024e+001
      vertex -1.500000e+000  5.138858e+001  2.609024e+001
    endloop
  endfacet
  facet normal -1.000000e+000  0.000000e+000  0.000000e+000
    outer loop
      vertex -1.500000e+000  5.138858e+001  2.609024e+001
      vertex -1.500000e+000  4.896277e+001  2.609024e+001
      vertex -1.500000e+000  4.906373e+001  2.616240e+001
    endloop
  endfacet
  facet normal -1.000000e+000  0.000000e+000  0.000000e+000
    outer loop
      vertex -1.500000e+000  5.138858e+001  2.609024e+001
      vertex -1.500000e+000  4.906373e+001  2.616240e+001
      vertex -1.500000e+000  5.128762e+001  2.616240e+001
    endloop
  endfacet
  facet normal -1.000000e+000  0.000000e+000  0.000000e+000
    outer loop
      vertex -1.500000e+000  5.128762e+001  2.616240e+001
      vertex -1.500000e+000  4.906373e+001  2.616240e+001
      vertex -1.500000e+000  4.916896e+001  2.622816e+001
    endloop
  endfacet
  facet normal -1.000000e+000  0.000000e+000  0.000000e+000
    outer loop
      vertex -1.500000e+000  5.128762e+001  2.616240e+001
      vertex -1.500000e+000  4.916896e+001  2.622816e+001
      vertex -1.500000e+000  5.118238e+001  2.622816e+001
    endloop
  endfacet
  facet normal -1.000000e+000  0.000000e+000  0.000000e+000
    outer loop
      vertex -1.500000e+000  5.118238e+001  2.622816e+001
      vertex -1.500000e+000  4.916896e+001  2.622816e+001
      vertex -1.500000e+000  4.927808e+001  2.628727e+001
    endloop
  endfacet
  facet normal -1.000000e+000  0.000000e+000  0.000000e+000
    outer loop
      vertex -1.500000e+000  5.118238e+001  2.622816e+001
      vertex -1.500000e+000  4.927808e+001  2.628727e+001
      vertex -1.500000e+000  5.107327e+001  2.628727e+001
    endloop
  endfacet
  facet normal -9.999999e-001  0.000000e+000  0.000000e+000
    outer loop
      vertex -1.500000e+000  5.107327e+001  2.628727e+001
      vertex -1.500000e+000  4.927808e+001  2.628727e+001
      vertex -1.500000e+000  4.939064e+001  2.633949e+001
    endloop
  endfacet
  facet normal -1.000000e+000  0.000000e+000  0.000000e+000
    outer loop
      vertex -1.500000e+000  5.107327e+001  2.628727e+001
      vertex -1.500000e+000  4.939064e+001  2.633949e+001
      vertex -1.500000e+000  5.096070e+001  2.633949e+001
    endloop
  endfacet
  facet normal -1.000000e+000  0.000000e+000  0.000000e+000
    outer loop
      vertex -1.500000e+000  5.096070e+001  2.633949e+001
      vertex -1.500000e+000  4.939064e+001  2.633949e+001
      vertex -1.500000e+000  4.950623e+001  2.638463e+001
    endloop
  endfacet
  facet normal -1.000000e+000  0.000000e+000  0.000000e+000
    outer loop
      vertex -1.500000e+000  5.096070e+001  2.633949e+001
      vertex -1.500000e+000  4.950623e+001  2.638463e+001
      vertex -1.500000e+000  5.084512e+001  2.638463e+001
    endloop
  endfacet
  facet normal -1.000000e+000  0.000000e+000  0.000000e+000
    outer loop
      vertex -1.500000e+000  5.084512e+001  2.638463e+001
      vertex -1.500000e+000  4.950623e+001  2.638463e+001
      vertex -1.500000e+000  4.962440e+001  2.642252e+001
    endloop
  endfacet
  facet normal -1.000000e+000  0.000000e+000  0.000000e+000
    outer loop
      vertex -1.500000e+000  5.084512e+001  2.638463e+001
      vertex -1.500000e+000  4.962440e+001  2.642252e+001
      vertex -1.500000e+000  5.072695e+001  2.642252e+001
    endloop
  endfacet
  facet normal -1.000000e+000  0.000000e+000  0.000000e+000
    outer loop
      vertex -1.500000e+000  5.072695e+001  2.642252e+001
      vertex -1.500000e+000  4.962440e+001  2.642252e+001
      vertex -1.500000e+000  4.974469e+001  2.645301e+001
    endloop
  endfacet
  facet normal -1.000000e+000  0.000000e+000  0.000000e+000
    outer loop
      vertex -1.500000e+000  5.072695e+001  2.642252e+001
      vertex -1.500000e+000  4.974469e+001  2.645301e+001
      vertex -1.500000e+000  5.060666e+001  2.645301e+001
    endloop
  endfacet
  facet normal -1.000000e+000  0.000000e+000  0.000000e+000
    outer loop
      vertex -1.500000e+000  5.060666e+001  2.645301e+001
      vertex -1.500000e+000  4.974469e+001  2.645301e+001
      vertex -1.500000e+000  4.986664e+001  2.647598e+001
    endloop
  endfacet
  facet normal -1.000000e+000  0.000000e+000  0.000000e+000
    outer loop
      vertex -1.500000e+000  5.060666e+001  2.645301e+001
      vertex -1.500000e+000  4.986664e+001  2.647598e+001
      vertex -1.500000e+000  5.048471e+001  2.647598e+001
    endloop
  endfacet
  facet normal -1.000000e+000  0.000000e+000  0.000000e+000
    outer loop
      vertex -1.500000e+000  5.048471e+001  2.647598e+001
      vertex -1.500000e+000  4.986664e+001  2.647598e+001
      vertex -1.500000e+000  4.998978e+001  2.649134e+001
    endloop
  endfacet
  facet normal -1.000000e+000  0.000000e+000  0.000000e+000
    outer loop
      vertex -1.500000e+000  5.048471e+001  2.647598e+001
      vertex -1.500000e+000  4.998978e+001  2.649134e+001
      vertex -1.500000e+000  5.036158e+001  2.649134e+001
    endloop
  endfacet
  facet normal -1.000000e+000  0.000000e+000  0.000000e+000
    outer loop
      vertex -1.500000e+000  5.036158e+001  2.649134e+001
      vertex -1.500000e+000  4.998978e+001  2.649134e+001
      vertex -1.500000e+000  5.011363e+001  2.649904e+001
    endloop
  endfacet
  facet normal -1.000000e+000  0.000000e+000  0.000000e+000
    outer loop
      vertex -1.500000e+000  5.036158e+001  2.649134e+001
      vertex -1.500000e+000  5.011363e+001  2.649904e+001
      vertex -1.500000e+000  5.023772e+001  2.649904e+001
    endloop
  endfacet
  facet normal -1.000000e+000  0.000000e+000  0.000000e+000
    outer loop
      vertex -1.500000e+000  4.896277e+001  2.609024e+001
      vertex -1.500000e+000  5.148486e+001  2.601196e+001
      vertex -1.500000e+000  4.886649e+001  2.601196e+001
    endloop
  endfacet
  facet normal -1.000000e+000  0.000000e+000  0.000000e+000
    outer loop
      vertex -1.500000e+000  4.886649e+001  2.601196e+001
      vertex -1.500000e+000  5.148486e+001  2.601196e+001
      vertex -1.500000e+000  5.157611e+001  2.592786e+001
    endloop
  endfacet
  facet normal -1.000000e+000  0.000000e+000  0.000000e+000
    outer loop
      vertex -1.500000e+000  4.886649e+001  2.601196e+001
      vertex -1.500000e+000  5.157611e+001  2.592786e+001
      vertex -1.500000e+000  4.877524e+001  2.592786e+001
    endloop
  endfacet
  facet normal -1.000000e+000  0.000000e+000  0.000000e+000
    outer loop
      vertex -1.500000e+000  4.877524e+001  2.592786e+001
      vertex -1.500000e+000  5.157611e+001  2.592786e+001
      vertex -1.500000e+000  5.166196e+001  2.583826e+001
    endloop
  endfacet
  facet normal -1.000000e+000  0.000000e+000  0.000000e+000
    outer loop
      vertex -1.500000e+000  4.877524e+001  2.592786e+001
      vertex -1.500000e+000  5.166196e+001  2.583826e+001
      vertex -1.500000e+000  4.868938e+001  2.583826e+001
    endloop
  endfacet
  facet normal -1.000000e+000  0.000000e+000  0.000000e+000
    outer loop
      vertex -1.500000e+000  4.868938e+001  2.583826e+001
      vertex -1.500000e+000  5.166196e+001  2.583826e+001
      vertex -1.500000e+000  5.174210e+001  2.574351e+001
    endloop
  endfacet
  facet normal -1.000000e+000  0.000000e+000  0.000000e+000
    outer loop
      vertex -1.500000e+000  4.868938e+001  2.583826e+001
      vertex -1.500000e+000  5.174210e+001  2.574351e+001
      vertex -1.500000e+000  4.860925e+001  2.574351e+001
    endloop
  endfacet
  facet normal -9.999999e-001  0.000000e+000  0.000000e+000
    outer loop
      vertex -1.500000e+000  4.860925e+001  2.574351e+001
      vertex -1.500000e+000  5.174210e+001  2.574351e+001
      vertex -1.500000e+000  5.181620e+001  2.564397e+001
    endloop
  endfacet
  facet normal -1.000000e+000  0.000000e+000  0.000000e+000
    outer loop
      vertex -1.500000e+000  4.860925e+001  2.574351e+001
      vertex -1.500000e+000  5.181620e+001  2.564397e+001
      vertex -1.500000e+000  4.853515e+001  2.564397e+001
    endloop
  endfacet
  facet normal -1.000000e+000  0.000000e+000  0.000000e+000
    outer loop
      vertex -1.500000e+000  4.853515e+001  2.564397e+001
      vertex -1.500000e+000  5.181620e+001  2.564397e+001
      vertex -1.500000e+000  5.188399e+001  2.554003e+001
    endloop
  endfacet
  facet normal -9.999999e-001  0.000000e+000  0.000000e+000
    outer loop
      vertex -1.500000e+000  4.853515e+001  2.564397e+001
      vertex -1.500000e+000  5.188399e+001  2.554003e+001
      vertex -1.500000e+000  4.846736e+001  2.554003e+001
    endloop
  endfacet
  facet normal -1.000000e+000  0.000000e+000  0.000000e+000
    outer loop
      vertex -1.500000e+000  4.846736e+001  2.554003e+001
      vertex -1.500000e+000  5.188399e+001  2.554003e+001
      vertex -1.500000e+000  5.194520e+001  2.543209e+001
    endloop
  endfacet
  facet normal -1.000000e+000  0.000000e+000  0.000000e+000
    outer loop
      vertex -1.500000e+000  4.846736e+001  2.554003e+001
      vertex -1.500000e+000  5.194520e+001  2.543209e+001
      vertex -1.500000e+000  4.840615e+001  2.543209e+001
    endloop
  endfacet
  facet normal -1.000000e+000  0.000000e+000  0.000000e+000
    outer loop
      vertex -1.500000e+000  4.840615e+001  2.543209e+001
      vertex -1.500000e+000  5.194520e+001  2.543209e+001
      vertex -1.500000e+000  5.199960e+001  2.532055e+001
    endloop
  endfacet
  facet normal -9.999999e-001  0.000000e+000  0.000000e+000
    outer loop
      vertex -1.500000e+000  4.840615e+001  2.543209e+001
      vertex -1.500000e+000  5.199960e+001  2.532055e+001
      vertex -1.500000e+000  4.835175e+001  2.532055e+001
    endloop
  endfacet
  facet normal -1.000000e+000  0.000000e+000  0.000000e+000
    outer loop
      vertex -1.500000e+000  4.835175e+001  2.532055e+001
      vertex -1.500000e+000  5.199960e+001  2.532055e+001
      vertex -1.500000e+000  5.204697e+001  2.520586e+001
    endloop
  endfacet
  facet normal -1.000000e+000  0.000000e+000  0.000000e+000
    outer loop
      vertex -1.500000e+000  4.835175e+001  2.532055e+001
      vertex -1.500000e+000  5.204697e+001  2.520586e+001
      vertex -1.500000e+000  4.830437e+001  2.520586e+001
    endloop
  endfacet
  facet normal -1.000000e+000  0.000000e+000  0.000000e+000
    outer loop
      vertex -1.500000e+000  4.830437e+001  2.520586e+001
      vertex -1.500000e+000  5.204697e+001  2.520586e+001
      vertex -1.500000e+000  5.208715e+001  2.508845e+001
    endloop
  endfacet
  facet normal -1.000000e+000  0.000000e+000  0.000000e+000
    outer loop
      vertex -1.500000e+000  4.830437e+001  2.520586e+001
      vertex -1.500000e+000  5.208715e+001  2.508845e+001
      vertex -1.500000e+000  4.826420e+001  2.508845e+001
    endloop
  endfacet
  facet normal -9.999999e-001  0.000000e+000  0.000000e+000
    outer loop
      vertex -1.500000e+000  4.826420e+001  2.508845e+001
      vertex -1.500000e+000  5.208715e+001  2.508845e+001
      vertex -1.500000e+000  5.211996e+001  2.496878e+001
    endloop
  endfacet
  facet normal -1.000000e+000  0.000000e+000  0.000000e+000
    outer loop
      vertex -1.500000e+000  4.826420e+001  2.508845e+001
      vertex -1.500000e+000  5.211996e+001  2.496878e+001
      vertex -1.500000e+000  4.823139e+001  2.496878e+001
    endloop
  endfacet
  facet normal -1.000000e+000  0.000000e+000  0.000000e+000
    outer loop
      vertex -1.500000e+000  4.823139e+001  2.496878e+001
      vertex -1.500000e+000  5.211996e+001  2.496878e+001
      vertex -1.500000e+000  5.214529e+001  2.484730e+001
    endloop
  endfacet
  facet normal -9.999999e-001  0.000000e+000  0.000000e+000
    outer loop
      vertex -1.500000e+000  4.823139e+001  2.496878e+001
      vertex -1.500000e+000  5.214529e+001  2.484730e+001
      vertex -1.500000e+000  4.820606e+001  2.484730e+001
    endloop
  endfacet
  facet normal -1.000000e+000  0.000000e+000  0.000000e+000
    outer loop
      vertex -1.500000e+000  5.500000e+000  2.000000e+001
      vertex -1.500000e+000  3.000000e+000  2.000000e+001
      vertex -1.500000e+000  3.500000e+000  2.200000e+001
    endloop
  endfacet
  facet normal -1.000000e+000  0.000000e+000  0.000000e+000
    outer loop
      vertex -1.500000e+000  3.500000e+000  2.200000e+001
      vertex -1.500000e+000  3.000000e+000  2.000000e+001
      vertex -1.500000e+000  2.300000e+000  2.000000e+001
    endloop
  endfacet
  facet normal -1.000000e+000  0.000000e+000  0.000000e+000
    outer loop
      vertex -1.500000e+000  3.500000e+000  2.200000e+001
      vertex -1.500000e+000  2.300000e+000  2.000000e+001
      vertex -1.500000e+000  2.300000e+000  2.200000e+001
    endloop
  endfacet
  facet normal -1.000000e+000  0.000000e+000  0.000000e+000
    outer loop
      vertex -1.500000e+000  5.245794e+001 -1.936909e+001
      vertex -1.500000e+000  3.458973e+000 -1.927485e+001
      vertex -1.500000e+000  5.254103e+001 -1.927485e+001
    endloop
  endfacet
  facet normal -1.000000e+000  0.000000e+000  0.000000e+000
    outer loop
      vertex -1.500000e+000  5.254103e+001 -1.927485e+001
      vertex -1.500000e+000  3.458973e+000 -1.927485e+001
      vertex -1.500000e+000  3.381966e+000 -1.917557e+001
    endloop
  endfacet
  facet normal -1.000000e+000  0.000000e+000  0.000000e+000
    outer loop
      vertex -1.500000e+000  5.254103e+001 -1.927485e+001
      vertex -1.500000e+000  3.381966e+000 -1.917557e+001
      vertex -1.500000e+000  5.261803e+001 -1.917557e+001
    endloop
  endfacet
  facet normal -1.000000e+000  0.000000e+000  0.000000e+000
    outer loop
      vertex -1.500000e+000  5.261803e+001 -1.917557e+001
      vertex -1.500000e+000  3.381966e+000 -1.917557e+001
      vertex -1.500000e+000  3.311344e+000 -1.907165e+001
    endloop
  endfacet
  facet normal -1.000000e+000  0.000000e+000  0.000000e+000
    outer loop
      vertex -1.500000e+000  5.261803e+001 -1.917557e+001
      vertex -1.500000e+000  3.311344e+000 -1.907165e+001
      vertex -1.500000e+000  5.268866e+001 -1.907165e+001
    endloop
  endfacet
  facet normal -1.000000e+000  0.000000e+000  0.000000e+000
    outer loop
      vertex -1.500000e+000  5.268866e+001 -1.907165e+001
      vertex -1.500000e+000  3.311344e+000 -1.907165e+001
      vertex -1.500000e+000  3.247387e+000 -1.896351e+001
    endloop
  endfacet
  facet normal -1.000000e+000  0.000000e+000  0.000000e+000
    outer loop
      vertex -1.500000e+000  5.268866e+001 -1.907165e+001
      vertex -1.500000e+000  3.247387e+000 -1.896351e+001
      vertex -1.500000e+000  5.275261e+001 -1.896351e+001
    endloop
  endfacet
  facet normal -1.000000e+000  0.000000e+000  0.000000e+000
    outer loop
      vertex -1.500000e+000  5.275261e+001 -1.896351e+001
      vertex -1.500000e+000  3.247387e+000 -1.896351e+001
      vertex -1.500000e+000  3.190346e+000 -1.885156e+001
    endloop
  endfacet
  facet normal -1.000000e+000  0.000000e+000  0.000000e+000
    outer loop
      vertex -1.500000e+000  5.275261e+001 -1.896351e+001
      vertex -1.500000e+000  3.190346e+000 -1.885156e+001
      vertex -1.500000e+000  5.280965e+001 -1.885156e+001
    endloop
  endfacet
  facet normal -1.000000e+000  0.000000e+000  0.000000e+000
    outer loop
      vertex -1.500000e+000  5.280965e+001 -1.885156e+001
      vertex -1.500000e+000  3.190346e+000 -1.885156e+001
      vertex -1.500000e+000  3.140447e+000 -1.873625e+001
    endloop
  endfacet
  facet normal -1.000000e+000  0.000000e+000  0.000000e+000
    outer loop
      vertex -1.500000e+000  5.280965e+001 -1.885156e+001
      vertex -1.500000e+000  3.140447e+000 -1.873625e+001
      vertex -1.500000e+000  5.285955e+001 -1.873625e+001
    endloop
  endfacet
  facet normal -1.000000e+000  0.000000e+000  0.000000e+000
    outer loop
      vertex -1.500000e+000  5.285955e+001 -1.873625e+001
      vertex -1.500000e+000  3.140447e+000 -1.873625e+001
      vertex -1.500000e+000  3.097887e+000 -1.861803e+001
    endloop
  endfacet
  facet normal -1.000000e+000  0.000000e+000  0.000000e+000
    outer loop
      vertex -1.500000e+000  5.285955e+001 -1.873625e+001
      vertex -1.500000e+000  3.097887e+000 -1.861803e+001
      vertex -1.500000e+000  5.290211e+001 -1.861803e+001
    endloop
  endfacet
  facet normal -1.000000e+000  0.000000e+000  0.000000e+000
    outer loop
      vertex -1.500000e+000  5.290211e+001 -1.861803e+001
      vertex -1.500000e+000  3.097887e+000 -1.861803e+001
      vertex -1.500000e+000  3.062834e+000 -1.849738e+001
    endloop
  endfacet
  facet normal -1.000000e+000  0.000000e+000  0.000000e+000
    outer loop
      vertex -1.500000e+000  5.290211e+001 -1.861803e+001
      vertex -1.500000e+000  3.062834e+000 -1.849738e+001
      vertex -1.500000e+000  5.293717e+001 -1.849738e+001
    endloop
  endfacet
  facet normal -1.000000e+000  0.000000e+000  0.000000e+000
    outer loop
      vertex -1.500000e+000  5.293717e+001 -1.849738e+001
      vertex -1.500000e+000  3.062834e+000 -1.849738e+001
      vertex -1.500000e+000  3.035425e+000 -1.837476e+001
    endloop
  endfacet
  facet normal -9.999999e-001  0.000000e+000  0.000000e+000
    outer loop
      vertex -1.500000e+000  5.293717e+001 -1.849738e+001
      vertex -1.500000e+000  3.035425e+000 -1.837476e+001
      vertex -1.500000e+000  5.296457e+001 -1.837476e+001
    endloop
  endfacet
  facet normal -1.000000e+000  0.000000e+000  0.000000e+000
    outer loop
      vertex -1.500000e+000  5.296457e+001 -1.837476e+001
      vertex -1.500000e+000  3.035425e+000 -1.837476e+001
      vertex -1.500000e+000  3.015771e+000 -1.825067e+001
    endloop
  endfacet
  facet normal -9.999999e-001  0.000000e+000  0.000000e+000
    outer loop
      vertex -1.500000e+000  5.296457e+001 -1.837476e+001
      vertex -1.500000e+000  3.015771e+000 -1.825067e+001
      vertex -1.500000e+000  5.298423e+001 -1.825067e+001
    endloop
  endfacet
  facet normal -9.999999e-001  0.000000e+000  0.000000e+000
    outer loop
      vertex -1.500000e+000  5.298423e+001 -1.825067e+001
      vertex -1.500000e+000  3.015771e+000 -1.825067e+001
      vertex -1.500000e+000  3.003947e+000 -1.812558e+001
    endloop
  endfacet
  facet normal -1.000000e+000  0.000000e+000  0.000000e+000
    outer loop
      vertex -1.500000e+000  5.298423e+001 -1.825067e+001
      vertex -1.500000e+000  3.003947e+000 -1.812558e+001
      vertex -1.500000e+000  5.299605e+001 -1.812558e+001
    endloop
  endfacet
  facet normal -1.000000e+000  0.000000e+000  0.000000e+000
    outer loop
      vertex -1.500000e+000  5.299605e+001 -1.812558e+001
      vertex -1.500000e+000  3.003947e+000 -1.812558e+001
      vertex -1.500000e+000  3.000000e+000 -1.800000e+001
    endloop
  endfacet
  facet normal -1.000000e+000  0.000000e+000  0.000000e+000
    outer loop
      vertex -1.500000e+000  5.299605e+001 -1.812558e+001
      vertex -1.500000e+000  3.000000e+000 -1.800000e+001
      vertex -1.500000e+000  5.300000e+001 -1.800000e+001
    endloop
  endfacet
  facet normal -1.000000e+000  0.000000e+000  0.000000e+000
    outer loop
      vertex -1.500000e+000  3.458973e+000 -1.927485e+001
      vertex -1.500000e+000  5.245794e+001 -1.936909e+001
      vertex -1.500000e+000  3.542063e+000 -1.936909e+001
    endloop
  endfacet
  facet normal -1.000000e+000  0.000000e+000  0.000000e+000
    outer loop
      vertex -1.500000e+000  3.542063e+000 -1.936909e+001
      vertex -1.500000e+000  5.245794e+001 -1.936909e+001
      vertex -1.500000e+000  5.236909e+001 -1.945794e+001
    endloop
  endfacet
  facet normal -1.000000e+000  0.000000e+000  0.000000e+000
    outer loop
      vertex -1.500000e+000  3.542063e+000 -1.936909e+001
      vertex -1.500000e+000  5.236909e+001 -1.945794e+001
      vertex -1.500000e+000  3.630906e+000 -1.945794e+001
    endloop
  endfacet
  facet normal -1.000000e+000  0.000000e+000  0.000000e+000
    outer loop
      vertex -1.500000e+000  3.630906e+000 -1.945794e+001
      vertex -1.500000e+000  5.236909e+001 -1.945794e+001
      vertex -1.500000e+000  5.227485e+001 -1.954103e+001
    endloop
  endfacet
  facet normal -1.000000e+000  0.000000e+000  0.000000e+000
    outer loop
      vertex -1.500000e+000  3.630906e+000 -1.945794e+001
      vertex -1.500000e+000  5.227485e+001 -1.954103e+001
      vertex -1.500000e+000  3.725152e+000 -1.954103e+001
    endloop
  endfacet
  facet normal -1.000000e+000  0.000000e+000  0.000000e+000
    outer loop
      vertex -1.500000e+000  3.725152e+000 -1.954103e+001
      vertex -1.500000e+000  5.227485e+001 -1.954103e+001
      vertex -1.500000e+000  5.217557e+001 -1.961803e+001
    endloop
  endfacet
  facet normal -1.000000e+000  0.000000e+000  0.000000e+000
    outer loop
      vertex -1.500000e+000  3.725152e+000 -1.954103e+001
      vertex -1.500000e+000  5.217557e+001 -1.961803e+001
      vertex -1.500000e+000  3.824430e+000 -1.961803e+001
    endloop
  endfacet
  facet normal -1.000000e+000  0.000000e+000  0.000000e+000
    outer loop
      vertex -1.500000e+000  3.824430e+000 -1.961803e+001
      vertex -1.500000e+000  5.217557e+001 -1.961803e+001
      vertex -1.500000e+000  5.207166e+001 -1.968866e+001
    endloop
  endfacet
  facet normal -1.000000e+000  0.000000e+000  0.000000e+000
    outer loop
      vertex -1.500000e+000  3.824430e+000 -1.961803e+001
      vertex -1.500000e+000  5.207166e+001 -1.968866e+001
      vertex -1.500000e+000  3.928346e+000 -1.968866e+001
    endloop
  endfacet
  facet normal -1.000000e+000  0.000000e+000  0.000000e+000
    outer loop
      vertex -1.500000e+000  3.928346e+000 -1.968866e+001
      vertex -1.500000e+000  5.207166e+001 -1.968866e+001
      vertex -1.500000e+000  5.196351e+001 -1.975261e+001
    endloop
  endfacet
  facet normal -1.000000e+000  0.000000e+000  0.000000e+000
    outer loop
      vertex -1.500000e+000  3.928346e+000 -1.968866e+001
      vertex -1.500000e+000  5.196351e+001 -1.975261e+001
      vertex -1.500000e+000  4.036493e+000 -1.975261e+001
    endloop
  endfacet
  facet normal -1.000000e+000  0.000000e+000  0.000000e+000
    outer loop
      vertex -1.500000e+000  4.036493e+000 -1.975261e+001
      vertex -1.500000e+000  5.196351e+001 -1.975261e+001
      vertex -1.500000e+000  5.185156e+001 -1.980965e+001
    endloop
  endfacet
  facet normal -1.000000e+000  0.000000e+000  0.000000e+000
    outer loop
      vertex -1.500000e+000  4.036493e+000 -1.975261e+001
      vertex -1.500000e+000  5.185156e+001 -1.980965e+001
      vertex -1.500000e+000  4.148441e+000 -1.980965e+001
    endloop
  endfacet
  facet normal -1.000000e+000  0.000000e+000  0.000000e+000
    outer loop
      vertex -1.500000e+000  4.148441e+000 -1.980965e+001
      vertex -1.500000e+000  5.185156e+001 -1.980965e+001
      vertex -1.500000e+000  5.173625e+001 -1.985955e+001
    endloop
  endfacet
  facet normal -1.000000e+000  0.000000e+000  0.000000e+000
    outer loop
      vertex -1.500000e+000  4.148441e+000 -1.980965e+001
      vertex -1.500000e+000  5.173625e+001 -1.985955e+001
      vertex -1.500000e+000  4.263751e+000 -1.985955e+001
    endloop
  endfacet
  facet normal -1.000000e+000  0.000000e+000  0.000000e+000
    outer loop
      vertex -1.500000e+000  4.263751e+000 -1.985955e+001
      vertex -1.500000e+000  5.173625e+001 -1.985955e+001
      vertex -1.500000e+000  5.161803e+001 -1.990211e+001
    endloop
  endfacet
  facet normal -1.000000e+000  0.000000e+000  0.000000e+000
    outer loop
      vertex -1.500000e+000  4.263751e+000 -1.985955e+001
      vertex -1.500000e+000  5.161803e+001 -1.990211e+001
      vertex -1.500000e+000  4.381966e+000 -1.990211e+001
    endloop
  endfacet
  facet normal -1.000000e+000  0.000000e+000  0.000000e+000
    outer loop
      vertex -1.500000e+000  4.381966e+000 -1.990211e+001
      vertex -1.500000e+000  5.161803e+001 -1.990211e+001
      vertex -1.500000e+000  5.149738e+001 -1.993717e+001
    endloop
  endfacet
  facet normal -1.000000e+000  0.000000e+000  0.000000e+000
    outer loop
      vertex -1.500000e+000  4.381966e+000 -1.990211e+001
      vertex -1.500000e+000  5.149738e+001 -1.993717e+001
      vertex -1.500000e+000  4.502620e+000 -1.993717e+001
    endloop
  endfacet
  facet normal -1.000000e+000  0.000000e+000  0.000000e+000
    outer loop
      vertex -1.500000e+000  4.502620e+000 -1.993717e+001
      vertex -1.500000e+000  5.149738e+001 -1.993717e+001
      vertex -1.500000e+000  5.137476e+001 -1.996457e+001
    endloop
  endfacet
  facet normal -9.999999e-001  0.000000e+000  0.000000e+000
    outer loop
      vertex -1.500000e+000  4.502620e+000 -1.993717e+001
      vertex -1.500000e+000  5.137476e+001 -1.996457e+001
      vertex -1.500000e+000  4.625237e+000 -1.996457e+001
    endloop
  endfacet
  facet normal -1.000000e+000  0.000000e+000  0.000000e+000
    outer loop
      vertex -1.500000e+000  4.625237e+000 -1.996457e+001
      vertex -1.500000e+000  5.137476e+001 -1.996457e+001
      vertex -1.500000e+000  5.125067e+001 -1.998423e+001
    endloop
  endfacet
  facet normal -1.000000e+000  0.000000e+000  0.000000e+000
    outer loop
      vertex -1.500000e+000  4.625237e+000 -1.996457e+001
      vertex -1.500000e+000  5.125067e+001 -1.998423e+001
      vertex -1.500000e+000  4.749333e+000 -1.998423e+001
    endloop
  endfacet
  facet normal -1.000000e+000  0.000000e+000  0.000000e+000
    outer loop
      vertex -1.500000e+000  4.749333e+000 -1.998423e+001
      vertex -1.500000e+000  5.125067e+001 -1.998423e+001
      vertex -1.500000e+000  5.112558e+001 -1.999605e+001
    endloop
  endfacet
  facet normal -1.000000e+000  0.000000e+000  0.000000e+000
    outer loop
      vertex -1.500000e+000  4.749333e+000 -1.998423e+001
      vertex -1.500000e+000  5.112558e+001 -1.999605e+001
      vertex -1.500000e+000  4.874419e+000 -1.999605e+001
    endloop
  endfacet
  facet normal -1.000000e+000  0.000000e+000  0.000000e+000
    outer loop
      vertex -1.500000e+000  4.874419e+000 -1.999605e+001
      vertex -1.500000e+000  5.112558e+001 -1.999605e+001
      vertex -1.500000e+000  5.100000e+001 -2.000000e+001
    endloop
  endfacet
  facet normal -1.000000e+000  0.000000e+000  0.000000e+000
    outer loop
      vertex -1.500000e+000  4.874419e+000 -1.999605e+001
      vertex -1.500000e+000  5.100000e+001 -2.000000e+001
      vertex -1.500000e+000  5.000000e+000 -2.000000e+001
    endloop
  endfacet
  facet normal  0.000000e+000  0.000000e+000 -1.000000e+000
    outer loop
      vertex  1.500000e+000  2.300000e+000  2.000000e+001
      vertex -1.500000e+000  2.300000e+000  2.000000e+001
      vertex  1.500000e+000  3.000000e+000  2.000000e+001
    endloop
  endfacet
  facet normal  -0.000000e+000  0.000000e+000 -1.000000e+000
    outer loop
      vertex  1.500000e+000  3.000000e+000  2.000000e+001
      vertex -1.500000e+000  2.300000e+000  2.000000e+001
      vertex -1.500000e+000  3.000000e+000  2.000000e+001
    endloop
  endfacet
  facet normal  0.000000e+000  0.000000e+000  1.000000e+000
    outer loop
      vertex  1.500000e+000  5.500000e+000  2.000000e+001
      vertex  1.500000e+000  4.567315e+001  2.000000e+001
      vertex -1.500000e+000  5.500000e+000  2.000000e+001
    endloop
  endfacet
  facet normal  0.000000e+000  0.000000e+000  1.000000e+000
    outer loop
      vertex -1.500000e+000  5.500000e+000  2.000000e+001
      vertex  1.500000e+000  4.567315e+001  2.000000e+001
      vertex -1.500000e+000  4.567315e+001  2.000000e+001
    endloop
  endfacet
  facet normal  0.000000e+000 -1.000000e+000  -0.000000e+000
    outer loop
      vertex  1.500000e+000  3.000000e+000  1.205703e+001
      vertex  1.500000e+000  3.000000e+000  2.000000e+001
      vertex -1.500000e+000  3.000000e+000  1.205703e+001
    endloop
  endfacet
  facet normal  0.000000e+000 -1.000000e+000  0.000000e+000
    outer loop
      vertex -1.500000e+000  3.000000e+000  1.205703e+001
      vertex  1.500000e+000  3.000000e+000  2.000000e+001
      vertex -1.500000e+000  3.000000e+000  2.000000e+001
    endloop
  endfacet
  facet normal  0.000000e+000  7.071068e-001  7.071068e-001
    outer loop
      vertex  1.500000e+000  3.500000e+000  2.200000e+001
      vertex  1.500000e+000  5.500000e+000  2.000000e+001
      vertex -1.500000e+000  3.500000e+000  2.200000e+001
    endloop
  endfacet
  facet normal  0.000000e+000  7.071068e-001  7.071068e-001
    outer loop
      vertex -1.500000e+000  3.500000e+000  2.200000e+001
      vertex  1.500000e+000  5.500000e+000  2.000000e+001
      vertex -1.500000e+000  5.500000e+000  2.000000e+001
    endloop
  endfacet
  facet normal  -0.000000e+000  0.000000e+000  1.000000e+000
    outer loop
      vertex  1.500000e+000  3.500000e+000  2.200000e+001
      vertex -1.500000e+000  3.500000e+000  2.200000e+001
      vertex  1.500000e+000  2.300000e+000  2.200000e+001
    endloop
  endfacet
  facet normal  0.000000e+000  0.000000e+000  1.000000e+000
    outer loop
      vertex  1.500000e+000  2.300000e+000  2.200000e+001
      vertex -1.500000e+000  3.500000e+000  2.200000e+001
      vertex -1.500000e+000  2.300000e+000  2.200000e+001
    endloop
  endfacet
  facet normal  0.000000e+000 -1.000000e+000  0.000000e+000
    outer loop
      vertex  1.500000e+000  2.300000e+000  2.200000e+001
      vertex -1.500000e+000  2.300000e+000  2.200000e+001
      vertex  1.500000e+000  2.300000e+000  2.000000e+001
    endloop
  endfacet
  facet normal  0.000000e+000 -1.000000e+000  0.000000e+000
    outer loop
      vertex  1.500000e+000  2.300000e+000  2.000000e+001
      vertex -1.500000e+000  2.300000e+000  2.200000e+001
      vertex -1.500000e+000  2.300000e+000  2.000000e+001
    endloop
  endfacet
  facet normal  1.000000e+000  -0.000000e+000  0.000000e+000
    outer loop
      vertex -3.000000e-001  5.100000e+001  1.900000e+001
      vertex -3.000000e-001  5.000000e+000  1.900000e+001
      vertex -3.000000e-001  5.108715e+001  1.899619e+001
    endloop
  endfacet
  facet normal  1.000000e+000  0.000000e+000  0.000000e+000
    outer loop
      vertex -3.000000e-001  5.108715e+001  1.899619e+001
      vertex -3.000000e-001  5.000000e+000  1.900000e+001
      vertex -3.000000e-001  4.912844e+000  1.899619e+001
    endloop
  endfacet
  facet normal  1.000000e+000  -0.000000e+000  0.000000e+000
    outer loop
      vertex -3.000000e-001  5.108715e+001  1.899619e+001
      vertex -3.000000e-001  4.912844e+000  1.899619e+001
      vertex -3.000000e-001  5.117365e+001  1.898481e+001
    endloop
  endfacet
  facet normal  1.000000e+000  0.000000e+000  0.000000e+000
    outer loop
      vertex -3.000000e-001  5.117365e+001  1.898481e+001
      vertex -3.000000e-001  4.912844e+000  1.899619e+001
      vertex -3.000000e-001  4.826352e+000  1.898481e+001
    endloop
  endfacet
  facet normal  9.999999e-001  -0.000000e+000  0.000000e+000
    outer loop
      vertex -3.000000e-001  5.117365e+001  1.898481e+001
      vertex -3.000000e-001  4.826352e+000  1.898481e+001
      vertex -3.000000e-001  5.125882e+001  1.896593e+001
    endloop
  endfacet
  facet normal  1.000000e+000  0.000000e+000  0.000000e+000
    outer loop
      vertex -3.000000e-001  5.125882e+001  1.896593e+001
      vertex -3.000000e-001  4.826352e+000  1.898481e+001
      vertex -3.000000e-001  4.741181e+000  1.896593e+001
    endloop
  endfacet
  facet normal  1.000000e+000  -0.000000e+000  0.000000e+000
    outer loop
      vertex -3.000000e-001  5.125882e+001  1.896593e+001
      vertex -3.000000e-001  4.741181e+000  1.896593e+001
      vertex -3.000000e-001  5.134202e+001  1.893969e+001
    endloop
  endfacet
  facet normal  1.000000e+000  0.000000e+000  0.000000e+000
    outer loop
      vertex -3.000000e-001  5.134202e+001  1.893969e+001
      vertex -3.000000e-001  4.741181e+000  1.896593e+001
      vertex -3.000000e-001  4.657980e+000  1.893969e+001
    endloop
  endfacet
  facet normal  1.000000e+000  -0.000000e+000  0.000000e+000
    outer loop
      vertex -3.000000e-001  5.134202e+001  1.893969e+001
      vertex -3.000000e-001  4.657980e+000  1.893969e+001
      vertex -3.000000e-001  5.142262e+001  1.890631e+001
    endloop
  endfacet
  facet normal  1.000000e+000  0.000000e+000  0.000000e+000
    outer loop
      vertex -3.000000e-001  5.142262e+001  1.890631e+001
      vertex -3.000000e-001  4.657980e+000  1.893969e+001
      vertex -3.000000e-001  4.577382e+000  1.890631e+001
    endloop
  endfacet
  facet normal  9.999999e-001  -0.000000e+000  0.000000e+000
    outer loop
      vertex -3.000000e-001  5.142262e+001  1.890631e+001
      vertex -3.000000e-001  4.577382e+000  1.890631e+001
      vertex -3.000000e-001  5.150000e+001  1.886603e+001
    endloop
  endfacet
  facet normal  1.000000e+000  0.000000e+000  0.000000e+000
    outer loop
      vertex -3.000000e-001  5.150000e+001  1.886603e+001
      vertex -3.000000e-001  4.577382e+000  1.890631e+001
      vertex -3.000000e-001  4.500000e+000  1.886603e+001
    endloop
  endfacet
  facet normal  1.000000e+000  -0.000000e+000  0.000000e+000
    outer loop
      vertex -3.000000e-001  5.150000e+001  1.886603e+001
      vertex -3.000000e-001  4.500000e+000  1.886603e+001
      vertex -3.000000e-001  5.157358e+001  1.881915e+001
    endloop
  endfacet
  facet normal  1.000000e+000  0.000000e+000  0.000000e+000
    outer loop
      vertex -3.000000e-001  5.157358e+001  1.881915e+001
      vertex -3.000000e-001  4.500000e+000  1.886603e+001
      vertex -3.000000e-001  4.426424e+000  1.881915e+001
    endloop
  endfacet
  facet normal  1.000000e+000  -0.000000e+000  0.000000e+000
    outer loop
      vertex -3.000000e-001  5.157358e+001  1.881915e+001
      vertex -3.000000e-001  4.426424e+000  1.881915e+001
      vertex -3.000000e-001  5.164279e+001  1.876604e+001
    endloop
  endfacet
  facet normal  1.000000e+000  0.000000e+000  0.000000e+000
    outer loop
      vertex -3.000000e-001  5.164279e+001  1.876604e+001
      vertex -3.000000e-001  4.426424e+000  1.881915e+001
      vertex -3.000000e-001  4.357213e+000  1.876604e+001
    endloop
  endfacet
  facet normal  1.000000e+000  -0.000000e+000  0.000000e+000
    outer loop
      vertex -3.000000e-001  5.164279e+001  1.876604e+001
      vertex -3.000000e-001  4.357213e+000  1.876604e+001
      vertex -3.000000e-001  5.170711e+001  1.870711e+001
    endloop
  endfacet
  facet normal  1.000000e+000  0.000000e+000  0.000000e+000
    outer loop
      vertex -3.000000e-001  5.170711e+001  1.870711e+001
      vertex -3.000000e-001  4.357213e+000  1.876604e+001
      vertex -3.000000e-001  4.292893e+000  1.870711e+001
    endloop
  endfacet
  facet normal  1.000000e+000  -0.000000e+000  0.000000e+000
    outer loop
      vertex -3.000000e-001  5.170711e+001  1.870711e+001
      vertex -3.000000e-001  4.292893e+000  1.870711e+001
      vertex -3.000000e-001  5.176604e+001  1.864279e+001
    endloop
  endfacet
  facet normal  1.000000e+000  0.000000e+000  0.000000e+000
    outer loop
      vertex -3.000000e-001  5.176604e+001  1.864279e+001
      vertex -3.000000e-001  4.292893e+000  1.870711e+001
      vertex -3.000000e-001  4.233955e+000  1.864279e+001
    endloop
  endfacet
  facet normal  1.000000e+000  -0.000000e+000  0.000000e+000
    outer loop
      vertex -3.000000e-001  5.176604e+001  1.864279e+001
      vertex -3.000000e-001  4.233955e+000  1.864279e+001
      vertex -3.000000e-001  5.181915e+001  1.857358e+001
    endloop
  endfacet
  facet normal  1.000000e+000  0.000000e+000  0.000000e+000
    outer loop
      vertex -3.000000e-001  5.181915e+001  1.857358e+001
      vertex -3.000000e-001  4.233955e+000  1.864279e+001
      vertex -3.000000e-001  4.180848e+000  1.857358e+001
    endloop
  endfacet
  facet normal  1.000000e+000  -0.000000e+000  0.000000e+000
    outer loop
      vertex -3.000000e-001  5.181915e+001  1.857358e+001
      vertex -3.000000e-001  4.180848e+000  1.857358e+001
      vertex -3.000000e-001  5.186602e+001  1.850000e+001
    endloop
  endfacet
  facet normal  1.000000e+000  0.000000e+000  0.000000e+000
    outer loop
      vertex -3.000000e-001  5.186602e+001  1.850000e+001
      vertex -3.000000e-001  4.180848e+000  1.857358e+001
      vertex -3.000000e-001  4.133975e+000  1.850000e+001
    endloop
  endfacet
  facet normal  1.000000e+000  -0.000000e+000  0.000000e+000
    outer loop
      vertex -3.000000e-001  5.186602e+001  1.850000e+001
      vertex -3.000000e-001  4.133975e+000  1.850000e+001
      vertex -3.000000e-001  5.190631e+001  1.842262e+001
    endloop
  endfacet
  facet normal  1.000000e+000  0.000000e+000  0.000000e+000
    outer loop
      vertex -3.000000e-001  5.190631e+001  1.842262e+001
      vertex -3.000000e-001  4.133975e+000  1.850000e+001
      vertex -3.000000e-001  4.093692e+000  1.842262e+001
    endloop
  endfacet
  facet normal  1.000000e+000  -0.000000e+000  0.000000e+000
    outer loop
      vertex -3.000000e-001  5.190631e+001  1.842262e+001
      vertex -3.000000e-001  4.093692e+000  1.842262e+001
      vertex -3.000000e-001  5.193969e+001  1.834202e+001
    endloop
  endfacet
  facet normal  1.000000e+000  0.000000e+000  0.000000e+000
    outer loop
      vertex -3.000000e-001  5.193969e+001  1.834202e+001
      vertex -3.000000e-001  4.093692e+000  1.842262e+001
      vertex -3.000000e-001  4.060308e+000  1.834202e+001
    endloop
  endfacet
  facet normal  1.000000e+000  -0.000000e+000  0.000000e+000
    outer loop
      vertex -3.000000e-001  5.193969e+001  1.834202e+001
      vertex -3.000000e-001  4.060308e+000  1.834202e+001
      vertex -3.000000e-001  5.196593e+001  1.825882e+001
    endloop
  endfacet
  facet normal  1.000000e+000  0.000000e+000  0.000000e+000
    outer loop
      vertex -3.000000e-001  5.196593e+001  1.825882e+001
      vertex -3.000000e-001  4.060308e+000  1.834202e+001
      vertex -3.000000e-001  4.034074e+000  1.825882e+001
    endloop
  endfacet
  facet normal  9.999999e-001  -0.000000e+000  0.000000e+000
    outer loop
      vertex -3.000000e-001  5.196593e+001  1.825882e+001
      vertex -3.000000e-001  4.034074e+000  1.825882e+001
      vertex -3.000000e-001  5.198481e+001  1.817365e+001
    endloop
  endfacet
  facet normal  1.000000e+000  0.000000e+000  0.000000e+000
    outer loop
      vertex -3.000000e-001  5.198481e+001  1.817365e+001
      vertex -3.000000e-001  4.034074e+000  1.825882e+001
      vertex -3.000000e-001  4.015192e+000  1.817365e+001
    endloop
  endfacet
  facet normal  1.000000e+000  -0.000000e+000  0.000000e+000
    outer loop
      vertex -3.000000e-001  5.198481e+001  1.817365e+001
      vertex -3.000000e-001  4.015192e+000  1.817365e+001
      vertex -3.000000e-001  5.199619e+001  1.808716e+001
    endloop
  endfacet
  facet normal  1.000000e+000  0.000000e+000  0.000000e+000
    outer loop
      vertex -3.000000e-001  5.199619e+001  1.808716e+001
      vertex -3.000000e-001  4.015192e+000  1.817365e+001
      vertex -3.000000e-001  4.003805e+000  1.808716e+001
    endloop
  endfacet
  facet normal  1.000000e+000  -0.000000e+000  0.000000e+000
    outer loop
      vertex -3.000000e-001  5.199619e+001  1.808716e+001
      vertex -3.000000e-001  4.003805e+000  1.808716e+001
      vertex -3.000000e-001  5.200000e+001  1.800000e+001
    endloop
  endfacet
  facet normal  1.000000e+000  0.000000e+000  0.000000e+000
    outer loop
      vertex -3.000000e-001  5.200000e+001  1.800000e+001
      vertex -3.000000e-001  4.003805e+000  1.808716e+001
      vertex -3.000000e-001  4.000000e+000  1.800000e+001
    endloop
  endfacet
  facet normal  1.000000e+000  -0.000000e+000  0.000000e+000
    outer loop
      vertex -3.000000e-001  5.200000e+001  1.800000e+001
      vertex -3.000000e-001  4.000000e+000  1.800000e+001
      vertex -3.000000e-001  5.200000e+001 -1.800000e+001
    endloop
  endfacet
  facet normal  1.000000e+000  0.000000e+000  0.000000e+000
    outer loop
      vertex -3.000000e-001  5.200000e+001 -1.800000e+001
      vertex -3.000000e-001  4.000000e+000  1.800000e+001
      vertex -3.000000e-001  4.000000e+000 -1.800000e+001
    endloop
  endfacet
  facet normal  1.000000e+000  -0.000000e+000  0.000000e+000
    outer loop
      vertex -3.000000e-001  5.200000e+001 -1.800000e+001
      vertex -3.000000e-001  4.000000e+000 -1.800000e+001
      vertex -3.000000e-001  5.199619e+001 -1.808716e+001
    endloop
  endfacet
  facet normal  1.000000e+000  0.000000e+000  0.000000e+000
    outer loop
      vertex -3.000000e-001  5.199619e+001 -1.808716e+001
      vertex -3.000000e-001  4.000000e+000 -1.800000e+001
      vertex -3.000000e-001  4.003805e+000 -1.808716e+001
    endloop
  endfacet
  facet normal  1.000000e+000  -0.000000e+000  0.000000e+000
    outer loop
      vertex -3.000000e-001  5.199619e+001 -1.808716e+001
      vertex -3.000000e-001  4.003805e+000 -1.808716e+001
      vertex -3.000000e-001  5.198481e+001 -1.817365e+001
    endloop
  endfacet
  facet normal  1.000000e+000  0.000000e+000  0.000000e+000
    outer loop
      vertex -3.000000e-001  5.198481e+001 -1.817365e+001
      vertex -3.000000e-001  4.003805e+000 -1.808716e+001
      vertex -3.000000e-001  4.015192e+000 -1.817365e+001
    endloop
  endfacet
  facet normal  1.000000e+000  -0.000000e+000  0.000000e+000
    outer loop
      vertex -3.000000e-001  5.198481e+001 -1.817365e+001
      vertex -3.000000e-001  4.015192e+000 -1.817365e+001
      vertex -3.000000e-001  5.196593e+001 -1.825882e+001
    endloop
  endfacet
  facet normal  9.999999e-001  0.000000e+000  0.000000e+000
    outer loop
      vertex -3.000000e-001  5.196593e+001 -1.825882e+001
      vertex -3.000000e-001  4.015192e+000 -1.817365e+001
      vertex -3.000000e-001  4.034074e+000 -1.825882e+001
    endloop
  endfacet
  facet normal  1.000000e+000  -0.000000e+000  0.000000e+000
    outer loop
      vertex -3.000000e-001  5.196593e+001 -1.825882e+001
      vertex -3.000000e-001  4.034074e+000 -1.825882e+001
      vertex -3.000000e-001  5.193969e+001 -1.834202e+001
    endloop
  endfacet
  facet normal  1.000000e+000  0.000000e+000  0.000000e+000
    outer loop
      vertex -3.000000e-001  5.193969e+001 -1.834202e+001
      vertex -3.000000e-001  4.034074e+000 -1.825882e+001
      vertex -3.000000e-001  4.060308e+000 -1.834202e+001
    endloop
  endfacet
  facet normal  1.000000e+000  -0.000000e+000  0.000000e+000
    outer loop
      vertex -3.000000e-001  5.193969e+001 -1.834202e+001
      vertex -3.000000e-001  4.060308e+000 -1.834202e+001
      vertex -3.000000e-001  5.190631e+001 -1.842262e+001
    endloop
  endfacet
  facet normal  1.000000e+000  0.000000e+000  0.000000e+000
    outer loop
      vertex -3.000000e-001  5.190631e+001 -1.842262e+001
      vertex -3.000000e-001  4.060308e+000 -1.834202e+001
      vertex -3.000000e-001  4.093692e+000 -1.842262e+001
    endloop
  endfacet
  facet normal  1.000000e+000  -0.000000e+000  0.000000e+000
    outer loop
      vertex -3.000000e-001  5.190631e+001 -1.842262e+001
      vertex -3.000000e-001  4.093692e+000 -1.842262e+001
      vertex -3.000000e-001  5.186602e+001 -1.850000e+001
    endloop
  endfacet
  facet normal  1.000000e+000  0.000000e+000  0.000000e+000
    outer loop
      vertex -3.000000e-001  5.186602e+001 -1.850000e+001
      vertex -3.000000e-001  4.093692e+000 -1.842262e+001
      vertex -3.000000e-001  4.133975e+000 -1.850000e+001
    endloop
  endfacet
  facet normal  1.000000e+000  -0.000000e+000  0.000000e+000
    outer loop
      vertex -3.000000e-001  5.186602e+001 -1.850000e+001
      vertex -3.000000e-001  4.133975e+000 -1.850000e+001
      vertex -3.000000e-001  5.181915e+001 -1.857358e+001
    endloop
  endfacet
  facet normal  1.000000e+000  0.000000e+000  0.000000e+000
    outer loop
      vertex -3.000000e-001  5.181915e+001 -1.857358e+001
      vertex -3.000000e-001  4.133975e+000 -1.850000e+001
      vertex -3.000000e-001  4.180848e+000 -1.857358e+001
    endloop
  endfacet
  facet normal  1.000000e+000  -0.000000e+000  0.000000e+000
    outer loop
      vertex -3.000000e-001  5.181915e+001 -1.857358e+001
      vertex -3.000000e-001  4.180848e+000 -1.857358e+001
      vertex -3.000000e-001  5.176604e+001 -1.864279e+001
    endloop
  endfacet
  facet normal  1.000000e+000  0.000000e+000  0.000000e+000
    outer loop
      vertex -3.000000e-001  5.176604e+001 -1.864279e+001
      vertex -3.000000e-001  4.180848e+000 -1.857358e+001
      vertex -3.000000e-001  4.233955e+000 -1.864279e+001
    endloop
  endfacet
  facet normal  1.000000e+000  -0.000000e+000  0.000000e+000
    outer loop
      vertex -3.000000e-001  5.176604e+001 -1.864279e+001
      vertex -3.000000e-001  4.233955e+000 -1.864279e+001
      vertex -3.000000e-001  5.170711e+001 -1.870711e+001
    endloop
  endfacet
  facet normal  1.000000e+000  0.000000e+000  0.000000e+000
    outer loop
      vertex -3.000000e-001  5.170711e+001 -1.870711e+001
      vertex -3.000000e-001  4.233955e+000 -1.864279e+001
      vertex -3.000000e-001  4.292893e+000 -1.870711e+001
    endloop
  endfacet
  facet normal  1.000000e+000  -0.000000e+000  0.000000e+000
    outer loop
      vertex -3.000000e-001  5.170711e+001 -1.870711e+001
      vertex -3.000000e-001  4.292893e+000 -1.870711e+001
      vertex -3.000000e-001  5.164279e+001 -1.876604e+001
    endloop
  endfacet
  facet normal  1.000000e+000  0.000000e+000  0.000000e+000
    outer loop
      vertex -3.000000e-001  5.164279e+001 -1.876604e+001
      vertex -3.000000e-001  4.292893e+000 -1.870711e+001
      vertex -3.000000e-001  4.357213e+000 -1.876604e+001
    endloop
  endfacet
  facet normal  1.000000e+000  -0.000000e+000  0.000000e+000
    outer loop
      vertex -3.000000e-001  5.164279e+001 -1.876604e+001
      vertex -3.000000e-001  4.357213e+000 -1.876604e+001
      vertex -3.000000e-001  5.157358e+001 -1.881915e+001
    endloop
  endfacet
  facet normal  1.000000e+000  0.000000e+000  0.000000e+000
    outer loop
      vertex -3.000000e-001  5.157358e+001 -1.881915e+001
      vertex -3.000000e-001  4.357213e+000 -1.876604e+001
      vertex -3.000000e-001  4.426424e+000 -1.881915e+001
    endloop
  endfacet
  facet normal  1.000000e+000  -0.000000e+000  0.000000e+000
    outer loop
      vertex -3.000000e-001  5.157358e+001 -1.881915e+001
      vertex -3.000000e-001  4.426424e+000 -1.881915e+001
      vertex -3.000000e-001  5.150000e+001 -1.886603e+001
    endloop
  endfacet
  facet normal  1.000000e+000  0.000000e+000  0.000000e+000
    outer loop
      vertex -3.000000e-001  5.150000e+001 -1.886603e+001
      vertex -3.000000e-001  4.426424e+000 -1.881915e+001
      vertex -3.000000e-001  4.500000e+000 -1.886603e+001
    endloop
  endfacet
  facet normal  1.000000e+000  -0.000000e+000  0.000000e+000
    outer loop
      vertex -3.000000e-001  5.150000e+001 -1.886603e+001
      vertex -3.000000e-001  4.500000e+000 -1.886603e+001
      vertex -3.000000e-001  5.142262e+001 -1.890631e+001
    endloop
  endfacet
  facet normal  9.999999e-001  0.000000e+000  0.000000e+000
    outer loop
      vertex -3.000000e-001  5.142262e+001 -1.890631e+001
      vertex -3.000000e-001  4.500000e+000 -1.886603e+001
      vertex -3.000000e-001  4.577382e+000 -1.890631e+001
    endloop
  endfacet
  facet normal  1.000000e+000  -0.000000e+000  0.000000e+000
    outer loop
      vertex -3.000000e-001  5.142262e+001 -1.890631e+001
      vertex -3.000000e-001  4.577382e+000 -1.890631e+001
      vertex -3.000000e-001  5.134202e+001 -1.893969e+001
    endloop
  endfacet
  facet normal  1.000000e+000  0.000000e+000  0.000000e+000
    outer loop
      vertex -3.000000e-001  5.134202e+001 -1.893969e+001
      vertex -3.000000e-001  4.577382e+000 -1.890631e+001
      vertex -3.000000e-001  4.657980e+000 -1.893969e+001
    endloop
  endfacet
  facet normal  1.000000e+000  -0.000000e+000  0.000000e+000
    outer loop
      vertex -3.000000e-001  5.134202e+001 -1.893969e+001
      vertex -3.000000e-001  4.657980e+000 -1.893969e+001
      vertex -3.000000e-001  5.125882e+001 -1.896593e+001
    endloop
  endfacet
  facet normal  1.000000e+000  0.000000e+000  0.000000e+000
    outer loop
      vertex -3.000000e-001  5.125882e+001 -1.896593e+001
      vertex -3.000000e-001  4.657980e+000 -1.893969e+001
      vertex -3.000000e-001  4.741181e+000 -1.896593e+001
    endloop
  endfacet
  facet normal  1.000000e+000  -0.000000e+000  0.000000e+000
    outer loop
      vertex -3.000000e-001  5.125882e+001 -1.896593e+001
      vertex -3.000000e-001  4.741181e+000 -1.896593e+001
      vertex -3.000000e-001  5.117365e+001 -1.898481e+001
    endloop
  endfacet
  facet normal  9.999999e-001  0.000000e+000  0.000000e+000
    outer loop
      vertex -3.000000e-001  5.117365e+001 -1.898481e+001
      vertex -3.000000e-001  4.741181e+000 -1.896593e+001
      vertex -3.000000e-001  4.826352e+000 -1.898481e+001
    endloop
  endfacet
  facet normal  1.000000e+000  -0.000000e+000  0.000000e+000
    outer loop
      vertex -3.000000e-001  5.117365e+001 -1.898481e+001
      vertex -3.000000e-001  4.826352e+000 -1.898481e+001
      vertex -3.000000e-001  5.108715e+001 -1.899619e+001
    endloop
  endfacet
  facet normal  1.000000e+000  0.000000e+000  0.000000e+000
    outer loop
      vertex -3.000000e-001  5.108715e+001 -1.899619e+001
      vertex -3.000000e-001  4.826352e+000 -1.898481e+001
      vertex -3.000000e-001  4.912844e+000 -1.899619e+001
    endloop
  endfacet
  facet normal  1.000000e+000  -0.000000e+000  0.000000e+000
    outer loop
      vertex -3.000000e-001  5.108715e+001 -1.899619e+001
      vertex -3.000000e-001  4.912844e+000 -1.899619e+001
      vertex -3.000000e-001  5.100000e+001 -1.900000e+001
    endloop
  endfacet
  facet normal  1.000000e+000  0.000000e+000  0.000000e+000
    outer loop
      vertex -3.000000e-001  5.100000e+001 -1.900000e+001
      vertex -3.000000e-001  4.912844e+000 -1.899619e+001
      vertex -3.000000e-001  5.000000e+000 -1.900000e+001
    endloop
  endfacet
  facet normal  0.000000e+000  0.000000e+000 -1.000000e+000
    outer loop
      vertex -3.000000e-001  5.000000e+000  1.900000e+001
      vertex -3.000000e-001  5.100000e+001  1.900000e+001
      vertex  1.500000e+000  5.000000e+000  1.900000e+001
    endloop
  endfacet
  facet normal  0.000000e+000  0.000000e+000 -1.000000e+000
    outer loop
      vertex  1.500000e+000  5.000000e+000  1.900000e+001
      vertex -3.000000e-001  5.100000e+001  1.900000e+001
      vertex  1.500000e+000  5.100000e+001  1.900000e+001
    endloop
  endfacet
  facet normal  0.000000e+000 -1.000000e+000  0.000000e+000
    outer loop
      vertex -3.000000e-001  5.200000e+001  1.800000e+001
      vertex -3.000000e-001  5.200000e+001 -1.800000e+001
      vertex  1.500000e+000  5.200000e+001  1.800000e+001
    endloop
  endfacet
  facet normal  0.000000e+000 -1.000000e+000  -0.000000e+000
    outer loop
      vertex  1.500000e+000  5.200000e+001  1.800000e+001
      vertex -3.000000e-001  5.200000e+001 -1.800000e+001
      vertex  1.500000e+000  5.200000e+001 -1.800000e+001
    endloop
  endfacet
  facet normal  0.000000e+000 -7.372830e-001 -6.755840e-001
    outer loop
      vertex  1.500000e+000  5.170711e+001  1.870711e+001
      vertex -3.000000e-001  5.176604e+001  1.864279e+001
      vertex  1.500000e+000  5.176604e+001  1.864279e+001
    endloop
  endfacet
  facet normal  -0.000000e+000 -7.933533e-001 -6.087615e-001
    outer loop
      vertex  1.500000e+000  5.176604e+001  1.864279e+001
      vertex -3.000000e-001  5.176604e+001  1.864279e+001
      vertex -3.000000e-001  5.181915e+001  1.857358e+001
    endloop
  endfacet
  facet normal  0.000000e+000 -7.933533e-001 -6.087615e-001
    outer loop
      vertex  1.500000e+000  5.176604e+001  1.864279e+001
      vertex -3.000000e-001  5.181915e+001  1.857358e+001
      vertex  1.500000e+000  5.181915e+001  1.857358e+001
    endloop
  endfacet
  facet normal  -0.000000e+000 -8.434012e-001 -5.372843e-001
    outer loop
      vertex  1.500000e+000  5.181915e+001  1.857358e+001
      vertex -3.000000e-001  5.181915e+001  1.857358e+001
      vertex -3.000000e-001  5.186602e+001  1.850000e+001
    endloop
  endfacet
  facet normal  0.000000e+000 -8.434012e-001 -5.372843e-001
    outer loop
      vertex  1.500000e+000  5.181915e+001  1.857358e+001
      vertex -3.000000e-001  5.186602e+001  1.850000e+001
      vertex  1.500000e+000  5.186602e+001  1.850000e+001
    endloop
  endfacet
  facet normal  -0.000000e+000 -8.870055e-001 -4.617589e-001
    outer loop
      vertex  1.500000e+000  5.186602e+001  1.850000e+001
      vertex -3.000000e-001  5.186602e+001  1.850000e+001
      vertex -3.000000e-001  5.190631e+001  1.842262e+001
    endloop
  endfacet
  facet normal  0.000000e+000 -8.870055e-001 -4.617589e-001
    outer loop
      vertex  1.500000e+000  5.186602e+001  1.850000e+001
      vertex -3.000000e-001  5.190631e+001  1.842262e+001
      vertex  1.500000e+000  5.190631e+001  1.842262e+001
    endloop
  endfacet
  facet normal  -0.000000e+000 -9.238751e-001 -3.826942e-001
    outer loop
      vertex  1.500000e+000  5.190631e+001  1.842262e+001
      vertex -3.000000e-001  5.190631e+001  1.842262e+001
      vertex -3.000000e-001  5.193969e+001  1.834202e+001
    endloop
  endfacet
  facet normal  0.000000e+000 -9.238751e-001 -3.826942e-001
    outer loop
      vertex  1.500000e+000  5.190631e+001  1.842262e+001
      vertex -3.000000e-001  5.193969e+001  1.834202e+001
      vertex  1.500000e+000  5.193969e+001  1.834202e+001
    endloop
  endfacet
  facet normal  -0.000000e+000 -9.537147e-001 -3.007128e-001
    outer loop
      vertex  1.500000e+000  5.193969e+001  1.834202e+001
      vertex -3.000000e-001  5.193969e+001  1.834202e+001
      vertex -3.000000e-001  5.196593e+001  1.825882e+001
    endloop
  endfacet
  facet normal  0.000000e+000 -9.537147e-001 -3.007128e-001
    outer loop
      vertex  1.500000e+000  5.193969e+001  1.834202e+001
      vertex -3.000000e-001  5.196593e+001  1.825882e+001
      vertex  1.500000e+000  5.196593e+001  1.825882e+001
    endloop
  endfacet
  facet normal  -0.000000e+000 -9.763032e-001 -2.164073e-001
    outer loop
      vertex  1.500000e+000  5.196593e+001  1.825882e+001
      vertex -3.000000e-001  5.196593e+001  1.825882e+001
      vertex -3.000000e-001  5.198481e+001  1.817365e+001
    endloop
  endfacet
  facet normal  0.000000e+000 -9.763032e-001 -2.164073e-001
    outer loop
      vertex  1.500000e+000  5.196593e+001  1.825882e+001
      vertex -3.000000e-001  5.198481e+001  1.817365e+001
      vertex  1.500000e+000  5.198481e+001  1.817365e+001
    endloop
  endfacet
  facet normal  -0.000000e+000 -9.914450e-001 -1.305252e-001
    outer loop
      vertex  1.500000e+000  5.198481e+001  1.817365e+001
      vertex -3.000000e-001  5.198481e+001  1.817365e+001
      vertex -3.000000e-001  5.199619e+001  1.808716e+001
    endloop
  endfacet
  facet normal  0.000000e+000 -9.914450e-001 -1.305252e-001
    outer loop
      vertex  1.500000e+000  5.198481e+001  1.817365e+001
      vertex -3.000000e-001  5.199619e+001  1.808716e+001
      vertex  1.500000e+000  5.199619e+001  1.808716e+001
    endloop
  endfacet
  facet normal  -0.000000e+000 -9.990473e-001 -4.363931e-002
    outer loop
      vertex  1.500000e+000  5.199619e+001  1.808716e+001
      vertex -3.000000e-001  5.199619e+001  1.808716e+001
      vertex -3.000000e-001  5.200000e+001  1.800000e+001
    endloop
  endfacet
  facet normal  0.000000e+000 -9.990473e-001 -4.363931e-002
    outer loop
      vertex  1.500000e+000  5.199619e+001  1.808716e+001
      vertex -3.000000e-001  5.200000e+001  1.800000e+001
      vertex  1.500000e+000  5.200000e+001  1.800000e+001
    endloop
  endfacet
  facet normal  -0.000000e+000 -7.372830e-001 -6.755840e-001
    outer loop
      vertex -3.000000e-001  5.176604e+001  1.864279e+001
      vertex  1.500000e+000  5.170711e+001  1.870711e+001
      vertex -3.000000e-001  5.170711e+001  1.870711e+001
    endloop
  endfacet
  facet normal  0.000000e+000 -6.755840e-001 -7.372830e-001
    outer loop
      vertex -3.000000e-001  5.170711e+001  1.870711e+001
      vertex  1.500000e+000  5.170711e+001  1.870711e+001
      vertex  1.500000e+000  5.164279e+001  1.876604e+001
    endloop
  endfacet
  facet normal  -0.000000e+000 -6.755840e-001 -7.372830e-001
    outer loop
      vertex -3.000000e-001  5.170711e+001  1.870711e+001
      vertex  1.500000e+000  5.164279e+001  1.876604e+001
      vertex -3.000000e-001  5.164279e+001  1.876604e+001
    endloop
  endfacet
  facet normal  0.000000e+000 -6.087720e-001 -7.933451e-001
    outer loop
      vertex -3.000000e-001  5.164279e+001  1.876604e+001
      vertex  1.500000e+000  5.164279e+001  1.876604e+001
      vertex  1.500000e+000  5.157358e+001  1.881915e+001
    endloop
  endfacet
  facet normal  -0.000000e+000 -6.087720e-001 -7.933451e-001
    outer loop
      vertex -3.000000e-001  5.164279e+001  1.876604e+001
      vertex  1.500000e+000  5.157358e+001  1.881915e+001
      vertex -3.000000e-001  5.157358e+001  1.881915e+001
    endloop
  endfacet
  facet normal  0.000000e+000 -5.372899e-001 -8.433976e-001
    outer loop
      vertex -3.000000e-001  5.157358e+001  1.881915e+001
      vertex  1.500000e+000  5.157358e+001  1.881915e+001
      vertex  1.500000e+000  5.150000e+001  1.886603e+001
    endloop
  endfacet
  facet normal  -0.000000e+000 -5.372899e-001 -8.433976e-001
    outer loop
      vertex -3.000000e-001  5.157358e+001  1.881915e+001
      vertex  1.500000e+000  5.150000e+001  1.886603e+001
      vertex -3.000000e-001  5.150000e+001  1.886603e+001
    endloop
  endfacet
  facet normal  0.000000e+000 -4.617416e-001 -8.870144e-001
    outer loop
      vertex -3.000000e-001  5.150000e+001  1.886603e+001
      vertex  1.500000e+000  5.150000e+001  1.886603e+001
      vertex  1.500000e+000  5.142262e+001  1.890631e+001
    endloop
  endfacet
  facet normal  -0.000000e+000 -4.617416e-001 -8.870144e-001
    outer loop
      vertex -3.000000e-001  5.150000e+001  1.886603e+001
      vertex  1.500000e+000  5.142262e+001  1.890631e+001
      vertex -3.000000e-001  5.142262e+001  1.890631e+001
    endloop
  endfacet
  facet normal  0.000000e+000 -3.827019e-001 -9.238719e-001
    outer loop
      vertex -3.000000e-001  5.142262e+001  1.890631e+001
      vertex  1.500000e+000  5.142262e+001  1.890631e+001
      vertex  1.500000e+000  5.134202e+001  1.893969e+001
    endloop
  endfacet
  facet normal  -0.000000e+000 -3.827019e-001 -9.238719e-001
    outer loop
      vertex -3.000000e-001  5.142262e+001  1.890631e+001
      vertex  1.500000e+000  5.134202e+001  1.893969e+001
      vertex -3.000000e-001  5.134202e+001  1.893969e+001
    endloop
  endfacet
  facet normal  0.000000e+000 -3.006866e-001 -9.537230e-001
    outer loop
      vertex -3.000000e-001  5.134202e+001  1.893969e+001
      vertex  1.500000e+000  5.134202e+001  1.893969e+001
      vertex  1.500000e+000  5.125882e+001  1.896593e+001
    endloop
  endfacet
  facet normal  -0.000000e+000 -3.006866e-001 -9.537230e-001
    outer loop
      vertex -3.000000e-001  5.134202e+001  1.893969e+001
      vertex  1.500000e+000  5.125882e+001  1.896593e+001
      vertex -3.000000e-001  5.125882e+001  1.896593e+001
    endloop
  endfacet
  facet normal  0.000000e+000 -2.164489e-001 -9.762939e-001
    outer loop
      vertex -3.000000e-001  5.125882e+001  1.896593e+001
      vertex  1.500000e+000  5.125882e+001  1.896593e+001
      vertex  1.500000e+000  5.117365e+001  1.898481e+001
    endloop
  endfacet
  facet normal  -0.000000e+000 -2.164489e-001 -9.762939e-001
    outer loop
      vertex -3.000000e-001  5.125882e+001  1.896593e+001
      vertex  1.500000e+000  5.117365e+001  1.898481e+001
      vertex -3.000000e-001  5.117365e+001  1.898481e+001
    endloop
  endfacet
  facet normal  0.000000e+000 -1.305224e-001 -9.914454e-001
    outer loop
      vertex -3.000000e-001  5.117365e+001  1.898481e+001
      vertex  1.500000e+000  5.117365e+001  1.898481e+001
      vertex  1.500000e+000  5.108715e+001  1.899619e+001
    endloop
  endfacet
  facet normal  -0.000000e+000 -1.305224e-001 -9.914454e-001
    outer loop
      vertex -3.000000e-001  5.117365e+001  1.898481e+001
      vertex  1.500000e+000  5.108715e+001  1.899619e+001
      vertex -3.000000e-001  5.108715e+001  1.899619e+001
    endloop
  endfacet
  facet normal  0.000000e+000 -4.361845e-002 -9.990483e-001
    outer loop
      vertex -3.000000e-001  5.108715e+001  1.899619e+001
      vertex  1.500000e+000  5.108715e+001  1.899619e+001
      vertex  1.500000e+000  5.100000e+001  1.900000e+001
    endloop
  endfacet
  facet normal  -0.000000e+000 -4.361845e-002 -9.990483e-001
    outer loop
      vertex -3.000000e-001  5.108715e+001  1.899619e+001
      vertex  1.500000e+000  5.100000e+001  1.900000e+001
      vertex -3.000000e-001  5.100000e+001  1.900000e+001
    endloop
  endfacet
  facet normal  0.000000e+000  1.000000e+000  0.000000e+000
    outer loop
      vertex -3.000000e-001  4.000000e+000 -1.800000e+001
      vertex -3.000000e-001  4.000000e+000  1.800000e+001
      vertex  1.500000e+000  4.000000e+000 -1.800000e+001
    endloop
  endfacet
  facet normal  0.000000e+000  1.000000e+000  -0.000000e+000
    outer loop
      vertex  1.500000e+000  4.000000e+000 -1.800000e+001
      vertex -3.000000e-001  4.000000e+000  1.800000e+001
      vertex  1.500000e+000  4.000000e+000  1.800000e+001
    endloop
  endfacet
  facet normal  0.000000e+000  6.755867e-001 -7.372804e-001
    outer loop
      vertex  1.500000e+000  4.292893e+000  1.870711e+001
      vertex -3.000000e-001  4.357213e+000  1.876604e+001
      vertex  1.500000e+000  4.357213e+000  1.876604e+001
    endloop
  endfacet
  facet normal  0.000000e+000  6.087668e-001 -7.933493e-001
    outer loop
      vertex  1.500000e+000  4.357213e+000  1.876604e+001
      vertex -3.000000e-001  4.357213e+000  1.876604e+001
      vertex -3.000000e-001  4.426424e+000  1.881915e+001
    endloop
  endfacet
  facet normal  0.000000e+000  6.087668e-001 -7.933493e-001
    outer loop
      vertex  1.500000e+000  4.357213e+000  1.876604e+001
      vertex -3.000000e-001  4.426424e+000  1.881915e+001
      vertex  1.500000e+000  4.426424e+000  1.881915e+001
    endloop
  endfacet
  facet normal  0.000000e+000  5.372974e-001 -8.433928e-001
    outer loop
      vertex  1.500000e+000  4.426424e+000  1.881915e+001
      vertex -3.000000e-001  4.426424e+000  1.881915e+001
      vertex -3.000000e-001  4.500000e+000  1.886603e+001
    endloop
  endfacet
  facet normal  0.000000e+000  5.372974e-001 -8.433928e-001
    outer loop
      vertex  1.500000e+000  4.426424e+000  1.881915e+001
      vertex -3.000000e-001  4.500000e+000  1.886603e+001
      vertex  1.500000e+000  4.500000e+000  1.886603e+001
    endloop
  endfacet
  facet normal  0.000000e+000  4.617395e-001 -8.870156e-001
    outer loop
      vertex  1.500000e+000  4.500000e+000  1.886603e+001
      vertex -3.000000e-001  4.500000e+000  1.886603e+001
      vertex -3.000000e-001  4.577382e+000  1.890631e+001
    endloop
  endfacet
  facet normal  0.000000e+000  4.617395e-001 -8.870156e-001
    outer loop
      vertex  1.500000e+000  4.500000e+000  1.886603e+001
      vertex -3.000000e-001  4.577382e+000  1.890631e+001
      vertex  1.500000e+000  4.577382e+000  1.890631e+001
    endloop
  endfacet
  facet normal  0.000000e+000  3.826961e-001 -9.238742e-001
    outer loop
      vertex  1.500000e+000  4.577382e+000  1.890631e+001
      vertex -3.000000e-001  4.577382e+000  1.890631e+001
      vertex -3.000000e-001  4.657980e+000  1.893969e+001
    endloop
  endfacet
  facet normal  0.000000e+000  3.826961e-001 -9.238742e-001
    outer loop
      vertex  1.500000e+000  4.577382e+000  1.890631e+001
      vertex -3.000000e-001  4.657980e+000  1.893969e+001
      vertex  1.500000e+000  4.657980e+000  1.893969e+001
    endloop
  endfacet
  facet normal  0.000000e+000  3.006913e-001 -9.537216e-001
    outer loop
      vertex  1.500000e+000  4.657980e+000  1.893969e+001
      vertex -3.000000e-001  4.657980e+000  1.893969e+001
      vertex -3.000000e-001  4.741181e+000  1.896593e+001
    endloop
  endfacet
  facet normal  0.000000e+000  3.006913e-001 -9.537216e-001
    outer loop
      vertex  1.500000e+000  4.657980e+000  1.893969e+001
      vertex -3.000000e-001  4.741181e+000  1.896593e+001
      vertex  1.500000e+000  4.741181e+000  1.896593e+001
    endloop
  endfacet
  facet normal  0.000000e+000  2.164489e-001 -9.762939e-001
    outer loop
      vertex  1.500000e+000  4.741181e+000  1.896593e+001
      vertex -3.000000e-001  4.741181e+000  1.896593e+001
      vertex -3.000000e-001  4.826352e+000  1.898481e+001
    endloop
  endfacet
  facet normal  0.000000e+000  2.164489e-001 -9.762939e-001
    outer loop
      vertex  1.500000e+000  4.741181e+000  1.896593e+001
      vertex -3.000000e-001  4.826352e+000  1.898481e+001
      vertex  1.500000e+000  4.826352e+000  1.898481e+001
    endloop
  endfacet
  facet normal  0.000000e+000  1.305252e-001 -9.914450e-001
    outer loop
      vertex  1.500000e+000  4.826352e+000  1.898481e+001
      vertex -3.000000e-001  4.826352e+000  1.898481e+001
      vertex -3.000000e-001  4.912844e+000  1.899619e+001
    endloop
  endfacet
  facet normal  0.000000e+000  1.305252e-001 -9.914450e-001
    outer loop
      vertex  1.500000e+000  4.826352e+000  1.898481e+001
      vertex -3.000000e-001  4.912844e+000  1.899619e+001
      vertex  1.500000e+000  4.912844e+000  1.899619e+001
    endloop
  endfacet
  facet normal  0.000000e+000  4.361774e-002 -9.990484e-001
    outer loop
      vertex  1.500000e+000  4.912844e+000  1.899619e+001
      vertex -3.000000e-001  4.912844e+000  1.899619e+001
      vertex -3.000000e-001  5.000000e+000  1.900000e+001
    endloop
  endfacet
  facet normal  0.000000e+000  4.361774e-002 -9.990484e-001
    outer loop
      vertex  1.500000e+000  4.912844e+000  1.899619e+001
      vertex -3.000000e-001  5.000000e+000  1.900000e+001
      vertex  1.500000e+000  5.000000e+000  1.900000e+001
    endloop
  endfacet
  facet normal  0.000000e+000  6.755867e-001 -7.372804e-001
    outer loop
      vertex -3.000000e-001  4.357213e+000  1.876604e+001
      vertex  1.500000e+000  4.292893e+000  1.870711e+001
      vertex -3.000000e-001  4.292893e+000  1.870711e+001
    endloop
  endfacet
  facet normal  0.000000e+000  7.372776e-001 -6.755900e-001
    outer loop
      vertex -3.000000e-001  4.292893e+000  1.870711e+001
      vertex  1.500000e+000  4.292893e+000  1.870711e+001
      vertex  1.500000e+000  4.233955e+000  1.864279e+001
    endloop
  endfacet
  facet normal  0.000000e+000  7.372776e-001 -6.755900e-001
    outer loop
      vertex -3.000000e-001  4.292893e+000  1.870711e+001
      vertex  1.500000e+000  4.233955e+000  1.864279e+001
      vertex -3.000000e-001  4.233955e+000  1.864279e+001
    endloop
  endfacet
  facet normal  0.000000e+000  7.933586e-001 -6.087546e-001
    outer loop
      vertex -3.000000e-001  4.233955e+000  1.864279e+001
      vertex  1.500000e+000  4.233955e+000  1.864279e+001
      vertex  1.500000e+000  4.180848e+000  1.857358e+001
    endloop
  endfacet
  facet normal  0.000000e+000  7.933586e-001 -6.087546e-001
    outer loop
      vertex -3.000000e-001  4.233955e+000  1.864279e+001
      vertex  1.500000e+000  4.180848e+000  1.857358e+001
      vertex -3.000000e-001  4.180848e+000  1.857358e+001
    endloop
  endfacet
  facet normal  0.000000e+000  8.433888e-001 -5.373037e-001
    outer loop
      vertex -3.000000e-001  4.180848e+000  1.857358e+001
      vertex  1.500000e+000  4.180848e+000  1.857358e+001
      vertex  1.500000e+000  4.133975e+000  1.850000e+001
    endloop
  endfacet
  facet normal  0.000000e+000  8.433888e-001 -5.373037e-001
    outer loop
      vertex -3.000000e-001  4.180848e+000  1.857358e+001
      vertex  1.500000e+000  4.133975e+000  1.850000e+001
      vertex -3.000000e-001  4.133975e+000  1.850000e+001
    endloop
  endfacet
  facet normal  0.000000e+000  8.870100e-001 -4.617502e-001
    outer loop
      vertex -3.000000e-001  4.133975e+000  1.850000e+001
      vertex  1.500000e+000  4.133975e+000  1.850000e+001
      vertex  1.500000e+000  4.093692e+000  1.842262e+001
    endloop
  endfacet
  facet normal  0.000000e+000  8.870100e-001 -4.617502e-001
    outer loop
      vertex -3.000000e-001  4.133975e+000  1.850000e+001
      vertex  1.500000e+000  4.093692e+000  1.842262e+001
      vertex -3.000000e-001  4.093692e+000  1.842262e+001
    endloop
  endfacet
  facet normal  0.000000e+000  9.238809e-001 -3.826802e-001
    outer loop
      vertex -3.000000e-001  4.093692e+000  1.842262e+001
      vertex  1.500000e+000  4.093692e+000  1.842262e+001
      vertex  1.500000e+000  4.060308e+000  1.834202e+001
    endloop
  endfacet
  facet normal  0.000000e+000  9.238809e-001 -3.826802e-001
    outer loop
      vertex -3.000000e-001  4.093692e+000  1.842262e+001
      vertex  1.500000e+000  4.060308e+000  1.834202e+001
      vertex -3.000000e-001  4.060308e+000  1.834202e+001
    endloop
  endfacet
  facet normal  0.000000e+000  9.537163e-001 -3.007078e-001
    outer loop
      vertex -3.000000e-001  4.060308e+000  1.834202e+001
      vertex  1.500000e+000  4.060308e+000  1.834202e+001
      vertex  1.500000e+000  4.034074e+000  1.825882e+001
    endloop
  endfacet
  facet normal  0.000000e+000  9.537163e-001 -3.007078e-001
    outer loop
      vertex -3.000000e-001  4.060308e+000  1.834202e+001
      vertex  1.500000e+000  4.034074e+000  1.825882e+001
      vertex -3.000000e-001  4.034074e+000  1.825882e+001
    endloop
  endfacet
  facet normal  0.000000e+000  9.762951e-001 -2.164437e-001
    outer loop
      vertex -3.000000e-001  4.034074e+000  1.825882e+001
      vertex  1.500000e+000  4.034074e+000  1.825882e+001
      vertex  1.500000e+000  4.015192e+000  1.817365e+001
    endloop
  endfacet
  facet normal  0.000000e+000  9.762951e-001 -2.164437e-001
    outer loop
      vertex -3.000000e-001  4.034074e+000  1.825882e+001
      vertex  1.500000e+000  4.015192e+000  1.817365e+001
      vertex -3.000000e-001  4.015192e+000  1.817365e+001
    endloop
  endfacet
  facet normal  0.000000e+000  9.914450e-001 -1.305252e-001
    outer loop
      vertex -3.000000e-001  4.015192e+000  1.817365e+001
      vertex  1.500000e+000  4.015192e+000  1.817365e+001
      vertex  1.500000e+000  4.003805e+000  1.808716e+001
    endloop
  endfacet
  facet normal  0.000000e+000  9.914450e-001 -1.305252e-001
    outer loop
      vertex -3.000000e-001  4.015192e+000  1.817365e+001
      vertex  1.500000e+000  4.003805e+000  1.808716e+001
      vertex -3.000000e-001  4.003805e+000  1.808716e+001
    endloop
  endfacet
  facet normal  0.000000e+000  9.990483e-001 -4.361749e-002
    outer loop
      vertex -3.000000e-001  4.003805e+000  1.808716e+001
      vertex  1.500000e+000  4.003805e+000  1.808716e+001
      vertex  1.500000e+000  4.000000e+000  1.800000e+001
    endloop
  endfacet
  facet normal  0.000000e+000  9.990483e-001 -4.361749e-002
    outer loop
      vertex -3.000000e-001  4.003805e+000  1.808716e+001
      vertex  1.500000e+000  4.000000e+000  1.800000e+001
      vertex -3.000000e-001  4.000000e+000  1.800000e+001
    endloop
  endfacet
  facet normal  0.000000e+000  0.000000e+000  1.000000e+000
    outer loop
      vertex -3.000000e-001  5.100000e+001 -1.900000e+001
      vertex -3.000000e-001  5.000000e+000 -1.900000e+001
      vertex  1.500000e+000  5.100000e+001 -1.900000e+001
    endloop
  endfacet
  facet normal  0.000000e+000  0.000000e+000  1.000000e+000
    outer loop
      vertex  1.500000e+000  5.100000e+001 -1.900000e+001
      vertex -3.000000e-001  5.000000e+000 -1.900000e+001
      vertex  1.500000e+000  5.000000e+000 -1.900000e+001
    endloop
  endfacet
  facet normal  -0.000000e+000  7.372776e-001  6.755900e-001
    outer loop
      vertex  1.500000e+000  4.292893e+000 -1.870711e+001
      vertex -3.000000e-001  4.233955e+000 -1.864279e+001
      vertex  1.500000e+000  4.233955e+000 -1.864279e+001
    endloop
  endfacet
  facet normal  0.000000e+000  7.933586e-001  6.087546e-001
    outer loop
      vertex  1.500000e+000  4.233955e+000 -1.864279e+001
      vertex -3.000000e-001  4.233955e+000 -1.864279e+001
      vertex -3.000000e-001  4.180848e+000 -1.857358e+001
    endloop
  endfacet
  facet normal  -0.000000e+000  7.933586e-001  6.087546e-001
    outer loop
      vertex  1.500000e+000  4.233955e+000 -1.864279e+001
      vertex -3.000000e-001  4.180848e+000 -1.857358e+001
      vertex  1.500000e+000  4.180848e+000 -1.857358e+001
    endloop
  endfacet
  facet normal  0.000000e+000  8.433888e-001  5.373037e-001
    outer loop
      vertex  1.500000e+000  4.180848e+000 -1.857358e+001
      vertex -3.000000e-001  4.180848e+000 -1.857358e+001
      vertex -3.000000e-001  4.133975e+000 -1.850000e+001
    endloop
  endfacet
  facet normal  -0.000000e+000  8.433888e-001  5.373037e-001
    outer loop
      vertex  1.500000e+000  4.180848e+000 -1.857358e+001
      vertex -3.000000e-001  4.133975e+000 -1.850000e+001
      vertex  1.500000e+000  4.133975e+000 -1.850000e+001
    endloop
  endfacet
  facet normal  0.000000e+000  8.870100e-001  4.617502e-001
    outer loop
      vertex  1.500000e+000  4.133975e+000 -1.850000e+001
      vertex -3.000000e-001  4.133975e+000 -1.850000e+001
      vertex -3.000000e-001  4.093692e+000 -1.842262e+001
    endloop
  endfacet
  facet normal  -0.000000e+000  8.870100e-001  4.617502e-001
    outer loop
      vertex  1.500000e+000  4.133975e+000 -1.850000e+001
      vertex -3.000000e-001  4.093692e+000 -1.842262e+001
      vertex  1.500000e+000  4.093692e+000 -1.842262e+001
    endloop
  endfacet
  facet normal  0.000000e+000  9.238809e-001  3.826802e-001
    outer loop
      vertex  1.500000e+000  4.093692e+000 -1.842262e+001
      vertex -3.000000e-001  4.093692e+000 -1.842262e+001
      vertex -3.000000e-001  4.060308e+000 -1.834202e+001
    endloop
  endfacet
  facet normal  -0.000000e+000  9.238809e-001  3.826802e-001
    outer loop
      vertex  1.500000e+000  4.093692e+000 -1.842262e+001
      vertex -3.000000e-001  4.060308e+000 -1.834202e+001
      vertex  1.500000e+000  4.060308e+000 -1.834202e+001
    endloop
  endfacet
  facet normal  0.000000e+000  9.537163e-001  3.007078e-001
    outer loop
      vertex  1.500000e+000  4.060308e+000 -1.834202e+001
      vertex -3.000000e-001  4.060308e+000 -1.834202e+001
      vertex -3.000000e-001  4.034074e+000 -1.825882e+001
    endloop
  endfacet
  facet normal  -0.000000e+000  9.537163e-001  3.007078e-001
    outer loop
      vertex  1.500000e+000  4.060308e+000 -1.834202e+001
      vertex -3.000000e-001  4.034074e+000 -1.825882e+001
      vertex  1.500000e+000  4.034074e+000 -1.825882e+001
    endloop
  endfacet
  facet normal  0.000000e+000  9.762951e-001  2.164437e-001
    outer loop
      vertex  1.500000e+000  4.034074e+000 -1.825882e+001
      vertex -3.000000e-001  4.034074e+000 -1.825882e+001
      vertex -3.000000e-001  4.015192e+000 -1.817365e+001
    endloop
  endfacet
  facet normal  -0.000000e+000  9.762951e-001  2.164437e-001
    outer loop
      vertex  1.500000e+000  4.034074e+000 -1.825882e+001
      vertex -3.000000e-001  4.015192e+000 -1.817365e+001
      vertex  1.500000e+000  4.015192e+000 -1.817365e+001
    endloop
  endfacet
  facet normal  0.000000e+000  9.914450e-001  1.305252e-001
    outer loop
      vertex  1.500000e+000  4.015192e+000 -1.817365e+001
      vertex -3.000000e-001  4.015192e+000 -1.817365e+001
      vertex -3.000000e-001  4.003805e+000 -1.808716e+001
    endloop
  endfacet
  facet normal  -0.000000e+000  9.914450e-001  1.305252e-001
    outer loop
      vertex  1.500000e+000  4.015192e+000 -1.817365e+001
      vertex -3.000000e-001  4.003805e+000 -1.808716e+001
      vertex  1.500000e+000  4.003805e+000 -1.808716e+001
    endloop
  endfacet
  facet normal  0.000000e+000  9.990483e-001  4.361749e-002
    outer loop
      vertex  1.500000e+000  4.003805e+000 -1.808716e+001
      vertex -3.000000e-001  4.003805e+000 -1.808716e+001
      vertex -3.000000e-001  4.000000e+000 -1.800000e+001
    endloop
  endfacet
  facet normal  -0.000000e+000  9.990483e-001  4.361749e-002
    outer loop
      vertex  1.500000e+000  4.003805e+000 -1.808716e+001
      vertex -3.000000e-001  4.000000e+000 -1.800000e+001
      vertex  1.500000e+000  4.000000e+000 -1.800000e+001
    endloop
  endfacet
  facet normal  0.000000e+000  7.372776e-001  6.755900e-001
    outer loop
      vertex -3.000000e-001  4.233955e+000 -1.864279e+001
      vertex  1.500000e+000  4.292893e+000 -1.870711e+001
      vertex -3.000000e-001  4.292893e+000 -1.870711e+001
    endloop
  endfacet
  facet normal  -0.000000e+000  6.755867e-001  7.372804e-001
    outer loop
      vertex -3.000000e-001  4.292893e+000 -1.870711e+001
      vertex  1.500000e+000  4.292893e+000 -1.870711e+001
      vertex  1.500000e+000  4.357213e+000 -1.876604e+001
    endloop
  endfacet
  facet normal  0.000000e+000  6.755867e-001  7.372804e-001
    outer loop
      vertex -3.000000e-001  4.292893e+000 -1.870711e+001
      vertex  1.500000e+000  4.357213e+000 -1.876604e+001
      vertex -3.000000e-001  4.357213e+000 -1.876604e+001
    endloop
  endfacet
  facet normal  -0.000000e+000  6.087668e-001  7.933493e-001
    outer loop
      vertex -3.000000e-001  4.357213e+000 -1.876604e+001
      vertex  1.500000e+000  4.357213e+000 -1.876604e+001
      vertex  1.500000e+000  4.426424e+000 -1.881915e+001
    endloop
  endfacet
  facet normal  0.000000e+000  6.087668e-001  7.933493e-001
    outer loop
      vertex -3.000000e-001  4.357213e+000 -1.876604e+001
      vertex  1.500000e+000  4.426424e+000 -1.881915e+001
      vertex -3.000000e-001  4.426424e+000 -1.881915e+001
    endloop
  endfacet
  facet normal  -0.000000e+000  5.372974e-001  8.433928e-001
    outer loop
      vertex -3.000000e-001  4.426424e+000 -1.881915e+001
      vertex  1.500000e+000  4.426424e+000 -1.881915e+001
      vertex  1.500000e+000  4.500000e+000 -1.886603e+001
    endloop
  endfacet
  facet normal  0.000000e+000  5.372974e-001  8.433928e-001
    outer loop
      vertex -3.000000e-001  4.426424e+000 -1.881915e+001
      vertex  1.500000e+000  4.500000e+000 -1.886603e+001
      vertex -3.000000e-001  4.500000e+000 -1.886603e+001
    endloop
  endfacet
  facet normal  -0.000000e+000  4.617395e-001  8.870156e-001
    outer loop
      vertex -3.000000e-001  4.500000e+000 -1.886603e+001
      vertex  1.500000e+000  4.500000e+000 -1.886603e+001
      vertex  1.500000e+000  4.577382e+000 -1.890631e+001
    endloop
  endfacet
  facet normal  0.000000e+000  4.617395e-001  8.870156e-001
    outer loop
      vertex -3.000000e-001  4.500000e+000 -1.886603e+001
      vertex  1.500000e+000  4.577382e+000 -1.890631e+001
      vertex -3.000000e-001  4.577382e+000 -1.890631e+001
    endloop
  endfacet
  facet normal  -0.000000e+000  3.826961e-001  9.238742e-001
    outer loop
      vertex -3.000000e-001  4.577382e+000 -1.890631e+001
      vertex  1.500000e+000  4.577382e+000 -1.890631e+001
      vertex  1.500000e+000  4.657980e+000 -1.893969e+001
    endloop
  endfacet
  facet normal  0.000000e+000  3.826961e-001  9.238742e-001
    outer loop
      vertex -3.000000e-001  4.577382e+000 -1.890631e+001
      vertex  1.500000e+000  4.657980e+000 -1.893969e+001
      vertex -3.000000e-001  4.657980e+000 -1.893969e+001
    endloop
  endfacet
  facet normal  -0.000000e+000  3.006913e-001  9.537216e-001
    outer loop
      vertex -3.000000e-001  4.657980e+000 -1.893969e+001
      vertex  1.500000e+000  4.657980e+000 -1.893969e+001
      vertex  1.500000e+000  4.741181e+000 -1.896593e+001
    endloop
  endfacet
  facet normal  0.000000e+000  3.006913e-001  9.537216e-001
    outer loop
      vertex -3.000000e-001  4.657980e+000 -1.893969e+001
      vertex  1.500000e+000  4.741181e+000 -1.896593e+001
      vertex -3.000000e-001  4.741181e+000 -1.896593e+001
    endloop
  endfacet
  facet normal  -0.000000e+000  2.164489e-001  9.762939e-001
    outer loop
      vertex -3.000000e-001  4.741181e+000 -1.896593e+001
      vertex  1.500000e+000  4.741181e+000 -1.896593e+001
      vertex  1.500000e+000  4.826352e+000 -1.898481e+001
    endloop
  endfacet
  facet normal  0.000000e+000  2.164489e-001  9.762939e-001
    outer loop
      vertex -3.000000e-001  4.741181e+000 -1.896593e+001
      vertex  1.500000e+000  4.826352e+000 -1.898481e+001
      vertex -3.000000e-001  4.826352e+000 -1.898481e+001
    endloop
  endfacet
  facet normal  -0.000000e+000  1.305252e-001  9.914450e-001
    outer loop
      vertex -3.000000e-001  4.826352e+000 -1.898481e+001
      vertex  1.500000e+000  4.826352e+000 -1.898481e+001
      vertex  1.500000e+000  4.912844e+000 -1.899619e+001
    endloop
  endfacet
  facet normal  0.000000e+000  1.305252e-001  9.914450e-001
    outer loop
      vertex -3.000000e-001  4.826352e+000 -1.898481e+001
      vertex  1.500000e+000  4.912844e+000 -1.899619e+001
      vertex -3.000000e-001  4.912844e+000 -1.899619e+001
    endloop
  endfacet
  facet normal  -0.000000e+000  4.361774e-002  9.990484e-001
    outer loop
      vertex -3.000000e-001  4.912844e+000 -1.899619e+001
      vertex  1.500000e+000  4.912844e+000 -1.899619e+001
      vertex  1.500000e+000  5.000000e+000 -1.900000e+001
    endloop
  endfacet
  facet normal  0.000000e+000  4.361774e-002  9.990484e-001
    outer loop
      vertex -3.000000e-001  4.912844e+000 -1.899619e+001
      vertex  1.500000e+000  5.000000e+000 -1.900000e+001
      vertex -3.000000e-001  5.000000e+000 -1.900000e+001
    endloop
  endfacet
  facet normal  0.000000e+000 -6.755840e-001  7.372830e-001
    outer loop
      vertex  1.500000e+000  5.170711e+001 -1.870711e+001
      vertex -3.000000e-001  5.164279e+001 -1.876604e+001
      vertex  1.500000e+000  5.164279e+001 -1.876604e+001
    endloop
  endfacet
  facet normal  0.000000e+000 -6.087720e-001  7.933451e-001
    outer loop
      vertex  1.500000e+000  5.164279e+001 -1.876604e+001
      vertex -3.000000e-001  5.164279e+001 -1.876604e+001
      vertex -3.000000e-001  5.157358e+001 -1.881915e+001
    endloop
  endfacet
  facet normal  0.000000e+000 -6.087720e-001  7.933451e-001
    outer loop
      vertex  1.500000e+000  5.164279e+001 -1.876604e+001
      vertex -3.000000e-001  5.157358e+001 -1.881915e+001
      vertex  1.500000e+000  5.157358e+001 -1.881915e+001
    endloop
  endfacet
  facet normal  0.000000e+000 -5.372899e-001  8.433976e-001
    outer loop
      vertex  1.500000e+000  5.157358e+001 -1.881915e+001
      vertex -3.000000e-001  5.157358e+001 -1.881915e+001
      vertex -3.000000e-001  5.150000e+001 -1.886603e+001
    endloop
  endfacet
  facet normal  0.000000e+000 -5.372899e-001  8.433976e-001
    outer loop
      vertex  1.500000e+000  5.157358e+001 -1.881915e+001
      vertex -3.000000e-001  5.150000e+001 -1.886603e+001
      vertex  1.500000e+000  5.150000e+001 -1.886603e+001
    endloop
  endfacet
  facet normal  0.000000e+000 -4.617416e-001  8.870144e-001
    outer loop
      vertex  1.500000e+000  5.150000e+001 -1.886603e+001
      vertex -3.000000e-001  5.150000e+001 -1.886603e+001
      vertex -3.000000e-001  5.142262e+001 -1.890631e+001
    endloop
  endfacet
  facet normal  0.000000e+000 -4.617416e-001  8.870144e-001
    outer loop
      vertex  1.500000e+000  5.150000e+001 -1.886603e+001
      vertex -3.000000e-001  5.142262e+001 -1.890631e+001
      vertex  1.500000e+000  5.142262e+001 -1.890631e+001
    endloop
  endfacet
  facet normal  0.000000e+000 -3.827019e-001  9.238719e-001
    outer loop
      vertex  1.500000e+000  5.142262e+001 -1.890631e+001
      vertex -3.000000e-001  5.142262e+001 -1.890631e+001
      vertex -3.000000e-001  5.134202e+001 -1.893969e+001
    endloop
  endfacet
  facet normal  0.000000e+000 -3.827019e-001  9.238719e-001
    outer loop
      vertex  1.500000e+000  5.142262e+001 -1.890631e+001
      vertex -3.000000e-001  5.134202e+001 -1.893969e+001
      vertex  1.500000e+000  5.134202e+001 -1.893969e+001
    endloop
  endfacet
  facet normal  0.000000e+000 -3.006866e-001  9.537230e-001
    outer loop
      vertex  1.500000e+000  5.134202e+001 -1.893969e+001
      vertex -3.000000e-001  5.134202e+001 -1.893969e+001
      vertex -3.000000e-001  5.125882e+001 -1.896593e+001
    endloop
  endfacet
  facet normal  0.000000e+000 -3.006866e-001  9.537230e-001
    outer loop
      vertex  1.500000e+000  5.134202e+001 -1.893969e+001
      vertex -3.000000e-001  5.125882e+001 -1.896593e+001
      vertex  1.500000e+000  5.125882e+001 -1.896593e+001
    endloop
  endfacet
  facet normal  0.000000e+000 -2.164489e-001  9.762939e-001
    outer loop
      vertex  1.500000e+000  5.125882e+001 -1.896593e+001
      vertex -3.000000e-001  5.125882e+001 -1.896593e+001
      vertex -3.000000e-001  5.117365e+001 -1.898481e+001
    endloop
  endfacet
  facet normal  0.000000e+000 -2.164489e-001  9.762939e-001
    outer loop
      vertex  1.500000e+000  5.125882e+001 -1.896593e+001
      vertex -3.000000e-001  5.117365e+001 -1.898481e+001
      vertex  1.500000e+000  5.117365e+001 -1.898481e+001
    endloop
  endfacet
  facet normal  0.000000e+000 -1.305224e-001  9.914454e-001
    outer loop
      vertex  1.500000e+000  5.117365e+001 -1.898481e+001
      vertex -3.000000e-001  5.117365e+001 -1.898481e+001
      vertex -3.000000e-001  5.108715e+001 -1.899619e+001
    endloop
  endfacet
  facet normal  0.000000e+000 -1.305224e-001  9.914454e-001
    outer loop
      vertex  1.500000e+000  5.117365e+001 -1.898481e+001
      vertex -3.000000e-001  5.108715e+001 -1.899619e+001
      vertex  1.500000e+000  5.108715e+001 -1.899619e+001
    endloop
  endfacet
  facet normal  0.000000e+000 -4.361845e-002  9.990483e-001
    outer loop
      vertex  1.500000e+000  5.108715e+001 -1.899619e+001
      vertex -3.000000e-001  5.108715e+001 -1.899619e+001
      vertex -3.000000e-001  5.100000e+001 -1.900000e+001
    endloop
  endfacet
  facet normal  0.000000e+000 -4.361845e-002  9.990483e-001
    outer loop
      vertex  1.500000e+000  5.108715e+001 -1.899619e+001
      vertex -3.000000e-001  5.100000e+001 -1.900000e+001
      vertex  1.500000e+000  5.100000e+001 -1.900000e+001
    endloop
  endfacet
  facet normal  0.000000e+000 -6.755840e-001  7.372830e-001
    outer loop
      vertex -3.000000e-001  5.164279e+001 -1.876604e+001
      vertex  1.500000e+000  5.170711e+001 -1.870711e+001
      vertex -3.000000e-001  5.170711e+001 -1.870711e+001
    endloop
  endfacet
  facet normal  0.000000e+000 -7.372830e-001  6.755840e-001
    outer loop
      vertex -3.000000e-001  5.170711e+001 -1.870711e+001
      vertex  1.500000e+000  5.170711e+001 -1.870711e+001
      vertex  1.500000e+000  5.176604e+001 -1.864279e+001
    endloop
  endfacet
  facet normal  0.000000e+000 -7.372830e-001  6.755840e-001
    outer loop
      vertex -3.000000e-001  5.170711e+001 -1.870711e+001
      vertex  1.500000e+000  5.176604e+001 -1.864279e+001
      vertex -3.000000e-001  5.176604e+001 -1.864279e+001
    endloop
  endfacet
  facet normal  0.000000e+000 -7.933533e-001  6.087615e-001
    outer loop
      vertex -3.000000e-001  5.176604e+001 -1.864279e+001
      vertex  1.500000e+000  5.176604e+001 -1.864279e+001
      vertex  1.500000e+000  5.181915e+001 -1.857358e+001
    endloop
  endfacet
  facet normal  0.000000e+000 -7.933533e-001  6.087615e-001
    outer loop
      vertex -3.000000e-001  5.176604e+001 -1.864279e+001
      vertex  1.500000e+000  5.181915e+001 -1.857358e+001
      vertex -3.000000e-001  5.181915e+001 -1.857358e+001
    endloop
  endfacet
  facet normal  0.000000e+000 -8.434012e-001  5.372843e-001
    outer loop
      vertex -3.000000e-001  5.181915e+001 -1.857358e+001
      vertex  1.500000e+000  5.181915e+001 -1.857358e+001
      vertex  1.500000e+000  5.186602e+001 -1.850000e+001
    endloop
  endfacet
  facet normal  0.000000e+000 -8.434012e-001  5.372843e-001
    outer loop
      vertex -3.000000e-001  5.181915e+001 -1.857358e+001
      vertex  1.500000e+000  5.186602e+001 -1.850000e+001
      vertex -3.000000e-001  5.186602e+001 -1.850000e+001
    endloop
  endfacet
  facet normal  0.000000e+000 -8.870055e-001  4.617589e-001
    outer loop
      vertex -3.000000e-001  5.186602e+001 -1.850000e+001
      vertex  1.500000e+000  5.186602e+001 -1.850000e+001
      vertex  1.500000e+000  5.190631e+001 -1.842262e+001
    endloop
  endfacet
  facet normal  0.000000e+000 -8.870055e-001  4.617589e-001
    outer loop
      vertex -3.000000e-001  5.186602e+001 -1.850000e+001
      vertex  1.500000e+000  5.190631e+001 -1.842262e+001
      vertex -3.000000e-001  5.190631e+001 -1.842262e+001
    endloop
  endfacet
  facet normal  0.000000e+000 -9.238751e-001  3.826942e-001
    outer loop
      vertex -3.000000e-001  5.190631e+001 -1.842262e+001
      vertex  1.500000e+000  5.190631e+001 -1.842262e+001
      vertex  1.500000e+000  5.193969e+001 -1.834202e+001
    endloop
  endfacet
  facet normal  0.000000e+000 -9.238751e-001  3.826942e-001
    outer loop
      vertex -3.000000e-001  5.190631e+001 -1.842262e+001
      vertex  1.500000e+000  5.193969e+001 -1.834202e+001
      vertex -3.000000e-001  5.193969e+001 -1.834202e+001
    endloop
  endfacet
  facet normal  0.000000e+000 -9.537147e-001  3.007128e-001
    outer loop
      vertex -3.000000e-001  5.193969e+001 -1.834202e+001
      vertex  1.500000e+000  5.193969e+001 -1.834202e+001
      vertex  1.500000e+000  5.196593e+001 -1.825882e+001
    endloop
  endfacet
  facet normal  0.000000e+000 -9.537147e-001  3.007128e-001
    outer loop
      vertex -3.000000e-001  5.193969e+001 -1.834202e+001
      vertex  1.500000e+000  5.196593e+001 -1.825882e+001
      vertex -3.000000e-001  5.196593e+001 -1.825882e+001
    endloop
  endfacet
  facet normal  0.000000e+000 -9.763032e-001  2.164073e-001
    outer loop
      vertex -3.000000e-001  5.196593e+001 -1.825882e+001
      vertex  1.500000e+000  5.196593e+001 -1.825882e+001
      vertex  1.500000e+000  5.198481e+001 -1.817365e+001
    endloop
  endfacet
  facet normal  0.000000e+000 -9.763032e-001  2.164073e-001
    outer loop
      vertex -3.000000e-001  5.196593e+001 -1.825882e+001
      vertex  1.500000e+000  5.198481e+001 -1.817365e+001
      vertex -3.000000e-001  5.198481e+001 -1.817365e+001
    endloop
  endfacet
  facet normal  0.000000e+000 -9.914450e-001  1.305252e-001
    outer loop
      vertex -3.000000e-001  5.198481e+001 -1.817365e+001
      vertex  1.500000e+000  5.198481e+001 -1.817365e+001
      vertex  1.500000e+000  5.199619e+001 -1.808716e+001
    endloop
  endfacet
  facet normal  0.000000e+000 -9.914450e-001  1.305252e-001
    outer loop
      vertex -3.000000e-001  5.198481e+001 -1.817365e+001
      vertex  1.500000e+000  5.199619e+001 -1.808716e+001
      vertex -3.000000e-001  5.199619e+001 -1.808716e+001
    endloop
  endfacet
  facet normal  0.000000e+000 -9.990473e-001  4.363931e-002
    outer loop
      vertex -3.000000e-001  5.199619e+001 -1.808716e+001
      vertex  1.500000e+000  5.199619e+001 -1.808716e+001
      vertex  1.500000e+000  5.200000e+001 -1.800000e+001
    endloop
  endfacet
  facet normal  0.000000e+000 -9.990473e-001  4.363931e-002
    outer loop
      vertex -3.000000e-001  5.199619e+001 -1.808716e+001
      vertex  1.500000e+000  5.200000e+001 -1.800000e+001
      vertex -3.000000e-001  5.200000e+001 -1.800000e+001
    endloop
  endfacet
  facet normal  0.000000e+000 -9.999999e-001  -0.000000e+000
    outer loop
      vertex  1.500000e+000  3.000000e+000 -1.800000e+001
      vertex  1.500000e+000  3.000000e+000 -1.205703e+001
      vertex -1.500000e+000  3.000000e+000 -1.800000e+001
    endloop
  endfacet
  facet normal  0.000000e+000 -9.999999e-001  0.000000e+000
    outer loop
      vertex -1.500000e+000  3.000000e+000 -1.800000e+001
      vertex  1.500000e+000  3.000000e+000 -1.205703e+001
      vertex -1.500000e+000  3.000000e+000 -1.205703e+001
    endloop
  endfacet
  facet normal  0.000000e+000 -8.733301e-001 -4.871291e-001
    outer loop
      vertex  1.500000e+000 -2.619990e+000 -1.461387e+000
      vertex -1.500000e+000 -2.619990e+000 -1.461387e+000
      vertex  1.500000e+000  2.746660e+000 -1.108277e+001
    endloop
  endfacet
  facet normal  -0.000000e+000 -8.733301e-001 -4.871291e-001
    outer loop
      vertex  1.500000e+000  2.746660e+000 -1.108277e+001
      vertex -1.500000e+000 -2.619990e+000 -1.461387e+000
      vertex -1.500000e+000  2.746660e+000 -1.108277e+001
    endloop
  endfacet
  facet normal  -0.000000e+000 -9.520477e-001 -3.059497e-001
    outer loop
      vertex -1.500000e+000  2.920630e+000 -1.149920e+001
      vertex  1.500000e+000  2.886043e+000 -1.139157e+001
      vertex -1.500000e+000  2.886043e+000 -1.139157e+001
    endloop
  endfacet
  facet normal  0.000000e+000 -9.332407e-001 -3.592520e-001
    outer loop
      vertex -1.500000e+000  2.886043e+000 -1.139157e+001
      vertex  1.500000e+000  2.886043e+000 -1.139157e+001
      vertex  1.500000e+000  2.845429e+000 -1.128606e+001
    endloop
  endfacet
  facet normal  -0.000000e+000 -9.332407e-001 -3.592520e-001
    outer loop
      vertex -1.500000e+000  2.886043e+000 -1.139157e+001
      vertex  1.500000e+000  2.845429e+000 -1.128606e+001
      vertex -1.500000e+000  2.845429e+000 -1.128606e+001
    endloop
  endfacet
  facet normal  0.000000e+000 -9.114518e-001 -4.114068e-001
    outer loop
      vertex -1.500000e+000  2.845429e+000 -1.128606e+001
      vertex  1.500000e+000  2.845429e+000 -1.128606e+001
      vertex  1.500000e+000  2.798918e+000 -1.118302e+001
    endloop
  endfacet
  facet normal  -0.000000e+000 -9.114518e-001 -4.114068e-001
    outer loop
      vertex -1.500000e+000  2.845429e+000 -1.128606e+001
      vertex  1.500000e+000  2.798918e+000 -1.118302e+001
      vertex -1.500000e+000  2.798918e+000 -1.118302e+001
    endloop
  endfacet
  facet normal  0.000000e+000 -8.867489e-001 -4.622515e-001
    outer loop
      vertex -1.500000e+000  2.798918e+000 -1.118302e+001
      vertex  1.500000e+000  2.798918e+000 -1.118302e+001
      vertex  1.500000e+000  2.746660e+000 -1.108277e+001
    endloop
  endfacet
  facet normal  -0.000000e+000 -8.867489e-001 -4.622515e-001
    outer loop
      vertex -1.500000e+000  2.798918e+000 -1.118302e+001
      vertex  1.500000e+000  2.746660e+000 -1.108277e+001
      vertex -1.500000e+000  2.746660e+000 -1.108277e+001
    endloop
  endfacet
  facet normal  0.000000e+000 -9.520477e-001 -3.059497e-001
    outer loop
      vertex  1.500000e+000  2.886043e+000 -1.139157e+001
      vertex -1.500000e+000  2.920630e+000 -1.149920e+001
      vertex  1.500000e+000  2.920630e+000 -1.149920e+001
    endloop
  endfacet
  facet normal  -0.000000e+000 -9.678148e-001 -2.516632e-001
    outer loop
      vertex  1.500000e+000  2.920630e+000 -1.149920e+001
      vertex -1.500000e+000  2.920630e+000 -1.149920e+001
      vertex -1.500000e+000  2.949081e+000 -1.160861e+001
    endloop
  endfacet
  facet normal  0.000000e+000 -9.678148e-001 -2.516632e-001
    outer loop
      vertex  1.500000e+000  2.920630e+000 -1.149920e+001
      vertex -1.500000e+000  2.949081e+000 -1.160861e+001
      vertex  1.500000e+000  2.949081e+000 -1.160861e+001
    endloop
  endfacet
  facet normal  -0.000000e+000 -9.804881e-001 -1.965785e-001
    outer loop
      vertex  1.500000e+000  2.949081e+000 -1.160861e+001
      vertex -1.500000e+000  2.949081e+000 -1.160861e+001
      vertex -1.500000e+000  2.971305e+000 -1.171945e+001
    endloop
  endfacet
  facet normal  0.000000e+000 -9.804881e-001 -1.965785e-001
    outer loop
      vertex  1.500000e+000  2.949081e+000 -1.160861e+001
      vertex -1.500000e+000  2.971305e+000 -1.171945e+001
      vertex  1.500000e+000  2.971305e+000 -1.171945e+001
    endloop
  endfacet
  facet normal  -0.000000e+000 -9.900292e-001 -1.408624e-001
    outer loop
      vertex  1.500000e+000  2.971305e+000 -1.171945e+001
      vertex -1.500000e+000  2.971305e+000 -1.171945e+001
      vertex -1.500000e+000  2.987230e+000 -1.183138e+001
    endloop
  endfacet
  facet normal  0.000000e+000 -9.900292e-001 -1.408624e-001
    outer loop
      vertex  1.500000e+000  2.971305e+000 -1.171945e+001
      vertex -1.500000e+000  2.987230e+000 -1.183138e+001
      vertex  1.500000e+000  2.987230e+000 -1.183138e+001
    endloop
  endfacet
  facet normal  -0.000000e+000 -9.964065e-001 -8.469924e-002
    outer loop
      vertex  1.500000e+000  2.987230e+000 -1.183138e+001
      vertex -1.500000e+000  2.987230e+000 -1.183138e+001
      vertex -1.500000e+000  2.996805e+000 -1.194402e+001
    endloop
  endfacet
  facet normal  0.000000e+000 -9.964065e-001 -8.469924e-002
    outer loop
      vertex  1.500000e+000  2.987230e+000 -1.183138e+001
      vertex -1.500000e+000  2.996805e+000 -1.194402e+001
      vertex  1.500000e+000  2.996805e+000 -1.194402e+001
    endloop
  endfacet
  facet normal  -0.000000e+000 -9.996005e-001 -2.826181e-002
    outer loop
      vertex  1.500000e+000  2.996805e+000 -1.194402e+001
      vertex -1.500000e+000  2.996805e+000 -1.194402e+001
      vertex -1.500000e+000  3.000000e+000 -1.205703e+001
    endloop
  endfacet
  facet normal  0.000000e+000 -9.996005e-001 -2.826181e-002
    outer loop
      vertex  1.500000e+000  2.996805e+000 -1.194402e+001
      vertex -1.500000e+000  3.000000e+000 -1.205703e+001
      vertex  1.500000e+000  3.000000e+000 -1.205703e+001
    endloop
  endfacet
  facet normal  0.000000e+000 -8.733301e-001  4.871291e-001
    outer loop
      vertex  1.500000e+000 -2.619990e+000  1.461387e+000
      vertex  1.500000e+000  2.746660e+000  1.108277e+001
      vertex -1.500000e+000 -2.619990e+000  1.461387e+000
    endloop
  endfacet
  facet normal  0.000000e+000 -8.733301e-001  4.871291e-001
    outer loop
      vertex -1.500000e+000 -2.619990e+000  1.461387e+000
      vertex  1.500000e+000  2.746660e+000  1.108277e+001
      vertex -1.500000e+000  2.746660e+000  1.108277e+001
    endloop
  endfacet
  facet normal  0.000000e+000 -9.804881e-001  1.965785e-001
    outer loop
      vertex -1.500000e+000  2.949081e+000  1.160861e+001
      vertex  1.500000e+000  2.971305e+000  1.171945e+001
      vertex -1.500000e+000  2.971305e+000  1.171945e+001
    endloop
  endfacet
  facet normal  0.000000e+000 -9.900292e-001  1.408624e-001
    outer loop
      vertex -1.500000e+000  2.971305e+000  1.171945e+001
      vertex  1.500000e+000  2.971305e+000  1.171945e+001
      vertex  1.500000e+000  2.987230e+000  1.183138e+001
    endloop
  endfacet
  facet normal  0.000000e+000 -9.900292e-001  1.408624e-001
    outer loop
      vertex -1.500000e+000  2.971305e+000  1.171945e+001
      vertex  1.500000e+000  2.987230e+000  1.183138e+001
      vertex -1.500000e+000  2.987230e+000  1.183138e+001
    endloop
  endfacet
  facet normal  0.000000e+000 -9.964065e-001  8.469924e-002
    outer loop
      vertex -1.500000e+000  2.987230e+000  1.183138e+001
      vertex  1.500000e+000  2.987230e+000  1.183138e+001
      vertex  1.500000e+000  2.996805e+000  1.194402e+001
    endloop
  endfacet
  facet normal  0.000000e+000 -9.964065e-001  8.469924e-002
    outer loop
      vertex -1.500000e+000  2.987230e+000  1.183138e+001
      vertex  1.500000e+000  2.996805e+000  1.194402e+001
      vertex -1.500000e+000  2.996805e+000  1.194402e+001
    endloop
  endfacet
  facet normal  0.000000e+000 -9.996005e-001  2.826181e-002
    outer loop
      vertex -1.500000e+000  2.996805e+000  1.194402e+001
      vertex  1.500000e+000  2.996805e+000  1.194402e+001
      vertex  1.500000e+000  3.000000e+000  1.205703e+001
    endloop
  endfacet
  facet normal  0.000000e+000 -9.996005e-001  2.826181e-002
    outer loop
      vertex -1.500000e+000  2.996805e+000  1.194402e+001
      vertex  1.500000e+000  3.000000e+000  1.205703e+001
      vertex -1.500000e+000  3.000000e+000  1.205703e+001
    endloop
  endfacet
  facet normal  0.000000e+000 -9.804881e-001  1.965785e-001
    outer loop
      vertex  1.500000e+000  2.971305e+000  1.171945e+001
      vertex -1.500000e+000  2.949081e+000  1.160861e+001
      vertex  1.500000e+000  2.949081e+000  1.160861e+001
    endloop
  endfacet
  facet normal  0.000000e+000 -9.678148e-001  2.516632e-001
    outer loop
      vertex  1.500000e+000  2.949081e+000  1.160861e+001
      vertex -1.500000e+000  2.949081e+000  1.160861e+001
      vertex -1.500000e+000  2.920630e+000  1.149920e+001
    endloop
  endfacet
  facet normal  0.000000e+000 -9.678148e-001  2.516632e-001
    outer loop
      vertex  1.500000e+000  2.949081e+000  1.160861e+001
      vertex -1.500000e+000  2.920630e+000  1.149920e+001
      vertex  1.500000e+000  2.920630e+000  1.149920e+001
    endloop
  endfacet
  facet normal  0.000000e+000 -9.520477e-001  3.059497e-001
    outer loop
      vertex  1.500000e+000  2.920630e+000  1.149920e+001
      vertex -1.500000e+000  2.920630e+000  1.149920e+001
      vertex -1.500000e+000  2.886043e+000  1.139157e+001
    endloop
  endfacet
  facet normal  0.000000e+000 -9.520477e-001  3.059497e-001
    outer loop
      vertex  1.500000e+000  2.920630e+000  1.149920e+001
      vertex -1.500000e+000  2.886043e+000  1.139157e+001
      vertex  1.500000e+000  2.886043e+000  1.139157e+001
    endloop
  endfacet
  facet normal  0.000000e+000 -9.332407e-001  3.592520e-001
    outer loop
      vertex  1.500000e+000  2.886043e+000  1.139157e+001
      vertex -1.500000e+000  2.886043e+000  1.139157e+001
      vertex -1.500000e+000  2.845429e+000  1.128606e+001
    endloop
  endfacet
  facet normal  0.000000e+000 -9.332407e-001  3.592520e-001
    outer loop
      vertex  1.500000e+000  2.886043e+000  1.139157e+001
      vertex -1.500000e+000  2.845429e+000  1.128606e+001
      vertex  1.500000e+000  2.845429e+000  1.128606e+001
    endloop
  endfacet
  facet normal  0.000000e+000 -9.114518e-001  4.114068e-001
    outer loop
      vertex  1.500000e+000  2.845429e+000  1.128606e+001
      vertex -1.500000e+000  2.845429e+000  1.128606e+001
      vertex -1.500000e+000  2.798918e+000  1.118302e+001
    endloop
  endfacet
  facet normal  0.000000e+000 -9.114518e-001  4.114068e-001
    outer loop
      vertex  1.500000e+000  2.845429e+000  1.128606e+001
      vertex -1.500000e+000  2.798918e+000  1.118302e+001
      vertex  1.500000e+000  2.798918e+000  1.118302e+001
    endloop
  endfacet
  facet normal  0.000000e+000 -8.867489e-001  4.622515e-001
    outer loop
      vertex  1.500000e+000  2.798918e+000  1.118302e+001
      vertex -1.500000e+000  2.798918e+000  1.118302e+001
      vertex -1.500000e+000  2.746660e+000  1.108277e+001
    endloop
  endfacet
  facet normal  0.000000e+000 -8.867489e-001  4.622515e-001
    outer loop
      vertex  1.500000e+000  2.798918e+000  1.118302e+001
      vertex -1.500000e+000  2.746660e+000  1.108277e+001
      vertex  1.500000e+000  2.746660e+000  1.108277e+001
    endloop
  endfacet
  facet normal  0.000000e+000  1.000000e+000  -0.000000e+000
    outer loop
      vertex  1.500000e+000  5.300000e+001  1.982502e+001
      vertex  1.500000e+000  5.300000e+001 -1.800000e+001
      vertex -1.500000e+000  5.300000e+001  1.982502e+001
    endloop
  endfacet
  facet normal  0.000000e+000  1.000000e+000  0.000000e+000
    outer loop
      vertex -1.500000e+000  5.300000e+001  1.982502e+001
      vertex  1.500000e+000  5.300000e+001 -1.800000e+001
      vertex -1.500000e+000  5.300000e+001 -1.800000e+001
    endloop
  endfacet
  facet normal  0.000000e+000  9.848077e-001  1.736484e-001
    outer loop
      vertex -1.500000e+000  5.214529e+001  2.484730e+001
      vertex  1.500000e+000  5.214529e+001  2.484730e+001
      vertex -1.500000e+000  5.296962e+001  2.017232e+001
    endloop
  endfacet
  facet normal  -0.000000e+000  9.848077e-001  1.736484e-001
    outer loop
      vertex -1.500000e+000  5.296962e+001  2.017232e+001
      vertex  1.500000e+000  5.214529e+001  2.484730e+001
      vertex  1.500000e+000  5.296962e+001  2.017232e+001
    endloop
  endfacet
  facet normal  0.000000e+000  9.894419e-001  1.449299e-001
    outer loop
      vertex -1.500000e+000  5.296962e+001  2.017232e+001
      vertex  1.500000e+000  5.296962e+001  2.017232e+001
      vertex -1.500000e+000  5.298648e+001  2.005721e+001
    endloop
  endfacet
  facet normal  -0.000000e+000  9.894419e-001  1.449299e-001
    outer loop
      vertex -1.500000e+000  5.298648e+001  2.005721e+001
      vertex  1.500000e+000  5.296962e+001  2.017232e+001
      vertex  1.500000e+000  5.298648e+001  2.005721e+001
    endloop
  endfacet
  facet normal  0.000000e+000  9.961948e-001  8.715454e-002
    outer loop
      vertex -1.500000e+000  5.298648e+001  2.005721e+001
      vertex  1.500000e+000  5.298648e+001  2.005721e+001
      vertex -1.500000e+000  5.299662e+001  1.994131e+001
    endloop
  endfacet
  facet normal  -0.000000e+000  9.961948e-001  8.715454e-002
    outer loop
      vertex -1.500000e+000  5.299662e+001  1.994131e+001
      vertex  1.500000e+000  5.298648e+001  2.005721e+001
      vertex  1.500000e+000  5.299662e+001  1.994131e+001
    endloop
  endfacet
  facet normal  0.000000e+000  9.995770e-001  2.908397e-002
    outer loop
      vertex -1.500000e+000  5.299662e+001  1.994131e+001
      vertex  1.500000e+000  5.299662e+001  1.994131e+001
      vertex -1.500000e+000  5.300000e+001  1.982502e+001
    endloop
  endfacet
  facet normal  -0.000000e+000  9.995770e-001  2.908397e-002
    outer loop
      vertex -1.500000e+000  5.300000e+001  1.982502e+001
      vertex  1.500000e+000  5.299662e+001  1.994131e+001
      vertex  1.500000e+000  5.300000e+001  1.982502e+001
    endloop
  endfacet
  facet normal  0.000000e+000 -9.848079e-001  1.736473e-001
    outer loop
      vertex -1.500000e+000  4.764277e+001  2.165270e+001
      vertex  1.500000e+000  4.764277e+001  2.165270e+001
      vertex -1.500000e+000  4.820606e+001  2.484730e+001
    endloop
  endfacet
  facet normal  0.000000e+000 -9.848079e-001  1.736473e-001
    outer loop
      vertex -1.500000e+000  4.820606e+001  2.484730e+001
      vertex  1.500000e+000  4.764277e+001  2.165270e+001
      vertex  1.500000e+000  4.820606e+001  2.484730e+001
    endloop
  endfacet
  facet normal  0.000000e+000 -5.951321e-001  8.036279e-001
    outer loop
      vertex  1.500000e+000  4.691164e+001  2.042960e+001
      vertex -1.500000e+000  4.681408e+001  2.035736e+001
      vertex  1.500000e+000  4.681408e+001  2.035736e+001
    endloop
  endfacet
  facet normal  0.000000e+000 -5.452777e-001  8.382554e-001
    outer loop
      vertex  1.500000e+000  4.681408e+001  2.035736e+001
      vertex -1.500000e+000  4.681408e+001  2.035736e+001
      vertex -1.500000e+000  4.671232e+001  2.029116e+001
    endloop
  endfacet
  facet normal  0.000000e+000 -5.452777e-001  8.382554e-001
    outer loop
      vertex  1.500000e+000  4.681408e+001  2.035736e+001
      vertex -1.500000e+000  4.671232e+001  2.029116e+001
      vertex  1.500000e+000  4.671232e+001  2.029116e+001
    endloop
  endfacet
  facet normal  0.000000e+000 -4.934224e-001  8.697898e-001
    outer loop
      vertex  1.500000e+000  4.671232e+001  2.029116e+001
      vertex -1.500000e+000  4.671232e+001  2.029116e+001
      vertex -1.500000e+000  4.660673e+001  2.023126e+001
    endloop
  endfacet
  facet normal  0.000000e+000 -4.934224e-001  8.697898e-001
    outer loop
      vertex  1.500000e+000  4.671232e+001  2.029116e+001
      vertex -1.500000e+000  4.660673e+001  2.023126e+001
      vertex  1.500000e+000  4.660673e+001  2.023126e+001
    endloop
  endfacet
  facet normal  0.000000e+000 -4.397193e-001  8.981353e-001
    outer loop
      vertex  1.500000e+000  4.660673e+001  2.023126e+001
      vertex -1.500000e+000  4.660673e+001  2.023126e+001
      vertex -1.500000e+000  4.649770e+001  2.017788e+001
    endloop
  endfacet
  facet normal  0.000000e+000 -4.397193e-001  8.981353e-001
    outer loop
      vertex  1.500000e+000  4.660673e+001  2.023126e+001
      vertex -1.500000e+000  4.649770e+001  2.017788e+001
      vertex  1.500000e+000  4.649770e+001  2.017788e+001
    endloop
  endfacet
  facet normal  0.000000e+000 -3.844436e-001  9.231485e-001
    outer loop
      vertex  1.500000e+000  4.649770e+001  2.017788e+001
      vertex -1.500000e+000  4.649770e+001  2.017788e+001
      vertex -1.500000e+000  4.638564e+001  2.013121e+001
    endloop
  endfacet
  facet normal  0.000000e+000 -3.844436e-001  9.231485e-001
    outer loop
      vertex  1.500000e+000  4.649770e+001  2.017788e+001
      vertex -1.500000e+000  4.638564e+001  2.013121e+001
      vertex  1.500000e+000  4.638564e+001  2.013121e+001
    endloop
  endfacet
  facet normal  0.000000e+000 -3.277149e-001  9.447767e-001
    outer loop
      vertex  1.500000e+000  4.638564e+001  2.013121e+001
      vertex -1.500000e+000  4.638564e+001  2.013121e+001
      vertex -1.500000e+000  4.627094e+001  2.009143e+001
    endloop
  endfacet
  facet normal  0.000000e+000 -3.277149e-001  9.447767e-001
    outer loop
      vertex  1.500000e+000  4.638564e+001  2.013121e+001
      vertex -1.500000e+000  4.627094e+001  2.009143e+001
      vertex  1.500000e+000  4.627094e+001  2.009143e+001
    endloop
  endfacet
  facet normal  0.000000e+000 -2.698036e-001  9.629154e-001
    outer loop
      vertex  1.500000e+000  4.627094e+001  2.009143e+001
      vertex -1.500000e+000  4.627094e+001  2.009143e+001
      vertex -1.500000e+000  4.615405e+001  2.005868e+001
    endloop
  endfacet
  facet normal  0.000000e+000 -2.698036e-001  9.629154e-001
    outer loop
      vertex  1.500000e+000  4.627094e+001  2.009143e+001
      vertex -1.500000e+000  4.615405e+001  2.005868e+001
      vertex  1.500000e+000  4.615405e+001  2.005868e+001
    endloop
  endfacet
  facet normal  0.000000e+000 -2.108723e-001  9.775136e-001
    outer loop
      vertex  1.500000e+000  4.615405e+001  2.005868e+001
      vertex -1.500000e+000  4.615405e+001  2.005868e+001
      vertex -1.500000e+000  4.603539e+001  2.003308e+001
    endloop
  endfacet
  facet normal  0.000000e+000 -2.108723e-001  9.775136e-001
    outer loop
      vertex  1.500000e+000  4.615405e+001  2.005868e+001
      vertex -1.500000e+000  4.603539e+001  2.003308e+001
      vertex  1.500000e+000  4.603539e+001  2.003308e+001
    endloop
  endfacet
  facet normal  0.000000e+000 -1.511917e-001  9.885045e-001
    outer loop
      vertex  1.500000e+000  4.603539e+001  2.003308e+001
      vertex -1.500000e+000  4.603539e+001  2.003308e+001
      vertex -1.500000e+000  4.591538e+001  2.001472e+001
    endloop
  endfacet
  facet normal  0.000000e+000 -1.511917e-001  9.885045e-001
    outer loop
      vertex  1.500000e+000  4.603539e+001  2.003308e+001
      vertex -1.500000e+000  4.591538e+001  2.001472e+001
      vertex  1.500000e+000  4.591538e+001  2.001472e+001
    endloop
  endfacet
  facet normal  0.000000e+000 -9.092531e-002  9.958577e-001
    outer loop
      vertex  1.500000e+000  4.591538e+001  2.001472e+001
      vertex -1.500000e+000  4.591538e+001  2.001472e+001
      vertex -1.500000e+000  4.579449e+001  2.000368e+001
    endloop
  endfacet
  facet normal  0.000000e+000 -9.092531e-002  9.958577e-001
    outer loop
      vertex  1.500000e+000  4.591538e+001  2.001472e+001
      vertex -1.500000e+000  4.579449e+001  2.000368e+001
      vertex  1.500000e+000  4.579449e+001  2.000368e+001
    endloop
  endfacet
  facet normal  0.000000e+000 -3.035572e-002  9.995391e-001
    outer loop
      vertex  1.500000e+000  4.579449e+001  2.000368e+001
      vertex -1.500000e+000  4.579449e+001  2.000368e+001
      vertex -1.500000e+000  4.567315e+001  2.000000e+001
    endloop
  endfacet
  facet normal  0.000000e+000 -3.035572e-002  9.995391e-001
    outer loop
      vertex  1.500000e+000  4.579449e+001  2.000368e+001
      vertex -1.500000e+000  4.567315e+001  2.000000e+001
      vertex  1.500000e+000  4.567315e+001  2.000000e+001
    endloop
  endfacet
  facet normal  0.000000e+000 -5.951321e-001  8.036279e-001
    outer loop
      vertex -1.500000e+000  4.681408e+001  2.035736e+001
      vertex  1.500000e+000  4.691164e+001  2.042960e+001
      vertex -1.500000e+000  4.691164e+001  2.042960e+001
    endloop
  endfacet
  facet normal  0.000000e+000 -6.427863e-001  7.660455e-001
    outer loop
      vertex -1.500000e+000  4.691164e+001  2.042960e+001
      vertex  1.500000e+000  4.691164e+001  2.042960e+001
      vertex  1.500000e+000  4.700463e+001  2.050763e+001
    endloop
  endfacet
  facet normal  0.000000e+000 -6.427863e-001  7.660455e-001
    outer loop
      vertex -1.500000e+000  4.691164e+001  2.042960e+001
      vertex  1.500000e+000  4.700463e+001  2.050763e+001
      vertex -1.500000e+000  4.700463e+001  2.050763e+001
    endloop
  endfacet
  facet normal  0.000000e+000 -6.880736e-001  7.256409e-001
    outer loop
      vertex -1.500000e+000  4.700463e+001  2.050763e+001
      vertex  1.500000e+000  4.700463e+001  2.050763e+001
      vertex  1.500000e+000  4.709272e+001  2.059116e+001
    endloop
  endfacet
  facet normal  0.000000e+000 -6.880736e-001  7.256409e-001
    outer loop
      vertex -1.500000e+000  4.700463e+001  2.050763e+001
      vertex  1.500000e+000  4.709272e+001  2.059116e+001
      vertex -1.500000e+000  4.709272e+001  2.059116e+001
    endloop
  endfacet
  facet normal  0.000000e+000 -7.308358e-001  6.825534e-001
    outer loop
      vertex -1.500000e+000  4.709272e+001  2.059116e+001
      vertex  1.500000e+000  4.709272e+001  2.059116e+001
      vertex  1.500000e+000  4.717558e+001  2.067988e+001
    endloop
  endfacet
  facet normal  0.000000e+000 -7.308358e-001  6.825534e-001
    outer loop
      vertex -1.500000e+000  4.709272e+001  2.059116e+001
      vertex  1.500000e+000  4.717558e+001  2.067988e+001
      vertex -1.500000e+000  4.717558e+001  2.067988e+001
    endloop
  endfacet
  facet normal  0.000000e+000 -7.708997e-001  6.369566e-001
    outer loop
      vertex -1.500000e+000  4.717558e+001  2.067988e+001
      vertex  1.500000e+000  4.717558e+001  2.067988e+001
      vertex  1.500000e+000  4.725290e+001  2.077347e+001
    endloop
  endfacet
  facet normal  0.000000e+000 -7.708997e-001  6.369566e-001
    outer loop
      vertex -1.500000e+000  4.717558e+001  2.067988e+001
      vertex  1.500000e+000  4.725290e+001  2.077347e+001
      vertex -1.500000e+000  4.725290e+001  2.077347e+001
    endloop
  endfacet
  facet normal  0.000000e+000 -8.081269e-001  5.890085e-001
    outer loop
      vertex -1.500000e+000  4.725290e+001  2.077347e+001
      vertex  1.500000e+000  4.725290e+001  2.077347e+001
      vertex  1.500000e+000  4.732441e+001  2.087157e+001
    endloop
  endfacet
  facet normal  0.000000e+000 -8.081269e-001  5.890085e-001
    outer loop
      vertex -1.500000e+000  4.725290e+001  2.077347e+001
      vertex  1.500000e+000  4.732441e+001  2.087157e+001
      vertex -1.500000e+000  4.732441e+001  2.087157e+001
    endloop
  endfacet
  facet normal  0.000000e+000 -8.423639e-001  5.389093e-001
    outer loop
      vertex -1.500000e+000  4.732441e+001  2.087157e+001
      vertex  1.500000e+000  4.732441e+001  2.087157e+001
      vertex  1.500000e+000  4.738983e+001  2.097383e+001
    endloop
  endfacet
  facet normal  0.000000e+000 -8.423639e-001  5.389093e-001
    outer loop
      vertex -1.500000e+000  4.732441e+001  2.087157e+001
      vertex  1.500000e+000  4.738983e+001  2.097383e+001
      vertex -1.500000e+000  4.738983e+001  2.097383e+001
    endloop
  endfacet
  facet normal  0.000000e+000 -8.735206e-001  4.867871e-001
    outer loop
      vertex -1.500000e+000  4.738983e+001  2.097383e+001
      vertex  1.500000e+000  4.738983e+001  2.097383e+001
      vertex  1.500000e+000  4.744892e+001  2.107987e+001
    endloop
  endfacet
  facet normal  0.000000e+000 -8.735206e-001  4.867871e-001
    outer loop
      vertex -1.500000e+000  4.738983e+001  2.097383e+001
      vertex  1.500000e+000  4.744892e+001  2.107987e+001
      vertex -1.500000e+000  4.744892e+001  2.107987e+001
    endloop
  endfacet
  facet normal  0.000000e+000 -9.014313e-001  4.329221e-001
    outer loop
      vertex -1.500000e+000  4.744892e+001  2.107987e+001
      vertex  1.500000e+000  4.744892e+001  2.107987e+001
      vertex  1.500000e+000  4.750148e+001  2.118930e+001
    endloop
  endfacet
  facet normal  0.000000e+000 -9.014313e-001  4.329221e-001
    outer loop
      vertex -1.500000e+000  4.744892e+001  2.107987e+001
      vertex  1.500000e+000  4.750148e+001  2.118930e+001
      vertex -1.500000e+000  4.750148e+001  2.118930e+001
    endloop
  endfacet
  facet normal  0.000000e+000 -9.260494e-001  3.774022e-001
    outer loop
      vertex -1.500000e+000  4.750148e+001  2.118930e+001
      vertex  1.500000e+000  4.750148e+001  2.118930e+001
      vertex  1.500000e+000  4.754729e+001  2.130172e+001
    endloop
  endfacet
  facet normal  0.000000e+000 -9.260494e-001  3.774022e-001
    outer loop
      vertex -1.500000e+000  4.750148e+001  2.118930e+001
      vertex  1.500000e+000  4.754729e+001  2.130172e+001
      vertex -1.500000e+000  4.754729e+001  2.130172e+001
    endloop
  endfacet
  facet normal  0.000000e+000 -9.472311e-001  3.205515e-001
    outer loop
      vertex -1.500000e+000  4.754729e+001  2.130172e+001
      vertex  1.500000e+000  4.754729e+001  2.130172e+001
      vertex  1.500000e+000  4.758620e+001  2.141671e+001
    endloop
  endfacet
  facet normal  0.000000e+000 -9.472311e-001  3.205515e-001
    outer loop
      vertex -1.500000e+000  4.754729e+001  2.130172e+001
      vertex  1.500000e+000  4.758620e+001  2.141671e+001
      vertex -1.500000e+000  4.758620e+001  2.141671e+001
    endloop
  endfacet
  facet normal  0.000000e+000 -9.649373e-001  2.624805e-001
    outer loop
      vertex -1.500000e+000  4.758620e+001  2.141671e+001
      vertex  1.500000e+000  4.758620e+001  2.141671e+001
      vertex  1.500000e+000  4.761807e+001  2.153385e+001
    endloop
  endfacet
  facet normal  0.000000e+000 -9.649373e-001  2.624805e-001
    outer loop
      vertex -1.500000e+000  4.758620e+001  2.141671e+001
      vertex  1.500000e+000  4.761807e+001  2.153385e+001
      vertex -1.500000e+000  4.761807e+001  2.153385e+001
    endloop
  endfacet
  facet normal  0.000000e+000 -9.790816e-001  2.034680e-001
    outer loop
      vertex -1.500000e+000  4.761807e+001  2.153385e+001
      vertex  1.500000e+000  4.761807e+001  2.153385e+001
      vertex  1.500000e+000  4.764277e+001  2.165270e+001
    endloop
  endfacet
  facet normal  0.000000e+000 -9.790816e-001  2.034680e-001
    outer loop
      vertex -1.500000e+000  4.761807e+001  2.153385e+001
      vertex  1.500000e+000  4.764277e+001  2.165270e+001
      vertex -1.500000e+000  4.764277e+001  2.165270e+001
    endloop
  endfacet
  facet normal  0.000000e+000  0.000000e+000 -1.000000e+000
    outer loop
      vertex  1.500000e+000  5.100000e+001 -2.000000e+001
      vertex  1.500000e+000  5.000000e+000 -2.000000e+001
      vertex -1.500000e+000  5.100000e+001 -2.000000e+001
    endloop
  endfacet
  facet normal  0.000000e+000  0.000000e+000 -1.000000e+000
    outer loop
      vertex -1.500000e+000  5.100000e+001 -2.000000e+001
      vertex  1.500000e+000  5.000000e+000 -2.000000e+001
      vertex -1.500000e+000  5.000000e+000 -2.000000e+001
    endloop
  endfacet
  facet normal  -0.000000e+000 -3.140881e-002 -9.995067e-001
    outer loop
      vertex -1.500000e+000  5.000000e+000 -2.000000e+001
      vertex  1.500000e+000  5.000000e+000 -2.000000e+001
      vertex -1.500000e+000  4.874419e+000 -1.999605e+001
    endloop
  endfacet
  facet normal  0.000000e+000 -3.140881e-002 -9.995067e-001
    outer loop
      vertex -1.500000e+000  4.874419e+000 -1.999605e+001
      vertex  1.500000e+000  5.000000e+000 -2.000000e+001
      vertex  1.500000e+000  4.874419e+000 -1.999605e+001
    endloop
  endfacet
  facet normal  -0.000000e+000 -9.410521e-002 -9.955623e-001
    outer loop
      vertex -1.500000e+000  4.874419e+000 -1.999605e+001
      vertex  1.500000e+000  4.874419e+000 -1.999605e+001
      vertex -1.500000e+000  4.749333e+000 -1.998423e+001
    endloop
  endfacet
  facet normal  0.000000e+000 -9.410521e-002 -9.955623e-001
    outer loop
      vertex -1.500000e+000  4.749333e+000 -1.998423e+001
      vertex  1.500000e+000  4.874419e+000 -1.999605e+001
      vertex  1.500000e+000  4.749333e+000 -1.998423e+001
    endloop
  endfacet
  facet normal  -0.000000e+000 -1.564373e-001 -9.876879e-001
    outer loop
      vertex -1.500000e+000  4.749333e+000 -1.998423e+001
      vertex  1.500000e+000  4.749333e+000 -1.998423e+001
      vertex -1.500000e+000  4.625237e+000 -1.996457e+001
    endloop
  endfacet
  facet normal  0.000000e+000 -1.564373e-001 -9.876879e-001
    outer loop
      vertex -1.500000e+000  4.625237e+000 -1.996457e+001
      vertex  1.500000e+000  4.749333e+000 -1.998423e+001
      vertex  1.500000e+000  4.625237e+000 -1.996457e+001
    endloop
  endfacet
  facet normal  -0.000000e+000 -2.181463e-001 -9.759161e-001
    outer loop
      vertex -1.500000e+000  4.625237e+000 -1.996457e+001
      vertex  1.500000e+000  4.625237e+000 -1.996457e+001
      vertex -1.500000e+000  4.502620e+000 -1.993717e+001
    endloop
  endfacet
  facet normal  0.000000e+000 -2.181463e-001 -9.759161e-001
    outer loop
      vertex -1.500000e+000  4.502620e+000 -1.993717e+001
      vertex  1.500000e+000  4.625237e+000 -1.996457e+001
      vertex  1.500000e+000  4.502620e+000 -1.993717e+001
    endloop
  endfacet
  facet normal  -0.000000e+000 -2.789911e-001 -9.602937e-001
    outer loop
      vertex -1.500000e+000  4.502620e+000 -1.993717e+001
      vertex  1.500000e+000  4.502620e+000 -1.993717e+001
      vertex -1.500000e+000  4.381966e+000 -1.990211e+001
    endloop
  endfacet
  facet normal  0.000000e+000 -2.789911e-001 -9.602937e-001
    outer loop
      vertex -1.500000e+000  4.381966e+000 -1.990211e+001
      vertex  1.500000e+000  4.502620e+000 -1.993717e+001
      vertex  1.500000e+000  4.381966e+000 -1.990211e+001
    endloop
  endfacet
  facet normal  -0.000000e+000 -3.387416e-001 -9.408794e-001
    outer loop
      vertex -1.500000e+000  4.381966e+000 -1.990211e+001
      vertex  1.500000e+000  4.381966e+000 -1.990211e+001
      vertex -1.500000e+000  4.263751e+000 -1.985955e+001
    endloop
  endfacet
  facet normal  0.000000e+000 -3.387416e-001 -9.408794e-001
    outer loop
      vertex -1.500000e+000  4.263751e+000 -1.985955e+001
      vertex  1.500000e+000  4.381966e+000 -1.990211e+001
      vertex  1.500000e+000  4.263751e+000 -1.985955e+001
    endloop
  endfacet
  facet normal  -0.000000e+000 -3.971424e-001 -9.177570e-001
    outer loop
      vertex -1.500000e+000  4.263751e+000 -1.985955e+001
      vertex  1.500000e+000  4.263751e+000 -1.985955e+001
      vertex -1.500000e+000  4.148441e+000 -1.980965e+001
    endloop
  endfacet
  facet normal  0.000000e+000 -3.971424e-001 -9.177570e-001
    outer loop
      vertex -1.500000e+000  4.148441e+000 -1.980965e+001
      vertex  1.500000e+000  4.263751e+000 -1.985955e+001
      vertex  1.500000e+000  4.148441e+000 -1.980965e+001
    endloop
  endfacet
  facet normal  -0.000000e+000 -4.539941e-001 -8.910047e-001
    outer loop
      vertex -1.500000e+000  4.148441e+000 -1.980965e+001
      vertex  1.500000e+000  4.148441e+000 -1.980965e+001
      vertex -1.500000e+000  4.036493e+000 -1.975261e+001
    endloop
  endfacet
  facet normal  0.000000e+000 -4.539941e-001 -8.910047e-001
    outer loop
      vertex -1.500000e+000  4.036493e+000 -1.975261e+001
      vertex  1.500000e+000  4.148441e+000 -1.980965e+001
      vertex  1.500000e+000  4.036493e+000 -1.975261e+001
    endloop
  endfacet
  facet normal  -0.000000e+000 -5.090390e-001 -8.607434e-001
    outer loop
      vertex -1.500000e+000  4.036493e+000 -1.975261e+001
      vertex  1.500000e+000  4.036493e+000 -1.975261e+001
      vertex -1.500000e+000  3.928346e+000 -1.968866e+001
    endloop
  endfacet
  facet normal  0.000000e+000 -5.090390e-001 -8.607434e-001
    outer loop
      vertex -1.500000e+000  3.928346e+000 -1.968866e+001
      vertex  1.500000e+000  4.036493e+000 -1.975261e+001
      vertex  1.500000e+000  3.928346e+000 -1.968866e+001
    endloop
  endfacet
  facet normal  -0.000000e+000 -5.620815e-001 -8.270819e-001
    outer loop
      vertex -1.500000e+000  3.928346e+000 -1.968866e+001
      vertex  1.500000e+000  3.928346e+000 -1.968866e+001
      vertex -1.500000e+000  3.824430e+000 -1.961803e+001
    endloop
  endfacet
  facet normal  0.000000e+000 -5.620815e-001 -8.270819e-001
    outer loop
      vertex -1.500000e+000  3.824430e+000 -1.961803e+001
      vertex  1.500000e+000  3.928346e+000 -1.968866e+001
      vertex  1.500000e+000  3.824430e+000 -1.961803e+001
    endloop
  endfacet
  facet normal  -0.000000e+000 -6.129059e-001 -7.901559e-001
    outer loop
      vertex -1.500000e+000  3.824430e+000 -1.961803e+001
      vertex  1.500000e+000  3.824430e+000 -1.961803e+001
      vertex -1.500000e+000  3.725152e+000 -1.954103e+001
    endloop
  endfacet
  facet normal  0.000000e+000 -6.129059e-001 -7.901559e-001
    outer loop
      vertex -1.500000e+000  3.725152e+000 -1.954103e+001
      vertex  1.500000e+000  3.824430e+000 -1.961803e+001
      vertex  1.500000e+000  3.725152e+000 -1.954103e+001
    endloop
  endfacet
  facet normal  -0.000000e+000 -6.613149e-001 -7.501084e-001
    outer loop
      vertex -1.500000e+000  3.725152e+000 -1.954103e+001
      vertex  1.500000e+000  3.725152e+000 -1.954103e+001
      vertex -1.500000e+000  3.630906e+000 -1.945794e+001
    endloop
  endfacet
  facet normal  0.000000e+000 -6.613149e-001 -7.501084e-001
    outer loop
      vertex -1.500000e+000  3.630906e+000 -1.945794e+001
      vertex  1.500000e+000  3.725152e+000 -1.954103e+001
      vertex  1.500000e+000  3.630906e+000 -1.945794e+001
    endloop
  endfacet
  facet normal  -0.000000e+000 -7.071039e-001 -7.071096e-001
    outer loop
      vertex -1.500000e+000  3.630906e+000 -1.945794e+001
      vertex  1.500000e+000  3.630906e+000 -1.945794e+001
      vertex -1.500000e+000  3.542063e+000 -1.936909e+001
    endloop
  endfacet
  facet normal  0.000000e+000 -7.071039e-001 -7.071096e-001
    outer loop
      vertex -1.500000e+000  3.542063e+000 -1.936909e+001
      vertex  1.500000e+000  3.630906e+000 -1.945794e+001
      vertex  1.500000e+000  3.542063e+000 -1.936909e+001
    endloop
  endfacet
  facet normal  -0.000000e+000 -7.501161e-001 -6.613061e-001
    outer loop
      vertex -1.500000e+000  3.542063e+000 -1.936909e+001
      vertex  1.500000e+000  3.542063e+000 -1.936909e+001
      vertex -1.500000e+000  3.458973e+000 -1.927485e+001
    endloop
  endfacet
  facet normal  0.000000e+000 -7.501161e-001 -6.613061e-001
    outer loop
      vertex -1.500000e+000  3.458973e+000 -1.927485e+001
      vertex  1.500000e+000  3.542063e+000 -1.936909e+001
      vertex  1.500000e+000  3.458973e+000 -1.927485e+001
    endloop
  endfacet
  facet normal  -0.000000e+000 -7.901502e-001 -6.129133e-001
    outer loop
      vertex -1.500000e+000  3.458973e+000 -1.927485e+001
      vertex  1.500000e+000  3.458973e+000 -1.927485e+001
      vertex -1.500000e+000  3.381966e+000 -1.917557e+001
    endloop
  endfacet
  facet normal  0.000000e+000 -7.901502e-001 -6.129133e-001
    outer loop
      vertex -1.500000e+000  3.381966e+000 -1.917557e+001
      vertex  1.500000e+000  3.458973e+000 -1.927485e+001
      vertex  1.500000e+000  3.381966e+000 -1.917557e+001
    endloop
  endfacet
  facet normal  -0.000000e+000 -8.270831e-001 -5.620797e-001
    outer loop
      vertex -1.500000e+000  3.381966e+000 -1.917557e+001
      vertex  1.500000e+000  3.381966e+000 -1.917557e+001
      vertex -1.500000e+000  3.311344e+000 -1.907165e+001
    endloop
  endfacet
  facet normal  0.000000e+000 -8.270831e-001 -5.620797e-001
    outer loop
      vertex -1.500000e+000  3.311344e+000 -1.907165e+001
      vertex  1.500000e+000  3.381966e+000 -1.917557e+001
      vertex  1.500000e+000  3.311344e+000 -1.907165e+001
    endloop
  endfacet
  facet normal  -0.000000e+000 -8.607431e-001 -5.090396e-001
    outer loop
      vertex -1.500000e+000  3.311344e+000 -1.907165e+001
      vertex  1.500000e+000  3.311344e+000 -1.907165e+001
      vertex -1.500000e+000  3.247387e+000 -1.896351e+001
    endloop
  endfacet
  facet normal  0.000000e+000 -8.607431e-001 -5.090396e-001
    outer loop
      vertex -1.500000e+000  3.247387e+000 -1.896351e+001
      vertex  1.500000e+000  3.311344e+000 -1.907165e+001
      vertex  1.500000e+000  3.247387e+000 -1.896351e+001
    endloop
  endfacet
  facet normal  -0.000000e+000 -8.910054e-001 -4.539925e-001
    outer loop
      vertex -1.500000e+000  3.247387e+000 -1.896351e+001
      vertex  1.500000e+000  3.247387e+000 -1.896351e+001
      vertex -1.500000e+000  3.190346e+000 -1.885156e+001
    endloop
  endfacet
  facet normal  0.000000e+000 -8.910054e-001 -4.539925e-001
    outer loop
      vertex -1.500000e+000  3.190346e+000 -1.885156e+001
      vertex  1.500000e+000  3.247387e+000 -1.896351e+001
      vertex  1.500000e+000  3.190346e+000 -1.885156e+001
    endloop
  endfacet
  facet normal  -0.000000e+000 -9.177537e-001 -3.971499e-001
    outer loop
      vertex -1.500000e+000  3.190346e+000 -1.885156e+001
      vertex  1.500000e+000  3.190346e+000 -1.885156e+001
      vertex -1.500000e+000  3.140447e+000 -1.873625e+001
    endloop
  endfacet
  facet normal  0.000000e+000 -9.177537e-001 -3.971499e-001
    outer loop
      vertex -1.500000e+000  3.140447e+000 -1.873625e+001
      vertex  1.500000e+000  3.190346e+000 -1.885156e+001
      vertex  1.500000e+000  3.140447e+000 -1.873625e+001
    endloop
  endfacet
  facet normal  -0.000000e+000 -9.408811e-001 -3.387371e-001
    outer loop
      vertex -1.500000e+000  3.140447e+000 -1.873625e+001
      vertex  1.500000e+000  3.140447e+000 -1.873625e+001
      vertex -1.500000e+000  3.097887e+000 -1.861803e+001
    endloop
  endfacet
  facet normal  0.000000e+000 -9.408811e-001 -3.387371e-001
    outer loop
      vertex -1.500000e+000  3.097887e+000 -1.861803e+001
      vertex  1.500000e+000  3.140447e+000 -1.873625e+001
      vertex  1.500000e+000  3.097887e+000 -1.861803e+001
    endloop
  endfacet
  facet normal  -0.000000e+000 -9.602942e-001 -2.789890e-001
    outer loop
      vertex -1.500000e+000  3.097887e+000 -1.861803e+001
      vertex  1.500000e+000  3.097887e+000 -1.861803e+001
      vertex -1.500000e+000  3.062834e+000 -1.849738e+001
    endloop
  endfacet
  facet normal  0.000000e+000 -9.602942e-001 -2.789890e-001
    outer loop
      vertex -1.500000e+000  3.062834e+000 -1.849738e+001
      vertex  1.500000e+000  3.097887e+000 -1.861803e+001
      vertex  1.500000e+000  3.062834e+000 -1.849738e+001
    endloop
  endfacet
  facet normal  -0.000000e+000 -9.759160e-001 -2.181469e-001
    outer loop
      vertex -1.500000e+000  3.062834e+000 -1.849738e+001
      vertex  1.500000e+000  3.062834e+000 -1.849738e+001
      vertex -1.500000e+000  3.035425e+000 -1.837476e+001
    endloop
  endfacet
  facet normal  0.000000e+000 -9.759160e-001 -2.181469e-001
    outer loop
      vertex -1.500000e+000  3.035425e+000 -1.837476e+001
      vertex  1.500000e+000  3.062834e+000 -1.849738e+001
      vertex  1.500000e+000  3.035425e+000 -1.837476e+001
    endloop
  endfacet
  facet normal  -0.000000e+000 -9.876888e-001 -1.564313e-001
    outer loop
      vertex -1.500000e+000  3.035425e+000 -1.837476e+001
      vertex  1.500000e+000  3.035425e+000 -1.837476e+001
      vertex -1.500000e+000  3.015771e+000 -1.825067e+001
    endloop
  endfacet
  facet normal  0.000000e+000 -9.876888e-001 -1.564313e-001
    outer loop
      vertex -1.500000e+000  3.015771e+000 -1.825067e+001
      vertex  1.500000e+000  3.035425e+000 -1.837476e+001
      vertex  1.500000e+000  3.015771e+000 -1.825067e+001
    endloop
  endfacet
  facet normal  -0.000000e+000 -9.955618e-001 -9.411004e-002
    outer loop
      vertex -1.500000e+000  3.015771e+000 -1.825067e+001
      vertex  1.500000e+000  3.015771e+000 -1.825067e+001
      vertex -1.500000e+000  3.003947e+000 -1.812558e+001
    endloop
  endfacet
  facet normal  0.000000e+000 -9.955618e-001 -9.411004e-002
    outer loop
      vertex -1.500000e+000  3.003947e+000 -1.812558e+001
      vertex  1.500000e+000  3.015771e+000 -1.825067e+001
      vertex  1.500000e+000  3.003947e+000 -1.812558e+001
    endloop
  endfacet
  facet normal  -0.000000e+000 -9.995065e-001 -3.141058e-002
    outer loop
      vertex -1.500000e+000  3.003947e+000 -1.812558e+001
      vertex  1.500000e+000  3.003947e+000 -1.812558e+001
      vertex -1.500000e+000  3.000000e+000 -1.800000e+001
    endloop
  endfacet
  facet normal  0.000000e+000 -9.995065e-001 -3.141058e-002
    outer loop
      vertex -1.500000e+000  3.000000e+000 -1.800000e+001
      vertex  1.500000e+000  3.003947e+000 -1.812558e+001
      vertex  1.500000e+000  3.000000e+000 -1.800000e+001
    endloop
  endfacet
  facet normal  0.000000e+000  9.995061e-001 -3.142385e-002
    outer loop
      vertex -1.500000e+000  5.300000e+001 -1.800000e+001
      vertex  1.500000e+000  5.300000e+001 -1.800000e+001
      vertex -1.500000e+000  5.299605e+001 -1.812558e+001
    endloop
  endfacet
  facet normal  0.000000e+000  9.995061e-001 -3.142385e-002
    outer loop
      vertex -1.500000e+000  5.299605e+001 -1.812558e+001
      vertex  1.500000e+000  5.300000e+001 -1.800000e+001
      vertex  1.500000e+000  5.299605e+001 -1.812558e+001
    endloop
  endfacet
  facet normal  0.000000e+000  9.955636e-001 -9.409123e-002
    outer loop
      vertex -1.500000e+000  5.299605e+001 -1.812558e+001
      vertex  1.500000e+000  5.299605e+001 -1.812558e+001
      vertex -1.500000e+000  5.298423e+001 -1.825067e+001
    endloop
  endfacet
  facet normal  0.000000e+000  9.955636e-001 -9.409123e-002
    outer loop
      vertex -1.500000e+000  5.298423e+001 -1.825067e+001
      vertex  1.500000e+000  5.299605e+001 -1.812558e+001
      vertex  1.500000e+000  5.298423e+001 -1.825067e+001
    endloop
  endfacet
  facet normal  0.000000e+000  9.876859e-001 -1.564498e-001
    outer loop
      vertex -1.500000e+000  5.298423e+001 -1.825067e+001
      vertex  1.500000e+000  5.298423e+001 -1.825067e+001
      vertex -1.500000e+000  5.296457e+001 -1.837476e+001
    endloop
  endfacet
  facet normal  0.000000e+000  9.876859e-001 -1.564498e-001
    outer loop
      vertex -1.500000e+000  5.296457e+001 -1.837476e+001
      vertex  1.500000e+000  5.298423e+001 -1.825067e+001
      vertex  1.500000e+000  5.296457e+001 -1.837476e+001
    endloop
  endfacet
  facet normal  0.000000e+000  9.759220e-001 -2.181198e-001
    outer loop
      vertex -1.500000e+000  5.296457e+001 -1.837476e+001
      vertex  1.500000e+000  5.296457e+001 -1.837476e+001
      vertex -1.500000e+000  5.293717e+001 -1.849738e+001
    endloop
  endfacet
  facet normal  0.000000e+000  9.759220e-001 -2.181198e-001
    outer loop
      vertex -1.500000e+000  5.293717e+001 -1.849738e+001
      vertex  1.500000e+000  5.296457e+001 -1.837476e+001
      vertex  1.500000e+000  5.293717e+001 -1.849738e+001
    endloop
  endfacet
  facet normal  0.000000e+000  9.602942e-001 -2.789890e-001
    outer loop
      vertex -1.500000e+000  5.293717e+001 -1.849738e+001
      vertex  1.500000e+000  5.293717e+001 -1.849738e+001
      vertex -1.500000e+000  5.290211e+001 -1.861803e+001
    endloop
  endfacet
  facet normal  0.000000e+000  9.602942e-001 -2.789890e-001
    outer loop
      vertex -1.500000e+000  5.290211e+001 -1.861803e+001
      vertex  1.500000e+000  5.293717e+001 -1.849738e+001
      vertex  1.500000e+000  5.290211e+001 -1.861803e+001
    endloop
  endfacet
  facet normal  0.000000e+000  9.408799e-001 -3.387404e-001
    outer loop
      vertex -1.500000e+000  5.290211e+001 -1.861803e+001
      vertex  1.500000e+000  5.290211e+001 -1.861803e+001
      vertex -1.500000e+000  5.285955e+001 -1.873625e+001
    endloop
  endfacet
  facet normal  0.000000e+000  9.408799e-001 -3.387404e-001
    outer loop
      vertex -1.500000e+000  5.285955e+001 -1.873625e+001
      vertex  1.500000e+000  5.290211e+001 -1.861803e+001
      vertex  1.500000e+000  5.285955e+001 -1.873625e+001
    endloop
  endfacet
  facet normal  0.000000e+000  9.177502e-001 -3.971579e-001
    outer loop
      vertex -1.500000e+000  5.285955e+001 -1.873625e+001
      vertex  1.500000e+000  5.285955e+001 -1.873625e+001
      vertex -1.500000e+000  5.280965e+001 -1.885156e+001
    endloop
  endfacet
  facet normal  0.000000e+000  9.177502e-001 -3.971579e-001
    outer loop
      vertex -1.500000e+000  5.280965e+001 -1.885156e+001
      vertex  1.500000e+000  5.285955e+001 -1.873625e+001
      vertex  1.500000e+000  5.280965e+001 -1.885156e+001
    endloop
  endfacet
  facet normal  0.000000e+000  8.910040e-001 -4.539956e-001
    outer loop
      vertex -1.500000e+000  5.280965e+001 -1.885156e+001
      vertex  1.500000e+000  5.280965e+001 -1.885156e+001
      vertex -1.500000e+000  5.275261e+001 -1.896351e+001
    endloop
  endfacet
  facet normal  0.000000e+000  8.910040e-001 -4.539956e-001
    outer loop
      vertex -1.500000e+000  5.275261e+001 -1.896351e+001
      vertex  1.500000e+000  5.280965e+001 -1.885156e+001
      vertex  1.500000e+000  5.275261e+001 -1.896351e+001
    endloop
  endfacet
  facet normal  0.000000e+000  8.607439e-001 -5.090382e-001
    outer loop
      vertex -1.500000e+000  5.275261e+001 -1.896351e+001
      vertex  1.500000e+000  5.275261e+001 -1.896351e+001
      vertex -1.500000e+000  5.268866e+001 -1.907165e+001
    endloop
  endfacet
  facet normal  0.000000e+000  8.607439e-001 -5.090382e-001
    outer loop
      vertex -1.500000e+000  5.268866e+001 -1.907165e+001
      vertex  1.500000e+000  5.275261e+001 -1.896351e+001
      vertex  1.500000e+000  5.268866e+001 -1.907165e+001
    endloop
  endfacet
  facet normal  0.000000e+000  8.270848e-001 -5.620770e-001
    outer loop
      vertex -1.500000e+000  5.268866e+001 -1.907165e+001
      vertex  1.500000e+000  5.268866e+001 -1.907165e+001
      vertex -1.500000e+000  5.261803e+001 -1.917557e+001
    endloop
  endfacet
  facet normal  0.000000e+000  8.270848e-001 -5.620770e-001
    outer loop
      vertex -1.500000e+000  5.261803e+001 -1.917557e+001
      vertex  1.500000e+000  5.268866e+001 -1.907165e+001
      vertex  1.500000e+000  5.261803e+001 -1.917557e+001
    endloop
  endfacet
  facet normal  0.000000e+000  7.901502e-001 -6.129133e-001
    outer loop
      vertex -1.500000e+000  5.261803e+001 -1.917557e+001
      vertex  1.500000e+000  5.261803e+001 -1.917557e+001
      vertex -1.500000e+000  5.254103e+001 -1.927485e+001
    endloop
  endfacet
  facet normal  0.000000e+000  7.901502e-001 -6.129133e-001
    outer loop
      vertex -1.500000e+000  5.254103e+001 -1.927485e+001
      vertex  1.500000e+000  5.261803e+001 -1.917557e+001
      vertex  1.500000e+000  5.254103e+001 -1.927485e+001
    endloop
  endfacet
  facet normal  0.000000e+000  7.501217e-001 -6.612997e-001
    outer loop
      vertex -1.500000e+000  5.254103e+001 -1.927485e+001
      vertex  1.500000e+000  5.254103e+001 -1.927485e+001
      vertex -1.500000e+000  5.245794e+001 -1.936909e+001
    endloop
  endfacet
  facet normal  0.000000e+000  7.501217e-001 -6.612997e-001
    outer loop
      vertex -1.500000e+000  5.245794e+001 -1.936909e+001
      vertex  1.500000e+000  5.254103e+001 -1.927485e+001
      vertex  1.500000e+000  5.245794e+001 -1.936909e+001
    endloop
  endfacet
  facet normal  0.000000e+000  7.070993e-001 -7.071144e-001
    outer loop
      vertex -1.500000e+000  5.245794e+001 -1.936909e+001
      vertex  1.500000e+000  5.245794e+001 -1.936909e+001
      vertex -1.500000e+000  5.236909e+001 -1.945794e+001
    endloop
  endfacet
  facet normal  0.000000e+000  7.070993e-001 -7.071144e-001
    outer loop
      vertex -1.500000e+000  5.236909e+001 -1.945794e+001
      vertex  1.500000e+000  5.245794e+001 -1.936909e+001
      vertex  1.500000e+000  5.236909e+001 -1.945794e+001
    endloop
  endfacet
  facet normal  0.000000e+000  6.613159e-001 -7.501076e-001
    outer loop
      vertex -1.500000e+000  5.236909e+001 -1.945794e+001
      vertex  1.500000e+000  5.236909e+001 -1.945794e+001
      vertex -1.500000e+000  5.227485e+001 -1.954103e+001
    endloop
  endfacet
  facet normal  0.000000e+000  6.613159e-001 -7.501076e-001
    outer loop
      vertex -1.500000e+000  5.227485e+001 -1.954103e+001
      vertex  1.500000e+000  5.236909e+001 -1.945794e+001
      vertex  1.500000e+000  5.227485e+001 -1.954103e+001
    endloop
  endfacet
  facet normal  0.000000e+000  6.129059e-001 -7.901559e-001
    outer loop
      vertex -1.500000e+000  5.227485e+001 -1.954103e+001
      vertex  1.500000e+000  5.227485e+001 -1.954103e+001
      vertex -1.500000e+000  5.217557e+001 -1.961803e+001
    endloop
  endfacet
  facet normal  0.000000e+000  6.129059e-001 -7.901559e-001
    outer loop
      vertex -1.500000e+000  5.217557e+001 -1.961803e+001
      vertex  1.500000e+000  5.227485e+001 -1.954103e+001
      vertex  1.500000e+000  5.217557e+001 -1.961803e+001
    endloop
  endfacet
  facet normal  0.000000e+000  5.620841e-001 -8.270801e-001
    outer loop
      vertex -1.500000e+000  5.217557e+001 -1.961803e+001
      vertex  1.500000e+000  5.217557e+001 -1.961803e+001
      vertex -1.500000e+000  5.207166e+001 -1.968866e+001
    endloop
  endfacet
  facet normal  0.000000e+000  5.620841e-001 -8.270801e-001
    outer loop
      vertex -1.500000e+000  5.207166e+001 -1.968866e+001
      vertex  1.500000e+000  5.217557e+001 -1.961803e+001
      vertex  1.500000e+000  5.207166e+001 -1.968866e+001
    endloop
  endfacet
  facet normal  0.000000e+000  5.090382e-001 -8.607439e-001
    outer loop
      vertex -1.500000e+000  5.207166e+001 -1.968866e+001
      vertex  1.500000e+000  5.207166e+001 -1.968866e+001
      vertex -1.500000e+000  5.196351e+001 -1.975261e+001
    endloop
  endfacet
  facet normal  0.000000e+000  5.090382e-001 -8.607439e-001
    outer loop
      vertex -1.500000e+000  5.196351e+001 -1.975261e+001
      vertex  1.500000e+000  5.207166e+001 -1.968866e+001
      vertex  1.500000e+000  5.196351e+001 -1.975261e+001
    endloop
  endfacet
  facet normal  0.000000e+000  4.539894e-001 -8.910071e-001
    outer loop
      vertex -1.500000e+000  5.196351e+001 -1.975261e+001
      vertex  1.500000e+000  5.196351e+001 -1.975261e+001
      vertex -1.500000e+000  5.185156e+001 -1.980965e+001
    endloop
  endfacet
  facet normal  0.000000e+000  4.539894e-001 -8.910071e-001
    outer loop
      vertex -1.500000e+000  5.185156e+001 -1.980965e+001
      vertex  1.500000e+000  5.196351e+001 -1.975261e+001
      vertex  1.500000e+000  5.185156e+001 -1.980965e+001
    endloop
  endfacet
  facet normal  0.000000e+000  3.971396e-001 -9.177582e-001
    outer loop
      vertex -1.500000e+000  5.185156e+001 -1.980965e+001
      vertex  1.500000e+000  5.185156e+001 -1.980965e+001
      vertex -1.500000e+000  5.173625e+001 -1.985955e+001
    endloop
  endfacet
  facet normal  0.000000e+000  3.971396e-001 -9.177582e-001
    outer loop
      vertex -1.500000e+000  5.173625e+001 -1.985955e+001
      vertex  1.500000e+000  5.185156e+001 -1.980965e+001
      vertex  1.500000e+000  5.173625e+001 -1.985955e+001
    endloop
  endfacet
  facet normal  0.000000e+000  3.387453e-001 -9.408782e-001
    outer loop
      vertex -1.500000e+000  5.173625e+001 -1.985955e+001
      vertex  1.500000e+000  5.173625e+001 -1.985955e+001
      vertex -1.500000e+000  5.161803e+001 -1.990211e+001
    endloop
  endfacet
  facet normal  0.000000e+000  3.387453e-001 -9.408782e-001
    outer loop
      vertex -1.500000e+000  5.161803e+001 -1.990211e+001
      vertex  1.500000e+000  5.173625e+001 -1.985955e+001
      vertex  1.500000e+000  5.161803e+001 -1.990211e+001
    endloop
  endfacet
  facet normal  0.000000e+000  2.789890e-001 -9.602942e-001
    outer loop
      vertex -1.500000e+000  5.161803e+001 -1.990211e+001
      vertex  1.500000e+000  5.161803e+001 -1.990211e+001
      vertex -1.500000e+000  5.149738e+001 -1.993717e+001
    endloop
  endfacet
  facet normal  0.000000e+000  2.789890e-001 -9.602942e-001
    outer loop
      vertex -1.500000e+000  5.149738e+001 -1.993717e+001
      vertex  1.500000e+000  5.161803e+001 -1.990211e+001
      vertex  1.500000e+000  5.149738e+001 -1.993717e+001
    endloop
  endfacet
  facet normal  0.000000e+000  2.181487e-001 -9.759156e-001
    outer loop
      vertex -1.500000e+000  5.149738e+001 -1.993717e+001
      vertex  1.500000e+000  5.149738e+001 -1.993717e+001
      vertex -1.500000e+000  5.137476e+001 -1.996457e+001
    endloop
  endfacet
  facet normal  0.000000e+000  2.181487e-001 -9.759156e-001
    outer loop
      vertex -1.500000e+000  5.137476e+001 -1.996457e+001
      vertex  1.500000e+000  5.149738e+001 -1.993717e+001
      vertex  1.500000e+000  5.137476e+001 -1.996457e+001
    endloop
  endfacet
  facet normal  0.000000e+000  1.564373e-001 -9.876879e-001
    outer loop
      vertex -1.500000e+000  5.137476e+001 -1.996457e+001
      vertex  1.500000e+000  5.137476e+001 -1.996457e+001
      vertex -1.500000e+000  5.125067e+001 -1.998423e+001
    endloop
  endfacet
  facet normal  0.000000e+000  1.564373e-001 -9.876879e-001
    outer loop
      vertex -1.500000e+000  5.125067e+001 -1.998423e+001
      vertex  1.500000e+000  5.137476e+001 -1.996457e+001
      vertex  1.500000e+000  5.125067e+001 -1.998423e+001
    endloop
  endfacet
  facet normal  0.000000e+000  9.410343e-002 -9.955624e-001
    outer loop
      vertex -1.500000e+000  5.125067e+001 -1.998423e+001
      vertex  1.500000e+000  5.125067e+001 -1.998423e+001
      vertex -1.500000e+000  5.112558e+001 -1.999605e+001
    endloop
  endfacet
  facet normal  0.000000e+000  9.410343e-002 -9.955624e-001
    outer loop
      vertex -1.500000e+000  5.112558e+001 -1.999605e+001
      vertex  1.500000e+000  5.125067e+001 -1.998423e+001
      vertex  1.500000e+000  5.112558e+001 -1.999605e+001
    endloop
  endfacet
  facet normal  0.000000e+000  3.140916e-002 -9.995067e-001
    outer loop
      vertex -1.500000e+000  5.112558e+001 -1.999605e+001
      vertex  1.500000e+000  5.112558e+001 -1.999605e+001
      vertex -1.500000e+000  5.100000e+001 -2.000000e+001
    endloop
  endfacet
  facet normal  0.000000e+000  3.140916e-002 -9.995067e-001
    outer loop
      vertex -1.500000e+000  5.100000e+001 -2.000000e+001
      vertex  1.500000e+000  5.112558e+001 -1.999605e+001
      vertex  1.500000e+000  5.100000e+001 -2.000000e+001
    endloop
  endfacet
  facet normal  0.000000e+000 -9.789466e-001  2.041169e-001
    outer loop
      vertex -1.500000e+000  4.820606e+001  2.484730e+001
      vertex  1.500000e+000  4.820606e+001  2.484730e+001
      vertex -1.500000e+000  4.823139e+001  2.496878e+001
    endloop
  endfacet
  facet normal  0.000000e+000 -9.789466e-001  2.041169e-001
    outer loop
      vertex -1.500000e+000  4.823139e+001  2.496878e+001
      vertex  1.500000e+000  4.820606e+001  2.484730e+001
      vertex  1.500000e+000  4.823139e+001  2.496878e+001
    endloop
  endfacet
  facet normal  0.000000e+000 -9.644039e-001  2.644333e-001
    outer loop
      vertex -1.500000e+000  4.823139e+001  2.496878e+001
      vertex  1.500000e+000  4.823139e+001  2.496878e+001
      vertex -1.500000e+000  4.826420e+001  2.508845e+001
    endloop
  endfacet
  facet normal  0.000000e+000 -9.644039e-001  2.644333e-001
    outer loop
      vertex -1.500000e+000  4.826420e+001  2.508845e+001
      vertex  1.500000e+000  4.823139e+001  2.496878e+001
      vertex  1.500000e+000  4.826420e+001  2.508845e+001
    endloop
  endfacet
  facet normal  0.000000e+000 -9.461497e-001  3.237293e-001
    outer loop
      vertex -1.500000e+000  4.826420e+001  2.508845e+001
      vertex  1.500000e+000  4.826420e+001  2.508845e+001
      vertex -1.500000e+000  4.830437e+001  2.520586e+001
    endloop
  endfacet
  facet normal  0.000000e+000 -9.461497e-001  3.237293e-001
    outer loop
      vertex -1.500000e+000  4.830437e+001  2.520586e+001
      vertex  1.500000e+000  4.826420e+001  2.508845e+001
      vertex  1.500000e+000  4.830437e+001  2.520586e+001
    endloop
  endfacet
  facet normal  0.000000e+000 -9.242436e-001  3.818032e-001
    outer loop
      vertex -1.500000e+000  4.830437e+001  2.520586e+001
      vertex  1.500000e+000  4.830437e+001  2.520586e+001
      vertex -1.500000e+000  4.835175e+001  2.532055e+001
    endloop
  endfacet
  facet normal  0.000000e+000 -9.242436e-001  3.818032e-001
    outer loop
      vertex -1.500000e+000  4.835175e+001  2.532055e+001
      vertex  1.500000e+000  4.830437e+001  2.520586e+001
      vertex  1.500000e+000  4.835175e+001  2.532055e+001
    endloop
  endfacet
  facet normal  0.000000e+000 -8.987980e-001  4.383631e-001
    outer loop
      vertex -1.500000e+000  4.835175e+001  2.532055e+001
      vertex  1.500000e+000  4.835175e+001  2.532055e+001
      vertex -1.500000e+000  4.840615e+001  2.543209e+001
    endloop
  endfacet
  facet normal  0.000000e+000 -8.987980e-001  4.383631e-001
    outer loop
      vertex -1.500000e+000  4.840615e+001  2.543209e+001
      vertex  1.500000e+000  4.835175e+001  2.532055e+001
      vertex  1.500000e+000  4.840615e+001  2.543209e+001
    endloop
  endfacet
  facet normal  0.000000e+000 -8.698767e-001  4.932693e-001
    outer loop
      vertex -1.500000e+000  4.840615e+001  2.543209e+001
      vertex  1.500000e+000  4.840615e+001  2.543209e+001
      vertex -1.500000e+000  4.846736e+001  2.554003e+001
    endloop
  endfacet
  facet normal  0.000000e+000 -8.698767e-001  4.932693e-001
    outer loop
      vertex -1.500000e+000  4.846736e+001  2.554003e+001
      vertex  1.500000e+000  4.840615e+001  2.543209e+001
      vertex  1.500000e+000  4.846736e+001  2.554003e+001
    endloop
  endfacet
  facet normal  0.000000e+000 -8.376167e-001  5.462584e-001
    outer loop
      vertex -1.500000e+000  4.846736e+001  2.554003e+001
      vertex  1.500000e+000  4.846736e+001  2.554003e+001
      vertex -1.500000e+000  4.853515e+001  2.564397e+001
    endloop
  endfacet
  facet normal  0.000000e+000 -8.376167e-001  5.462584e-001
    outer loop
      vertex -1.500000e+000  4.853515e+001  2.564397e+001
      vertex  1.500000e+000  4.846736e+001  2.554003e+001
      vertex  1.500000e+000  4.853515e+001  2.564397e+001
    endloop
  endfacet
  facet normal  0.000000e+000 -8.021161e-001  5.971681e-001
    outer loop
      vertex -1.500000e+000  4.853515e+001  2.564397e+001
      vertex  1.500000e+000  4.853515e+001  2.564397e+001
      vertex -1.500000e+000  4.860925e+001  2.574351e+001
    endloop
  endfacet
  facet normal  0.000000e+000 -8.021161e-001  5.971681e-001
    outer loop
      vertex -1.500000e+000  4.860925e+001  2.574351e+001
      vertex  1.500000e+000  4.853515e+001  2.564397e+001
      vertex  1.500000e+000  4.860925e+001  2.574351e+001
    endloop
  endfacet
  facet normal  0.000000e+000 -7.635495e-001  6.457493e-001
    outer loop
      vertex -1.500000e+000  4.860925e+001  2.574351e+001
      vertex  1.500000e+000  4.860925e+001  2.574351e+001
      vertex -1.500000e+000  4.868938e+001  2.583826e+001
    endloop
  endfacet
  facet normal  0.000000e+000 -7.635495e-001  6.457493e-001
    outer loop
      vertex -1.500000e+000  4.868938e+001  2.583826e+001
      vertex  1.500000e+000  4.860925e+001  2.574351e+001
      vertex  1.500000e+000  4.868938e+001  2.583826e+001
    endloop
  endfacet
  facet normal  0.000000e+000 -7.220240e-001  6.918679e-001
    outer loop
      vertex -1.500000e+000  4.868938e+001  2.583826e+001
      vertex  1.500000e+000  4.868938e+001  2.583826e+001
      vertex -1.500000e+000  4.877524e+001  2.592786e+001
    endloop
  endfacet
  facet normal  0.000000e+000 -7.220240e-001  6.918679e-001
    outer loop
      vertex -1.500000e+000  4.877524e+001  2.592786e+001
      vertex  1.500000e+000  4.868938e+001  2.583826e+001
      vertex  1.500000e+000  4.877524e+001  2.592786e+001
    endloop
  endfacet
  facet normal  0.000000e+000 -6.777393e-001  7.353024e-001
    outer loop
      vertex -1.500000e+000  4.877524e+001  2.592786e+001
      vertex  1.500000e+000  4.877524e+001  2.592786e+001
      vertex -1.500000e+000  4.886649e+001  2.601196e+001
    endloop
  endfacet
  facet normal  0.000000e+000 -6.777393e-001  7.353024e-001
    outer loop
      vertex -1.500000e+000  4.886649e+001  2.601196e+001
      vertex  1.500000e+000  4.877524e+001  2.592786e+001
      vertex  1.500000e+000  4.886649e+001  2.601196e+001
    endloop
  endfacet
  facet normal  0.000000e+000 -6.308275e-001  7.759231e-001
    outer loop
      vertex -1.500000e+000  4.886649e+001  2.601196e+001
      vertex  1.500000e+000  4.886649e+001  2.601196e+001
      vertex -1.500000e+000  4.896277e+001  2.609024e+001
    endloop
  endfacet
  facet normal  0.000000e+000 -6.308275e-001  7.759231e-001
    outer loop
      vertex -1.500000e+000  4.896277e+001  2.609024e+001
      vertex  1.500000e+000  4.886649e+001  2.601196e+001
      vertex  1.500000e+000  4.896277e+001  2.609024e+001
    endloop
  endfacet
  facet normal  0.000000e+000 -5.814912e-001  8.135527e-001
    outer loop
      vertex -1.500000e+000  4.896277e+001  2.609024e+001
      vertex  1.500000e+000  4.896277e+001  2.609024e+001
      vertex -1.500000e+000  4.906373e+001  2.616240e+001
    endloop
  endfacet
  facet normal  0.000000e+000 -5.814912e-001  8.135527e-001
    outer loop
      vertex -1.500000e+000  4.906373e+001  2.616240e+001
      vertex  1.500000e+000  4.896277e+001  2.609024e+001
      vertex  1.500000e+000  4.906373e+001  2.616240e+001
    endloop
  endfacet
  facet normal  0.000000e+000 -5.299133e-001  8.480518e-001
    outer loop
      vertex -1.500000e+000  4.906373e+001  2.616240e+001
      vertex  1.500000e+000  4.906373e+001  2.616240e+001
      vertex -1.500000e+000  4.916896e+001  2.622816e+001
    endloop
  endfacet
  facet normal  0.000000e+000 -5.299133e-001  8.480518e-001
    outer loop
      vertex -1.500000e+000  4.916896e+001  2.622816e+001
      vertex  1.500000e+000  4.906373e+001  2.616240e+001
      vertex  1.500000e+000  4.916896e+001  2.622816e+001
    endloop
  endfacet
  facet normal  0.000000e+000 -4.763118e-001  8.792763e-001
    outer loop
      vertex -1.500000e+000  4.916896e+001  2.622816e+001
      vertex  1.500000e+000  4.916896e+001  2.622816e+001
      vertex -1.500000e+000  4.927808e+001  2.628727e+001
    endloop
  endfacet
  facet normal  0.000000e+000 -4.763118e-001  8.792763e-001
    outer loop
      vertex -1.500000e+000  4.927808e+001  2.628727e+001
      vertex  1.500000e+000  4.916896e+001  2.622816e+001
      vertex  1.500000e+000  4.927808e+001  2.628727e+001
    endloop
  endfacet
  facet normal  0.000000e+000 -4.208557e-001  9.071276e-001
    outer loop
      vertex -1.500000e+000  4.927808e+001  2.628727e+001
      vertex  1.500000e+000  4.927808e+001  2.628727e+001
      vertex -1.500000e+000  4.939064e+001  2.633949e+001
    endloop
  endfacet
  facet normal  0.000000e+000 -4.208557e-001  9.071276e-001
    outer loop
      vertex -1.500000e+000  4.939064e+001  2.633949e+001
      vertex  1.500000e+000  4.927808e+001  2.628727e+001
      vertex  1.500000e+000  4.939064e+001  2.633949e+001
    endloop
  endfacet
  facet normal  0.000000e+000 -3.637884e-001  9.314816e-001
    outer loop
      vertex -1.500000e+000  4.939064e+001  2.633949e+001
      vertex  1.500000e+000  4.939064e+001  2.633949e+001
      vertex -1.500000e+000  4.950623e+001  2.638463e+001
    endloop
  endfacet
  facet normal  0.000000e+000 -3.637884e-001  9.314816e-001
    outer loop
      vertex -1.500000e+000  4.950623e+001  2.638463e+001
      vertex  1.500000e+000  4.939064e+001  2.633949e+001
      vertex  1.500000e+000  4.950623e+001  2.638463e+001
    endloop
  endfacet
  facet normal  0.000000e+000 -3.053295e-001  9.522467e-001
    outer loop
      vertex -1.500000e+000  4.950623e+001  2.638463e+001
      vertex  1.500000e+000  4.950623e+001  2.638463e+001
      vertex -1.500000e+000  4.962440e+001  2.642252e+001
    endloop
  endfacet
  facet normal  0.000000e+000 -3.053295e-001  9.522467e-001
    outer loop
      vertex -1.500000e+000  4.962440e+001  2.642252e+001
      vertex  1.500000e+000  4.950623e+001  2.638463e+001
      vertex  1.500000e+000  4.962440e+001  2.642252e+001
    endloop
  endfacet
  facet normal  0.000000e+000 -2.456808e-001  9.693508e-001
    outer loop
      vertex -1.500000e+000  4.962440e+001  2.642252e+001
      vertex  1.500000e+000  4.962440e+001  2.642252e+001
      vertex -1.500000e+000  4.974469e+001  2.645301e+001
    endloop
  endfacet
  facet normal  0.000000e+000 -2.456808e-001  9.693508e-001
    outer loop
      vertex -1.500000e+000  4.974469e+001  2.645301e+001
      vertex  1.500000e+000  4.962440e+001  2.642252e+001
      vertex  1.500000e+000  4.974469e+001  2.645301e+001
    endloop
  endfacet
  facet normal  0.000000e+000 -1.850903e-001  9.827215e-001
    outer loop
      vertex -1.500000e+000  4.974469e+001  2.645301e+001
      vertex  1.500000e+000  4.974469e+001  2.645301e+001
      vertex -1.500000e+000  4.986664e+001  2.647598e+001
    endloop
  endfacet
  facet normal  0.000000e+000 -1.850903e-001  9.827215e-001
    outer loop
      vertex -1.500000e+000  4.986664e+001  2.647598e+001
      vertex  1.500000e+000  4.974469e+001  2.645301e+001
      vertex  1.500000e+000  4.986664e+001  2.647598e+001
    endloop
  endfacet
  facet normal  0.000000e+000 -1.237926e-001  9.923081e-001
    outer loop
      vertex -1.500000e+000  4.986664e+001  2.647598e+001
      vertex  1.500000e+000  4.986664e+001  2.647598e+001
      vertex -1.500000e+000  4.998978e+001  2.649134e+001
    endloop
  endfacet
  facet normal  0.000000e+000 -1.237926e-001  9.923081e-001
    outer loop
      vertex -1.500000e+000  4.998978e+001  2.649134e+001
      vertex  1.500000e+000  4.986664e+001  2.647598e+001
      vertex  1.500000e+000  4.998978e+001  2.649134e+001
    endloop
  endfacet
  facet normal  0.000000e+000 -6.202039e-002  9.980749e-001
    outer loop
      vertex -1.500000e+000  4.998978e+001  2.649134e+001
      vertex  1.500000e+000  4.998978e+001  2.649134e+001
      vertex -1.500000e+000  5.011363e+001  2.649904e+001
    endloop
  endfacet
  facet normal  0.000000e+000 -6.202039e-002  9.980749e-001
    outer loop
      vertex -1.500000e+000  5.011363e+001  2.649904e+001
      vertex  1.500000e+000  4.998978e+001  2.649134e+001
      vertex  1.500000e+000  5.011363e+001  2.649904e+001
    endloop
  endfacet
  facet normal  0.000000e+000  0.000000e+000  9.999999e-001
    outer loop
      vertex -1.500000e+000  5.011363e+001  2.649904e+001
      vertex  1.500000e+000  5.011363e+001  2.649904e+001
      vertex -1.500000e+000  5.023772e+001  2.649904e+001
    endloop
  endfacet
  facet normal  -0.000000e+000  0.000000e+000  9.999999e-001
    outer loop
      vertex -1.500000e+000  5.023772e+001  2.649904e+001
      vertex  1.500000e+000  5.011363e+001  2.649904e+001
      vertex  1.500000e+000  5.023772e+001  2.649904e+001
    endloop
  endfacet
  facet normal  0.000000e+000  6.201850e-002  9.980751e-001
    outer loop
      vertex -1.500000e+000  5.023772e+001  2.649904e+001
      vertex  1.500000e+000  5.023772e+001  2.649904e+001
      vertex -1.500000e+000  5.036158e+001  2.649134e+001
    endloop
  endfacet
  facet normal  -0.000000e+000  6.201850e-002  9.980751e-001
    outer loop
      vertex -1.500000e+000  5.036158e+001  2.649134e+001
      vertex  1.500000e+000  5.023772e+001  2.649904e+001
      vertex  1.500000e+000  5.036158e+001  2.649134e+001
    endloop
  endfacet
  facet normal  0.000000e+000  1.237926e-001  9.923081e-001
    outer loop
      vertex -1.500000e+000  5.036158e+001  2.649134e+001
      vertex  1.500000e+000  5.036158e+001  2.649134e+001
      vertex -1.500000e+000  5.048471e+001  2.647598e+001
    endloop
  endfacet
  facet normal  -0.000000e+000  1.237926e-001  9.923081e-001
    outer loop
      vertex -1.500000e+000  5.048471e+001  2.647598e+001
      vertex  1.500000e+000  5.036158e+001  2.649134e+001
      vertex  1.500000e+000  5.048471e+001  2.647598e+001
    endloop
  endfacet
  facet normal  0.000000e+000  1.850903e-001  9.827215e-001
    outer loop
      vertex -1.500000e+000  5.048471e+001  2.647598e+001
      vertex  1.500000e+000  5.048471e+001  2.647598e+001
      vertex -1.500000e+000  5.060666e+001  2.645301e+001
    endloop
  endfacet
  facet normal  -0.000000e+000  1.850903e-001  9.827215e-001
    outer loop
      vertex -1.500000e+000  5.060666e+001  2.645301e+001
      vertex  1.500000e+000  5.048471e+001  2.647598e+001
      vertex  1.500000e+000  5.060666e+001  2.645301e+001
    endloop
  endfacet
  facet normal  0.000000e+000  2.456808e-001  9.693508e-001
    outer loop
      vertex -1.500000e+000  5.060666e+001  2.645301e+001
      vertex  1.500000e+000  5.060666e+001  2.645301e+001
      vertex -1.500000e+000  5.072695e+001  2.642252e+001
    endloop
  endfacet
  facet normal  -0.000000e+000  2.456808e-001  9.693508e-001
    outer loop
      vertex -1.500000e+000  5.072695e+001  2.642252e+001
      vertex  1.500000e+000  5.060666e+001  2.645301e+001
      vertex  1.500000e+000  5.072695e+001  2.642252e+001
    endloop
  endfacet
  facet normal  0.000000e+000  3.053384e-001  9.522439e-001
    outer loop
      vertex -1.500000e+000  5.072695e+001  2.642252e+001
      vertex  1.500000e+000  5.072695e+001  2.642252e+001
      vertex -1.500000e+000  5.084512e+001  2.638463e+001
    endloop
  endfacet
  facet normal  -0.000000e+000  3.053384e-001  9.522439e-001
    outer loop
      vertex -1.500000e+000  5.084512e+001  2.638463e+001
      vertex  1.500000e+000  5.072695e+001  2.642252e+001
      vertex  1.500000e+000  5.084512e+001  2.638463e+001
    endloop
  endfacet
  facet normal  0.000000e+000  3.637884e-001  9.314816e-001
    outer loop
      vertex -1.500000e+000  5.084512e+001  2.638463e+001
      vertex  1.500000e+000  5.084512e+001  2.638463e+001
      vertex -1.500000e+000  5.096070e+001  2.633949e+001
    endloop
  endfacet
  facet normal  -0.000000e+000  3.637884e-001  9.314816e-001
    outer loop
      vertex -1.500000e+000  5.096070e+001  2.633949e+001
      vertex  1.500000e+000  5.084512e+001  2.638463e+001
      vertex  1.500000e+000  5.096070e+001  2.633949e+001
    endloop
  endfacet
  facet normal  0.000000e+000  4.208557e-001  9.071276e-001
    outer loop
      vertex -1.500000e+000  5.096070e+001  2.633949e+001
      vertex  1.500000e+000  5.096070e+001  2.633949e+001
      vertex -1.500000e+000  5.107327e+001  2.628727e+001
    endloop
  endfacet
  facet normal  -0.000000e+000  4.208557e-001  9.071276e-001
    outer loop
      vertex -1.500000e+000  5.107327e+001  2.628727e+001
      vertex  1.500000e+000  5.096070e+001  2.633949e+001
      vertex  1.500000e+000  5.107327e+001  2.628727e+001
    endloop
  endfacet
  facet normal  0.000000e+000  4.763118e-001  8.792763e-001
    outer loop
      vertex -1.500000e+000  5.107327e+001  2.628727e+001
      vertex  1.500000e+000  5.107327e+001  2.628727e+001
      vertex -1.500000e+000  5.118238e+001  2.622816e+001
    endloop
  endfacet
  facet normal  -0.000000e+000  4.763118e-001  8.792763e-001
    outer loop
      vertex -1.500000e+000  5.118238e+001  2.622816e+001
      vertex  1.500000e+000  5.107327e+001  2.628727e+001
      vertex  1.500000e+000  5.118238e+001  2.622816e+001
    endloop
  endfacet
  facet normal  0.000000e+000  5.299133e-001  8.480518e-001
    outer loop
      vertex -1.500000e+000  5.118238e+001  2.622816e+001
      vertex  1.500000e+000  5.118238e+001  2.622816e+001
      vertex -1.500000e+000  5.128762e+001  2.616240e+001
    endloop
  endfacet
  facet normal  -0.000000e+000  5.299133e-001  8.480518e-001
    outer loop
      vertex -1.500000e+000  5.128762e+001  2.616240e+001
      vertex  1.500000e+000  5.118238e+001  2.622816e+001
      vertex  1.500000e+000  5.128762e+001  2.616240e+001
    endloop
  endfacet
  facet normal  0.000000e+000  5.814912e-001  8.135527e-001
    outer loop
      vertex -1.500000e+000  5.128762e+001  2.616240e+001
      vertex  1.500000e+000  5.128762e+001  2.616240e+001
      vertex -1.500000e+000  5.138858e+001  2.609024e+001
    endloop
  endfacet
  facet normal  -0.000000e+000  5.814912e-001  8.135527e-001
    outer loop
      vertex -1.500000e+000  5.138858e+001  2.609024e+001
      vertex  1.500000e+000  5.128762e+001  2.616240e+001
      vertex  1.500000e+000  5.138858e+001  2.609024e+001
    endloop
  endfacet
  facet normal  0.000000e+000  6.308275e-001  7.759231e-001
    outer loop
      vertex -1.500000e+000  5.138858e+001  2.609024e+001
      vertex  1.500000e+000  5.138858e+001  2.609024e+001
      vertex -1.500000e+000  5.148486e+001  2.601196e+001
    endloop
  endfacet
  facet normal  -0.000000e+000  6.308275e-001  7.759231e-001
    outer loop
      vertex -1.500000e+000  5.148486e+001  2.601196e+001
      vertex  1.500000e+000  5.138858e+001  2.609024e+001
      vertex  1.500000e+000  5.148486e+001  2.601196e+001
    endloop
  endfacet
  facet normal  0.000000e+000  6.777238e-001  7.353165e-001
    outer loop
      vertex -1.500000e+000  5.148486e+001  2.601196e+001
      vertex  1.500000e+000  5.148486e+001  2.601196e+001
      vertex -1.500000e+000  5.157611e+001  2.592786e+001
    endloop
  endfacet
  facet normal  -0.000000e+000  6.777238e-001  7.353165e-001
    outer loop
      vertex -1.500000e+000  5.157611e+001  2.592786e+001
      vertex  1.500000e+000  5.148486e+001  2.601196e+001
      vertex  1.500000e+000  5.157611e+001  2.592786e+001
    endloop
  endfacet
  facet normal  0.000000e+000  7.220394e-001  6.918519e-001
    outer loop
      vertex -1.500000e+000  5.157611e+001  2.592786e+001
      vertex  1.500000e+000  5.157611e+001  2.592786e+001
      vertex -1.500000e+000  5.166196e+001  2.583826e+001
    endloop
  endfacet
  facet normal  -0.000000e+000  7.220394e-001  6.918519e-001
    outer loop
      vertex -1.500000e+000  5.166196e+001  2.583826e+001
      vertex  1.500000e+000  5.157611e+001  2.592786e+001
      vertex  1.500000e+000  5.166196e+001  2.583826e+001
    endloop
  endfacet
  facet normal  0.000000e+000  7.635344e-001  6.457673e-001
    outer loop
      vertex -1.500000e+000  5.166196e+001  2.583826e+001
      vertex  1.500000e+000  5.166196e+001  2.583826e+001
      vertex -1.500000e+000  5.174210e+001  2.574351e+001
    endloop
  endfacet
  facet normal  -0.000000e+000  7.635344e-001  6.457673e-001
    outer loop
      vertex -1.500000e+000  5.174210e+001  2.574351e+001
      vertex  1.500000e+000  5.166196e+001  2.583826e+001
      vertex  1.500000e+000  5.174210e+001  2.574351e+001
    endloop
  endfacet
  facet normal  0.000000e+000  8.021308e-001  5.971484e-001
    outer loop
      vertex -1.500000e+000  5.174210e+001  2.574351e+001
      vertex  1.500000e+000  5.174210e+001  2.574351e+001
      vertex -1.500000e+000  5.181620e+001  2.564397e+001
    endloop
  endfacet
  facet normal  -0.000000e+000  8.021308e-001  5.971484e-001
    outer loop
      vertex -1.500000e+000  5.181620e+001  2.564397e+001
      vertex  1.500000e+000  5.174210e+001  2.574351e+001
      vertex  1.500000e+000  5.181620e+001  2.564397e+001
    endloop
  endfacet
  facet normal  0.000000e+000  8.376167e-001  5.462584e-001
    outer loop
      vertex -1.500000e+000  5.181620e+001  2.564397e+001
      vertex  1.500000e+000  5.181620e+001  2.564397e+001
      vertex -1.500000e+000  5.188399e+001  2.554003e+001
    endloop
  endfacet
  facet normal  -0.000000e+000  8.376167e-001  5.462584e-001
    outer loop
      vertex -1.500000e+000  5.188399e+001  2.554003e+001
      vertex  1.500000e+000  5.181620e+001  2.564397e+001
      vertex  1.500000e+000  5.188399e+001  2.554003e+001
    endloop
  endfacet
  facet normal  0.000000e+000  8.698767e-001  4.932693e-001
    outer loop
      vertex -1.500000e+000  5.188399e+001  2.554003e+001
      vertex  1.500000e+000  5.188399e+001  2.554003e+001
      vertex -1.500000e+000  5.194520e+001  2.543209e+001
    endloop
  endfacet
  facet normal  -0.000000e+000  8.698767e-001  4.932693e-001
    outer loop
      vertex -1.500000e+000  5.194520e+001  2.543209e+001
      vertex  1.500000e+000  5.188399e+001  2.554003e+001
      vertex  1.500000e+000  5.194520e+001  2.543209e+001
    endloop
  endfacet
  facet normal  0.000000e+000  8.987980e-001  4.383631e-001
    outer loop
      vertex -1.500000e+000  5.194520e+001  2.543209e+001
      vertex  1.500000e+000  5.194520e+001  2.543209e+001
      vertex -1.500000e+000  5.199960e+001  2.532055e+001
    endloop
  endfacet
  facet normal  -0.000000e+000  8.987980e-001  4.383631e-001
    outer loop
      vertex -1.500000e+000  5.199960e+001  2.532055e+001
      vertex  1.500000e+000  5.194520e+001  2.543209e+001
      vertex  1.500000e+000  5.199960e+001  2.532055e+001
    endloop
  endfacet
  facet normal  0.000000e+000  9.242436e-001  3.818032e-001
    outer loop
      vertex -1.500000e+000  5.199960e+001  2.532055e+001
      vertex  1.500000e+000  5.199960e+001  2.532055e+001
      vertex -1.500000e+000  5.204697e+001  2.520586e+001
    endloop
  endfacet
  facet normal  -0.000000e+000  9.242436e-001  3.818032e-001
    outer loop
      vertex -1.500000e+000  5.204697e+001  2.520586e+001
      vertex  1.500000e+000  5.199960e+001  2.532055e+001
      vertex  1.500000e+000  5.204697e+001  2.520586e+001
    endloop
  endfacet
  facet normal  0.000000e+000  9.461497e-001  3.237293e-001
    outer loop
      vertex -1.500000e+000  5.204697e+001  2.520586e+001
      vertex  1.500000e+000  5.204697e+001  2.520586e+001
      vertex -1.500000e+000  5.208715e+001  2.508845e+001
    endloop
  endfacet
  facet normal  -0.000000e+000  9.461497e-001  3.237293e-001
    outer loop
      vertex -1.500000e+000  5.208715e+001  2.508845e+001
      vertex  1.500000e+000  5.204697e+001  2.520586e+001
      vertex  1.500000e+000  5.208715e+001  2.508845e+001
    endloop
  endfacet
  facet normal  0.000000e+000  9.644039e-001  2.644333e-001
    outer loop
      vertex -1.500000e+000  5.208715e+001  2.508845e+001
      vertex  1.500000e+000  5.208715e+001  2.508845e+001
      vertex -1.500000e+000  5.211996e+001  2.496878e+001
    endloop
  endfacet
  facet normal  -0.000000e+000  9.644039e-001  2.644333e-001
    outer loop
      vertex -1.500000e+000  5.211996e+001  2.496878e+001
      vertex  1.500000e+000  5.208715e+001  2.508845e+001
      vertex  1.500000e+000  5.211996e+001  2.496878e+001
    endloop
  endfacet
  facet normal  0.000000e+000  9.789466e-001  2.041169e-001
    outer loop
      vertex -1.500000e+000  5.211996e+001  2.496878e+001
      vertex  1.500000e+000  5.211996e+001  2.496878e+001
      vertex -1.500000e+000  5.214529e+001  2.484730e+001
    endloop
  endfacet
  facet normal  -0.000000e+000  9.789466e-001  2.041169e-001
    outer loop
      vertex -1.500000e+000  5.214529e+001  2.484730e+001
      vertex  1.500000e+000  5.211996e+001  2.496878e+001
      vertex  1.500000e+000  5.214529e+001  2.484730e+001
    endloop
  endfacet
  facet normal  0.000000e+000  6.156080e-002 -9.981033e-001
    outer loop
      vertex -1.500000e+000 -6.466962e-002  2.099004e+000
      vertex  1.500000e+000 -1.937636e-001  2.091042e+000
      vertex -1.500000e+000 -1.937636e-001  2.091042e+000
    endloop
  endfacet
  facet normal  0.000000e+000  1.228893e-001 -9.924203e-001
    outer loop
      vertex -1.500000e+000 -1.937636e-001  2.091042e+000
      vertex  1.500000e+000 -1.937636e-001  2.091042e+000
      vertex  1.500000e+000 -3.221225e-001  2.075147e+000
    endloop
  endfacet
  facet normal  0.000000e+000  1.228893e-001 -9.924203e-001
    outer loop
      vertex -1.500000e+000 -1.937636e-001  2.091042e+000
      vertex  1.500000e+000 -3.221225e-001  2.075147e+000
      vertex -1.500000e+000 -3.221225e-001  2.075147e+000
    endloop
  endfacet
  facet normal  0.000000e+000  1.837497e-001 -9.829730e-001
    outer loop
      vertex -1.500000e+000 -3.221225e-001  2.075147e+000
      vertex  1.500000e+000 -3.221225e-001  2.075147e+000
      vertex  1.500000e+000 -4.492595e-001  2.051381e+000
    endloop
  endfacet
  facet normal  0.000000e+000  1.837497e-001 -9.829730e-001
    outer loop
      vertex -1.500000e+000 -3.221225e-001  2.075147e+000
      vertex  1.500000e+000 -4.492595e-001  2.051381e+000
      vertex -1.500000e+000 -4.492595e-001  2.051381e+000
    endloop
  endfacet
  facet normal  0.000000e+000  2.439131e-001 -9.697970e-001
    outer loop
      vertex -1.500000e+000 -4.492595e-001  2.051381e+000
      vertex  1.500000e+000 -4.492595e-001  2.051381e+000
      vertex  1.500000e+000 -5.746923e-001  2.019834e+000
    endloop
  endfacet
  facet normal  0.000000e+000  2.439131e-001 -9.697970e-001
    outer loop
      vertex -1.500000e+000 -4.492595e-001  2.051381e+000
      vertex  1.500000e+000 -5.746923e-001  2.019834e+000
      vertex -1.500000e+000 -5.746923e-001  2.019834e+000
    endloop
  endfacet
  facet normal  0.000000e+000  3.031524e-001 -9.529420e-001
    outer loop
      vertex -1.500000e+000 -5.746923e-001  2.019834e+000
      vertex  1.500000e+000 -5.746923e-001  2.019834e+000
      vertex  1.500000e+000 -6.979451e-001  1.980624e+000
    endloop
  endfacet
  facet normal  0.000000e+000  3.031524e-001 -9.529420e-001
    outer loop
      vertex -1.500000e+000 -5.746923e-001  2.019834e+000
      vertex  1.500000e+000 -6.979451e-001  1.980624e+000
      vertex -1.500000e+000 -6.979451e-001  1.980624e+000
    endloop
  endfacet
  facet normal  0.000000e+000  3.612418e-001 -9.324721e-001
    outer loop
      vertex -1.500000e+000 -6.979451e-001  1.980624e+000
      vertex  1.500000e+000 -6.979451e-001  1.980624e+000
      vertex  1.500000e+000 -8.185503e-001  1.933902e+000
    endloop
  endfacet
  facet normal  0.000000e+000  3.612418e-001 -9.324721e-001
    outer loop
      vertex -1.500000e+000 -6.979451e-001  1.980624e+000
      vertex  1.500000e+000 -8.185503e-001  1.933902e+000
      vertex -1.500000e+000 -8.185503e-001  1.933902e+000
    endloop
  endfacet
  facet normal  0.000000e+000  4.179604e-001 -9.084653e-001
    outer loop
      vertex -1.500000e+000 -8.185503e-001  1.933902e+000
      vertex  1.500000e+000 -8.185503e-001  1.933902e+000
      vertex  1.500000e+000 -9.360505e-001  1.879843e+000
    endloop
  endfacet
  facet normal  0.000000e+000  4.179604e-001 -9.084653e-001
    outer loop
      vertex -1.500000e+000 -8.185503e-001  1.933902e+000
      vertex  1.500000e+000 -9.360505e-001  1.879843e+000
      vertex -1.500000e+000 -9.360505e-001  1.879843e+000
    endloop
  endfacet
  facet normal  0.000000e+000  4.730935e-001 -8.810123e-001
    outer loop
      vertex -1.500000e+000 -9.360505e-001  1.879843e+000
      vertex  1.500000e+000 -9.360505e-001  1.879843e+000
      vertex  1.500000e+000 -1.050000e+000  1.818653e+000
    endloop
  endfacet
  facet normal  0.000000e+000  4.730935e-001 -8.810123e-001
    outer loop
      vertex -1.500000e+000 -9.360505e-001  1.879843e+000
      vertex  1.500000e+000 -1.050000e+000  1.818653e+000
      vertex -1.500000e+000 -1.050000e+000  1.818653e+000
    endloop
  endfacet
  facet normal  0.000000e+000  5.264316e-001 -8.502174e-001
    outer loop
      vertex -1.500000e+000 -1.050000e+000  1.818653e+000
      vertex  1.500000e+000 -1.050000e+000  1.818653e+000
      vertex  1.500000e+000 -1.159966e+000  1.750565e+000
    endloop
  endfacet
  facet normal  0.000000e+000  5.264316e-001 -8.502174e-001
    outer loop
      vertex -1.500000e+000 -1.050000e+000  1.818653e+000
      vertex  1.500000e+000 -1.159966e+000  1.750565e+000
      vertex -1.500000e+000 -1.159966e+000  1.750565e+000
    endloop
  endfacet
  facet normal  0.000000e+000  5.777740e-001 -8.161968e-001
    outer loop
      vertex -1.500000e+000 -1.159966e+000  1.750565e+000
      vertex  1.500000e+000 -1.159966e+000  1.750565e+000
      vertex  1.500000e+000 -1.265533e+000  1.675836e+000
    endloop
  endfacet
  facet normal  0.000000e+000  5.777740e-001 -8.161968e-001
    outer loop
      vertex -1.500000e+000 -1.159966e+000  1.750565e+000
      vertex  1.500000e+000 -1.265533e+000  1.675836e+000
      vertex -1.500000e+000 -1.265533e+000  1.675836e+000
    endloop
  endfacet
  facet normal  0.000000e+000  6.269240e-001 -7.790803e-001
    outer loop
      vertex -1.500000e+000 -1.265533e+000  1.675836e+000
      vertex  1.500000e+000 -1.265533e+000  1.675836e+000
      vertex  1.500000e+000 -1.366298e+000  1.594750e+000
    endloop
  endfacet
  facet normal  0.000000e+000  6.269240e-001 -7.790803e-001
    outer loop
      vertex -1.500000e+000 -1.265533e+000  1.675836e+000
      vertex  1.500000e+000 -1.366298e+000  1.594750e+000
      vertex -1.500000e+000 -1.366298e+000  1.594750e+000
    endloop
  endfacet
  facet normal  0.000000e+000  6.736953e-001 -7.390093e-001
    outer loop
      vertex -1.500000e+000 -1.366298e+000  1.594750e+000
      vertex  1.500000e+000 -1.366298e+000  1.594750e+000
      vertex  1.500000e+000 -1.461881e+000  1.507615e+000
    endloop
  endfacet
  facet normal  0.000000e+000  6.736953e-001 -7.390093e-001
    outer loop
      vertex -1.500000e+000 -1.366298e+000  1.594750e+000
      vertex  1.500000e+000 -1.461881e+000  1.507615e+000
      vertex -1.500000e+000 -1.461881e+000  1.507615e+000
    endloop
  endfacet
  facet normal  0.000000e+000  7.179121e-001 -6.961338e-001
    outer loop
      vertex -1.500000e+000 -1.461881e+000  1.507615e+000
      vertex  1.500000e+000 -1.461881e+000  1.507615e+000
      vertex  1.500000e+000 -1.551919e+000  1.414761e+000
    endloop
  endfacet
  facet normal  0.000000e+000  7.179121e-001 -6.961338e-001
    outer loop
      vertex -1.500000e+000 -1.461881e+000  1.507615e+000
      vertex  1.500000e+000 -1.551919e+000  1.414761e+000
      vertex -1.500000e+000 -1.551919e+000  1.414761e+000
    endloop
  endfacet
  facet normal  0.000000e+000  7.594050e-001 -6.506182e-001
    outer loop
      vertex -1.500000e+000 -1.551919e+000  1.414761e+000
      vertex  1.500000e+000 -1.551919e+000  1.414761e+000
      vertex  1.500000e+000 -1.636069e+000  1.316540e+000
    endloop
  endfacet
  facet normal  0.000000e+000  7.594050e-001 -6.506182e-001
    outer loop
      vertex -1.500000e+000 -1.551919e+000  1.414761e+000
      vertex  1.500000e+000 -1.636069e+000  1.316540e+000
      vertex -1.500000e+000 -1.636069e+000  1.316540e+000
    endloop
  endfacet
  facet normal  0.000000e+000  7.980174e-001 -6.026344e-001
    outer loop
      vertex -1.500000e+000 -1.636069e+000  1.316540e+000
      vertex  1.500000e+000 -1.636069e+000  1.316540e+000
      vertex  1.500000e+000 -1.714013e+000  1.213325e+000
    endloop
  endfacet
  facet normal  0.000000e+000  7.980174e-001 -6.026344e-001
    outer loop
      vertex -1.500000e+000 -1.636069e+000  1.316540e+000
      vertex  1.500000e+000 -1.714013e+000  1.213325e+000
      vertex -1.500000e+000 -1.714013e+000  1.213325e+000
    endloop
  endfacet
  facet normal  0.000000e+000  8.336024e-001 -5.523649e-001
    outer loop
      vertex -1.500000e+000 -1.714013e+000  1.213325e+000
      vertex  1.500000e+000 -1.714013e+000  1.213325e+000
      vertex  1.500000e+000 -1.785456e+000  1.105507e+000
    endloop
  endfacet
  facet normal  0.000000e+000  8.336024e-001 -5.523649e-001
    outer loop
      vertex -1.500000e+000 -1.714013e+000  1.213325e+000
      vertex  1.500000e+000 -1.785456e+000  1.105507e+000
      vertex -1.500000e+000 -1.785456e+000  1.105507e+000
    endloop
  endfacet
  facet normal  0.000000e+000  8.660253e-001 -5.000001e-001
    outer loop
      vertex -1.500000e+000 -1.785456e+000  1.105507e+000
      vertex  1.500000e+000 -1.785456e+000  1.105507e+000
      vertex  1.500000e+000 -1.850126e+000  9.934965e-001
    endloop
  endfacet
  facet normal  0.000000e+000  8.660253e-001 -5.000001e-001
    outer loop
      vertex -1.500000e+000 -1.785456e+000  1.105507e+000
      vertex  1.500000e+000 -1.850126e+000  9.934965e-001
      vertex -1.500000e+000 -1.850126e+000  9.934965e-001
    endloop
  endfacet
  facet normal  0.000000e+000  8.951632e-001 -4.457387e-001
    outer loop
      vertex -1.500000e+000 -1.850126e+000  9.934965e-001
      vertex  1.500000e+000 -1.850126e+000  9.934965e-001
      vertex  1.500000e+000 -1.907777e+000  8.777167e-001
    endloop
  endfacet
  facet normal  0.000000e+000  8.951632e-001 -4.457387e-001
    outer loop
      vertex -1.500000e+000 -1.850126e+000  9.934965e-001
      vertex  1.500000e+000 -1.907777e+000  8.777167e-001
      vertex -1.500000e+000 -1.907777e+000  8.777167e-001
    endloop
  endfacet
  facet normal  0.000000e+000  9.209056e-001 -3.897856e-001
    outer loop
      vertex -1.500000e+000 -1.907777e+000  8.777167e-001
      vertex  1.500000e+000 -1.907777e+000  8.777167e-001
      vertex  1.500000e+000 -1.958192e+000  7.586075e-001
    endloop
  endfacet
  facet normal  0.000000e+000  9.209056e-001 -3.897856e-001
    outer loop
      vertex -1.500000e+000 -1.907777e+000  8.777167e-001
      vertex  1.500000e+000 -1.958192e+000  7.586075e-001
      vertex -1.500000e+000 -1.958192e+000  7.586075e-001
    endloop
  endfacet
  facet normal  0.000000e+000  9.431542e-001 -3.323556e-001
    outer loop
      vertex -1.500000e+000 -1.958192e+000  7.586075e-001
      vertex  1.500000e+000 -1.958192e+000  7.586075e-001
      vertex  1.500000e+000 -2.001178e+000  6.366206e-001
    endloop
  endfacet
  facet normal  0.000000e+000  9.431542e-001 -3.323556e-001
    outer loop
      vertex -1.500000e+000 -1.958192e+000  7.586075e-001
      vertex  1.500000e+000 -2.001178e+000  6.366206e-001
      vertex -1.500000e+000 -2.001178e+000  6.366206e-001
    endloop
  endfacet
  facet normal  0.000000e+000  9.618256e-001 -2.736631e-001
    outer loop
      vertex -1.500000e+000 -2.001178e+000  6.366206e-001
      vertex  1.500000e+000 -2.001178e+000  6.366206e-001
      vertex  1.500000e+000 -2.036574e+000  5.122188e-001
    endloop
  endfacet
  facet normal  0.000000e+000  9.618256e-001 -2.736631e-001
    outer loop
      vertex -1.500000e+000 -2.001178e+000  6.366206e-001
      vertex  1.500000e+000 -2.036574e+000  5.122188e-001
      vertex -1.500000e+000 -2.036574e+000  5.122188e-001
    endloop
  endfacet
  facet normal  0.000000e+000  9.768484e-001 -2.139327e-001
    outer loop
      vertex -1.500000e+000 -2.036574e+000  5.122188e-001
      vertex  1.500000e+000 -2.036574e+000  5.122188e-001
      vertex  1.500000e+000 -2.064244e+000  3.858740e-001
    endloop
  endfacet
  facet normal  0.000000e+000  9.768484e-001 -2.139327e-001
    outer loop
      vertex -1.500000e+000 -2.036574e+000  5.122188e-001
      vertex  1.500000e+000 -2.064244e+000  3.858740e-001
      vertex -1.500000e+000 -2.064244e+000  3.858740e-001
    endloop
  endfacet
  facet normal  0.000000e+000  9.881654e-001 -1.533914e-001
    outer loop
      vertex -1.500000e+000 -2.064244e+000  3.858740e-001
      vertex  1.500000e+000 -2.064244e+000  3.858740e-001
      vertex  1.500000e+000 -2.084083e+000  2.580654e-001
    endloop
  endfacet
  facet normal  0.000000e+000  9.881654e-001 -1.533914e-001
    outer loop
      vertex -1.500000e+000 -2.064244e+000  3.858740e-001
      vertex  1.500000e+000 -2.084083e+000  2.580654e-001
      vertex -1.500000e+000 -2.084083e+000  2.580654e-001
    endloop
  endfacet
  facet normal  0.000000e+000  9.957342e-001 -9.226747e-002
    outer loop
      vertex -1.500000e+000 -2.084083e+000  2.580654e-001
      vertex  1.500000e+000 -2.084083e+000  2.580654e-001
      vertex  1.500000e+000 -2.096017e+000  1.292779e-001
    endloop
  endfacet
  facet normal  0.000000e+000  9.957342e-001 -9.226747e-002
    outer loop
      vertex -1.500000e+000 -2.084083e+000  2.580654e-001
      vertex  1.500000e+000 -2.096017e+000  1.292779e-001
      vertex -1.500000e+000 -2.096017e+000  1.292779e-001
    endloop
  endfacet
  facet normal  0.000000e+000  9.995258e-001 -3.079515e-002
    outer loop
      vertex -1.500000e+000 -2.096017e+000  1.292779e-001
      vertex  1.500000e+000 -2.096017e+000  1.292779e-001
      vertex  1.500000e+000 -2.100000e+000  2.571673e-016
    endloop
  endfacet
  facet normal  0.000000e+000  9.995258e-001 -3.079515e-002
    outer loop
      vertex -1.500000e+000 -2.096017e+000  1.292779e-001
      vertex  1.500000e+000 -2.100000e+000  2.571673e-016
      vertex -1.500000e+000 -2.100000e+000  2.571673e-016
    endloop
  endfacet
  facet normal  0.000000e+000  6.156080e-002 -9.981033e-001
    outer loop
      vertex  1.500000e+000 -1.937636e-001  2.091042e+000
      vertex -1.500000e+000 -6.466962e-002  2.099004e+000
      vertex  1.500000e+000 -6.466962e-002  2.099004e+000
    endloop
  endfacet
  facet normal  0.000000e+000  0.000000e+000 -1.000000e+000
    outer loop
      vertex  1.500000e+000 -6.466962e-002  2.099004e+000
      vertex -1.500000e+000 -6.466962e-002  2.099004e+000
      vertex -1.500000e+000  6.466962e-002  2.099004e+000
    endloop
  endfacet
  facet normal  0.000000e+000  0.000000e+000 -1.000000e+000
    outer loop
      vertex  1.500000e+000 -6.466962e-002  2.099004e+000
      vertex -1.500000e+000  6.466962e-002  2.099004e+000
      vertex  1.500000e+000  6.466962e-002  2.099004e+000
    endloop
  endfacet
  facet normal  -0.000000e+000 -6.156080e-002 -9.981033e-001
    outer loop
      vertex  1.500000e+000  6.466962e-002  2.099004e+000
      vertex -1.500000e+000  6.466962e-002  2.099004e+000
      vertex -1.500000e+000  1.937636e-001  2.091042e+000
    endloop
  endfacet
  facet normal  0.000000e+000 -6.156080e-002 -9.981033e-001
    outer loop
      vertex  1.500000e+000  6.466962e-002  2.099004e+000
      vertex -1.500000e+000  1.937636e-001  2.091042e+000
      vertex  1.500000e+000  1.937636e-001  2.091042e+000
    endloop
  endfacet
  facet normal  -0.000000e+000 -1.228893e-001 -9.924203e-001
    outer loop
      vertex  1.500000e+000  1.937636e-001  2.091042e+000
      vertex -1.500000e+000  1.937636e-001  2.091042e+000
      vertex -1.500000e+000  3.221225e-001  2.075147e+000
    endloop
  endfacet
  facet normal  0.000000e+000 -1.228893e-001 -9.924203e-001
    outer loop
      vertex  1.500000e+000  1.937636e-001  2.091042e+000
      vertex -1.500000e+000  3.221225e-001  2.075147e+000
      vertex  1.500000e+000  3.221225e-001  2.075147e+000
    endloop
  endfacet
  facet normal  -0.000000e+000 -1.837497e-001 -9.829730e-001
    outer loop
      vertex  1.500000e+000  3.221225e-001  2.075147e+000
      vertex -1.500000e+000  3.221225e-001  2.075147e+000
      vertex -1.500000e+000  4.492595e-001  2.051381e+000
    endloop
  endfacet
  facet normal  0.000000e+000 -1.837497e-001 -9.829730e-001
    outer loop
      vertex  1.500000e+000  3.221225e-001  2.075147e+000
      vertex -1.500000e+000  4.492595e-001  2.051381e+000
      vertex  1.500000e+000  4.492595e-001  2.051381e+000
    endloop
  endfacet
  facet normal  -0.000000e+000 -2.439131e-001 -9.697970e-001
    outer loop
      vertex  1.500000e+000  4.492595e-001  2.051381e+000
      vertex -1.500000e+000  4.492595e-001  2.051381e+000
      vertex -1.500000e+000  5.746923e-001  2.019834e+000
    endloop
  endfacet
  facet normal  0.000000e+000 -2.439131e-001 -9.697970e-001
    outer loop
      vertex  1.500000e+000  4.492595e-001  2.051381e+000
      vertex -1.500000e+000  5.746923e-001  2.019834e+000
      vertex  1.500000e+000  5.746923e-001  2.019834e+000
    endloop
  endfacet
  facet normal  -0.000000e+000 -3.031524e-001 -9.529420e-001
    outer loop
      vertex  1.500000e+000  5.746923e-001  2.019834e+000
      vertex -1.500000e+000  5.746923e-001  2.019834e+000
      vertex -1.500000e+000  6.979451e-001  1.980624e+000
    endloop
  endfacet
  facet normal  0.000000e+000 -3.031524e-001 -9.529420e-001
    outer loop
      vertex  1.500000e+000  5.746923e-001  2.019834e+000
      vertex -1.500000e+000  6.979451e-001  1.980624e+000
      vertex  1.500000e+000  6.979451e-001  1.980624e+000
    endloop
  endfacet
  facet normal  -0.000000e+000 -3.612418e-001 -9.324721e-001
    outer loop
      vertex  1.500000e+000  6.979451e-001  1.980624e+000
      vertex -1.500000e+000  6.979451e-001  1.980624e+000
      vertex -1.500000e+000  8.185503e-001  1.933902e+000
    endloop
  endfacet
  facet normal  0.000000e+000 -3.612418e-001 -9.324721e-001
    outer loop
      vertex  1.500000e+000  6.979451e-001  1.980624e+000
      vertex -1.500000e+000  8.185503e-001  1.933902e+000
      vertex  1.500000e+000  8.185503e-001  1.933902e+000
    endloop
  endfacet
  facet normal  -0.000000e+000 -4.179604e-001 -9.084653e-001
    outer loop
      vertex  1.500000e+000  8.185503e-001  1.933902e+000
      vertex -1.500000e+000  8.185503e-001  1.933902e+000
      vertex -1.500000e+000  9.360505e-001  1.879843e+000
    endloop
  endfacet
  facet normal  0.000000e+000 -4.179604e-001 -9.084653e-001
    outer loop
      vertex  1.500000e+000  8.185503e-001  1.933902e+000
      vertex -1.500000e+000  9.360505e-001  1.879843e+000
      vertex  1.500000e+000  9.360505e-001  1.879843e+000
    endloop
  endfacet
  facet normal  -0.000000e+000 -4.730935e-001 -8.810123e-001
    outer loop
      vertex  1.500000e+000  9.360505e-001  1.879843e+000
      vertex -1.500000e+000  9.360505e-001  1.879843e+000
      vertex -1.500000e+000  1.050000e+000  1.818653e+000
    endloop
  endfacet
  facet normal  0.000000e+000 -4.730935e-001 -8.810123e-001
    outer loop
      vertex  1.500000e+000  9.360505e-001  1.879843e+000
      vertex -1.500000e+000  1.050000e+000  1.818653e+000
      vertex  1.500000e+000  1.050000e+000  1.818653e+000
    endloop
  endfacet
  facet normal  -0.000000e+000 -5.264316e-001 -8.502174e-001
    outer loop
      vertex  1.500000e+000  1.050000e+000  1.818653e+000
      vertex -1.500000e+000  1.050000e+000  1.818653e+000
      vertex -1.500000e+000  1.159966e+000  1.750565e+000
    endloop
  endfacet
  facet normal  0.000000e+000 -5.264316e-001 -8.502174e-001
    outer loop
      vertex  1.500000e+000  1.050000e+000  1.818653e+000
      vertex -1.500000e+000  1.159966e+000  1.750565e+000
      vertex  1.500000e+000  1.159966e+000  1.750565e+000
    endloop
  endfacet
  facet normal  -0.000000e+000 -5.777740e-001 -8.161968e-001
    outer loop
      vertex  1.500000e+000  1.159966e+000  1.750565e+000
      vertex -1.500000e+000  1.159966e+000  1.750565e+000
      vertex -1.500000e+000  1.265533e+000  1.675836e+000
    endloop
  endfacet
  facet normal  0.000000e+000 -5.777740e-001 -8.161968e-001
    outer loop
      vertex  1.500000e+000  1.159966e+000  1.750565e+000
      vertex -1.500000e+000  1.265533e+000  1.675836e+000
      vertex  1.500000e+000  1.265533e+000  1.675836e+000
    endloop
  endfacet
  facet normal  -0.000000e+000 -6.269240e-001 -7.790803e-001
    outer loop
      vertex  1.500000e+000  1.265533e+000  1.675836e+000
      vertex -1.500000e+000  1.265533e+000  1.675836e+000
      vertex -1.500000e+000  1.366298e+000  1.594750e+000
    endloop
  endfacet
  facet normal  0.000000e+000 -6.269240e-001 -7.790803e-001
    outer loop
      vertex  1.500000e+000  1.265533e+000  1.675836e+000
      vertex -1.500000e+000  1.366298e+000  1.594750e+000
      vertex  1.500000e+000  1.366298e+000  1.594750e+000
    endloop
  endfacet
  facet normal  -0.000000e+000 -6.736953e-001 -7.390093e-001
    outer loop
      vertex  1.500000e+000  1.366298e+000  1.594750e+000
      vertex -1.500000e+000  1.366298e+000  1.594750e+000
      vertex -1.500000e+000  1.461881e+000  1.507615e+000
    endloop
  endfacet
  facet normal  0.000000e+000 -6.736953e-001 -7.390093e-001
    outer loop
      vertex  1.500000e+000  1.366298e+000  1.594750e+000
      vertex -1.500000e+000  1.461881e+000  1.507615e+000
      vertex  1.500000e+000  1.461881e+000  1.507615e+000
    endloop
  endfacet
  facet normal  -0.000000e+000 -7.179121e-001 -6.961338e-001
    outer loop
      vertex  1.500000e+000  1.461881e+000  1.507615e+000
      vertex -1.500000e+000  1.461881e+000  1.507615e+000
      vertex -1.500000e+000  1.551919e+000  1.414761e+000
    endloop
  endfacet
  facet normal  0.000000e+000 -7.179121e-001 -6.961338e-001
    outer loop
      vertex  1.500000e+000  1.461881e+000  1.507615e+000
      vertex -1.500000e+000  1.551919e+000  1.414761e+000
      vertex  1.500000e+000  1.551919e+000  1.414761e+000
    endloop
  endfacet
  facet normal  -0.000000e+000 -7.594050e-001 -6.506182e-001
    outer loop
      vertex  1.500000e+000  1.551919e+000  1.414761e+000
      vertex -1.500000e+000  1.551919e+000  1.414761e+000
      vertex -1.500000e+000  1.636069e+000  1.316540e+000
    endloop
  endfacet
  facet normal  0.000000e+000 -7.594050e-001 -6.506182e-001
    outer loop
      vertex  1.500000e+000  1.551919e+000  1.414761e+000
      vertex -1.500000e+000  1.636069e+000  1.316540e+000
      vertex  1.500000e+000  1.636069e+000  1.316540e+000
    endloop
  endfacet
  facet normal  -0.000000e+000 -7.980174e-001 -6.026344e-001
    outer loop
      vertex  1.500000e+000  1.636069e+000  1.316540e+000
      vertex -1.500000e+000  1.636069e+000  1.316540e+000
      vertex -1.500000e+000  1.714013e+000  1.213325e+000
    endloop
  endfacet
  facet normal  0.000000e+000 -7.980174e-001 -6.026344e-001
    outer loop
      vertex  1.500000e+000  1.636069e+000  1.316540e+000
      vertex -1.500000e+000  1.714013e+000  1.213325e+000
      vertex  1.500000e+000  1.714013e+000  1.213325e+000
    endloop
  endfacet
  facet normal  -0.000000e+000 -8.336024e-001 -5.523649e-001
    outer loop
      vertex  1.500000e+000  1.714013e+000  1.213325e+000
      vertex -1.500000e+000  1.714013e+000  1.213325e+000
      vertex -1.500000e+000  1.785456e+000  1.105507e+000
    endloop
  endfacet
  facet normal  0.000000e+000 -8.336024e-001 -5.523649e-001
    outer loop
      vertex  1.500000e+000  1.714013e+000  1.213325e+000
      vertex -1.500000e+000  1.785456e+000  1.105507e+000
      vertex  1.500000e+000  1.785456e+000  1.105507e+000
    endloop
  endfacet
  facet normal  -0.000000e+000 -8.660253e-001 -5.000001e-001
    outer loop
      vertex  1.500000e+000  1.785456e+000  1.105507e+000
      vertex -1.500000e+000  1.785456e+000  1.105507e+000
      vertex -1.500000e+000  1.850126e+000  9.934965e-001
    endloop
  endfacet
  facet normal  0.000000e+000 -8.660253e-001 -5.000001e-001
    outer loop
      vertex  1.500000e+000  1.785456e+000  1.105507e+000
      vertex -1.500000e+000  1.850126e+000  9.934965e-001
      vertex  1.500000e+000  1.850126e+000  9.934965e-001
    endloop
  endfacet
  facet normal  -0.000000e+000 -8.951632e-001 -4.457387e-001
    outer loop
      vertex  1.500000e+000  1.850126e+000  9.934965e-001
      vertex -1.500000e+000  1.850126e+000  9.934965e-001
      vertex -1.500000e+000  1.907777e+000  8.777167e-001
    endloop
  endfacet
  facet normal  0.000000e+000 -8.951632e-001 -4.457387e-001
    outer loop
      vertex  1.500000e+000  1.850126e+000  9.934965e-001
      vertex -1.500000e+000  1.907777e+000  8.777167e-001
      vertex  1.500000e+000  1.907777e+000  8.777167e-001
    endloop
  endfacet
  facet normal  -0.000000e+000 -9.209056e-001 -3.897856e-001
    outer loop
      vertex  1.500000e+000  1.907777e+000  8.777167e-001
      vertex -1.500000e+000  1.907777e+000  8.777167e-001
      vertex -1.500000e+000  1.958192e+000  7.586075e-001
    endloop
  endfacet
  facet normal  0.000000e+000 -9.209056e-001 -3.897856e-001
    outer loop
      vertex  1.500000e+000  1.907777e+000  8.777167e-001
      vertex -1.500000e+000  1.958192e+000  7.586075e-001
      vertex  1.500000e+000  1.958192e+000  7.586075e-001
    endloop
  endfacet
  facet normal  -0.000000e+000 -9.431542e-001 -3.323556e-001
    outer loop
      vertex  1.500000e+000  1.958192e+000  7.586075e-001
      vertex -1.500000e+000  1.958192e+000  7.586075e-001
      vertex -1.500000e+000  2.001178e+000  6.366206e-001
    endloop
  endfacet
  facet normal  0.000000e+000 -9.431542e-001 -3.323556e-001
    outer loop
      vertex  1.500000e+000  1.958192e+000  7.586075e-001
      vertex -1.500000e+000  2.001178e+000  6.366206e-001
      vertex  1.500000e+000  2.001178e+000  6.366206e-001
    endloop
  endfacet
  facet normal  -0.000000e+000 -9.618256e-001 -2.736631e-001
    outer loop
      vertex  1.500000e+000  2.001178e+000  6.366206e-001
      vertex -1.500000e+000  2.001178e+000  6.366206e-001
      vertex -1.500000e+000  2.036574e+000  5.122188e-001
    endloop
  endfacet
  facet normal  0.000000e+000 -9.618256e-001 -2.736631e-001
    outer loop
      vertex  1.500000e+000  2.001178e+000  6.366206e-001
      vertex -1.500000e+000  2.036574e+000  5.122188e-001
      vertex  1.500000e+000  2.036574e+000  5.122188e-001
    endloop
  endfacet
  facet normal  -0.000000e+000 -9.768484e-001 -2.139327e-001
    outer loop
      vertex  1.500000e+000  2.036574e+000  5.122188e-001
      vertex -1.500000e+000  2.036574e+000  5.122188e-001
      vertex -1.500000e+000  2.064244e+000  3.858740e-001
    endloop
  endfacet
  facet normal  0.000000e+000 -9.768484e-001 -2.139327e-001
    outer loop
      vertex  1.500000e+000  2.036574e+000  5.122188e-001
      vertex -1.500000e+000  2.064244e+000  3.858740e-001
      vertex  1.500000e+000  2.064244e+000  3.858740e-001
    endloop
  endfacet
  facet normal  -0.000000e+000 -9.881654e-001 -1.533914e-001
    outer loop
      vertex  1.500000e+000  2.064244e+000  3.858740e-001
      vertex -1.500000e+000  2.064244e+000  3.858740e-001
      vertex -1.500000e+000  2.084083e+000  2.580654e-001
    endloop
  endfacet
  facet normal  0.000000e+000 -9.881654e-001 -1.533914e-001
    outer loop
      vertex  1.500000e+000  2.064244e+000  3.858740e-001
      vertex -1.500000e+000  2.084083e+000  2.580654e-001
      vertex  1.500000e+000  2.084083e+000  2.580654e-001
    endloop
  endfacet
  facet normal  -0.000000e+000 -9.957342e-001 -9.226747e-002
    outer loop
      vertex  1.500000e+000  2.084083e+000  2.580654e-001
      vertex -1.500000e+000  2.084083e+000  2.580654e-001
      vertex -1.500000e+000  2.096017e+000  1.292779e-001
    endloop
  endfacet
  facet normal  0.000000e+000 -9.957342e-001 -9.226747e-002
    outer loop
      vertex  1.500000e+000  2.084083e+000  2.580654e-001
      vertex -1.500000e+000  2.096017e+000  1.292779e-001
      vertex  1.500000e+000  2.096017e+000  1.292779e-001
    endloop
  endfacet
  facet normal  -0.000000e+000 -9.995258e-001 -3.079515e-002
    outer loop
      vertex  1.500000e+000  2.096017e+000  1.292779e-001
      vertex -1.500000e+000  2.096017e+000  1.292779e-001
      vertex -1.500000e+000  2.100000e+000  0.000000e+000
    endloop
  endfacet
  facet normal  0.000000e+000 -9.995258e-001 -3.079515e-002
    outer loop
      vertex  1.500000e+000  2.096017e+000  1.292779e-001
      vertex -1.500000e+000  2.100000e+000  0.000000e+000
      vertex  1.500000e+000  2.100000e+000  0.000000e+000
    endloop
  endfacet
  facet normal  0.000000e+000 -6.156080e-002  9.981033e-001
    outer loop
      vertex -1.500000e+000  6.466962e-002 -2.099004e+000
      vertex  1.500000e+000  1.937636e-001 -2.091042e+000
      vertex -1.500000e+000  1.937636e-001 -2.091042e+000
    endloop
  endfacet
  facet normal  0.000000e+000 -1.228893e-001  9.924203e-001
    outer loop
      vertex -1.500000e+000  1.937636e-001 -2.091042e+000
      vertex  1.500000e+000  1.937636e-001 -2.091042e+000
      vertex  1.500000e+000  3.221225e-001 -2.075147e+000
    endloop
  endfacet
  facet normal  0.000000e+000 -1.228893e-001  9.924203e-001
    outer loop
      vertex -1.500000e+000  1.937636e-001 -2.091042e+000
      vertex  1.500000e+000  3.221225e-001 -2.075147e+000
      vertex -1.500000e+000  3.221225e-001 -2.075147e+000
    endloop
  endfacet
  facet normal  0.000000e+000 -1.837497e-001  9.829730e-001
    outer loop
      vertex -1.500000e+000  3.221225e-001 -2.075147e+000
      vertex  1.500000e+000  3.221225e-001 -2.075147e+000
      vertex  1.500000e+000  4.492595e-001 -2.051381e+000
    endloop
  endfacet
  facet normal  0.000000e+000 -1.837497e-001  9.829730e-001
    outer loop
      vertex -1.500000e+000  3.221225e-001 -2.075147e+000
      vertex  1.500000e+000  4.492595e-001 -2.051381e+000
      vertex -1.500000e+000  4.492595e-001 -2.051381e+000
    endloop
  endfacet
  facet normal  0.000000e+000 -2.439131e-001  9.697970e-001
    outer loop
      vertex -1.500000e+000  4.492595e-001 -2.051381e+000
      vertex  1.500000e+000  4.492595e-001 -2.051381e+000
      vertex  1.500000e+000  5.746923e-001 -2.019834e+000
    endloop
  endfacet
  facet normal  0.000000e+000 -2.439131e-001  9.697970e-001
    outer loop
      vertex -1.500000e+000  4.492595e-001 -2.051381e+000
      vertex  1.500000e+000  5.746923e-001 -2.019834e+000
      vertex -1.500000e+000  5.746923e-001 -2.019834e+000
    endloop
  endfacet
  facet normal  0.000000e+000 -3.031524e-001  9.529420e-001
    outer loop
      vertex -1.500000e+000  5.746923e-001 -2.019834e+000
      vertex  1.500000e+000  5.746923e-001 -2.019834e+000
      vertex  1.500000e+000  6.979451e-001 -1.980624e+000
    endloop
  endfacet
  facet normal  0.000000e+000 -3.031524e-001  9.529420e-001
    outer loop
      vertex -1.500000e+000  5.746923e-001 -2.019834e+000
      vertex  1.500000e+000  6.979451e-001 -1.980624e+000
      vertex -1.500000e+000  6.979451e-001 -1.980624e+000
    endloop
  endfacet
  facet normal  0.000000e+000 -3.612418e-001  9.324721e-001
    outer loop
      vertex -1.500000e+000  6.979451e-001 -1.980624e+000
      vertex  1.500000e+000  6.979451e-001 -1.980624e+000
      vertex  1.500000e+000  8.185503e-001 -1.933902e+000
    endloop
  endfacet
  facet normal  0.000000e+000 -3.612418e-001  9.324721e-001
    outer loop
      vertex -1.500000e+000  6.979451e-001 -1.980624e+000
      vertex  1.500000e+000  8.185503e-001 -1.933902e+000
      vertex -1.500000e+000  8.185503e-001 -1.933902e+000
    endloop
  endfacet
  facet normal  0.000000e+000 -4.179604e-001  9.084653e-001
    outer loop
      vertex -1.500000e+000  8.185503e-001 -1.933902e+000
      vertex  1.500000e+000  8.185503e-001 -1.933902e+000
      vertex  1.500000e+000  9.360505e-001 -1.879843e+000
    endloop
  endfacet
  facet normal  0.000000e+000 -4.179604e-001  9.084653e-001
    outer loop
      vertex -1.500000e+000  8.185503e-001 -1.933902e+000
      vertex  1.500000e+000  9.360505e-001 -1.879843e+000
      vertex -1.500000e+000  9.360505e-001 -1.879843e+000
    endloop
  endfacet
  facet normal  0.000000e+000 -4.730935e-001  8.810123e-001
    outer loop
      vertex -1.500000e+000  9.360505e-001 -1.879843e+000
      vertex  1.500000e+000  9.360505e-001 -1.879843e+000
      vertex  1.500000e+000  1.050000e+000 -1.818653e+000
    endloop
  endfacet
  facet normal  0.000000e+000 -4.730935e-001  8.810123e-001
    outer loop
      vertex -1.500000e+000  9.360505e-001 -1.879843e+000
      vertex  1.500000e+000  1.050000e+000 -1.818653e+000
      vertex -1.500000e+000  1.050000e+000 -1.818653e+000
    endloop
  endfacet
  facet normal  0.000000e+000 -5.264316e-001  8.502174e-001
    outer loop
      vertex -1.500000e+000  1.050000e+000 -1.818653e+000
      vertex  1.500000e+000  1.050000e+000 -1.818653e+000
      vertex  1.500000e+000  1.159966e+000 -1.750565e+000
    endloop
  endfacet
  facet normal  0.000000e+000 -5.264316e-001  8.502174e-001
    outer loop
      vertex -1.500000e+000  1.050000e+000 -1.818653e+000
      vertex  1.500000e+000  1.159966e+000 -1.750565e+000
      vertex -1.500000e+000  1.159966e+000 -1.750565e+000
    endloop
  endfacet
  facet normal  0.000000e+000 -5.777740e-001  8.161968e-001
    outer loop
      vertex -1.500000e+000  1.159966e+000 -1.750565e+000
      vertex  1.500000e+000  1.159966e+000 -1.750565e+000
      vertex  1.500000e+000  1.265533e+000 -1.675836e+000
    endloop
  endfacet
  facet normal  0.000000e+000 -5.777740e-001  8.161968e-001
    outer loop
      vertex -1.500000e+000  1.159966e+000 -1.750565e+000
      vertex  1.500000e+000  1.265533e+000 -1.675836e+000
      vertex -1.500000e+000  1.265533e+000 -1.675836e+000
    endloop
  endfacet
  facet normal  0.000000e+000 -6.269240e-001  7.790803e-001
    outer loop
      vertex -1.500000e+000  1.265533e+000 -1.675836e+000
      vertex  1.500000e+000  1.265533e+000 -1.675836e+000
      vertex  1.500000e+000  1.366298e+000 -1.594750e+000
    endloop
  endfacet
  facet normal  0.000000e+000 -6.269240e-001  7.790803e-001
    outer loop
      vertex -1.500000e+000  1.265533e+000 -1.675836e+000
      vertex  1.500000e+000  1.366298e+000 -1.594750e+000
      vertex -1.500000e+000  1.366298e+000 -1.594750e+000
    endloop
  endfacet
  facet normal  0.000000e+000 -6.736953e-001  7.390093e-001
    outer loop
      vertex -1.500000e+000  1.366298e+000 -1.594750e+000
      vertex  1.500000e+000  1.366298e+000 -1.594750e+000
      vertex  1.500000e+000  1.461881e+000 -1.507615e+000
    endloop
  endfacet
  facet normal  0.000000e+000 -6.736953e-001  7.390093e-001
    outer loop
      vertex -1.500000e+000  1.366298e+000 -1.594750e+000
      vertex  1.500000e+000  1.461881e+000 -1.507615e+000
      vertex -1.500000e+000  1.461881e+000 -1.507615e+000
    endloop
  endfacet
  facet normal  0.000000e+000 -7.179121e-001  6.961338e-001
    outer loop
      vertex -1.500000e+000  1.461881e+000 -1.507615e+000
      vertex  1.500000e+000  1.461881e+000 -1.507615e+000
      vertex  1.500000e+000  1.551919e+000 -1.414761e+000
    endloop
  endfacet
  facet normal  0.000000e+000 -7.179121e-001  6.961338e-001
    outer loop
      vertex -1.500000e+000  1.461881e+000 -1.507615e+000
      vertex  1.500000e+000  1.551919e+000 -1.414761e+000
      vertex -1.500000e+000  1.551919e+000 -1.414761e+000
    endloop
  endfacet
  facet normal  0.000000e+000 -7.594050e-001  6.506182e-001
    outer loop
      vertex -1.500000e+000  1.551919e+000 -1.414761e+000
      vertex  1.500000e+000  1.551919e+000 -1.414761e+000
      vertex  1.500000e+000  1.636069e+000 -1.316540e+000
    endloop
  endfacet
  facet normal  0.000000e+000 -7.594050e-001  6.506182e-001
    outer loop
      vertex -1.500000e+000  1.551919e+000 -1.414761e+000
      vertex  1.500000e+000  1.636069e+000 -1.316540e+000
      vertex -1.500000e+000  1.636069e+000 -1.316540e+000
    endloop
  endfacet
  facet normal  0.000000e+000 -7.980174e-001  6.026344e-001
    outer loop
      vertex -1.500000e+000  1.636069e+000 -1.316540e+000
      vertex  1.500000e+000  1.636069e+000 -1.316540e+000
      vertex  1.500000e+000  1.714013e+000 -1.213325e+000
    endloop
  endfacet
  facet normal  0.000000e+000 -7.980174e-001  6.026344e-001
    outer loop
      vertex -1.500000e+000  1.636069e+000 -1.316540e+000
      vertex  1.500000e+000  1.714013e+000 -1.213325e+000
      vertex -1.500000e+000  1.714013e+000 -1.213325e+000
    endloop
  endfacet
  facet normal  0.000000e+000 -8.336024e-001  5.523649e-001
    outer loop
      vertex -1.500000e+000  1.714013e+000 -1.213325e+000
      vertex  1.500000e+000  1.714013e+000 -1.213325e+000
      vertex  1.500000e+000  1.785456e+000 -1.105507e+000
    endloop
  endfacet
  facet normal  0.000000e+000 -8.336024e-001  5.523649e-001
    outer loop
      vertex -1.500000e+000  1.714013e+000 -1.213325e+000
      vertex  1.500000e+000  1.785456e+000 -1.105507e+000
      vertex -1.500000e+000  1.785456e+000 -1.105507e+000
    endloop
  endfacet
  facet normal  0.000000e+000 -8.660253e-001  5.000001e-001
    outer loop
      vertex -1.500000e+000  1.785456e+000 -1.105507e+000
      vertex  1.500000e+000  1.785456e+000 -1.105507e+000
      vertex  1.500000e+000  1.850126e+000 -9.934965e-001
    endloop
  endfacet
  facet normal  0.000000e+000 -8.660253e-001  5.000001e-001
    outer loop
      vertex -1.500000e+000  1.785456e+000 -1.105507e+000
      vertex  1.500000e+000  1.850126e+000 -9.934965e-001
      vertex -1.500000e+000  1.850126e+000 -9.934965e-001
    endloop
  endfacet
  facet normal  0.000000e+000 -8.951632e-001  4.457387e-001
    outer loop
      vertex -1.500000e+000  1.850126e+000 -9.934965e-001
      vertex  1.500000e+000  1.850126e+000 -9.934965e-001
      vertex  1.500000e+000  1.907777e+000 -8.777167e-001
    endloop
  endfacet
  facet normal  0.000000e+000 -8.951632e-001  4.457387e-001
    outer loop
      vertex -1.500000e+000  1.850126e+000 -9.934965e-001
      vertex  1.500000e+000  1.907777e+000 -8.777167e-001
      vertex -1.500000e+000  1.907777e+000 -8.777167e-001
    endloop
  endfacet
  facet normal  0.000000e+000 -9.209056e-001  3.897856e-001
    outer loop
      vertex -1.500000e+000  1.907777e+000 -8.777167e-001
      vertex  1.500000e+000  1.907777e+000 -8.777167e-001
      vertex  1.500000e+000  1.958192e+000 -7.586075e-001
    endloop
  endfacet
  facet normal  0.000000e+000 -9.209056e-001  3.897856e-001
    outer loop
      vertex -1.500000e+000  1.907777e+000 -8.777167e-001
      vertex  1.500000e+000  1.958192e+000 -7.586075e-001
      vertex -1.500000e+000  1.958192e+000 -7.586075e-001
    endloop
  endfacet
  facet normal  0.000000e+000 -9.431542e-001  3.323556e-001
    outer loop
      vertex -1.500000e+000  1.958192e+000 -7.586075e-001
      vertex  1.500000e+000  1.958192e+000 -7.586075e-001
      vertex  1.500000e+000  2.001178e+000 -6.366206e-001
    endloop
  endfacet
  facet normal  0.000000e+000 -9.431542e-001  3.323556e-001
    outer loop
      vertex -1.500000e+000  1.958192e+000 -7.586075e-001
      vertex  1.500000e+000  2.001178e+000 -6.366206e-001
      vertex -1.500000e+000  2.001178e+000 -6.366206e-001
    endloop
  endfacet
  facet normal  0.000000e+000 -9.618256e-001  2.736631e-001
    outer loop
      vertex -1.500000e+000  2.001178e+000 -6.366206e-001
      vertex  1.500000e+000  2.001178e+000 -6.366206e-001
      vertex  1.500000e+000  2.036574e+000 -5.122188e-001
    endloop
  endfacet
  facet normal  0.000000e+000 -9.618256e-001  2.736631e-001
    outer loop
      vertex -1.500000e+000  2.001178e+000 -6.366206e-001
      vertex  1.500000e+000  2.036574e+000 -5.122188e-001
      vertex -1.500000e+000  2.036574e+000 -5.122188e-001
    endloop
  endfacet
  facet normal  0.000000e+000 -9.768484e-001  2.139327e-001
    outer loop
      vertex -1.500000e+000  2.036574e+000 -5.122188e-001
      vertex  1.500000e+000  2.036574e+000 -5.122188e-001
      vertex  1.500000e+000  2.064244e+000 -3.858740e-001
    endloop
  endfacet
  facet normal  0.000000e+000 -9.768484e-001  2.139327e-001
    outer loop
      vertex -1.500000e+000  2.036574e+000 -5.122188e-001
      vertex  1.500000e+000  2.064244e+000 -3.858740e-001
      vertex -1.500000e+000  2.064244e+000 -3.858740e-001
    endloop
  endfacet
  facet normal  0.000000e+000 -9.881654e-001  1.533914e-001
    outer loop
      vertex -1.500000e+000  2.064244e+000 -3.858740e-001
      vertex  1.500000e+000  2.064244e+000 -3.858740e-001
      vertex  1.500000e+000  2.084083e+000 -2.580654e-001
    endloop
  endfacet
  facet normal  0.000000e+000 -9.881654e-001  1.533914e-001
    outer loop
      vertex -1.500000e+000  2.064244e+000 -3.858740e-001
      vertex  1.500000e+000  2.084083e+000 -2.580654e-001
      vertex -1.500000e+000  2.084083e+000 -2.580654e-001
    endloop
  endfacet
  facet normal  0.000000e+000 -9.957342e-001  9.226747e-002
    outer loop
      vertex -1.500000e+000  2.084083e+000 -2.580654e-001
      vertex  1.500000e+000  2.084083e+000 -2.580654e-001
      vertex  1.500000e+000  2.096017e+000 -1.292779e-001
    endloop
  endfacet
  facet normal  0.000000e+000 -9.957342e-001  9.226747e-002
    outer loop
      vertex -1.500000e+000  2.084083e+000 -2.580654e-001
      vertex  1.500000e+000  2.096017e+000 -1.292779e-001
      vertex -1.500000e+000  2.096017e+000 -1.292779e-001
    endloop
  endfacet
  facet normal  0.000000e+000 -9.995258e-001  3.079515e-002
    outer loop
      vertex -1.500000e+000  2.096017e+000 -1.292779e-001
      vertex  1.500000e+000  2.096017e+000 -1.292779e-001
      vertex  1.500000e+000  2.100000e+000  0.000000e+000
    endloop
  endfacet
  facet normal  0.000000e+000 -9.995258e-001  3.079515e-002
    outer loop
      vertex -1.500000e+000  2.096017e+000 -1.292779e-001
      vertex  1.500000e+000  2.100000e+000  0.000000e+000
      vertex -1.500000e+000  2.100000e+000  0.000000e+000
    endloop
  endfacet
  facet normal  0.000000e+000 -6.156080e-002  9.981033e-001
    outer loop
      vertex  1.500000e+000  1.937636e-001 -2.091042e+000
      vertex -1.500000e+000  6.466962e-002 -2.099004e+000
      vertex  1.500000e+000  6.466962e-002 -2.099004e+000
    endloop
  endfacet
  facet normal  0.000000e+000  0.000000e+000  1.000000e+000
    outer loop
      vertex  1.500000e+000  6.466962e-002 -2.099004e+000
      vertex -1.500000e+000  6.466962e-002 -2.099004e+000
      vertex -1.500000e+000 -6.466962e-002 -2.099004e+000
    endloop
  endfacet
  facet normal  0.000000e+000  0.000000e+000  1.000000e+000
    outer loop
      vertex  1.500000e+000  6.466962e-002 -2.099004e+000
      vertex -1.500000e+000 -6.466962e-002 -2.099004e+000
      vertex  1.500000e+000 -6.466962e-002 -2.099004e+000
    endloop
  endfacet
  facet normal  0.000000e+000  6.156080e-002  9.981033e-001
    outer loop
      vertex  1.500000e+000 -6.466962e-002 -2.099004e+000
      vertex -1.500000e+000 -6.466962e-002 -2.099004e+000
      vertex -1.500000e+000 -1.937636e-001 -2.091042e+000
    endloop
  endfacet
  facet normal  -0.000000e+000  6.156080e-002  9.981033e-001
    outer loop
      vertex  1.500000e+000 -6.466962e-002 -2.099004e+000
      vertex -1.500000e+000 -1.937636e-001 -2.091042e+000
      vertex  1.500000e+000 -1.937636e-001 -2.091042e+000
    endloop
  endfacet
  facet normal  0.000000e+000  1.228893e-001  9.924203e-001
    outer loop
      vertex  1.500000e+000 -1.937636e-001 -2.091042e+000
      vertex -1.500000e+000 -1.937636e-001 -2.091042e+000
      vertex -1.500000e+000 -3.221225e-001 -2.075147e+000
    endloop
  endfacet
  facet normal  -0.000000e+000  1.228893e-001  9.924203e-001
    outer loop
      vertex  1.500000e+000 -1.937636e-001 -2.091042e+000
      vertex -1.500000e+000 -3.221225e-001 -2.075147e+000
      vertex  1.500000e+000 -3.221225e-001 -2.075147e+000
    endloop
  endfacet
  facet normal  0.000000e+000  1.837497e-001  9.829730e-001
    outer loop
      vertex  1.500000e+000 -3.221225e-001 -2.075147e+000
      vertex -1.500000e+000 -3.221225e-001 -2.075147e+000
      vertex -1.500000e+000 -4.492595e-001 -2.051381e+000
    endloop
  endfacet
  facet normal  -0.000000e+000  1.837497e-001  9.829730e-001
    outer loop
      vertex  1.500000e+000 -3.221225e-001 -2.075147e+000
      vertex -1.500000e+000 -4.492595e-001 -2.051381e+000
      vertex  1.500000e+000 -4.492595e-001 -2.051381e+000
    endloop
  endfacet
  facet normal  0.000000e+000  2.439131e-001  9.697970e-001
    outer loop
      vertex  1.500000e+000 -4.492595e-001 -2.051381e+000
      vertex -1.500000e+000 -4.492595e-001 -2.051381e+000
      vertex -1.500000e+000 -5.746923e-001 -2.019834e+000
    endloop
  endfacet
  facet normal  -0.000000e+000  2.439131e-001  9.697970e-001
    outer loop
      vertex  1.500000e+000 -4.492595e-001 -2.051381e+000
      vertex -1.500000e+000 -5.746923e-001 -2.019834e+000
      vertex  1.500000e+000 -5.746923e-001 -2.019834e+000
    endloop
  endfacet
  facet normal  0.000000e+000  3.031524e-001  9.529420e-001
    outer loop
      vertex  1.500000e+000 -5.746923e-001 -2.019834e+000
      vertex -1.500000e+000 -5.746923e-001 -2.019834e+000
      vertex -1.500000e+000 -6.979451e-001 -1.980624e+000
    endloop
  endfacet
  facet normal  -0.000000e+000  3.031524e-001  9.529420e-001
    outer loop
      vertex  1.500000e+000 -5.746923e-001 -2.019834e+000
      vertex -1.500000e+000 -6.979451e-001 -1.980624e+000
      vertex  1.500000e+000 -6.979451e-001 -1.980624e+000
    endloop
  endfacet
  facet normal  0.000000e+000  3.612418e-001  9.324721e-001
    outer loop
      vertex  1.500000e+000 -6.979451e-001 -1.980624e+000
      vertex -1.500000e+000 -6.979451e-001 -1.980624e+000
      vertex -1.500000e+000 -8.185503e-001 -1.933902e+000
    endloop
  endfacet
  facet normal  -0.000000e+000  3.612418e-001  9.324721e-001
    outer loop
      vertex  1.500000e+000 -6.979451e-001 -1.980624e+000
      vertex -1.500000e+000 -8.185503e-001 -1.933902e+000
      vertex  1.500000e+000 -8.185503e-001 -1.933902e+000
    endloop
  endfacet
  facet normal  0.000000e+000  4.179604e-001  9.084653e-001
    outer loop
      vertex  1.500000e+000 -8.185503e-001 -1.933902e+000
      vertex -1.500000e+000 -8.185503e-001 -1.933902e+000
      vertex -1.500000e+000 -9.360505e-001 -1.879843e+000
    endloop
  endfacet
  facet normal  -0.000000e+000  4.179604e-001  9.084653e-001
    outer loop
      vertex  1.500000e+000 -8.185503e-001 -1.933902e+000
      vertex -1.500000e+000 -9.360505e-001 -1.879843e+000
      vertex  1.500000e+000 -9.360505e-001 -1.879843e+000
    endloop
  endfacet
  facet normal  0.000000e+000  4.730935e-001  8.810123e-001
    outer loop
      vertex  1.500000e+000 -9.360505e-001 -1.879843e+000
      vertex -1.500000e+000 -9.360505e-001 -1.879843e+000
      vertex -1.500000e+000 -1.050000e+000 -1.818653e+000
    endloop
  endfacet
  facet normal  -0.000000e+000  4.730935e-001  8.810123e-001
    outer loop
      vertex  1.500000e+000 -9.360505e-001 -1.879843e+000
      vertex -1.500000e+000 -1.050000e+000 -1.818653e+000
      vertex  1.500000e+000 -1.050000e+000 -1.818653e+000
    endloop
  endfacet
  facet normal  0.000000e+000  5.264316e-001  8.502174e-001
    outer loop
      vertex  1.500000e+000 -1.050000e+000 -1.818653e+000
      vertex -1.500000e+000 -1.050000e+000 -1.818653e+000
      vertex -1.500000e+000 -1.159966e+000 -1.750565e+000
    endloop
  endfacet
  facet normal  -0.000000e+000  5.264316e-001  8.502174e-001
    outer loop
      vertex  1.500000e+000 -1.050000e+000 -1.818653e+000
      vertex -1.500000e+000 -1.159966e+000 -1.750565e+000
      vertex  1.500000e+000 -1.159966e+000 -1.750565e+000
    endloop
  endfacet
  facet normal  0.000000e+000  5.777740e-001  8.161968e-001
    outer loop
      vertex  1.500000e+000 -1.159966e+000 -1.750565e+000
      vertex -1.500000e+000 -1.159966e+000 -1.750565e+000
      vertex -1.500000e+000 -1.265533e+000 -1.675836e+000
    endloop
  endfacet
  facet normal  -0.000000e+000  5.777740e-001  8.161968e-001
    outer loop
      vertex  1.500000e+000 -1.159966e+000 -1.750565e+000
      vertex -1.500000e+000 -1.265533e+000 -1.675836e+000
      vertex  1.500000e+000 -1.265533e+000 -1.675836e+000
    endloop
  endfacet
  facet normal  0.000000e+000  6.269240e-001  7.790803e-001
    outer loop
      vertex  1.500000e+000 -1.265533e+000 -1.675836e+000
      vertex -1.500000e+000 -1.265533e+000 -1.675836e+000
      vertex -1.500000e+000 -1.366298e+000 -1.594750e+000
    endloop
  endfacet
  facet normal  -0.000000e+000  6.269240e-001  7.790803e-001
    outer loop
      vertex  1.500000e+000 -1.265533e+000 -1.675836e+000
      vertex -1.500000e+000 -1.366298e+000 -1.594750e+000
      vertex  1.500000e+000 -1.366298e+000 -1.594750e+000
    endloop
  endfacet
  facet normal  0.000000e+000  6.736953e-001  7.390093e-001
    outer loop
      vertex  1.500000e+000 -1.366298e+000 -1.594750e+000
      vertex -1.500000e+000 -1.366298e+000 -1.594750e+000
      vertex -1.500000e+000 -1.461881e+000 -1.507615e+000
    endloop
  endfacet
  facet normal  -0.000000e+000  6.736953e-001  7.390093e-001
    outer loop
      vertex  1.500000e+000 -1.366298e+000 -1.594750e+000
      vertex -1.500000e+000 -1.461881e+000 -1.507615e+000
      vertex  1.500000e+000 -1.461881e+000 -1.507615e+000
    endloop
  endfacet
  facet normal  0.000000e+000  7.179121e-001  6.961338e-001
    outer loop
      vertex  1.500000e+000 -1.461881e+000 -1.507615e+000
      vertex -1.500000e+000 -1.461881e+000 -1.507615e+000
      vertex -1.500000e+000 -1.551919e+000 -1.414761e+000
    endloop
  endfacet
  facet normal  -0.000000e+000  7.179121e-001  6.961338e-001
    outer loop
      vertex  1.500000e+000 -1.461881e+000 -1.507615e+000
      vertex -1.500000e+000 -1.551919e+000 -1.414761e+000
      vertex  1.500000e+000 -1.551919e+000 -1.414761e+000
    endloop
  endfacet
  facet normal  0.000000e+000  7.594050e-001  6.506182e-001
    outer loop
      vertex  1.500000e+000 -1.551919e+000 -1.414761e+000
      vertex -1.500000e+000 -1.551919e+000 -1.414761e+000
      vertex -1.500000e+000 -1.636069e+000 -1.316540e+000
    endloop
  endfacet
  facet normal  -0.000000e+000  7.594050e-001  6.506182e-001
    outer loop
      vertex  1.500000e+000 -1.551919e+000 -1.414761e+000
      vertex -1.500000e+000 -1.636069e+000 -1.316540e+000
      vertex  1.500000e+000 -1.636069e+000 -1.316540e+000
    endloop
  endfacet
  facet normal  0.000000e+000  7.980174e-001  6.026344e-001
    outer loop
      vertex  1.500000e+000 -1.636069e+000 -1.316540e+000
      vertex -1.500000e+000 -1.636069e+000 -1.316540e+000
      vertex -1.500000e+000 -1.714013e+000 -1.213325e+000
    endloop
  endfacet
  facet normal  -0.000000e+000  7.980174e-001  6.026344e-001
    outer loop
      vertex  1.500000e+000 -1.636069e+000 -1.316540e+000
      vertex -1.500000e+000 -1.714013e+000 -1.213325e+000
      vertex  1.500000e+000 -1.714013e+000 -1.213325e+000
    endloop
  endfacet
  facet normal  0.000000e+000  8.336024e-001  5.523649e-001
    outer loop
      vertex  1.500000e+000 -1.714013e+000 -1.213325e+000
      vertex -1.500000e+000 -1.714013e+000 -1.213325e+000
      vertex -1.500000e+000 -1.785456e+000 -1.105507e+000
    endloop
  endfacet
  facet normal  -0.000000e+000  8.336024e-001  5.523649e-001
    outer loop
      vertex  1.500000e+000 -1.714013e+000 -1.213325e+000
      vertex -1.500000e+000 -1.785456e+000 -1.105507e+000
      vertex  1.500000e+000 -1.785456e+000 -1.105507e+000
    endloop
  endfacet
  facet normal  0.000000e+000  8.660253e-001  5.000001e-001
    outer loop
      vertex  1.500000e+000 -1.785456e+000 -1.105507e+000
      vertex -1.500000e+000 -1.785456e+000 -1.105507e+000
      vertex -1.500000e+000 -1.850126e+000 -9.934965e-001
    endloop
  endfacet
  facet normal  -0.000000e+000  8.660253e-001  5.000001e-001
    outer loop
      vertex  1.500000e+000 -1.785456e+000 -1.105507e+000
      vertex -1.500000e+000 -1.850126e+000 -9.934965e-001
      vertex  1.500000e+000 -1.850126e+000 -9.934965e-001
    endloop
  endfacet
  facet normal  0.000000e+000  8.951632e-001  4.457387e-001
    outer loop
      vertex  1.500000e+000 -1.850126e+000 -9.934965e-001
      vertex -1.500000e+000 -1.850126e+000 -9.934965e-001
      vertex -1.500000e+000 -1.907777e+000 -8.777167e-001
    endloop
  endfacet
  facet normal  -0.000000e+000  8.951632e-001  4.457387e-001
    outer loop
      vertex  1.500000e+000 -1.850126e+000 -9.934965e-001
      vertex -1.500000e+000 -1.907777e+000 -8.777167e-001
      vertex  1.500000e+000 -1.907777e+000 -8.777167e-001
    endloop
  endfacet
  facet normal  0.000000e+000  9.209056e-001  3.897856e-001
    outer loop
      vertex  1.500000e+000 -1.907777e+000 -8.777167e-001
      vertex -1.500000e+000 -1.907777e+000 -8.777167e-001
      vertex -1.500000e+000 -1.958192e+000 -7.586075e-001
    endloop
  endfacet
  facet normal  -0.000000e+000  9.209056e-001  3.897856e-001
    outer loop
      vertex  1.500000e+000 -1.907777e+000 -8.777167e-001
      vertex -1.500000e+000 -1.958192e+000 -7.586075e-001
      vertex  1.500000e+000 -1.958192e+000 -7.586075e-001
    endloop
  endfacet
  facet normal  0.000000e+000  9.431542e-001  3.323556e-001
    outer loop
      vertex  1.500000e+000 -1.958192e+000 -7.586075e-001
      vertex -1.500000e+000 -1.958192e+000 -7.586075e-001
      vertex -1.500000e+000 -2.001178e+000 -6.366206e-001
    endloop
  endfacet
  facet normal  -0.000000e+000  9.431542e-001  3.323556e-001
    outer loop
      vertex  1.500000e+000 -1.958192e+000 -7.586075e-001
      vertex -1.500000e+000 -2.001178e+000 -6.366206e-001
      vertex  1.500000e+000 -2.001178e+000 -6.366206e-001
    endloop
  endfacet
  facet normal  0.000000e+000  9.618256e-001  2.736631e-001
    outer loop
      vertex  1.500000e+000 -2.001178e+000 -6.366206e-001
      vertex -1.500000e+000 -2.001178e+000 -6.366206e-001
      vertex -1.500000e+000 -2.036574e+000 -5.122188e-001
    endloop
  endfacet
  facet normal  -0.000000e+000  9.618256e-001  2.736631e-001
    outer loop
      vertex  1.500000e+000 -2.001178e+000 -6.366206e-001
      vertex -1.500000e+000 -2.036574e+000 -5.122188e-001
      vertex  1.500000e+000 -2.036574e+000 -5.122188e-001
    endloop
  endfacet
  facet normal  0.000000e+000  9.768484e-001  2.139327e-001
    outer loop
      vertex  1.500000e+000 -2.036574e+000 -5.122188e-001
      vertex -1.500000e+000 -2.036574e+000 -5.122188e-001
      vertex -1.500000e+000 -2.064244e+000 -3.858740e-001
    endloop
  endfacet
  facet normal  -0.000000e+000  9.768484e-001  2.139327e-001
    outer loop
      vertex  1.500000e+000 -2.036574e+000 -5.122188e-001
      vertex -1.500000e+000 -2.064244e+000 -3.858740e-001
      vertex  1.500000e+000 -2.064244e+000 -3.858740e-001
    endloop
  endfacet
  facet normal  0.000000e+000  9.881654e-001  1.533914e-001
    outer loop
      vertex  1.500000e+000 -2.064244e+000 -3.858740e-001
      vertex -1.500000e+000 -2.064244e+000 -3.858740e-001
      vertex -1.500000e+000 -2.084083e+000 -2.580654e-001
    endloop
  endfacet
  facet normal  -0.000000e+000  9.881654e-001  1.533914e-001
    outer loop
      vertex  1.500000e+000 -2.064244e+000 -3.858740e-001
      vertex -1.500000e+000 -2.084083e+000 -2.580654e-001
      vertex  1.500000e+000 -2.084083e+000 -2.580654e-001
    endloop
  endfacet
  facet normal  0.000000e+000  9.957342e-001  9.226747e-002
    outer loop
      vertex  1.500000e+000 -2.084083e+000 -2.580654e-001
      vertex -1.500000e+000 -2.084083e+000 -2.580654e-001
      vertex -1.500000e+000 -2.096017e+000 -1.292779e-001
    endloop
  endfacet
  facet normal  -0.000000e+000  9.957342e-001  9.226747e-002
    outer loop
      vertex  1.500000e+000 -2.084083e+000 -2.580654e-001
      vertex -1.500000e+000 -2.096017e+000 -1.292779e-001
      vertex  1.500000e+000 -2.096017e+000 -1.292779e-001
    endloop
  endfacet
  facet normal  0.000000e+000  9.995258e-001  3.079515e-002
    outer loop
      vertex  1.500000e+000 -2.096017e+000 -1.292779e-001
      vertex -1.500000e+000 -2.096017e+000 -1.292779e-001
      vertex -1.500000e+000 -2.100000e+000  2.571673e-016
    endloop
  endfacet
  facet normal  -0.000000e+000  9.995258e-001  3.079515e-002
    outer loop
      vertex  1.500000e+000 -2.096017e+000 -1.292779e-001
      vertex -1.500000e+000 -2.100000e+000  2.571673e-016
      vertex  1.500000e+000 -2.100000e+000  2.571673e-016
    endloop
  endfacet
  facet normal  -0.000000e+000 -8.854387e-001 -4.647560e-001
    outer loop
      vertex -1.500000e+000 -2.619990e+000 -1.461387e+000
      vertex  1.500000e+000 -2.619990e+000 -1.461387e+000
      vertex -1.500000e+000 -2.690923e+000 -1.326249e+000
    endloop
  endfacet
  facet normal  0.000000e+000 -8.854387e-001 -4.647560e-001
    outer loop
      vertex -1.500000e+000 -2.690923e+000 -1.326249e+000
      vertex  1.500000e+000 -2.619990e+000 -1.461387e+000
      vertex  1.500000e+000 -2.690923e+000 -1.326249e+000
    endloop
  endfacet
  facet normal  -0.000000e+000 -9.079294e-001 -4.191232e-001
    outer loop
      vertex -1.500000e+000 -2.690923e+000 -1.326249e+000
      vertex  1.500000e+000 -2.690923e+000 -1.326249e+000
      vertex -1.500000e+000 -2.754891e+000 -1.187677e+000
    endloop
  endfacet
  facet normal  0.000000e+000 -9.079294e-001 -4.191232e-001
    outer loop
      vertex -1.500000e+000 -2.754891e+000 -1.187677e+000
      vertex  1.500000e+000 -2.690923e+000 -1.326249e+000
      vertex  1.500000e+000 -2.754891e+000 -1.187677e+000
    endloop
  endfacet
  facet normal  -0.000000e+000 -9.280701e-001 -3.724056e-001
    outer loop
      vertex -1.500000e+000 -2.754891e+000 -1.187677e+000
      vertex  1.500000e+000 -2.754891e+000 -1.187677e+000
      vertex -1.500000e+000 -2.811728e+000 -1.046032e+000
    endloop
  endfacet
  facet normal  0.000000e+000 -9.280701e-001 -3.724056e-001
    outer loop
      vertex -1.500000e+000 -2.811728e+000 -1.046032e+000
      vertex  1.500000e+000 -2.754891e+000 -1.187677e+000
      vertex  1.500000e+000 -2.811728e+000 -1.046032e+000
    endloop
  endfacet
  facet normal  -0.000000e+000 -9.458091e-001 -3.247230e-001
    outer loop
      vertex -1.500000e+000 -2.811728e+000 -1.046032e+000
      vertex  1.500000e+000 -2.811728e+000 -1.046032e+000
      vertex -1.500000e+000 -2.861289e+000 -9.016796e-001
    endloop
  endfacet
  facet normal  0.000000e+000 -9.458091e-001 -3.247230e-001
    outer loop
      vertex -1.500000e+000 -2.861289e+000 -9.016796e-001
      vertex  1.500000e+000 -2.811728e+000 -1.046032e+000
      vertex  1.500000e+000 -2.861289e+000 -9.016796e-001
    endloop
  endfacet
  facet normal  -0.000000e+000 -9.610997e-001 -2.762014e-001
    outer loop
      vertex -1.500000e+000 -2.861289e+000 -9.016796e-001
      vertex  1.500000e+000 -2.861289e+000 -9.016796e-001
      vertex -1.500000e+000 -2.903444e+000 -7.549934e-001
    endloop
  endfacet
  facet normal  0.000000e+000 -9.610997e-001 -2.762014e-001
    outer loop
      vertex -1.500000e+000 -2.903444e+000 -7.549934e-001
      vertex  1.500000e+000 -2.861289e+000 -9.016796e-001
      vertex  1.500000e+000 -2.903444e+000 -7.549934e-001
    endloop
  endfacet
  facet normal  -0.000000e+000 -9.739029e-001 -2.269644e-001
    outer loop
      vertex -1.500000e+000 -2.903444e+000 -7.549934e-001
      vertex  1.500000e+000 -2.903444e+000 -7.549934e-001
      vertex -1.500000e+000 -2.938084e+000 -6.063530e-001
    endloop
  endfacet
  facet normal  0.000000e+000 -9.739029e-001 -2.269644e-001
    outer loop
      vertex -1.500000e+000 -2.938084e+000 -6.063530e-001
      vertex  1.500000e+000 -2.903444e+000 -7.549934e-001
      vertex  1.500000e+000 -2.938084e+000 -6.063530e-001
    endloop
  endfacet
  facet normal  -0.000000e+000 -9.841856e-001 -1.771401e-001
    outer loop
      vertex -1.500000e+000 -2.938084e+000 -6.063530e-001
      vertex  1.500000e+000 -2.938084e+000 -6.063530e-001
      vertex -1.500000e+000 -2.965119e+000 -4.561433e-001
    endloop
  endfacet
  facet normal  0.000000e+000 -9.841856e-001 -1.771401e-001
    outer loop
      vertex -1.500000e+000 -2.965119e+000 -4.561433e-001
      vertex  1.500000e+000 -2.938084e+000 -6.063530e-001
      vertex  1.500000e+000 -2.965119e+000 -4.561433e-001
    endloop
  endfacet
  facet normal  -0.000000e+000 -9.919208e-001 -1.268580e-001
    outer loop
      vertex -1.500000e+000 -2.965119e+000 -4.561433e-001
      vertex  1.500000e+000 -2.965119e+000 -4.561433e-001
      vertex -1.500000e+000 -2.984481e+000 -3.047530e-001
    endloop
  endfacet
  facet normal  0.000000e+000 -9.919208e-001 -1.268580e-001
    outer loop
      vertex -1.500000e+000 -2.984481e+000 -3.047530e-001
      vertex  1.500000e+000 -2.965119e+000 -4.561433e-001
      vertex  1.500000e+000 -2.984481e+000 -3.047530e-001
    endloop
  endfacet
  facet normal  -0.000000e+000 -9.970891e-001 -7.624478e-002
    outer loop
      vertex -1.500000e+000 -2.984481e+000 -3.047530e-001
      vertex  1.500000e+000 -2.984481e+000 -3.047530e-001
      vertex -1.500000e+000 -2.996118e+000 -1.525740e-001
    endloop
  endfacet
  facet normal  0.000000e+000 -9.970891e-001 -7.624478e-002
    outer loop
      vertex -1.500000e+000 -2.996118e+000 -1.525740e-001
      vertex  1.500000e+000 -2.984481e+000 -3.047530e-001
      vertex  1.500000e+000 -2.996118e+000 -1.525740e-001
    endloop
  endfacet
  facet normal  -0.000000e+000 -9.996764e-001 -2.543784e-002
    outer loop
      vertex -1.500000e+000 -2.996118e+000 -1.525740e-001
      vertex  1.500000e+000 -2.996118e+000 -1.525740e-001
      vertex -1.500000e+000 -3.000000e+000  3.673819e-016
    endloop
  endfacet
  facet normal  0.000000e+000 -9.996764e-001 -2.543784e-002
    outer loop
      vertex -1.500000e+000 -3.000000e+000  3.673819e-016
      vertex  1.500000e+000 -2.996118e+000 -1.525740e-001
      vertex  1.500000e+000 -3.000000e+000  3.673819e-016
    endloop
  endfacet
  facet normal  0.000000e+000 -9.996764e-001  2.543784e-002
    outer loop
      vertex -1.500000e+000 -3.000000e+000  3.673819e-016
      vertex  1.500000e+000 -3.000000e+000  3.673819e-016
      vertex -1.500000e+000 -2.996118e+000  1.525740e-001
    endloop
  endfacet
  facet normal  0.000000e+000 -9.996764e-001  2.543784e-002
    outer loop
      vertex -1.500000e+000 -2.996118e+000  1.525740e-001
      vertex  1.500000e+000 -3.000000e+000  3.673819e-016
      vertex  1.500000e+000 -2.996118e+000  1.525740e-001
    endloop
  endfacet
  facet normal  0.000000e+000 -9.970891e-001  7.624478e-002
    outer loop
      vertex -1.500000e+000 -2.996118e+000  1.525740e-001
      vertex  1.500000e+000 -2.996118e+000  1.525740e-001
      vertex -1.500000e+000 -2.984481e+000  3.047530e-001
    endloop
  endfacet
  facet normal  0.000000e+000 -9.970891e-001  7.624478e-002
    outer loop
      vertex -1.500000e+000 -2.984481e+000  3.047530e-001
      vertex  1.500000e+000 -2.996118e+000  1.525740e-001
      vertex  1.500000e+000 -2.984481e+000  3.047530e-001
    endloop
  endfacet
  facet normal  0.000000e+000 -9.919208e-001  1.268580e-001
    outer loop
      vertex -1.500000e+000 -2.984481e+000  3.047530e-001
      vertex  1.500000e+000 -2.984481e+000  3.047530e-001
      vertex -1.500000e+000 -2.965119e+000  4.561433e-001
    endloop
  endfacet
  facet normal  0.000000e+000 -9.919208e-001  1.268580e-001
    outer loop
      vertex -1.500000e+000 -2.965119e+000  4.561433e-001
      vertex  1.500000e+000 -2.984481e+000  3.047530e-001
      vertex  1.500000e+000 -2.965119e+000  4.561433e-001
    endloop
  endfacet
  facet normal  0.000000e+000 -9.841856e-001  1.771401e-001
    outer loop
      vertex -1.500000e+000 -2.965119e+000  4.561433e-001
      vertex  1.500000e+000 -2.965119e+000  4.561433e-001
      vertex -1.500000e+000 -2.938084e+000  6.063530e-001
    endloop
  endfacet
  facet normal  0.000000e+000 -9.841856e-001  1.771401e-001
    outer loop
      vertex -1.500000e+000 -2.938084e+000  6.063530e-001
      vertex  1.500000e+000 -2.965119e+000  4.561433e-001
      vertex  1.500000e+000 -2.938084e+000  6.063530e-001
    endloop
  endfacet
  facet normal  0.000000e+000 -9.739029e-001  2.269644e-001
    outer loop
      vertex -1.500000e+000 -2.938084e+000  6.063530e-001
      vertex  1.500000e+000 -2.938084e+000  6.063530e-001
      vertex -1.500000e+000 -2.903444e+000  7.549934e-001
    endloop
  endfacet
  facet normal  0.000000e+000 -9.739029e-001  2.269644e-001
    outer loop
      vertex -1.500000e+000 -2.903444e+000  7.549934e-001
      vertex  1.500000e+000 -2.938084e+000  6.063530e-001
      vertex  1.500000e+000 -2.903444e+000  7.549934e-001
    endloop
  endfacet
  facet normal  0.000000e+000 -9.610997e-001  2.762014e-001
    outer loop
      vertex -1.500000e+000 -2.903444e+000  7.549934e-001
      vertex  1.500000e+000 -2.903444e+000  7.549934e-001
      vertex -1.500000e+000 -2.861289e+000  9.016796e-001
    endloop
  endfacet
  facet normal  0.000000e+000 -9.610997e-001  2.762014e-001
    outer loop
      vertex -1.500000e+000 -2.861289e+000  9.016796e-001
      vertex  1.500000e+000 -2.903444e+000  7.549934e-001
      vertex  1.500000e+000 -2.861289e+000  9.016796e-001
    endloop
  endfacet
  facet normal  0.000000e+000 -9.458091e-001  3.247230e-001
    outer loop
      vertex -1.500000e+000 -2.861289e+000  9.016796e-001
      vertex  1.500000e+000 -2.861289e+000  9.016796e-001
      vertex -1.500000e+000 -2.811728e+000  1.046032e+000
    endloop
  endfacet
  facet normal  0.000000e+000 -9.458091e-001  3.247230e-001
    outer loop
      vertex -1.500000e+000 -2.811728e+000  1.046032e+000
      vertex  1.500000e+000 -2.861289e+000  9.016796e-001
      vertex  1.500000e+000 -2.811728e+000  1.046032e+000
    endloop
  endfacet
  facet normal  0.000000e+000 -9.280701e-001  3.724056e-001
    outer loop
      vertex -1.500000e+000 -2.811728e+000  1.046032e+000
      vertex  1.500000e+000 -2.811728e+000  1.046032e+000
      vertex -1.500000e+000 -2.754891e+000  1.187677e+000
    endloop
  endfacet
  facet normal  0.000000e+000 -9.280701e-001  3.724056e-001
    outer loop
      vertex -1.500000e+000 -2.754891e+000  1.187677e+000
      vertex  1.500000e+000 -2.811728e+000  1.046032e+000
      vertex  1.500000e+000 -2.754891e+000  1.187677e+000
    endloop
  endfacet
  facet normal  0.000000e+000 -9.079294e-001  4.191232e-001
    outer loop
      vertex -1.500000e+000 -2.754891e+000  1.187677e+000
      vertex  1.500000e+000 -2.754891e+000  1.187677e+000
      vertex -1.500000e+000 -2.690923e+000  1.326249e+000
    endloop
  endfacet
  facet normal  0.000000e+000 -9.079294e-001  4.191232e-001
    outer loop
      vertex -1.500000e+000 -2.690923e+000  1.326249e+000
      vertex  1.500000e+000 -2.754891e+000  1.187677e+000
      vertex  1.500000e+000 -2.690923e+000  1.326249e+000
    endloop
  endfacet
  facet normal  0.000000e+000 -8.854387e-001  4.647560e-001
    outer loop
      vertex -1.500000e+000 -2.690923e+000  1.326249e+000
      vertex  1.500000e+000 -2.690923e+000  1.326249e+000
      vertex -1.500000e+000 -2.619990e+000  1.461387e+000
    endloop
  endfacet
  facet normal  0.000000e+000 -8.854387e-001  4.647560e-001
    outer loop
      vertex -1.500000e+000 -2.619990e+000  1.461387e+000
      vertex  1.500000e+000 -2.690923e+000  1.326249e+000
      vertex  1.500000e+000 -2.619990e+000  1.461387e+000
    endloop
  endfacet
endsolid CATIA STL
