solid CATIA STL
  facet normal  1.000000e+000  0.000000e+000  0.000000e+000
    outer loop
      vertex  8.000000e-001 -1.997908e-001  2.241112e+000
      vertex  8.000000e-001 -2.037820e+000  2.201656e+000
      vertex  8.000000e-001 -3.322048e-001  2.225340e+000
    endloop
  endfacet
  facet normal  1.000000e+000  0.000000e+000  0.000000e+000
    outer loop
      vertex  8.000000e-001 -5.930711e-001  2.170430e+000
      vertex  8.000000e-001 -2.148457e+000  2.093832e+000
      vertex  8.000000e-001 -7.206072e-001  2.131484e+000
    endloop
  endfacet
  facet normal  1.000000e+000  -0.000000e+000  0.000000e+000
    outer loop
      vertex  8.000000e-001 -1.201103e+000  1.902591e+000
      vertex  8.000000e-001 -2.352360e+000  1.861828e+000
      vertex  8.000000e-001 -1.311704e+000  1.828095e+000
    endloop
  endfacet
  facet normal  1.000000e+000  -0.000000e+000  0.000000e+000
    outer loop
      vertex  8.000000e-001 -5.930711e-001 -2.170430e+000
      vertex  8.000000e-001 -2.037820e+000 -2.201656e+000
      vertex  8.000000e-001 -4.634519e-001 -2.201752e+000
    endloop
  endfacet
  facet normal  1.000000e+000  0.000000e+000  0.000000e+000
    outer loop
      vertex  8.000000e-001  2.148457e+000  2.093832e+000
      vertex  8.000000e-001  5.930711e-001  2.170430e+000
      vertex  8.000000e-001  7.206072e-001  2.131484e+000
    endloop
  endfacet
  facet normal  1.000000e+000  0.000000e+000  -0.000000e+000
    outer loop
      vertex  8.000000e-001  1.201103e+000  1.902591e+000
      vertex  8.000000e-001  1.311704e+000  1.828095e+000
      vertex  8.000000e-001  2.352360e+000  1.861828e+000
    endloop
  endfacet
  facet normal  1.000000e+000  0.000000e+000  0.000000e+000
    outer loop
      vertex  8.000000e-001  1.921780e+000 -2.303641e+000
      vertex  8.000000e-001  3.322048e-001 -2.225340e+000
      vertex  8.000000e-001  1.997908e-001 -2.241112e+000
    endloop
  endfacet
  facet normal  1.000000e+000  -0.000000e+000  -0.000000e+000
    outer loop
      vertex  8.000000e-001 -1.921780e+000 -2.303641e+000
      vertex  8.000000e-001 -1.800643e+000 -2.399518e+000
      vertex  8.000000e-001 -1.674731e+000 -2.489031e+000
    endloop
  endfacet
  facet normal  1.000000e+000  -0.000000e+000  -0.000000e+000
    outer loop
      vertex  8.000000e-001 -1.921780e+000 -2.303641e+000
      vertex  8.000000e-001 -1.674731e+000 -2.489031e+000
      vertex  8.000000e-001 -1.544378e+000 -2.571944e+000
    endloop
  endfacet
  facet normal  1.000000e+000  -0.000000e+000  -0.000000e+000
    outer loop
      vertex  8.000000e-001 -1.921780e+000 -2.303641e+000
      vertex  8.000000e-001 -1.544378e+000 -2.571944e+000
      vertex  8.000000e-001 -1.409930e+000 -2.648036e+000
    endloop
  endfacet
  facet normal  1.000000e+000  -0.000000e+000  -0.000000e+000
    outer loop
      vertex  8.000000e-001 -1.921780e+000 -2.303641e+000
      vertex  8.000000e-001 -1.409930e+000 -2.648036e+000
      vertex  8.000000e-001 -1.271743e+000 -2.717107e+000
    endloop
  endfacet
  facet normal  9.999999e-001  -0.000000e+000  -0.000000e+000
    outer loop
      vertex  8.000000e-001 -1.921780e+000 -2.303641e+000
      vertex  8.000000e-001 -1.271743e+000 -2.717107e+000
      vertex  8.000000e-001 -1.130184e+000 -2.778972e+000
    endloop
  endfacet
  facet normal  1.000000e+000  -0.000000e+000  -0.000000e+000
    outer loop
      vertex  8.000000e-001 -1.921780e+000 -2.303641e+000
      vertex  8.000000e-001 -1.130184e+000 -2.778972e+000
      vertex  8.000000e-001 -9.856272e-001 -2.833468e+000
    endloop
  endfacet
  facet normal  1.000000e+000  -0.000000e+000  -0.000000e+000
    outer loop
      vertex  8.000000e-001 -1.921780e+000 -2.303641e+000
      vertex  8.000000e-001 -9.856272e-001 -2.833468e+000
      vertex  8.000000e-001 -8.384569e-001 -2.880450e+000
    endloop
  endfacet
  facet normal  1.000000e+000  -0.000000e+000  -0.000000e+000
    outer loop
      vertex  8.000000e-001 -1.921780e+000 -2.303641e+000
      vertex  8.000000e-001 -8.384569e-001 -2.880450e+000
      vertex  8.000000e-001 -6.890633e-001 -2.919793e+000
    endloop
  endfacet
  facet normal  9.999999e-001  -0.000000e+000  -0.000000e+000
    outer loop
      vertex  8.000000e-001 -1.921780e+000 -2.303641e+000
      vertex  8.000000e-001 -6.890633e-001 -2.919793e+000
      vertex  8.000000e-001 -5.378423e-001 -2.951394e+000
    endloop
  endfacet
  facet normal  1.000000e+000  -0.000000e+000  -0.000000e+000
    outer loop
      vertex  8.000000e-001 -1.921780e+000 -2.303641e+000
      vertex  8.000000e-001 -5.378423e-001 -2.951394e+000
      vertex  8.000000e-001 -3.851951e-001 -2.975168e+000
    endloop
  endfacet
  facet normal  9.999999e-001  -0.000000e+000  -0.000000e+000
    outer loop
      vertex  8.000000e-001 -1.921780e+000 -2.303641e+000
      vertex  8.000000e-001 -3.851951e-001 -2.975168e+000
      vertex  8.000000e-001 -2.315264e-001 -2.991053e+000
    endloop
  endfacet
  facet normal  1.000000e+000  -0.000000e+000  -0.000000e+000
    outer loop
      vertex  8.000000e-001 -1.921780e+000 -2.303641e+000
      vertex  8.000000e-001 -2.315264e-001 -2.991053e+000
      vertex  8.000000e-001 -7.724374e-002 -2.999005e+000
    endloop
  endfacet
  facet normal  1.000000e+000  0.000000e+000  -0.000000e+000
    outer loop
      vertex  8.000000e-001 -1.921780e+000 -2.303641e+000
      vertex  8.000000e-001 -7.724374e-002 -2.999005e+000
      vertex  8.000000e-001 -6.667498e-002 -2.249012e+000
    endloop
  endfacet
  facet normal  1.000000e+000  0.000000e+000  0.000000e+000
    outer loop
      vertex  8.000000e-001 -1.921780e+000 -2.303641e+000
      vertex  8.000000e-001 -6.667498e-002 -2.249012e+000
      vertex  8.000000e-001 -1.997908e-001 -2.241112e+000
    endloop
  endfacet
  facet normal  1.000000e+000  0.000000e+000  0.000000e+000
    outer loop
      vertex  8.000000e-001 -1.921780e+000 -2.303641e+000
      vertex  8.000000e-001 -1.997908e-001 -2.241112e+000
      vertex  8.000000e-001 -3.322048e-001 -2.225340e+000
    endloop
  endfacet
  facet normal  1.000000e+000  0.000000e+000  0.000000e+000
    outer loop
      vertex  8.000000e-001 -1.921780e+000 -2.303641e+000
      vertex  8.000000e-001 -3.322048e-001 -2.225340e+000
      vertex  8.000000e-001 -4.634519e-001 -2.201752e+000
    endloop
  endfacet
  facet normal  1.000000e+000  0.000000e+000  0.000000e+000
    outer loop
      vertex  8.000000e-001 -1.921780e+000 -2.303641e+000
      vertex  8.000000e-001 -4.634519e-001 -2.201752e+000
      vertex  8.000000e-001 -2.037820e+000 -2.201656e+000
    endloop
  endfacet
  facet normal  1.000000e+000  -0.000000e+000  0.000000e+000
    outer loop
      vertex  8.000000e-001  6.667498e-002 -2.249012e+000
      vertex  8.000000e-001 -6.667498e-002 -2.249012e+000
      vertex  8.000000e-001 -7.724374e-002 -2.999005e+000
    endloop
  endfacet
  facet normal  1.000000e+000  0.000000e+000  0.000000e+000
    outer loop
      vertex  8.000000e-001  6.667498e-002 -2.249012e+000
      vertex  8.000000e-001 -7.724374e-002 -2.999005e+000
      vertex  8.000000e-001  7.724374e-002 -2.999005e+000
    endloop
  endfacet
  facet normal  1.000000e+000  0.000000e+000  -0.000000e+000
    outer loop
      vertex  8.000000e-001  6.667498e-002 -2.249012e+000
      vertex  8.000000e-001  7.724374e-002 -2.999005e+000
      vertex  8.000000e-001  2.315264e-001 -2.991053e+000
    endloop
  endfacet
  facet normal  1.000000e+000  0.000000e+000  -0.000000e+000
    outer loop
      vertex  8.000000e-001  6.667498e-002 -2.249012e+000
      vertex  8.000000e-001  2.315264e-001 -2.991053e+000
      vertex  8.000000e-001  3.851951e-001 -2.975168e+000
    endloop
  endfacet
  facet normal  9.999999e-001  0.000000e+000  -0.000000e+000
    outer loop
      vertex  8.000000e-001  6.667498e-002 -2.249012e+000
      vertex  8.000000e-001  3.851951e-001 -2.975168e+000
      vertex  8.000000e-001  5.378423e-001 -2.951394e+000
    endloop
  endfacet
  facet normal  1.000000e+000  0.000000e+000  -0.000000e+000
    outer loop
      vertex  8.000000e-001  6.667498e-002 -2.249012e+000
      vertex  8.000000e-001  5.378423e-001 -2.951394e+000
      vertex  8.000000e-001  6.890633e-001 -2.919793e+000
    endloop
  endfacet
  facet normal  1.000000e+000  0.000000e+000  -0.000000e+000
    outer loop
      vertex  8.000000e-001  6.667498e-002 -2.249012e+000
      vertex  8.000000e-001  6.890633e-001 -2.919793e+000
      vertex  8.000000e-001  8.384569e-001 -2.880450e+000
    endloop
  endfacet
  facet normal  1.000000e+000  0.000000e+000  -0.000000e+000
    outer loop
      vertex  8.000000e-001  6.667498e-002 -2.249012e+000
      vertex  8.000000e-001  8.384569e-001 -2.880450e+000
      vertex  8.000000e-001  9.856272e-001 -2.833468e+000
    endloop
  endfacet
  facet normal  1.000000e+000  0.000000e+000  -0.000000e+000
    outer loop
      vertex  8.000000e-001  6.667498e-002 -2.249012e+000
      vertex  8.000000e-001  9.856272e-001 -2.833468e+000
      vertex  8.000000e-001  1.130184e+000 -2.778972e+000
    endloop
  endfacet
  facet normal  1.000000e+000  0.000000e+000  -0.000000e+000
    outer loop
      vertex  8.000000e-001  6.667498e-002 -2.249012e+000
      vertex  8.000000e-001  1.130184e+000 -2.778972e+000
      vertex  8.000000e-001  1.271743e+000 -2.717107e+000
    endloop
  endfacet
  facet normal  1.000000e+000  0.000000e+000  -0.000000e+000
    outer loop
      vertex  8.000000e-001  6.667498e-002 -2.249012e+000
      vertex  8.000000e-001  1.271743e+000 -2.717107e+000
      vertex  8.000000e-001  1.409930e+000 -2.648036e+000
    endloop
  endfacet
  facet normal  1.000000e+000  0.000000e+000  -0.000000e+000
    outer loop
      vertex  8.000000e-001  6.667498e-002 -2.249012e+000
      vertex  8.000000e-001  1.409930e+000 -2.648036e+000
      vertex  8.000000e-001  1.544378e+000 -2.571944e+000
    endloop
  endfacet
  facet normal  1.000000e+000  0.000000e+000  -0.000000e+000
    outer loop
      vertex  8.000000e-001  6.667498e-002 -2.249012e+000
      vertex  8.000000e-001  1.544378e+000 -2.571944e+000
      vertex  8.000000e-001  1.674731e+000 -2.489031e+000
    endloop
  endfacet
  facet normal  9.999999e-001  0.000000e+000  -0.000000e+000
    outer loop
      vertex  8.000000e-001  6.667498e-002 -2.249012e+000
      vertex  8.000000e-001  1.674731e+000 -2.489031e+000
      vertex  8.000000e-001  1.800643e+000 -2.399518e+000
    endloop
  endfacet
  facet normal  1.000000e+000  0.000000e+000  -0.000000e+000
    outer loop
      vertex  8.000000e-001  6.667498e-002 -2.249012e+000
      vertex  8.000000e-001  1.800643e+000 -2.399518e+000
      vertex  8.000000e-001  1.921780e+000 -2.303641e+000
    endloop
  endfacet
  facet normal  1.000000e+000  0.000000e+000  0.000000e+000
    outer loop
      vertex  8.000000e-001  6.667498e-002 -2.249012e+000
      vertex  8.000000e-001  1.921780e+000 -2.303641e+000
      vertex  8.000000e-001  1.997908e-001 -2.241112e+000
    endloop
  endfacet
  facet normal  1.000000e+000  0.000000e+000  0.000000e+000
    outer loop
      vertex  8.000000e-001 -1.921780e+000  2.303641e+000
      vertex  8.000000e-001 -2.037820e+000  2.201656e+000
      vertex  8.000000e-001 -1.997908e-001  2.241112e+000
    endloop
  endfacet
  facet normal  1.000000e+000  0.000000e+000  -0.000000e+000
    outer loop
      vertex  8.000000e-001 -1.921780e+000  2.303641e+000
      vertex  8.000000e-001 -1.997908e-001  2.241112e+000
      vertex  8.000000e-001 -6.667498e-002  2.249012e+000
    endloop
  endfacet
  facet normal  1.000000e+000  0.000000e+000  0.000000e+000
    outer loop
      vertex  8.000000e-001 -1.921780e+000  2.303641e+000
      vertex  8.000000e-001 -6.667498e-002  2.249012e+000
      vertex  8.000000e-001 -7.724374e-002  2.999005e+000
    endloop
  endfacet
  facet normal  1.000000e+000  0.000000e+000  0.000000e+000
    outer loop
      vertex  8.000000e-001 -1.921780e+000  2.303641e+000
      vertex  8.000000e-001 -7.724374e-002  2.999005e+000
      vertex  8.000000e-001 -2.315264e-001  2.991053e+000
    endloop
  endfacet
  facet normal  9.999999e-001  0.000000e+000  0.000000e+000
    outer loop
      vertex  8.000000e-001 -1.921780e+000  2.303641e+000
      vertex  8.000000e-001 -2.315264e-001  2.991053e+000
      vertex  8.000000e-001 -3.851951e-001  2.975168e+000
    endloop
  endfacet
  facet normal  1.000000e+000  0.000000e+000  0.000000e+000
    outer loop
      vertex  8.000000e-001 -1.921780e+000  2.303641e+000
      vertex  8.000000e-001 -3.851951e-001  2.975168e+000
      vertex  8.000000e-001 -5.378423e-001  2.951394e+000
    endloop
  endfacet
  facet normal  9.999999e-001  0.000000e+000  0.000000e+000
    outer loop
      vertex  8.000000e-001 -1.921780e+000  2.303641e+000
      vertex  8.000000e-001 -5.378423e-001  2.951394e+000
      vertex  8.000000e-001 -6.890633e-001  2.919793e+000
    endloop
  endfacet
  facet normal  1.000000e+000  0.000000e+000  0.000000e+000
    outer loop
      vertex  8.000000e-001 -1.921780e+000  2.303641e+000
      vertex  8.000000e-001 -6.890633e-001  2.919793e+000
      vertex  8.000000e-001 -8.384569e-001  2.880450e+000
    endloop
  endfacet
  facet normal  1.000000e+000  0.000000e+000  0.000000e+000
    outer loop
      vertex  8.000000e-001 -1.921780e+000  2.303641e+000
      vertex  8.000000e-001 -8.384569e-001  2.880450e+000
      vertex  8.000000e-001 -9.856272e-001  2.833468e+000
    endloop
  endfacet
  facet normal  1.000000e+000  0.000000e+000  0.000000e+000
    outer loop
      vertex  8.000000e-001 -1.921780e+000  2.303641e+000
      vertex  8.000000e-001 -9.856272e-001  2.833468e+000
      vertex  8.000000e-001 -1.130184e+000  2.778972e+000
    endloop
  endfacet
  facet normal  9.999999e-001  0.000000e+000  0.000000e+000
    outer loop
      vertex  8.000000e-001 -1.921780e+000  2.303641e+000
      vertex  8.000000e-001 -1.130184e+000  2.778972e+000
      vertex  8.000000e-001 -1.271743e+000  2.717107e+000
    endloop
  endfacet
  facet normal  1.000000e+000  0.000000e+000  0.000000e+000
    outer loop
      vertex  8.000000e-001 -1.921780e+000  2.303641e+000
      vertex  8.000000e-001 -1.271743e+000  2.717107e+000
      vertex  8.000000e-001 -1.409930e+000  2.648036e+000
    endloop
  endfacet
  facet normal  1.000000e+000  0.000000e+000  0.000000e+000
    outer loop
      vertex  8.000000e-001 -1.921780e+000  2.303641e+000
      vertex  8.000000e-001 -1.409930e+000  2.648036e+000
      vertex  8.000000e-001 -1.544378e+000  2.571944e+000
    endloop
  endfacet
  facet normal  1.000000e+000  0.000000e+000  0.000000e+000
    outer loop
      vertex  8.000000e-001 -1.921780e+000  2.303641e+000
      vertex  8.000000e-001 -1.544378e+000  2.571944e+000
      vertex  8.000000e-001 -1.674731e+000  2.489031e+000
    endloop
  endfacet
  facet normal  1.000000e+000  0.000000e+000  0.000000e+000
    outer loop
      vertex  8.000000e-001 -1.921780e+000  2.303641e+000
      vertex  8.000000e-001 -1.674731e+000  2.489031e+000
      vertex  8.000000e-001 -1.800643e+000  2.399518e+000
    endloop
  endfacet
  facet normal  1.000000e+000  0.000000e+000  0.000000e+000
    outer loop
      vertex  8.000000e-001  6.667498e-002  2.249012e+000
      vertex  8.000000e-001  2.037820e+000  2.201656e+000
      vertex  8.000000e-001  1.921780e+000  2.303641e+000
    endloop
  endfacet
  facet normal  1.000000e+000  0.000000e+000  0.000000e+000
    outer loop
      vertex  8.000000e-001  6.667498e-002  2.249012e+000
      vertex  8.000000e-001  1.921780e+000  2.303641e+000
      vertex  8.000000e-001  1.800643e+000  2.399518e+000
    endloop
  endfacet
  facet normal  9.999999e-001  0.000000e+000  0.000000e+000
    outer loop
      vertex  8.000000e-001  6.667498e-002  2.249012e+000
      vertex  8.000000e-001  1.800643e+000  2.399518e+000
      vertex  8.000000e-001  1.674731e+000  2.489031e+000
    endloop
  endfacet
  facet normal  1.000000e+000  0.000000e+000  0.000000e+000
    outer loop
      vertex  8.000000e-001  6.667498e-002  2.249012e+000
      vertex  8.000000e-001  1.674731e+000  2.489031e+000
      vertex  8.000000e-001  1.544378e+000  2.571944e+000
    endloop
  endfacet
  facet normal  1.000000e+000  0.000000e+000  0.000000e+000
    outer loop
      vertex  8.000000e-001  6.667498e-002  2.249012e+000
      vertex  8.000000e-001  1.544378e+000  2.571944e+000
      vertex  8.000000e-001  1.409930e+000  2.648036e+000
    endloop
  endfacet
  facet normal  1.000000e+000  0.000000e+000  0.000000e+000
    outer loop
      vertex  8.000000e-001  6.667498e-002  2.249012e+000
      vertex  8.000000e-001  1.409930e+000  2.648036e+000
      vertex  8.000000e-001  1.271743e+000  2.717107e+000
    endloop
  endfacet
  facet normal  1.000000e+000  0.000000e+000  0.000000e+000
    outer loop
      vertex  8.000000e-001  6.667498e-002  2.249012e+000
      vertex  8.000000e-001  1.271743e+000  2.717107e+000
      vertex  8.000000e-001  1.130184e+000  2.778972e+000
    endloop
  endfacet
  facet normal  1.000000e+000  0.000000e+000  0.000000e+000
    outer loop
      vertex  8.000000e-001  6.667498e-002  2.249012e+000
      vertex  8.000000e-001  1.130184e+000  2.778972e+000
      vertex  8.000000e-001  9.856272e-001  2.833468e+000
    endloop
  endfacet
  facet normal  1.000000e+000  0.000000e+000  0.000000e+000
    outer loop
      vertex  8.000000e-001  6.667498e-002  2.249012e+000
      vertex  8.000000e-001  9.856272e-001  2.833468e+000
      vertex  8.000000e-001  8.384569e-001  2.880450e+000
    endloop
  endfacet
  facet normal  1.000000e+000  0.000000e+000  0.000000e+000
    outer loop
      vertex  8.000000e-001  6.667498e-002  2.249012e+000
      vertex  8.000000e-001  8.384569e-001  2.880450e+000
      vertex  8.000000e-001  6.890633e-001  2.919793e+000
    endloop
  endfacet
  facet normal  1.000000e+000  0.000000e+000  0.000000e+000
    outer loop
      vertex  8.000000e-001  6.667498e-002  2.249012e+000
      vertex  8.000000e-001  6.890633e-001  2.919793e+000
      vertex  8.000000e-001  5.378423e-001  2.951394e+000
    endloop
  endfacet
  facet normal  9.999999e-001  0.000000e+000  0.000000e+000
    outer loop
      vertex  8.000000e-001  6.667498e-002  2.249012e+000
      vertex  8.000000e-001  5.378423e-001  2.951394e+000
      vertex  8.000000e-001  3.851951e-001  2.975168e+000
    endloop
  endfacet
  facet normal  1.000000e+000  0.000000e+000  0.000000e+000
    outer loop
      vertex  8.000000e-001  6.667498e-002  2.249012e+000
      vertex  8.000000e-001  3.851951e-001  2.975168e+000
      vertex  8.000000e-001  2.315264e-001  2.991053e+000
    endloop
  endfacet
  facet normal  1.000000e+000  0.000000e+000  0.000000e+000
    outer loop
      vertex  8.000000e-001  6.667498e-002  2.249012e+000
      vertex  8.000000e-001  2.315264e-001  2.991053e+000
      vertex  8.000000e-001  7.724374e-002  2.999005e+000
    endloop
  endfacet
  facet normal  1.000000e+000  0.000000e+000  0.000000e+000
    outer loop
      vertex  8.000000e-001  6.667498e-002  2.249012e+000
      vertex  8.000000e-001  7.724374e-002  2.999005e+000
      vertex  8.000000e-001 -7.724374e-002  2.999005e+000
    endloop
  endfacet
  facet normal  1.000000e+000  0.000000e+000  0.000000e+000
    outer loop
      vertex  8.000000e-001  6.667498e-002  2.249012e+000
      vertex  8.000000e-001 -7.724374e-002  2.999005e+000
      vertex  8.000000e-001 -6.667498e-002  2.249012e+000
    endloop
  endfacet
  facet normal  1.000000e+000  0.000000e+000  0.000000e+000
    outer loop
      vertex  8.000000e-001  2.037820e+000  2.201656e+000
      vertex  8.000000e-001  6.667498e-002  2.249012e+000
      vertex  8.000000e-001  1.997908e-001  2.241112e+000
    endloop
  endfacet
  facet normal  1.000000e+000  0.000000e+000  0.000000e+000
    outer loop
      vertex  8.000000e-001  2.037820e+000  2.201656e+000
      vertex  8.000000e-001  1.997908e-001  2.241112e+000
      vertex  8.000000e-001  3.322048e-001  2.225340e+000
    endloop
  endfacet
  facet normal  1.000000e+000  0.000000e+000  0.000000e+000
    outer loop
      vertex  8.000000e-001  2.037820e+000  2.201656e+000
      vertex  8.000000e-001  3.322048e-001  2.225340e+000
      vertex  8.000000e-001  4.634519e-001  2.201752e+000
    endloop
  endfacet
  facet normal  1.000000e+000  0.000000e+000  0.000000e+000
    outer loop
      vertex  8.000000e-001  2.037820e+000  2.201656e+000
      vertex  8.000000e-001  4.634519e-001  2.201752e+000
      vertex  8.000000e-001  5.930711e-001  2.170430e+000
    endloop
  endfacet
  facet normal  1.000000e+000  -0.000000e+000  0.000000e+000
    outer loop
      vertex  8.000000e-001  2.037820e+000  2.201656e+000
      vertex  8.000000e-001  5.930711e-001  2.170430e+000
      vertex  8.000000e-001  2.148457e+000  2.093832e+000
    endloop
  endfacet
  facet normal  1.000000e+000  0.000000e+000  0.000000e+000
    outer loop
      vertex  8.000000e-001 -2.148457e+000  2.093832e+000
      vertex  8.000000e-001 -5.930711e-001  2.170430e+000
      vertex  8.000000e-001 -2.037820e+000  2.201656e+000
    endloop
  endfacet
  facet normal  1.000000e+000  -0.000000e+000  0.000000e+000
    outer loop
      vertex  8.000000e-001 -2.037820e+000  2.201656e+000
      vertex  8.000000e-001 -5.930711e-001  2.170430e+000
      vertex  8.000000e-001 -4.634519e-001  2.201752e+000
    endloop
  endfacet
  facet normal  1.000000e+000  0.000000e+000  -0.000000e+000
    outer loop
      vertex  8.000000e-001 -2.037820e+000  2.201656e+000
      vertex  8.000000e-001 -4.634519e-001  2.201752e+000
      vertex  8.000000e-001 -3.322048e-001  2.225340e+000
    endloop
  endfacet
  facet normal  1.000000e+000  0.000000e+000  0.000000e+000
    outer loop
      vertex  8.000000e-001 -2.253396e+000  1.980456e+000
      vertex  8.000000e-001 -9.676467e-001  2.031295e+000
      vertex  8.000000e-001 -2.148457e+000  2.093832e+000
    endloop
  endfacet
  facet normal  1.000000e+000  0.000000e+000  0.000000e+000
    outer loop
      vertex  8.000000e-001 -2.148457e+000  2.093832e+000
      vertex  8.000000e-001 -9.676467e-001  2.031295e+000
      vertex  8.000000e-001 -8.456120e-001  2.085052e+000
    endloop
  endfacet
  facet normal  9.999999e-001  0.000000e+000  -0.000000e+000
    outer loop
      vertex  8.000000e-001 -2.148457e+000  2.093832e+000
      vertex  8.000000e-001 -8.456120e-001  2.085052e+000
      vertex  8.000000e-001 -7.206072e-001  2.131484e+000
    endloop
  endfacet
  facet normal  1.000000e+000  0.000000e+000  0.000000e+000
    outer loop
      vertex  8.000000e-001 -2.352360e+000  1.861828e+000
      vertex  8.000000e-001 -1.201103e+000  1.902591e+000
      vertex  8.000000e-001 -2.253396e+000  1.980456e+000
    endloop
  endfacet
  facet normal  1.000000e+000  0.000000e+000  0.000000e+000
    outer loop
      vertex  8.000000e-001 -2.253396e+000  1.980456e+000
      vertex  8.000000e-001 -1.201103e+000  1.902591e+000
      vertex  8.000000e-001 -1.086282e+000  1.970404e+000
    endloop
  endfacet
  facet normal  1.000000e+000  0.000000e+000  -0.000000e+000
    outer loop
      vertex  8.000000e-001 -2.253396e+000  1.980456e+000
      vertex  8.000000e-001 -1.086282e+000  1.970404e+000
      vertex  8.000000e-001 -9.676467e-001  2.031295e+000
    endloop
  endfacet
  facet normal  1.000000e+000  0.000000e+000  0.000000e+000
    outer loop
      vertex  8.000000e-001 -1.311704e+000  1.828095e+000
      vertex  8.000000e-001 -2.352360e+000  1.861828e+000
      vertex  8.000000e-001 -1.417698e+000  1.747179e+000
    endloop
  endfacet
  facet normal  1.000000e+000  0.000000e+000  0.000000e+000
    outer loop
      vertex  8.000000e-001 -1.417698e+000  1.747179e+000
      vertex  8.000000e-001 -2.352360e+000  1.861828e+000
      vertex  8.000000e-001 -2.445085e+000  1.738263e+000
    endloop
  endfacet
  facet normal  1.000000e+000  -0.000000e+000  0.000000e+000
    outer loop
      vertex  8.000000e-001 -1.417698e+000  1.747179e+000
      vertex  8.000000e-001 -2.445085e+000  1.738263e+000
      vertex  8.000000e-001 -1.518712e+000  1.660125e+000
    endloop
  endfacet
  facet normal  1.000000e+000  0.000000e+000  0.000000e+000
    outer loop
      vertex  8.000000e-001 -1.518712e+000  1.660125e+000
      vertex  8.000000e-001 -2.445085e+000  1.738263e+000
      vertex  8.000000e-001 -2.531327e+000  1.610089e+000
    endloop
  endfacet
  facet normal  1.000000e+000  -0.000000e+000  0.000000e+000
    outer loop
      vertex  8.000000e-001 -1.518712e+000  1.660125e+000
      vertex  8.000000e-001 -2.531327e+000  1.610089e+000
      vertex  8.000000e-001 -1.614391e+000  1.567240e+000
    endloop
  endfacet
  facet normal  1.000000e+000  0.000000e+000  0.000000e+000
    outer loop
      vertex  8.000000e-001 -1.614391e+000  1.567240e+000
      vertex  8.000000e-001 -2.531327e+000  1.610089e+000
      vertex  8.000000e-001 -1.704400e+000  1.468850e+000
    endloop
  endfacet
  facet normal  1.000000e+000  0.000000e+000  0.000000e+000
    outer loop
      vertex  8.000000e-001 -1.704400e+000  1.468850e+000
      vertex  8.000000e-001 -2.531327e+000  1.610089e+000
      vertex  8.000000e-001 -2.610856e+000  1.477644e+000
    endloop
  endfacet
  facet normal  1.000000e+000  0.000000e+000  0.000000e+000
    outer loop
      vertex  8.000000e-001 -1.704400e+000  1.468850e+000
      vertex  8.000000e-001 -2.610856e+000  1.477644e+000
      vertex  8.000000e-001 -1.788422e+000  1.365300e+000
    endloop
  endfacet
  facet normal  1.000000e+000  0.000000e+000  0.000000e+000
    outer loop
      vertex  8.000000e-001 -1.788422e+000  1.365300e+000
      vertex  8.000000e-001 -2.610856e+000  1.477644e+000
      vertex  8.000000e-001 -2.683461e+000  1.341281e+000
    endloop
  endfacet
  facet normal  1.000000e+000  -0.000000e+000  0.000000e+000
    outer loop
      vertex  8.000000e-001 -1.788422e+000  1.365300e+000
      vertex  8.000000e-001 -2.683461e+000  1.341281e+000
      vertex  8.000000e-001 -1.866163e+000  1.256955e+000
    endloop
  endfacet
  facet normal  1.000000e+000  0.000000e+000  0.000000e+000
    outer loop
      vertex  8.000000e-001 -1.866163e+000  1.256955e+000
      vertex  8.000000e-001 -2.683461e+000  1.341281e+000
      vertex  8.000000e-001 -2.748951e+000  1.201362e+000
    endloop
  endfacet
  facet normal  1.000000e+000  -0.000000e+000  0.000000e+000
    outer loop
      vertex  8.000000e-001 -1.866163e+000  1.256955e+000
      vertex  8.000000e-001 -2.748951e+000  1.201362e+000
      vertex  8.000000e-001 -1.937348e+000  1.144195e+000
    endloop
  endfacet
  facet normal  9.999999e-001  0.000000e+000  0.000000e+000
    outer loop
      vertex  8.000000e-001 -1.937348e+000  1.144195e+000
      vertex  8.000000e-001 -2.748951e+000  1.201362e+000
      vertex  8.000000e-001 -2.807150e+000  1.058256e+000
    endloop
  endfacet
  facet normal  1.000000e+000  -0.000000e+000  0.000000e+000
    outer loop
      vertex  8.000000e-001 -1.937348e+000  1.144195e+000
      vertex  8.000000e-001 -2.807150e+000  1.058256e+000
      vertex  8.000000e-001 -2.001729e+000  1.027416e+000
    endloop
  endfacet
  facet normal  1.000000e+000  0.000000e+000  0.000000e+000
    outer loop
      vertex  8.000000e-001 -2.001729e+000  1.027416e+000
      vertex  8.000000e-001 -2.807150e+000  1.058256e+000
      vertex  8.000000e-001 -2.059078e+000  9.070277e-001
    endloop
  endfacet
  facet normal  1.000000e+000  0.000000e+000  0.000000e+000
    outer loop
      vertex  8.000000e-001 -2.059078e+000  9.070277e-001
      vertex  8.000000e-001 -2.807150e+000  1.058256e+000
      vertex  8.000000e-001 -2.857906e+000  9.123445e-001
    endloop
  endfacet
  facet normal  1.000000e+000  0.000000e+000  0.000000e+000
    outer loop
      vertex  8.000000e-001 -2.059078e+000  9.070277e-001
      vertex  8.000000e-001 -2.857906e+000  9.123445e-001
      vertex  8.000000e-001 -2.109194e+000  7.834537e-001
    endloop
  endfacet
  facet normal  1.000000e+000  0.000000e+000  0.000000e+000
    outer loop
      vertex  8.000000e-001 -2.109194e+000  7.834537e-001
      vertex  8.000000e-001 -2.857906e+000  9.123445e-001
      vertex  8.000000e-001 -2.901083e+000  7.640134e-001
    endloop
  endfacet
  facet normal  1.000000e+000  -0.000000e+000  0.000000e+000
    outer loop
      vertex  8.000000e-001 -2.109194e+000  7.834537e-001
      vertex  8.000000e-001 -2.901083e+000  7.640134e-001
      vertex  8.000000e-001 -2.151902e+000  6.571277e-001
    endloop
  endfacet
  facet normal  1.000000e+000  0.000000e+000  0.000000e+000
    outer loop
      vertex  8.000000e-001 -2.151902e+000  6.571277e-001
      vertex  8.000000e-001 -2.901083e+000  7.640134e-001
      vertex  8.000000e-001 -2.936567e+000  6.136562e-001
    endloop
  endfacet
  facet normal  1.000000e+000  -0.000000e+000  0.000000e+000
    outer loop
      vertex  8.000000e-001 -2.151902e+000  6.571277e-001
      vertex  8.000000e-001 -2.936567e+000  6.136562e-001
      vertex  8.000000e-001 -2.187052e+000  5.284936e-001
    endloop
  endfacet
  facet normal  1.000000e+000  0.000000e+000  0.000000e+000
    outer loop
      vertex  8.000000e-001 -2.187052e+000  5.284936e-001
      vertex  8.000000e-001 -2.936567e+000  6.136562e-001
      vertex  8.000000e-001 -2.964264e+000  4.616717e-001
    endloop
  endfacet
  facet normal  1.000000e+000  -0.000000e+000  0.000000e+000
    outer loop
      vertex  8.000000e-001 -2.187052e+000  5.284936e-001
      vertex  8.000000e-001 -2.964264e+000  4.616717e-001
      vertex  8.000000e-001 -2.214519e+000  3.980031e-001
    endloop
  endfacet
  facet normal  9.999999e-001  0.000000e+000  0.000000e+000
    outer loop
      vertex  8.000000e-001 -2.214519e+000  3.980031e-001
      vertex  8.000000e-001 -2.964264e+000  4.616717e-001
      vertex  8.000000e-001 -2.234207e+000  2.661146e-001
    endloop
  endfacet
  facet normal  1.000000e+000  0.000000e+000  0.000000e+000
    outer loop
      vertex  8.000000e-001 -2.234207e+000  2.661146e-001
      vertex  8.000000e-001 -2.964264e+000  4.616717e-001
      vertex  8.000000e-001 -2.984100e+000  3.084630e-001
    endloop
  endfacet
  facet normal  1.000000e+000  0.000000e+000  0.000000e+000
    outer loop
      vertex  8.000000e-001 -2.234207e+000  2.661146e-001
      vertex  8.000000e-001 -2.984100e+000  3.084630e-001
      vertex  8.000000e-001 -2.246048e+000  1.332914e-001
    endloop
  endfacet
  facet normal  1.000000e+000  0.000000e+000  0.000000e+000
    outer loop
      vertex  8.000000e-001 -2.246048e+000  1.332914e-001
      vertex  8.000000e-001 -2.984100e+000  3.084630e-001
      vertex  8.000000e-001 -2.996022e+000  1.544363e-001
    endloop
  endfacet
  facet normal  1.000000e+000  0.000000e+000  0.000000e+000
    outer loop
      vertex  8.000000e-001 -2.246048e+000  1.332914e-001
      vertex  8.000000e-001 -2.996022e+000  1.544363e-001
      vertex  8.000000e-001 -2.250000e+000  2.755364e-016
    endloop
  endfacet
  facet normal  9.999999e-001  0.000000e+000  0.000000e+000
    outer loop
      vertex  8.000000e-001 -2.250000e+000  2.755364e-016
      vertex  8.000000e-001 -2.996022e+000  1.544363e-001
      vertex  8.000000e-001 -3.000000e+000  3.673819e-016
    endloop
  endfacet
  facet normal  1.000000e+000  0.000000e+000  0.000000e+000
    outer loop
      vertex  8.000000e-001 -2.250000e+000  2.755364e-016
      vertex  8.000000e-001 -3.000000e+000  3.673819e-016
      vertex  8.000000e-001 -2.246048e+000 -1.332914e-001
    endloop
  endfacet
  facet normal  1.000000e+000  0.000000e+000  0.000000e+000
    outer loop
      vertex  8.000000e-001 -2.246048e+000 -1.332914e-001
      vertex  8.000000e-001 -3.000000e+000  3.673819e-016
      vertex  8.000000e-001 -2.996022e+000 -1.544363e-001
    endloop
  endfacet
  facet normal  1.000000e+000  -0.000000e+000  0.000000e+000
    outer loop
      vertex  8.000000e-001 -2.246048e+000 -1.332914e-001
      vertex  8.000000e-001 -2.996022e+000 -1.544363e-001
      vertex  8.000000e-001 -2.234207e+000 -2.661146e-001
    endloop
  endfacet
  facet normal  9.999999e-001  0.000000e+000  0.000000e+000
    outer loop
      vertex  8.000000e-001 -2.234207e+000 -2.661146e-001
      vertex  8.000000e-001 -2.996022e+000 -1.544363e-001
      vertex  8.000000e-001 -2.984100e+000 -3.084630e-001
    endloop
  endfacet
  facet normal  9.999999e-001  -0.000000e+000  0.000000e+000
    outer loop
      vertex  8.000000e-001 -2.234207e+000 -2.661146e-001
      vertex  8.000000e-001 -2.984100e+000 -3.084630e-001
      vertex  8.000000e-001 -2.214519e+000 -3.980031e-001
    endloop
  endfacet
  facet normal  1.000000e+000  0.000000e+000  0.000000e+000
    outer loop
      vertex  8.000000e-001 -2.214519e+000 -3.980031e-001
      vertex  8.000000e-001 -2.984100e+000 -3.084630e-001
      vertex  8.000000e-001 -2.964264e+000 -4.616717e-001
    endloop
  endfacet
  facet normal  1.000000e+000  -0.000000e+000  0.000000e+000
    outer loop
      vertex  8.000000e-001 -2.214519e+000 -3.980031e-001
      vertex  8.000000e-001 -2.964264e+000 -4.616717e-001
      vertex  8.000000e-001 -2.187052e+000 -5.284936e-001
    endloop
  endfacet
  facet normal  1.000000e+000  0.000000e+000  0.000000e+000
    outer loop
      vertex  8.000000e-001 -2.187052e+000 -5.284936e-001
      vertex  8.000000e-001 -2.964264e+000 -4.616717e-001
      vertex  8.000000e-001 -2.936567e+000 -6.136562e-001
    endloop
  endfacet
  facet normal  1.000000e+000  -0.000000e+000  0.000000e+000
    outer loop
      vertex  8.000000e-001 -2.187052e+000 -5.284936e-001
      vertex  8.000000e-001 -2.936567e+000 -6.136562e-001
      vertex  8.000000e-001 -2.151902e+000 -6.571277e-001
    endloop
  endfacet
  facet normal  1.000000e+000  0.000000e+000  0.000000e+000
    outer loop
      vertex  8.000000e-001 -2.151902e+000 -6.571277e-001
      vertex  8.000000e-001 -2.936567e+000 -6.136562e-001
      vertex  8.000000e-001 -2.109194e+000 -7.834537e-001
    endloop
  endfacet
  facet normal  1.000000e+000  0.000000e+000  0.000000e+000
    outer loop
      vertex  8.000000e-001 -2.109194e+000 -7.834537e-001
      vertex  8.000000e-001 -2.936567e+000 -6.136562e-001
      vertex  8.000000e-001 -2.901083e+000 -7.640134e-001
    endloop
  endfacet
  facet normal  1.000000e+000  0.000000e+000  0.000000e+000
    outer loop
      vertex  8.000000e-001 -2.109194e+000 -7.834537e-001
      vertex  8.000000e-001 -2.901083e+000 -7.640134e-001
      vertex  8.000000e-001 -2.059078e+000 -9.070277e-001
    endloop
  endfacet
  facet normal  1.000000e+000  0.000000e+000  0.000000e+000
    outer loop
      vertex  8.000000e-001 -2.059078e+000 -9.070277e-001
      vertex  8.000000e-001 -2.901083e+000 -7.640134e-001
      vertex  8.000000e-001 -2.857906e+000 -9.123445e-001
    endloop
  endfacet
  facet normal  1.000000e+000  -0.000000e+000  0.000000e+000
    outer loop
      vertex  8.000000e-001 -2.059078e+000 -9.070277e-001
      vertex  8.000000e-001 -2.857906e+000 -9.123445e-001
      vertex  8.000000e-001 -2.001729e+000 -1.027416e+000
    endloop
  endfacet
  facet normal  9.999999e-001  0.000000e+000  0.000000e+000
    outer loop
      vertex  8.000000e-001 -2.001729e+000 -1.027416e+000
      vertex  8.000000e-001 -2.857906e+000 -9.123445e-001
      vertex  8.000000e-001 -2.807150e+000 -1.058256e+000
    endloop
  endfacet
  facet normal  1.000000e+000  -0.000000e+000  0.000000e+000
    outer loop
      vertex  8.000000e-001 -2.001729e+000 -1.027416e+000
      vertex  8.000000e-001 -2.807150e+000 -1.058256e+000
      vertex  8.000000e-001 -1.937348e+000 -1.144195e+000
    endloop
  endfacet
  facet normal  9.999999e-001  0.000000e+000  0.000000e+000
    outer loop
      vertex  8.000000e-001 -1.937348e+000 -1.144195e+000
      vertex  8.000000e-001 -2.807150e+000 -1.058256e+000
      vertex  8.000000e-001 -2.748951e+000 -1.201362e+000
    endloop
  endfacet
  facet normal  1.000000e+000  -0.000000e+000  0.000000e+000
    outer loop
      vertex  8.000000e-001 -1.937348e+000 -1.144195e+000
      vertex  8.000000e-001 -2.748951e+000 -1.201362e+000
      vertex  8.000000e-001 -1.866163e+000 -1.256955e+000
    endloop
  endfacet
  facet normal  1.000000e+000  0.000000e+000  0.000000e+000
    outer loop
      vertex  8.000000e-001 -1.866163e+000 -1.256955e+000
      vertex  8.000000e-001 -2.748951e+000 -1.201362e+000
      vertex  8.000000e-001 -1.788422e+000 -1.365300e+000
    endloop
  endfacet
  facet normal  1.000000e+000  0.000000e+000  0.000000e+000
    outer loop
      vertex  8.000000e-001 -1.788422e+000 -1.365300e+000
      vertex  8.000000e-001 -2.748951e+000 -1.201362e+000
      vertex  8.000000e-001 -2.683461e+000 -1.341281e+000
    endloop
  endfacet
  facet normal  1.000000e+000  0.000000e+000  0.000000e+000
    outer loop
      vertex  8.000000e-001 -1.788422e+000 -1.365300e+000
      vertex  8.000000e-001 -2.683461e+000 -1.341281e+000
      vertex  8.000000e-001 -1.704400e+000 -1.468850e+000
    endloop
  endfacet
  facet normal  1.000000e+000  0.000000e+000  0.000000e+000
    outer loop
      vertex  8.000000e-001 -1.704400e+000 -1.468850e+000
      vertex  8.000000e-001 -2.683461e+000 -1.341281e+000
      vertex  8.000000e-001 -2.610856e+000 -1.477644e+000
    endloop
  endfacet
  facet normal  1.000000e+000  -0.000000e+000  0.000000e+000
    outer loop
      vertex  8.000000e-001 -1.704400e+000 -1.468850e+000
      vertex  8.000000e-001 -2.610856e+000 -1.477644e+000
      vertex  8.000000e-001 -1.614391e+000 -1.567240e+000
    endloop
  endfacet
  facet normal  1.000000e+000  0.000000e+000  0.000000e+000
    outer loop
      vertex  8.000000e-001 -1.614391e+000 -1.567240e+000
      vertex  8.000000e-001 -2.610856e+000 -1.477644e+000
      vertex  8.000000e-001 -2.531327e+000 -1.610089e+000
    endloop
  endfacet
  facet normal  1.000000e+000  -0.000000e+000  0.000000e+000
    outer loop
      vertex  8.000000e-001 -1.614391e+000 -1.567240e+000
      vertex  8.000000e-001 -2.531327e+000 -1.610089e+000
      vertex  8.000000e-001 -1.518712e+000 -1.660125e+000
    endloop
  endfacet
  facet normal  1.000000e+000  0.000000e+000  0.000000e+000
    outer loop
      vertex  8.000000e-001 -1.518712e+000 -1.660125e+000
      vertex  8.000000e-001 -2.531327e+000 -1.610089e+000
      vertex  8.000000e-001 -2.445085e+000 -1.738263e+000
    endloop
  endfacet
  facet normal  1.000000e+000  -0.000000e+000  0.000000e+000
    outer loop
      vertex  8.000000e-001 -1.518712e+000 -1.660125e+000
      vertex  8.000000e-001 -2.445085e+000 -1.738263e+000
      vertex  8.000000e-001 -1.417698e+000 -1.747179e+000
    endloop
  endfacet
  facet normal  1.000000e+000  0.000000e+000  0.000000e+000
    outer loop
      vertex  8.000000e-001 -1.417698e+000 -1.747179e+000
      vertex  8.000000e-001 -2.445085e+000 -1.738263e+000
      vertex  8.000000e-001 -1.311704e+000 -1.828095e+000
    endloop
  endfacet
  facet normal  1.000000e+000  0.000000e+000  0.000000e+000
    outer loop
      vertex  8.000000e-001 -1.311704e+000 -1.828095e+000
      vertex  8.000000e-001 -2.445085e+000 -1.738263e+000
      vertex  8.000000e-001 -2.352360e+000 -1.861828e+000
    endloop
  endfacet
  facet normal  1.000000e+000  -0.000000e+000  0.000000e+000
    outer loop
      vertex  8.000000e-001 -1.311704e+000 -1.828095e+000
      vertex  8.000000e-001 -2.352360e+000 -1.861828e+000
      vertex  8.000000e-001 -1.201103e+000 -1.902591e+000
    endloop
  endfacet
  facet normal  1.000000e+000  0.000000e+000  0.000000e+000
    outer loop
      vertex  8.000000e-001 -1.201103e+000 -1.902591e+000
      vertex  8.000000e-001 -2.352360e+000 -1.861828e+000
      vertex  8.000000e-001 -2.253396e+000 -1.980456e+000
    endloop
  endfacet
  facet normal  1.000000e+000  0.000000e+000  0.000000e+000
    outer loop
      vertex  8.000000e-001 -1.201103e+000 -1.902591e+000
      vertex  8.000000e-001 -2.253396e+000 -1.980456e+000
      vertex  8.000000e-001 -1.086282e+000 -1.970404e+000
    endloop
  endfacet
  facet normal  1.000000e+000  -0.000000e+000  0.000000e+000
    outer loop
      vertex  8.000000e-001 -1.086282e+000 -1.970404e+000
      vertex  8.000000e-001 -2.253396e+000 -1.980456e+000
      vertex  8.000000e-001 -9.676467e-001 -2.031295e+000
    endloop
  endfacet
  facet normal  1.000000e+000  0.000000e+000  0.000000e+000
    outer loop
      vertex  8.000000e-001 -9.676467e-001 -2.031295e+000
      vertex  8.000000e-001 -2.253396e+000 -1.980456e+000
      vertex  8.000000e-001 -2.148457e+000 -2.093832e+000
    endloop
  endfacet
  facet normal  1.000000e+000  0.000000e+000  0.000000e+000
    outer loop
      vertex  8.000000e-001 -9.676467e-001 -2.031295e+000
      vertex  8.000000e-001 -2.148457e+000 -2.093832e+000
      vertex  8.000000e-001 -8.456120e-001 -2.085052e+000
    endloop
  endfacet
  facet normal  9.999999e-001  -0.000000e+000  0.000000e+000
    outer loop
      vertex  8.000000e-001 -8.456120e-001 -2.085052e+000
      vertex  8.000000e-001 -2.148457e+000 -2.093832e+000
      vertex  8.000000e-001 -7.206072e-001 -2.131484e+000
    endloop
  endfacet
  facet normal  1.000000e+000  0.000000e+000  0.000000e+000
    outer loop
      vertex  8.000000e-001 -7.206072e-001 -2.131484e+000
      vertex  8.000000e-001 -2.148457e+000 -2.093832e+000
      vertex  8.000000e-001 -2.037820e+000 -2.201656e+000
    endloop
  endfacet
  facet normal  1.000000e+000  0.000000e+000  0.000000e+000
    outer loop
      vertex  8.000000e-001 -7.206072e-001 -2.131484e+000
      vertex  8.000000e-001 -2.037820e+000 -2.201656e+000
      vertex  8.000000e-001 -5.930711e-001 -2.170430e+000
    endloop
  endfacet
  facet normal  1.000000e+000  0.000000e+000  0.000000e+000
    outer loop
      vertex  8.000000e-001  9.676467e-001  2.031295e+000
      vertex  8.000000e-001  2.253396e+000  1.980456e+000
      vertex  8.000000e-001  8.456120e-001  2.085052e+000
    endloop
  endfacet
  facet normal  1.000000e+000  -0.000000e+000  0.000000e+000
    outer loop
      vertex  8.000000e-001  8.456120e-001  2.085052e+000
      vertex  8.000000e-001  2.253396e+000  1.980456e+000
      vertex  8.000000e-001  2.148457e+000  2.093832e+000
    endloop
  endfacet
  facet normal  9.999999e-001  0.000000e+000  0.000000e+000
    outer loop
      vertex  8.000000e-001  8.456120e-001  2.085052e+000
      vertex  8.000000e-001  2.148457e+000  2.093832e+000
      vertex  8.000000e-001  7.206072e-001  2.131484e+000
    endloop
  endfacet
  facet normal  1.000000e+000  0.000000e+000  0.000000e+000
    outer loop
      vertex  8.000000e-001  1.201103e+000  1.902591e+000
      vertex  8.000000e-001  2.352360e+000  1.861828e+000
      vertex  8.000000e-001  1.086282e+000  1.970404e+000
    endloop
  endfacet
  facet normal  1.000000e+000  -0.000000e+000  0.000000e+000
    outer loop
      vertex  8.000000e-001  1.086282e+000  1.970404e+000
      vertex  8.000000e-001  2.352360e+000  1.861828e+000
      vertex  8.000000e-001  2.253396e+000  1.980456e+000
    endloop
  endfacet
  facet normal  1.000000e+000  0.000000e+000  0.000000e+000
    outer loop
      vertex  8.000000e-001  1.086282e+000  1.970404e+000
      vertex  8.000000e-001  2.253396e+000  1.980456e+000
      vertex  8.000000e-001  9.676467e-001  2.031295e+000
    endloop
  endfacet
  facet normal  1.000000e+000  -0.000000e+000  0.000000e+000
    outer loop
      vertex  8.000000e-001  2.352360e+000  1.861828e+000
      vertex  8.000000e-001  1.311704e+000  1.828095e+000
      vertex  8.000000e-001  2.445085e+000  1.738263e+000
    endloop
  endfacet
  facet normal  1.000000e+000  0.000000e+000  0.000000e+000
    outer loop
      vertex  8.000000e-001  2.445085e+000  1.738263e+000
      vertex  8.000000e-001  1.311704e+000  1.828095e+000
      vertex  8.000000e-001  1.417698e+000  1.747179e+000
    endloop
  endfacet
  facet normal  9.999999e-001  0.000000e+000  0.000000e+000
    outer loop
      vertex  8.000000e-001  2.445085e+000  1.738263e+000
      vertex  8.000000e-001  1.417698e+000  1.747179e+000
      vertex  8.000000e-001  2.531327e+000  1.610089e+000
    endloop
  endfacet
  facet normal  1.000000e+000  0.000000e+000  0.000000e+000
    outer loop
      vertex  8.000000e-001  2.531327e+000  1.610089e+000
      vertex  8.000000e-001  1.417698e+000  1.747179e+000
      vertex  8.000000e-001  1.518712e+000  1.660125e+000
    endloop
  endfacet
  facet normal  1.000000e+000  0.000000e+000  0.000000e+000
    outer loop
      vertex  8.000000e-001  2.531327e+000  1.610089e+000
      vertex  8.000000e-001  1.518712e+000  1.660125e+000
      vertex  8.000000e-001  1.614391e+000  1.567240e+000
    endloop
  endfacet
  facet normal  1.000000e+000  -0.000000e+000  0.000000e+000
    outer loop
      vertex  8.000000e-001  2.531327e+000  1.610089e+000
      vertex  8.000000e-001  1.614391e+000  1.567240e+000
      vertex  8.000000e-001  2.610856e+000  1.477644e+000
    endloop
  endfacet
  facet normal  1.000000e+000  0.000000e+000  0.000000e+000
    outer loop
      vertex  8.000000e-001  2.610856e+000  1.477644e+000
      vertex  8.000000e-001  1.614391e+000  1.567240e+000
      vertex  8.000000e-001  1.704400e+000  1.468850e+000
    endloop
  endfacet
  facet normal  1.000000e+000  -0.000000e+000  0.000000e+000
    outer loop
      vertex  8.000000e-001  2.610856e+000  1.477644e+000
      vertex  8.000000e-001  1.704400e+000  1.468850e+000
      vertex  8.000000e-001  2.683461e+000  1.341281e+000
    endloop
  endfacet
  facet normal  1.000000e+000  0.000000e+000  0.000000e+000
    outer loop
      vertex  8.000000e-001  2.683461e+000  1.341281e+000
      vertex  8.000000e-001  1.704400e+000  1.468850e+000
      vertex  8.000000e-001  1.788422e+000  1.365300e+000
    endloop
  endfacet
  facet normal  1.000000e+000  0.000000e+000  0.000000e+000
    outer loop
      vertex  8.000000e-001  2.683461e+000  1.341281e+000
      vertex  8.000000e-001  1.788422e+000  1.365300e+000
      vertex  8.000000e-001  2.748951e+000  1.201362e+000
    endloop
  endfacet
  facet normal  1.000000e+000  0.000000e+000  0.000000e+000
    outer loop
      vertex  8.000000e-001  2.748951e+000  1.201362e+000
      vertex  8.000000e-001  1.788422e+000  1.365300e+000
      vertex  8.000000e-001  1.866163e+000  1.256955e+000
    endloop
  endfacet
  facet normal  9.999999e-001  0.000000e+000  0.000000e+000
    outer loop
      vertex  8.000000e-001  2.748951e+000  1.201362e+000
      vertex  8.000000e-001  1.866163e+000  1.256955e+000
      vertex  8.000000e-001  2.807150e+000  1.058256e+000
    endloop
  endfacet
  facet normal  9.999999e-001  0.000000e+000  0.000000e+000
    outer loop
      vertex  8.000000e-001  2.807150e+000  1.058256e+000
      vertex  8.000000e-001  1.866163e+000  1.256955e+000
      vertex  8.000000e-001  1.937348e+000  1.144195e+000
    endloop
  endfacet
  facet normal  1.000000e+000  0.000000e+000  0.000000e+000
    outer loop
      vertex  8.000000e-001  2.807150e+000  1.058256e+000
      vertex  8.000000e-001  1.937348e+000  1.144195e+000
      vertex  8.000000e-001  2.001729e+000  1.027416e+000
    endloop
  endfacet
  facet normal  9.999999e-001  -0.000000e+000  0.000000e+000
    outer loop
      vertex  8.000000e-001  2.807150e+000  1.058256e+000
      vertex  8.000000e-001  2.001729e+000  1.027416e+000
      vertex  8.000000e-001  2.857906e+000  9.123445e-001
    endloop
  endfacet
  facet normal  1.000000e+000  0.000000e+000  0.000000e+000
    outer loop
      vertex  8.000000e-001  2.857906e+000  9.123445e-001
      vertex  8.000000e-001  2.001729e+000  1.027416e+000
      vertex  8.000000e-001  2.059078e+000  9.070277e-001
    endloop
  endfacet
  facet normal  1.000000e+000  -0.000000e+000  0.000000e+000
    outer loop
      vertex  8.000000e-001  2.857906e+000  9.123445e-001
      vertex  8.000000e-001  2.059078e+000  9.070277e-001
      vertex  8.000000e-001  2.901083e+000  7.640134e-001
    endloop
  endfacet
  facet normal  1.000000e+000  0.000000e+000  0.000000e+000
    outer loop
      vertex  8.000000e-001  2.901083e+000  7.640134e-001
      vertex  8.000000e-001  2.059078e+000  9.070277e-001
      vertex  8.000000e-001  2.109194e+000  7.834537e-001
    endloop
  endfacet
  facet normal  1.000000e+000  0.000000e+000  0.000000e+000
    outer loop
      vertex  8.000000e-001  2.901083e+000  7.640134e-001
      vertex  8.000000e-001  2.109194e+000  7.834537e-001
      vertex  8.000000e-001  2.936567e+000  6.136562e-001
    endloop
  endfacet
  facet normal  1.000000e+000  0.000000e+000  0.000000e+000
    outer loop
      vertex  8.000000e-001  2.936567e+000  6.136562e-001
      vertex  8.000000e-001  2.109194e+000  7.834537e-001
      vertex  8.000000e-001  2.151902e+000  6.571277e-001
    endloop
  endfacet
  facet normal  1.000000e+000  0.000000e+000  0.000000e+000
    outer loop
      vertex  8.000000e-001  2.936567e+000  6.136562e-001
      vertex  8.000000e-001  2.151902e+000  6.571277e-001
      vertex  8.000000e-001  2.964264e+000  4.616717e-001
    endloop
  endfacet
  facet normal  1.000000e+000  0.000000e+000  0.000000e+000
    outer loop
      vertex  8.000000e-001  2.964264e+000  4.616717e-001
      vertex  8.000000e-001  2.151902e+000  6.571277e-001
      vertex  8.000000e-001  2.187052e+000  5.284936e-001
    endloop
  endfacet
  facet normal  1.000000e+000  0.000000e+000  0.000000e+000
    outer loop
      vertex  8.000000e-001  2.964264e+000  4.616717e-001
      vertex  8.000000e-001  2.187052e+000  5.284936e-001
      vertex  8.000000e-001  2.214519e+000  3.980031e-001
    endloop
  endfacet
  facet normal  1.000000e+000  -0.000000e+000  0.000000e+000
    outer loop
      vertex  8.000000e-001  2.964264e+000  4.616717e-001
      vertex  8.000000e-001  2.214519e+000  3.980031e-001
      vertex  8.000000e-001  2.984100e+000  3.084630e-001
    endloop
  endfacet
  facet normal  9.999999e-001  0.000000e+000  0.000000e+000
    outer loop
      vertex  8.000000e-001  2.984100e+000  3.084630e-001
      vertex  8.000000e-001  2.214519e+000  3.980031e-001
      vertex  8.000000e-001  2.234207e+000  2.661146e-001
    endloop
  endfacet
  facet normal  9.999999e-001  -0.000000e+000  0.000000e+000
    outer loop
      vertex  8.000000e-001  2.984100e+000  3.084630e-001
      vertex  8.000000e-001  2.234207e+000  2.661146e-001
      vertex  8.000000e-001  2.996022e+000  1.544363e-001
    endloop
  endfacet
  facet normal  1.000000e+000  0.000000e+000  0.000000e+000
    outer loop
      vertex  8.000000e-001  2.996022e+000  1.544363e-001
      vertex  8.000000e-001  2.234207e+000  2.661146e-001
      vertex  8.000000e-001  2.246048e+000  1.332914e-001
    endloop
  endfacet
  facet normal  1.000000e+000  -0.000000e+000  0.000000e+000
    outer loop
      vertex  8.000000e-001  2.996022e+000  1.544363e-001
      vertex  8.000000e-001  2.246048e+000  1.332914e-001
      vertex  8.000000e-001  3.000000e+000  0.000000e+000
    endloop
  endfacet
  facet normal  1.000000e+000  0.000000e+000  0.000000e+000
    outer loop
      vertex  8.000000e-001  3.000000e+000  0.000000e+000
      vertex  8.000000e-001  2.246048e+000  1.332914e-001
      vertex  8.000000e-001  2.250000e+000  0.000000e+000
    endloop
  endfacet
  facet normal  9.999999e-001  -0.000000e+000  0.000000e+000
    outer loop
      vertex  8.000000e-001  3.000000e+000  0.000000e+000
      vertex  8.000000e-001  2.250000e+000  0.000000e+000
      vertex  8.000000e-001  2.996022e+000 -1.544363e-001
    endloop
  endfacet
  facet normal  1.000000e+000  0.000000e+000  0.000000e+000
    outer loop
      vertex  8.000000e-001  2.996022e+000 -1.544363e-001
      vertex  8.000000e-001  2.250000e+000  0.000000e+000
      vertex  8.000000e-001  2.246048e+000 -1.332914e-001
    endloop
  endfacet
  facet normal  1.000000e+000  0.000000e+000  0.000000e+000
    outer loop
      vertex  8.000000e-001  2.996022e+000 -1.544363e-001
      vertex  8.000000e-001  2.246048e+000 -1.332914e-001
      vertex  8.000000e-001  2.984100e+000 -3.084630e-001
    endloop
  endfacet
  facet normal  1.000000e+000  0.000000e+000  0.000000e+000
    outer loop
      vertex  8.000000e-001  2.984100e+000 -3.084630e-001
      vertex  8.000000e-001  2.246048e+000 -1.332914e-001
      vertex  8.000000e-001  2.234207e+000 -2.661146e-001
    endloop
  endfacet
  facet normal  1.000000e+000  0.000000e+000  0.000000e+000
    outer loop
      vertex  8.000000e-001  2.984100e+000 -3.084630e-001
      vertex  8.000000e-001  2.234207e+000 -2.661146e-001
      vertex  8.000000e-001  2.964264e+000 -4.616717e-001
    endloop
  endfacet
  facet normal  9.999999e-001  0.000000e+000  0.000000e+000
    outer loop
      vertex  8.000000e-001  2.964264e+000 -4.616717e-001
      vertex  8.000000e-001  2.234207e+000 -2.661146e-001
      vertex  8.000000e-001  2.214519e+000 -3.980031e-001
    endloop
  endfacet
  facet normal  1.000000e+000  0.000000e+000  0.000000e+000
    outer loop
      vertex  8.000000e-001  2.964264e+000 -4.616717e-001
      vertex  8.000000e-001  2.214519e+000 -3.980031e-001
      vertex  8.000000e-001  2.936567e+000 -6.136562e-001
    endloop
  endfacet
  facet normal  1.000000e+000  0.000000e+000  0.000000e+000
    outer loop
      vertex  8.000000e-001  2.936567e+000 -6.136562e-001
      vertex  8.000000e-001  2.214519e+000 -3.980031e-001
      vertex  8.000000e-001  2.187052e+000 -5.284936e-001
    endloop
  endfacet
  facet normal  1.000000e+000  0.000000e+000  0.000000e+000
    outer loop
      vertex  8.000000e-001  2.936567e+000 -6.136562e-001
      vertex  8.000000e-001  2.187052e+000 -5.284936e-001
      vertex  8.000000e-001  2.151902e+000 -6.571277e-001
    endloop
  endfacet
  facet normal  1.000000e+000  -0.000000e+000  0.000000e+000
    outer loop
      vertex  8.000000e-001  2.936567e+000 -6.136562e-001
      vertex  8.000000e-001  2.151902e+000 -6.571277e-001
      vertex  8.000000e-001  2.901083e+000 -7.640134e-001
    endloop
  endfacet
  facet normal  1.000000e+000  0.000000e+000  0.000000e+000
    outer loop
      vertex  8.000000e-001  2.901083e+000 -7.640134e-001
      vertex  8.000000e-001  2.151902e+000 -6.571277e-001
      vertex  8.000000e-001  2.109194e+000 -7.834537e-001
    endloop
  endfacet
  facet normal  1.000000e+000  -0.000000e+000  0.000000e+000
    outer loop
      vertex  8.000000e-001  2.901083e+000 -7.640134e-001
      vertex  8.000000e-001  2.109194e+000 -7.834537e-001
      vertex  8.000000e-001  2.857906e+000 -9.123445e-001
    endloop
  endfacet
  facet normal  1.000000e+000  0.000000e+000  0.000000e+000
    outer loop
      vertex  8.000000e-001  2.857906e+000 -9.123445e-001
      vertex  8.000000e-001  2.109194e+000 -7.834537e-001
      vertex  8.000000e-001  2.059078e+000 -9.070277e-001
    endloop
  endfacet
  facet normal  1.000000e+000  0.000000e+000  0.000000e+000
    outer loop
      vertex  8.000000e-001  2.857906e+000 -9.123445e-001
      vertex  8.000000e-001  2.059078e+000 -9.070277e-001
      vertex  8.000000e-001  2.807150e+000 -1.058256e+000
    endloop
  endfacet
  facet normal  1.000000e+000  0.000000e+000  0.000000e+000
    outer loop
      vertex  8.000000e-001  2.807150e+000 -1.058256e+000
      vertex  8.000000e-001  2.059078e+000 -9.070277e-001
      vertex  8.000000e-001  2.001729e+000 -1.027416e+000
    endloop
  endfacet
  facet normal  1.000000e+000  0.000000e+000  0.000000e+000
    outer loop
      vertex  8.000000e-001  2.807150e+000 -1.058256e+000
      vertex  8.000000e-001  2.001729e+000 -1.027416e+000
      vertex  8.000000e-001  2.748951e+000 -1.201362e+000
    endloop
  endfacet
  facet normal  1.000000e+000  0.000000e+000  0.000000e+000
    outer loop
      vertex  8.000000e-001  2.748951e+000 -1.201362e+000
      vertex  8.000000e-001  2.001729e+000 -1.027416e+000
      vertex  8.000000e-001  1.937348e+000 -1.144195e+000
    endloop
  endfacet
  facet normal  1.000000e+000  0.000000e+000  0.000000e+000
    outer loop
      vertex  8.000000e-001  2.748951e+000 -1.201362e+000
      vertex  8.000000e-001  1.937348e+000 -1.144195e+000
      vertex  8.000000e-001  1.866163e+000 -1.256955e+000
    endloop
  endfacet
  facet normal  1.000000e+000  -0.000000e+000  0.000000e+000
    outer loop
      vertex  8.000000e-001  2.748951e+000 -1.201362e+000
      vertex  8.000000e-001  1.866163e+000 -1.256955e+000
      vertex  8.000000e-001  2.683461e+000 -1.341281e+000
    endloop
  endfacet
  facet normal  1.000000e+000  0.000000e+000  0.000000e+000
    outer loop
      vertex  8.000000e-001  2.683461e+000 -1.341281e+000
      vertex  8.000000e-001  1.866163e+000 -1.256955e+000
      vertex  8.000000e-001  1.788422e+000 -1.365300e+000
    endloop
  endfacet
  facet normal  1.000000e+000  -0.000000e+000  0.000000e+000
    outer loop
      vertex  8.000000e-001  2.683461e+000 -1.341281e+000
      vertex  8.000000e-001  1.788422e+000 -1.365300e+000
      vertex  8.000000e-001  2.610856e+000 -1.477644e+000
    endloop
  endfacet
  facet normal  1.000000e+000  0.000000e+000  0.000000e+000
    outer loop
      vertex  8.000000e-001  2.610856e+000 -1.477644e+000
      vertex  8.000000e-001  1.788422e+000 -1.365300e+000
      vertex  8.000000e-001  1.704400e+000 -1.468850e+000
    endloop
  endfacet
  facet normal  1.000000e+000  0.000000e+000  0.000000e+000
    outer loop
      vertex  8.000000e-001  2.610856e+000 -1.477644e+000
      vertex  8.000000e-001  1.704400e+000 -1.468850e+000
      vertex  8.000000e-001  2.531327e+000 -1.610089e+000
    endloop
  endfacet
  facet normal  1.000000e+000  0.000000e+000  0.000000e+000
    outer loop
      vertex  8.000000e-001  2.531327e+000 -1.610089e+000
      vertex  8.000000e-001  1.704400e+000 -1.468850e+000
      vertex  8.000000e-001  1.614391e+000 -1.567240e+000
    endloop
  endfacet
  facet normal  1.000000e+000  0.000000e+000  0.000000e+000
    outer loop
      vertex  8.000000e-001  2.531327e+000 -1.610089e+000
      vertex  8.000000e-001  1.614391e+000 -1.567240e+000
      vertex  8.000000e-001  2.445085e+000 -1.738263e+000
    endloop
  endfacet
  facet normal  1.000000e+000  0.000000e+000  0.000000e+000
    outer loop
      vertex  8.000000e-001  2.445085e+000 -1.738263e+000
      vertex  8.000000e-001  1.614391e+000 -1.567240e+000
      vertex  8.000000e-001  1.518712e+000 -1.660125e+000
    endloop
  endfacet
  facet normal  1.000000e+000  0.000000e+000  0.000000e+000
    outer loop
      vertex  8.000000e-001  2.445085e+000 -1.738263e+000
      vertex  8.000000e-001  1.518712e+000 -1.660125e+000
      vertex  8.000000e-001  1.417698e+000 -1.747179e+000
    endloop
  endfacet
  facet normal  1.000000e+000  -0.000000e+000  0.000000e+000
    outer loop
      vertex  8.000000e-001  2.445085e+000 -1.738263e+000
      vertex  8.000000e-001  1.417698e+000 -1.747179e+000
      vertex  8.000000e-001  2.352360e+000 -1.861828e+000
    endloop
  endfacet
  facet normal  1.000000e+000  0.000000e+000  0.000000e+000
    outer loop
      vertex  8.000000e-001  2.352360e+000 -1.861828e+000
      vertex  8.000000e-001  1.417698e+000 -1.747179e+000
      vertex  8.000000e-001  1.311704e+000 -1.828095e+000
    endloop
  endfacet
  facet normal  1.000000e+000  0.000000e+000  0.000000e+000
    outer loop
      vertex  8.000000e-001  2.352360e+000 -1.861828e+000
      vertex  8.000000e-001  1.311704e+000 -1.828095e+000
      vertex  8.000000e-001  2.253396e+000 -1.980456e+000
    endloop
  endfacet
  facet normal  9.999999e-001  0.000000e+000  0.000000e+000
    outer loop
      vertex  8.000000e-001  2.253396e+000 -1.980456e+000
      vertex  8.000000e-001  1.311704e+000 -1.828095e+000
      vertex  8.000000e-001  1.201103e+000 -1.902591e+000
    endloop
  endfacet
  facet normal  1.000000e+000  0.000000e+000  0.000000e+000
    outer loop
      vertex  8.000000e-001  2.253396e+000 -1.980456e+000
      vertex  8.000000e-001  1.201103e+000 -1.902591e+000
      vertex  8.000000e-001  1.086282e+000 -1.970404e+000
    endloop
  endfacet
  facet normal  1.000000e+000  0.000000e+000  0.000000e+000
    outer loop
      vertex  8.000000e-001  2.253396e+000 -1.980456e+000
      vertex  8.000000e-001  1.086282e+000 -1.970404e+000
      vertex  8.000000e-001  2.148457e+000 -2.093832e+000
    endloop
  endfacet
  facet normal  1.000000e+000  0.000000e+000  0.000000e+000
    outer loop
      vertex  8.000000e-001  2.148457e+000 -2.093832e+000
      vertex  8.000000e-001  1.086282e+000 -1.970404e+000
      vertex  8.000000e-001  9.676467e-001 -2.031295e+000
    endloop
  endfacet
  facet normal  1.000000e+000  0.000000e+000  0.000000e+000
    outer loop
      vertex  8.000000e-001  2.148457e+000 -2.093832e+000
      vertex  8.000000e-001  9.676467e-001 -2.031295e+000
      vertex  8.000000e-001  8.456120e-001 -2.085052e+000
    endloop
  endfacet
  facet normal  1.000000e+000  0.000000e+000  0.000000e+000
    outer loop
      vertex  8.000000e-001  2.148457e+000 -2.093832e+000
      vertex  8.000000e-001  8.456120e-001 -2.085052e+000
      vertex  8.000000e-001  2.037820e+000 -2.201656e+000
    endloop
  endfacet
  facet normal  1.000000e+000  0.000000e+000  0.000000e+000
    outer loop
      vertex  8.000000e-001  2.037820e+000 -2.201656e+000
      vertex  8.000000e-001  8.456120e-001 -2.085052e+000
      vertex  8.000000e-001  7.206072e-001 -2.131484e+000
    endloop
  endfacet
  facet normal  1.000000e+000  0.000000e+000  0.000000e+000
    outer loop
      vertex  8.000000e-001  2.037820e+000 -2.201656e+000
      vertex  8.000000e-001  7.206072e-001 -2.131484e+000
      vertex  8.000000e-001  5.930711e-001 -2.170430e+000
    endloop
  endfacet
  facet normal  1.000000e+000  0.000000e+000  0.000000e+000
    outer loop
      vertex  8.000000e-001  3.322048e-001 -2.225340e+000
      vertex  8.000000e-001  1.921780e+000 -2.303641e+000
      vertex  8.000000e-001  4.634519e-001 -2.201752e+000
    endloop
  endfacet
  facet normal  1.000000e+000  -0.000000e+000  0.000000e+000
    outer loop
      vertex  8.000000e-001  4.634519e-001 -2.201752e+000
      vertex  8.000000e-001  1.921780e+000 -2.303641e+000
      vertex  8.000000e-001  2.037820e+000 -2.201656e+000
    endloop
  endfacet
  facet normal  1.000000e+000  0.000000e+000  0.000000e+000
    outer loop
      vertex  8.000000e-001  4.634519e-001 -2.201752e+000
      vertex  8.000000e-001  2.037820e+000 -2.201656e+000
      vertex  8.000000e-001  5.930711e-001 -2.170430e+000
    endloop
  endfacet
  facet normal -1.000000e+000  0.000000e+000  0.000000e+000
    outer loop
      vertex  0.000000e+000 -3.322048e-001  2.225340e+000
      vertex  0.000000e+000 -2.037820e+000  2.201656e+000
      vertex  0.000000e+000 -1.997908e-001  2.241112e+000
    endloop
  endfacet
  facet normal -1.000000e+000  0.000000e+000  0.000000e+000
    outer loop
      vertex  0.000000e+000 -7.206072e-001  2.131484e+000
      vertex  0.000000e+000 -2.148457e+000  2.093832e+000
      vertex  0.000000e+000 -5.930711e-001  2.170430e+000
    endloop
  endfacet
  facet normal -1.000000e+000  0.000000e+000  0.000000e+000
    outer loop
      vertex  0.000000e+000 -1.311704e+000  1.828095e+000
      vertex  0.000000e+000 -2.352360e+000  1.861828e+000
      vertex  0.000000e+000 -1.201103e+000  1.902591e+000
    endloop
  endfacet
  facet normal -1.000000e+000  0.000000e+000  0.000000e+000
    outer loop
      vertex  0.000000e+000 -4.634519e-001 -2.201752e+000
      vertex  0.000000e+000 -2.037820e+000 -2.201656e+000
      vertex  0.000000e+000 -5.930711e-001 -2.170430e+000
    endloop
  endfacet
  facet normal -1.000000e+000  0.000000e+000  0.000000e+000
    outer loop
      vertex  0.000000e+000  7.206072e-001  2.131484e+000
      vertex  0.000000e+000  5.930711e-001  2.170430e+000
      vertex  0.000000e+000  2.148457e+000  2.093832e+000
    endloop
  endfacet
  facet normal -1.000000e+000  0.000000e+000  0.000000e+000
    outer loop
      vertex  0.000000e+000  2.352360e+000  1.861828e+000
      vertex  0.000000e+000  1.311704e+000  1.828095e+000
      vertex  0.000000e+000  1.201103e+000  1.902591e+000
    endloop
  endfacet
  facet normal -1.000000e+000  0.000000e+000  -0.000000e+000
    outer loop
      vertex  0.000000e+000  1.997908e-001 -2.241112e+000
      vertex  0.000000e+000  3.322048e-001 -2.225340e+000
      vertex  0.000000e+000  1.921780e+000 -2.303641e+000
    endloop
  endfacet
  facet normal -1.000000e+000  0.000000e+000  0.000000e+000
    outer loop
      vertex  0.000000e+000 -1.921780e+000 -2.303641e+000
      vertex  0.000000e+000 -2.037820e+000 -2.201656e+000
      vertex  0.000000e+000 -4.634519e-001 -2.201752e+000
    endloop
  endfacet
  facet normal -1.000000e+000  0.000000e+000  -0.000000e+000
    outer loop
      vertex  0.000000e+000 -1.921780e+000 -2.303641e+000
      vertex  0.000000e+000 -4.634519e-001 -2.201752e+000
      vertex  0.000000e+000 -3.322048e-001 -2.225340e+000
    endloop
  endfacet
  facet normal -1.000000e+000  0.000000e+000  -0.000000e+000
    outer loop
      vertex  0.000000e+000 -1.921780e+000 -2.303641e+000
      vertex  0.000000e+000 -3.322048e-001 -2.225340e+000
      vertex  0.000000e+000 -1.997908e-001 -2.241112e+000
    endloop
  endfacet
  facet normal -1.000000e+000  0.000000e+000  -0.000000e+000
    outer loop
      vertex  0.000000e+000 -1.921780e+000 -2.303641e+000
      vertex  0.000000e+000 -1.997908e-001 -2.241112e+000
      vertex  0.000000e+000 -6.667498e-002 -2.249012e+000
    endloop
  endfacet
  facet normal -1.000000e+000  0.000000e+000  0.000000e+000
    outer loop
      vertex  0.000000e+000 -1.921780e+000 -2.303641e+000
      vertex  0.000000e+000 -6.667498e-002 -2.249012e+000
      vertex  0.000000e+000 -7.724374e-002 -2.999005e+000
    endloop
  endfacet
  facet normal -1.000000e+000  0.000000e+000  0.000000e+000
    outer loop
      vertex  0.000000e+000 -1.921780e+000 -2.303641e+000
      vertex  0.000000e+000 -7.724374e-002 -2.999005e+000
      vertex  0.000000e+000 -2.315264e-001 -2.991053e+000
    endloop
  endfacet
  facet normal -9.999999e-001  0.000000e+000  0.000000e+000
    outer loop
      vertex  0.000000e+000 -1.921780e+000 -2.303641e+000
      vertex  0.000000e+000 -2.315264e-001 -2.991053e+000
      vertex  0.000000e+000 -3.851951e-001 -2.975168e+000
    endloop
  endfacet
  facet normal -1.000000e+000  0.000000e+000  0.000000e+000
    outer loop
      vertex  0.000000e+000 -1.921780e+000 -2.303641e+000
      vertex  0.000000e+000 -3.851951e-001 -2.975168e+000
      vertex  0.000000e+000 -5.378423e-001 -2.951394e+000
    endloop
  endfacet
  facet normal -9.999999e-001  0.000000e+000  0.000000e+000
    outer loop
      vertex  0.000000e+000 -1.921780e+000 -2.303641e+000
      vertex  0.000000e+000 -5.378423e-001 -2.951394e+000
      vertex  0.000000e+000 -6.890633e-001 -2.919793e+000
    endloop
  endfacet
  facet normal -1.000000e+000  0.000000e+000  0.000000e+000
    outer loop
      vertex  0.000000e+000 -1.921780e+000 -2.303641e+000
      vertex  0.000000e+000 -6.890633e-001 -2.919793e+000
      vertex  0.000000e+000 -8.384569e-001 -2.880450e+000
    endloop
  endfacet
  facet normal -1.000000e+000  0.000000e+000  0.000000e+000
    outer loop
      vertex  0.000000e+000 -1.921780e+000 -2.303641e+000
      vertex  0.000000e+000 -8.384569e-001 -2.880450e+000
      vertex  0.000000e+000 -9.856272e-001 -2.833468e+000
    endloop
  endfacet
  facet normal -1.000000e+000  0.000000e+000  0.000000e+000
    outer loop
      vertex  0.000000e+000 -1.921780e+000 -2.303641e+000
      vertex  0.000000e+000 -9.856272e-001 -2.833468e+000
      vertex  0.000000e+000 -1.130184e+000 -2.778972e+000
    endloop
  endfacet
  facet normal -9.999999e-001  0.000000e+000  0.000000e+000
    outer loop
      vertex  0.000000e+000 -1.921780e+000 -2.303641e+000
      vertex  0.000000e+000 -1.130184e+000 -2.778972e+000
      vertex  0.000000e+000 -1.271743e+000 -2.717107e+000
    endloop
  endfacet
  facet normal -1.000000e+000  0.000000e+000  0.000000e+000
    outer loop
      vertex  0.000000e+000 -1.921780e+000 -2.303641e+000
      vertex  0.000000e+000 -1.271743e+000 -2.717107e+000
      vertex  0.000000e+000 -1.409930e+000 -2.648036e+000
    endloop
  endfacet
  facet normal -1.000000e+000  0.000000e+000  0.000000e+000
    outer loop
      vertex  0.000000e+000 -1.921780e+000 -2.303641e+000
      vertex  0.000000e+000 -1.409930e+000 -2.648036e+000
      vertex  0.000000e+000 -1.544378e+000 -2.571944e+000
    endloop
  endfacet
  facet normal -1.000000e+000  0.000000e+000  0.000000e+000
    outer loop
      vertex  0.000000e+000 -1.921780e+000 -2.303641e+000
      vertex  0.000000e+000 -1.544378e+000 -2.571944e+000
      vertex  0.000000e+000 -1.674731e+000 -2.489031e+000
    endloop
  endfacet
  facet normal -1.000000e+000  0.000000e+000  0.000000e+000
    outer loop
      vertex  0.000000e+000 -1.921780e+000 -2.303641e+000
      vertex  0.000000e+000 -1.674731e+000 -2.489031e+000
      vertex  0.000000e+000 -1.800643e+000 -2.399518e+000
    endloop
  endfacet
  facet normal -1.000000e+000  0.000000e+000  -0.000000e+000
    outer loop
      vertex  0.000000e+000  6.667498e-002 -2.249012e+000
      vertex  0.000000e+000  1.997908e-001 -2.241112e+000
      vertex  0.000000e+000  1.921780e+000 -2.303641e+000
    endloop
  endfacet
  facet normal -1.000000e+000  -0.000000e+000  0.000000e+000
    outer loop
      vertex  0.000000e+000  6.667498e-002 -2.249012e+000
      vertex  0.000000e+000  1.921780e+000 -2.303641e+000
      vertex  0.000000e+000  1.800643e+000 -2.399518e+000
    endloop
  endfacet
  facet normal -9.999999e-001  -0.000000e+000  0.000000e+000
    outer loop
      vertex  0.000000e+000  6.667498e-002 -2.249012e+000
      vertex  0.000000e+000  1.800643e+000 -2.399518e+000
      vertex  0.000000e+000  1.674731e+000 -2.489031e+000
    endloop
  endfacet
  facet normal -1.000000e+000  -0.000000e+000  0.000000e+000
    outer loop
      vertex  0.000000e+000  6.667498e-002 -2.249012e+000
      vertex  0.000000e+000  1.674731e+000 -2.489031e+000
      vertex  0.000000e+000  1.544378e+000 -2.571944e+000
    endloop
  endfacet
  facet normal -1.000000e+000  -0.000000e+000  0.000000e+000
    outer loop
      vertex  0.000000e+000  6.667498e-002 -2.249012e+000
      vertex  0.000000e+000  1.544378e+000 -2.571944e+000
      vertex  0.000000e+000  1.409930e+000 -2.648036e+000
    endloop
  endfacet
  facet normal -1.000000e+000  -0.000000e+000  0.000000e+000
    outer loop
      vertex  0.000000e+000  6.667498e-002 -2.249012e+000
      vertex  0.000000e+000  1.409930e+000 -2.648036e+000
      vertex  0.000000e+000  1.271743e+000 -2.717107e+000
    endloop
  endfacet
  facet normal -1.000000e+000  -0.000000e+000  0.000000e+000
    outer loop
      vertex  0.000000e+000  6.667498e-002 -2.249012e+000
      vertex  0.000000e+000  1.271743e+000 -2.717107e+000
      vertex  0.000000e+000  1.130184e+000 -2.778972e+000
    endloop
  endfacet
  facet normal -1.000000e+000  -0.000000e+000  0.000000e+000
    outer loop
      vertex  0.000000e+000  6.667498e-002 -2.249012e+000
      vertex  0.000000e+000  1.130184e+000 -2.778972e+000
      vertex  0.000000e+000  9.856272e-001 -2.833468e+000
    endloop
  endfacet
  facet normal -1.000000e+000  -0.000000e+000  0.000000e+000
    outer loop
      vertex  0.000000e+000  6.667498e-002 -2.249012e+000
      vertex  0.000000e+000  9.856272e-001 -2.833468e+000
      vertex  0.000000e+000  8.384569e-001 -2.880450e+000
    endloop
  endfacet
  facet normal -1.000000e+000  -0.000000e+000  0.000000e+000
    outer loop
      vertex  0.000000e+000  6.667498e-002 -2.249012e+000
      vertex  0.000000e+000  8.384569e-001 -2.880450e+000
      vertex  0.000000e+000  6.890633e-001 -2.919793e+000
    endloop
  endfacet
  facet normal -1.000000e+000  -0.000000e+000  0.000000e+000
    outer loop
      vertex  0.000000e+000  6.667498e-002 -2.249012e+000
      vertex  0.000000e+000  6.890633e-001 -2.919793e+000
      vertex  0.000000e+000  5.378423e-001 -2.951394e+000
    endloop
  endfacet
  facet normal -9.999999e-001  -0.000000e+000  0.000000e+000
    outer loop
      vertex  0.000000e+000  6.667498e-002 -2.249012e+000
      vertex  0.000000e+000  5.378423e-001 -2.951394e+000
      vertex  0.000000e+000  3.851951e-001 -2.975168e+000
    endloop
  endfacet
  facet normal -1.000000e+000  -0.000000e+000  0.000000e+000
    outer loop
      vertex  0.000000e+000  6.667498e-002 -2.249012e+000
      vertex  0.000000e+000  3.851951e-001 -2.975168e+000
      vertex  0.000000e+000  2.315264e-001 -2.991053e+000
    endloop
  endfacet
  facet normal -1.000000e+000  -0.000000e+000  0.000000e+000
    outer loop
      vertex  0.000000e+000  6.667498e-002 -2.249012e+000
      vertex  0.000000e+000  2.315264e-001 -2.991053e+000
      vertex  0.000000e+000  7.724374e-002 -2.999005e+000
    endloop
  endfacet
  facet normal -1.000000e+000  0.000000e+000  0.000000e+000
    outer loop
      vertex  0.000000e+000  6.667498e-002 -2.249012e+000
      vertex  0.000000e+000  7.724374e-002 -2.999005e+000
      vertex  0.000000e+000 -7.724374e-002 -2.999005e+000
    endloop
  endfacet
  facet normal -1.000000e+000  0.000000e+000  0.000000e+000
    outer loop
      vertex  0.000000e+000  6.667498e-002 -2.249012e+000
      vertex  0.000000e+000 -7.724374e-002 -2.999005e+000
      vertex  0.000000e+000 -6.667498e-002 -2.249012e+000
    endloop
  endfacet
  facet normal -1.000000e+000  0.000000e+000  -0.000000e+000
    outer loop
      vertex  0.000000e+000 -1.921780e+000  2.303641e+000
      vertex  0.000000e+000 -1.800643e+000  2.399518e+000
      vertex  0.000000e+000 -1.674731e+000  2.489031e+000
    endloop
  endfacet
  facet normal -1.000000e+000  0.000000e+000  -0.000000e+000
    outer loop
      vertex  0.000000e+000 -1.921780e+000  2.303641e+000
      vertex  0.000000e+000 -1.674731e+000  2.489031e+000
      vertex  0.000000e+000 -1.544378e+000  2.571944e+000
    endloop
  endfacet
  facet normal -1.000000e+000  0.000000e+000  -0.000000e+000
    outer loop
      vertex  0.000000e+000 -1.921780e+000  2.303641e+000
      vertex  0.000000e+000 -1.544378e+000  2.571944e+000
      vertex  0.000000e+000 -1.409930e+000  2.648036e+000
    endloop
  endfacet
  facet normal -1.000000e+000  0.000000e+000  -0.000000e+000
    outer loop
      vertex  0.000000e+000 -1.921780e+000  2.303641e+000
      vertex  0.000000e+000 -1.409930e+000  2.648036e+000
      vertex  0.000000e+000 -1.271743e+000  2.717107e+000
    endloop
  endfacet
  facet normal -9.999999e-001  0.000000e+000  -0.000000e+000
    outer loop
      vertex  0.000000e+000 -1.921780e+000  2.303641e+000
      vertex  0.000000e+000 -1.271743e+000  2.717107e+000
      vertex  0.000000e+000 -1.130184e+000  2.778972e+000
    endloop
  endfacet
  facet normal -1.000000e+000  0.000000e+000  -0.000000e+000
    outer loop
      vertex  0.000000e+000 -1.921780e+000  2.303641e+000
      vertex  0.000000e+000 -1.130184e+000  2.778972e+000
      vertex  0.000000e+000 -9.856272e-001  2.833468e+000
    endloop
  endfacet
  facet normal -1.000000e+000  0.000000e+000  -0.000000e+000
    outer loop
      vertex  0.000000e+000 -1.921780e+000  2.303641e+000
      vertex  0.000000e+000 -9.856272e-001  2.833468e+000
      vertex  0.000000e+000 -8.384569e-001  2.880450e+000
    endloop
  endfacet
  facet normal -1.000000e+000  0.000000e+000  -0.000000e+000
    outer loop
      vertex  0.000000e+000 -1.921780e+000  2.303641e+000
      vertex  0.000000e+000 -8.384569e-001  2.880450e+000
      vertex  0.000000e+000 -6.890633e-001  2.919793e+000
    endloop
  endfacet
  facet normal -9.999999e-001  0.000000e+000  -0.000000e+000
    outer loop
      vertex  0.000000e+000 -1.921780e+000  2.303641e+000
      vertex  0.000000e+000 -6.890633e-001  2.919793e+000
      vertex  0.000000e+000 -5.378423e-001  2.951394e+000
    endloop
  endfacet
  facet normal -1.000000e+000  0.000000e+000  -0.000000e+000
    outer loop
      vertex  0.000000e+000 -1.921780e+000  2.303641e+000
      vertex  0.000000e+000 -5.378423e-001  2.951394e+000
      vertex  0.000000e+000 -3.851951e-001  2.975168e+000
    endloop
  endfacet
  facet normal -9.999999e-001  0.000000e+000  -0.000000e+000
    outer loop
      vertex  0.000000e+000 -1.921780e+000  2.303641e+000
      vertex  0.000000e+000 -3.851951e-001  2.975168e+000
      vertex  0.000000e+000 -2.315264e-001  2.991053e+000
    endloop
  endfacet
  facet normal -1.000000e+000  0.000000e+000  -0.000000e+000
    outer loop
      vertex  0.000000e+000 -1.921780e+000  2.303641e+000
      vertex  0.000000e+000 -2.315264e-001  2.991053e+000
      vertex  0.000000e+000 -7.724374e-002  2.999005e+000
    endloop
  endfacet
  facet normal -1.000000e+000  0.000000e+000  -0.000000e+000
    outer loop
      vertex  0.000000e+000 -1.921780e+000  2.303641e+000
      vertex  0.000000e+000 -7.724374e-002  2.999005e+000
      vertex  0.000000e+000 -6.667498e-002  2.249012e+000
    endloop
  endfacet
  facet normal -1.000000e+000  -0.000000e+000  0.000000e+000
    outer loop
      vertex  0.000000e+000 -1.921780e+000  2.303641e+000
      vertex  0.000000e+000 -6.667498e-002  2.249012e+000
      vertex  0.000000e+000 -1.997908e-001  2.241112e+000
    endloop
  endfacet
  facet normal -1.000000e+000  -0.000000e+000  0.000000e+000
    outer loop
      vertex  0.000000e+000 -1.921780e+000  2.303641e+000
      vertex  0.000000e+000 -1.997908e-001  2.241112e+000
      vertex  0.000000e+000 -2.037820e+000  2.201656e+000
    endloop
  endfacet
  facet normal -1.000000e+000  0.000000e+000  0.000000e+000
    outer loop
      vertex  0.000000e+000  6.667498e-002  2.249012e+000
      vertex  0.000000e+000 -6.667498e-002  2.249012e+000
      vertex  0.000000e+000 -7.724374e-002  2.999005e+000
    endloop
  endfacet
  facet normal -1.000000e+000  0.000000e+000  0.000000e+000
    outer loop
      vertex  0.000000e+000  6.667498e-002  2.249012e+000
      vertex  0.000000e+000 -7.724374e-002  2.999005e+000
      vertex  0.000000e+000  7.724374e-002  2.999005e+000
    endloop
  endfacet
  facet normal -1.000000e+000  0.000000e+000  -0.000000e+000
    outer loop
      vertex  0.000000e+000  6.667498e-002  2.249012e+000
      vertex  0.000000e+000  7.724374e-002  2.999005e+000
      vertex  0.000000e+000  2.315264e-001  2.991053e+000
    endloop
  endfacet
  facet normal -1.000000e+000  0.000000e+000  -0.000000e+000
    outer loop
      vertex  0.000000e+000  6.667498e-002  2.249012e+000
      vertex  0.000000e+000  2.315264e-001  2.991053e+000
      vertex  0.000000e+000  3.851951e-001  2.975168e+000
    endloop
  endfacet
  facet normal -9.999999e-001  0.000000e+000  -0.000000e+000
    outer loop
      vertex  0.000000e+000  6.667498e-002  2.249012e+000
      vertex  0.000000e+000  3.851951e-001  2.975168e+000
      vertex  0.000000e+000  5.378423e-001  2.951394e+000
    endloop
  endfacet
  facet normal -1.000000e+000  0.000000e+000  -0.000000e+000
    outer loop
      vertex  0.000000e+000  6.667498e-002  2.249012e+000
      vertex  0.000000e+000  5.378423e-001  2.951394e+000
      vertex  0.000000e+000  6.890633e-001  2.919793e+000
    endloop
  endfacet
  facet normal -1.000000e+000  0.000000e+000  -0.000000e+000
    outer loop
      vertex  0.000000e+000  6.667498e-002  2.249012e+000
      vertex  0.000000e+000  6.890633e-001  2.919793e+000
      vertex  0.000000e+000  8.384569e-001  2.880450e+000
    endloop
  endfacet
  facet normal -1.000000e+000  0.000000e+000  -0.000000e+000
    outer loop
      vertex  0.000000e+000  6.667498e-002  2.249012e+000
      vertex  0.000000e+000  8.384569e-001  2.880450e+000
      vertex  0.000000e+000  9.856272e-001  2.833468e+000
    endloop
  endfacet
  facet normal -1.000000e+000  0.000000e+000  -0.000000e+000
    outer loop
      vertex  0.000000e+000  6.667498e-002  2.249012e+000
      vertex  0.000000e+000  9.856272e-001  2.833468e+000
      vertex  0.000000e+000  1.130184e+000  2.778972e+000
    endloop
  endfacet
  facet normal -1.000000e+000  0.000000e+000  -0.000000e+000
    outer loop
      vertex  0.000000e+000  6.667498e-002  2.249012e+000
      vertex  0.000000e+000  1.130184e+000  2.778972e+000
      vertex  0.000000e+000  1.271743e+000  2.717107e+000
    endloop
  endfacet
  facet normal -1.000000e+000  0.000000e+000  -0.000000e+000
    outer loop
      vertex  0.000000e+000  6.667498e-002  2.249012e+000
      vertex  0.000000e+000  1.271743e+000  2.717107e+000
      vertex  0.000000e+000  1.409930e+000  2.648036e+000
    endloop
  endfacet
  facet normal -1.000000e+000  0.000000e+000  -0.000000e+000
    outer loop
      vertex  0.000000e+000  6.667498e-002  2.249012e+000
      vertex  0.000000e+000  1.409930e+000  2.648036e+000
      vertex  0.000000e+000  1.544378e+000  2.571944e+000
    endloop
  endfacet
  facet normal -1.000000e+000  0.000000e+000  -0.000000e+000
    outer loop
      vertex  0.000000e+000  6.667498e-002  2.249012e+000
      vertex  0.000000e+000  1.544378e+000  2.571944e+000
      vertex  0.000000e+000  1.674731e+000  2.489031e+000
    endloop
  endfacet
  facet normal -9.999999e-001  0.000000e+000  -0.000000e+000
    outer loop
      vertex  0.000000e+000  6.667498e-002  2.249012e+000
      vertex  0.000000e+000  1.674731e+000  2.489031e+000
      vertex  0.000000e+000  1.800643e+000  2.399518e+000
    endloop
  endfacet
  facet normal -1.000000e+000  0.000000e+000  -0.000000e+000
    outer loop
      vertex  0.000000e+000  6.667498e-002  2.249012e+000
      vertex  0.000000e+000  1.800643e+000  2.399518e+000
      vertex  0.000000e+000  1.921780e+000  2.303641e+000
    endloop
  endfacet
  facet normal -1.000000e+000  0.000000e+000  -0.000000e+000
    outer loop
      vertex  0.000000e+000  6.667498e-002  2.249012e+000
      vertex  0.000000e+000  1.921780e+000  2.303641e+000
      vertex  0.000000e+000  2.037820e+000  2.201656e+000
    endloop
  endfacet
  facet normal -1.000000e+000  0.000000e+000  0.000000e+000
    outer loop
      vertex  0.000000e+000  2.037820e+000  2.201656e+000
      vertex  0.000000e+000  2.148457e+000  2.093832e+000
      vertex  0.000000e+000  5.930711e-001  2.170430e+000
    endloop
  endfacet
  facet normal -1.000000e+000  0.000000e+000  0.000000e+000
    outer loop
      vertex  0.000000e+000  2.037820e+000  2.201656e+000
      vertex  0.000000e+000  5.930711e-001  2.170430e+000
      vertex  0.000000e+000  4.634519e-001  2.201752e+000
    endloop
  endfacet
  facet normal -1.000000e+000  0.000000e+000  0.000000e+000
    outer loop
      vertex  0.000000e+000  2.037820e+000  2.201656e+000
      vertex  0.000000e+000  4.634519e-001  2.201752e+000
      vertex  0.000000e+000  3.322048e-001  2.225340e+000
    endloop
  endfacet
  facet normal -1.000000e+000  0.000000e+000  0.000000e+000
    outer loop
      vertex  0.000000e+000  2.037820e+000  2.201656e+000
      vertex  0.000000e+000  3.322048e-001  2.225340e+000
      vertex  0.000000e+000  1.997908e-001  2.241112e+000
    endloop
  endfacet
  facet normal -1.000000e+000  0.000000e+000  0.000000e+000
    outer loop
      vertex  0.000000e+000  2.037820e+000  2.201656e+000
      vertex  0.000000e+000  1.997908e-001  2.241112e+000
      vertex  0.000000e+000  6.667498e-002  2.249012e+000
    endloop
  endfacet
  facet normal -1.000000e+000  -0.000000e+000  0.000000e+000
    outer loop
      vertex  0.000000e+000 -3.322048e-001  2.225340e+000
      vertex  0.000000e+000 -4.634519e-001  2.201752e+000
      vertex  0.000000e+000 -2.037820e+000  2.201656e+000
    endloop
  endfacet
  facet normal -1.000000e+000  0.000000e+000  0.000000e+000
    outer loop
      vertex  0.000000e+000 -2.037820e+000  2.201656e+000
      vertex  0.000000e+000 -4.634519e-001  2.201752e+000
      vertex  0.000000e+000 -5.930711e-001  2.170430e+000
    endloop
  endfacet
  facet normal -1.000000e+000  -0.000000e+000  0.000000e+000
    outer loop
      vertex  0.000000e+000 -2.037820e+000  2.201656e+000
      vertex  0.000000e+000 -5.930711e-001  2.170430e+000
      vertex  0.000000e+000 -2.148457e+000  2.093832e+000
    endloop
  endfacet
  facet normal -9.999999e-001  0.000000e+000  0.000000e+000
    outer loop
      vertex  0.000000e+000 -7.206072e-001  2.131484e+000
      vertex  0.000000e+000 -8.456120e-001  2.085052e+000
      vertex  0.000000e+000 -2.148457e+000  2.093832e+000
    endloop
  endfacet
  facet normal -1.000000e+000  0.000000e+000  0.000000e+000
    outer loop
      vertex  0.000000e+000 -2.148457e+000  2.093832e+000
      vertex  0.000000e+000 -8.456120e-001  2.085052e+000
      vertex  0.000000e+000 -9.676467e-001  2.031295e+000
    endloop
  endfacet
  facet normal -1.000000e+000  -0.000000e+000  0.000000e+000
    outer loop
      vertex  0.000000e+000 -2.148457e+000  2.093832e+000
      vertex  0.000000e+000 -9.676467e-001  2.031295e+000
      vertex  0.000000e+000 -2.253396e+000  1.980456e+000
    endloop
  endfacet
  facet normal -1.000000e+000  0.000000e+000  0.000000e+000
    outer loop
      vertex  0.000000e+000 -9.676467e-001  2.031295e+000
      vertex  0.000000e+000 -1.086282e+000  1.970404e+000
      vertex  0.000000e+000 -2.253396e+000  1.980456e+000
    endloop
  endfacet
  facet normal -1.000000e+000  0.000000e+000  0.000000e+000
    outer loop
      vertex  0.000000e+000 -2.253396e+000  1.980456e+000
      vertex  0.000000e+000 -1.086282e+000  1.970404e+000
      vertex  0.000000e+000 -1.201103e+000  1.902591e+000
    endloop
  endfacet
  facet normal -1.000000e+000  -0.000000e+000  0.000000e+000
    outer loop
      vertex  0.000000e+000 -2.253396e+000  1.980456e+000
      vertex  0.000000e+000 -1.201103e+000  1.902591e+000
      vertex  0.000000e+000 -2.352360e+000  1.861828e+000
    endloop
  endfacet
  facet normal -1.000000e+000  0.000000e+000  0.000000e+000
    outer loop
      vertex  0.000000e+000 -1.614391e+000  1.567240e+000
      vertex  0.000000e+000 -2.531327e+000  1.610089e+000
      vertex  0.000000e+000 -1.518712e+000  1.660125e+000
    endloop
  endfacet
  facet normal -1.000000e+000  -0.000000e+000  0.000000e+000
    outer loop
      vertex  0.000000e+000 -1.518712e+000  1.660125e+000
      vertex  0.000000e+000 -2.531327e+000  1.610089e+000
      vertex  0.000000e+000 -2.445085e+000  1.738263e+000
    endloop
  endfacet
  facet normal -1.000000e+000  0.000000e+000  0.000000e+000
    outer loop
      vertex  0.000000e+000 -1.518712e+000  1.660125e+000
      vertex  0.000000e+000 -2.445085e+000  1.738263e+000
      vertex  0.000000e+000 -1.417698e+000  1.747179e+000
    endloop
  endfacet
  facet normal -1.000000e+000  -0.000000e+000  0.000000e+000
    outer loop
      vertex  0.000000e+000 -1.417698e+000  1.747179e+000
      vertex  0.000000e+000 -2.445085e+000  1.738263e+000
      vertex  0.000000e+000 -2.352360e+000  1.861828e+000
    endloop
  endfacet
  facet normal -1.000000e+000  0.000000e+000  0.000000e+000
    outer loop
      vertex  0.000000e+000 -1.417698e+000  1.747179e+000
      vertex  0.000000e+000 -2.352360e+000  1.861828e+000
      vertex  0.000000e+000 -1.311704e+000  1.828095e+000
    endloop
  endfacet
  facet normal -1.000000e+000  0.000000e+000  0.000000e+000
    outer loop
      vertex  0.000000e+000 -2.001729e+000  1.027416e+000
      vertex  0.000000e+000 -2.807150e+000  1.058256e+000
      vertex  0.000000e+000 -1.937348e+000  1.144195e+000
    endloop
  endfacet
  facet normal -9.999999e-001  -0.000000e+000  0.000000e+000
    outer loop
      vertex  0.000000e+000 -1.937348e+000  1.144195e+000
      vertex  0.000000e+000 -2.807150e+000  1.058256e+000
      vertex  0.000000e+000 -2.748951e+000  1.201362e+000
    endloop
  endfacet
  facet normal -1.000000e+000  0.000000e+000  0.000000e+000
    outer loop
      vertex  0.000000e+000 -1.937348e+000  1.144195e+000
      vertex  0.000000e+000 -2.748951e+000  1.201362e+000
      vertex  0.000000e+000 -1.866163e+000  1.256955e+000
    endloop
  endfacet
  facet normal -1.000000e+000  -0.000000e+000  0.000000e+000
    outer loop
      vertex  0.000000e+000 -1.866163e+000  1.256955e+000
      vertex  0.000000e+000 -2.748951e+000  1.201362e+000
      vertex  0.000000e+000 -2.683461e+000  1.341281e+000
    endloop
  endfacet
  facet normal -1.000000e+000  0.000000e+000  0.000000e+000
    outer loop
      vertex  0.000000e+000 -1.866163e+000  1.256955e+000
      vertex  0.000000e+000 -2.683461e+000  1.341281e+000
      vertex  0.000000e+000 -1.788422e+000  1.365300e+000
    endloop
  endfacet
  facet normal -1.000000e+000  -0.000000e+000  0.000000e+000
    outer loop
      vertex  0.000000e+000 -1.788422e+000  1.365300e+000
      vertex  0.000000e+000 -2.683461e+000  1.341281e+000
      vertex  0.000000e+000 -2.610856e+000  1.477644e+000
    endloop
  endfacet
  facet normal -1.000000e+000  0.000000e+000  0.000000e+000
    outer loop
      vertex  0.000000e+000 -1.788422e+000  1.365300e+000
      vertex  0.000000e+000 -2.610856e+000  1.477644e+000
      vertex  0.000000e+000 -1.704400e+000  1.468850e+000
    endloop
  endfacet
  facet normal -1.000000e+000  0.000000e+000  0.000000e+000
    outer loop
      vertex  0.000000e+000 -1.704400e+000  1.468850e+000
      vertex  0.000000e+000 -2.610856e+000  1.477644e+000
      vertex  0.000000e+000 -2.531327e+000  1.610089e+000
    endloop
  endfacet
  facet normal -1.000000e+000  0.000000e+000  0.000000e+000
    outer loop
      vertex  0.000000e+000 -1.704400e+000  1.468850e+000
      vertex  0.000000e+000 -2.531327e+000  1.610089e+000
      vertex  0.000000e+000 -1.614391e+000  1.567240e+000
    endloop
  endfacet
  facet normal -1.000000e+000  0.000000e+000  0.000000e+000
    outer loop
      vertex  0.000000e+000 -2.214519e+000  3.980031e-001
      vertex  0.000000e+000 -2.964264e+000  4.616717e-001
      vertex  0.000000e+000 -2.187052e+000  5.284936e-001
    endloop
  endfacet
  facet normal -1.000000e+000  -0.000000e+000  0.000000e+000
    outer loop
      vertex  0.000000e+000 -2.187052e+000  5.284936e-001
      vertex  0.000000e+000 -2.964264e+000  4.616717e-001
      vertex  0.000000e+000 -2.936567e+000  6.136562e-001
    endloop
  endfacet
  facet normal -1.000000e+000  0.000000e+000  0.000000e+000
    outer loop
      vertex  0.000000e+000 -2.187052e+000  5.284936e-001
      vertex  0.000000e+000 -2.936567e+000  6.136562e-001
      vertex  0.000000e+000 -2.151902e+000  6.571277e-001
    endloop
  endfacet
  facet normal -1.000000e+000  -0.000000e+000  0.000000e+000
    outer loop
      vertex  0.000000e+000 -2.151902e+000  6.571277e-001
      vertex  0.000000e+000 -2.936567e+000  6.136562e-001
      vertex  0.000000e+000 -2.901083e+000  7.640134e-001
    endloop
  endfacet
  facet normal -1.000000e+000  0.000000e+000  0.000000e+000
    outer loop
      vertex  0.000000e+000 -2.151902e+000  6.571277e-001
      vertex  0.000000e+000 -2.901083e+000  7.640134e-001
      vertex  0.000000e+000 -2.109194e+000  7.834537e-001
    endloop
  endfacet
  facet normal -1.000000e+000  -0.000000e+000  0.000000e+000
    outer loop
      vertex  0.000000e+000 -2.109194e+000  7.834537e-001
      vertex  0.000000e+000 -2.901083e+000  7.640134e-001
      vertex  0.000000e+000 -2.857906e+000  9.123445e-001
    endloop
  endfacet
  facet normal -1.000000e+000  0.000000e+000  0.000000e+000
    outer loop
      vertex  0.000000e+000 -2.109194e+000  7.834537e-001
      vertex  0.000000e+000 -2.857906e+000  9.123445e-001
      vertex  0.000000e+000 -2.059078e+000  9.070277e-001
    endloop
  endfacet
  facet normal -1.000000e+000  0.000000e+000  0.000000e+000
    outer loop
      vertex  0.000000e+000 -2.059078e+000  9.070277e-001
      vertex  0.000000e+000 -2.857906e+000  9.123445e-001
      vertex  0.000000e+000 -2.807150e+000  1.058256e+000
    endloop
  endfacet
  facet normal -1.000000e+000  0.000000e+000  0.000000e+000
    outer loop
      vertex  0.000000e+000 -2.059078e+000  9.070277e-001
      vertex  0.000000e+000 -2.807150e+000  1.058256e+000
      vertex  0.000000e+000 -2.001729e+000  1.027416e+000
    endloop
  endfacet
  facet normal -1.000000e+000  0.000000e+000  0.000000e+000
    outer loop
      vertex  0.000000e+000 -2.151902e+000 -6.571277e-001
      vertex  0.000000e+000 -2.936567e+000 -6.136562e-001
      vertex  0.000000e+000 -2.187052e+000 -5.284936e-001
    endloop
  endfacet
  facet normal -1.000000e+000  -0.000000e+000  0.000000e+000
    outer loop
      vertex  0.000000e+000 -2.187052e+000 -5.284936e-001
      vertex  0.000000e+000 -2.936567e+000 -6.136562e-001
      vertex  0.000000e+000 -2.964264e+000 -4.616717e-001
    endloop
  endfacet
  facet normal -1.000000e+000  0.000000e+000  0.000000e+000
    outer loop
      vertex  0.000000e+000 -2.187052e+000 -5.284936e-001
      vertex  0.000000e+000 -2.964264e+000 -4.616717e-001
      vertex  0.000000e+000 -2.214519e+000 -3.980031e-001
    endloop
  endfacet
  facet normal -1.000000e+000  -0.000000e+000  0.000000e+000
    outer loop
      vertex  0.000000e+000 -2.214519e+000 -3.980031e-001
      vertex  0.000000e+000 -2.964264e+000 -4.616717e-001
      vertex  0.000000e+000 -2.984100e+000 -3.084630e-001
    endloop
  endfacet
  facet normal -9.999999e-001  0.000000e+000  0.000000e+000
    outer loop
      vertex  0.000000e+000 -2.214519e+000 -3.980031e-001
      vertex  0.000000e+000 -2.984100e+000 -3.084630e-001
      vertex  0.000000e+000 -2.234207e+000 -2.661146e-001
    endloop
  endfacet
  facet normal -9.999999e-001  -0.000000e+000  0.000000e+000
    outer loop
      vertex  0.000000e+000 -2.234207e+000 -2.661146e-001
      vertex  0.000000e+000 -2.984100e+000 -3.084630e-001
      vertex  0.000000e+000 -2.996022e+000 -1.544363e-001
    endloop
  endfacet
  facet normal -1.000000e+000  0.000000e+000  0.000000e+000
    outer loop
      vertex  0.000000e+000 -2.234207e+000 -2.661146e-001
      vertex  0.000000e+000 -2.996022e+000 -1.544363e-001
      vertex  0.000000e+000 -2.246048e+000 -1.332914e-001
    endloop
  endfacet
  facet normal -1.000000e+000  -0.000000e+000  0.000000e+000
    outer loop
      vertex  0.000000e+000 -2.246048e+000 -1.332914e-001
      vertex  0.000000e+000 -2.996022e+000 -1.544363e-001
      vertex  0.000000e+000 -3.000000e+000  3.673819e-016
    endloop
  endfacet
  facet normal -1.000000e+000  0.000000e+000  0.000000e+000
    outer loop
      vertex  0.000000e+000 -2.246048e+000 -1.332914e-001
      vertex  0.000000e+000 -3.000000e+000  3.673819e-016
      vertex  0.000000e+000 -2.250000e+000  2.755364e-016
    endloop
  endfacet
  facet normal -9.999999e-001  0.000000e+000  0.000000e+000
    outer loop
      vertex  0.000000e+000 -2.250000e+000  2.755364e-016
      vertex  0.000000e+000 -3.000000e+000  3.673819e-016
      vertex  0.000000e+000 -2.996022e+000  1.544363e-001
    endloop
  endfacet
  facet normal -1.000000e+000  0.000000e+000  0.000000e+000
    outer loop
      vertex  0.000000e+000 -2.250000e+000  2.755364e-016
      vertex  0.000000e+000 -2.996022e+000  1.544363e-001
      vertex  0.000000e+000 -2.246048e+000  1.332914e-001
    endloop
  endfacet
  facet normal -1.000000e+000  0.000000e+000  0.000000e+000
    outer loop
      vertex  0.000000e+000 -2.246048e+000  1.332914e-001
      vertex  0.000000e+000 -2.996022e+000  1.544363e-001
      vertex  0.000000e+000 -2.984100e+000  3.084630e-001
    endloop
  endfacet
  facet normal -1.000000e+000  0.000000e+000  0.000000e+000
    outer loop
      vertex  0.000000e+000 -2.246048e+000  1.332914e-001
      vertex  0.000000e+000 -2.984100e+000  3.084630e-001
      vertex  0.000000e+000 -2.234207e+000  2.661146e-001
    endloop
  endfacet
  facet normal -1.000000e+000  0.000000e+000  0.000000e+000
    outer loop
      vertex  0.000000e+000 -2.234207e+000  2.661146e-001
      vertex  0.000000e+000 -2.984100e+000  3.084630e-001
      vertex  0.000000e+000 -2.964264e+000  4.616717e-001
    endloop
  endfacet
  facet normal -9.999999e-001  0.000000e+000  0.000000e+000
    outer loop
      vertex  0.000000e+000 -2.234207e+000  2.661146e-001
      vertex  0.000000e+000 -2.964264e+000  4.616717e-001
      vertex  0.000000e+000 -2.214519e+000  3.980031e-001
    endloop
  endfacet
  facet normal -1.000000e+000  0.000000e+000  0.000000e+000
    outer loop
      vertex  0.000000e+000 -1.866163e+000 -1.256955e+000
      vertex  0.000000e+000 -2.748951e+000 -1.201362e+000
      vertex  0.000000e+000 -1.937348e+000 -1.144195e+000
    endloop
  endfacet
  facet normal -9.999999e-001  -0.000000e+000  0.000000e+000
    outer loop
      vertex  0.000000e+000 -1.937348e+000 -1.144195e+000
      vertex  0.000000e+000 -2.748951e+000 -1.201362e+000
      vertex  0.000000e+000 -2.807150e+000 -1.058256e+000
    endloop
  endfacet
  facet normal -1.000000e+000  0.000000e+000  0.000000e+000
    outer loop
      vertex  0.000000e+000 -1.937348e+000 -1.144195e+000
      vertex  0.000000e+000 -2.807150e+000 -1.058256e+000
      vertex  0.000000e+000 -2.001729e+000 -1.027416e+000
    endloop
  endfacet
  facet normal -9.999999e-001  -0.000000e+000  0.000000e+000
    outer loop
      vertex  0.000000e+000 -2.001729e+000 -1.027416e+000
      vertex  0.000000e+000 -2.807150e+000 -1.058256e+000
      vertex  0.000000e+000 -2.857906e+000 -9.123445e-001
    endloop
  endfacet
  facet normal -1.000000e+000  0.000000e+000  0.000000e+000
    outer loop
      vertex  0.000000e+000 -2.001729e+000 -1.027416e+000
      vertex  0.000000e+000 -2.857906e+000 -9.123445e-001
      vertex  0.000000e+000 -2.059078e+000 -9.070277e-001
    endloop
  endfacet
  facet normal -1.000000e+000  -0.000000e+000  0.000000e+000
    outer loop
      vertex  0.000000e+000 -2.059078e+000 -9.070277e-001
      vertex  0.000000e+000 -2.857906e+000 -9.123445e-001
      vertex  0.000000e+000 -2.901083e+000 -7.640134e-001
    endloop
  endfacet
  facet normal -1.000000e+000  0.000000e+000  0.000000e+000
    outer loop
      vertex  0.000000e+000 -2.059078e+000 -9.070277e-001
      vertex  0.000000e+000 -2.901083e+000 -7.640134e-001
      vertex  0.000000e+000 -2.109194e+000 -7.834537e-001
    endloop
  endfacet
  facet normal -1.000000e+000  0.000000e+000  0.000000e+000
    outer loop
      vertex  0.000000e+000 -2.109194e+000 -7.834537e-001
      vertex  0.000000e+000 -2.901083e+000 -7.640134e-001
      vertex  0.000000e+000 -2.936567e+000 -6.136562e-001
    endloop
  endfacet
  facet normal -1.000000e+000  0.000000e+000  0.000000e+000
    outer loop
      vertex  0.000000e+000 -2.109194e+000 -7.834537e-001
      vertex  0.000000e+000 -2.936567e+000 -6.136562e-001
      vertex  0.000000e+000 -2.151902e+000 -6.571277e-001
    endloop
  endfacet
  facet normal -1.000000e+000  0.000000e+000  0.000000e+000
    outer loop
      vertex  0.000000e+000 -1.417698e+000 -1.747179e+000
      vertex  0.000000e+000 -2.445085e+000 -1.738263e+000
      vertex  0.000000e+000 -1.518712e+000 -1.660125e+000
    endloop
  endfacet
  facet normal -1.000000e+000  -0.000000e+000  0.000000e+000
    outer loop
      vertex  0.000000e+000 -1.518712e+000 -1.660125e+000
      vertex  0.000000e+000 -2.445085e+000 -1.738263e+000
      vertex  0.000000e+000 -2.531327e+000 -1.610089e+000
    endloop
  endfacet
  facet normal -1.000000e+000  0.000000e+000  0.000000e+000
    outer loop
      vertex  0.000000e+000 -1.518712e+000 -1.660125e+000
      vertex  0.000000e+000 -2.531327e+000 -1.610089e+000
      vertex  0.000000e+000 -1.614391e+000 -1.567240e+000
    endloop
  endfacet
  facet normal -1.000000e+000  -0.000000e+000  0.000000e+000
    outer loop
      vertex  0.000000e+000 -1.614391e+000 -1.567240e+000
      vertex  0.000000e+000 -2.531327e+000 -1.610089e+000
      vertex  0.000000e+000 -2.610856e+000 -1.477644e+000
    endloop
  endfacet
  facet normal -1.000000e+000  0.000000e+000  0.000000e+000
    outer loop
      vertex  0.000000e+000 -1.614391e+000 -1.567240e+000
      vertex  0.000000e+000 -2.610856e+000 -1.477644e+000
      vertex  0.000000e+000 -1.704400e+000 -1.468850e+000
    endloop
  endfacet
  facet normal -1.000000e+000  -0.000000e+000  0.000000e+000
    outer loop
      vertex  0.000000e+000 -1.704400e+000 -1.468850e+000
      vertex  0.000000e+000 -2.610856e+000 -1.477644e+000
      vertex  0.000000e+000 -2.683461e+000 -1.341281e+000
    endloop
  endfacet
  facet normal -1.000000e+000  0.000000e+000  0.000000e+000
    outer loop
      vertex  0.000000e+000 -1.704400e+000 -1.468850e+000
      vertex  0.000000e+000 -2.683461e+000 -1.341281e+000
      vertex  0.000000e+000 -1.788422e+000 -1.365300e+000
    endloop
  endfacet
  facet normal -1.000000e+000  0.000000e+000  0.000000e+000
    outer loop
      vertex  0.000000e+000 -1.788422e+000 -1.365300e+000
      vertex  0.000000e+000 -2.683461e+000 -1.341281e+000
      vertex  0.000000e+000 -2.748951e+000 -1.201362e+000
    endloop
  endfacet
  facet normal -1.000000e+000  0.000000e+000  0.000000e+000
    outer loop
      vertex  0.000000e+000 -1.788422e+000 -1.365300e+000
      vertex  0.000000e+000 -2.748951e+000 -1.201362e+000
      vertex  0.000000e+000 -1.866163e+000 -1.256955e+000
    endloop
  endfacet
  facet normal -1.000000e+000  0.000000e+000  0.000000e+000
    outer loop
      vertex  0.000000e+000 -1.086282e+000 -1.970404e+000
      vertex  0.000000e+000 -2.253396e+000 -1.980456e+000
      vertex  0.000000e+000 -1.201103e+000 -1.902591e+000
    endloop
  endfacet
  facet normal -1.000000e+000  -0.000000e+000  0.000000e+000
    outer loop
      vertex  0.000000e+000 -1.201103e+000 -1.902591e+000
      vertex  0.000000e+000 -2.253396e+000 -1.980456e+000
      vertex  0.000000e+000 -2.352360e+000 -1.861828e+000
    endloop
  endfacet
  facet normal -1.000000e+000  0.000000e+000  0.000000e+000
    outer loop
      vertex  0.000000e+000 -1.201103e+000 -1.902591e+000
      vertex  0.000000e+000 -2.352360e+000 -1.861828e+000
      vertex  0.000000e+000 -1.311704e+000 -1.828095e+000
    endloop
  endfacet
  facet normal -1.000000e+000  -0.000000e+000  0.000000e+000
    outer loop
      vertex  0.000000e+000 -1.311704e+000 -1.828095e+000
      vertex  0.000000e+000 -2.352360e+000 -1.861828e+000
      vertex  0.000000e+000 -2.445085e+000 -1.738263e+000
    endloop
  endfacet
  facet normal -1.000000e+000  0.000000e+000  0.000000e+000
    outer loop
      vertex  0.000000e+000 -1.311704e+000 -1.828095e+000
      vertex  0.000000e+000 -2.445085e+000 -1.738263e+000
      vertex  0.000000e+000 -1.417698e+000 -1.747179e+000
    endloop
  endfacet
  facet normal -1.000000e+000  0.000000e+000  0.000000e+000
    outer loop
      vertex  0.000000e+000 -8.456120e-001 -2.085052e+000
      vertex  0.000000e+000 -2.148457e+000 -2.093832e+000
      vertex  0.000000e+000 -9.676467e-001 -2.031295e+000
    endloop
  endfacet
  facet normal -1.000000e+000  -0.000000e+000  0.000000e+000
    outer loop
      vertex  0.000000e+000 -9.676467e-001 -2.031295e+000
      vertex  0.000000e+000 -2.148457e+000 -2.093832e+000
      vertex  0.000000e+000 -2.253396e+000 -1.980456e+000
    endloop
  endfacet
  facet normal -1.000000e+000  0.000000e+000  0.000000e+000
    outer loop
      vertex  0.000000e+000 -9.676467e-001 -2.031295e+000
      vertex  0.000000e+000 -2.253396e+000 -1.980456e+000
      vertex  0.000000e+000 -1.086282e+000 -1.970404e+000
    endloop
  endfacet
  facet normal -1.000000e+000  0.000000e+000  0.000000e+000
    outer loop
      vertex  0.000000e+000 -5.930711e-001 -2.170430e+000
      vertex  0.000000e+000 -2.037820e+000 -2.201656e+000
      vertex  0.000000e+000 -7.206072e-001 -2.131484e+000
    endloop
  endfacet
  facet normal -1.000000e+000  -0.000000e+000  0.000000e+000
    outer loop
      vertex  0.000000e+000 -7.206072e-001 -2.131484e+000
      vertex  0.000000e+000 -2.037820e+000 -2.201656e+000
      vertex  0.000000e+000 -2.148457e+000 -2.093832e+000
    endloop
  endfacet
  facet normal -9.999999e-001  0.000000e+000  0.000000e+000
    outer loop
      vertex  0.000000e+000 -7.206072e-001 -2.131484e+000
      vertex  0.000000e+000 -2.148457e+000 -2.093832e+000
      vertex  0.000000e+000 -8.456120e-001 -2.085052e+000
    endloop
  endfacet
  facet normal -9.999999e-001  -0.000000e+000  0.000000e+000
    outer loop
      vertex  0.000000e+000  7.206072e-001  2.131484e+000
      vertex  0.000000e+000  2.148457e+000  2.093832e+000
      vertex  0.000000e+000  8.456120e-001  2.085052e+000
    endloop
  endfacet
  facet normal -1.000000e+000  0.000000e+000  0.000000e+000
    outer loop
      vertex  0.000000e+000  8.456120e-001  2.085052e+000
      vertex  0.000000e+000  2.148457e+000  2.093832e+000
      vertex  0.000000e+000  2.253396e+000  1.980456e+000
    endloop
  endfacet
  facet normal -1.000000e+000  0.000000e+000  0.000000e+000
    outer loop
      vertex  0.000000e+000  8.456120e-001  2.085052e+000
      vertex  0.000000e+000  2.253396e+000  1.980456e+000
      vertex  0.000000e+000  9.676467e-001  2.031295e+000
    endloop
  endfacet
  facet normal -1.000000e+000  -0.000000e+000  0.000000e+000
    outer loop
      vertex  0.000000e+000  9.676467e-001  2.031295e+000
      vertex  0.000000e+000  2.253396e+000  1.980456e+000
      vertex  0.000000e+000  1.086282e+000  1.970404e+000
    endloop
  endfacet
  facet normal -1.000000e+000  0.000000e+000  0.000000e+000
    outer loop
      vertex  0.000000e+000  1.086282e+000  1.970404e+000
      vertex  0.000000e+000  2.253396e+000  1.980456e+000
      vertex  0.000000e+000  2.352360e+000  1.861828e+000
    endloop
  endfacet
  facet normal -1.000000e+000  0.000000e+000  0.000000e+000
    outer loop
      vertex  0.000000e+000  1.086282e+000  1.970404e+000
      vertex  0.000000e+000  2.352360e+000  1.861828e+000
      vertex  0.000000e+000  1.201103e+000  1.902591e+000
    endloop
  endfacet
  facet normal -1.000000e+000  0.000000e+000  0.000000e+000
    outer loop
      vertex  0.000000e+000  1.614391e+000  1.567240e+000
      vertex  0.000000e+000  1.518712e+000  1.660125e+000
      vertex  0.000000e+000  2.531327e+000  1.610089e+000
    endloop
  endfacet
  facet normal -1.000000e+000  0.000000e+000  0.000000e+000
    outer loop
      vertex  0.000000e+000  2.531327e+000  1.610089e+000
      vertex  0.000000e+000  1.518712e+000  1.660125e+000
      vertex  0.000000e+000  1.417698e+000  1.747179e+000
    endloop
  endfacet
  facet normal -9.999999e-001  0.000000e+000  0.000000e+000
    outer loop
      vertex  0.000000e+000  2.531327e+000  1.610089e+000
      vertex  0.000000e+000  1.417698e+000  1.747179e+000
      vertex  0.000000e+000  2.445085e+000  1.738263e+000
    endloop
  endfacet
  facet normal -1.000000e+000  0.000000e+000  0.000000e+000
    outer loop
      vertex  0.000000e+000  2.445085e+000  1.738263e+000
      vertex  0.000000e+000  1.417698e+000  1.747179e+000
      vertex  0.000000e+000  1.311704e+000  1.828095e+000
    endloop
  endfacet
  facet normal -1.000000e+000  0.000000e+000  0.000000e+000
    outer loop
      vertex  0.000000e+000  2.445085e+000  1.738263e+000
      vertex  0.000000e+000  1.311704e+000  1.828095e+000
      vertex  0.000000e+000  2.352360e+000  1.861828e+000
    endloop
  endfacet
  facet normal -1.000000e+000  0.000000e+000  0.000000e+000
    outer loop
      vertex  0.000000e+000  2.001729e+000  1.027416e+000
      vertex  0.000000e+000  1.937348e+000  1.144195e+000
      vertex  0.000000e+000  2.807150e+000  1.058256e+000
    endloop
  endfacet
  facet normal -9.999999e-001  0.000000e+000  0.000000e+000
    outer loop
      vertex  0.000000e+000  2.807150e+000  1.058256e+000
      vertex  0.000000e+000  1.937348e+000  1.144195e+000
      vertex  0.000000e+000  1.866163e+000  1.256955e+000
    endloop
  endfacet
  facet normal -9.999999e-001  0.000000e+000  0.000000e+000
    outer loop
      vertex  0.000000e+000  2.807150e+000  1.058256e+000
      vertex  0.000000e+000  1.866163e+000  1.256955e+000
      vertex  0.000000e+000  2.748951e+000  1.201362e+000
    endloop
  endfacet
  facet normal -1.000000e+000  0.000000e+000  0.000000e+000
    outer loop
      vertex  0.000000e+000  2.748951e+000  1.201362e+000
      vertex  0.000000e+000  1.866163e+000  1.256955e+000
      vertex  0.000000e+000  1.788422e+000  1.365300e+000
    endloop
  endfacet
  facet normal -1.000000e+000  0.000000e+000  0.000000e+000
    outer loop
      vertex  0.000000e+000  2.748951e+000  1.201362e+000
      vertex  0.000000e+000  1.788422e+000  1.365300e+000
      vertex  0.000000e+000  2.683461e+000  1.341281e+000
    endloop
  endfacet
  facet normal -1.000000e+000  0.000000e+000  0.000000e+000
    outer loop
      vertex  0.000000e+000  2.683461e+000  1.341281e+000
      vertex  0.000000e+000  1.788422e+000  1.365300e+000
      vertex  0.000000e+000  1.704400e+000  1.468850e+000
    endloop
  endfacet
  facet normal -1.000000e+000  0.000000e+000  0.000000e+000
    outer loop
      vertex  0.000000e+000  2.683461e+000  1.341281e+000
      vertex  0.000000e+000  1.704400e+000  1.468850e+000
      vertex  0.000000e+000  2.610856e+000  1.477644e+000
    endloop
  endfacet
  facet normal -1.000000e+000  -0.000000e+000  0.000000e+000
    outer loop
      vertex  0.000000e+000  2.610856e+000  1.477644e+000
      vertex  0.000000e+000  1.704400e+000  1.468850e+000
      vertex  0.000000e+000  1.614391e+000  1.567240e+000
    endloop
  endfacet
  facet normal -1.000000e+000  0.000000e+000  0.000000e+000
    outer loop
      vertex  0.000000e+000  2.610856e+000  1.477644e+000
      vertex  0.000000e+000  1.614391e+000  1.567240e+000
      vertex  0.000000e+000  2.531327e+000  1.610089e+000
    endloop
  endfacet
  facet normal -1.000000e+000  0.000000e+000  0.000000e+000
    outer loop
      vertex  0.000000e+000  2.214519e+000  3.980031e-001
      vertex  0.000000e+000  2.187052e+000  5.284936e-001
      vertex  0.000000e+000  2.964264e+000  4.616717e-001
    endloop
  endfacet
  facet normal -1.000000e+000  0.000000e+000  0.000000e+000
    outer loop
      vertex  0.000000e+000  2.964264e+000  4.616717e-001
      vertex  0.000000e+000  2.187052e+000  5.284936e-001
      vertex  0.000000e+000  2.151902e+000  6.571277e-001
    endloop
  endfacet
  facet normal -1.000000e+000  0.000000e+000  0.000000e+000
    outer loop
      vertex  0.000000e+000  2.964264e+000  4.616717e-001
      vertex  0.000000e+000  2.151902e+000  6.571277e-001
      vertex  0.000000e+000  2.936567e+000  6.136562e-001
    endloop
  endfacet
  facet normal -1.000000e+000  0.000000e+000  0.000000e+000
    outer loop
      vertex  0.000000e+000  2.936567e+000  6.136562e-001
      vertex  0.000000e+000  2.151902e+000  6.571277e-001
      vertex  0.000000e+000  2.109194e+000  7.834537e-001
    endloop
  endfacet
  facet normal -1.000000e+000  0.000000e+000  0.000000e+000
    outer loop
      vertex  0.000000e+000  2.936567e+000  6.136562e-001
      vertex  0.000000e+000  2.109194e+000  7.834537e-001
      vertex  0.000000e+000  2.901083e+000  7.640134e-001
    endloop
  endfacet
  facet normal -1.000000e+000  0.000000e+000  0.000000e+000
    outer loop
      vertex  0.000000e+000  2.901083e+000  7.640134e-001
      vertex  0.000000e+000  2.109194e+000  7.834537e-001
      vertex  0.000000e+000  2.059078e+000  9.070277e-001
    endloop
  endfacet
  facet normal -1.000000e+000  0.000000e+000  0.000000e+000
    outer loop
      vertex  0.000000e+000  2.901083e+000  7.640134e-001
      vertex  0.000000e+000  2.059078e+000  9.070277e-001
      vertex  0.000000e+000  2.857906e+000  9.123445e-001
    endloop
  endfacet
  facet normal -1.000000e+000  -0.000000e+000  0.000000e+000
    outer loop
      vertex  0.000000e+000  2.857906e+000  9.123445e-001
      vertex  0.000000e+000  2.059078e+000  9.070277e-001
      vertex  0.000000e+000  2.001729e+000  1.027416e+000
    endloop
  endfacet
  facet normal -9.999999e-001  0.000000e+000  0.000000e+000
    outer loop
      vertex  0.000000e+000  2.857906e+000  9.123445e-001
      vertex  0.000000e+000  2.001729e+000  1.027416e+000
      vertex  0.000000e+000  2.807150e+000  1.058256e+000
    endloop
  endfacet
  facet normal -1.000000e+000  0.000000e+000  -0.000000e+000
    outer loop
      vertex  0.000000e+000  2.151902e+000 -6.571277e-001
      vertex  0.000000e+000  2.187052e+000 -5.284936e-001
      vertex  0.000000e+000  2.936567e+000 -6.136562e-001
    endloop
  endfacet
  facet normal -1.000000e+000  0.000000e+000  0.000000e+000
    outer loop
      vertex  0.000000e+000  2.936567e+000 -6.136562e-001
      vertex  0.000000e+000  2.187052e+000 -5.284936e-001
      vertex  0.000000e+000  2.214519e+000 -3.980031e-001
    endloop
  endfacet
  facet normal -1.000000e+000  0.000000e+000  0.000000e+000
    outer loop
      vertex  0.000000e+000  2.936567e+000 -6.136562e-001
      vertex  0.000000e+000  2.214519e+000 -3.980031e-001
      vertex  0.000000e+000  2.964264e+000 -4.616717e-001
    endloop
  endfacet
  facet normal -9.999999e-001  0.000000e+000  0.000000e+000
    outer loop
      vertex  0.000000e+000  2.964264e+000 -4.616717e-001
      vertex  0.000000e+000  2.214519e+000 -3.980031e-001
      vertex  0.000000e+000  2.234207e+000 -2.661146e-001
    endloop
  endfacet
  facet normal -1.000000e+000  0.000000e+000  0.000000e+000
    outer loop
      vertex  0.000000e+000  2.964264e+000 -4.616717e-001
      vertex  0.000000e+000  2.234207e+000 -2.661146e-001
      vertex  0.000000e+000  2.984100e+000 -3.084630e-001
    endloop
  endfacet
  facet normal -1.000000e+000  0.000000e+000  0.000000e+000
    outer loop
      vertex  0.000000e+000  2.984100e+000 -3.084630e-001
      vertex  0.000000e+000  2.234207e+000 -2.661146e-001
      vertex  0.000000e+000  2.246048e+000 -1.332914e-001
    endloop
  endfacet
  facet normal -1.000000e+000  0.000000e+000  0.000000e+000
    outer loop
      vertex  0.000000e+000  2.984100e+000 -3.084630e-001
      vertex  0.000000e+000  2.246048e+000 -1.332914e-001
      vertex  0.000000e+000  2.996022e+000 -1.544363e-001
    endloop
  endfacet
  facet normal -1.000000e+000  0.000000e+000  0.000000e+000
    outer loop
      vertex  0.000000e+000  2.996022e+000 -1.544363e-001
      vertex  0.000000e+000  2.246048e+000 -1.332914e-001
      vertex  0.000000e+000  2.250000e+000  0.000000e+000
    endloop
  endfacet
  facet normal -9.999999e-001  0.000000e+000  0.000000e+000
    outer loop
      vertex  0.000000e+000  2.996022e+000 -1.544363e-001
      vertex  0.000000e+000  2.250000e+000  0.000000e+000
      vertex  0.000000e+000  3.000000e+000  0.000000e+000
    endloop
  endfacet
  facet normal -1.000000e+000  0.000000e+000  0.000000e+000
    outer loop
      vertex  0.000000e+000  3.000000e+000  0.000000e+000
      vertex  0.000000e+000  2.250000e+000  0.000000e+000
      vertex  0.000000e+000  2.246048e+000  1.332914e-001
    endloop
  endfacet
  facet normal -1.000000e+000  0.000000e+000  0.000000e+000
    outer loop
      vertex  0.000000e+000  3.000000e+000  0.000000e+000
      vertex  0.000000e+000  2.246048e+000  1.332914e-001
      vertex  0.000000e+000  2.996022e+000  1.544363e-001
    endloop
  endfacet
  facet normal -1.000000e+000  -0.000000e+000  0.000000e+000
    outer loop
      vertex  0.000000e+000  2.996022e+000  1.544363e-001
      vertex  0.000000e+000  2.246048e+000  1.332914e-001
      vertex  0.000000e+000  2.234207e+000  2.661146e-001
    endloop
  endfacet
  facet normal -9.999999e-001  0.000000e+000  0.000000e+000
    outer loop
      vertex  0.000000e+000  2.996022e+000  1.544363e-001
      vertex  0.000000e+000  2.234207e+000  2.661146e-001
      vertex  0.000000e+000  2.984100e+000  3.084630e-001
    endloop
  endfacet
  facet normal -9.999999e-001  -0.000000e+000  0.000000e+000
    outer loop
      vertex  0.000000e+000  2.984100e+000  3.084630e-001
      vertex  0.000000e+000  2.234207e+000  2.661146e-001
      vertex  0.000000e+000  2.214519e+000  3.980031e-001
    endloop
  endfacet
  facet normal -1.000000e+000  0.000000e+000  0.000000e+000
    outer loop
      vertex  0.000000e+000  2.984100e+000  3.084630e-001
      vertex  0.000000e+000  2.214519e+000  3.980031e-001
      vertex  0.000000e+000  2.964264e+000  4.616717e-001
    endloop
  endfacet
  facet normal -1.000000e+000  0.000000e+000  -0.000000e+000
    outer loop
      vertex  0.000000e+000  1.866163e+000 -1.256955e+000
      vertex  0.000000e+000  1.937348e+000 -1.144195e+000
      vertex  0.000000e+000  2.748951e+000 -1.201362e+000
    endloop
  endfacet
  facet normal -1.000000e+000  0.000000e+000  0.000000e+000
    outer loop
      vertex  0.000000e+000  2.748951e+000 -1.201362e+000
      vertex  0.000000e+000  1.937348e+000 -1.144195e+000
      vertex  0.000000e+000  2.001729e+000 -1.027416e+000
    endloop
  endfacet
  facet normal -1.000000e+000  0.000000e+000  0.000000e+000
    outer loop
      vertex  0.000000e+000  2.748951e+000 -1.201362e+000
      vertex  0.000000e+000  2.001729e+000 -1.027416e+000
      vertex  0.000000e+000  2.807150e+000 -1.058256e+000
    endloop
  endfacet
  facet normal -1.000000e+000  0.000000e+000  0.000000e+000
    outer loop
      vertex  0.000000e+000  2.807150e+000 -1.058256e+000
      vertex  0.000000e+000  2.001729e+000 -1.027416e+000
      vertex  0.000000e+000  2.059078e+000 -9.070277e-001
    endloop
  endfacet
  facet normal -1.000000e+000  0.000000e+000  0.000000e+000
    outer loop
      vertex  0.000000e+000  2.807150e+000 -1.058256e+000
      vertex  0.000000e+000  2.059078e+000 -9.070277e-001
      vertex  0.000000e+000  2.857906e+000 -9.123445e-001
    endloop
  endfacet
  facet normal -1.000000e+000  0.000000e+000  0.000000e+000
    outer loop
      vertex  0.000000e+000  2.857906e+000 -9.123445e-001
      vertex  0.000000e+000  2.059078e+000 -9.070277e-001
      vertex  0.000000e+000  2.109194e+000 -7.834537e-001
    endloop
  endfacet
  facet normal -1.000000e+000  0.000000e+000  0.000000e+000
    outer loop
      vertex  0.000000e+000  2.857906e+000 -9.123445e-001
      vertex  0.000000e+000  2.109194e+000 -7.834537e-001
      vertex  0.000000e+000  2.901083e+000 -7.640134e-001
    endloop
  endfacet
  facet normal -1.000000e+000  -0.000000e+000  0.000000e+000
    outer loop
      vertex  0.000000e+000  2.901083e+000 -7.640134e-001
      vertex  0.000000e+000  2.109194e+000 -7.834537e-001
      vertex  0.000000e+000  2.151902e+000 -6.571277e-001
    endloop
  endfacet
  facet normal -1.000000e+000  0.000000e+000  0.000000e+000
    outer loop
      vertex  0.000000e+000  2.901083e+000 -7.640134e-001
      vertex  0.000000e+000  2.151902e+000 -6.571277e-001
      vertex  0.000000e+000  2.936567e+000 -6.136562e-001
    endloop
  endfacet
  facet normal -1.000000e+000  0.000000e+000  -0.000000e+000
    outer loop
      vertex  0.000000e+000  1.417698e+000 -1.747179e+000
      vertex  0.000000e+000  1.518712e+000 -1.660125e+000
      vertex  0.000000e+000  2.445085e+000 -1.738263e+000
    endloop
  endfacet
  facet normal -1.000000e+000  0.000000e+000  0.000000e+000
    outer loop
      vertex  0.000000e+000  2.445085e+000 -1.738263e+000
      vertex  0.000000e+000  1.518712e+000 -1.660125e+000
      vertex  0.000000e+000  1.614391e+000 -1.567240e+000
    endloop
  endfacet
  facet normal -1.000000e+000  0.000000e+000  0.000000e+000
    outer loop
      vertex  0.000000e+000  2.445085e+000 -1.738263e+000
      vertex  0.000000e+000  1.614391e+000 -1.567240e+000
      vertex  0.000000e+000  2.531327e+000 -1.610089e+000
    endloop
  endfacet
  facet normal -1.000000e+000  0.000000e+000  0.000000e+000
    outer loop
      vertex  0.000000e+000  2.531327e+000 -1.610089e+000
      vertex  0.000000e+000  1.614391e+000 -1.567240e+000
      vertex  0.000000e+000  1.704400e+000 -1.468850e+000
    endloop
  endfacet
  facet normal -1.000000e+000  0.000000e+000  0.000000e+000
    outer loop
      vertex  0.000000e+000  2.531327e+000 -1.610089e+000
      vertex  0.000000e+000  1.704400e+000 -1.468850e+000
      vertex  0.000000e+000  2.610856e+000 -1.477644e+000
    endloop
  endfacet
  facet normal -1.000000e+000  0.000000e+000  0.000000e+000
    outer loop
      vertex  0.000000e+000  2.610856e+000 -1.477644e+000
      vertex  0.000000e+000  1.704400e+000 -1.468850e+000
      vertex  0.000000e+000  1.788422e+000 -1.365300e+000
    endloop
  endfacet
  facet normal -1.000000e+000  0.000000e+000  0.000000e+000
    outer loop
      vertex  0.000000e+000  2.610856e+000 -1.477644e+000
      vertex  0.000000e+000  1.788422e+000 -1.365300e+000
      vertex  0.000000e+000  2.683461e+000 -1.341281e+000
    endloop
  endfacet
  facet normal -1.000000e+000  -0.000000e+000  0.000000e+000
    outer loop
      vertex  0.000000e+000  2.683461e+000 -1.341281e+000
      vertex  0.000000e+000  1.788422e+000 -1.365300e+000
      vertex  0.000000e+000  1.866163e+000 -1.256955e+000
    endloop
  endfacet
  facet normal -1.000000e+000  0.000000e+000  0.000000e+000
    outer loop
      vertex  0.000000e+000  2.683461e+000 -1.341281e+000
      vertex  0.000000e+000  1.866163e+000 -1.256955e+000
      vertex  0.000000e+000  2.748951e+000 -1.201362e+000
    endloop
  endfacet
  facet normal -1.000000e+000  0.000000e+000  -0.000000e+000
    outer loop
      vertex  0.000000e+000  1.086282e+000 -1.970404e+000
      vertex  0.000000e+000  1.201103e+000 -1.902591e+000
      vertex  0.000000e+000  2.253396e+000 -1.980456e+000
    endloop
  endfacet
  facet normal -9.999999e-001  0.000000e+000  0.000000e+000
    outer loop
      vertex  0.000000e+000  2.253396e+000 -1.980456e+000
      vertex  0.000000e+000  1.201103e+000 -1.902591e+000
      vertex  0.000000e+000  1.311704e+000 -1.828095e+000
    endloop
  endfacet
  facet normal -1.000000e+000  0.000000e+000  0.000000e+000
    outer loop
      vertex  0.000000e+000  2.253396e+000 -1.980456e+000
      vertex  0.000000e+000  1.311704e+000 -1.828095e+000
      vertex  0.000000e+000  2.352360e+000 -1.861828e+000
    endloop
  endfacet
  facet normal -1.000000e+000  0.000000e+000  0.000000e+000
    outer loop
      vertex  0.000000e+000  2.352360e+000 -1.861828e+000
      vertex  0.000000e+000  1.311704e+000 -1.828095e+000
      vertex  0.000000e+000  1.417698e+000 -1.747179e+000
    endloop
  endfacet
  facet normal -1.000000e+000  0.000000e+000  0.000000e+000
    outer loop
      vertex  0.000000e+000  2.352360e+000 -1.861828e+000
      vertex  0.000000e+000  1.417698e+000 -1.747179e+000
      vertex  0.000000e+000  2.445085e+000 -1.738263e+000
    endloop
  endfacet
  facet normal -1.000000e+000  0.000000e+000  -0.000000e+000
    outer loop
      vertex  0.000000e+000  8.456120e-001 -2.085052e+000
      vertex  0.000000e+000  9.676467e-001 -2.031295e+000
      vertex  0.000000e+000  2.148457e+000 -2.093832e+000
    endloop
  endfacet
  facet normal -1.000000e+000  0.000000e+000  0.000000e+000
    outer loop
      vertex  0.000000e+000  2.148457e+000 -2.093832e+000
      vertex  0.000000e+000  9.676467e-001 -2.031295e+000
      vertex  0.000000e+000  1.086282e+000 -1.970404e+000
    endloop
  endfacet
  facet normal -1.000000e+000  0.000000e+000  0.000000e+000
    outer loop
      vertex  0.000000e+000  2.148457e+000 -2.093832e+000
      vertex  0.000000e+000  1.086282e+000 -1.970404e+000
      vertex  0.000000e+000  2.253396e+000 -1.980456e+000
    endloop
  endfacet
  facet normal -1.000000e+000  0.000000e+000  -0.000000e+000
    outer loop
      vertex  0.000000e+000  5.930711e-001 -2.170430e+000
      vertex  0.000000e+000  7.206072e-001 -2.131484e+000
      vertex  0.000000e+000  2.037820e+000 -2.201656e+000
    endloop
  endfacet
  facet normal -1.000000e+000  0.000000e+000  0.000000e+000
    outer loop
      vertex  0.000000e+000  2.037820e+000 -2.201656e+000
      vertex  0.000000e+000  7.206072e-001 -2.131484e+000
      vertex  0.000000e+000  8.456120e-001 -2.085052e+000
    endloop
  endfacet
  facet normal -1.000000e+000  0.000000e+000  0.000000e+000
    outer loop
      vertex  0.000000e+000  2.037820e+000 -2.201656e+000
      vertex  0.000000e+000  8.456120e-001 -2.085052e+000
      vertex  0.000000e+000  2.148457e+000 -2.093832e+000
    endloop
  endfacet
  facet normal -1.000000e+000  -0.000000e+000  0.000000e+000
    outer loop
      vertex  0.000000e+000  5.930711e-001 -2.170430e+000
      vertex  0.000000e+000  2.037820e+000 -2.201656e+000
      vertex  0.000000e+000  4.634519e-001 -2.201752e+000
    endloop
  endfacet
  facet normal -1.000000e+000  0.000000e+000  0.000000e+000
    outer loop
      vertex  0.000000e+000  4.634519e-001 -2.201752e+000
      vertex  0.000000e+000  2.037820e+000 -2.201656e+000
      vertex  0.000000e+000  1.921780e+000 -2.303641e+000
    endloop
  endfacet
  facet normal -1.000000e+000  0.000000e+000  0.000000e+000
    outer loop
      vertex  0.000000e+000  4.634519e-001 -2.201752e+000
      vertex  0.000000e+000  1.921780e+000 -2.303641e+000
      vertex  0.000000e+000  3.322048e-001 -2.225340e+000
    endloop
  endfacet
  facet normal  0.000000e+000  5.924082e-002 -9.982437e-001
    outer loop
      vertex  0.000000e+000 -6.667498e-002  2.249012e+000
      vertex  8.000000e-001 -1.997908e-001  2.241112e+000
      vertex  0.000000e+000 -1.997908e-001  2.241112e+000
    endloop
  endfacet
  facet normal  0.000000e+000  1.182742e-001 -9.929810e-001
    outer loop
      vertex  0.000000e+000 -1.997908e-001  2.241112e+000
      vertex  8.000000e-001 -1.997908e-001  2.241112e+000
      vertex  8.000000e-001 -3.322048e-001  2.225340e+000
    endloop
  endfacet
  facet normal  0.000000e+000  1.182742e-001 -9.929810e-001
    outer loop
      vertex  0.000000e+000 -1.997908e-001  2.241112e+000
      vertex  8.000000e-001 -3.322048e-001  2.225340e+000
      vertex  0.000000e+000 -3.322048e-001  2.225340e+000
    endloop
  endfacet
  facet normal  0.000000e+000  1.768893e-001 -9.842308e-001
    outer loop
      vertex  0.000000e+000 -3.322048e-001  2.225340e+000
      vertex  8.000000e-001 -3.322048e-001  2.225340e+000
      vertex  8.000000e-001 -4.634519e-001  2.201752e+000
    endloop
  endfacet
  facet normal  0.000000e+000  1.768893e-001 -9.842308e-001
    outer loop
      vertex  0.000000e+000 -3.322048e-001  2.225340e+000
      vertex  8.000000e-001 -4.634519e-001  2.201752e+000
      vertex  0.000000e+000 -4.634519e-001  2.201752e+000
    endloop
  endfacet
  facet normal  0.000000e+000  2.348874e-001 -9.720225e-001
    outer loop
      vertex  0.000000e+000 -4.634519e-001  2.201752e+000
      vertex  8.000000e-001 -4.634519e-001  2.201752e+000
      vertex  8.000000e-001 -5.930711e-001  2.170430e+000
    endloop
  endfacet
  facet normal  0.000000e+000  2.348874e-001 -9.720225e-001
    outer loop
      vertex  0.000000e+000 -4.634519e-001  2.201752e+000
      vertex  8.000000e-001 -5.930711e-001  2.170430e+000
      vertex  0.000000e+000 -5.930711e-001  2.170430e+000
    endloop
  endfacet
  facet normal  0.000000e+000  2.920561e-001 -9.564012e-001
    outer loop
      vertex  0.000000e+000 -5.930711e-001  2.170430e+000
      vertex  8.000000e-001 -5.930711e-001  2.170430e+000
      vertex  8.000000e-001 -7.206072e-001  2.131484e+000
    endloop
  endfacet
  facet normal  0.000000e+000  2.920561e-001 -9.564012e-001
    outer loop
      vertex  0.000000e+000 -5.930711e-001  2.170430e+000
      vertex  8.000000e-001 -7.206072e-001  2.131484e+000
      vertex  0.000000e+000 -7.206072e-001  2.131484e+000
    endloop
  endfacet
  facet normal  0.000000e+000  3.482020e-001 -9.374196e-001
    outer loop
      vertex  0.000000e+000 -7.206072e-001  2.131484e+000
      vertex  8.000000e-001 -7.206072e-001  2.131484e+000
      vertex  8.000000e-001 -8.456120e-001  2.085052e+000
    endloop
  endfacet
  facet normal  0.000000e+000  3.482020e-001 -9.374196e-001
    outer loop
      vertex  0.000000e+000 -7.206072e-001  2.131484e+000
      vertex  8.000000e-001 -8.456120e-001  2.085052e+000
      vertex  0.000000e+000 -8.456120e-001  2.085052e+000
    endloop
  endfacet
  facet normal  0.000000e+000  4.031232e-001 -9.151457e-001
    outer loop
      vertex  0.000000e+000 -8.456120e-001  2.085052e+000
      vertex  8.000000e-001 -8.456120e-001  2.085052e+000
      vertex  8.000000e-001 -9.676467e-001  2.031295e+000
    endloop
  endfacet
  facet normal  0.000000e+000  4.031232e-001 -9.151457e-001
    outer loop
      vertex  0.000000e+000 -8.456120e-001  2.085052e+000
      vertex  8.000000e-001 -9.676467e-001  2.031295e+000
      vertex  0.000000e+000 -9.676467e-001  2.031295e+000
    endloop
  endfacet
  facet normal  0.000000e+000  4.566286e-001 -8.896575e-001
    outer loop
      vertex  0.000000e+000 -9.676467e-001  2.031295e+000
      vertex  8.000000e-001 -9.676467e-001  2.031295e+000
      vertex  8.000000e-001 -1.086282e+000  1.970404e+000
    endloop
  endfacet
  facet normal  0.000000e+000  4.566286e-001 -8.896575e-001
    outer loop
      vertex  0.000000e+000 -9.676467e-001  2.031295e+000
      vertex  8.000000e-001 -1.086282e+000  1.970404e+000
      vertex  0.000000e+000 -1.086282e+000  1.970404e+000
    endloop
  endfacet
  facet normal  0.000000e+000  5.085316e-001 -8.610433e-001
    outer loop
      vertex  0.000000e+000 -1.086282e+000  1.970404e+000
      vertex  8.000000e-001 -1.086282e+000  1.970404e+000
      vertex  8.000000e-001 -1.201103e+000  1.902591e+000
    endloop
  endfacet
  facet normal  0.000000e+000  5.085316e-001 -8.610433e-001
    outer loop
      vertex  0.000000e+000 -1.086282e+000  1.970404e+000
      vertex  8.000000e-001 -1.201103e+000  1.902591e+000
      vertex  0.000000e+000 -1.201103e+000  1.902591e+000
    endloop
  endfacet
  facet normal  0.000000e+000  5.586470e-001 -8.294055e-001
    outer loop
      vertex  0.000000e+000 -1.201103e+000  1.902591e+000
      vertex  8.000000e-001 -1.201103e+000  1.902591e+000
      vertex  8.000000e-001 -1.311704e+000  1.828095e+000
    endloop
  endfacet
  facet normal  0.000000e+000  5.586470e-001 -8.294055e-001
    outer loop
      vertex  0.000000e+000 -1.201103e+000  1.902591e+000
      vertex  8.000000e-001 -1.311704e+000  1.828095e+000
      vertex  0.000000e+000 -1.311704e+000  1.828095e+000
    endloop
  endfacet
  facet normal  0.000000e+000  6.067999e-001 -7.948547e-001
    outer loop
      vertex  0.000000e+000 -1.311704e+000  1.828095e+000
      vertex  8.000000e-001 -1.311704e+000  1.828095e+000
      vertex  8.000000e-001 -1.417698e+000  1.747179e+000
    endloop
  endfacet
  facet normal  0.000000e+000  6.067999e-001 -7.948547e-001
    outer loop
      vertex  0.000000e+000 -1.311704e+000  1.828095e+000
      vertex  8.000000e-001 -1.417698e+000  1.747179e+000
      vertex  0.000000e+000 -1.417698e+000  1.747179e+000
    endloop
  endfacet
  facet normal  0.000000e+000  6.528218e-001 -7.575115e-001
    outer loop
      vertex  0.000000e+000 -1.417698e+000  1.747179e+000
      vertex  8.000000e-001 -1.417698e+000  1.747179e+000
      vertex  8.000000e-001 -1.518712e+000  1.660125e+000
    endloop
  endfacet
  facet normal  0.000000e+000  6.528218e-001 -7.575115e-001
    outer loop
      vertex  0.000000e+000 -1.417698e+000  1.747179e+000
      vertex  8.000000e-001 -1.518712e+000  1.660125e+000
      vertex  0.000000e+000 -1.518712e+000  1.660125e+000
    endloop
  endfacet
  facet normal  0.000000e+000  6.965515e-001 -7.175068e-001
    outer loop
      vertex  0.000000e+000 -1.518712e+000  1.660125e+000
      vertex  8.000000e-001 -1.518712e+000  1.660125e+000
      vertex  8.000000e-001 -1.614391e+000  1.567240e+000
    endloop
  endfacet
  facet normal  0.000000e+000  6.965515e-001 -7.175068e-001
    outer loop
      vertex  0.000000e+000 -1.518712e+000  1.660125e+000
      vertex  8.000000e-001 -1.614391e+000  1.567240e+000
      vertex  0.000000e+000 -1.614391e+000  1.567240e+000
    endloop
  endfacet
  facet normal  0.000000e+000  7.378330e-001 -6.749833e-001
    outer loop
      vertex  0.000000e+000 -1.614391e+000  1.567240e+000
      vertex  8.000000e-001 -1.614391e+000  1.567240e+000
      vertex  8.000000e-001 -1.704400e+000  1.468850e+000
    endloop
  endfacet
  facet normal  0.000000e+000  7.378330e-001 -6.749833e-001
    outer loop
      vertex  0.000000e+000 -1.614391e+000  1.567240e+000
      vertex  8.000000e-001 -1.704400e+000  1.468850e+000
      vertex  0.000000e+000 -1.704400e+000  1.468850e+000
    endloop
  endfacet
  facet normal  0.000000e+000  7.765241e-001 -6.300875e-001
    outer loop
      vertex  0.000000e+000 -1.704400e+000  1.468850e+000
      vertex  8.000000e-001 -1.704400e+000  1.468850e+000
      vertex  8.000000e-001 -1.788422e+000  1.365300e+000
    endloop
  endfacet
  facet normal  0.000000e+000  7.765241e-001 -6.300875e-001
    outer loop
      vertex  0.000000e+000 -1.704400e+000  1.468850e+000
      vertex  8.000000e-001 -1.788422e+000  1.365300e+000
      vertex  0.000000e+000 -1.788422e+000  1.365300e+000
    endloop
  endfacet
  facet normal  0.000000e+000  8.124866e-001 -5.829798e-001
    outer loop
      vertex  0.000000e+000 -1.788422e+000  1.365300e+000
      vertex  8.000000e-001 -1.788422e+000  1.365300e+000
      vertex  8.000000e-001 -1.866163e+000  1.256955e+000
    endloop
  endfacet
  facet normal  0.000000e+000  8.124866e-001 -5.829798e-001
    outer loop
      vertex  0.000000e+000 -1.788422e+000  1.365300e+000
      vertex  8.000000e-001 -1.866163e+000  1.256955e+000
      vertex  0.000000e+000 -1.866163e+000  1.256955e+000
    endloop
  endfacet
  facet normal  0.000000e+000  8.455961e-001 -5.338231e-001
    outer loop
      vertex  0.000000e+000 -1.866163e+000  1.256955e+000
      vertex  8.000000e-001 -1.866163e+000  1.256955e+000
      vertex  8.000000e-001 -1.937348e+000  1.144195e+000
    endloop
  endfacet
  facet normal  0.000000e+000  8.455961e-001 -5.338231e-001
    outer loop
      vertex  0.000000e+000 -1.866163e+000  1.256955e+000
      vertex  8.000000e-001 -1.937348e+000  1.144195e+000
      vertex  0.000000e+000 -1.937348e+000  1.144195e+000
    endloop
  endfacet
  facet normal  0.000000e+000  8.757346e-001 -4.827927e-001
    outer loop
      vertex  0.000000e+000 -1.937348e+000  1.144195e+000
      vertex  8.000000e-001 -1.937348e+000  1.144195e+000
      vertex  8.000000e-001 -2.001729e+000  1.027416e+000
    endloop
  endfacet
  facet normal  0.000000e+000  8.757346e-001 -4.827927e-001
    outer loop
      vertex  0.000000e+000 -1.937348e+000  1.144195e+000
      vertex  8.000000e-001 -2.001729e+000  1.027416e+000
      vertex  0.000000e+000 -2.001729e+000  1.027416e+000
    endloop
  endfacet
  facet normal  0.000000e+000  9.027978e-001 -4.300655e-001
    outer loop
      vertex  0.000000e+000 -2.001729e+000  1.027416e+000
      vertex  8.000000e-001 -2.001729e+000  1.027416e+000
      vertex  8.000000e-001 -2.059078e+000  9.070277e-001
    endloop
  endfacet
  facet normal  0.000000e+000  9.027978e-001 -4.300655e-001
    outer loop
      vertex  0.000000e+000 -2.001729e+000  1.027416e+000
      vertex  8.000000e-001 -2.059078e+000  9.070277e-001
      vertex  0.000000e+000 -2.059078e+000  9.070277e-001
    endloop
  endfacet
  facet normal  0.000000e+000  9.266897e-001 -3.758273e-001
    outer loop
      vertex  0.000000e+000 -2.059078e+000  9.070277e-001
      vertex  8.000000e-001 -2.059078e+000  9.070277e-001
      vertex  8.000000e-001 -2.109194e+000  7.834537e-001
    endloop
  endfacet
  facet normal  0.000000e+000  9.266897e-001 -3.758273e-001
    outer loop
      vertex  0.000000e+000 -2.059078e+000  9.070277e-001
      vertex  8.000000e-001 -2.109194e+000  7.834537e-001
      vertex  0.000000e+000 -2.109194e+000  7.834537e-001
    endloop
  endfacet
  facet normal  0.000000e+000  9.473265e-001 -3.202695e-001
    outer loop
      vertex  0.000000e+000 -2.109194e+000  7.834537e-001
      vertex  8.000000e-001 -2.109194e+000  7.834537e-001
      vertex  8.000000e-001 -2.151902e+000  6.571277e-001
    endloop
  endfacet
  facet normal  0.000000e+000  9.473265e-001 -3.202695e-001
    outer loop
      vertex  0.000000e+000 -2.109194e+000  7.834537e-001
      vertex  8.000000e-001 -2.151902e+000  6.571277e-001
      vertex  0.000000e+000 -2.151902e+000  6.571277e-001
    endloop
  endfacet
  facet normal  0.000000e+000  9.646356e-001 -2.635871e-001
    outer loop
      vertex  0.000000e+000 -2.151902e+000  6.571277e-001
      vertex  8.000000e-001 -2.151902e+000  6.571277e-001
      vertex  8.000000e-001 -2.187052e+000  5.284936e-001
    endloop
  endfacet
  facet normal  0.000000e+000  9.646356e-001 -2.635871e-001
    outer loop
      vertex  0.000000e+000 -2.151902e+000  6.571277e-001
      vertex  8.000000e-001 -2.187052e+000  5.284936e-001
      vertex  0.000000e+000 -2.187052e+000  5.284936e-001
    endloop
  endfacet
  facet normal  0.000000e+000  9.785565e-001 -2.059787e-001
    outer loop
      vertex  0.000000e+000 -2.187052e+000  5.284936e-001
      vertex  8.000000e-001 -2.187052e+000  5.284936e-001
      vertex  8.000000e-001 -2.214519e+000  3.980031e-001
    endloop
  endfacet
  facet normal  0.000000e+000  9.785565e-001 -2.059787e-001
    outer loop
      vertex  0.000000e+000 -2.187052e+000  5.284936e-001
      vertex  8.000000e-001 -2.214519e+000  3.980031e-001
      vertex  0.000000e+000 -2.214519e+000  3.980031e-001
    endloop
  endfacet
  facet normal  0.000000e+000  9.890403e-001 -1.476461e-001
    outer loop
      vertex  0.000000e+000 -2.214519e+000  3.980031e-001
      vertex  8.000000e-001 -2.214519e+000  3.980031e-001
      vertex  8.000000e-001 -2.234207e+000  2.661146e-001
    endloop
  endfacet
  facet normal  0.000000e+000  9.890403e-001 -1.476461e-001
    outer loop
      vertex  0.000000e+000 -2.214519e+000  3.980031e-001
      vertex  8.000000e-001 -2.234207e+000  2.661146e-001
      vertex  0.000000e+000 -2.234207e+000  2.661146e-001
    endloop
  endfacet
  facet normal  0.000000e+000  9.960498e-001 -8.879685e-002
    outer loop
      vertex  0.000000e+000 -2.234207e+000  2.661146e-001
      vertex  8.000000e-001 -2.234207e+000  2.661146e-001
      vertex  8.000000e-001 -2.246048e+000  1.332914e-001
    endloop
  endfacet
  facet normal  0.000000e+000  9.960498e-001 -8.879685e-002
    outer loop
      vertex  0.000000e+000 -2.234207e+000  2.661146e-001
      vertex  8.000000e-001 -2.246048e+000  1.332914e-001
      vertex  0.000000e+000 -2.246048e+000  1.332914e-001
    endloop
  endfacet
  facet normal  0.000000e+000  9.995609e-001 -2.963293e-002
    outer loop
      vertex  0.000000e+000 -2.246048e+000  1.332914e-001
      vertex  8.000000e-001 -2.246048e+000  1.332914e-001
      vertex  8.000000e-001 -2.250000e+000  2.755364e-016
    endloop
  endfacet
  facet normal  0.000000e+000  9.995609e-001 -2.963293e-002
    outer loop
      vertex  0.000000e+000 -2.246048e+000  1.332914e-001
      vertex  8.000000e-001 -2.250000e+000  2.755364e-016
      vertex  0.000000e+000 -2.250000e+000  2.755364e-016
    endloop
  endfacet
  facet normal  0.000000e+000  5.924082e-002 -9.982437e-001
    outer loop
      vertex  8.000000e-001 -1.997908e-001  2.241112e+000
      vertex  0.000000e+000 -6.667498e-002  2.249012e+000
      vertex  8.000000e-001 -6.667498e-002  2.249012e+000
    endloop
  endfacet
  facet normal  0.000000e+000  0.000000e+000 -1.000000e+000
    outer loop
      vertex  8.000000e-001 -6.667498e-002  2.249012e+000
      vertex  0.000000e+000 -6.667498e-002  2.249012e+000
      vertex  0.000000e+000  6.667498e-002  2.249012e+000
    endloop
  endfacet
  facet normal  0.000000e+000  0.000000e+000 -1.000000e+000
    outer loop
      vertex  8.000000e-001 -6.667498e-002  2.249012e+000
      vertex  0.000000e+000  6.667498e-002  2.249012e+000
      vertex  8.000000e-001  6.667498e-002  2.249012e+000
    endloop
  endfacet
  facet normal  -0.000000e+000 -5.924082e-002 -9.982437e-001
    outer loop
      vertex  8.000000e-001  6.667498e-002  2.249012e+000
      vertex  0.000000e+000  6.667498e-002  2.249012e+000
      vertex  0.000000e+000  1.997908e-001  2.241112e+000
    endloop
  endfacet
  facet normal  0.000000e+000 -5.924082e-002 -9.982437e-001
    outer loop
      vertex  8.000000e-001  6.667498e-002  2.249012e+000
      vertex  0.000000e+000  1.997908e-001  2.241112e+000
      vertex  8.000000e-001  1.997908e-001  2.241112e+000
    endloop
  endfacet
  facet normal  -0.000000e+000 -1.182742e-001 -9.929810e-001
    outer loop
      vertex  8.000000e-001  1.997908e-001  2.241112e+000
      vertex  0.000000e+000  1.997908e-001  2.241112e+000
      vertex  0.000000e+000  3.322048e-001  2.225340e+000
    endloop
  endfacet
  facet normal  0.000000e+000 -1.182742e-001 -9.929810e-001
    outer loop
      vertex  8.000000e-001  1.997908e-001  2.241112e+000
      vertex  0.000000e+000  3.322048e-001  2.225340e+000
      vertex  8.000000e-001  3.322048e-001  2.225340e+000
    endloop
  endfacet
  facet normal  -0.000000e+000 -1.768893e-001 -9.842308e-001
    outer loop
      vertex  8.000000e-001  3.322048e-001  2.225340e+000
      vertex  0.000000e+000  3.322048e-001  2.225340e+000
      vertex  0.000000e+000  4.634519e-001  2.201752e+000
    endloop
  endfacet
  facet normal  0.000000e+000 -1.768893e-001 -9.842308e-001
    outer loop
      vertex  8.000000e-001  3.322048e-001  2.225340e+000
      vertex  0.000000e+000  4.634519e-001  2.201752e+000
      vertex  8.000000e-001  4.634519e-001  2.201752e+000
    endloop
  endfacet
  facet normal  -0.000000e+000 -2.348874e-001 -9.720225e-001
    outer loop
      vertex  8.000000e-001  4.634519e-001  2.201752e+000
      vertex  0.000000e+000  4.634519e-001  2.201752e+000
      vertex  0.000000e+000  5.930711e-001  2.170430e+000
    endloop
  endfacet
  facet normal  0.000000e+000 -2.348874e-001 -9.720225e-001
    outer loop
      vertex  8.000000e-001  4.634519e-001  2.201752e+000
      vertex  0.000000e+000  5.930711e-001  2.170430e+000
      vertex  8.000000e-001  5.930711e-001  2.170430e+000
    endloop
  endfacet
  facet normal  -0.000000e+000 -2.920561e-001 -9.564012e-001
    outer loop
      vertex  8.000000e-001  5.930711e-001  2.170430e+000
      vertex  0.000000e+000  5.930711e-001  2.170430e+000
      vertex  0.000000e+000  7.206072e-001  2.131484e+000
    endloop
  endfacet
  facet normal  0.000000e+000 -2.920561e-001 -9.564012e-001
    outer loop
      vertex  8.000000e-001  5.930711e-001  2.170430e+000
      vertex  0.000000e+000  7.206072e-001  2.131484e+000
      vertex  8.000000e-001  7.206072e-001  2.131484e+000
    endloop
  endfacet
  facet normal  -0.000000e+000 -3.482020e-001 -9.374196e-001
    outer loop
      vertex  8.000000e-001  7.206072e-001  2.131484e+000
      vertex  0.000000e+000  7.206072e-001  2.131484e+000
      vertex  0.000000e+000  8.456120e-001  2.085052e+000
    endloop
  endfacet
  facet normal  0.000000e+000 -3.482020e-001 -9.374196e-001
    outer loop
      vertex  8.000000e-001  7.206072e-001  2.131484e+000
      vertex  0.000000e+000  8.456120e-001  2.085052e+000
      vertex  8.000000e-001  8.456120e-001  2.085052e+000
    endloop
  endfacet
  facet normal  -0.000000e+000 -4.031232e-001 -9.151457e-001
    outer loop
      vertex  8.000000e-001  8.456120e-001  2.085052e+000
      vertex  0.000000e+000  8.456120e-001  2.085052e+000
      vertex  0.000000e+000  9.676467e-001  2.031295e+000
    endloop
  endfacet
  facet normal  0.000000e+000 -4.031232e-001 -9.151457e-001
    outer loop
      vertex  8.000000e-001  8.456120e-001  2.085052e+000
      vertex  0.000000e+000  9.676467e-001  2.031295e+000
      vertex  8.000000e-001  9.676467e-001  2.031295e+000
    endloop
  endfacet
  facet normal  -0.000000e+000 -4.566286e-001 -8.896575e-001
    outer loop
      vertex  8.000000e-001  9.676467e-001  2.031295e+000
      vertex  0.000000e+000  9.676467e-001  2.031295e+000
      vertex  0.000000e+000  1.086282e+000  1.970404e+000
    endloop
  endfacet
  facet normal  0.000000e+000 -4.566286e-001 -8.896575e-001
    outer loop
      vertex  8.000000e-001  9.676467e-001  2.031295e+000
      vertex  0.000000e+000  1.086282e+000  1.970404e+000
      vertex  8.000000e-001  1.086282e+000  1.970404e+000
    endloop
  endfacet
  facet normal  -0.000000e+000 -5.085316e-001 -8.610433e-001
    outer loop
      vertex  8.000000e-001  1.086282e+000  1.970404e+000
      vertex  0.000000e+000  1.086282e+000  1.970404e+000
      vertex  0.000000e+000  1.201103e+000  1.902591e+000
    endloop
  endfacet
  facet normal  0.000000e+000 -5.085316e-001 -8.610433e-001
    outer loop
      vertex  8.000000e-001  1.086282e+000  1.970404e+000
      vertex  0.000000e+000  1.201103e+000  1.902591e+000
      vertex  8.000000e-001  1.201103e+000  1.902591e+000
    endloop
  endfacet
  facet normal  -0.000000e+000 -5.586470e-001 -8.294055e-001
    outer loop
      vertex  8.000000e-001  1.201103e+000  1.902591e+000
      vertex  0.000000e+000  1.201103e+000  1.902591e+000
      vertex  0.000000e+000  1.311704e+000  1.828095e+000
    endloop
  endfacet
  facet normal  0.000000e+000 -5.586470e-001 -8.294055e-001
    outer loop
      vertex  8.000000e-001  1.201103e+000  1.902591e+000
      vertex  0.000000e+000  1.311704e+000  1.828095e+000
      vertex  8.000000e-001  1.311704e+000  1.828095e+000
    endloop
  endfacet
  facet normal  -0.000000e+000 -6.067999e-001 -7.948547e-001
    outer loop
      vertex  8.000000e-001  1.311704e+000  1.828095e+000
      vertex  0.000000e+000  1.311704e+000  1.828095e+000
      vertex  0.000000e+000  1.417698e+000  1.747179e+000
    endloop
  endfacet
  facet normal  0.000000e+000 -6.067999e-001 -7.948547e-001
    outer loop
      vertex  8.000000e-001  1.311704e+000  1.828095e+000
      vertex  0.000000e+000  1.417698e+000  1.747179e+000
      vertex  8.000000e-001  1.417698e+000  1.747179e+000
    endloop
  endfacet
  facet normal  -0.000000e+000 -6.528218e-001 -7.575115e-001
    outer loop
      vertex  8.000000e-001  1.417698e+000  1.747179e+000
      vertex  0.000000e+000  1.417698e+000  1.747179e+000
      vertex  0.000000e+000  1.518712e+000  1.660125e+000
    endloop
  endfacet
  facet normal  0.000000e+000 -6.528218e-001 -7.575115e-001
    outer loop
      vertex  8.000000e-001  1.417698e+000  1.747179e+000
      vertex  0.000000e+000  1.518712e+000  1.660125e+000
      vertex  8.000000e-001  1.518712e+000  1.660125e+000
    endloop
  endfacet
  facet normal  -0.000000e+000 -6.965515e-001 -7.175068e-001
    outer loop
      vertex  8.000000e-001  1.518712e+000  1.660125e+000
      vertex  0.000000e+000  1.518712e+000  1.660125e+000
      vertex  0.000000e+000  1.614391e+000  1.567240e+000
    endloop
  endfacet
  facet normal  0.000000e+000 -6.965515e-001 -7.175068e-001
    outer loop
      vertex  8.000000e-001  1.518712e+000  1.660125e+000
      vertex  0.000000e+000  1.614391e+000  1.567240e+000
      vertex  8.000000e-001  1.614391e+000  1.567240e+000
    endloop
  endfacet
  facet normal  -0.000000e+000 -7.378330e-001 -6.749833e-001
    outer loop
      vertex  8.000000e-001  1.614391e+000  1.567240e+000
      vertex  0.000000e+000  1.614391e+000  1.567240e+000
      vertex  0.000000e+000  1.704400e+000  1.468850e+000
    endloop
  endfacet
  facet normal  0.000000e+000 -7.378330e-001 -6.749833e-001
    outer loop
      vertex  8.000000e-001  1.614391e+000  1.567240e+000
      vertex  0.000000e+000  1.704400e+000  1.468850e+000
      vertex  8.000000e-001  1.704400e+000  1.468850e+000
    endloop
  endfacet
  facet normal  -0.000000e+000 -7.765241e-001 -6.300875e-001
    outer loop
      vertex  8.000000e-001  1.704400e+000  1.468850e+000
      vertex  0.000000e+000  1.704400e+000  1.468850e+000
      vertex  0.000000e+000  1.788422e+000  1.365300e+000
    endloop
  endfacet
  facet normal  0.000000e+000 -7.765241e-001 -6.300875e-001
    outer loop
      vertex  8.000000e-001  1.704400e+000  1.468850e+000
      vertex  0.000000e+000  1.788422e+000  1.365300e+000
      vertex  8.000000e-001  1.788422e+000  1.365300e+000
    endloop
  endfacet
  facet normal  -0.000000e+000 -8.124866e-001 -5.829798e-001
    outer loop
      vertex  8.000000e-001  1.788422e+000  1.365300e+000
      vertex  0.000000e+000  1.788422e+000  1.365300e+000
      vertex  0.000000e+000  1.866163e+000  1.256955e+000
    endloop
  endfacet
  facet normal  0.000000e+000 -8.124866e-001 -5.829798e-001
    outer loop
      vertex  8.000000e-001  1.788422e+000  1.365300e+000
      vertex  0.000000e+000  1.866163e+000  1.256955e+000
      vertex  8.000000e-001  1.866163e+000  1.256955e+000
    endloop
  endfacet
  facet normal  -0.000000e+000 -8.455961e-001 -5.338231e-001
    outer loop
      vertex  8.000000e-001  1.866163e+000  1.256955e+000
      vertex  0.000000e+000  1.866163e+000  1.256955e+000
      vertex  0.000000e+000  1.937348e+000  1.144195e+000
    endloop
  endfacet
  facet normal  0.000000e+000 -8.455961e-001 -5.338231e-001
    outer loop
      vertex  8.000000e-001  1.866163e+000  1.256955e+000
      vertex  0.000000e+000  1.937348e+000  1.144195e+000
      vertex  8.000000e-001  1.937348e+000  1.144195e+000
    endloop
  endfacet
  facet normal  -0.000000e+000 -8.757346e-001 -4.827927e-001
    outer loop
      vertex  8.000000e-001  1.937348e+000  1.144195e+000
      vertex  0.000000e+000  1.937348e+000  1.144195e+000
      vertex  0.000000e+000  2.001729e+000  1.027416e+000
    endloop
  endfacet
  facet normal  0.000000e+000 -8.757346e-001 -4.827927e-001
    outer loop
      vertex  8.000000e-001  1.937348e+000  1.144195e+000
      vertex  0.000000e+000  2.001729e+000  1.027416e+000
      vertex  8.000000e-001  2.001729e+000  1.027416e+000
    endloop
  endfacet
  facet normal  -0.000000e+000 -9.027978e-001 -4.300655e-001
    outer loop
      vertex  8.000000e-001  2.001729e+000  1.027416e+000
      vertex  0.000000e+000  2.001729e+000  1.027416e+000
      vertex  0.000000e+000  2.059078e+000  9.070277e-001
    endloop
  endfacet
  facet normal  0.000000e+000 -9.027978e-001 -4.300655e-001
    outer loop
      vertex  8.000000e-001  2.001729e+000  1.027416e+000
      vertex  0.000000e+000  2.059078e+000  9.070277e-001
      vertex  8.000000e-001  2.059078e+000  9.070277e-001
    endloop
  endfacet
  facet normal  -0.000000e+000 -9.266897e-001 -3.758273e-001
    outer loop
      vertex  8.000000e-001  2.059078e+000  9.070277e-001
      vertex  0.000000e+000  2.059078e+000  9.070277e-001
      vertex  0.000000e+000  2.109194e+000  7.834537e-001
    endloop
  endfacet
  facet normal  0.000000e+000 -9.266897e-001 -3.758273e-001
    outer loop
      vertex  8.000000e-001  2.059078e+000  9.070277e-001
      vertex  0.000000e+000  2.109194e+000  7.834537e-001
      vertex  8.000000e-001  2.109194e+000  7.834537e-001
    endloop
  endfacet
  facet normal  -0.000000e+000 -9.473265e-001 -3.202695e-001
    outer loop
      vertex  8.000000e-001  2.109194e+000  7.834537e-001
      vertex  0.000000e+000  2.109194e+000  7.834537e-001
      vertex  0.000000e+000  2.151902e+000  6.571277e-001
    endloop
  endfacet
  facet normal  0.000000e+000 -9.473265e-001 -3.202695e-001
    outer loop
      vertex  8.000000e-001  2.109194e+000  7.834537e-001
      vertex  0.000000e+000  2.151902e+000  6.571277e-001
      vertex  8.000000e-001  2.151902e+000  6.571277e-001
    endloop
  endfacet
  facet normal  -0.000000e+000 -9.646356e-001 -2.635871e-001
    outer loop
      vertex  8.000000e-001  2.151902e+000  6.571277e-001
      vertex  0.000000e+000  2.151902e+000  6.571277e-001
      vertex  0.000000e+000  2.187052e+000  5.284936e-001
    endloop
  endfacet
  facet normal  0.000000e+000 -9.646356e-001 -2.635871e-001
    outer loop
      vertex  8.000000e-001  2.151902e+000  6.571277e-001
      vertex  0.000000e+000  2.187052e+000  5.284936e-001
      vertex  8.000000e-001  2.187052e+000  5.284936e-001
    endloop
  endfacet
  facet normal  -0.000000e+000 -9.785565e-001 -2.059787e-001
    outer loop
      vertex  8.000000e-001  2.187052e+000  5.284936e-001
      vertex  0.000000e+000  2.187052e+000  5.284936e-001
      vertex  0.000000e+000  2.214519e+000  3.980031e-001
    endloop
  endfacet
  facet normal  0.000000e+000 -9.785565e-001 -2.059787e-001
    outer loop
      vertex  8.000000e-001  2.187052e+000  5.284936e-001
      vertex  0.000000e+000  2.214519e+000  3.980031e-001
      vertex  8.000000e-001  2.214519e+000  3.980031e-001
    endloop
  endfacet
  facet normal  -0.000000e+000 -9.890403e-001 -1.476461e-001
    outer loop
      vertex  8.000000e-001  2.214519e+000  3.980031e-001
      vertex  0.000000e+000  2.214519e+000  3.980031e-001
      vertex  0.000000e+000  2.234207e+000  2.661146e-001
    endloop
  endfacet
  facet normal  0.000000e+000 -9.890403e-001 -1.476461e-001
    outer loop
      vertex  8.000000e-001  2.214519e+000  3.980031e-001
      vertex  0.000000e+000  2.234207e+000  2.661146e-001
      vertex  8.000000e-001  2.234207e+000  2.661146e-001
    endloop
  endfacet
  facet normal  -0.000000e+000 -9.960498e-001 -8.879685e-002
    outer loop
      vertex  8.000000e-001  2.234207e+000  2.661146e-001
      vertex  0.000000e+000  2.234207e+000  2.661146e-001
      vertex  0.000000e+000  2.246048e+000  1.332914e-001
    endloop
  endfacet
  facet normal  0.000000e+000 -9.960498e-001 -8.879685e-002
    outer loop
      vertex  8.000000e-001  2.234207e+000  2.661146e-001
      vertex  0.000000e+000  2.246048e+000  1.332914e-001
      vertex  8.000000e-001  2.246048e+000  1.332914e-001
    endloop
  endfacet
  facet normal  -0.000000e+000 -9.995609e-001 -2.963293e-002
    outer loop
      vertex  8.000000e-001  2.246048e+000  1.332914e-001
      vertex  0.000000e+000  2.246048e+000  1.332914e-001
      vertex  0.000000e+000  2.250000e+000  0.000000e+000
    endloop
  endfacet
  facet normal  0.000000e+000 -9.995609e-001 -2.963293e-002
    outer loop
      vertex  8.000000e-001  2.246048e+000  1.332914e-001
      vertex  0.000000e+000  2.250000e+000  0.000000e+000
      vertex  8.000000e-001  2.250000e+000  0.000000e+000
    endloop
  endfacet
  facet normal  0.000000e+000 -5.924082e-002  9.982437e-001
    outer loop
      vertex  0.000000e+000  6.667498e-002 -2.249012e+000
      vertex  8.000000e-001  1.997908e-001 -2.241112e+000
      vertex  0.000000e+000  1.997908e-001 -2.241112e+000
    endloop
  endfacet
  facet normal  0.000000e+000 -1.182742e-001  9.929810e-001
    outer loop
      vertex  0.000000e+000  1.997908e-001 -2.241112e+000
      vertex  8.000000e-001  1.997908e-001 -2.241112e+000
      vertex  8.000000e-001  3.322048e-001 -2.225340e+000
    endloop
  endfacet
  facet normal  0.000000e+000 -1.182742e-001  9.929810e-001
    outer loop
      vertex  0.000000e+000  1.997908e-001 -2.241112e+000
      vertex  8.000000e-001  3.322048e-001 -2.225340e+000
      vertex  0.000000e+000  3.322048e-001 -2.225340e+000
    endloop
  endfacet
  facet normal  0.000000e+000 -1.768893e-001  9.842308e-001
    outer loop
      vertex  0.000000e+000  3.322048e-001 -2.225340e+000
      vertex  8.000000e-001  3.322048e-001 -2.225340e+000
      vertex  8.000000e-001  4.634519e-001 -2.201752e+000
    endloop
  endfacet
  facet normal  0.000000e+000 -1.768893e-001  9.842308e-001
    outer loop
      vertex  0.000000e+000  3.322048e-001 -2.225340e+000
      vertex  8.000000e-001  4.634519e-001 -2.201752e+000
      vertex  0.000000e+000  4.634519e-001 -2.201752e+000
    endloop
  endfacet
  facet normal  0.000000e+000 -2.348874e-001  9.720225e-001
    outer loop
      vertex  0.000000e+000  4.634519e-001 -2.201752e+000
      vertex  8.000000e-001  4.634519e-001 -2.201752e+000
      vertex  8.000000e-001  5.930711e-001 -2.170430e+000
    endloop
  endfacet
  facet normal  0.000000e+000 -2.348874e-001  9.720225e-001
    outer loop
      vertex  0.000000e+000  4.634519e-001 -2.201752e+000
      vertex  8.000000e-001  5.930711e-001 -2.170430e+000
      vertex  0.000000e+000  5.930711e-001 -2.170430e+000
    endloop
  endfacet
  facet normal  0.000000e+000 -2.920561e-001  9.564012e-001
    outer loop
      vertex  0.000000e+000  5.930711e-001 -2.170430e+000
      vertex  8.000000e-001  5.930711e-001 -2.170430e+000
      vertex  8.000000e-001  7.206072e-001 -2.131484e+000
    endloop
  endfacet
  facet normal  0.000000e+000 -2.920561e-001  9.564012e-001
    outer loop
      vertex  0.000000e+000  5.930711e-001 -2.170430e+000
      vertex  8.000000e-001  7.206072e-001 -2.131484e+000
      vertex  0.000000e+000  7.206072e-001 -2.131484e+000
    endloop
  endfacet
  facet normal  0.000000e+000 -3.482020e-001  9.374196e-001
    outer loop
      vertex  0.000000e+000  7.206072e-001 -2.131484e+000
      vertex  8.000000e-001  7.206072e-001 -2.131484e+000
      vertex  8.000000e-001  8.456120e-001 -2.085052e+000
    endloop
  endfacet
  facet normal  0.000000e+000 -3.482020e-001  9.374196e-001
    outer loop
      vertex  0.000000e+000  7.206072e-001 -2.131484e+000
      vertex  8.000000e-001  8.456120e-001 -2.085052e+000
      vertex  0.000000e+000  8.456120e-001 -2.085052e+000
    endloop
  endfacet
  facet normal  0.000000e+000 -4.031232e-001  9.151457e-001
    outer loop
      vertex  0.000000e+000  8.456120e-001 -2.085052e+000
      vertex  8.000000e-001  8.456120e-001 -2.085052e+000
      vertex  8.000000e-001  9.676467e-001 -2.031295e+000
    endloop
  endfacet
  facet normal  0.000000e+000 -4.031232e-001  9.151457e-001
    outer loop
      vertex  0.000000e+000  8.456120e-001 -2.085052e+000
      vertex  8.000000e-001  9.676467e-001 -2.031295e+000
      vertex  0.000000e+000  9.676467e-001 -2.031295e+000
    endloop
  endfacet
  facet normal  0.000000e+000 -4.566286e-001  8.896575e-001
    outer loop
      vertex  0.000000e+000  9.676467e-001 -2.031295e+000
      vertex  8.000000e-001  9.676467e-001 -2.031295e+000
      vertex  8.000000e-001  1.086282e+000 -1.970404e+000
    endloop
  endfacet
  facet normal  0.000000e+000 -4.566286e-001  8.896575e-001
    outer loop
      vertex  0.000000e+000  9.676467e-001 -2.031295e+000
      vertex  8.000000e-001  1.086282e+000 -1.970404e+000
      vertex  0.000000e+000  1.086282e+000 -1.970404e+000
    endloop
  endfacet
  facet normal  0.000000e+000 -5.085316e-001  8.610433e-001
    outer loop
      vertex  0.000000e+000  1.086282e+000 -1.970404e+000
      vertex  8.000000e-001  1.086282e+000 -1.970404e+000
      vertex  8.000000e-001  1.201103e+000 -1.902591e+000
    endloop
  endfacet
  facet normal  0.000000e+000 -5.085316e-001  8.610433e-001
    outer loop
      vertex  0.000000e+000  1.086282e+000 -1.970404e+000
      vertex  8.000000e-001  1.201103e+000 -1.902591e+000
      vertex  0.000000e+000  1.201103e+000 -1.902591e+000
    endloop
  endfacet
  facet normal  0.000000e+000 -5.586470e-001  8.294055e-001
    outer loop
      vertex  0.000000e+000  1.201103e+000 -1.902591e+000
      vertex  8.000000e-001  1.201103e+000 -1.902591e+000
      vertex  8.000000e-001  1.311704e+000 -1.828095e+000
    endloop
  endfacet
  facet normal  0.000000e+000 -5.586470e-001  8.294055e-001
    outer loop
      vertex  0.000000e+000  1.201103e+000 -1.902591e+000
      vertex  8.000000e-001  1.311704e+000 -1.828095e+000
      vertex  0.000000e+000  1.311704e+000 -1.828095e+000
    endloop
  endfacet
  facet normal  0.000000e+000 -6.067999e-001  7.948547e-001
    outer loop
      vertex  0.000000e+000  1.311704e+000 -1.828095e+000
      vertex  8.000000e-001  1.311704e+000 -1.828095e+000
      vertex  8.000000e-001  1.417698e+000 -1.747179e+000
    endloop
  endfacet
  facet normal  0.000000e+000 -6.067999e-001  7.948547e-001
    outer loop
      vertex  0.000000e+000  1.311704e+000 -1.828095e+000
      vertex  8.000000e-001  1.417698e+000 -1.747179e+000
      vertex  0.000000e+000  1.417698e+000 -1.747179e+000
    endloop
  endfacet
  facet normal  0.000000e+000 -6.528218e-001  7.575115e-001
    outer loop
      vertex  0.000000e+000  1.417698e+000 -1.747179e+000
      vertex  8.000000e-001  1.417698e+000 -1.747179e+000
      vertex  8.000000e-001  1.518712e+000 -1.660125e+000
    endloop
  endfacet
  facet normal  0.000000e+000 -6.528218e-001  7.575115e-001
    outer loop
      vertex  0.000000e+000  1.417698e+000 -1.747179e+000
      vertex  8.000000e-001  1.518712e+000 -1.660125e+000
      vertex  0.000000e+000  1.518712e+000 -1.660125e+000
    endloop
  endfacet
  facet normal  0.000000e+000 -6.965515e-001  7.175068e-001
    outer loop
      vertex  0.000000e+000  1.518712e+000 -1.660125e+000
      vertex  8.000000e-001  1.518712e+000 -1.660125e+000
      vertex  8.000000e-001  1.614391e+000 -1.567240e+000
    endloop
  endfacet
  facet normal  0.000000e+000 -6.965515e-001  7.175068e-001
    outer loop
      vertex  0.000000e+000  1.518712e+000 -1.660125e+000
      vertex  8.000000e-001  1.614391e+000 -1.567240e+000
      vertex  0.000000e+000  1.614391e+000 -1.567240e+000
    endloop
  endfacet
  facet normal  0.000000e+000 -7.378330e-001  6.749833e-001
    outer loop
      vertex  0.000000e+000  1.614391e+000 -1.567240e+000
      vertex  8.000000e-001  1.614391e+000 -1.567240e+000
      vertex  8.000000e-001  1.704400e+000 -1.468850e+000
    endloop
  endfacet
  facet normal  0.000000e+000 -7.378330e-001  6.749833e-001
    outer loop
      vertex  0.000000e+000  1.614391e+000 -1.567240e+000
      vertex  8.000000e-001  1.704400e+000 -1.468850e+000
      vertex  0.000000e+000  1.704400e+000 -1.468850e+000
    endloop
  endfacet
  facet normal  0.000000e+000 -7.765241e-001  6.300875e-001
    outer loop
      vertex  0.000000e+000  1.704400e+000 -1.468850e+000
      vertex  8.000000e-001  1.704400e+000 -1.468850e+000
      vertex  8.000000e-001  1.788422e+000 -1.365300e+000
    endloop
  endfacet
  facet normal  0.000000e+000 -7.765241e-001  6.300875e-001
    outer loop
      vertex  0.000000e+000  1.704400e+000 -1.468850e+000
      vertex  8.000000e-001  1.788422e+000 -1.365300e+000
      vertex  0.000000e+000  1.788422e+000 -1.365300e+000
    endloop
  endfacet
  facet normal  0.000000e+000 -8.124866e-001  5.829798e-001
    outer loop
      vertex  0.000000e+000  1.788422e+000 -1.365300e+000
      vertex  8.000000e-001  1.788422e+000 -1.365300e+000
      vertex  8.000000e-001  1.866163e+000 -1.256955e+000
    endloop
  endfacet
  facet normal  0.000000e+000 -8.124866e-001  5.829798e-001
    outer loop
      vertex  0.000000e+000  1.788422e+000 -1.365300e+000
      vertex  8.000000e-001  1.866163e+000 -1.256955e+000
      vertex  0.000000e+000  1.866163e+000 -1.256955e+000
    endloop
  endfacet
  facet normal  0.000000e+000 -8.455961e-001  5.338231e-001
    outer loop
      vertex  0.000000e+000  1.866163e+000 -1.256955e+000
      vertex  8.000000e-001  1.866163e+000 -1.256955e+000
      vertex  8.000000e-001  1.937348e+000 -1.144195e+000
    endloop
  endfacet
  facet normal  0.000000e+000 -8.455961e-001  5.338231e-001
    outer loop
      vertex  0.000000e+000  1.866163e+000 -1.256955e+000
      vertex  8.000000e-001  1.937348e+000 -1.144195e+000
      vertex  0.000000e+000  1.937348e+000 -1.144195e+000
    endloop
  endfacet
  facet normal  0.000000e+000 -8.757346e-001  4.827927e-001
    outer loop
      vertex  0.000000e+000  1.937348e+000 -1.144195e+000
      vertex  8.000000e-001  1.937348e+000 -1.144195e+000
      vertex  8.000000e-001  2.001729e+000 -1.027416e+000
    endloop
  endfacet
  facet normal  0.000000e+000 -8.757346e-001  4.827927e-001
    outer loop
      vertex  0.000000e+000  1.937348e+000 -1.144195e+000
      vertex  8.000000e-001  2.001729e+000 -1.027416e+000
      vertex  0.000000e+000  2.001729e+000 -1.027416e+000
    endloop
  endfacet
  facet normal  0.000000e+000 -9.027978e-001  4.300655e-001
    outer loop
      vertex  0.000000e+000  2.001729e+000 -1.027416e+000
      vertex  8.000000e-001  2.001729e+000 -1.027416e+000
      vertex  8.000000e-001  2.059078e+000 -9.070277e-001
    endloop
  endfacet
  facet normal  0.000000e+000 -9.027978e-001  4.300655e-001
    outer loop
      vertex  0.000000e+000  2.001729e+000 -1.027416e+000
      vertex  8.000000e-001  2.059078e+000 -9.070277e-001
      vertex  0.000000e+000  2.059078e+000 -9.070277e-001
    endloop
  endfacet
  facet normal  0.000000e+000 -9.266897e-001  3.758273e-001
    outer loop
      vertex  0.000000e+000  2.059078e+000 -9.070277e-001
      vertex  8.000000e-001  2.059078e+000 -9.070277e-001
      vertex  8.000000e-001  2.109194e+000 -7.834537e-001
    endloop
  endfacet
  facet normal  0.000000e+000 -9.266897e-001  3.758273e-001
    outer loop
      vertex  0.000000e+000  2.059078e+000 -9.070277e-001
      vertex  8.000000e-001  2.109194e+000 -7.834537e-001
      vertex  0.000000e+000  2.109194e+000 -7.834537e-001
    endloop
  endfacet
  facet normal  0.000000e+000 -9.473265e-001  3.202695e-001
    outer loop
      vertex  0.000000e+000  2.109194e+000 -7.834537e-001
      vertex  8.000000e-001  2.109194e+000 -7.834537e-001
      vertex  8.000000e-001  2.151902e+000 -6.571277e-001
    endloop
  endfacet
  facet normal  0.000000e+000 -9.473265e-001  3.202695e-001
    outer loop
      vertex  0.000000e+000  2.109194e+000 -7.834537e-001
      vertex  8.000000e-001  2.151902e+000 -6.571277e-001
      vertex  0.000000e+000  2.151902e+000 -6.571277e-001
    endloop
  endfacet
  facet normal  0.000000e+000 -9.646356e-001  2.635871e-001
    outer loop
      vertex  0.000000e+000  2.151902e+000 -6.571277e-001
      vertex  8.000000e-001  2.151902e+000 -6.571277e-001
      vertex  8.000000e-001  2.187052e+000 -5.284936e-001
    endloop
  endfacet
  facet normal  0.000000e+000 -9.646356e-001  2.635871e-001
    outer loop
      vertex  0.000000e+000  2.151902e+000 -6.571277e-001
      vertex  8.000000e-001  2.187052e+000 -5.284936e-001
      vertex  0.000000e+000  2.187052e+000 -5.284936e-001
    endloop
  endfacet
  facet normal  0.000000e+000 -9.785565e-001  2.059787e-001
    outer loop
      vertex  0.000000e+000  2.187052e+000 -5.284936e-001
      vertex  8.000000e-001  2.187052e+000 -5.284936e-001
      vertex  8.000000e-001  2.214519e+000 -3.980031e-001
    endloop
  endfacet
  facet normal  0.000000e+000 -9.785565e-001  2.059787e-001
    outer loop
      vertex  0.000000e+000  2.187052e+000 -5.284936e-001
      vertex  8.000000e-001  2.214519e+000 -3.980031e-001
      vertex  0.000000e+000  2.214519e+000 -3.980031e-001
    endloop
  endfacet
  facet normal  0.000000e+000 -9.890403e-001  1.476461e-001
    outer loop
      vertex  0.000000e+000  2.214519e+000 -3.980031e-001
      vertex  8.000000e-001  2.214519e+000 -3.980031e-001
      vertex  8.000000e-001  2.234207e+000 -2.661146e-001
    endloop
  endfacet
  facet normal  0.000000e+000 -9.890403e-001  1.476461e-001
    outer loop
      vertex  0.000000e+000  2.214519e+000 -3.980031e-001
      vertex  8.000000e-001  2.234207e+000 -2.661146e-001
      vertex  0.000000e+000  2.234207e+000 -2.661146e-001
    endloop
  endfacet
  facet normal  0.000000e+000 -9.960498e-001  8.879685e-002
    outer loop
      vertex  0.000000e+000  2.234207e+000 -2.661146e-001
      vertex  8.000000e-001  2.234207e+000 -2.661146e-001
      vertex  8.000000e-001  2.246048e+000 -1.332914e-001
    endloop
  endfacet
  facet normal  0.000000e+000 -9.960498e-001  8.879685e-002
    outer loop
      vertex  0.000000e+000  2.234207e+000 -2.661146e-001
      vertex  8.000000e-001  2.246048e+000 -1.332914e-001
      vertex  0.000000e+000  2.246048e+000 -1.332914e-001
    endloop
  endfacet
  facet normal  0.000000e+000 -9.995609e-001  2.963293e-002
    outer loop
      vertex  0.000000e+000  2.246048e+000 -1.332914e-001
      vertex  8.000000e-001  2.246048e+000 -1.332914e-001
      vertex  8.000000e-001  2.250000e+000  0.000000e+000
    endloop
  endfacet
  facet normal  0.000000e+000 -9.995609e-001  2.963293e-002
    outer loop
      vertex  0.000000e+000  2.246048e+000 -1.332914e-001
      vertex  8.000000e-001  2.250000e+000  0.000000e+000
      vertex  0.000000e+000  2.250000e+000  0.000000e+000
    endloop
  endfacet
  facet normal  0.000000e+000 -5.924082e-002  9.982437e-001
    outer loop
      vertex  8.000000e-001  1.997908e-001 -2.241112e+000
      vertex  0.000000e+000  6.667498e-002 -2.249012e+000
      vertex  8.000000e-001  6.667498e-002 -2.249012e+000
    endloop
  endfacet
  facet normal  0.000000e+000  0.000000e+000  1.000000e+000
    outer loop
      vertex  8.000000e-001  6.667498e-002 -2.249012e+000
      vertex  0.000000e+000  6.667498e-002 -2.249012e+000
      vertex  0.000000e+000 -6.667498e-002 -2.249012e+000
    endloop
  endfacet
  facet normal  0.000000e+000  0.000000e+000  1.000000e+000
    outer loop
      vertex  8.000000e-001  6.667498e-002 -2.249012e+000
      vertex  0.000000e+000 -6.667498e-002 -2.249012e+000
      vertex  8.000000e-001 -6.667498e-002 -2.249012e+000
    endloop
  endfacet
  facet normal  0.000000e+000  5.924082e-002  9.982437e-001
    outer loop
      vertex  8.000000e-001 -6.667498e-002 -2.249012e+000
      vertex  0.000000e+000 -6.667498e-002 -2.249012e+000
      vertex  0.000000e+000 -1.997908e-001 -2.241112e+000
    endloop
  endfacet
  facet normal  -0.000000e+000  5.924082e-002  9.982437e-001
    outer loop
      vertex  8.000000e-001 -6.667498e-002 -2.249012e+000
      vertex  0.000000e+000 -1.997908e-001 -2.241112e+000
      vertex  8.000000e-001 -1.997908e-001 -2.241112e+000
    endloop
  endfacet
  facet normal  0.000000e+000  1.182742e-001  9.929810e-001
    outer loop
      vertex  8.000000e-001 -1.997908e-001 -2.241112e+000
      vertex  0.000000e+000 -1.997908e-001 -2.241112e+000
      vertex  0.000000e+000 -3.322048e-001 -2.225340e+000
    endloop
  endfacet
  facet normal  -0.000000e+000  1.182742e-001  9.929810e-001
    outer loop
      vertex  8.000000e-001 -1.997908e-001 -2.241112e+000
      vertex  0.000000e+000 -3.322048e-001 -2.225340e+000
      vertex  8.000000e-001 -3.322048e-001 -2.225340e+000
    endloop
  endfacet
  facet normal  0.000000e+000  1.768893e-001  9.842308e-001
    outer loop
      vertex  8.000000e-001 -3.322048e-001 -2.225340e+000
      vertex  0.000000e+000 -3.322048e-001 -2.225340e+000
      vertex  0.000000e+000 -4.634519e-001 -2.201752e+000
    endloop
  endfacet
  facet normal  -0.000000e+000  1.768893e-001  9.842308e-001
    outer loop
      vertex  8.000000e-001 -3.322048e-001 -2.225340e+000
      vertex  0.000000e+000 -4.634519e-001 -2.201752e+000
      vertex  8.000000e-001 -4.634519e-001 -2.201752e+000
    endloop
  endfacet
  facet normal  0.000000e+000  2.348874e-001  9.720225e-001
    outer loop
      vertex  8.000000e-001 -4.634519e-001 -2.201752e+000
      vertex  0.000000e+000 -4.634519e-001 -2.201752e+000
      vertex  0.000000e+000 -5.930711e-001 -2.170430e+000
    endloop
  endfacet
  facet normal  -0.000000e+000  2.348874e-001  9.720225e-001
    outer loop
      vertex  8.000000e-001 -4.634519e-001 -2.201752e+000
      vertex  0.000000e+000 -5.930711e-001 -2.170430e+000
      vertex  8.000000e-001 -5.930711e-001 -2.170430e+000
    endloop
  endfacet
  facet normal  0.000000e+000  2.920561e-001  9.564012e-001
    outer loop
      vertex  8.000000e-001 -5.930711e-001 -2.170430e+000
      vertex  0.000000e+000 -5.930711e-001 -2.170430e+000
      vertex  0.000000e+000 -7.206072e-001 -2.131484e+000
    endloop
  endfacet
  facet normal  -0.000000e+000  2.920561e-001  9.564012e-001
    outer loop
      vertex  8.000000e-001 -5.930711e-001 -2.170430e+000
      vertex  0.000000e+000 -7.206072e-001 -2.131484e+000
      vertex  8.000000e-001 -7.206072e-001 -2.131484e+000
    endloop
  endfacet
  facet normal  0.000000e+000  3.482020e-001  9.374196e-001
    outer loop
      vertex  8.000000e-001 -7.206072e-001 -2.131484e+000
      vertex  0.000000e+000 -7.206072e-001 -2.131484e+000
      vertex  0.000000e+000 -8.456120e-001 -2.085052e+000
    endloop
  endfacet
  facet normal  -0.000000e+000  3.482020e-001  9.374196e-001
    outer loop
      vertex  8.000000e-001 -7.206072e-001 -2.131484e+000
      vertex  0.000000e+000 -8.456120e-001 -2.085052e+000
      vertex  8.000000e-001 -8.456120e-001 -2.085052e+000
    endloop
  endfacet
  facet normal  0.000000e+000  4.031232e-001  9.151457e-001
    outer loop
      vertex  8.000000e-001 -8.456120e-001 -2.085052e+000
      vertex  0.000000e+000 -8.456120e-001 -2.085052e+000
      vertex  0.000000e+000 -9.676467e-001 -2.031295e+000
    endloop
  endfacet
  facet normal  -0.000000e+000  4.031232e-001  9.151457e-001
    outer loop
      vertex  8.000000e-001 -8.456120e-001 -2.085052e+000
      vertex  0.000000e+000 -9.676467e-001 -2.031295e+000
      vertex  8.000000e-001 -9.676467e-001 -2.031295e+000
    endloop
  endfacet
  facet normal  0.000000e+000  4.566286e-001  8.896575e-001
    outer loop
      vertex  8.000000e-001 -9.676467e-001 -2.031295e+000
      vertex  0.000000e+000 -9.676467e-001 -2.031295e+000
      vertex  0.000000e+000 -1.086282e+000 -1.970404e+000
    endloop
  endfacet
  facet normal  -0.000000e+000  4.566286e-001  8.896575e-001
    outer loop
      vertex  8.000000e-001 -9.676467e-001 -2.031295e+000
      vertex  0.000000e+000 -1.086282e+000 -1.970404e+000
      vertex  8.000000e-001 -1.086282e+000 -1.970404e+000
    endloop
  endfacet
  facet normal  0.000000e+000  5.085316e-001  8.610433e-001
    outer loop
      vertex  8.000000e-001 -1.086282e+000 -1.970404e+000
      vertex  0.000000e+000 -1.086282e+000 -1.970404e+000
      vertex  0.000000e+000 -1.201103e+000 -1.902591e+000
    endloop
  endfacet
  facet normal  -0.000000e+000  5.085316e-001  8.610433e-001
    outer loop
      vertex  8.000000e-001 -1.086282e+000 -1.970404e+000
      vertex  0.000000e+000 -1.201103e+000 -1.902591e+000
      vertex  8.000000e-001 -1.201103e+000 -1.902591e+000
    endloop
  endfacet
  facet normal  0.000000e+000  5.586470e-001  8.294055e-001
    outer loop
      vertex  8.000000e-001 -1.201103e+000 -1.902591e+000
      vertex  0.000000e+000 -1.201103e+000 -1.902591e+000
      vertex  0.000000e+000 -1.311704e+000 -1.828095e+000
    endloop
  endfacet
  facet normal  -0.000000e+000  5.586470e-001  8.294055e-001
    outer loop
      vertex  8.000000e-001 -1.201103e+000 -1.902591e+000
      vertex  0.000000e+000 -1.311704e+000 -1.828095e+000
      vertex  8.000000e-001 -1.311704e+000 -1.828095e+000
    endloop
  endfacet
  facet normal  0.000000e+000  6.067999e-001  7.948547e-001
    outer loop
      vertex  8.000000e-001 -1.311704e+000 -1.828095e+000
      vertex  0.000000e+000 -1.311704e+000 -1.828095e+000
      vertex  0.000000e+000 -1.417698e+000 -1.747179e+000
    endloop
  endfacet
  facet normal  -0.000000e+000  6.067999e-001  7.948547e-001
    outer loop
      vertex  8.000000e-001 -1.311704e+000 -1.828095e+000
      vertex  0.000000e+000 -1.417698e+000 -1.747179e+000
      vertex  8.000000e-001 -1.417698e+000 -1.747179e+000
    endloop
  endfacet
  facet normal  0.000000e+000  6.528218e-001  7.575115e-001
    outer loop
      vertex  8.000000e-001 -1.417698e+000 -1.747179e+000
      vertex  0.000000e+000 -1.417698e+000 -1.747179e+000
      vertex  0.000000e+000 -1.518712e+000 -1.660125e+000
    endloop
  endfacet
  facet normal  -0.000000e+000  6.528218e-001  7.575115e-001
    outer loop
      vertex  8.000000e-001 -1.417698e+000 -1.747179e+000
      vertex  0.000000e+000 -1.518712e+000 -1.660125e+000
      vertex  8.000000e-001 -1.518712e+000 -1.660125e+000
    endloop
  endfacet
  facet normal  0.000000e+000  6.965515e-001  7.175068e-001
    outer loop
      vertex  8.000000e-001 -1.518712e+000 -1.660125e+000
      vertex  0.000000e+000 -1.518712e+000 -1.660125e+000
      vertex  0.000000e+000 -1.614391e+000 -1.567240e+000
    endloop
  endfacet
  facet normal  -0.000000e+000  6.965515e-001  7.175068e-001
    outer loop
      vertex  8.000000e-001 -1.518712e+000 -1.660125e+000
      vertex  0.000000e+000 -1.614391e+000 -1.567240e+000
      vertex  8.000000e-001 -1.614391e+000 -1.567240e+000
    endloop
  endfacet
  facet normal  0.000000e+000  7.378330e-001  6.749833e-001
    outer loop
      vertex  8.000000e-001 -1.614391e+000 -1.567240e+000
      vertex  0.000000e+000 -1.614391e+000 -1.567240e+000
      vertex  0.000000e+000 -1.704400e+000 -1.468850e+000
    endloop
  endfacet
  facet normal  -0.000000e+000  7.378330e-001  6.749833e-001
    outer loop
      vertex  8.000000e-001 -1.614391e+000 -1.567240e+000
      vertex  0.000000e+000 -1.704400e+000 -1.468850e+000
      vertex  8.000000e-001 -1.704400e+000 -1.468850e+000
    endloop
  endfacet
  facet normal  0.000000e+000  7.765241e-001  6.300875e-001
    outer loop
      vertex  8.000000e-001 -1.704400e+000 -1.468850e+000
      vertex  0.000000e+000 -1.704400e+000 -1.468850e+000
      vertex  0.000000e+000 -1.788422e+000 -1.365300e+000
    endloop
  endfacet
  facet normal  -0.000000e+000  7.765241e-001  6.300875e-001
    outer loop
      vertex  8.000000e-001 -1.704400e+000 -1.468850e+000
      vertex  0.000000e+000 -1.788422e+000 -1.365300e+000
      vertex  8.000000e-001 -1.788422e+000 -1.365300e+000
    endloop
  endfacet
  facet normal  0.000000e+000  8.124866e-001  5.829798e-001
    outer loop
      vertex  8.000000e-001 -1.788422e+000 -1.365300e+000
      vertex  0.000000e+000 -1.788422e+000 -1.365300e+000
      vertex  0.000000e+000 -1.866163e+000 -1.256955e+000
    endloop
  endfacet
  facet normal  -0.000000e+000  8.124866e-001  5.829798e-001
    outer loop
      vertex  8.000000e-001 -1.788422e+000 -1.365300e+000
      vertex  0.000000e+000 -1.866163e+000 -1.256955e+000
      vertex  8.000000e-001 -1.866163e+000 -1.256955e+000
    endloop
  endfacet
  facet normal  0.000000e+000  8.455961e-001  5.338231e-001
    outer loop
      vertex  8.000000e-001 -1.866163e+000 -1.256955e+000
      vertex  0.000000e+000 -1.866163e+000 -1.256955e+000
      vertex  0.000000e+000 -1.937348e+000 -1.144195e+000
    endloop
  endfacet
  facet normal  -0.000000e+000  8.455961e-001  5.338231e-001
    outer loop
      vertex  8.000000e-001 -1.866163e+000 -1.256955e+000
      vertex  0.000000e+000 -1.937348e+000 -1.144195e+000
      vertex  8.000000e-001 -1.937348e+000 -1.144195e+000
    endloop
  endfacet
  facet normal  0.000000e+000  8.757346e-001  4.827927e-001
    outer loop
      vertex  8.000000e-001 -1.937348e+000 -1.144195e+000
      vertex  0.000000e+000 -1.937348e+000 -1.144195e+000
      vertex  0.000000e+000 -2.001729e+000 -1.027416e+000
    endloop
  endfacet
  facet normal  -0.000000e+000  8.757346e-001  4.827927e-001
    outer loop
      vertex  8.000000e-001 -1.937348e+000 -1.144195e+000
      vertex  0.000000e+000 -2.001729e+000 -1.027416e+000
      vertex  8.000000e-001 -2.001729e+000 -1.027416e+000
    endloop
  endfacet
  facet normal  0.000000e+000  9.027978e-001  4.300655e-001
    outer loop
      vertex  8.000000e-001 -2.001729e+000 -1.027416e+000
      vertex  0.000000e+000 -2.001729e+000 -1.027416e+000
      vertex  0.000000e+000 -2.059078e+000 -9.070277e-001
    endloop
  endfacet
  facet normal  -0.000000e+000  9.027978e-001  4.300655e-001
    outer loop
      vertex  8.000000e-001 -2.001729e+000 -1.027416e+000
      vertex  0.000000e+000 -2.059078e+000 -9.070277e-001
      vertex  8.000000e-001 -2.059078e+000 -9.070277e-001
    endloop
  endfacet
  facet normal  0.000000e+000  9.266897e-001  3.758273e-001
    outer loop
      vertex  8.000000e-001 -2.059078e+000 -9.070277e-001
      vertex  0.000000e+000 -2.059078e+000 -9.070277e-001
      vertex  0.000000e+000 -2.109194e+000 -7.834537e-001
    endloop
  endfacet
  facet normal  -0.000000e+000  9.266897e-001  3.758273e-001
    outer loop
      vertex  8.000000e-001 -2.059078e+000 -9.070277e-001
      vertex  0.000000e+000 -2.109194e+000 -7.834537e-001
      vertex  8.000000e-001 -2.109194e+000 -7.834537e-001
    endloop
  endfacet
  facet normal  0.000000e+000  9.473265e-001  3.202695e-001
    outer loop
      vertex  8.000000e-001 -2.109194e+000 -7.834537e-001
      vertex  0.000000e+000 -2.109194e+000 -7.834537e-001
      vertex  0.000000e+000 -2.151902e+000 -6.571277e-001
    endloop
  endfacet
  facet normal  -0.000000e+000  9.473265e-001  3.202695e-001
    outer loop
      vertex  8.000000e-001 -2.109194e+000 -7.834537e-001
      vertex  0.000000e+000 -2.151902e+000 -6.571277e-001
      vertex  8.000000e-001 -2.151902e+000 -6.571277e-001
    endloop
  endfacet
  facet normal  0.000000e+000  9.646356e-001  2.635871e-001
    outer loop
      vertex  8.000000e-001 -2.151902e+000 -6.571277e-001
      vertex  0.000000e+000 -2.151902e+000 -6.571277e-001
      vertex  0.000000e+000 -2.187052e+000 -5.284936e-001
    endloop
  endfacet
  facet normal  -0.000000e+000  9.646356e-001  2.635871e-001
    outer loop
      vertex  8.000000e-001 -2.151902e+000 -6.571277e-001
      vertex  0.000000e+000 -2.187052e+000 -5.284936e-001
      vertex  8.000000e-001 -2.187052e+000 -5.284936e-001
    endloop
  endfacet
  facet normal  0.000000e+000  9.785565e-001  2.059787e-001
    outer loop
      vertex  8.000000e-001 -2.187052e+000 -5.284936e-001
      vertex  0.000000e+000 -2.187052e+000 -5.284936e-001
      vertex  0.000000e+000 -2.214519e+000 -3.980031e-001
    endloop
  endfacet
  facet normal  -0.000000e+000  9.785565e-001  2.059787e-001
    outer loop
      vertex  8.000000e-001 -2.187052e+000 -5.284936e-001
      vertex  0.000000e+000 -2.214519e+000 -3.980031e-001
      vertex  8.000000e-001 -2.214519e+000 -3.980031e-001
    endloop
  endfacet
  facet normal  0.000000e+000  9.890403e-001  1.476461e-001
    outer loop
      vertex  8.000000e-001 -2.214519e+000 -3.980031e-001
      vertex  0.000000e+000 -2.214519e+000 -3.980031e-001
      vertex  0.000000e+000 -2.234207e+000 -2.661146e-001
    endloop
  endfacet
  facet normal  -0.000000e+000  9.890403e-001  1.476461e-001
    outer loop
      vertex  8.000000e-001 -2.214519e+000 -3.980031e-001
      vertex  0.000000e+000 -2.234207e+000 -2.661146e-001
      vertex  8.000000e-001 -2.234207e+000 -2.661146e-001
    endloop
  endfacet
  facet normal  0.000000e+000  9.960498e-001  8.879685e-002
    outer loop
      vertex  8.000000e-001 -2.234207e+000 -2.661146e-001
      vertex  0.000000e+000 -2.234207e+000 -2.661146e-001
      vertex  0.000000e+000 -2.246048e+000 -1.332914e-001
    endloop
  endfacet
  facet normal  -0.000000e+000  9.960498e-001  8.879685e-002
    outer loop
      vertex  8.000000e-001 -2.234207e+000 -2.661146e-001
      vertex  0.000000e+000 -2.246048e+000 -1.332914e-001
      vertex  8.000000e-001 -2.246048e+000 -1.332914e-001
    endloop
  endfacet
  facet normal  0.000000e+000  9.995609e-001  2.963293e-002
    outer loop
      vertex  8.000000e-001 -2.246048e+000 -1.332914e-001
      vertex  0.000000e+000 -2.246048e+000 -1.332914e-001
      vertex  0.000000e+000 -2.250000e+000  2.755364e-016
    endloop
  endfacet
  facet normal  -0.000000e+000  9.995609e-001  2.963293e-002
    outer loop
      vertex  8.000000e-001 -2.246048e+000 -1.332914e-001
      vertex  0.000000e+000 -2.250000e+000  2.755364e-016
      vertex  8.000000e-001 -2.250000e+000  2.755364e-016
    endloop
  endfacet
  facet normal  0.000000e+000  9.996684e-001 -2.574821e-002
    outer loop
      vertex  0.000000e+000  3.000000e+000  0.000000e+000
      vertex  8.000000e-001  3.000000e+000  0.000000e+000
      vertex  0.000000e+000  2.996022e+000 -1.544363e-001
    endloop
  endfacet
  facet normal  0.000000e+000  9.996684e-001 -2.574821e-002
    outer loop
      vertex  0.000000e+000  2.996022e+000 -1.544363e-001
      vertex  8.000000e-001  3.000000e+000  0.000000e+000
      vertex  8.000000e-001  2.996022e+000 -1.544363e-001
    endloop
  endfacet
  facet normal  0.000000e+000  9.970176e-001 -7.717519e-002
    outer loop
      vertex  0.000000e+000  2.996022e+000 -1.544363e-001
      vertex  8.000000e-001  2.996022e+000 -1.544363e-001
      vertex  0.000000e+000  2.984100e+000 -3.084630e-001
    endloop
  endfacet
  facet normal  0.000000e+000  9.970176e-001 -7.717519e-002
    outer loop
      vertex  0.000000e+000  2.984100e+000 -3.084630e-001
      vertex  8.000000e-001  2.996022e+000 -1.544363e-001
      vertex  8.000000e-001  2.984100e+000 -3.084630e-001
    endloop
  endfacet
  facet normal  0.000000e+000  9.917227e-001 -1.283984e-001
    outer loop
      vertex  0.000000e+000  2.984100e+000 -3.084630e-001
      vertex  8.000000e-001  2.984100e+000 -3.084630e-001
      vertex  0.000000e+000  2.964264e+000 -4.616717e-001
    endloop
  endfacet
  facet normal  0.000000e+000  9.917227e-001 -1.283984e-001
    outer loop
      vertex  0.000000e+000  2.964264e+000 -4.616717e-001
      vertex  8.000000e-001  2.984100e+000 -3.084630e-001
      vertex  8.000000e-001  2.964264e+000 -4.616717e-001
    endloop
  endfacet
  facet normal  0.000000e+000  9.837980e-001 -1.792806e-001
    outer loop
      vertex  0.000000e+000  2.964264e+000 -4.616717e-001
      vertex  8.000000e-001  2.964264e+000 -4.616717e-001
      vertex  0.000000e+000  2.936567e+000 -6.136562e-001
    endloop
  endfacet
  facet normal  0.000000e+000  9.837980e-001 -1.792806e-001
    outer loop
      vertex  0.000000e+000  2.936567e+000 -6.136562e-001
      vertex  8.000000e-001  2.964264e+000 -4.616717e-001
      vertex  8.000000e-001  2.936567e+000 -6.136562e-001
    endloop
  endfacet
  facet normal  0.000000e+000  9.732644e-001 -2.296875e-001
    outer loop
      vertex  0.000000e+000  2.936567e+000 -6.136562e-001
      vertex  8.000000e-001  2.936567e+000 -6.136562e-001
      vertex  0.000000e+000  2.901083e+000 -7.640134e-001
    endloop
  endfacet
  facet normal  0.000000e+000  9.732644e-001 -2.296875e-001
    outer loop
      vertex  0.000000e+000  2.901083e+000 -7.640134e-001
      vertex  8.000000e-001  2.936567e+000 -6.136562e-001
      vertex  8.000000e-001  2.901083e+000 -7.640134e-001
    endloop
  endfacet
  facet normal  0.000000e+000  9.601498e-001 -2.794862e-001
    outer loop
      vertex  0.000000e+000  2.901083e+000 -7.640134e-001
      vertex  8.000000e-001  2.901083e+000 -7.640134e-001
      vertex  0.000000e+000  2.857906e+000 -9.123445e-001
    endloop
  endfacet
  facet normal  0.000000e+000  9.601498e-001 -2.794862e-001
    outer loop
      vertex  0.000000e+000  2.857906e+000 -9.123445e-001
      vertex  8.000000e-001  2.901083e+000 -7.640134e-001
      vertex  8.000000e-001  2.857906e+000 -9.123445e-001
    endloop
  endfacet
  facet normal  0.000000e+000  9.444892e-001 -3.285427e-001
    outer loop
      vertex  0.000000e+000  2.857906e+000 -9.123445e-001
      vertex  8.000000e-001  2.857906e+000 -9.123445e-001
      vertex  0.000000e+000  2.807150e+000 -1.058256e+000
    endloop
  endfacet
  facet normal  0.000000e+000  9.444892e-001 -3.285427e-001
    outer loop
      vertex  0.000000e+000  2.807150e+000 -1.058256e+000
      vertex  8.000000e-001  2.857906e+000 -9.123445e-001
      vertex  8.000000e-001  2.807150e+000 -1.058256e+000
    endloop
  endfacet
  facet normal  0.000000e+000  9.263243e-001 -3.767273e-001
    outer loop
      vertex  0.000000e+000  2.807150e+000 -1.058256e+000
      vertex  8.000000e-001  2.807150e+000 -1.058256e+000
      vertex  0.000000e+000  2.748951e+000 -1.201362e+000
    endloop
  endfacet
  facet normal  0.000000e+000  9.263243e-001 -3.767273e-001
    outer loop
      vertex  0.000000e+000  2.748951e+000 -1.201362e+000
      vertex  8.000000e-001  2.807150e+000 -1.058256e+000
      vertex  8.000000e-001  2.748951e+000 -1.201362e+000
    endloop
  endfacet
  facet normal  0.000000e+000  9.057021e-001 -4.239148e-001
    outer loop
      vertex  0.000000e+000  2.748951e+000 -1.201362e+000
      vertex  8.000000e-001  2.748951e+000 -1.201362e+000
      vertex  0.000000e+000  2.683461e+000 -1.341281e+000
    endloop
  endfacet
  facet normal  0.000000e+000  9.057021e-001 -4.239148e-001
    outer loop
      vertex  0.000000e+000  2.683461e+000 -1.341281e+000
      vertex  8.000000e-001  2.748951e+000 -1.201362e+000
      vertex  8.000000e-001  2.683461e+000 -1.341281e+000
    endloop
  endfacet
  facet normal  0.000000e+000  8.826792e-001 -4.699761e-001
    outer loop
      vertex  0.000000e+000  2.683461e+000 -1.341281e+000
      vertex  8.000000e-001  2.683461e+000 -1.341281e+000
      vertex  0.000000e+000  2.610856e+000 -1.477644e+000
    endloop
  endfacet
  facet normal  0.000000e+000  8.826792e-001 -4.699761e-001
    outer loop
      vertex  0.000000e+000  2.610856e+000 -1.477644e+000
      vertex  8.000000e-001  2.683461e+000 -1.341281e+000
      vertex  8.000000e-001  2.610856e+000 -1.477644e+000
    endloop
  endfacet
  facet normal  0.000000e+000  8.573146e-001 -5.147929e-001
    outer loop
      vertex  0.000000e+000  2.610856e+000 -1.477644e+000
      vertex  8.000000e-001  2.610856e+000 -1.477644e+000
      vertex  0.000000e+000  2.531327e+000 -1.610089e+000
    endloop
  endfacet
  facet normal  0.000000e+000  8.573146e-001 -5.147929e-001
    outer loop
      vertex  0.000000e+000  2.531327e+000 -1.610089e+000
      vertex  8.000000e-001  2.610856e+000 -1.477644e+000
      vertex  8.000000e-001  2.531327e+000 -1.610089e+000
    endloop
  endfacet
  facet normal  0.000000e+000  8.296767e-001 -5.582441e-001
    outer loop
      vertex  0.000000e+000  2.531327e+000 -1.610089e+000
      vertex  8.000000e-001  2.531327e+000 -1.610089e+000
      vertex  0.000000e+000  2.445085e+000 -1.738263e+000
    endloop
  endfacet
  facet normal  0.000000e+000  8.296767e-001 -5.582441e-001
    outer loop
      vertex  0.000000e+000  2.445085e+000 -1.738263e+000
      vertex  8.000000e-001  2.531327e+000 -1.610089e+000
      vertex  8.000000e-001  2.445085e+000 -1.738263e+000
    endloop
  endfacet
  facet normal  0.000000e+000  7.998396e-001 -6.002138e-001
    outer loop
      vertex  0.000000e+000  2.445085e+000 -1.738263e+000
      vertex  8.000000e-001  2.445085e+000 -1.738263e+000
      vertex  0.000000e+000  2.352360e+000 -1.861828e+000
    endloop
  endfacet
  facet normal  0.000000e+000  7.998396e-001 -6.002138e-001
    outer loop
      vertex  0.000000e+000  2.352360e+000 -1.861828e+000
      vertex  8.000000e-001  2.445085e+000 -1.738263e+000
      vertex  8.000000e-001  2.352360e+000 -1.861828e+000
    endloop
  endfacet
  facet normal  0.000000e+000  7.678800e-001 -6.405936e-001
    outer loop
      vertex  0.000000e+000  2.352360e+000 -1.861828e+000
      vertex  8.000000e-001  2.352360e+000 -1.861828e+000
      vertex  0.000000e+000  2.253396e+000 -1.980456e+000
    endloop
  endfacet
  facet normal  0.000000e+000  7.678800e-001 -6.405936e-001
    outer loop
      vertex  0.000000e+000  2.253396e+000 -1.980456e+000
      vertex  8.000000e-001  2.352360e+000 -1.861828e+000
      vertex  8.000000e-001  2.253396e+000 -1.980456e+000
    endloop
  endfacet
  facet normal  0.000000e+000  7.338856e-001 -6.792732e-001
    outer loop
      vertex  0.000000e+000  2.253396e+000 -1.980456e+000
      vertex  8.000000e-001  2.253396e+000 -1.980456e+000
      vertex  0.000000e+000  2.148457e+000 -2.093832e+000
    endloop
  endfacet
  facet normal  0.000000e+000  7.338856e-001 -6.792732e-001
    outer loop
      vertex  0.000000e+000  2.148457e+000 -2.093832e+000
      vertex  8.000000e-001  2.253396e+000 -1.980456e+000
      vertex  8.000000e-001  2.148457e+000 -2.093832e+000
    endloop
  endfacet
  facet normal  0.000000e+000  6.979443e-001 -7.161521e-001
    outer loop
      vertex  0.000000e+000  2.148457e+000 -2.093832e+000
      vertex  8.000000e-001  2.148457e+000 -2.093832e+000
      vertex  0.000000e+000  2.037820e+000 -2.201656e+000
    endloop
  endfacet
  facet normal  0.000000e+000  6.979443e-001 -7.161521e-001
    outer loop
      vertex  0.000000e+000  2.037820e+000 -2.201656e+000
      vertex  8.000000e-001  2.148457e+000 -2.093832e+000
      vertex  8.000000e-001  2.037820e+000 -2.201656e+000
    endloop
  endfacet
  facet normal  0.000000e+000  6.601517e-001 -7.511322e-001
    outer loop
      vertex  0.000000e+000  2.037820e+000 -2.201656e+000
      vertex  8.000000e-001  2.037820e+000 -2.201656e+000
      vertex  0.000000e+000  1.921780e+000 -2.303641e+000
    endloop
  endfacet
  facet normal  0.000000e+000  6.601517e-001 -7.511322e-001
    outer loop
      vertex  0.000000e+000  1.921780e+000 -2.303641e+000
      vertex  8.000000e-001  2.037820e+000 -2.201656e+000
      vertex  8.000000e-001  1.921780e+000 -2.303641e+000
    endloop
  endfacet
  facet normal  0.000000e+000  6.206098e-001 -7.841195e-001
    outer loop
      vertex  0.000000e+000  1.921780e+000 -2.303641e+000
      vertex  8.000000e-001  1.921780e+000 -2.303641e+000
      vertex  0.000000e+000  1.800643e+000 -2.399518e+000
    endloop
  endfacet
  facet normal  0.000000e+000  6.206098e-001 -7.841195e-001
    outer loop
      vertex  0.000000e+000  1.800643e+000 -2.399518e+000
      vertex  8.000000e-001  1.921780e+000 -2.303641e+000
      vertex  8.000000e-001  1.800643e+000 -2.399518e+000
    endloop
  endfacet
  facet normal  0.000000e+000  5.794210e-001 -8.150285e-001
    outer loop
      vertex  0.000000e+000  1.800643e+000 -2.399518e+000
      vertex  8.000000e-001  1.800643e+000 -2.399518e+000
      vertex  0.000000e+000  1.674731e+000 -2.489031e+000
    endloop
  endfacet
  facet normal  0.000000e+000  5.794210e-001 -8.150285e-001
    outer loop
      vertex  0.000000e+000  1.674731e+000 -2.489031e+000
      vertex  8.000000e-001  1.800643e+000 -2.399518e+000
      vertex  8.000000e-001  1.674731e+000 -2.489031e+000
    endloop
  endfacet
  facet normal  0.000000e+000  5.366966e-001 -8.437753e-001
    outer loop
      vertex  0.000000e+000  1.674731e+000 -2.489031e+000
      vertex  8.000000e-001  1.674731e+000 -2.489031e+000
      vertex  0.000000e+000  1.544378e+000 -2.571944e+000
    endloop
  endfacet
  facet normal  0.000000e+000  5.366966e-001 -8.437753e-001
    outer loop
      vertex  0.000000e+000  1.544378e+000 -2.571944e+000
      vertex  8.000000e-001  1.674731e+000 -2.489031e+000
      vertex  8.000000e-001  1.544378e+000 -2.571944e+000
    endloop
  endfacet
  facet normal  0.000000e+000  4.925479e-001 -8.702853e-001
    outer loop
      vertex  0.000000e+000  1.544378e+000 -2.571944e+000
      vertex  8.000000e-001  1.544378e+000 -2.571944e+000
      vertex  0.000000e+000  1.409930e+000 -2.648036e+000
    endloop
  endfacet
  facet normal  0.000000e+000  4.925479e-001 -8.702853e-001
    outer loop
      vertex  0.000000e+000  1.409930e+000 -2.648036e+000
      vertex  8.000000e-001  1.544378e+000 -2.571944e+000
      vertex  8.000000e-001  1.409930e+000 -2.648036e+000
    endloop
  endfacet
  facet normal  0.000000e+000  4.470935e-001 -8.944873e-001
    outer loop
      vertex  0.000000e+000  1.409930e+000 -2.648036e+000
      vertex  8.000000e-001  1.409930e+000 -2.648036e+000
      vertex  0.000000e+000  1.271743e+000 -2.717107e+000
    endloop
  endfacet
  facet normal  0.000000e+000  4.470935e-001 -8.944873e-001
    outer loop
      vertex  0.000000e+000  1.271743e+000 -2.717107e+000
      vertex  8.000000e-001  1.409930e+000 -2.648036e+000
      vertex  8.000000e-001  1.271743e+000 -2.717107e+000
    endloop
  endfacet
  facet normal  0.000000e+000  4.004538e-001 -9.163170e-001
    outer loop
      vertex  0.000000e+000  1.271743e+000 -2.717107e+000
      vertex  8.000000e-001  1.271743e+000 -2.717107e+000
      vertex  0.000000e+000  1.130184e+000 -2.778972e+000
    endloop
  endfacet
  facet normal  0.000000e+000  4.004538e-001 -9.163170e-001
    outer loop
      vertex  0.000000e+000  1.130184e+000 -2.778972e+000
      vertex  8.000000e-001  1.271743e+000 -2.717107e+000
      vertex  8.000000e-001  1.130184e+000 -2.778972e+000
    endloop
  endfacet
  facet normal  0.000000e+000  3.527523e-001 -9.357167e-001
    outer loop
      vertex  0.000000e+000  1.130184e+000 -2.778972e+000
      vertex  8.000000e-001  1.130184e+000 -2.778972e+000
      vertex  0.000000e+000  9.856272e-001 -2.833468e+000
    endloop
  endfacet
  facet normal  0.000000e+000  3.527523e-001 -9.357167e-001
    outer loop
      vertex  0.000000e+000  9.856272e-001 -2.833468e+000
      vertex  8.000000e-001  1.130184e+000 -2.778972e+000
      vertex  8.000000e-001  9.856272e-001 -2.833468e+000
    endloop
  endfacet
  facet normal  0.000000e+000  3.041141e-001 -9.526356e-001
    outer loop
      vertex  0.000000e+000  9.856272e-001 -2.833468e+000
      vertex  8.000000e-001  9.856272e-001 -2.833468e+000
      vertex  0.000000e+000  8.384569e-001 -2.880450e+000
    endloop
  endfacet
  facet normal  0.000000e+000  3.041141e-001 -9.526356e-001
    outer loop
      vertex  0.000000e+000  8.384569e-001 -2.880450e+000
      vertex  8.000000e-001  9.856272e-001 -2.833468e+000
      vertex  8.000000e-001  8.384569e-001 -2.880450e+000
    endloop
  endfacet
  facet normal  0.000000e+000  2.546717e-001 -9.670276e-001
    outer loop
      vertex  0.000000e+000  8.384569e-001 -2.880450e+000
      vertex  8.000000e-001  8.384569e-001 -2.880450e+000
      vertex  0.000000e+000  6.890633e-001 -2.919793e+000
    endloop
  endfacet
  facet normal  0.000000e+000  2.546717e-001 -9.670276e-001
    outer loop
      vertex  0.000000e+000  6.890633e-001 -2.919793e+000
      vertex  8.000000e-001  8.384569e-001 -2.880450e+000
      vertex  8.000000e-001  6.890633e-001 -2.919793e+000
    endloop
  endfacet
  facet normal  0.000000e+000  2.045519e-001 -9.788557e-001
    outer loop
      vertex  0.000000e+000  6.890633e-001 -2.919793e+000
      vertex  8.000000e-001  6.890633e-001 -2.919793e+000
      vertex  0.000000e+000  5.378423e-001 -2.951394e+000
    endloop
  endfacet
  facet normal  0.000000e+000  2.045519e-001 -9.788557e-001
    outer loop
      vertex  0.000000e+000  5.378423e-001 -2.951394e+000
      vertex  8.000000e-001  6.890633e-001 -2.919793e+000
      vertex  8.000000e-001  5.378423e-001 -2.951394e+000
    endloop
  endfacet
  facet normal  0.000000e+000  1.538905e-001 -9.880879e-001
    outer loop
      vertex  0.000000e+000  5.378423e-001 -2.951394e+000
      vertex  8.000000e-001  5.378423e-001 -2.951394e+000
      vertex  0.000000e+000  3.851951e-001 -2.975168e+000
    endloop
  endfacet
  facet normal  0.000000e+000  1.538905e-001 -9.880879e-001
    outer loop
      vertex  0.000000e+000  3.851951e-001 -2.975168e+000
      vertex  8.000000e-001  5.378423e-001 -2.951394e+000
      vertex  8.000000e-001  3.851951e-001 -2.975168e+000
    endloop
  endfacet
  facet normal  0.000000e+000  1.028215e-001 -9.946998e-001
    outer loop
      vertex  0.000000e+000  3.851951e-001 -2.975168e+000
      vertex  8.000000e-001  3.851951e-001 -2.975168e+000
      vertex  0.000000e+000  2.315264e-001 -2.991053e+000
    endloop
  endfacet
  facet normal  0.000000e+000  1.028215e-001 -9.946998e-001
    outer loop
      vertex  0.000000e+000  2.315264e-001 -2.991053e+000
      vertex  8.000000e-001  3.851951e-001 -2.975168e+000
      vertex  8.000000e-001  2.315264e-001 -2.991053e+000
    endloop
  endfacet
  facet normal  0.000000e+000  5.147789e-002 -9.986741e-001
    outer loop
      vertex  0.000000e+000  2.315264e-001 -2.991053e+000
      vertex  8.000000e-001  2.315264e-001 -2.991053e+000
      vertex  0.000000e+000  7.724374e-002 -2.999005e+000
    endloop
  endfacet
  facet normal  0.000000e+000  5.147789e-002 -9.986741e-001
    outer loop
      vertex  0.000000e+000  7.724374e-002 -2.999005e+000
      vertex  8.000000e-001  2.315264e-001 -2.991053e+000
      vertex  8.000000e-001  7.724374e-002 -2.999005e+000
    endloop
  endfacet
  facet normal  -0.000000e+000  0.000000e+000 -1.000000e+000
    outer loop
      vertex  0.000000e+000  7.724374e-002 -2.999005e+000
      vertex  8.000000e-001  7.724374e-002 -2.999005e+000
      vertex  0.000000e+000 -7.724374e-002 -2.999005e+000
    endloop
  endfacet
  facet normal  0.000000e+000  0.000000e+000 -1.000000e+000
    outer loop
      vertex  0.000000e+000 -7.724374e-002 -2.999005e+000
      vertex  8.000000e-001  7.724374e-002 -2.999005e+000
      vertex  8.000000e-001 -7.724374e-002 -2.999005e+000
    endloop
  endfacet
  facet normal  -0.000000e+000 -5.147789e-002 -9.986741e-001
    outer loop
      vertex  0.000000e+000 -7.724374e-002 -2.999005e+000
      vertex  8.000000e-001 -7.724374e-002 -2.999005e+000
      vertex  0.000000e+000 -2.315264e-001 -2.991053e+000
    endloop
  endfacet
  facet normal  0.000000e+000 -5.147789e-002 -9.986741e-001
    outer loop
      vertex  0.000000e+000 -2.315264e-001 -2.991053e+000
      vertex  8.000000e-001 -7.724374e-002 -2.999005e+000
      vertex  8.000000e-001 -2.315264e-001 -2.991053e+000
    endloop
  endfacet
  facet normal  -0.000000e+000 -1.028215e-001 -9.946998e-001
    outer loop
      vertex  0.000000e+000 -2.315264e-001 -2.991053e+000
      vertex  8.000000e-001 -2.315264e-001 -2.991053e+000
      vertex  0.000000e+000 -3.851951e-001 -2.975168e+000
    endloop
  endfacet
  facet normal  0.000000e+000 -1.028215e-001 -9.946998e-001
    outer loop
      vertex  0.000000e+000 -3.851951e-001 -2.975168e+000
      vertex  8.000000e-001 -2.315264e-001 -2.991053e+000
      vertex  8.000000e-001 -3.851951e-001 -2.975168e+000
    endloop
  endfacet
  facet normal  -0.000000e+000 -1.538905e-001 -9.880879e-001
    outer loop
      vertex  0.000000e+000 -3.851951e-001 -2.975168e+000
      vertex  8.000000e-001 -3.851951e-001 -2.975168e+000
      vertex  0.000000e+000 -5.378423e-001 -2.951394e+000
    endloop
  endfacet
  facet normal  0.000000e+000 -1.538905e-001 -9.880879e-001
    outer loop
      vertex  0.000000e+000 -5.378423e-001 -2.951394e+000
      vertex  8.000000e-001 -3.851951e-001 -2.975168e+000
      vertex  8.000000e-001 -5.378423e-001 -2.951394e+000
    endloop
  endfacet
  facet normal  -0.000000e+000 -2.045519e-001 -9.788557e-001
    outer loop
      vertex  0.000000e+000 -5.378423e-001 -2.951394e+000
      vertex  8.000000e-001 -5.378423e-001 -2.951394e+000
      vertex  0.000000e+000 -6.890633e-001 -2.919793e+000
    endloop
  endfacet
  facet normal  0.000000e+000 -2.045519e-001 -9.788557e-001
    outer loop
      vertex  0.000000e+000 -6.890633e-001 -2.919793e+000
      vertex  8.000000e-001 -5.378423e-001 -2.951394e+000
      vertex  8.000000e-001 -6.890633e-001 -2.919793e+000
    endloop
  endfacet
  facet normal  -0.000000e+000 -2.546717e-001 -9.670276e-001
    outer loop
      vertex  0.000000e+000 -6.890633e-001 -2.919793e+000
      vertex  8.000000e-001 -6.890633e-001 -2.919793e+000
      vertex  0.000000e+000 -8.384569e-001 -2.880450e+000
    endloop
  endfacet
  facet normal  0.000000e+000 -2.546717e-001 -9.670276e-001
    outer loop
      vertex  0.000000e+000 -8.384569e-001 -2.880450e+000
      vertex  8.000000e-001 -6.890633e-001 -2.919793e+000
      vertex  8.000000e-001 -8.384569e-001 -2.880450e+000
    endloop
  endfacet
  facet normal  -0.000000e+000 -3.041141e-001 -9.526356e-001
    outer loop
      vertex  0.000000e+000 -8.384569e-001 -2.880450e+000
      vertex  8.000000e-001 -8.384569e-001 -2.880450e+000
      vertex  0.000000e+000 -9.856272e-001 -2.833468e+000
    endloop
  endfacet
  facet normal  0.000000e+000 -3.041141e-001 -9.526356e-001
    outer loop
      vertex  0.000000e+000 -9.856272e-001 -2.833468e+000
      vertex  8.000000e-001 -8.384569e-001 -2.880450e+000
      vertex  8.000000e-001 -9.856272e-001 -2.833468e+000
    endloop
  endfacet
  facet normal  -0.000000e+000 -3.527523e-001 -9.357167e-001
    outer loop
      vertex  0.000000e+000 -9.856272e-001 -2.833468e+000
      vertex  8.000000e-001 -9.856272e-001 -2.833468e+000
      vertex  0.000000e+000 -1.130184e+000 -2.778972e+000
    endloop
  endfacet
  facet normal  0.000000e+000 -3.527523e-001 -9.357167e-001
    outer loop
      vertex  0.000000e+000 -1.130184e+000 -2.778972e+000
      vertex  8.000000e-001 -9.856272e-001 -2.833468e+000
      vertex  8.000000e-001 -1.130184e+000 -2.778972e+000
    endloop
  endfacet
  facet normal  -0.000000e+000 -4.004538e-001 -9.163170e-001
    outer loop
      vertex  0.000000e+000 -1.130184e+000 -2.778972e+000
      vertex  8.000000e-001 -1.130184e+000 -2.778972e+000
      vertex  0.000000e+000 -1.271743e+000 -2.717107e+000
    endloop
  endfacet
  facet normal  0.000000e+000 -4.004538e-001 -9.163170e-001
    outer loop
      vertex  0.000000e+000 -1.271743e+000 -2.717107e+000
      vertex  8.000000e-001 -1.130184e+000 -2.778972e+000
      vertex  8.000000e-001 -1.271743e+000 -2.717107e+000
    endloop
  endfacet
  facet normal  -0.000000e+000 -4.470935e-001 -8.944873e-001
    outer loop
      vertex  0.000000e+000 -1.271743e+000 -2.717107e+000
      vertex  8.000000e-001 -1.271743e+000 -2.717107e+000
      vertex  0.000000e+000 -1.409930e+000 -2.648036e+000
    endloop
  endfacet
  facet normal  0.000000e+000 -4.470935e-001 -8.944873e-001
    outer loop
      vertex  0.000000e+000 -1.409930e+000 -2.648036e+000
      vertex  8.000000e-001 -1.271743e+000 -2.717107e+000
      vertex  8.000000e-001 -1.409930e+000 -2.648036e+000
    endloop
  endfacet
  facet normal  -0.000000e+000 -4.925479e-001 -8.702853e-001
    outer loop
      vertex  0.000000e+000 -1.409930e+000 -2.648036e+000
      vertex  8.000000e-001 -1.409930e+000 -2.648036e+000
      vertex  0.000000e+000 -1.544378e+000 -2.571944e+000
    endloop
  endfacet
  facet normal  0.000000e+000 -4.925479e-001 -8.702853e-001
    outer loop
      vertex  0.000000e+000 -1.544378e+000 -2.571944e+000
      vertex  8.000000e-001 -1.409930e+000 -2.648036e+000
      vertex  8.000000e-001 -1.544378e+000 -2.571944e+000
    endloop
  endfacet
  facet normal  -0.000000e+000 -5.366966e-001 -8.437753e-001
    outer loop
      vertex  0.000000e+000 -1.544378e+000 -2.571944e+000
      vertex  8.000000e-001 -1.544378e+000 -2.571944e+000
      vertex  0.000000e+000 -1.674731e+000 -2.489031e+000
    endloop
  endfacet
  facet normal  0.000000e+000 -5.366966e-001 -8.437753e-001
    outer loop
      vertex  0.000000e+000 -1.674731e+000 -2.489031e+000
      vertex  8.000000e-001 -1.544378e+000 -2.571944e+000
      vertex  8.000000e-001 -1.674731e+000 -2.489031e+000
    endloop
  endfacet
  facet normal  -0.000000e+000 -5.794210e-001 -8.150285e-001
    outer loop
      vertex  0.000000e+000 -1.674731e+000 -2.489031e+000
      vertex  8.000000e-001 -1.674731e+000 -2.489031e+000
      vertex  0.000000e+000 -1.800643e+000 -2.399518e+000
    endloop
  endfacet
  facet normal  0.000000e+000 -5.794210e-001 -8.150285e-001
    outer loop
      vertex  0.000000e+000 -1.800643e+000 -2.399518e+000
      vertex  8.000000e-001 -1.674731e+000 -2.489031e+000
      vertex  8.000000e-001 -1.800643e+000 -2.399518e+000
    endloop
  endfacet
  facet normal  -0.000000e+000 -6.206098e-001 -7.841195e-001
    outer loop
      vertex  0.000000e+000 -1.800643e+000 -2.399518e+000
      vertex  8.000000e-001 -1.800643e+000 -2.399518e+000
      vertex  0.000000e+000 -1.921780e+000 -2.303641e+000
    endloop
  endfacet
  facet normal  0.000000e+000 -6.206098e-001 -7.841195e-001
    outer loop
      vertex  0.000000e+000 -1.921780e+000 -2.303641e+000
      vertex  8.000000e-001 -1.800643e+000 -2.399518e+000
      vertex  8.000000e-001 -1.921780e+000 -2.303641e+000
    endloop
  endfacet
  facet normal  -0.000000e+000 -6.601517e-001 -7.511322e-001
    outer loop
      vertex  0.000000e+000 -1.921780e+000 -2.303641e+000
      vertex  8.000000e-001 -1.921780e+000 -2.303641e+000
      vertex  0.000000e+000 -2.037820e+000 -2.201656e+000
    endloop
  endfacet
  facet normal  0.000000e+000 -6.601517e-001 -7.511322e-001
    outer loop
      vertex  0.000000e+000 -2.037820e+000 -2.201656e+000
      vertex  8.000000e-001 -1.921780e+000 -2.303641e+000
      vertex  8.000000e-001 -2.037820e+000 -2.201656e+000
    endloop
  endfacet
  facet normal  -0.000000e+000 -6.979443e-001 -7.161521e-001
    outer loop
      vertex  0.000000e+000 -2.037820e+000 -2.201656e+000
      vertex  8.000000e-001 -2.037820e+000 -2.201656e+000
      vertex  0.000000e+000 -2.148457e+000 -2.093832e+000
    endloop
  endfacet
  facet normal  0.000000e+000 -6.979443e-001 -7.161521e-001
    outer loop
      vertex  0.000000e+000 -2.148457e+000 -2.093832e+000
      vertex  8.000000e-001 -2.037820e+000 -2.201656e+000
      vertex  8.000000e-001 -2.148457e+000 -2.093832e+000
    endloop
  endfacet
  facet normal  -0.000000e+000 -7.338856e-001 -6.792732e-001
    outer loop
      vertex  0.000000e+000 -2.148457e+000 -2.093832e+000
      vertex  8.000000e-001 -2.148457e+000 -2.093832e+000
      vertex  0.000000e+000 -2.253396e+000 -1.980456e+000
    endloop
  endfacet
  facet normal  0.000000e+000 -7.338856e-001 -6.792732e-001
    outer loop
      vertex  0.000000e+000 -2.253396e+000 -1.980456e+000
      vertex  8.000000e-001 -2.148457e+000 -2.093832e+000
      vertex  8.000000e-001 -2.253396e+000 -1.980456e+000
    endloop
  endfacet
  facet normal  -0.000000e+000 -7.678800e-001 -6.405936e-001
    outer loop
      vertex  0.000000e+000 -2.253396e+000 -1.980456e+000
      vertex  8.000000e-001 -2.253396e+000 -1.980456e+000
      vertex  0.000000e+000 -2.352360e+000 -1.861828e+000
    endloop
  endfacet
  facet normal  0.000000e+000 -7.678800e-001 -6.405936e-001
    outer loop
      vertex  0.000000e+000 -2.352360e+000 -1.861828e+000
      vertex  8.000000e-001 -2.253396e+000 -1.980456e+000
      vertex  8.000000e-001 -2.352360e+000 -1.861828e+000
    endloop
  endfacet
  facet normal  -0.000000e+000 -7.998396e-001 -6.002138e-001
    outer loop
      vertex  0.000000e+000 -2.352360e+000 -1.861828e+000
      vertex  8.000000e-001 -2.352360e+000 -1.861828e+000
      vertex  0.000000e+000 -2.445085e+000 -1.738263e+000
    endloop
  endfacet
  facet normal  0.000000e+000 -7.998396e-001 -6.002138e-001
    outer loop
      vertex  0.000000e+000 -2.445085e+000 -1.738263e+000
      vertex  8.000000e-001 -2.352360e+000 -1.861828e+000
      vertex  8.000000e-001 -2.445085e+000 -1.738263e+000
    endloop
  endfacet
  facet normal  -0.000000e+000 -8.296767e-001 -5.582441e-001
    outer loop
      vertex  0.000000e+000 -2.445085e+000 -1.738263e+000
      vertex  8.000000e-001 -2.445085e+000 -1.738263e+000
      vertex  0.000000e+000 -2.531327e+000 -1.610089e+000
    endloop
  endfacet
  facet normal  0.000000e+000 -8.296767e-001 -5.582441e-001
    outer loop
      vertex  0.000000e+000 -2.531327e+000 -1.610089e+000
      vertex  8.000000e-001 -2.445085e+000 -1.738263e+000
      vertex  8.000000e-001 -2.531327e+000 -1.610089e+000
    endloop
  endfacet
  facet normal  -0.000000e+000 -8.573146e-001 -5.147929e-001
    outer loop
      vertex  0.000000e+000 -2.531327e+000 -1.610089e+000
      vertex  8.000000e-001 -2.531327e+000 -1.610089e+000
      vertex  0.000000e+000 -2.610856e+000 -1.477644e+000
    endloop
  endfacet
  facet normal  0.000000e+000 -8.573146e-001 -5.147929e-001
    outer loop
      vertex  0.000000e+000 -2.610856e+000 -1.477644e+000
      vertex  8.000000e-001 -2.531327e+000 -1.610089e+000
      vertex  8.000000e-001 -2.610856e+000 -1.477644e+000
    endloop
  endfacet
  facet normal  -0.000000e+000 -8.826792e-001 -4.699761e-001
    outer loop
      vertex  0.000000e+000 -2.610856e+000 -1.477644e+000
      vertex  8.000000e-001 -2.610856e+000 -1.477644e+000
      vertex  0.000000e+000 -2.683461e+000 -1.341281e+000
    endloop
  endfacet
  facet normal  0.000000e+000 -8.826792e-001 -4.699761e-001
    outer loop
      vertex  0.000000e+000 -2.683461e+000 -1.341281e+000
      vertex  8.000000e-001 -2.610856e+000 -1.477644e+000
      vertex  8.000000e-001 -2.683461e+000 -1.341281e+000
    endloop
  endfacet
  facet normal  -0.000000e+000 -9.057021e-001 -4.239148e-001
    outer loop
      vertex  0.000000e+000 -2.683461e+000 -1.341281e+000
      vertex  8.000000e-001 -2.683461e+000 -1.341281e+000
      vertex  0.000000e+000 -2.748951e+000 -1.201362e+000
    endloop
  endfacet
  facet normal  0.000000e+000 -9.057021e-001 -4.239148e-001
    outer loop
      vertex  0.000000e+000 -2.748951e+000 -1.201362e+000
      vertex  8.000000e-001 -2.683461e+000 -1.341281e+000
      vertex  8.000000e-001 -2.748951e+000 -1.201362e+000
    endloop
  endfacet
  facet normal  -0.000000e+000 -9.263243e-001 -3.767273e-001
    outer loop
      vertex  0.000000e+000 -2.748951e+000 -1.201362e+000
      vertex  8.000000e-001 -2.748951e+000 -1.201362e+000
      vertex  0.000000e+000 -2.807150e+000 -1.058256e+000
    endloop
  endfacet
  facet normal  0.000000e+000 -9.263243e-001 -3.767273e-001
    outer loop
      vertex  0.000000e+000 -2.807150e+000 -1.058256e+000
      vertex  8.000000e-001 -2.748951e+000 -1.201362e+000
      vertex  8.000000e-001 -2.807150e+000 -1.058256e+000
    endloop
  endfacet
  facet normal  -0.000000e+000 -9.444892e-001 -3.285427e-001
    outer loop
      vertex  0.000000e+000 -2.807150e+000 -1.058256e+000
      vertex  8.000000e-001 -2.807150e+000 -1.058256e+000
      vertex  0.000000e+000 -2.857906e+000 -9.123445e-001
    endloop
  endfacet
  facet normal  0.000000e+000 -9.444892e-001 -3.285427e-001
    outer loop
      vertex  0.000000e+000 -2.857906e+000 -9.123445e-001
      vertex  8.000000e-001 -2.807150e+000 -1.058256e+000
      vertex  8.000000e-001 -2.857906e+000 -9.123445e-001
    endloop
  endfacet
  facet normal  -0.000000e+000 -9.601498e-001 -2.794862e-001
    outer loop
      vertex  0.000000e+000 -2.857906e+000 -9.123445e-001
      vertex  8.000000e-001 -2.857906e+000 -9.123445e-001
      vertex  0.000000e+000 -2.901083e+000 -7.640134e-001
    endloop
  endfacet
  facet normal  0.000000e+000 -9.601498e-001 -2.794862e-001
    outer loop
      vertex  0.000000e+000 -2.901083e+000 -7.640134e-001
      vertex  8.000000e-001 -2.857906e+000 -9.123445e-001
      vertex  8.000000e-001 -2.901083e+000 -7.640134e-001
    endloop
  endfacet
  facet normal  -0.000000e+000 -9.732644e-001 -2.296875e-001
    outer loop
      vertex  0.000000e+000 -2.901083e+000 -7.640134e-001
      vertex  8.000000e-001 -2.901083e+000 -7.640134e-001
      vertex  0.000000e+000 -2.936567e+000 -6.136562e-001
    endloop
  endfacet
  facet normal  0.000000e+000 -9.732644e-001 -2.296875e-001
    outer loop
      vertex  0.000000e+000 -2.936567e+000 -6.136562e-001
      vertex  8.000000e-001 -2.901083e+000 -7.640134e-001
      vertex  8.000000e-001 -2.936567e+000 -6.136562e-001
    endloop
  endfacet
  facet normal  -0.000000e+000 -9.837980e-001 -1.792806e-001
    outer loop
      vertex  0.000000e+000 -2.936567e+000 -6.136562e-001
      vertex  8.000000e-001 -2.936567e+000 -6.136562e-001
      vertex  0.000000e+000 -2.964264e+000 -4.616717e-001
    endloop
  endfacet
  facet normal  0.000000e+000 -9.837980e-001 -1.792806e-001
    outer loop
      vertex  0.000000e+000 -2.964264e+000 -4.616717e-001
      vertex  8.000000e-001 -2.936567e+000 -6.136562e-001
      vertex  8.000000e-001 -2.964264e+000 -4.616717e-001
    endloop
  endfacet
  facet normal  -0.000000e+000 -9.917227e-001 -1.283984e-001
    outer loop
      vertex  0.000000e+000 -2.964264e+000 -4.616717e-001
      vertex  8.000000e-001 -2.964264e+000 -4.616717e-001
      vertex  0.000000e+000 -2.984100e+000 -3.084630e-001
    endloop
  endfacet
  facet normal  0.000000e+000 -9.917227e-001 -1.283984e-001
    outer loop
      vertex  0.000000e+000 -2.984100e+000 -3.084630e-001
      vertex  8.000000e-001 -2.964264e+000 -4.616717e-001
      vertex  8.000000e-001 -2.984100e+000 -3.084630e-001
    endloop
  endfacet
  facet normal  -0.000000e+000 -9.970176e-001 -7.717519e-002
    outer loop
      vertex  0.000000e+000 -2.984100e+000 -3.084630e-001
      vertex  8.000000e-001 -2.984100e+000 -3.084630e-001
      vertex  0.000000e+000 -2.996022e+000 -1.544363e-001
    endloop
  endfacet
  facet normal  0.000000e+000 -9.970176e-001 -7.717519e-002
    outer loop
      vertex  0.000000e+000 -2.996022e+000 -1.544363e-001
      vertex  8.000000e-001 -2.984100e+000 -3.084630e-001
      vertex  8.000000e-001 -2.996022e+000 -1.544363e-001
    endloop
  endfacet
  facet normal  -0.000000e+000 -9.996684e-001 -2.574821e-002
    outer loop
      vertex  0.000000e+000 -2.996022e+000 -1.544363e-001
      vertex  8.000000e-001 -2.996022e+000 -1.544363e-001
      vertex  0.000000e+000 -3.000000e+000  3.673819e-016
    endloop
  endfacet
  facet normal  0.000000e+000 -9.996684e-001 -2.574821e-002
    outer loop
      vertex  0.000000e+000 -3.000000e+000  3.673819e-016
      vertex  8.000000e-001 -2.996022e+000 -1.544363e-001
      vertex  8.000000e-001 -3.000000e+000  3.673819e-016
    endloop
  endfacet
  facet normal  0.000000e+000 -9.996684e-001  2.574821e-002
    outer loop
      vertex  0.000000e+000 -3.000000e+000  3.673819e-016
      vertex  8.000000e-001 -3.000000e+000  3.673819e-016
      vertex  0.000000e+000 -2.996022e+000  1.544363e-001
    endloop
  endfacet
  facet normal  0.000000e+000 -9.996684e-001  2.574821e-002
    outer loop
      vertex  0.000000e+000 -2.996022e+000  1.544363e-001
      vertex  8.000000e-001 -3.000000e+000  3.673819e-016
      vertex  8.000000e-001 -2.996022e+000  1.544363e-001
    endloop
  endfacet
  facet normal  0.000000e+000 -9.970176e-001  7.717519e-002
    outer loop
      vertex  0.000000e+000 -2.996022e+000  1.544363e-001
      vertex  8.000000e-001 -2.996022e+000  1.544363e-001
      vertex  0.000000e+000 -2.984100e+000  3.084630e-001
    endloop
  endfacet
  facet normal  0.000000e+000 -9.970176e-001  7.717519e-002
    outer loop
      vertex  0.000000e+000 -2.984100e+000  3.084630e-001
      vertex  8.000000e-001 -2.996022e+000  1.544363e-001
      vertex  8.000000e-001 -2.984100e+000  3.084630e-001
    endloop
  endfacet
  facet normal  0.000000e+000 -9.917227e-001  1.283984e-001
    outer loop
      vertex  0.000000e+000 -2.984100e+000  3.084630e-001
      vertex  8.000000e-001 -2.984100e+000  3.084630e-001
      vertex  0.000000e+000 -2.964264e+000  4.616717e-001
    endloop
  endfacet
  facet normal  0.000000e+000 -9.917227e-001  1.283984e-001
    outer loop
      vertex  0.000000e+000 -2.964264e+000  4.616717e-001
      vertex  8.000000e-001 -2.984100e+000  3.084630e-001
      vertex  8.000000e-001 -2.964264e+000  4.616717e-001
    endloop
  endfacet
  facet normal  0.000000e+000 -9.837980e-001  1.792806e-001
    outer loop
      vertex  0.000000e+000 -2.964264e+000  4.616717e-001
      vertex  8.000000e-001 -2.964264e+000  4.616717e-001
      vertex  0.000000e+000 -2.936567e+000  6.136562e-001
    endloop
  endfacet
  facet normal  0.000000e+000 -9.837980e-001  1.792806e-001
    outer loop
      vertex  0.000000e+000 -2.936567e+000  6.136562e-001
      vertex  8.000000e-001 -2.964264e+000  4.616717e-001
      vertex  8.000000e-001 -2.936567e+000  6.136562e-001
    endloop
  endfacet
  facet normal  0.000000e+000 -9.732644e-001  2.296875e-001
    outer loop
      vertex  0.000000e+000 -2.936567e+000  6.136562e-001
      vertex  8.000000e-001 -2.936567e+000  6.136562e-001
      vertex  0.000000e+000 -2.901083e+000  7.640134e-001
    endloop
  endfacet
  facet normal  0.000000e+000 -9.732644e-001  2.296875e-001
    outer loop
      vertex  0.000000e+000 -2.901083e+000  7.640134e-001
      vertex  8.000000e-001 -2.936567e+000  6.136562e-001
      vertex  8.000000e-001 -2.901083e+000  7.640134e-001
    endloop
  endfacet
  facet normal  0.000000e+000 -9.601498e-001  2.794862e-001
    outer loop
      vertex  0.000000e+000 -2.901083e+000  7.640134e-001
      vertex  8.000000e-001 -2.901083e+000  7.640134e-001
      vertex  0.000000e+000 -2.857906e+000  9.123445e-001
    endloop
  endfacet
  facet normal  0.000000e+000 -9.601498e-001  2.794862e-001
    outer loop
      vertex  0.000000e+000 -2.857906e+000  9.123445e-001
      vertex  8.000000e-001 -2.901083e+000  7.640134e-001
      vertex  8.000000e-001 -2.857906e+000  9.123445e-001
    endloop
  endfacet
  facet normal  0.000000e+000 -9.444892e-001  3.285427e-001
    outer loop
      vertex  0.000000e+000 -2.857906e+000  9.123445e-001
      vertex  8.000000e-001 -2.857906e+000  9.123445e-001
      vertex  0.000000e+000 -2.807150e+000  1.058256e+000
    endloop
  endfacet
  facet normal  0.000000e+000 -9.444892e-001  3.285427e-001
    outer loop
      vertex  0.000000e+000 -2.807150e+000  1.058256e+000
      vertex  8.000000e-001 -2.857906e+000  9.123445e-001
      vertex  8.000000e-001 -2.807150e+000  1.058256e+000
    endloop
  endfacet
  facet normal  0.000000e+000 -9.263243e-001  3.767273e-001
    outer loop
      vertex  0.000000e+000 -2.807150e+000  1.058256e+000
      vertex  8.000000e-001 -2.807150e+000  1.058256e+000
      vertex  0.000000e+000 -2.748951e+000  1.201362e+000
    endloop
  endfacet
  facet normal  0.000000e+000 -9.263243e-001  3.767273e-001
    outer loop
      vertex  0.000000e+000 -2.748951e+000  1.201362e+000
      vertex  8.000000e-001 -2.807150e+000  1.058256e+000
      vertex  8.000000e-001 -2.748951e+000  1.201362e+000
    endloop
  endfacet
  facet normal  0.000000e+000 -9.057021e-001  4.239148e-001
    outer loop
      vertex  0.000000e+000 -2.748951e+000  1.201362e+000
      vertex  8.000000e-001 -2.748951e+000  1.201362e+000
      vertex  0.000000e+000 -2.683461e+000  1.341281e+000
    endloop
  endfacet
  facet normal  0.000000e+000 -9.057021e-001  4.239148e-001
    outer loop
      vertex  0.000000e+000 -2.683461e+000  1.341281e+000
      vertex  8.000000e-001 -2.748951e+000  1.201362e+000
      vertex  8.000000e-001 -2.683461e+000  1.341281e+000
    endloop
  endfacet
  facet normal  0.000000e+000 -8.826792e-001  4.699761e-001
    outer loop
      vertex  0.000000e+000 -2.683461e+000  1.341281e+000
      vertex  8.000000e-001 -2.683461e+000  1.341281e+000
      vertex  0.000000e+000 -2.610856e+000  1.477644e+000
    endloop
  endfacet
  facet normal  0.000000e+000 -8.826792e-001  4.699761e-001
    outer loop
      vertex  0.000000e+000 -2.610856e+000  1.477644e+000
      vertex  8.000000e-001 -2.683461e+000  1.341281e+000
      vertex  8.000000e-001 -2.610856e+000  1.477644e+000
    endloop
  endfacet
  facet normal  0.000000e+000 -8.573146e-001  5.147929e-001
    outer loop
      vertex  0.000000e+000 -2.610856e+000  1.477644e+000
      vertex  8.000000e-001 -2.610856e+000  1.477644e+000
      vertex  0.000000e+000 -2.531327e+000  1.610089e+000
    endloop
  endfacet
  facet normal  0.000000e+000 -8.573146e-001  5.147929e-001
    outer loop
      vertex  0.000000e+000 -2.531327e+000  1.610089e+000
      vertex  8.000000e-001 -2.610856e+000  1.477644e+000
      vertex  8.000000e-001 -2.531327e+000  1.610089e+000
    endloop
  endfacet
  facet normal  0.000000e+000 -8.296767e-001  5.582441e-001
    outer loop
      vertex  0.000000e+000 -2.531327e+000  1.610089e+000
      vertex  8.000000e-001 -2.531327e+000  1.610089e+000
      vertex  0.000000e+000 -2.445085e+000  1.738263e+000
    endloop
  endfacet
  facet normal  0.000000e+000 -8.296767e-001  5.582441e-001
    outer loop
      vertex  0.000000e+000 -2.445085e+000  1.738263e+000
      vertex  8.000000e-001 -2.531327e+000  1.610089e+000
      vertex  8.000000e-001 -2.445085e+000  1.738263e+000
    endloop
  endfacet
  facet normal  0.000000e+000 -7.998396e-001  6.002138e-001
    outer loop
      vertex  0.000000e+000 -2.445085e+000  1.738263e+000
      vertex  8.000000e-001 -2.445085e+000  1.738263e+000
      vertex  0.000000e+000 -2.352360e+000  1.861828e+000
    endloop
  endfacet
  facet normal  0.000000e+000 -7.998396e-001  6.002138e-001
    outer loop
      vertex  0.000000e+000 -2.352360e+000  1.861828e+000
      vertex  8.000000e-001 -2.445085e+000  1.738263e+000
      vertex  8.000000e-001 -2.352360e+000  1.861828e+000
    endloop
  endfacet
  facet normal  0.000000e+000 -7.678800e-001  6.405936e-001
    outer loop
      vertex  0.000000e+000 -2.352360e+000  1.861828e+000
      vertex  8.000000e-001 -2.352360e+000  1.861828e+000
      vertex  0.000000e+000 -2.253396e+000  1.980456e+000
    endloop
  endfacet
  facet normal  0.000000e+000 -7.678800e-001  6.405936e-001
    outer loop
      vertex  0.000000e+000 -2.253396e+000  1.980456e+000
      vertex  8.000000e-001 -2.352360e+000  1.861828e+000
      vertex  8.000000e-001 -2.253396e+000  1.980456e+000
    endloop
  endfacet
  facet normal  0.000000e+000 -7.338856e-001  6.792732e-001
    outer loop
      vertex  0.000000e+000 -2.253396e+000  1.980456e+000
      vertex  8.000000e-001 -2.253396e+000  1.980456e+000
      vertex  0.000000e+000 -2.148457e+000  2.093832e+000
    endloop
  endfacet
  facet normal  0.000000e+000 -7.338856e-001  6.792732e-001
    outer loop
      vertex  0.000000e+000 -2.148457e+000  2.093832e+000
      vertex  8.000000e-001 -2.253396e+000  1.980456e+000
      vertex  8.000000e-001 -2.148457e+000  2.093832e+000
    endloop
  endfacet
  facet normal  0.000000e+000 -6.979443e-001  7.161521e-001
    outer loop
      vertex  0.000000e+000 -2.148457e+000  2.093832e+000
      vertex  8.000000e-001 -2.148457e+000  2.093832e+000
      vertex  0.000000e+000 -2.037820e+000  2.201656e+000
    endloop
  endfacet
  facet normal  0.000000e+000 -6.979443e-001  7.161521e-001
    outer loop
      vertex  0.000000e+000 -2.037820e+000  2.201656e+000
      vertex  8.000000e-001 -2.148457e+000  2.093832e+000
      vertex  8.000000e-001 -2.037820e+000  2.201656e+000
    endloop
  endfacet
  facet normal  0.000000e+000 -6.601517e-001  7.511322e-001
    outer loop
      vertex  0.000000e+000 -2.037820e+000  2.201656e+000
      vertex  8.000000e-001 -2.037820e+000  2.201656e+000
      vertex  0.000000e+000 -1.921780e+000  2.303641e+000
    endloop
  endfacet
  facet normal  0.000000e+000 -6.601517e-001  7.511322e-001
    outer loop
      vertex  0.000000e+000 -1.921780e+000  2.303641e+000
      vertex  8.000000e-001 -2.037820e+000  2.201656e+000
      vertex  8.000000e-001 -1.921780e+000  2.303641e+000
    endloop
  endfacet
  facet normal  0.000000e+000 -6.206098e-001  7.841195e-001
    outer loop
      vertex  0.000000e+000 -1.921780e+000  2.303641e+000
      vertex  8.000000e-001 -1.921780e+000  2.303641e+000
      vertex  0.000000e+000 -1.800643e+000  2.399518e+000
    endloop
  endfacet
  facet normal  0.000000e+000 -6.206098e-001  7.841195e-001
    outer loop
      vertex  0.000000e+000 -1.800643e+000  2.399518e+000
      vertex  8.000000e-001 -1.921780e+000  2.303641e+000
      vertex  8.000000e-001 -1.800643e+000  2.399518e+000
    endloop
  endfacet
  facet normal  0.000000e+000 -5.794210e-001  8.150285e-001
    outer loop
      vertex  0.000000e+000 -1.800643e+000  2.399518e+000
      vertex  8.000000e-001 -1.800643e+000  2.399518e+000
      vertex  0.000000e+000 -1.674731e+000  2.489031e+000
    endloop
  endfacet
  facet normal  0.000000e+000 -5.794210e-001  8.150285e-001
    outer loop
      vertex  0.000000e+000 -1.674731e+000  2.489031e+000
      vertex  8.000000e-001 -1.800643e+000  2.399518e+000
      vertex  8.000000e-001 -1.674731e+000  2.489031e+000
    endloop
  endfacet
  facet normal  0.000000e+000 -5.366966e-001  8.437753e-001
    outer loop
      vertex  0.000000e+000 -1.674731e+000  2.489031e+000
      vertex  8.000000e-001 -1.674731e+000  2.489031e+000
      vertex  0.000000e+000 -1.544378e+000  2.571944e+000
    endloop
  endfacet
  facet normal  0.000000e+000 -5.366966e-001  8.437753e-001
    outer loop
      vertex  0.000000e+000 -1.544378e+000  2.571944e+000
      vertex  8.000000e-001 -1.674731e+000  2.489031e+000
      vertex  8.000000e-001 -1.544378e+000  2.571944e+000
    endloop
  endfacet
  facet normal  0.000000e+000 -4.925479e-001  8.702853e-001
    outer loop
      vertex  0.000000e+000 -1.544378e+000  2.571944e+000
      vertex  8.000000e-001 -1.544378e+000  2.571944e+000
      vertex  0.000000e+000 -1.409930e+000  2.648036e+000
    endloop
  endfacet
  facet normal  0.000000e+000 -4.925479e-001  8.702853e-001
    outer loop
      vertex  0.000000e+000 -1.409930e+000  2.648036e+000
      vertex  8.000000e-001 -1.544378e+000  2.571944e+000
      vertex  8.000000e-001 -1.409930e+000  2.648036e+000
    endloop
  endfacet
  facet normal  0.000000e+000 -4.470935e-001  8.944873e-001
    outer loop
      vertex  0.000000e+000 -1.409930e+000  2.648036e+000
      vertex  8.000000e-001 -1.409930e+000  2.648036e+000
      vertex  0.000000e+000 -1.271743e+000  2.717107e+000
    endloop
  endfacet
  facet normal  0.000000e+000 -4.470935e-001  8.944873e-001
    outer loop
      vertex  0.000000e+000 -1.271743e+000  2.717107e+000
      vertex  8.000000e-001 -1.409930e+000  2.648036e+000
      vertex  8.000000e-001 -1.271743e+000  2.717107e+000
    endloop
  endfacet
  facet normal  0.000000e+000 -4.004538e-001  9.163170e-001
    outer loop
      vertex  0.000000e+000 -1.271743e+000  2.717107e+000
      vertex  8.000000e-001 -1.271743e+000  2.717107e+000
      vertex  0.000000e+000 -1.130184e+000  2.778972e+000
    endloop
  endfacet
  facet normal  0.000000e+000 -4.004538e-001  9.163170e-001
    outer loop
      vertex  0.000000e+000 -1.130184e+000  2.778972e+000
      vertex  8.000000e-001 -1.271743e+000  2.717107e+000
      vertex  8.000000e-001 -1.130184e+000  2.778972e+000
    endloop
  endfacet
  facet normal  0.000000e+000 -3.527523e-001  9.357167e-001
    outer loop
      vertex  0.000000e+000 -1.130184e+000  2.778972e+000
      vertex  8.000000e-001 -1.130184e+000  2.778972e+000
      vertex  0.000000e+000 -9.856272e-001  2.833468e+000
    endloop
  endfacet
  facet normal  0.000000e+000 -3.527523e-001  9.357167e-001
    outer loop
      vertex  0.000000e+000 -9.856272e-001  2.833468e+000
      vertex  8.000000e-001 -1.130184e+000  2.778972e+000
      vertex  8.000000e-001 -9.856272e-001  2.833468e+000
    endloop
  endfacet
  facet normal  0.000000e+000 -3.041141e-001  9.526356e-001
    outer loop
      vertex  0.000000e+000 -9.856272e-001  2.833468e+000
      vertex  8.000000e-001 -9.856272e-001  2.833468e+000
      vertex  0.000000e+000 -8.384569e-001  2.880450e+000
    endloop
  endfacet
  facet normal  0.000000e+000 -3.041141e-001  9.526356e-001
    outer loop
      vertex  0.000000e+000 -8.384569e-001  2.880450e+000
      vertex  8.000000e-001 -9.856272e-001  2.833468e+000
      vertex  8.000000e-001 -8.384569e-001  2.880450e+000
    endloop
  endfacet
  facet normal  0.000000e+000 -2.546717e-001  9.670276e-001
    outer loop
      vertex  0.000000e+000 -8.384569e-001  2.880450e+000
      vertex  8.000000e-001 -8.384569e-001  2.880450e+000
      vertex  0.000000e+000 -6.890633e-001  2.919793e+000
    endloop
  endfacet
  facet normal  0.000000e+000 -2.546717e-001  9.670276e-001
    outer loop
      vertex  0.000000e+000 -6.890633e-001  2.919793e+000
      vertex  8.000000e-001 -8.384569e-001  2.880450e+000
      vertex  8.000000e-001 -6.890633e-001  2.919793e+000
    endloop
  endfacet
  facet normal  0.000000e+000 -2.045519e-001  9.788557e-001
    outer loop
      vertex  0.000000e+000 -6.890633e-001  2.919793e+000
      vertex  8.000000e-001 -6.890633e-001  2.919793e+000
      vertex  0.000000e+000 -5.378423e-001  2.951394e+000
    endloop
  endfacet
  facet normal  0.000000e+000 -2.045519e-001  9.788557e-001
    outer loop
      vertex  0.000000e+000 -5.378423e-001  2.951394e+000
      vertex  8.000000e-001 -6.890633e-001  2.919793e+000
      vertex  8.000000e-001 -5.378423e-001  2.951394e+000
    endloop
  endfacet
  facet normal  0.000000e+000 -1.538905e-001  9.880879e-001
    outer loop
      vertex  0.000000e+000 -5.378423e-001  2.951394e+000
      vertex  8.000000e-001 -5.378423e-001  2.951394e+000
      vertex  0.000000e+000 -3.851951e-001  2.975168e+000
    endloop
  endfacet
  facet normal  0.000000e+000 -1.538905e-001  9.880879e-001
    outer loop
      vertex  0.000000e+000 -3.851951e-001  2.975168e+000
      vertex  8.000000e-001 -5.378423e-001  2.951394e+000
      vertex  8.000000e-001 -3.851951e-001  2.975168e+000
    endloop
  endfacet
  facet normal  0.000000e+000 -1.028215e-001  9.946998e-001
    outer loop
      vertex  0.000000e+000 -3.851951e-001  2.975168e+000
      vertex  8.000000e-001 -3.851951e-001  2.975168e+000
      vertex  0.000000e+000 -2.315264e-001  2.991053e+000
    endloop
  endfacet
  facet normal  0.000000e+000 -1.028215e-001  9.946998e-001
    outer loop
      vertex  0.000000e+000 -2.315264e-001  2.991053e+000
      vertex  8.000000e-001 -3.851951e-001  2.975168e+000
      vertex  8.000000e-001 -2.315264e-001  2.991053e+000
    endloop
  endfacet
  facet normal  0.000000e+000 -5.147789e-002  9.986741e-001
    outer loop
      vertex  0.000000e+000 -2.315264e-001  2.991053e+000
      vertex  8.000000e-001 -2.315264e-001  2.991053e+000
      vertex  0.000000e+000 -7.724374e-002  2.999005e+000
    endloop
  endfacet
  facet normal  0.000000e+000 -5.147789e-002  9.986741e-001
    outer loop
      vertex  0.000000e+000 -7.724374e-002  2.999005e+000
      vertex  8.000000e-001 -2.315264e-001  2.991053e+000
      vertex  8.000000e-001 -7.724374e-002  2.999005e+000
    endloop
  endfacet
  facet normal  0.000000e+000  0.000000e+000  1.000000e+000
    outer loop
      vertex  0.000000e+000 -7.724374e-002  2.999005e+000
      vertex  8.000000e-001 -7.724374e-002  2.999005e+000
      vertex  0.000000e+000  7.724374e-002  2.999005e+000
    endloop
  endfacet
  facet normal  -0.000000e+000  0.000000e+000  1.000000e+000
    outer loop
      vertex  0.000000e+000  7.724374e-002  2.999005e+000
      vertex  8.000000e-001 -7.724374e-002  2.999005e+000
      vertex  8.000000e-001  7.724374e-002  2.999005e+000
    endloop
  endfacet
  facet normal  0.000000e+000  5.147789e-002  9.986741e-001
    outer loop
      vertex  0.000000e+000  7.724374e-002  2.999005e+000
      vertex  8.000000e-001  7.724374e-002  2.999005e+000
      vertex  0.000000e+000  2.315264e-001  2.991053e+000
    endloop
  endfacet
  facet normal  -0.000000e+000  5.147789e-002  9.986741e-001
    outer loop
      vertex  0.000000e+000  2.315264e-001  2.991053e+000
      vertex  8.000000e-001  7.724374e-002  2.999005e+000
      vertex  8.000000e-001  2.315264e-001  2.991053e+000
    endloop
  endfacet
  facet normal  0.000000e+000  1.028215e-001  9.946998e-001
    outer loop
      vertex  0.000000e+000  2.315264e-001  2.991053e+000
      vertex  8.000000e-001  2.315264e-001  2.991053e+000
      vertex  0.000000e+000  3.851951e-001  2.975168e+000
    endloop
  endfacet
  facet normal  -0.000000e+000  1.028215e-001  9.946998e-001
    outer loop
      vertex  0.000000e+000  3.851951e-001  2.975168e+000
      vertex  8.000000e-001  2.315264e-001  2.991053e+000
      vertex  8.000000e-001  3.851951e-001  2.975168e+000
    endloop
  endfacet
  facet normal  0.000000e+000  1.538905e-001  9.880879e-001
    outer loop
      vertex  0.000000e+000  3.851951e-001  2.975168e+000
      vertex  8.000000e-001  3.851951e-001  2.975168e+000
      vertex  0.000000e+000  5.378423e-001  2.951394e+000
    endloop
  endfacet
  facet normal  -0.000000e+000  1.538905e-001  9.880879e-001
    outer loop
      vertex  0.000000e+000  5.378423e-001  2.951394e+000
      vertex  8.000000e-001  3.851951e-001  2.975168e+000
      vertex  8.000000e-001  5.378423e-001  2.951394e+000
    endloop
  endfacet
  facet normal  0.000000e+000  2.045519e-001  9.788557e-001
    outer loop
      vertex  0.000000e+000  5.378423e-001  2.951394e+000
      vertex  8.000000e-001  5.378423e-001  2.951394e+000
      vertex  0.000000e+000  6.890633e-001  2.919793e+000
    endloop
  endfacet
  facet normal  -0.000000e+000  2.045519e-001  9.788557e-001
    outer loop
      vertex  0.000000e+000  6.890633e-001  2.919793e+000
      vertex  8.000000e-001  5.378423e-001  2.951394e+000
      vertex  8.000000e-001  6.890633e-001  2.919793e+000
    endloop
  endfacet
  facet normal  0.000000e+000  2.546717e-001  9.670276e-001
    outer loop
      vertex  0.000000e+000  6.890633e-001  2.919793e+000
      vertex  8.000000e-001  6.890633e-001  2.919793e+000
      vertex  0.000000e+000  8.384569e-001  2.880450e+000
    endloop
  endfacet
  facet normal  -0.000000e+000  2.546717e-001  9.670276e-001
    outer loop
      vertex  0.000000e+000  8.384569e-001  2.880450e+000
      vertex  8.000000e-001  6.890633e-001  2.919793e+000
      vertex  8.000000e-001  8.384569e-001  2.880450e+000
    endloop
  endfacet
  facet normal  0.000000e+000  3.041141e-001  9.526356e-001
    outer loop
      vertex  0.000000e+000  8.384569e-001  2.880450e+000
      vertex  8.000000e-001  8.384569e-001  2.880450e+000
      vertex  0.000000e+000  9.856272e-001  2.833468e+000
    endloop
  endfacet
  facet normal  -0.000000e+000  3.041141e-001  9.526356e-001
    outer loop
      vertex  0.000000e+000  9.856272e-001  2.833468e+000
      vertex  8.000000e-001  8.384569e-001  2.880450e+000
      vertex  8.000000e-001  9.856272e-001  2.833468e+000
    endloop
  endfacet
  facet normal  0.000000e+000  3.527523e-001  9.357167e-001
    outer loop
      vertex  0.000000e+000  9.856272e-001  2.833468e+000
      vertex  8.000000e-001  9.856272e-001  2.833468e+000
      vertex  0.000000e+000  1.130184e+000  2.778972e+000
    endloop
  endfacet
  facet normal  -0.000000e+000  3.527523e-001  9.357167e-001
    outer loop
      vertex  0.000000e+000  1.130184e+000  2.778972e+000
      vertex  8.000000e-001  9.856272e-001  2.833468e+000
      vertex  8.000000e-001  1.130184e+000  2.778972e+000
    endloop
  endfacet
  facet normal  0.000000e+000  4.004538e-001  9.163170e-001
    outer loop
      vertex  0.000000e+000  1.130184e+000  2.778972e+000
      vertex  8.000000e-001  1.130184e+000  2.778972e+000
      vertex  0.000000e+000  1.271743e+000  2.717107e+000
    endloop
  endfacet
  facet normal  -0.000000e+000  4.004538e-001  9.163170e-001
    outer loop
      vertex  0.000000e+000  1.271743e+000  2.717107e+000
      vertex  8.000000e-001  1.130184e+000  2.778972e+000
      vertex  8.000000e-001  1.271743e+000  2.717107e+000
    endloop
  endfacet
  facet normal  0.000000e+000  4.470935e-001  8.944873e-001
    outer loop
      vertex  0.000000e+000  1.271743e+000  2.717107e+000
      vertex  8.000000e-001  1.271743e+000  2.717107e+000
      vertex  0.000000e+000  1.409930e+000  2.648036e+000
    endloop
  endfacet
  facet normal  -0.000000e+000  4.470935e-001  8.944873e-001
    outer loop
      vertex  0.000000e+000  1.409930e+000  2.648036e+000
      vertex  8.000000e-001  1.271743e+000  2.717107e+000
      vertex  8.000000e-001  1.409930e+000  2.648036e+000
    endloop
  endfacet
  facet normal  0.000000e+000  4.925479e-001  8.702853e-001
    outer loop
      vertex  0.000000e+000  1.409930e+000  2.648036e+000
      vertex  8.000000e-001  1.409930e+000  2.648036e+000
      vertex  0.000000e+000  1.544378e+000  2.571944e+000
    endloop
  endfacet
  facet normal  -0.000000e+000  4.925479e-001  8.702853e-001
    outer loop
      vertex  0.000000e+000  1.544378e+000  2.571944e+000
      vertex  8.000000e-001  1.409930e+000  2.648036e+000
      vertex  8.000000e-001  1.544378e+000  2.571944e+000
    endloop
  endfacet
  facet normal  0.000000e+000  5.366966e-001  8.437753e-001
    outer loop
      vertex  0.000000e+000  1.544378e+000  2.571944e+000
      vertex  8.000000e-001  1.544378e+000  2.571944e+000
      vertex  0.000000e+000  1.674731e+000  2.489031e+000
    endloop
  endfacet
  facet normal  -0.000000e+000  5.366966e-001  8.437753e-001
    outer loop
      vertex  0.000000e+000  1.674731e+000  2.489031e+000
      vertex  8.000000e-001  1.544378e+000  2.571944e+000
      vertex  8.000000e-001  1.674731e+000  2.489031e+000
    endloop
  endfacet
  facet normal  0.000000e+000  5.794210e-001  8.150285e-001
    outer loop
      vertex  0.000000e+000  1.674731e+000  2.489031e+000
      vertex  8.000000e-001  1.674731e+000  2.489031e+000
      vertex  0.000000e+000  1.800643e+000  2.399518e+000
    endloop
  endfacet
  facet normal  -0.000000e+000  5.794210e-001  8.150285e-001
    outer loop
      vertex  0.000000e+000  1.800643e+000  2.399518e+000
      vertex  8.000000e-001  1.674731e+000  2.489031e+000
      vertex  8.000000e-001  1.800643e+000  2.399518e+000
    endloop
  endfacet
  facet normal  0.000000e+000  6.206098e-001  7.841195e-001
    outer loop
      vertex  0.000000e+000  1.800643e+000  2.399518e+000
      vertex  8.000000e-001  1.800643e+000  2.399518e+000
      vertex  0.000000e+000  1.921780e+000  2.303641e+000
    endloop
  endfacet
  facet normal  -0.000000e+000  6.206098e-001  7.841195e-001
    outer loop
      vertex  0.000000e+000  1.921780e+000  2.303641e+000
      vertex  8.000000e-001  1.800643e+000  2.399518e+000
      vertex  8.000000e-001  1.921780e+000  2.303641e+000
    endloop
  endfacet
  facet normal  0.000000e+000  6.601517e-001  7.511322e-001
    outer loop
      vertex  0.000000e+000  1.921780e+000  2.303641e+000
      vertex  8.000000e-001  1.921780e+000  2.303641e+000
      vertex  0.000000e+000  2.037820e+000  2.201656e+000
    endloop
  endfacet
  facet normal  -0.000000e+000  6.601517e-001  7.511322e-001
    outer loop
      vertex  0.000000e+000  2.037820e+000  2.201656e+000
      vertex  8.000000e-001  1.921780e+000  2.303641e+000
      vertex  8.000000e-001  2.037820e+000  2.201656e+000
    endloop
  endfacet
  facet normal  0.000000e+000  6.979443e-001  7.161521e-001
    outer loop
      vertex  0.000000e+000  2.037820e+000  2.201656e+000
      vertex  8.000000e-001  2.037820e+000  2.201656e+000
      vertex  0.000000e+000  2.148457e+000  2.093832e+000
    endloop
  endfacet
  facet normal  -0.000000e+000  6.979443e-001  7.161521e-001
    outer loop
      vertex  0.000000e+000  2.148457e+000  2.093832e+000
      vertex  8.000000e-001  2.037820e+000  2.201656e+000
      vertex  8.000000e-001  2.148457e+000  2.093832e+000
    endloop
  endfacet
  facet normal  0.000000e+000  7.338856e-001  6.792732e-001
    outer loop
      vertex  0.000000e+000  2.148457e+000  2.093832e+000
      vertex  8.000000e-001  2.148457e+000  2.093832e+000
      vertex  0.000000e+000  2.253396e+000  1.980456e+000
    endloop
  endfacet
  facet normal  -0.000000e+000  7.338856e-001  6.792732e-001
    outer loop
      vertex  0.000000e+000  2.253396e+000  1.980456e+000
      vertex  8.000000e-001  2.148457e+000  2.093832e+000
      vertex  8.000000e-001  2.253396e+000  1.980456e+000
    endloop
  endfacet
  facet normal  0.000000e+000  7.678800e-001  6.405936e-001
    outer loop
      vertex  0.000000e+000  2.253396e+000  1.980456e+000
      vertex  8.000000e-001  2.253396e+000  1.980456e+000
      vertex  0.000000e+000  2.352360e+000  1.861828e+000
    endloop
  endfacet
  facet normal  -0.000000e+000  7.678800e-001  6.405936e-001
    outer loop
      vertex  0.000000e+000  2.352360e+000  1.861828e+000
      vertex  8.000000e-001  2.253396e+000  1.980456e+000
      vertex  8.000000e-001  2.352360e+000  1.861828e+000
    endloop
  endfacet
  facet normal  0.000000e+000  7.998396e-001  6.002138e-001
    outer loop
      vertex  0.000000e+000  2.352360e+000  1.861828e+000
      vertex  8.000000e-001  2.352360e+000  1.861828e+000
      vertex  0.000000e+000  2.445085e+000  1.738263e+000
    endloop
  endfacet
  facet normal  -0.000000e+000  7.998396e-001  6.002138e-001
    outer loop
      vertex  0.000000e+000  2.445085e+000  1.738263e+000
      vertex  8.000000e-001  2.352360e+000  1.861828e+000
      vertex  8.000000e-001  2.445085e+000  1.738263e+000
    endloop
  endfacet
  facet normal  0.000000e+000  8.296767e-001  5.582441e-001
    outer loop
      vertex  0.000000e+000  2.445085e+000  1.738263e+000
      vertex  8.000000e-001  2.445085e+000  1.738263e+000
      vertex  0.000000e+000  2.531327e+000  1.610089e+000
    endloop
  endfacet
  facet normal  -0.000000e+000  8.296767e-001  5.582441e-001
    outer loop
      vertex  0.000000e+000  2.531327e+000  1.610089e+000
      vertex  8.000000e-001  2.445085e+000  1.738263e+000
      vertex  8.000000e-001  2.531327e+000  1.610089e+000
    endloop
  endfacet
  facet normal  0.000000e+000  8.573146e-001  5.147929e-001
    outer loop
      vertex  0.000000e+000  2.531327e+000  1.610089e+000
      vertex  8.000000e-001  2.531327e+000  1.610089e+000
      vertex  0.000000e+000  2.610856e+000  1.477644e+000
    endloop
  endfacet
  facet normal  -0.000000e+000  8.573146e-001  5.147929e-001
    outer loop
      vertex  0.000000e+000  2.610856e+000  1.477644e+000
      vertex  8.000000e-001  2.531327e+000  1.610089e+000
      vertex  8.000000e-001  2.610856e+000  1.477644e+000
    endloop
  endfacet
  facet normal  0.000000e+000  8.826792e-001  4.699761e-001
    outer loop
      vertex  0.000000e+000  2.610856e+000  1.477644e+000
      vertex  8.000000e-001  2.610856e+000  1.477644e+000
      vertex  0.000000e+000  2.683461e+000  1.341281e+000
    endloop
  endfacet
  facet normal  -0.000000e+000  8.826792e-001  4.699761e-001
    outer loop
      vertex  0.000000e+000  2.683461e+000  1.341281e+000
      vertex  8.000000e-001  2.610856e+000  1.477644e+000
      vertex  8.000000e-001  2.683461e+000  1.341281e+000
    endloop
  endfacet
  facet normal  0.000000e+000  9.057021e-001  4.239148e-001
    outer loop
      vertex  0.000000e+000  2.683461e+000  1.341281e+000
      vertex  8.000000e-001  2.683461e+000  1.341281e+000
      vertex  0.000000e+000  2.748951e+000  1.201362e+000
    endloop
  endfacet
  facet normal  -0.000000e+000  9.057021e-001  4.239148e-001
    outer loop
      vertex  0.000000e+000  2.748951e+000  1.201362e+000
      vertex  8.000000e-001  2.683461e+000  1.341281e+000
      vertex  8.000000e-001  2.748951e+000  1.201362e+000
    endloop
  endfacet
  facet normal  0.000000e+000  9.263243e-001  3.767273e-001
    outer loop
      vertex  0.000000e+000  2.748951e+000  1.201362e+000
      vertex  8.000000e-001  2.748951e+000  1.201362e+000
      vertex  0.000000e+000  2.807150e+000  1.058256e+000
    endloop
  endfacet
  facet normal  -0.000000e+000  9.263243e-001  3.767273e-001
    outer loop
      vertex  0.000000e+000  2.807150e+000  1.058256e+000
      vertex  8.000000e-001  2.748951e+000  1.201362e+000
      vertex  8.000000e-001  2.807150e+000  1.058256e+000
    endloop
  endfacet
  facet normal  0.000000e+000  9.444892e-001  3.285427e-001
    outer loop
      vertex  0.000000e+000  2.807150e+000  1.058256e+000
      vertex  8.000000e-001  2.807150e+000  1.058256e+000
      vertex  0.000000e+000  2.857906e+000  9.123445e-001
    endloop
  endfacet
  facet normal  -0.000000e+000  9.444892e-001  3.285427e-001
    outer loop
      vertex  0.000000e+000  2.857906e+000  9.123445e-001
      vertex  8.000000e-001  2.807150e+000  1.058256e+000
      vertex  8.000000e-001  2.857906e+000  9.123445e-001
    endloop
  endfacet
  facet normal  0.000000e+000  9.601498e-001  2.794862e-001
    outer loop
      vertex  0.000000e+000  2.857906e+000  9.123445e-001
      vertex  8.000000e-001  2.857906e+000  9.123445e-001
      vertex  0.000000e+000  2.901083e+000  7.640134e-001
    endloop
  endfacet
  facet normal  -0.000000e+000  9.601498e-001  2.794862e-001
    outer loop
      vertex  0.000000e+000  2.901083e+000  7.640134e-001
      vertex  8.000000e-001  2.857906e+000  9.123445e-001
      vertex  8.000000e-001  2.901083e+000  7.640134e-001
    endloop
  endfacet
  facet normal  0.000000e+000  9.732644e-001  2.296875e-001
    outer loop
      vertex  0.000000e+000  2.901083e+000  7.640134e-001
      vertex  8.000000e-001  2.901083e+000  7.640134e-001
      vertex  0.000000e+000  2.936567e+000  6.136562e-001
    endloop
  endfacet
  facet normal  -0.000000e+000  9.732644e-001  2.296875e-001
    outer loop
      vertex  0.000000e+000  2.936567e+000  6.136562e-001
      vertex  8.000000e-001  2.901083e+000  7.640134e-001
      vertex  8.000000e-001  2.936567e+000  6.136562e-001
    endloop
  endfacet
  facet normal  0.000000e+000  9.837980e-001  1.792806e-001
    outer loop
      vertex  0.000000e+000  2.936567e+000  6.136562e-001
      vertex  8.000000e-001  2.936567e+000  6.136562e-001
      vertex  0.000000e+000  2.964264e+000  4.616717e-001
    endloop
  endfacet
  facet normal  -0.000000e+000  9.837980e-001  1.792806e-001
    outer loop
      vertex  0.000000e+000  2.964264e+000  4.616717e-001
      vertex  8.000000e-001  2.936567e+000  6.136562e-001
      vertex  8.000000e-001  2.964264e+000  4.616717e-001
    endloop
  endfacet
  facet normal  0.000000e+000  9.917227e-001  1.283984e-001
    outer loop
      vertex  0.000000e+000  2.964264e+000  4.616717e-001
      vertex  8.000000e-001  2.964264e+000  4.616717e-001
      vertex  0.000000e+000  2.984100e+000  3.084630e-001
    endloop
  endfacet
  facet normal  -0.000000e+000  9.917227e-001  1.283984e-001
    outer loop
      vertex  0.000000e+000  2.984100e+000  3.084630e-001
      vertex  8.000000e-001  2.964264e+000  4.616717e-001
      vertex  8.000000e-001  2.984100e+000  3.084630e-001
    endloop
  endfacet
  facet normal  0.000000e+000  9.970176e-001  7.717519e-002
    outer loop
      vertex  0.000000e+000  2.984100e+000  3.084630e-001
      vertex  8.000000e-001  2.984100e+000  3.084630e-001
      vertex  0.000000e+000  2.996022e+000  1.544363e-001
    endloop
  endfacet
  facet normal  -0.000000e+000  9.970176e-001  7.717519e-002
    outer loop
      vertex  0.000000e+000  2.996022e+000  1.544363e-001
      vertex  8.000000e-001  2.984100e+000  3.084630e-001
      vertex  8.000000e-001  2.996022e+000  1.544363e-001
    endloop
  endfacet
  facet normal  0.000000e+000  9.996684e-001  2.574821e-002
    outer loop
      vertex  0.000000e+000  2.996022e+000  1.544363e-001
      vertex  8.000000e-001  2.996022e+000  1.544363e-001
      vertex  0.000000e+000  3.000000e+000  0.000000e+000
    endloop
  endfacet
  facet normal  -0.000000e+000  9.996684e-001  2.574821e-002
    outer loop
      vertex  0.000000e+000  3.000000e+000  0.000000e+000
      vertex  8.000000e-001  2.996022e+000  1.544363e-001
      vertex  8.000000e-001  3.000000e+000  0.000000e+000
    endloop
  endfacet
endsolid CATIA STL
