solid CATIA STL
  facet normal  -0.000000e+000  -0.000000e+000 -9.999999e-001
    outer loop
      vertex -2.970797e+001 -2.900000e+001  3.725000e+001
      vertex -2.682121e+001 -2.900000e+001  3.725000e+001
      vertex -2.626459e+001 -3.150000e+001  3.725000e+001
    endloop
  endfacet
  facet normal  0.000000e+000  0.000000e+000 -1.000000e+000
    outer loop
      vertex -2.970797e+001 -2.900000e+001  3.725000e+001
      vertex -2.626459e+001 -3.150000e+001  3.725000e+001
      vertex -3.026459e+001 -3.150000e+001  3.725000e+001
    endloop
  endfacet
  facet normal  0.000000e+000  0.000000e+000 -9.999999e-001
    outer loop
      vertex -2.970797e+001 -2.900000e+001  3.725000e+001
      vertex -3.026459e+001 -3.150000e+001  3.725000e+001
      vertex -3.452779e+001 -2.911249e+001  3.725000e+001
    endloop
  endfacet
  facet normal  0.000000e+000  0.000000e+000 -1.000000e+000
    outer loop
      vertex -2.970797e+001 -2.900000e+001  3.725000e+001
      vertex -3.452779e+001 -2.911249e+001  3.725000e+001
      vertex -3.462707e+001 -2.894311e+001  3.725000e+001
    endloop
  endfacet
  facet normal  0.000000e+000  0.000000e+000 -9.999999e-001
    outer loop
      vertex -2.970797e+001 -2.900000e+001  3.725000e+001
      vertex -3.462707e+001 -2.894311e+001  3.725000e+001
      vertex -3.471962e+001 -2.876995e+001  3.725000e+001
    endloop
  endfacet
  facet normal  0.000000e+000  0.000000e+000 -1.000000e+000
    outer loop
      vertex -2.970797e+001 -2.900000e+001  3.725000e+001
      vertex -3.471962e+001 -2.876995e+001  3.725000e+001
      vertex -3.480531e+001 -2.859330e+001  3.725000e+001
    endloop
  endfacet
  facet normal  0.000000e+000  0.000000e+000 -1.000000e+000
    outer loop
      vertex -2.970797e+001 -2.900000e+001  3.725000e+001
      vertex -3.480531e+001 -2.859330e+001  3.725000e+001
      vertex -3.488399e+001 -2.841342e+001  3.725000e+001
    endloop
  endfacet
  facet normal  0.000000e+000  0.000000e+000 -1.000000e+000
    outer loop
      vertex -2.970797e+001 -2.900000e+001  3.725000e+001
      vertex -3.488399e+001 -2.841342e+001  3.725000e+001
      vertex -3.495555e+001 -2.823059e+001  3.725000e+001
    endloop
  endfacet
  facet normal  0.000000e+000  0.000000e+000 -1.000000e+000
    outer loop
      vertex -2.970797e+001 -2.900000e+001  3.725000e+001
      vertex -3.495555e+001 -2.823059e+001  3.725000e+001
      vertex -3.501987e+001 -2.804509e+001  3.725000e+001
    endloop
  endfacet
  facet normal  0.000000e+000  0.000000e+000 -1.000000e+000
    outer loop
      vertex -2.970797e+001 -2.900000e+001  3.725000e+001
      vertex -3.501987e+001 -2.804509e+001  3.725000e+001
      vertex -3.507687e+001 -2.785720e+001  3.725000e+001
    endloop
  endfacet
  facet normal  0.000000e+000  0.000000e+000 -9.999999e-001
    outer loop
      vertex -2.970797e+001 -2.900000e+001  3.725000e+001
      vertex -3.507687e+001 -2.785720e+001  3.725000e+001
      vertex -3.512644e+001 -2.766723e+001  3.725000e+001
    endloop
  endfacet
  facet normal  0.000000e+000  0.000000e+000 -1.000000e+000
    outer loop
      vertex -2.970797e+001 -2.900000e+001  3.725000e+001
      vertex -3.512644e+001 -2.766723e+001  3.725000e+001
      vertex -3.516852e+001 -2.747545e+001  3.725000e+001
    endloop
  endfacet
  facet normal  0.000000e+000  0.000000e+000 -1.000000e+000
    outer loop
      vertex -2.970797e+001 -2.900000e+001  3.725000e+001
      vertex -3.516852e+001 -2.747545e+001  3.725000e+001
      vertex -3.520303e+001 -2.728217e+001  3.725000e+001
    endloop
  endfacet
  facet normal  0.000000e+000  0.000000e+000 -1.000000e+000
    outer loop
      vertex -2.970797e+001 -2.900000e+001  3.725000e+001
      vertex -3.520303e+001 -2.728217e+001  3.725000e+001
      vertex -3.522993e+001 -2.708769e+001  3.725000e+001
    endloop
  endfacet
  facet normal  0.000000e+000  0.000000e+000 -1.000000e+000
    outer loop
      vertex -2.970797e+001 -2.900000e+001  3.725000e+001
      vertex -3.522993e+001 -2.708769e+001  3.725000e+001
      vertex -3.524918e+001 -2.689230e+001  3.725000e+001
    endloop
  endfacet
  facet normal  0.000000e+000  0.000000e+000 -1.000000e+000
    outer loop
      vertex -2.970797e+001 -2.900000e+001  3.725000e+001
      vertex -3.524918e+001 -2.689230e+001  3.725000e+001
      vertex -3.526073e+001 -2.669630e+001  3.725000e+001
    endloop
  endfacet
  facet normal  0.000000e+000  0.000000e+000 -1.000000e+000
    outer loop
      vertex -2.970797e+001 -2.900000e+001  3.725000e+001
      vertex -3.526073e+001 -2.669630e+001  3.725000e+001
      vertex -3.526459e+001 -2.650000e+001  3.725000e+001
    endloop
  endfacet
  facet normal  0.000000e+000  0.000000e+000 -1.000000e+000
    outer loop
      vertex -2.970797e+001 -2.900000e+001  3.725000e+001
      vertex -3.526459e+001 -2.650000e+001  3.725000e+001
      vertex -3.115134e+001 -2.650000e+001  3.725000e+001
    endloop
  endfacet
  facet normal  0.000000e+000  0.000000e+000 -1.000000e+000
    outer loop
      vertex -3.452779e+001 -2.911249e+001  3.725000e+001
      vertex -3.026459e+001 -3.150000e+001  3.725000e+001
      vertex -3.046089e+001 -3.149615e+001  3.725000e+001
    endloop
  endfacet
  facet normal  0.000000e+000  0.000000e+000 -1.000000e+000
    outer loop
      vertex -3.452779e+001 -2.911249e+001  3.725000e+001
      vertex -3.046089e+001 -3.149615e+001  3.725000e+001
      vertex -3.065689e+001 -3.148459e+001  3.725000e+001
    endloop
  endfacet
  facet normal  0.000000e+000  0.000000e+000 -1.000000e+000
    outer loop
      vertex -3.452779e+001 -2.911249e+001  3.725000e+001
      vertex -3.065689e+001 -3.148459e+001  3.725000e+001
      vertex -3.085228e+001 -3.146534e+001  3.725000e+001
    endloop
  endfacet
  facet normal  0.000000e+000  0.000000e+000 -9.999999e-001
    outer loop
      vertex -3.452779e+001 -2.911249e+001  3.725000e+001
      vertex -3.085228e+001 -3.146534e+001  3.725000e+001
      vertex -3.104676e+001 -3.143844e+001  3.725000e+001
    endloop
  endfacet
  facet normal  0.000000e+000  0.000000e+000 -1.000000e+000
    outer loop
      vertex -3.452779e+001 -2.911249e+001  3.725000e+001
      vertex -3.104676e+001 -3.143844e+001  3.725000e+001
      vertex -3.124004e+001 -3.140393e+001  3.725000e+001
    endloop
  endfacet
  facet normal  0.000000e+000  0.000000e+000 -1.000000e+000
    outer loop
      vertex -3.452779e+001 -2.911249e+001  3.725000e+001
      vertex -3.124004e+001 -3.140393e+001  3.725000e+001
      vertex -3.143182e+001 -3.136185e+001  3.725000e+001
    endloop
  endfacet
  facet normal  0.000000e+000  0.000000e+000 -1.000000e+000
    outer loop
      vertex -3.452779e+001 -2.911249e+001  3.725000e+001
      vertex -3.143182e+001 -3.136185e+001  3.725000e+001
      vertex -3.162179e+001 -3.131228e+001  3.725000e+001
    endloop
  endfacet
  facet normal  0.000000e+000  0.000000e+000 -9.999999e-001
    outer loop
      vertex -3.452779e+001 -2.911249e+001  3.725000e+001
      vertex -3.162179e+001 -3.131228e+001  3.725000e+001
      vertex -3.180968e+001 -3.125528e+001  3.725000e+001
    endloop
  endfacet
  facet normal  0.000000e+000  0.000000e+000 -9.999999e-001
    outer loop
      vertex -3.452779e+001 -2.911249e+001  3.725000e+001
      vertex -3.180968e+001 -3.125528e+001  3.725000e+001
      vertex -3.199518e+001 -3.119096e+001  3.725000e+001
    endloop
  endfacet
  facet normal  0.000000e+000  0.000000e+000 -1.000000e+000
    outer loop
      vertex -3.452779e+001 -2.911249e+001  3.725000e+001
      vertex -3.199518e+001 -3.119096e+001  3.725000e+001
      vertex -3.217801e+001 -3.111940e+001  3.725000e+001
    endloop
  endfacet
  facet normal  0.000000e+000  0.000000e+000 -9.999999e-001
    outer loop
      vertex -3.452779e+001 -2.911249e+001  3.725000e+001
      vertex -3.217801e+001 -3.111940e+001  3.725000e+001
      vertex -3.235789e+001 -3.104072e+001  3.725000e+001
    endloop
  endfacet
  facet normal  0.000000e+000  0.000000e+000 -1.000000e+000
    outer loop
      vertex -3.452779e+001 -2.911249e+001  3.725000e+001
      vertex -3.235789e+001 -3.104072e+001  3.725000e+001
      vertex -3.253454e+001 -3.095503e+001  3.725000e+001
    endloop
  endfacet
  facet normal  0.000000e+000  0.000000e+000 -1.000000e+000
    outer loop
      vertex -3.452779e+001 -2.911249e+001  3.725000e+001
      vertex -3.253454e+001 -3.095503e+001  3.725000e+001
      vertex -3.270770e+001 -3.086248e+001  3.725000e+001
    endloop
  endfacet
  facet normal  0.000000e+000  0.000000e+000 -1.000000e+000
    outer loop
      vertex -3.452779e+001 -2.911249e+001  3.725000e+001
      vertex -3.270770e+001 -3.086248e+001  3.725000e+001
      vertex -3.287708e+001 -3.076320e+001  3.725000e+001
    endloop
  endfacet
  facet normal  0.000000e+000  0.000000e+000 -1.000000e+000
    outer loop
      vertex -3.452779e+001 -2.911249e+001  3.725000e+001
      vertex -3.287708e+001 -3.076320e+001  3.725000e+001
      vertex -3.304244e+001 -3.065735e+001  3.725000e+001
    endloop
  endfacet
  facet normal  0.000000e+000  0.000000e+000 -1.000000e+000
    outer loop
      vertex -3.452779e+001 -2.911249e+001  3.725000e+001
      vertex -3.304244e+001 -3.065735e+001  3.725000e+001
      vertex -3.320352e+001 -3.054509e+001  3.725000e+001
    endloop
  endfacet
  facet normal  0.000000e+000  0.000000e+000 -1.000000e+000
    outer loop
      vertex -3.452779e+001 -2.911249e+001  3.725000e+001
      vertex -3.320352e+001 -3.054509e+001  3.725000e+001
      vertex -3.336006e+001 -3.042658e+001  3.725000e+001
    endloop
  endfacet
  facet normal  0.000000e+000  0.000000e+000 -1.000000e+000
    outer loop
      vertex -3.452779e+001 -2.911249e+001  3.725000e+001
      vertex -3.336006e+001 -3.042658e+001  3.725000e+001
      vertex -3.351183e+001 -3.030203e+001  3.725000e+001
    endloop
  endfacet
  facet normal  0.000000e+000  0.000000e+000 -1.000000e+000
    outer loop
      vertex -3.452779e+001 -2.911249e+001  3.725000e+001
      vertex -3.351183e+001 -3.030203e+001  3.725000e+001
      vertex -3.365860e+001 -3.017161e+001  3.725000e+001
    endloop
  endfacet
  facet normal  0.000000e+000  0.000000e+000 -1.000000e+000
    outer loop
      vertex -3.452779e+001 -2.911249e+001  3.725000e+001
      vertex -3.365860e+001 -3.017161e+001  3.725000e+001
      vertex -3.380013e+001 -3.003553e+001  3.725000e+001
    endloop
  endfacet
  facet normal  0.000000e+000  0.000000e+000 -1.000000e+000
    outer loop
      vertex -3.452779e+001 -2.911249e+001  3.725000e+001
      vertex -3.380013e+001 -3.003553e+001  3.725000e+001
      vertex -3.393620e+001 -2.989400e+001  3.725000e+001
    endloop
  endfacet
  facet normal  0.000000e+000  0.000000e+000 -1.000000e+000
    outer loop
      vertex -3.452779e+001 -2.911249e+001  3.725000e+001
      vertex -3.393620e+001 -2.989400e+001  3.725000e+001
      vertex -3.406662e+001 -2.974724e+001  3.725000e+001
    endloop
  endfacet
  facet normal  0.000000e+000  0.000000e+000 -1.000000e+000
    outer loop
      vertex -3.452779e+001 -2.911249e+001  3.725000e+001
      vertex -3.406662e+001 -2.974724e+001  3.725000e+001
      vertex -3.419118e+001 -2.959547e+001  3.725000e+001
    endloop
  endfacet
  facet normal  0.000000e+000  0.000000e+000 -1.000000e+000
    outer loop
      vertex -3.452779e+001 -2.911249e+001  3.725000e+001
      vertex -3.419118e+001 -2.959547e+001  3.725000e+001
      vertex -3.430968e+001 -2.943893e+001  3.725000e+001
    endloop
  endfacet
  facet normal  0.000000e+000  0.000000e+000 -1.000000e+000
    outer loop
      vertex -3.452779e+001 -2.911249e+001  3.725000e+001
      vertex -3.430968e+001 -2.943893e+001  3.725000e+001
      vertex -3.442194e+001 -2.927785e+001  3.725000e+001
    endloop
  endfacet
  facet normal  0.000000e+000  -0.000000e+000 -1.000000e+000
    outer loop
      vertex -2.682121e+001 -2.900000e+001  3.725000e+001
      vertex -2.537784e+001 -2.650000e+001  3.725000e+001
      vertex -2.126459e+001 -2.650000e+001  3.725000e+001
    endloop
  endfacet
  facet normal  0.000000e+000  0.000000e+000 -1.000000e+000
    outer loop
      vertex -2.682121e+001 -2.900000e+001  3.725000e+001
      vertex -2.126459e+001 -2.650000e+001  3.725000e+001
      vertex -2.126845e+001 -2.669630e+001  3.725000e+001
    endloop
  endfacet
  facet normal  0.000000e+000  0.000000e+000 -1.000000e+000
    outer loop
      vertex -2.682121e+001 -2.900000e+001  3.725000e+001
      vertex -2.126845e+001 -2.669630e+001  3.725000e+001
      vertex -2.128000e+001 -2.689230e+001  3.725000e+001
    endloop
  endfacet
  facet normal  0.000000e+000  0.000000e+000 -1.000000e+000
    outer loop
      vertex -2.682121e+001 -2.900000e+001  3.725000e+001
      vertex -2.128000e+001 -2.689230e+001  3.725000e+001
      vertex -2.129925e+001 -2.708769e+001  3.725000e+001
    endloop
  endfacet
  facet normal  0.000000e+000  0.000000e+000 -1.000000e+000
    outer loop
      vertex -2.682121e+001 -2.900000e+001  3.725000e+001
      vertex -2.129925e+001 -2.708769e+001  3.725000e+001
      vertex -2.132615e+001 -2.728217e+001  3.725000e+001
    endloop
  endfacet
  facet normal  0.000000e+000  0.000000e+000 -1.000000e+000
    outer loop
      vertex -2.682121e+001 -2.900000e+001  3.725000e+001
      vertex -2.132615e+001 -2.728217e+001  3.725000e+001
      vertex -2.136066e+001 -2.747545e+001  3.725000e+001
    endloop
  endfacet
  facet normal  0.000000e+000  0.000000e+000 -9.999999e-001
    outer loop
      vertex -2.682121e+001 -2.900000e+001  3.725000e+001
      vertex -2.136066e+001 -2.747545e+001  3.725000e+001
      vertex -2.140274e+001 -2.766723e+001  3.725000e+001
    endloop
  endfacet
  facet normal  0.000000e+000  0.000000e+000 -1.000000e+000
    outer loop
      vertex -2.682121e+001 -2.900000e+001  3.725000e+001
      vertex -2.140274e+001 -2.766723e+001  3.725000e+001
      vertex -2.145231e+001 -2.785720e+001  3.725000e+001
    endloop
  endfacet
  facet normal  0.000000e+000  0.000000e+000 -9.999999e-001
    outer loop
      vertex -2.682121e+001 -2.900000e+001  3.725000e+001
      vertex -2.145231e+001 -2.785720e+001  3.725000e+001
      vertex -2.150931e+001 -2.804509e+001  3.725000e+001
    endloop
  endfacet
  facet normal  0.000000e+000  0.000000e+000 -1.000000e+000
    outer loop
      vertex -2.682121e+001 -2.900000e+001  3.725000e+001
      vertex -2.150931e+001 -2.804509e+001  3.725000e+001
      vertex -2.157364e+001 -2.823059e+001  3.725000e+001
    endloop
  endfacet
  facet normal  0.000000e+000  0.000000e+000 -9.999999e-001
    outer loop
      vertex -2.682121e+001 -2.900000e+001  3.725000e+001
      vertex -2.157364e+001 -2.823059e+001  3.725000e+001
      vertex -2.164519e+001 -2.841342e+001  3.725000e+001
    endloop
  endfacet
  facet normal  0.000000e+000  0.000000e+000 -1.000000e+000
    outer loop
      vertex -2.682121e+001 -2.900000e+001  3.725000e+001
      vertex -2.164519e+001 -2.841342e+001  3.725000e+001
      vertex -2.172388e+001 -2.859330e+001  3.725000e+001
    endloop
  endfacet
  facet normal  0.000000e+000  0.000000e+000 -9.999999e-001
    outer loop
      vertex -2.682121e+001 -2.900000e+001  3.725000e+001
      vertex -2.172388e+001 -2.859330e+001  3.725000e+001
      vertex -2.180956e+001 -2.876995e+001  3.725000e+001
    endloop
  endfacet
  facet normal  0.000000e+000  0.000000e+000 -9.999999e-001
    outer loop
      vertex -2.682121e+001 -2.900000e+001  3.725000e+001
      vertex -2.180956e+001 -2.876995e+001  3.725000e+001
      vertex -2.190211e+001 -2.894311e+001  3.725000e+001
    endloop
  endfacet
  facet normal  0.000000e+000  0.000000e+000 -9.999999e-001
    outer loop
      vertex -2.682121e+001 -2.900000e+001  3.725000e+001
      vertex -2.190211e+001 -2.894311e+001  3.725000e+001
      vertex -2.200139e+001 -2.911249e+001  3.725000e+001
    endloop
  endfacet
  facet normal  -0.000000e+000  0.000000e+000 -1.000000e+000
    outer loop
      vertex -2.682121e+001 -2.900000e+001  3.725000e+001
      vertex -2.200139e+001 -2.911249e+001  3.725000e+001
      vertex -2.210724e+001 -2.927785e+001  3.725000e+001
    endloop
  endfacet
  facet normal  -0.000000e+000  0.000000e+000 -1.000000e+000
    outer loop
      vertex -2.682121e+001 -2.900000e+001  3.725000e+001
      vertex -2.210724e+001 -2.927785e+001  3.725000e+001
      vertex -2.221951e+001 -2.943893e+001  3.725000e+001
    endloop
  endfacet
  facet normal  -0.000000e+000  0.000000e+000 -1.000000e+000
    outer loop
      vertex -2.682121e+001 -2.900000e+001  3.725000e+001
      vertex -2.221951e+001 -2.943893e+001  3.725000e+001
      vertex -2.233801e+001 -2.959547e+001  3.725000e+001
    endloop
  endfacet
  facet normal  -0.000000e+000  0.000000e+000 -1.000000e+000
    outer loop
      vertex -2.682121e+001 -2.900000e+001  3.725000e+001
      vertex -2.233801e+001 -2.959547e+001  3.725000e+001
      vertex -2.246256e+001 -2.974724e+001  3.725000e+001
    endloop
  endfacet
  facet normal  -0.000000e+000  0.000000e+000 -1.000000e+000
    outer loop
      vertex -2.682121e+001 -2.900000e+001  3.725000e+001
      vertex -2.246256e+001 -2.974724e+001  3.725000e+001
      vertex -2.259298e+001 -2.989400e+001  3.725000e+001
    endloop
  endfacet
  facet normal  -0.000000e+000  0.000000e+000 -1.000000e+000
    outer loop
      vertex -2.682121e+001 -2.900000e+001  3.725000e+001
      vertex -2.259298e+001 -2.989400e+001  3.725000e+001
      vertex -2.272906e+001 -3.003553e+001  3.725000e+001
    endloop
  endfacet
  facet normal  -0.000000e+000  0.000000e+000 -1.000000e+000
    outer loop
      vertex -2.682121e+001 -2.900000e+001  3.725000e+001
      vertex -2.272906e+001 -3.003553e+001  3.725000e+001
      vertex -2.287059e+001 -3.017161e+001  3.725000e+001
    endloop
  endfacet
  facet normal  -0.000000e+000  0.000000e+000 -1.000000e+000
    outer loop
      vertex -2.682121e+001 -2.900000e+001  3.725000e+001
      vertex -2.287059e+001 -3.017161e+001  3.725000e+001
      vertex -2.301735e+001 -3.030203e+001  3.725000e+001
    endloop
  endfacet
  facet normal  -0.000000e+000  0.000000e+000 -1.000000e+000
    outer loop
      vertex -2.682121e+001 -2.900000e+001  3.725000e+001
      vertex -2.301735e+001 -3.030203e+001  3.725000e+001
      vertex -2.316912e+001 -3.042658e+001  3.725000e+001
    endloop
  endfacet
  facet normal  -0.000000e+000  0.000000e+000 -1.000000e+000
    outer loop
      vertex -2.682121e+001 -2.900000e+001  3.725000e+001
      vertex -2.316912e+001 -3.042658e+001  3.725000e+001
      vertex -2.332566e+001 -3.054509e+001  3.725000e+001
    endloop
  endfacet
  facet normal  -0.000000e+000  0.000000e+000 -9.999999e-001
    outer loop
      vertex -2.682121e+001 -2.900000e+001  3.725000e+001
      vertex -2.332566e+001 -3.054509e+001  3.725000e+001
      vertex -2.348674e+001 -3.065735e+001  3.725000e+001
    endloop
  endfacet
  facet normal  -0.000000e+000  0.000000e+000 -1.000000e+000
    outer loop
      vertex -2.682121e+001 -2.900000e+001  3.725000e+001
      vertex -2.348674e+001 -3.065735e+001  3.725000e+001
      vertex -2.365210e+001 -3.076320e+001  3.725000e+001
    endloop
  endfacet
  facet normal  -0.000000e+000  0.000000e+000 -1.000000e+000
    outer loop
      vertex -2.682121e+001 -2.900000e+001  3.725000e+001
      vertex -2.365210e+001 -3.076320e+001  3.725000e+001
      vertex -2.382149e+001 -3.086248e+001  3.725000e+001
    endloop
  endfacet
  facet normal  -0.000000e+000  0.000000e+000 -1.000000e+000
    outer loop
      vertex -2.682121e+001 -2.900000e+001  3.725000e+001
      vertex -2.382149e+001 -3.086248e+001  3.725000e+001
      vertex -2.399464e+001 -3.095503e+001  3.725000e+001
    endloop
  endfacet
  facet normal  -0.000000e+000  0.000000e+000 -1.000000e+000
    outer loop
      vertex -2.682121e+001 -2.900000e+001  3.725000e+001
      vertex -2.399464e+001 -3.095503e+001  3.725000e+001
      vertex -2.417129e+001 -3.104072e+001  3.725000e+001
    endloop
  endfacet
  facet normal  -0.000000e+000  0.000000e+000 -1.000000e+000
    outer loop
      vertex -2.682121e+001 -2.900000e+001  3.725000e+001
      vertex -2.417129e+001 -3.104072e+001  3.725000e+001
      vertex -2.435117e+001 -3.111940e+001  3.725000e+001
    endloop
  endfacet
  facet normal  -0.000000e+000  0.000000e+000 -1.000000e+000
    outer loop
      vertex -2.682121e+001 -2.900000e+001  3.725000e+001
      vertex -2.435117e+001 -3.111940e+001  3.725000e+001
      vertex -2.453401e+001 -3.119096e+001  3.725000e+001
    endloop
  endfacet
  facet normal  -0.000000e+000  0.000000e+000 -1.000000e+000
    outer loop
      vertex -2.682121e+001 -2.900000e+001  3.725000e+001
      vertex -2.453401e+001 -3.119096e+001  3.725000e+001
      vertex -2.471951e+001 -3.125528e+001  3.725000e+001
    endloop
  endfacet
  facet normal  -0.000000e+000  0.000000e+000 -1.000000e+000
    outer loop
      vertex -2.682121e+001 -2.900000e+001  3.725000e+001
      vertex -2.471951e+001 -3.125528e+001  3.725000e+001
      vertex -2.490739e+001 -3.131228e+001  3.725000e+001
    endloop
  endfacet
  facet normal  -0.000000e+000  0.000000e+000 -1.000000e+000
    outer loop
      vertex -2.682121e+001 -2.900000e+001  3.725000e+001
      vertex -2.490739e+001 -3.131228e+001  3.725000e+001
      vertex -2.509736e+001 -3.136185e+001  3.725000e+001
    endloop
  endfacet
  facet normal  -0.000000e+000  0.000000e+000 -1.000000e+000
    outer loop
      vertex -2.682121e+001 -2.900000e+001  3.725000e+001
      vertex -2.509736e+001 -3.136185e+001  3.725000e+001
      vertex -2.528914e+001 -3.140393e+001  3.725000e+001
    endloop
  endfacet
  facet normal  -0.000000e+000  0.000000e+000 -1.000000e+000
    outer loop
      vertex -2.682121e+001 -2.900000e+001  3.725000e+001
      vertex -2.528914e+001 -3.140393e+001  3.725000e+001
      vertex -2.548242e+001 -3.143844e+001  3.725000e+001
    endloop
  endfacet
  facet normal  -0.000000e+000  0.000000e+000 -1.000000e+000
    outer loop
      vertex -2.682121e+001 -2.900000e+001  3.725000e+001
      vertex -2.548242e+001 -3.143844e+001  3.725000e+001
      vertex -2.567690e+001 -3.146534e+001  3.725000e+001
    endloop
  endfacet
  facet normal  -0.000000e+000  0.000000e+000 -1.000000e+000
    outer loop
      vertex -2.682121e+001 -2.900000e+001  3.725000e+001
      vertex -2.567690e+001 -3.146534e+001  3.725000e+001
      vertex -2.587230e+001 -3.148459e+001  3.725000e+001
    endloop
  endfacet
  facet normal  -0.000000e+000  0.000000e+000 -1.000000e+000
    outer loop
      vertex -2.682121e+001 -2.900000e+001  3.725000e+001
      vertex -2.587230e+001 -3.148459e+001  3.725000e+001
      vertex -2.606829e+001 -3.149615e+001  3.725000e+001
    endloop
  endfacet
  facet normal  -0.000000e+000  0.000000e+000 -1.000000e+000
    outer loop
      vertex -2.682121e+001 -2.900000e+001  3.725000e+001
      vertex -2.606829e+001 -3.149615e+001  3.725000e+001
      vertex -2.626459e+001 -3.150000e+001  3.725000e+001
    endloop
  endfacet
  facet normal  0.000000e+000  0.000000e+000 -1.000000e+000
    outer loop
      vertex -2.682121e+001 -2.400000e+001  3.725000e+001
      vertex -2.126459e+001 -2.650000e+001  3.725000e+001
      vertex -2.537784e+001 -2.650000e+001  3.725000e+001
    endloop
  endfacet
  facet normal  0.000000e+000  0.000000e+000 -1.000000e+000
    outer loop
      vertex -2.126459e+001 -2.650000e+001  3.725000e+001
      vertex -2.682121e+001 -2.400000e+001  3.725000e+001
      vertex -2.126459e+001 -2.107775e+001  3.725000e+001
    endloop
  endfacet
  facet normal  0.000000e+000  0.000000e+000 -1.000000e+000
    outer loop
      vertex -2.126459e+001 -2.107775e+001  3.725000e+001
      vertex -2.682121e+001 -2.400000e+001  3.725000e+001
      vertex -2.970797e+001 -2.400000e+001  3.725000e+001
    endloop
  endfacet
  facet normal  0.000000e+000  0.000000e+000 -9.999999e-001
    outer loop
      vertex -2.126459e+001 -2.107775e+001  3.725000e+001
      vertex -2.970797e+001 -2.400000e+001  3.725000e+001
      vertex -3.526459e+001 -2.107775e+001  3.725000e+001
    endloop
  endfacet
  facet normal  0.000000e+000  0.000000e+000 -1.000000e+000
    outer loop
      vertex -3.526459e+001 -2.107775e+001  3.725000e+001
      vertex -2.970797e+001 -2.400000e+001  3.725000e+001
      vertex -3.115134e+001 -2.650000e+001  3.725000e+001
    endloop
  endfacet
  facet normal  0.000000e+000  0.000000e+000 -1.000000e+000
    outer loop
      vertex -3.526459e+001 -2.107775e+001  3.725000e+001
      vertex -3.115134e+001 -2.650000e+001  3.725000e+001
      vertex -3.526459e+001 -2.650000e+001  3.725000e+001
    endloop
  endfacet
  facet normal  8.660256e-001  4.999997e-001  -0.000000e+000
    outer loop
      vertex -2.537784e+001 -2.650000e+001  3.725000e+001
      vertex -2.537784e+001 -2.650000e+001  2.325000e+001
      vertex -2.682121e+001 -2.400000e+001  3.725000e+001
    endloop
  endfacet
  facet normal  8.660256e-001  4.999997e-001  0.000000e+000
    outer loop
      vertex -2.682121e+001 -2.400000e+001  3.725000e+001
      vertex -2.537784e+001 -2.650000e+001  2.325000e+001
      vertex -2.682121e+001 -2.400000e+001  2.325000e+001
    endloop
  endfacet
  facet normal  8.660256e-001 -4.999997e-001  0.000000e+000
    outer loop
      vertex -2.682121e+001 -2.900000e+001  3.725000e+001
      vertex -2.682121e+001 -2.900000e+001  2.325000e+001
      vertex -2.537784e+001 -2.650000e+001  3.725000e+001
    endloop
  endfacet
  facet normal  8.660256e-001 -4.999997e-001  0.000000e+000
    outer loop
      vertex -2.537784e+001 -2.650000e+001  3.725000e+001
      vertex -2.682121e+001 -2.900000e+001  2.325000e+001
      vertex -2.537784e+001 -2.650000e+001  2.325000e+001
    endloop
  endfacet
  facet normal  0.000000e+000 -1.000000e+000  0.000000e+000
    outer loop
      vertex -2.970797e+001 -2.900000e+001  3.725000e+001
      vertex -2.970797e+001 -2.900000e+001  2.325000e+001
      vertex -2.682121e+001 -2.900000e+001  3.725000e+001
    endloop
  endfacet
  facet normal  0.000000e+000 -1.000000e+000  -0.000000e+000
    outer loop
      vertex -2.682121e+001 -2.900000e+001  3.725000e+001
      vertex -2.970797e+001 -2.900000e+001  2.325000e+001
      vertex -2.682121e+001 -2.900000e+001  2.325000e+001
    endloop
  endfacet
  facet normal -8.660256e-001 -4.999997e-001  0.000000e+000
    outer loop
      vertex -3.115134e+001 -2.650000e+001  3.725000e+001
      vertex -3.115134e+001 -2.650000e+001  2.325000e+001
      vertex -2.970797e+001 -2.900000e+001  3.725000e+001
    endloop
  endfacet
  facet normal -8.660256e-001 -4.999997e-001  -0.000000e+000
    outer loop
      vertex -2.970797e+001 -2.900000e+001  3.725000e+001
      vertex -3.115134e+001 -2.650000e+001  2.325000e+001
      vertex -2.970797e+001 -2.900000e+001  2.325000e+001
    endloop
  endfacet
  facet normal -8.660256e-001  4.999997e-001  0.000000e+000
    outer loop
      vertex -2.970797e+001 -2.400000e+001  3.725000e+001
      vertex -2.970797e+001 -2.400000e+001  2.325000e+001
      vertex -3.115134e+001 -2.650000e+001  3.725000e+001
    endloop
  endfacet
  facet normal -8.660256e-001  4.999997e-001  0.000000e+000
    outer loop
      vertex -3.115134e+001 -2.650000e+001  3.725000e+001
      vertex -2.970797e+001 -2.400000e+001  2.325000e+001
      vertex -3.115134e+001 -2.650000e+001  2.325000e+001
    endloop
  endfacet
  facet normal  0.000000e+000  1.000000e+000  -0.000000e+000
    outer loop
      vertex -2.682121e+001 -2.400000e+001  3.725000e+001
      vertex -2.682121e+001 -2.400000e+001  2.325000e+001
      vertex -2.970797e+001 -2.400000e+001  3.725000e+001
    endloop
  endfacet
  facet normal  0.000000e+000  1.000000e+000  0.000000e+000
    outer loop
      vertex -2.970797e+001 -2.400000e+001  3.725000e+001
      vertex -2.682121e+001 -2.400000e+001  2.325000e+001
      vertex -2.970797e+001 -2.400000e+001  2.325000e+001
    endloop
  endfacet
  facet normal  0.000000e+000  0.000000e+000 -9.999999e-001
    outer loop
      vertex -2.682121e+001 -2.400000e+001  2.325000e+001
      vertex -2.537784e+001 -2.650000e+001  2.325000e+001
      vertex -2.970797e+001 -2.400000e+001  2.325000e+001
    endloop
  endfacet
  facet normal  0.000000e+000  -0.000000e+000 -1.000000e+000
    outer loop
      vertex -2.970797e+001 -2.400000e+001  2.325000e+001
      vertex -2.537784e+001 -2.650000e+001  2.325000e+001
      vertex -3.115134e+001 -2.650000e+001  2.325000e+001
    endloop
  endfacet
  facet normal  0.000000e+000  0.000000e+000 -1.000000e+000
    outer loop
      vertex -2.537784e+001 -2.650000e+001  2.325000e+001
      vertex -2.682121e+001 -2.900000e+001  2.325000e+001
      vertex -3.115134e+001 -2.650000e+001  2.325000e+001
    endloop
  endfacet
  facet normal  0.000000e+000  0.000000e+000 -9.999999e-001
    outer loop
      vertex -3.115134e+001 -2.650000e+001  2.325000e+001
      vertex -2.682121e+001 -2.900000e+001  2.325000e+001
      vertex -2.970797e+001 -2.900000e+001  2.325000e+001
    endloop
  endfacet
  facet normal  0.000000e+000  3.520098e-001 -9.359962e-001
    outer loop
      vertex -3.505002e+001 -1.996358e+001  3.746457e+001
      vertex -2.147916e+001 -1.996358e+001  3.746457e+001
      vertex -3.509393e+001 -2.008031e+001  3.742067e+001
    endloop
  endfacet
  facet normal  0.000000e+000  3.520098e-001 -9.359963e-001
    outer loop
      vertex -3.509393e+001 -2.008031e+001  3.742067e+001
      vertex -2.147916e+001 -1.996358e+001  3.746457e+001
      vertex -2.143526e+001 -2.008031e+001  3.742067e+001
    endloop
  endfacet
  facet normal  0.000000e+000  3.125572e-001 -9.498990e-001
    outer loop
      vertex -3.509393e+001 -2.008031e+001  3.742067e+001
      vertex -2.143526e+001 -2.008031e+001  3.742067e+001
      vertex -3.513337e+001 -2.020019e+001  3.738122e+001
    endloop
  endfacet
  facet normal  0.000000e+000  3.125573e-001 -9.498990e-001
    outer loop
      vertex -3.513337e+001 -2.020019e+001  3.738122e+001
      vertex -2.143526e+001 -2.008031e+001  3.742067e+001
      vertex -2.139581e+001 -2.020019e+001  3.738122e+001
    endloop
  endfacet
  facet normal  0.000000e+000  2.721412e-001 -9.622574e-001
    outer loop
      vertex -3.513337e+001 -2.020019e+001  3.738122e+001
      vertex -2.139581e+001 -2.020019e+001  3.738122e+001
      vertex -3.516808e+001 -2.032295e+001  3.734650e+001
    endloop
  endfacet
  facet normal  2.658618e-007  2.721136e-001 -9.622651e-001
    outer loop
      vertex -3.516808e+001 -2.032295e+001  3.734650e+001
      vertex -2.139581e+001 -2.020019e+001  3.738122e+001
      vertex -2.136110e+001 -2.032295e+001  3.734651e+001
    endloop
  endfacet
  facet normal  2.688316e-007  2.307456e-001 -9.730141e-001
    outer loop
      vertex -3.516808e+001 -2.032295e+001  3.734650e+001
      vertex -2.136110e+001 -2.032295e+001  3.734651e+001
      vertex -3.519781e+001 -2.044829e+001  3.731678e+001
    endloop
  endfacet
  facet normal  0.000000e+000  2.307737e-001 -9.730075e-001
    outer loop
      vertex -3.519781e+001 -2.044829e+001  3.731678e+001
      vertex -2.136110e+001 -2.032295e+001  3.734651e+001
      vertex -2.133137e+001 -2.044829e+001  3.731678e+001
    endloop
  endfacet
  facet normal  0.000000e+000  1.886056e-001 -9.820529e-001
    outer loop
      vertex -3.519781e+001 -2.044829e+001  3.731678e+001
      vertex -2.133137e+001 -2.044829e+001  3.731678e+001
      vertex -3.522231e+001 -2.057587e+001  3.729228e+001
    endloop
  endfacet
  facet normal  0.000000e+000  1.886056e-001 -9.820529e-001
    outer loop
      vertex -3.522231e+001 -2.057587e+001  3.729228e+001
      vertex -2.133137e+001 -2.044829e+001  3.731678e+001
      vertex -2.130687e+001 -2.057587e+001  3.729228e+001
    endloop
  endfacet
  facet normal  0.000000e+000  1.565324e-001 -9.876728e-001
    outer loop
      vertex -3.522231e+001 -2.057587e+001  3.729228e+001
      vertex -2.130687e+001 -2.057587e+001  3.729228e+001
      vertex -3.523254e+001 -2.064037e+001  3.728205e+001
    endloop
  endfacet
  facet normal  0.000000e+000  1.565324e-001 -9.876727e-001
    outer loop
      vertex -3.523254e+001 -2.064037e+001  3.728205e+001
      vertex -2.130687e+001 -2.057587e+001  3.729228e+001
      vertex -2.129665e+001 -2.064037e+001  3.728205e+001
    endloop
  endfacet
  facet normal  0.000000e+000  1.349703e-001 -9.908496e-001
    outer loop
      vertex -3.523254e+001 -2.064037e+001  3.728205e+001
      vertex -2.129665e+001 -2.064037e+001  3.728205e+001
      vertex -3.524138e+001 -2.070529e+001  3.727321e+001
    endloop
  endfacet
  facet normal  0.000000e+000  1.349703e-001 -9.908496e-001
    outer loop
      vertex -3.524138e+001 -2.070529e+001  3.727321e+001
      vertex -2.129665e+001 -2.064037e+001  3.728205e+001
      vertex -2.128780e+001 -2.070529e+001  3.727321e+001
    endloop
  endfacet
  facet normal  0.000000e+000  1.096693e-001 -9.939681e-001
    outer loop
      vertex -3.524138e+001 -2.070529e+001  3.727321e+001
      vertex -2.128780e+001 -2.070529e+001  3.727321e+001
      vertex -3.525099e+001 -2.079238e+001  3.726360e+001
    endloop
  endfacet
  facet normal  0.000000e+000  1.096693e-001 -9.939681e-001
    outer loop
      vertex -3.525099e+001 -2.079238e+001  3.726360e+001
      vertex -2.128780e+001 -2.070529e+001  3.727321e+001
      vertex -2.127819e+001 -2.079238e+001  3.726360e+001
    endloop
  endfacet
  facet normal  0.000000e+000  8.053551e-002 -9.967518e-001
    outer loop
      vertex -3.525099e+001 -2.079238e+001  3.726360e+001
      vertex -2.127819e+001 -2.079238e+001  3.726360e+001
      vertex -3.525806e+001 -2.087996e+001  3.725653e+001
    endloop
  endfacet
  facet normal  0.000000e+000  8.053551e-002 -9.967518e-001
    outer loop
      vertex -3.525806e+001 -2.087996e+001  3.725653e+001
      vertex -2.127819e+001 -2.079238e+001  3.726360e+001
      vertex -2.127112e+001 -2.087996e+001  3.725653e+001
    endloop
  endfacet
  facet normal  0.000000e+000  5.126018e-002 -9.986853e-001
    outer loop
      vertex -3.525806e+001 -2.087996e+001  3.725653e+001
      vertex -2.127112e+001 -2.087996e+001  3.725653e+001
      vertex -3.526258e+001 -2.096788e+001  3.725201e+001
    endloop
  endfacet
  facet normal  0.000000e+000  5.126018e-002 -9.986853e-001
    outer loop
      vertex -3.526258e+001 -2.096788e+001  3.725201e+001
      vertex -2.127112e+001 -2.087996e+001  3.725653e+001
      vertex -2.126660e+001 -2.096788e+001  3.725201e+001
    endloop
  endfacet
  facet normal  0.000000e+000  1.832962e-002 -9.998320e-001
    outer loop
      vertex -3.526258e+001 -2.096788e+001  3.725201e+001
      vertex -2.126660e+001 -2.096788e+001  3.725201e+001
      vertex -3.526459e+001 -2.107775e+001  3.725000e+001
    endloop
  endfacet
  facet normal  0.000000e+000  1.832962e-002 -9.998320e-001
    outer loop
      vertex -3.526459e+001 -2.107775e+001  3.725000e+001
      vertex -2.126660e+001 -2.096788e+001  3.725201e+001
      vertex -2.126459e+001 -2.107775e+001  3.725000e+001
    endloop
  endfacet
  facet normal -1.000000e+000  -0.000000e+000  0.000000e+000
    outer loop
      vertex -3.526459e+001 -2.650000e+001  4.225000e+001
      vertex -3.526459e+001 -2.107775e+001  4.225000e+001
      vertex -3.526459e+001 -2.650000e+001  3.725000e+001
    endloop
  endfacet
  facet normal -1.000000e+000  0.000000e+000  0.000000e+000
    outer loop
      vertex -3.526459e+001 -2.650000e+001  3.725000e+001
      vertex -3.526459e+001 -2.107775e+001  4.225000e+001
      vertex -3.526459e+001 -2.107775e+001  3.725000e+001
    endloop
  endfacet
  facet normal -9.284762e-001  3.713920e-001  0.000000e+000
    outer loop
      vertex -3.452181e+001 -1.864305e+001  4.225000e+001
      vertex -3.452181e+001 -1.864305e+001  3.799278e+001
      vertex -3.505002e+001 -1.996358e+001  4.225000e+001
    endloop
  endfacet
  facet normal -9.284762e-001  3.713921e-001  0.000000e+000
    outer loop
      vertex -3.505002e+001 -1.996358e+001  4.225000e+001
      vertex -3.452181e+001 -1.864305e+001  3.799278e+001
      vertex -3.505002e+001 -1.996358e+001  3.746457e+001
    endloop
  endfacet
  facet normal  -0.000000e+000  0.000000e+000  1.000000e+000
    outer loop
      vertex -2.664976e+001 -1.550000e+001  4.225000e+001
      vertex -2.987943e+001 -1.550000e+001  4.225000e+001
      vertex -2.645143e+001 -1.550393e+001  4.225000e+001
    endloop
  endfacet
  facet normal  0.000000e+000  0.000000e+000  9.999999e-001
    outer loop
      vertex -2.645143e+001 -1.550393e+001  4.225000e+001
      vertex -2.987943e+001 -1.550000e+001  4.225000e+001
      vertex -3.007776e+001 -1.550393e+001  4.225000e+001
    endloop
  endfacet
  facet normal  -0.000000e+000  0.000000e+000  1.000000e+000
    outer loop
      vertex -2.645143e+001 -1.550393e+001  4.225000e+001
      vertex -3.007776e+001 -1.550393e+001  4.225000e+001
      vertex -2.625341e+001 -1.551573e+001  4.225000e+001
    endloop
  endfacet
  facet normal  0.000000e+000  0.000000e+000  9.999999e-001
    outer loop
      vertex -2.625341e+001 -1.551573e+001  4.225000e+001
      vertex -3.007776e+001 -1.550393e+001  4.225000e+001
      vertex -3.027577e+001 -1.551573e+001  4.225000e+001
    endloop
  endfacet
  facet normal  -0.000000e+000  0.000000e+000  1.000000e+000
    outer loop
      vertex -2.625341e+001 -1.551573e+001  4.225000e+001
      vertex -3.027577e+001 -1.551573e+001  4.225000e+001
      vertex -2.605602e+001 -1.553538e+001  4.225000e+001
    endloop
  endfacet
  facet normal  0.000000e+000  0.000000e+000  1.000000e+000
    outer loop
      vertex -2.605602e+001 -1.553538e+001  4.225000e+001
      vertex -3.027577e+001 -1.551573e+001  4.225000e+001
      vertex -3.047317e+001 -1.553538e+001  4.225000e+001
    endloop
  endfacet
  facet normal  -0.000000e+000  0.000000e+000  1.000000e+000
    outer loop
      vertex -2.605602e+001 -1.553538e+001  4.225000e+001
      vertex -3.047317e+001 -1.553538e+001  4.225000e+001
      vertex -2.585956e+001 -1.556284e+001  4.225000e+001
    endloop
  endfacet
  facet normal  0.000000e+000  0.000000e+000  1.000000e+000
    outer loop
      vertex -2.585956e+001 -1.556284e+001  4.225000e+001
      vertex -3.047317e+001 -1.553538e+001  4.225000e+001
      vertex -3.066963e+001 -1.556284e+001  4.225000e+001
    endloop
  endfacet
  facet normal  -0.000000e+000  0.000000e+000  1.000000e+000
    outer loop
      vertex -2.585956e+001 -1.556284e+001  4.225000e+001
      vertex -3.066963e+001 -1.556284e+001  4.225000e+001
      vertex -2.566434e+001 -1.559807e+001  4.225000e+001
    endloop
  endfacet
  facet normal  0.000000e+000  0.000000e+000  1.000000e+000
    outer loop
      vertex -2.566434e+001 -1.559807e+001  4.225000e+001
      vertex -3.066963e+001 -1.556284e+001  4.225000e+001
      vertex -3.086484e+001 -1.559807e+001  4.225000e+001
    endloop
  endfacet
  facet normal  -0.000000e+000  0.000000e+000  1.000000e+000
    outer loop
      vertex -2.566434e+001 -1.559807e+001  4.225000e+001
      vertex -3.086484e+001 -1.559807e+001  4.225000e+001
      vertex -2.547068e+001 -1.564101e+001  4.225000e+001
    endloop
  endfacet
  facet normal  0.000000e+000  0.000000e+000  1.000000e+000
    outer loop
      vertex -2.547068e+001 -1.564101e+001  4.225000e+001
      vertex -3.086484e+001 -1.559807e+001  4.225000e+001
      vertex -3.105851e+001 -1.564101e+001  4.225000e+001
    endloop
  endfacet
  facet normal  -0.000000e+000  0.000000e+000  1.000000e+000
    outer loop
      vertex -2.547068e+001 -1.564101e+001  4.225000e+001
      vertex -3.105851e+001 -1.564101e+001  4.225000e+001
      vertex -2.527887e+001 -1.569160e+001  4.225000e+001
    endloop
  endfacet
  facet normal  0.000000e+000  0.000000e+000  1.000000e+000
    outer loop
      vertex -2.527887e+001 -1.569160e+001  4.225000e+001
      vertex -3.105851e+001 -1.564101e+001  4.225000e+001
      vertex -3.125031e+001 -1.569160e+001  4.225000e+001
    endloop
  endfacet
  facet normal  -0.000000e+000  0.000000e+000  1.000000e+000
    outer loop
      vertex -2.527887e+001 -1.569160e+001  4.225000e+001
      vertex -3.125031e+001 -1.569160e+001  4.225000e+001
      vertex -2.508922e+001 -1.574977e+001  4.225000e+001
    endloop
  endfacet
  facet normal  0.000000e+000  0.000000e+000  1.000000e+000
    outer loop
      vertex -2.508922e+001 -1.574977e+001  4.225000e+001
      vertex -3.125031e+001 -1.569160e+001  4.225000e+001
      vertex -3.143996e+001 -1.574977e+001  4.225000e+001
    endloop
  endfacet
  facet normal  -0.000000e+000  0.000000e+000  9.999999e-001
    outer loop
      vertex -2.508922e+001 -1.574977e+001  4.225000e+001
      vertex -3.143996e+001 -1.574977e+001  4.225000e+001
      vertex -2.490202e+001 -1.581540e+001  4.225000e+001
    endloop
  endfacet
  facet normal  0.000000e+000  0.000000e+000  1.000000e+000
    outer loop
      vertex -2.490202e+001 -1.581540e+001  4.225000e+001
      vertex -3.143996e+001 -1.574977e+001  4.225000e+001
      vertex -3.162716e+001 -1.581540e+001  4.225000e+001
    endloop
  endfacet
  facet normal  -0.000000e+000  0.000000e+000  1.000000e+000
    outer loop
      vertex -2.490202e+001 -1.581540e+001  4.225000e+001
      vertex -3.162716e+001 -1.581540e+001  4.225000e+001
      vertex -2.471758e+001 -1.588842e+001  4.225000e+001
    endloop
  endfacet
  facet normal  0.000000e+000  0.000000e+000  1.000000e+000
    outer loop
      vertex -2.471758e+001 -1.588842e+001  4.225000e+001
      vertex -3.162716e+001 -1.581540e+001  4.225000e+001
      vertex -3.181160e+001 -1.588842e+001  4.225000e+001
    endloop
  endfacet
  facet normal  -0.000000e+000  0.000000e+000  1.000000e+000
    outer loop
      vertex -2.471758e+001 -1.588842e+001  4.225000e+001
      vertex -3.181160e+001 -1.588842e+001  4.225000e+001
      vertex -2.453618e+001 -1.596869e+001  4.225000e+001
    endloop
  endfacet
  facet normal  0.000000e+000  0.000000e+000  1.000000e+000
    outer loop
      vertex -2.453618e+001 -1.596869e+001  4.225000e+001
      vertex -3.181160e+001 -1.588842e+001  4.225000e+001
      vertex -3.199300e+001 -1.596869e+001  4.225000e+001
    endloop
  endfacet
  facet normal  -0.000000e+000  0.000000e+000  1.000000e+000
    outer loop
      vertex -2.453618e+001 -1.596869e+001  4.225000e+001
      vertex -3.199300e+001 -1.596869e+001  4.225000e+001
      vertex -2.435810e+001 -1.605609e+001  4.225000e+001
    endloop
  endfacet
  facet normal  0.000000e+000  0.000000e+000  1.000000e+000
    outer loop
      vertex -2.435810e+001 -1.605609e+001  4.225000e+001
      vertex -3.199300e+001 -1.596869e+001  4.225000e+001
      vertex -3.217108e+001 -1.605609e+001  4.225000e+001
    endloop
  endfacet
  facet normal  -0.000000e+000  0.000000e+000  9.999999e-001
    outer loop
      vertex -2.435810e+001 -1.605609e+001  4.225000e+001
      vertex -3.217108e+001 -1.605609e+001  4.225000e+001
      vertex -2.418364e+001 -1.615049e+001  4.225000e+001
    endloop
  endfacet
  facet normal  0.000000e+000  0.000000e+000  1.000000e+000
    outer loop
      vertex -2.418364e+001 -1.615049e+001  4.225000e+001
      vertex -3.217108e+001 -1.605609e+001  4.225000e+001
      vertex -3.234555e+001 -1.615049e+001  4.225000e+001
    endloop
  endfacet
  facet normal  -0.000000e+000  0.000000e+000  1.000000e+000
    outer loop
      vertex -2.418364e+001 -1.615049e+001  4.225000e+001
      vertex -3.234555e+001 -1.615049e+001  4.225000e+001
      vertex -2.401305e+001 -1.625173e+001  4.225000e+001
    endloop
  endfacet
  facet normal  0.000000e+000  0.000000e+000  1.000000e+000
    outer loop
      vertex -2.401305e+001 -1.625173e+001  4.225000e+001
      vertex -3.234555e+001 -1.615049e+001  4.225000e+001
      vertex -3.251613e+001 -1.625173e+001  4.225000e+001
    endloop
  endfacet
  facet normal  -0.000000e+000  0.000000e+000  1.000000e+000
    outer loop
      vertex -2.401305e+001 -1.625173e+001  4.225000e+001
      vertex -3.251613e+001 -1.625173e+001  4.225000e+001
      vertex -2.384661e+001 -1.635966e+001  4.225000e+001
    endloop
  endfacet
  facet normal  0.000000e+000  0.000000e+000  1.000000e+000
    outer loop
      vertex -2.384661e+001 -1.635966e+001  4.225000e+001
      vertex -3.251613e+001 -1.625173e+001  4.225000e+001
      vertex -3.268257e+001 -1.635966e+001  4.225000e+001
    endloop
  endfacet
  facet normal  -0.000000e+000  0.000000e+000  1.000000e+000
    outer loop
      vertex -2.384661e+001 -1.635966e+001  4.225000e+001
      vertex -3.268257e+001 -1.635966e+001  4.225000e+001
      vertex -2.368459e+001 -1.647411e+001  4.225000e+001
    endloop
  endfacet
  facet normal  0.000000e+000  0.000000e+000  1.000000e+000
    outer loop
      vertex -2.368459e+001 -1.647411e+001  4.225000e+001
      vertex -3.268257e+001 -1.635966e+001  4.225000e+001
      vertex -3.284459e+001 -1.647411e+001  4.225000e+001
    endloop
  endfacet
  facet normal  -0.000000e+000  0.000000e+000  1.000000e+000
    outer loop
      vertex -2.368459e+001 -1.647411e+001  4.225000e+001
      vertex -3.284459e+001 -1.647411e+001  4.225000e+001
      vertex -2.352723e+001 -1.659490e+001  4.225000e+001
    endloop
  endfacet
  facet normal  0.000000e+000  0.000000e+000  1.000000e+000
    outer loop
      vertex -2.352723e+001 -1.659490e+001  4.225000e+001
      vertex -3.284459e+001 -1.647411e+001  4.225000e+001
      vertex -3.300195e+001 -1.659490e+001  4.225000e+001
    endloop
  endfacet
  facet normal  -0.000000e+000  0.000000e+000  1.000000e+000
    outer loop
      vertex -2.352723e+001 -1.659490e+001  4.225000e+001
      vertex -3.300195e+001 -1.659490e+001  4.225000e+001
      vertex -2.337479e+001 -1.672183e+001  4.225000e+001
    endloop
  endfacet
  facet normal  0.000000e+000  0.000000e+000  1.000000e+000
    outer loop
      vertex -2.337479e+001 -1.672183e+001  4.225000e+001
      vertex -3.300195e+001 -1.659490e+001  4.225000e+001
      vertex -3.315439e+001 -1.672183e+001  4.225000e+001
    endloop
  endfacet
  facet normal  -0.000000e+000  0.000000e+000  1.000000e+000
    outer loop
      vertex -2.337479e+001 -1.672183e+001  4.225000e+001
      vertex -3.315439e+001 -1.672183e+001  4.225000e+001
      vertex -2.322750e+001 -1.685471e+001  4.225000e+001
    endloop
  endfacet
  facet normal  0.000000e+000  0.000000e+000  1.000000e+000
    outer loop
      vertex -2.322750e+001 -1.685471e+001  4.225000e+001
      vertex -3.315439e+001 -1.672183e+001  4.225000e+001
      vertex -3.330168e+001 -1.685471e+001  4.225000e+001
    endloop
  endfacet
  facet normal  -0.000000e+000  0.000000e+000  9.999999e-001
    outer loop
      vertex -2.322750e+001 -1.685471e+001  4.225000e+001
      vertex -3.330168e+001 -1.685471e+001  4.225000e+001
      vertex -2.308560e+001 -1.699332e+001  4.225000e+001
    endloop
  endfacet
  facet normal  0.000000e+000  0.000000e+000  1.000000e+000
    outer loop
      vertex -2.308560e+001 -1.699332e+001  4.225000e+001
      vertex -3.330168e+001 -1.685471e+001  4.225000e+001
      vertex -3.344358e+001 -1.699332e+001  4.225000e+001
    endloop
  endfacet
  facet normal  -0.000000e+000  0.000000e+000  9.999999e-001
    outer loop
      vertex -2.308560e+001 -1.699332e+001  4.225000e+001
      vertex -3.344358e+001 -1.699332e+001  4.225000e+001
      vertex -2.294931e+001 -1.713746e+001  4.225000e+001
    endloop
  endfacet
  facet normal  0.000000e+000  0.000000e+000  1.000000e+000
    outer loop
      vertex -2.294931e+001 -1.713746e+001  4.225000e+001
      vertex -3.344358e+001 -1.699332e+001  4.225000e+001
      vertex -3.357987e+001 -1.713746e+001  4.225000e+001
    endloop
  endfacet
  facet normal  -0.000000e+000  0.000000e+000  1.000000e+000
    outer loop
      vertex -2.294931e+001 -1.713746e+001  4.225000e+001
      vertex -3.357987e+001 -1.713746e+001  4.225000e+001
      vertex -2.281884e+001 -1.728688e+001  4.225000e+001
    endloop
  endfacet
  facet normal  0.000000e+000  0.000000e+000  1.000000e+000
    outer loop
      vertex -2.281884e+001 -1.728688e+001  4.225000e+001
      vertex -3.357987e+001 -1.713746e+001  4.225000e+001
      vertex -3.371034e+001 -1.728688e+001  4.225000e+001
    endloop
  endfacet
  facet normal  -0.000000e+000  0.000000e+000  1.000000e+000
    outer loop
      vertex -2.281884e+001 -1.728688e+001  4.225000e+001
      vertex -3.371034e+001 -1.728688e+001  4.225000e+001
      vertex -2.269441e+001 -1.744137e+001  4.225000e+001
    endloop
  endfacet
  facet normal  0.000000e+000  0.000000e+000  1.000000e+000
    outer loop
      vertex -2.269441e+001 -1.744137e+001  4.225000e+001
      vertex -3.371034e+001 -1.728688e+001  4.225000e+001
      vertex -3.383477e+001 -1.744137e+001  4.225000e+001
    endloop
  endfacet
  facet normal  -0.000000e+000  0.000000e+000  1.000000e+000
    outer loop
      vertex -2.269441e+001 -1.744137e+001  4.225000e+001
      vertex -3.383477e+001 -1.744137e+001  4.225000e+001
      vertex -2.257620e+001 -1.760067e+001  4.225000e+001
    endloop
  endfacet
  facet normal  0.000000e+000  0.000000e+000  1.000000e+000
    outer loop
      vertex -2.257620e+001 -1.760067e+001  4.225000e+001
      vertex -3.383477e+001 -1.744137e+001  4.225000e+001
      vertex -3.395298e+001 -1.760067e+001  4.225000e+001
    endloop
  endfacet
  facet normal  -0.000000e+000  0.000000e+000  9.999999e-001
    outer loop
      vertex -2.257620e+001 -1.760067e+001  4.225000e+001
      vertex -3.395298e+001 -1.760067e+001  4.225000e+001
      vertex -2.246440e+001 -1.776453e+001  4.225000e+001
    endloop
  endfacet
  facet normal  0.000000e+000  0.000000e+000  1.000000e+000
    outer loop
      vertex -2.246440e+001 -1.776453e+001  4.225000e+001
      vertex -3.395298e+001 -1.760067e+001  4.225000e+001
      vertex -3.406479e+001 -1.776453e+001  4.225000e+001
    endloop
  endfacet
  facet normal  -0.000000e+000  0.000000e+000  1.000000e+000
    outer loop
      vertex -2.246440e+001 -1.776453e+001  4.225000e+001
      vertex -3.406479e+001 -1.776453e+001  4.225000e+001
      vertex -2.235919e+001 -1.793270e+001  4.225000e+001
    endloop
  endfacet
  facet normal  0.000000e+000  0.000000e+000  9.999999e-001
    outer loop
      vertex -2.235919e+001 -1.793270e+001  4.225000e+001
      vertex -3.406479e+001 -1.776453e+001  4.225000e+001
      vertex -3.416999e+001 -1.793270e+001  4.225000e+001
    endloop
  endfacet
  facet normal  -0.000000e+000  0.000000e+000  1.000000e+000
    outer loop
      vertex -2.235919e+001 -1.793270e+001  4.225000e+001
      vertex -3.416999e+001 -1.793270e+001  4.225000e+001
      vertex -2.226073e+001 -1.810491e+001  4.225000e+001
    endloop
  endfacet
  facet normal  0.000000e+000  0.000000e+000  1.000000e+000
    outer loop
      vertex -2.226073e+001 -1.810491e+001  4.225000e+001
      vertex -3.416999e+001 -1.793270e+001  4.225000e+001
      vertex -3.426845e+001 -1.810491e+001  4.225000e+001
    endloop
  endfacet
  facet normal  -0.000000e+000  0.000000e+000  1.000000e+000
    outer loop
      vertex -2.226073e+001 -1.810491e+001  4.225000e+001
      vertex -3.426845e+001 -1.810491e+001  4.225000e+001
      vertex -2.216918e+001 -1.828089e+001  4.225000e+001
    endloop
  endfacet
  facet normal  0.000000e+000  0.000000e+000  9.999999e-001
    outer loop
      vertex -2.216918e+001 -1.828089e+001  4.225000e+001
      vertex -3.426845e+001 -1.810491e+001  4.225000e+001
      vertex -3.436000e+001 -1.828089e+001  4.225000e+001
    endloop
  endfacet
  facet normal  -0.000000e+000  0.000000e+000  1.000000e+000
    outer loop
      vertex -2.216918e+001 -1.828089e+001  4.225000e+001
      vertex -3.436000e+001 -1.828089e+001  4.225000e+001
      vertex -2.208468e+001 -1.846036e+001  4.225000e+001
    endloop
  endfacet
  facet normal  0.000000e+000  0.000000e+000  1.000000e+000
    outer loop
      vertex -2.208468e+001 -1.846036e+001  4.225000e+001
      vertex -3.436000e+001 -1.828089e+001  4.225000e+001
      vertex -3.444450e+001 -1.846036e+001  4.225000e+001
    endloop
  endfacet
  facet normal  -0.000000e+000  0.000000e+000  1.000000e+000
    outer loop
      vertex -2.208468e+001 -1.846036e+001  4.225000e+001
      vertex -3.444450e+001 -1.846036e+001  4.225000e+001
      vertex -2.200737e+001 -1.864305e+001  4.225000e+001
    endloop
  endfacet
  facet normal  0.000000e+000  0.000000e+000  1.000000e+000
    outer loop
      vertex -2.200737e+001 -1.864305e+001  4.225000e+001
      vertex -3.444450e+001 -1.846036e+001  4.225000e+001
      vertex -3.452181e+001 -1.864305e+001  4.225000e+001
    endloop
  endfacet
  facet normal  -0.000000e+000  0.000000e+000  1.000000e+000
    outer loop
      vertex -2.200737e+001 -1.864305e+001  4.225000e+001
      vertex -3.452181e+001 -1.864305e+001  4.225000e+001
      vertex -2.147916e+001 -1.996358e+001  4.225000e+001
    endloop
  endfacet
  facet normal  0.000000e+000  0.000000e+000  1.000000e+000
    outer loop
      vertex -2.147916e+001 -1.996358e+001  4.225000e+001
      vertex -3.452181e+001 -1.864305e+001  4.225000e+001
      vertex -3.505002e+001 -1.996358e+001  4.225000e+001
    endloop
  endfacet
  facet normal  -0.000000e+000  0.000000e+000  9.999999e-001
    outer loop
      vertex -2.147916e+001 -1.996358e+001  4.225000e+001
      vertex -3.505002e+001 -1.996358e+001  4.225000e+001
      vertex -2.142934e+001 -2.009727e+001  4.225000e+001
    endloop
  endfacet
  facet normal  0.000000e+000  0.000000e+000  1.000000e+000
    outer loop
      vertex -2.142934e+001 -2.009727e+001  4.225000e+001
      vertex -3.505002e+001 -1.996358e+001  4.225000e+001
      vertex -3.509985e+001 -2.009727e+001  4.225000e+001
    endloop
  endfacet
  facet normal  -0.000000e+000  0.000000e+000  1.000000e+000
    outer loop
      vertex -2.142934e+001 -2.009727e+001  4.225000e+001
      vertex -3.509985e+001 -2.009727e+001  4.225000e+001
      vertex -2.138593e+001 -2.023318e+001  4.225000e+001
    endloop
  endfacet
  facet normal  0.000000e+000  0.000000e+000  1.000000e+000
    outer loop
      vertex -2.138593e+001 -2.023318e+001  4.225000e+001
      vertex -3.509985e+001 -2.009727e+001  4.225000e+001
      vertex -3.514326e+001 -2.023318e+001  4.225000e+001
    endloop
  endfacet
  facet normal  -0.000000e+000  0.000000e+000  1.000000e+000
    outer loop
      vertex -2.138593e+001 -2.023318e+001  4.225000e+001
      vertex -3.514326e+001 -2.023318e+001  4.225000e+001
      vertex -2.134903e+001 -2.037100e+001  4.225000e+001
    endloop
  endfacet
  facet normal  0.000000e+000  0.000000e+000  9.999999e-001
    outer loop
      vertex -2.134903e+001 -2.037100e+001  4.225000e+001
      vertex -3.514326e+001 -2.023318e+001  4.225000e+001
      vertex -3.518016e+001 -2.037100e+001  4.225000e+001
    endloop
  endfacet
  facet normal  -0.000000e+000  0.000000e+000  1.000000e+000
    outer loop
      vertex -2.134903e+001 -2.037100e+001  4.225000e+001
      vertex -3.518016e+001 -2.037100e+001  4.225000e+001
      vertex -2.131872e+001 -2.051043e+001  4.225000e+001
    endloop
  endfacet
  facet normal  0.000000e+000  0.000000e+000  1.000000e+000
    outer loop
      vertex -2.131872e+001 -2.051043e+001  4.225000e+001
      vertex -3.518016e+001 -2.037100e+001  4.225000e+001
      vertex -3.521046e+001 -2.051043e+001  4.225000e+001
    endloop
  endfacet
  facet normal  -0.000000e+000  0.000000e+000  1.000000e+000
    outer loop
      vertex -2.131872e+001 -2.051043e+001  4.225000e+001
      vertex -3.521046e+001 -2.051043e+001  4.225000e+001
      vertex -2.129508e+001 -2.065113e+001  4.225000e+001
    endloop
  endfacet
  facet normal  0.000000e+000  0.000000e+000  1.000000e+000
    outer loop
      vertex -2.129508e+001 -2.065113e+001  4.225000e+001
      vertex -3.521046e+001 -2.051043e+001  4.225000e+001
      vertex -3.523410e+001 -2.065113e+001  4.225000e+001
    endloop
  endfacet
  facet normal  -0.000000e+000  0.000000e+000  1.000000e+000
    outer loop
      vertex -2.129508e+001 -2.065113e+001  4.225000e+001
      vertex -3.523410e+001 -2.065113e+001  4.225000e+001
      vertex -2.127815e+001 -2.079280e+001  4.225000e+001
    endloop
  endfacet
  facet normal  0.000000e+000  0.000000e+000  1.000000e+000
    outer loop
      vertex -2.127815e+001 -2.079280e+001  4.225000e+001
      vertex -3.523410e+001 -2.065113e+001  4.225000e+001
      vertex -3.525103e+001 -2.079280e+001  4.225000e+001
    endloop
  endfacet
  facet normal  -0.000000e+000  0.000000e+000  1.000000e+000
    outer loop
      vertex -2.127815e+001 -2.079280e+001  4.225000e+001
      vertex -3.525103e+001 -2.079280e+001  4.225000e+001
      vertex -2.126798e+001 -2.093511e+001  4.225000e+001
    endloop
  endfacet
  facet normal  0.000000e+000  0.000000e+000  1.000000e+000
    outer loop
      vertex -2.126798e+001 -2.093511e+001  4.225000e+001
      vertex -3.525103e+001 -2.079280e+001  4.225000e+001
      vertex -3.526120e+001 -2.093511e+001  4.225000e+001
    endloop
  endfacet
  facet normal  -0.000000e+000  0.000000e+000  1.000000e+000
    outer loop
      vertex -2.126798e+001 -2.093511e+001  4.225000e+001
      vertex -3.526120e+001 -2.093511e+001  4.225000e+001
      vertex -2.126459e+001 -2.107775e+001  4.225000e+001
    endloop
  endfacet
  facet normal  0.000000e+000  0.000000e+000  9.999999e-001
    outer loop
      vertex -2.126459e+001 -2.107775e+001  4.225000e+001
      vertex -3.526120e+001 -2.093511e+001  4.225000e+001
      vertex -3.526459e+001 -2.107775e+001  4.225000e+001
    endloop
  endfacet
  facet normal  -0.000000e+000  0.000000e+000  1.000000e+000
    outer loop
      vertex -2.126459e+001 -2.107775e+001  4.225000e+001
      vertex -3.526459e+001 -2.107775e+001  4.225000e+001
      vertex -2.126459e+001 -2.650000e+001  4.225000e+001
    endloop
  endfacet
  facet normal  0.000000e+000  0.000000e+000  1.000000e+000
    outer loop
      vertex -2.126459e+001 -2.650000e+001  4.225000e+001
      vertex -3.526459e+001 -2.107775e+001  4.225000e+001
      vertex -3.526459e+001 -2.650000e+001  4.225000e+001
    endloop
  endfacet
  facet normal  -0.000000e+000  0.000000e+000  1.000000e+000
    outer loop
      vertex -2.126459e+001 -2.650000e+001  4.225000e+001
      vertex -3.526459e+001 -2.650000e+001  4.225000e+001
      vertex -2.126845e+001 -2.669630e+001  4.225000e+001
    endloop
  endfacet
  facet normal  0.000000e+000  0.000000e+000  9.999999e-001
    outer loop
      vertex -2.126845e+001 -2.669630e+001  4.225000e+001
      vertex -3.526459e+001 -2.650000e+001  4.225000e+001
      vertex -3.526073e+001 -2.669630e+001  4.225000e+001
    endloop
  endfacet
  facet normal  -0.000000e+000  0.000000e+000  1.000000e+000
    outer loop
      vertex -2.126845e+001 -2.669630e+001  4.225000e+001
      vertex -3.526073e+001 -2.669630e+001  4.225000e+001
      vertex -2.128000e+001 -2.689230e+001  4.225000e+001
    endloop
  endfacet
  facet normal  0.000000e+000  0.000000e+000  1.000000e+000
    outer loop
      vertex -2.128000e+001 -2.689230e+001  4.225000e+001
      vertex -3.526073e+001 -2.669630e+001  4.225000e+001
      vertex -3.524918e+001 -2.689230e+001  4.225000e+001
    endloop
  endfacet
  facet normal  -0.000000e+000  0.000000e+000  1.000000e+000
    outer loop
      vertex -2.128000e+001 -2.689230e+001  4.225000e+001
      vertex -3.524918e+001 -2.689230e+001  4.225000e+001
      vertex -2.129925e+001 -2.708769e+001  4.225000e+001
    endloop
  endfacet
  facet normal  0.000000e+000  0.000000e+000  1.000000e+000
    outer loop
      vertex -2.129925e+001 -2.708769e+001  4.225000e+001
      vertex -3.524918e+001 -2.689230e+001  4.225000e+001
      vertex -3.522993e+001 -2.708769e+001  4.225000e+001
    endloop
  endfacet
  facet normal  -0.000000e+000  0.000000e+000  1.000000e+000
    outer loop
      vertex -2.129925e+001 -2.708769e+001  4.225000e+001
      vertex -3.522993e+001 -2.708769e+001  4.225000e+001
      vertex -2.132615e+001 -2.728217e+001  4.225000e+001
    endloop
  endfacet
  facet normal  0.000000e+000  0.000000e+000  1.000000e+000
    outer loop
      vertex -2.132615e+001 -2.728217e+001  4.225000e+001
      vertex -3.522993e+001 -2.708769e+001  4.225000e+001
      vertex -3.520303e+001 -2.728217e+001  4.225000e+001
    endloop
  endfacet
  facet normal  -0.000000e+000  0.000000e+000  1.000000e+000
    outer loop
      vertex -2.132615e+001 -2.728217e+001  4.225000e+001
      vertex -3.520303e+001 -2.728217e+001  4.225000e+001
      vertex -2.136066e+001 -2.747545e+001  4.225000e+001
    endloop
  endfacet
  facet normal  0.000000e+000  0.000000e+000  1.000000e+000
    outer loop
      vertex -2.136066e+001 -2.747545e+001  4.225000e+001
      vertex -3.520303e+001 -2.728217e+001  4.225000e+001
      vertex -3.516852e+001 -2.747545e+001  4.225000e+001
    endloop
  endfacet
  facet normal  -0.000000e+000  0.000000e+000  1.000000e+000
    outer loop
      vertex -2.136066e+001 -2.747545e+001  4.225000e+001
      vertex -3.516852e+001 -2.747545e+001  4.225000e+001
      vertex -2.140274e+001 -2.766723e+001  4.225000e+001
    endloop
  endfacet
  facet normal  0.000000e+000  0.000000e+000  9.999999e-001
    outer loop
      vertex -2.140274e+001 -2.766723e+001  4.225000e+001
      vertex -3.516852e+001 -2.747545e+001  4.225000e+001
      vertex -3.512644e+001 -2.766723e+001  4.225000e+001
    endloop
  endfacet
  facet normal  -0.000000e+000  0.000000e+000  1.000000e+000
    outer loop
      vertex -2.140274e+001 -2.766723e+001  4.225000e+001
      vertex -3.512644e+001 -2.766723e+001  4.225000e+001
      vertex -2.145231e+001 -2.785720e+001  4.225000e+001
    endloop
  endfacet
  facet normal  0.000000e+000  0.000000e+000  1.000000e+000
    outer loop
      vertex -2.145231e+001 -2.785720e+001  4.225000e+001
      vertex -3.512644e+001 -2.766723e+001  4.225000e+001
      vertex -3.507687e+001 -2.785720e+001  4.225000e+001
    endloop
  endfacet
  facet normal  -0.000000e+000  0.000000e+000  1.000000e+000
    outer loop
      vertex -2.145231e+001 -2.785720e+001  4.225000e+001
      vertex -3.507687e+001 -2.785720e+001  4.225000e+001
      vertex -2.150931e+001 -2.804509e+001  4.225000e+001
    endloop
  endfacet
  facet normal  0.000000e+000  0.000000e+000  1.000000e+000
    outer loop
      vertex -2.150931e+001 -2.804509e+001  4.225000e+001
      vertex -3.507687e+001 -2.785720e+001  4.225000e+001
      vertex -3.501987e+001 -2.804509e+001  4.225000e+001
    endloop
  endfacet
  facet normal  -0.000000e+000  0.000000e+000  1.000000e+000
    outer loop
      vertex -2.150931e+001 -2.804509e+001  4.225000e+001
      vertex -3.501987e+001 -2.804509e+001  4.225000e+001
      vertex -2.157364e+001 -2.823059e+001  4.225000e+001
    endloop
  endfacet
  facet normal  0.000000e+000  0.000000e+000  1.000000e+000
    outer loop
      vertex -2.157364e+001 -2.823059e+001  4.225000e+001
      vertex -3.501987e+001 -2.804509e+001  4.225000e+001
      vertex -3.495555e+001 -2.823059e+001  4.225000e+001
    endloop
  endfacet
  facet normal  -0.000000e+000  0.000000e+000  1.000000e+000
    outer loop
      vertex -2.157364e+001 -2.823059e+001  4.225000e+001
      vertex -3.495555e+001 -2.823059e+001  4.225000e+001
      vertex -2.164519e+001 -2.841342e+001  4.225000e+001
    endloop
  endfacet
  facet normal  0.000000e+000  0.000000e+000  1.000000e+000
    outer loop
      vertex -2.164519e+001 -2.841342e+001  4.225000e+001
      vertex -3.495555e+001 -2.823059e+001  4.225000e+001
      vertex -3.488399e+001 -2.841342e+001  4.225000e+001
    endloop
  endfacet
  facet normal  -0.000000e+000  0.000000e+000  1.000000e+000
    outer loop
      vertex -2.164519e+001 -2.841342e+001  4.225000e+001
      vertex -3.488399e+001 -2.841342e+001  4.225000e+001
      vertex -2.172388e+001 -2.859330e+001  4.225000e+001
    endloop
  endfacet
  facet normal  0.000000e+000  0.000000e+000  1.000000e+000
    outer loop
      vertex -2.172388e+001 -2.859330e+001  4.225000e+001
      vertex -3.488399e+001 -2.841342e+001  4.225000e+001
      vertex -3.480531e+001 -2.859330e+001  4.225000e+001
    endloop
  endfacet
  facet normal  -0.000000e+000  0.000000e+000  1.000000e+000
    outer loop
      vertex -2.172388e+001 -2.859330e+001  4.225000e+001
      vertex -3.480531e+001 -2.859330e+001  4.225000e+001
      vertex -2.180956e+001 -2.876995e+001  4.225000e+001
    endloop
  endfacet
  facet normal  0.000000e+000  0.000000e+000  1.000000e+000
    outer loop
      vertex -2.180956e+001 -2.876995e+001  4.225000e+001
      vertex -3.480531e+001 -2.859330e+001  4.225000e+001
      vertex -3.471962e+001 -2.876995e+001  4.225000e+001
    endloop
  endfacet
  facet normal  -0.000000e+000  0.000000e+000  1.000000e+000
    outer loop
      vertex -2.180956e+001 -2.876995e+001  4.225000e+001
      vertex -3.471962e+001 -2.876995e+001  4.225000e+001
      vertex -2.190211e+001 -2.894311e+001  4.225000e+001
    endloop
  endfacet
  facet normal  0.000000e+000  0.000000e+000  1.000000e+000
    outer loop
      vertex -2.190211e+001 -2.894311e+001  4.225000e+001
      vertex -3.471962e+001 -2.876995e+001  4.225000e+001
      vertex -3.462707e+001 -2.894311e+001  4.225000e+001
    endloop
  endfacet
  facet normal  -0.000000e+000  0.000000e+000  1.000000e+000
    outer loop
      vertex -2.190211e+001 -2.894311e+001  4.225000e+001
      vertex -3.462707e+001 -2.894311e+001  4.225000e+001
      vertex -2.200139e+001 -2.911249e+001  4.225000e+001
    endloop
  endfacet
  facet normal  0.000000e+000  0.000000e+000  1.000000e+000
    outer loop
      vertex -2.200139e+001 -2.911249e+001  4.225000e+001
      vertex -3.462707e+001 -2.894311e+001  4.225000e+001
      vertex -3.452779e+001 -2.911249e+001  4.225000e+001
    endloop
  endfacet
  facet normal  -0.000000e+000  0.000000e+000  1.000000e+000
    outer loop
      vertex -2.200139e+001 -2.911249e+001  4.225000e+001
      vertex -3.452779e+001 -2.911249e+001  4.225000e+001
      vertex -2.210724e+001 -2.927785e+001  4.225000e+001
    endloop
  endfacet
  facet normal  0.000000e+000  0.000000e+000  1.000000e+000
    outer loop
      vertex -2.210724e+001 -2.927785e+001  4.225000e+001
      vertex -3.452779e+001 -2.911249e+001  4.225000e+001
      vertex -3.442194e+001 -2.927785e+001  4.225000e+001
    endloop
  endfacet
  facet normal  -0.000000e+000  0.000000e+000  9.999999e-001
    outer loop
      vertex -2.210724e+001 -2.927785e+001  4.225000e+001
      vertex -3.442194e+001 -2.927785e+001  4.225000e+001
      vertex -2.221951e+001 -2.943893e+001  4.225000e+001
    endloop
  endfacet
  facet normal  0.000000e+000  0.000000e+000  1.000000e+000
    outer loop
      vertex -2.221951e+001 -2.943893e+001  4.225000e+001
      vertex -3.442194e+001 -2.927785e+001  4.225000e+001
      vertex -3.430968e+001 -2.943893e+001  4.225000e+001
    endloop
  endfacet
  facet normal  -0.000000e+000  0.000000e+000  1.000000e+000
    outer loop
      vertex -2.221951e+001 -2.943893e+001  4.225000e+001
      vertex -3.430968e+001 -2.943893e+001  4.225000e+001
      vertex -2.233801e+001 -2.959547e+001  4.225000e+001
    endloop
  endfacet
  facet normal  0.000000e+000  0.000000e+000  9.999999e-001
    outer loop
      vertex -2.233801e+001 -2.959547e+001  4.225000e+001
      vertex -3.430968e+001 -2.943893e+001  4.225000e+001
      vertex -3.419118e+001 -2.959547e+001  4.225000e+001
    endloop
  endfacet
  facet normal  -0.000000e+000  0.000000e+000  1.000000e+000
    outer loop
      vertex -2.233801e+001 -2.959547e+001  4.225000e+001
      vertex -3.419118e+001 -2.959547e+001  4.225000e+001
      vertex -2.246256e+001 -2.974724e+001  4.225000e+001
    endloop
  endfacet
  facet normal  0.000000e+000  0.000000e+000  9.999999e-001
    outer loop
      vertex -2.246256e+001 -2.974724e+001  4.225000e+001
      vertex -3.419118e+001 -2.959547e+001  4.225000e+001
      vertex -3.406662e+001 -2.974724e+001  4.225000e+001
    endloop
  endfacet
  facet normal  -0.000000e+000  0.000000e+000  9.999999e-001
    outer loop
      vertex -2.246256e+001 -2.974724e+001  4.225000e+001
      vertex -3.406662e+001 -2.974724e+001  4.225000e+001
      vertex -2.259298e+001 -2.989400e+001  4.225000e+001
    endloop
  endfacet
  facet normal  0.000000e+000  0.000000e+000  1.000000e+000
    outer loop
      vertex -2.259298e+001 -2.989400e+001  4.225000e+001
      vertex -3.406662e+001 -2.974724e+001  4.225000e+001
      vertex -3.393620e+001 -2.989400e+001  4.225000e+001
    endloop
  endfacet
  facet normal  -0.000000e+000  0.000000e+000  1.000000e+000
    outer loop
      vertex -2.259298e+001 -2.989400e+001  4.225000e+001
      vertex -3.393620e+001 -2.989400e+001  4.225000e+001
      vertex -2.272906e+001 -3.003553e+001  4.225000e+001
    endloop
  endfacet
  facet normal  0.000000e+000  0.000000e+000  1.000000e+000
    outer loop
      vertex -2.272906e+001 -3.003553e+001  4.225000e+001
      vertex -3.393620e+001 -2.989400e+001  4.225000e+001
      vertex -3.380013e+001 -3.003553e+001  4.225000e+001
    endloop
  endfacet
  facet normal  -0.000000e+000  0.000000e+000  1.000000e+000
    outer loop
      vertex -2.272906e+001 -3.003553e+001  4.225000e+001
      vertex -3.380013e+001 -3.003553e+001  4.225000e+001
      vertex -2.287059e+001 -3.017161e+001  4.225000e+001
    endloop
  endfacet
  facet normal  0.000000e+000  0.000000e+000  9.999999e-001
    outer loop
      vertex -2.287059e+001 -3.017161e+001  4.225000e+001
      vertex -3.380013e+001 -3.003553e+001  4.225000e+001
      vertex -3.365860e+001 -3.017161e+001  4.225000e+001
    endloop
  endfacet
  facet normal  -0.000000e+000  0.000000e+000  1.000000e+000
    outer loop
      vertex -2.287059e+001 -3.017161e+001  4.225000e+001
      vertex -3.365860e+001 -3.017161e+001  4.225000e+001
      vertex -2.301735e+001 -3.030203e+001  4.225000e+001
    endloop
  endfacet
  facet normal  0.000000e+000  0.000000e+000  1.000000e+000
    outer loop
      vertex -2.301735e+001 -3.030203e+001  4.225000e+001
      vertex -3.365860e+001 -3.017161e+001  4.225000e+001
      vertex -3.351183e+001 -3.030203e+001  4.225000e+001
    endloop
  endfacet
  facet normal  -0.000000e+000  0.000000e+000  1.000000e+000
    outer loop
      vertex -2.301735e+001 -3.030203e+001  4.225000e+001
      vertex -3.351183e+001 -3.030203e+001  4.225000e+001
      vertex -2.316912e+001 -3.042658e+001  4.225000e+001
    endloop
  endfacet
  facet normal  0.000000e+000  0.000000e+000  1.000000e+000
    outer loop
      vertex -2.316912e+001 -3.042658e+001  4.225000e+001
      vertex -3.351183e+001 -3.030203e+001  4.225000e+001
      vertex -3.336006e+001 -3.042658e+001  4.225000e+001
    endloop
  endfacet
  facet normal  -0.000000e+000  0.000000e+000  1.000000e+000
    outer loop
      vertex -2.316912e+001 -3.042658e+001  4.225000e+001
      vertex -3.336006e+001 -3.042658e+001  4.225000e+001
      vertex -2.332566e+001 -3.054509e+001  4.225000e+001
    endloop
  endfacet
  facet normal  0.000000e+000  0.000000e+000  1.000000e+000
    outer loop
      vertex -2.332566e+001 -3.054509e+001  4.225000e+001
      vertex -3.336006e+001 -3.042658e+001  4.225000e+001
      vertex -3.320352e+001 -3.054509e+001  4.225000e+001
    endloop
  endfacet
  facet normal  -0.000000e+000  0.000000e+000  1.000000e+000
    outer loop
      vertex -2.332566e+001 -3.054509e+001  4.225000e+001
      vertex -3.320352e+001 -3.054509e+001  4.225000e+001
      vertex -2.348674e+001 -3.065735e+001  4.225000e+001
    endloop
  endfacet
  facet normal  0.000000e+000  0.000000e+000  1.000000e+000
    outer loop
      vertex -2.348674e+001 -3.065735e+001  4.225000e+001
      vertex -3.320352e+001 -3.054509e+001  4.225000e+001
      vertex -3.304244e+001 -3.065735e+001  4.225000e+001
    endloop
  endfacet
  facet normal  -0.000000e+000  0.000000e+000  1.000000e+000
    outer loop
      vertex -2.348674e+001 -3.065735e+001  4.225000e+001
      vertex -3.304244e+001 -3.065735e+001  4.225000e+001
      vertex -2.365210e+001 -3.076320e+001  4.225000e+001
    endloop
  endfacet
  facet normal  0.000000e+000  0.000000e+000  1.000000e+000
    outer loop
      vertex -2.365210e+001 -3.076320e+001  4.225000e+001
      vertex -3.304244e+001 -3.065735e+001  4.225000e+001
      vertex -3.287708e+001 -3.076320e+001  4.225000e+001
    endloop
  endfacet
  facet normal  -0.000000e+000  0.000000e+000  1.000000e+000
    outer loop
      vertex -2.365210e+001 -3.076320e+001  4.225000e+001
      vertex -3.287708e+001 -3.076320e+001  4.225000e+001
      vertex -2.382149e+001 -3.086248e+001  4.225000e+001
    endloop
  endfacet
  facet normal  0.000000e+000  0.000000e+000  1.000000e+000
    outer loop
      vertex -2.382149e+001 -3.086248e+001  4.225000e+001
      vertex -3.287708e+001 -3.076320e+001  4.225000e+001
      vertex -3.270770e+001 -3.086248e+001  4.225000e+001
    endloop
  endfacet
  facet normal  -0.000000e+000  0.000000e+000  9.999999e-001
    outer loop
      vertex -2.382149e+001 -3.086248e+001  4.225000e+001
      vertex -3.270770e+001 -3.086248e+001  4.225000e+001
      vertex -2.399464e+001 -3.095503e+001  4.225000e+001
    endloop
  endfacet
  facet normal  0.000000e+000  0.000000e+000  1.000000e+000
    outer loop
      vertex -2.399464e+001 -3.095503e+001  4.225000e+001
      vertex -3.270770e+001 -3.086248e+001  4.225000e+001
      vertex -3.253454e+001 -3.095503e+001  4.225000e+001
    endloop
  endfacet
  facet normal  -0.000000e+000  0.000000e+000  1.000000e+000
    outer loop
      vertex -2.399464e+001 -3.095503e+001  4.225000e+001
      vertex -3.253454e+001 -3.095503e+001  4.225000e+001
      vertex -2.417129e+001 -3.104072e+001  4.225000e+001
    endloop
  endfacet
  facet normal  0.000000e+000  0.000000e+000  1.000000e+000
    outer loop
      vertex -2.417129e+001 -3.104072e+001  4.225000e+001
      vertex -3.253454e+001 -3.095503e+001  4.225000e+001
      vertex -3.235789e+001 -3.104072e+001  4.225000e+001
    endloop
  endfacet
  facet normal  -0.000000e+000  0.000000e+000  9.999999e-001
    outer loop
      vertex -2.417129e+001 -3.104072e+001  4.225000e+001
      vertex -3.235789e+001 -3.104072e+001  4.225000e+001
      vertex -2.435117e+001 -3.111940e+001  4.225000e+001
    endloop
  endfacet
  facet normal  0.000000e+000  0.000000e+000  1.000000e+000
    outer loop
      vertex -2.435117e+001 -3.111940e+001  4.225000e+001
      vertex -3.235789e+001 -3.104072e+001  4.225000e+001
      vertex -3.217801e+001 -3.111940e+001  4.225000e+001
    endloop
  endfacet
  facet normal  -0.000000e+000  0.000000e+000  1.000000e+000
    outer loop
      vertex -2.435117e+001 -3.111940e+001  4.225000e+001
      vertex -3.217801e+001 -3.111940e+001  4.225000e+001
      vertex -2.453401e+001 -3.119096e+001  4.225000e+001
    endloop
  endfacet
  facet normal  0.000000e+000  0.000000e+000  1.000000e+000
    outer loop
      vertex -2.453401e+001 -3.119096e+001  4.225000e+001
      vertex -3.217801e+001 -3.111940e+001  4.225000e+001
      vertex -3.199518e+001 -3.119096e+001  4.225000e+001
    endloop
  endfacet
  facet normal  -0.000000e+000  0.000000e+000  1.000000e+000
    outer loop
      vertex -2.453401e+001 -3.119096e+001  4.225000e+001
      vertex -3.199518e+001 -3.119096e+001  4.225000e+001
      vertex -2.471951e+001 -3.125528e+001  4.225000e+001
    endloop
  endfacet
  facet normal  0.000000e+000  0.000000e+000  1.000000e+000
    outer loop
      vertex -2.471951e+001 -3.125528e+001  4.225000e+001
      vertex -3.199518e+001 -3.119096e+001  4.225000e+001
      vertex -3.180968e+001 -3.125528e+001  4.225000e+001
    endloop
  endfacet
  facet normal  -0.000000e+000  0.000000e+000  1.000000e+000
    outer loop
      vertex -2.471951e+001 -3.125528e+001  4.225000e+001
      vertex -3.180968e+001 -3.125528e+001  4.225000e+001
      vertex -2.490739e+001 -3.131228e+001  4.225000e+001
    endloop
  endfacet
  facet normal  0.000000e+000  0.000000e+000  1.000000e+000
    outer loop
      vertex -2.490739e+001 -3.131228e+001  4.225000e+001
      vertex -3.180968e+001 -3.125528e+001  4.225000e+001
      vertex -3.162179e+001 -3.131228e+001  4.225000e+001
    endloop
  endfacet
  facet normal  -0.000000e+000  0.000000e+000  1.000000e+000
    outer loop
      vertex -2.490739e+001 -3.131228e+001  4.225000e+001
      vertex -3.162179e+001 -3.131228e+001  4.225000e+001
      vertex -2.509736e+001 -3.136185e+001  4.225000e+001
    endloop
  endfacet
  facet normal  0.000000e+000  0.000000e+000  1.000000e+000
    outer loop
      vertex -2.509736e+001 -3.136185e+001  4.225000e+001
      vertex -3.162179e+001 -3.131228e+001  4.225000e+001
      vertex -3.143182e+001 -3.136185e+001  4.225000e+001
    endloop
  endfacet
  facet normal  -0.000000e+000  0.000000e+000  1.000000e+000
    outer loop
      vertex -2.509736e+001 -3.136185e+001  4.225000e+001
      vertex -3.143182e+001 -3.136185e+001  4.225000e+001
      vertex -2.528914e+001 -3.140393e+001  4.225000e+001
    endloop
  endfacet
  facet normal  0.000000e+000  0.000000e+000  1.000000e+000
    outer loop
      vertex -2.528914e+001 -3.140393e+001  4.225000e+001
      vertex -3.143182e+001 -3.136185e+001  4.225000e+001
      vertex -3.124004e+001 -3.140393e+001  4.225000e+001
    endloop
  endfacet
  facet normal  -0.000000e+000  0.000000e+000  1.000000e+000
    outer loop
      vertex -2.528914e+001 -3.140393e+001  4.225000e+001
      vertex -3.124004e+001 -3.140393e+001  4.225000e+001
      vertex -2.548242e+001 -3.143844e+001  4.225000e+001
    endloop
  endfacet
  facet normal  0.000000e+000  0.000000e+000  1.000000e+000
    outer loop
      vertex -2.548242e+001 -3.143844e+001  4.225000e+001
      vertex -3.124004e+001 -3.140393e+001  4.225000e+001
      vertex -3.104676e+001 -3.143844e+001  4.225000e+001
    endloop
  endfacet
  facet normal  -0.000000e+000  0.000000e+000  1.000000e+000
    outer loop
      vertex -2.548242e+001 -3.143844e+001  4.225000e+001
      vertex -3.104676e+001 -3.143844e+001  4.225000e+001
      vertex -2.567690e+001 -3.146534e+001  4.225000e+001
    endloop
  endfacet
  facet normal  0.000000e+000  0.000000e+000  1.000000e+000
    outer loop
      vertex -2.567690e+001 -3.146534e+001  4.225000e+001
      vertex -3.104676e+001 -3.143844e+001  4.225000e+001
      vertex -3.085228e+001 -3.146534e+001  4.225000e+001
    endloop
  endfacet
  facet normal  -0.000000e+000  0.000000e+000  1.000000e+000
    outer loop
      vertex -2.567690e+001 -3.146534e+001  4.225000e+001
      vertex -3.085228e+001 -3.146534e+001  4.225000e+001
      vertex -2.587230e+001 -3.148459e+001  4.225000e+001
    endloop
  endfacet
  facet normal  0.000000e+000  0.000000e+000  1.000000e+000
    outer loop
      vertex -2.587230e+001 -3.148459e+001  4.225000e+001
      vertex -3.085228e+001 -3.146534e+001  4.225000e+001
      vertex -3.065689e+001 -3.148459e+001  4.225000e+001
    endloop
  endfacet
  facet normal  -0.000000e+000  0.000000e+000  1.000000e+000
    outer loop
      vertex -2.587230e+001 -3.148459e+001  4.225000e+001
      vertex -3.065689e+001 -3.148459e+001  4.225000e+001
      vertex -2.606829e+001 -3.149615e+001  4.225000e+001
    endloop
  endfacet
  facet normal  0.000000e+000  0.000000e+000  1.000000e+000
    outer loop
      vertex -2.606829e+001 -3.149615e+001  4.225000e+001
      vertex -3.065689e+001 -3.148459e+001  4.225000e+001
      vertex -3.046089e+001 -3.149615e+001  4.225000e+001
    endloop
  endfacet
  facet normal  -0.000000e+000  0.000000e+000  1.000000e+000
    outer loop
      vertex -2.606829e+001 -3.149615e+001  4.225000e+001
      vertex -3.046089e+001 -3.149615e+001  4.225000e+001
      vertex -2.626459e+001 -3.150000e+001  4.225000e+001
    endloop
  endfacet
  facet normal  0.000000e+000  0.000000e+000  9.999999e-001
    outer loop
      vertex -2.626459e+001 -3.150000e+001  4.225000e+001
      vertex -3.046089e+001 -3.149615e+001  4.225000e+001
      vertex -3.026459e+001 -3.150000e+001  4.225000e+001
    endloop
  endfacet
  facet normal -9.370447e-001  3.492093e-001  0.000000e+000
    outer loop
      vertex -3.505002e+001 -1.996358e+001  4.225000e+001
      vertex -3.505002e+001 -1.996358e+001  3.746457e+001
      vertex -3.509985e+001 -2.009727e+001  4.225000e+001
    endloop
  endfacet
  facet normal -9.360072e-001  3.519808e-001  8.822830e-005
    outer loop
      vertex -3.509985e+001 -2.009727e+001  4.225000e+001
      vertex -3.505002e+001 -1.996358e+001  3.746457e+001
      vertex -3.509393e+001 -2.008031e+001  3.742067e+001
    endloop
  endfacet
  facet normal -9.525880e-001  3.042635e-001 -9.962040e-005
    outer loop
      vertex -3.509985e+001 -2.009727e+001  4.225000e+001
      vertex -3.509393e+001 -2.008031e+001  3.742067e+001
      vertex -3.514326e+001 -2.023318e+001  4.225000e+001
    endloop
  endfacet
  facet normal -9.499173e-001  3.125013e-001  1.884179e-004
    outer loop
      vertex -3.514326e+001 -2.023318e+001  4.225000e+001
      vertex -3.509393e+001 -2.008031e+001  3.742067e+001
      vertex -3.513337e+001 -2.020019e+001  3.738122e+001
    endloop
  endfacet
  facet normal -9.659784e-001  2.586227e-001 -2.092871e-004
    outer loop
      vertex -3.514326e+001 -2.023318e+001  4.225000e+001
      vertex -3.513337e+001 -2.020019e+001  3.738122e+001
      vertex -3.518016e+001 -2.037100e+001  4.225000e+001
    endloop
  endfacet
  facet normal -9.622871e-001  2.720358e-001  2.967650e-004
    outer loop
      vertex -3.518016e+001 -2.037100e+001  4.225000e+001
      vertex -3.513337e+001 -2.020019e+001  3.738122e+001
      vertex -3.516808e+001 -2.032295e+001  3.734650e+001
    endloop
  endfacet
  facet normal -9.771836e-001  2.123958e-001 -3.244260e-004
    outer loop
      vertex -3.518016e+001 -2.037100e+001  4.225000e+001
      vertex -3.516808e+001 -2.032295e+001  3.734650e+001
      vertex -3.521046e+001 -2.051043e+001  4.225000e+001
    endloop
  endfacet
  facet normal -9.730292e-001  2.306815e-001  4.106095e-004
    outer loop
      vertex -3.521046e+001 -2.051043e+001  4.225000e+001
      vertex -3.516808e+001 -2.032295e+001  3.734650e+001
      vertex -3.519781e+001 -2.044829e+001  3.731678e+001
    endloop
  endfacet
  facet normal -9.861736e-001  1.657147e-001 -4.414002e-004
    outer loop
      vertex -3.521046e+001 -2.051043e+001  4.225000e+001
      vertex -3.519781e+001 -2.044829e+001  3.731678e+001
      vertex -3.523410e+001 -2.065113e+001  4.225000e+001
    endloop
  endfacet
  facet normal -9.820715e-001  1.885082e-001  5.259843e-004
    outer loop
      vertex -3.523410e+001 -2.065113e+001  4.225000e+001
      vertex -3.519781e+001 -2.044829e+001  3.731678e+001
      vertex -3.522231e+001 -2.057587e+001  3.729228e+001
    endloop
  endfacet
  facet normal -9.876736e-001  1.565282e-001  2.718040e-005
    outer loop
      vertex -3.523410e+001 -2.065113e+001  4.225000e+001
      vertex -3.522231e+001 -2.057587e+001  3.729228e+001
      vertex -3.523254e+001 -2.064037e+001  3.728205e+001
    endloop
  endfacet
  facet normal -9.929416e-001  1.186049e-001 -5.658570e-005
    outer loop
      vertex -3.523410e+001 -2.065113e+001  4.225000e+001
      vertex -3.523254e+001 -2.064037e+001  3.728205e+001
      vertex -3.525103e+001 -2.079280e+001  4.225000e+001
    endloop
  endfacet
  facet normal -9.908577e-001  1.349099e-001  4.514319e-004
    outer loop
      vertex -3.525103e+001 -2.079280e+001  4.225000e+001
      vertex -3.523254e+001 -2.064037e+001  3.728205e+001
      vertex -3.524138e+001 -2.070529e+001  3.727321e+001
    endloop
  endfacet
  facet normal -9.939682e-001  1.096692e-001  1.582898e-006
    outer loop
      vertex -3.525103e+001 -2.079280e+001  4.225000e+001
      vertex -3.524138e+001 -2.070529e+001  3.727321e+001
      vertex -3.525099e+001 -2.079238e+001  3.726360e+001
    endloop
  endfacet
  facet normal -9.974545e-001  7.130595e-002 -1.657451e-006
    outer loop
      vertex -3.525103e+001 -2.079280e+001  4.225000e+001
      vertex -3.525099e+001 -2.079238e+001  3.726360e+001
      vertex -3.526120e+001 -2.093511e+001  4.225000e+001
    endloop
  endfacet
  facet normal -9.967534e-001  8.051436e-002  2.633636e-004
    outer loop
      vertex -3.526120e+001 -2.093511e+001  4.225000e+001
      vertex -3.525099e+001 -2.079238e+001  3.726360e+001
      vertex -3.525806e+001 -2.087996e+001  3.725653e+001
    endloop
  endfacet
  facet normal -9.986852e-001  5.126331e-002 -6.092728e-005
    outer loop
      vertex -3.526120e+001 -2.093511e+001  4.225000e+001
      vertex -3.525806e+001 -2.087996e+001  3.725653e+001
      vertex -3.526258e+001 -2.096788e+001  3.725201e+001
    endloop
  endfacet
  facet normal -9.998321e-001  1.832677e-002  1.553302e-004
    outer loop
      vertex -3.526258e+001 -2.096788e+001  3.725201e+001
      vertex -3.526459e+001 -2.107775e+001  3.725000e+001
      vertex -3.526120e+001 -2.093511e+001  4.225000e+001
    endloop
  endfacet
  facet normal -9.997175e-001  2.376906e-002  0.000000e+000
    outer loop
      vertex -3.526120e+001 -2.093511e+001  4.225000e+001
      vertex -3.526459e+001 -2.107775e+001  3.725000e+001
      vertex -3.526459e+001 -2.107775e+001  4.225000e+001
    endloop
  endfacet
  facet normal  9.359963e-001  3.520098e-001  0.000000e+000
    outer loop
      vertex -2.147916e+001 -1.996358e+001  3.746457e+001
      vertex -2.147916e+001 -1.996358e+001  4.225000e+001
      vertex -2.143526e+001 -2.008031e+001  3.742067e+001
    endloop
  endfacet
  facet normal  9.370491e-001  3.491977e-001  7.755033e-005
    outer loop
      vertex -2.143526e+001 -2.008031e+001  3.742067e+001
      vertex -2.147916e+001 -1.996358e+001  4.225000e+001
      vertex -2.142934e+001 -2.009727e+001  4.225000e+001
    endloop
  endfacet
  facet normal  9.498924e-001  3.125770e-001 -6.675404e-005
    outer loop
      vertex -2.143526e+001 -2.008031e+001  3.742067e+001
      vertex -2.142934e+001 -2.009727e+001  4.225000e+001
      vertex -2.139581e+001 -2.020019e+001  3.738122e+001
    endloop
  endfacet
  facet normal  9.525880e-001  3.042635e-001  1.275470e-004
    outer loop
      vertex -2.139581e+001 -2.020019e+001  3.738122e+001
      vertex -2.142934e+001 -2.009727e+001  4.225000e+001
      vertex -2.138593e+001 -2.023318e+001  4.225000e+001
    endloop
  endfacet
  facet normal  9.622530e-001  2.721561e-001 -1.096411e-004
    outer loop
      vertex -2.139581e+001 -2.020019e+001  3.738122e+001
      vertex -2.138593e+001 -2.023318e+001  4.225000e+001
      vertex -2.136110e+001 -2.032295e+001  3.734651e+001
    endloop
  endfacet
  facet normal  9.659784e-001  2.586227e-001  1.569705e-004
    outer loop
      vertex -2.136110e+001 -2.032295e+001  3.734651e+001
      vertex -2.138593e+001 -2.023318e+001  4.225000e+001
      vertex -2.134903e+001 -2.037100e+001  4.225000e+001
    endloop
  endfacet
  facet normal  9.730037e-001  2.307896e-001 -1.331055e-004
    outer loop
      vertex -2.136110e+001 -2.032295e+001  3.734651e+001
      vertex -2.134903e+001 -2.037100e+001  4.225000e+001
      vertex -2.133137e+001 -2.044829e+001  3.731678e+001
    endloop
  endfacet
  facet normal  9.771810e-001  2.124086e-001  1.698025e-004
    outer loop
      vertex -2.133137e+001 -2.044829e+001  3.731678e+001
      vertex -2.134903e+001 -2.037100e+001  4.225000e+001
      vertex -2.131872e+001 -2.051043e+001  4.225000e+001
    endloop
  endfacet
  facet normal  9.820479e-001  1.886320e-001 -1.421614e-004
    outer loop
      vertex -2.133137e+001 -2.044829e+001  3.731678e+001
      vertex -2.131872e+001 -2.051043e+001  4.225000e+001
      vertex -2.130687e+001 -2.057587e+001  3.729228e+001
    endloop
  endfacet
  facet normal  9.861759e-001  1.657017e-001  1.703826e-004
    outer loop
      vertex -2.130687e+001 -2.057587e+001  3.729228e+001
      vertex -2.131872e+001 -2.051043e+001  4.225000e+001
      vertex -2.129508e+001 -2.065113e+001  4.225000e+001
    endloop
  endfacet
  facet normal  9.876736e-001  1.565282e-001  2.755947e-005
    outer loop
      vertex -2.130687e+001 -2.057587e+001  3.729228e+001
      vertex -2.129508e+001 -2.065113e+001  4.225000e+001
      vertex -2.129665e+001 -2.064037e+001  3.728205e+001
    endloop
  endfacet
  facet normal  9.908454e-001  1.350016e-001 -2.004515e-005
    outer loop
      vertex -2.129665e+001 -2.064037e+001  3.728205e+001
      vertex -2.129508e+001 -2.065113e+001  4.225000e+001
      vertex -2.128780e+001 -2.070529e+001  3.727321e+001
    endloop
  endfacet
  facet normal  9.929384e-001  1.186312e-001  1.611634e-004
    outer loop
      vertex -2.128780e+001 -2.070529e+001  3.727321e+001
      vertex -2.129508e+001 -2.065113e+001  4.225000e+001
      vertex -2.127815e+001 -2.079280e+001  4.225000e+001
    endloop
  endfacet
  facet normal  9.939706e-001  1.096477e-001  1.200878e-006
    outer loop
      vertex -2.128780e+001 -2.070529e+001  3.727321e+001
      vertex -2.127815e+001 -2.079280e+001  4.225000e+001
      vertex -2.127819e+001 -2.079238e+001  3.726360e+001
    endloop
  endfacet
  facet normal  9.967517e-001  8.053561e-002 -1.260176e-006
    outer loop
      vertex -2.127819e+001 -2.079238e+001  3.726360e+001
      vertex -2.127815e+001 -2.079280e+001  4.225000e+001
      vertex -2.127112e+001 -2.087996e+001  3.725653e+001
    endloop
  endfacet
  facet normal  9.974564e-001  7.127935e-002  1.613025e-004
    outer loop
      vertex -2.127112e+001 -2.087996e+001  3.725653e+001
      vertex -2.127815e+001 -2.079280e+001  4.225000e+001
      vertex -2.126798e+001 -2.093511e+001  4.225000e+001
    endloop
  endfacet
  facet normal  9.986840e-001  5.128488e-002 -6.030680e-005
    outer loop
      vertex -2.127112e+001 -2.087996e+001  3.725653e+001
      vertex -2.126798e+001 -2.093511e+001  4.225000e+001
      vertex -2.126660e+001 -2.096788e+001  3.725201e+001
    endloop
  endfacet
  facet normal  9.997171e-001  2.378242e-002  -0.000000e+000
    outer loop
      vertex -2.126459e+001 -2.107775e+001  4.225000e+001
      vertex -2.126459e+001 -2.107775e+001  3.725000e+001
      vertex -2.126798e+001 -2.093511e+001  4.225000e+001
    endloop
  endfacet
  facet normal  9.998325e-001  1.830941e-002  1.562073e-004
    outer loop
      vertex -2.126798e+001 -2.093511e+001  4.225000e+001
      vertex -2.126459e+001 -2.107775e+001  3.725000e+001
      vertex -2.126660e+001 -2.096788e+001  3.725201e+001
    endloop
  endfacet
  facet normal -1.248195e-005  3.711664e-001 -9.285663e-001
    outer loop
      vertex -2.664976e+001 -1.550000e+001  3.925000e+001
      vertex -2.646537e+001 -1.550340e+001  3.924864e+001
      vertex -2.628128e+001 -1.551360e+001  3.924456e+001
    endloop
  endfacet
  facet normal -4.799133e-006  3.713459e-001 -9.284946e-001
    outer loop
      vertex -2.664976e+001 -1.550000e+001  3.925000e+001
      vertex -2.628128e+001 -1.551360e+001  3.924456e+001
      vertex -2.609778e+001 -1.553056e+001  3.923777e+001
    endloop
  endfacet
  facet normal -4.800987e-006  3.713459e-001 -9.284946e-001
    outer loop
      vertex -2.664976e+001 -1.550000e+001  3.925000e+001
      vertex -2.609778e+001 -1.553056e+001  3.923777e+001
      vertex -2.591514e+001 -1.555426e+001  3.922829e+001
    endloop
  endfacet
  facet normal -9.432507e-006  3.712918e-001 -9.285162e-001
    outer loop
      vertex -2.664976e+001 -1.550000e+001  3.925000e+001
      vertex -2.591514e+001 -1.555426e+001  3.922829e+001
      vertex -2.573367e+001 -1.558464e+001  3.921614e+001
    endloop
  endfacet
  facet normal  2.107665e-006  3.713995e-001 -9.284732e-001
    outer loop
      vertex -2.664976e+001 -1.550000e+001  3.925000e+001
      vertex -2.573367e+001 -1.558464e+001  3.921614e+001
      vertex -2.555362e+001 -1.562163e+001  3.920135e+001
    endloop
  endfacet
  facet normal -1.533944e-006  3.713712e-001 -9.284845e-001
    outer loop
      vertex -2.664976e+001 -1.550000e+001  3.925000e+001
      vertex -2.555362e+001 -1.562163e+001  3.920135e+001
      vertex -2.537527e+001 -1.566516e+001  3.918394e+001
    endloop
  endfacet
  facet normal  9.332658e-006  3.714435e-001 -9.284555e-001
    outer loop
      vertex -2.664976e+001 -1.550000e+001  3.925000e+001
      vertex -2.537527e+001 -1.566516e+001  3.918394e+001
      vertex -2.519890e+001 -1.571513e+001  3.916395e+001
    endloop
  endfacet
  facet normal  4.509316e-007  3.713919e-001 -9.284762e-001
    outer loop
      vertex -2.664976e+001 -1.550000e+001  3.925000e+001
      vertex -2.519890e+001 -1.571513e+001  3.916395e+001
      vertex -2.502475e+001 -1.577144e+001  3.914143e+001
    endloop
  endfacet
  facet normal  1.088880e-005  3.714458e-001 -9.284546e-001
    outer loop
      vertex -2.664976e+001 -1.550000e+001  3.925000e+001
      vertex -2.502475e+001 -1.577144e+001  3.914143e+001
      vertex -2.485307e+001 -1.583396e+001  3.911641e+001
    endloop
  endfacet
  facet normal -1.066259e-005  3.713458e-001 -9.284946e-001
    outer loop
      vertex -2.664976e+001 -1.550000e+001  3.925000e+001
      vertex -2.485307e+001 -1.583396e+001  3.911641e+001
      vertex -2.468411e+001 -1.590258e+001  3.908897e+001
    endloop
  endfacet
  facet normal -3.575303e-006  3.713756e-001 -9.284827e-001
    outer loop
      vertex -2.664976e+001 -1.550000e+001  3.925000e+001
      vertex -2.468411e+001 -1.590258e+001  3.908897e+001
      vertex -2.451810e+001 -1.597716e+001  3.905914e+001
    endloop
  endfacet
  facet normal  7.825112e-006  3.714195e-001 -9.284651e-001
    outer loop
      vertex -2.664976e+001 -1.550000e+001  3.925000e+001
      vertex -2.451810e+001 -1.597716e+001  3.905914e+001
      vertex -2.435527e+001 -1.605755e+001  3.902698e+001
    endloop
  endfacet
  facet normal -1.206309e-005  3.713490e-001 -9.284934e-001
    outer loop
      vertex -2.664976e+001 -1.550000e+001  3.925000e+001
      vertex -2.435527e+001 -1.605755e+001  3.902698e+001
      vertex -2.420334e+001 -1.613938e+001  3.899425e+001
    endloop
  endfacet
  facet normal  1.649012e-005  3.714432e-001 -9.284557e-001
    outer loop
      vertex -2.664976e+001 -1.550000e+001  3.925000e+001
      vertex -2.420334e+001 -1.613938e+001  3.899425e+001
      vertex -2.405465e+001 -1.622619e+001  3.895952e+001
    endloop
  endfacet
  facet normal -1.263872e-005  3.713534e-001 -9.284917e-001
    outer loop
      vertex -2.664976e+001 -1.550000e+001  3.925000e+001
      vertex -2.405465e+001 -1.622619e+001  3.895952e+001
      vertex -2.390938e+001 -1.631785e+001  3.892286e+001
    endloop
  endfacet
  facet normal  1.218979e-005  3.714251e-001 -9.284629e-001
    outer loop
      vertex -2.664976e+001 -1.550000e+001  3.925000e+001
      vertex -2.390938e+001 -1.631785e+001  3.892286e+001
      vertex -2.376768e+001 -1.641422e+001  3.888431e+001
    endloop
  endfacet
  facet normal -4.800592e-006  3.713789e-001 -9.284813e-001
    outer loop
      vertex -2.664976e+001 -1.550000e+001  3.925000e+001
      vertex -2.376768e+001 -1.641422e+001  3.888431e+001
      vertex -2.362969e+001 -1.651513e+001  3.884395e+001
    endloop
  endfacet
  facet normal  3.543819e-006  3.714004e-001 -9.284728e-001
    outer loop
      vertex -2.664976e+001 -1.550000e+001  3.925000e+001
      vertex -2.362969e+001 -1.651513e+001  3.884395e+001
      vertex -2.349557e+001 -1.662043e+001  3.880183e+001
    endloop
  endfacet
  facet normal -1.667568e-005  3.713513e-001 -9.284924e-001
    outer loop
      vertex -2.664976e+001 -1.550000e+001  3.925000e+001
      vertex -2.349557e+001 -1.662043e+001  3.880183e+001
      vertex -2.336543e+001 -1.672997e+001  3.875801e+001
    endloop
  endfacet
  facet normal  1.629332e-005  3.714272e-001 -9.284621e-001
    outer loop
      vertex -2.664976e+001 -1.550000e+001  3.925000e+001
      vertex -2.336543e+001 -1.672997e+001  3.875801e+001
      vertex -2.326704e+001 -1.681799e+001  3.872281e+001
    endloop
  endfacet
  facet normal -1.596087e-005  3.713558e-001 -9.284906e-001
    outer loop
      vertex -2.664976e+001 -1.550000e+001  3.925000e+001
      vertex -2.326704e+001 -1.681799e+001  3.872281e+001
      vertex -2.317121e+001 -1.690839e+001  3.868665e+001
    endloop
  endfacet
  facet normal  5.905193e-006  3.714024e-001 -9.284720e-001
    outer loop
      vertex -2.664976e+001 -1.550000e+001  3.925000e+001
      vertex -2.317121e+001 -1.690839e+001  3.868665e+001
      vertex -2.307796e+001 -1.700110e+001  3.864956e+001
    endloop
  endfacet
  facet normal  2.142451e-005  3.714342e-001 -9.284593e-001
    outer loop
      vertex -2.664976e+001 -1.550000e+001  3.925000e+001
      vertex -2.307796e+001 -1.700110e+001  3.864956e+001
      vertex -2.300976e+001 -1.707211e+001  3.862115e+001
    endloop
  endfacet
  facet normal -2.178482e-005  3.713480e-001 -9.284938e-001
    outer loop
      vertex -2.664976e+001 -1.550000e+001  3.925000e+001
      vertex -2.300976e+001 -1.707211e+001  3.862115e+001
      vertex -2.294307e+001 -1.714434e+001  3.859227e+001
    endloop
  endfacet
  facet normal -3.147247e-006  3.713842e-001 -9.284793e-001
    outer loop
      vertex -2.664976e+001 -1.550000e+001  3.925000e+001
      vertex -2.294307e+001 -1.714434e+001  3.859227e+001
      vertex -2.281428e+001 -1.729233e+001  3.853307e+001
    endloop
  endfacet
  facet normal  4.067670e-006  3.713975e-001 -9.284740e-001
    outer loop
      vertex -2.664976e+001 -1.550000e+001  3.925000e+001
      vertex -2.281428e+001 -1.729233e+001  3.853307e+001
      vertex -2.269174e+001 -1.744482e+001  3.847207e+001
    endloop
  endfacet
  facet normal  2.814936e-007  3.713908e-001 -9.284766e-001
    outer loop
      vertex -2.664976e+001 -1.550000e+001  3.925000e+001
      vertex -2.269174e+001 -1.744482e+001  3.847207e+001
      vertex -2.257557e+001 -1.760155e+001  3.840938e+001
    endloop
  endfacet
  facet normal  1.584794e-005  3.714169e-001 -9.284662e-001
    outer loop
      vertex -2.664976e+001 -1.550000e+001  3.925000e+001
      vertex -2.257557e+001 -1.760155e+001  3.840938e+001
      vertex -2.249992e+001 -1.771094e+001  3.836562e+001
    endloop
  endfacet
  facet normal -1.093608e-005  3.713736e-001 -9.284836e-001
    outer loop
      vertex -2.664976e+001 -1.550000e+001  3.925000e+001
      vertex -2.249992e+001 -1.771094e+001  3.836562e+001
      vertex -2.242733e+001 -1.782210e+001  3.832116e+001
    endloop
  endfacet
  facet normal  5.219465e-006  3.713989e-001 -9.284734e-001
    outer loop
      vertex -2.664976e+001 -1.550000e+001  3.925000e+001
      vertex -2.242733e+001 -1.782210e+001  3.832116e+001
      vertex -2.235784e+001 -1.793496e+001  3.827602e+001
    endloop
  endfacet
  facet normal -2.128992e-005  3.713586e-001 -9.284895e-001
    outer loop
      vertex -2.664976e+001 -1.550000e+001  3.925000e+001
      vertex -2.235784e+001 -1.793496e+001  3.827602e+001
      vertex -2.230777e+001 -1.802066e+001  3.824174e+001
    endloop
  endfacet
  facet normal  4.826065e-007  3.713909e-001 -9.284766e-001
    outer loop
      vertex -2.664976e+001 -1.550000e+001  3.925000e+001
      vertex -2.230777e+001 -1.802066e+001  3.824174e+001
      vertex -2.225946e+001 -1.810723e+001  3.820711e+001
    endloop
  endfacet
  facet normal  1.085971e-005  3.714060e-001 -9.284706e-001
    outer loop
      vertex -2.664976e+001 -1.550000e+001  3.925000e+001
      vertex -2.225946e+001 -1.810723e+001  3.820711e+001
      vertex -2.216821e+001 -1.828286e+001  3.813686e+001
    endloop
  endfacet
  facet normal -7.177824e-006  3.713809e-001 -9.284806e-001
    outer loop
      vertex -2.664976e+001 -1.550000e+001  3.925000e+001
      vertex -2.216821e+001 -1.828286e+001  3.813686e+001
      vertex -2.208415e+001 -1.846155e+001  3.806538e+001
    endloop
  endfacet
  facet normal -3.275379e-006  3.713861e-001 -9.284785e-001
    outer loop
      vertex -2.664976e+001 -1.550000e+001  3.925000e+001
      vertex -2.208415e+001 -1.846155e+001  3.806538e+001
      vertex -2.200737e+001 -1.864305e+001  3.799278e+001
    endloop
  endfacet
  facet normal  1.912704e-006  3.713927e-001 -9.284759e-001
    outer loop
      vertex -2.664976e+001 -1.550000e+001  3.925000e+001
      vertex -2.200737e+001 -1.864305e+001  3.799278e+001
      vertex -2.147916e+001 -1.996358e+001  3.746457e+001
    endloop
  endfacet
  facet normal  0.000000e+000  3.713908e-001 -9.284766e-001
    outer loop
      vertex -2.664976e+001 -1.550000e+001  3.925000e+001
      vertex -2.147916e+001 -1.996358e+001  3.746457e+001
      vertex -3.505002e+001 -1.996358e+001  3.746457e+001
    endloop
  endfacet
  facet normal  0.000000e+000  3.713908e-001 -9.284766e-001
    outer loop
      vertex -2.664976e+001 -1.550000e+001  3.925000e+001
      vertex -3.505002e+001 -1.996358e+001  3.746457e+001
      vertex -2.987943e+001 -1.550000e+001  3.925000e+001
    endloop
  endfacet
  facet normal -2.393434e-004  3.714746e-001 -9.284431e-001
    outer loop
      vertex -3.505002e+001 -1.996358e+001  3.746457e+001
      vertex -3.452181e+001 -1.864305e+001  3.799278e+001
      vertex -3.444503e+001 -1.846155e+001  3.806538e+001
    endloop
  endfacet
  facet normal -1.312523e-004  3.714371e-001 -9.284581e-001
    outer loop
      vertex -3.505002e+001 -1.996358e+001  3.746457e+001
      vertex -3.444503e+001 -1.846155e+001  3.806538e+001
      vertex -3.436098e+001 -1.828286e+001  3.813686e+001
    endloop
  endfacet
  facet normal  1.103473e-004  3.713517e-001 -9.284922e-001
    outer loop
      vertex -3.505002e+001 -1.996358e+001  3.746457e+001
      vertex -3.436098e+001 -1.828286e+001  3.813686e+001
      vertex -3.426972e+001 -1.810723e+001  3.820711e+001
    endloop
  endfacet
  facet normal -8.321174e-006  3.713947e-001 -9.284751e-001
    outer loop
      vertex -3.505002e+001 -1.996358e+001  3.746457e+001
      vertex -3.426972e+001 -1.810723e+001  3.820711e+001
      vertex -3.422142e+001 -1.802066e+001  3.824174e+001
    endloop
  endfacet
  facet normal -1.640935e-004  3.714519e-001 -9.284522e-001
    outer loop
      vertex -3.505002e+001 -1.996358e+001  3.746457e+001
      vertex -3.422142e+001 -1.802066e+001  3.824174e+001
      vertex -3.417134e+001 -1.793496e+001  3.827602e+001
    endloop
  endfacet
  facet normal  3.436440e-005  3.713779e-001 -9.284818e-001
    outer loop
      vertex -3.505002e+001 -1.996358e+001  3.746457e+001
      vertex -3.417134e+001 -1.793496e+001  3.827602e+001
      vertex -3.410185e+001 -1.782210e+001  3.832116e+001
    endloop
  endfacet
  facet normal -6.220498e-005  3.714147e-001 -9.284670e-001
    outer loop
      vertex -3.505002e+001 -1.996358e+001  3.746457e+001
      vertex -3.410185e+001 -1.782210e+001  3.832116e+001
      vertex -3.402926e+001 -1.771094e+001  3.836562e+001
    endloop
  endfacet
  facet normal  8.279188e-005  3.713581e-001 -9.284898e-001
    outer loop
      vertex -3.505002e+001 -1.996358e+001  3.746457e+001
      vertex -3.402926e+001 -1.771094e+001  3.836562e+001
      vertex -3.395361e+001 -1.760155e+001  3.840938e+001
    endloop
  endfacet
  facet normal -2.165053e-006  3.713921e-001 -9.284762e-001
    outer loop
      vertex -3.505002e+001 -1.996358e+001  3.746457e+001
      vertex -3.395361e+001 -1.760155e+001  3.840938e+001
      vertex -3.383744e+001 -1.744482e+001  3.847207e+001
    endloop
  endfacet
  facet normal  1.267221e-005  3.713859e-001 -9.284787e-001
    outer loop
      vertex -3.505002e+001 -1.996358e+001  3.746457e+001
      vertex -3.383744e+001 -1.744482e+001  3.847207e+001
      vertex -3.371490e+001 -1.729233e+001  3.853307e+001
    endloop
  endfacet
  facet normal -1.507073e-005  3.713979e-001 -9.284738e-001
    outer loop
      vertex -3.505002e+001 -1.996358e+001  3.746457e+001
      vertex -3.371490e+001 -1.729233e+001  3.853307e+001
      vertex -3.358611e+001 -1.714434e+001  3.859227e+001
    endloop
  endfacet
  facet normal -7.405095e-005  3.714243e-001 -9.284633e-001
    outer loop
      vertex -3.505002e+001 -1.996358e+001  3.746457e+001
      vertex -3.358611e+001 -1.714434e+001  3.859227e+001
      vertex -3.351942e+001 -1.707211e+001  3.862115e+001
    endloop
  endfacet
  facet normal  6.998873e-005  3.713585e-001 -9.284896e-001
    outer loop
      vertex -3.505002e+001 -1.996358e+001  3.746457e+001
      vertex -3.351942e+001 -1.707211e+001  3.862115e+001
      vertex -3.345122e+001 -1.700110e+001  3.864956e+001
    endloop
  endfacet
  facet normal  1.536763e-005  3.713839e-001 -9.284794e-001
    outer loop
      vertex -3.505002e+001 -1.996358e+001  3.746457e+001
      vertex -3.345122e+001 -1.700110e+001  3.864956e+001
      vertex -3.335798e+001 -1.690839e+001  3.868665e+001
    endloop
  endfacet
  facet normal -4.780570e-005  3.714141e-001 -9.284674e-001
    outer loop
      vertex -3.505002e+001 -1.996358e+001  3.746457e+001
      vertex -3.335798e+001 -1.690839e+001  3.868665e+001
      vertex -3.326214e+001 -1.681799e+001  3.872281e+001
    endloop
  endfacet
  facet normal  4.395012e-005  3.713691e-001 -9.284853e-001
    outer loop
      vertex -3.505002e+001 -1.996358e+001  3.746457e+001
      vertex -3.326214e+001 -1.681799e+001  3.872281e+001
      vertex -3.316376e+001 -1.672997e+001  3.875801e+001
    endloop
  endfacet
  facet normal -4.386110e-005  3.714133e-001 -9.284677e-001
    outer loop
      vertex -3.505002e+001 -1.996358e+001  3.746457e+001
      vertex -3.316376e+001 -1.672997e+001  3.875801e+001
      vertex -3.303362e+001 -1.662043e+001  3.880183e+001
    endloop
  endfacet
  facet normal  1.034736e-005  3.713851e-001 -9.284788e-001
    outer loop
      vertex -3.505002e+001 -1.996358e+001  3.746457e+001
      vertex -3.303362e+001 -1.662043e+001  3.880183e+001
      vertex -3.289949e+001 -1.651513e+001  3.884395e+001
    endloop
  endfacet
  facet normal -9.437494e-006  3.713958e-001 -9.284747e-001
    outer loop
      vertex -3.505002e+001 -1.996358e+001  3.746457e+001
      vertex -3.289949e+001 -1.651513e+001  3.884395e+001
      vertex -3.276150e+001 -1.641422e+001  3.888431e+001
    endloop
  endfacet
  facet normal  2.694980e-005  3.713755e-001 -9.284827e-001
    outer loop
      vertex -3.505002e+001 -1.996358e+001  3.746457e+001
      vertex -3.276150e+001 -1.641422e+001  3.888431e+001
      vertex -3.261980e+001 -1.631785e+001  3.892286e+001
    endloop
  endfacet
  facet normal -2.567125e-005  3.714058e-001 -9.284707e-001
    outer loop
      vertex -3.505002e+001 -1.996358e+001  3.746457e+001
      vertex -3.261980e+001 -1.631785e+001  3.892286e+001
      vertex -3.247453e+001 -1.622619e+001  3.895952e+001
    endloop
  endfacet
  facet normal  3.207256e-005  3.713715e-001 -9.284844e-001
    outer loop
      vertex -3.505002e+001 -1.996358e+001  3.746457e+001
      vertex -3.247453e+001 -1.622619e+001  3.895952e+001
      vertex -3.232584e+001 -1.613938e+001  3.899425e+001
    endloop
  endfacet
  facet normal -2.317844e-005  3.714054e-001 -9.284707e-001
    outer loop
      vertex -3.505002e+001 -1.996358e+001  3.746457e+001
      vertex -3.232584e+001 -1.613938e+001  3.899425e+001
      vertex -3.217391e+001 -1.605755e+001  3.902698e+001
    endloop
  endfacet
  facet normal  1.366988e-005  3.713820e-001 -9.284802e-001
    outer loop
      vertex -3.505002e+001 -1.996358e+001  3.746457e+001
      vertex -3.217391e+001 -1.605755e+001  3.902698e+001
      vertex -3.201108e+001 -1.597716e+001  3.905914e+001
    endloop
  endfacet
  facet normal -6.732558e-006  3.713954e-001 -9.284748e-001
    outer loop
      vertex -3.505002e+001 -1.996358e+001  3.746457e+001
      vertex -3.201108e+001 -1.597716e+001  3.905914e+001
      vertex -3.184507e+001 -1.590258e+001  3.908897e+001
    endloop
  endfacet
  facet normal -1.553011e-005  3.714014e-001 -9.284724e-001
    outer loop
      vertex -3.505002e+001 -1.996358e+001  3.746457e+001
      vertex -3.184507e+001 -1.590258e+001  3.908897e+001
      vertex -3.167611e+001 -1.583396e+001  3.911641e+001
    endloop
  endfacet
  facet normal  1.775584e-005  3.713779e-001 -9.284817e-001
    outer loop
      vertex -3.505002e+001 -1.996358e+001  3.746457e+001
      vertex -3.167611e+001 -1.583396e+001  3.911641e+001
      vertex -3.150444e+001 -1.577144e+001  3.914143e+001
    endloop
  endfacet
  facet normal -1.127885e-007  3.713910e-001 -9.284766e-001
    outer loop
      vertex -3.505002e+001 -1.996358e+001  3.746457e+001
      vertex -3.150444e+001 -1.577144e+001  3.914143e+001
      vertex -3.133028e+001 -1.571513e+001  3.916395e+001
    endloop
  endfacet
  facet normal  1.058804e-005  3.713829e-001 -9.284798e-001
    outer loop
      vertex -3.505002e+001 -1.996358e+001  3.746457e+001
      vertex -3.133028e+001 -1.571513e+001  3.916395e+001
      vertex -3.115391e+001 -1.566516e+001  3.918394e+001
    endloop
  endfacet
  facet normal -5.280951e-006  3.713953e-001 -9.284749e-001
    outer loop
      vertex -3.505002e+001 -1.996358e+001  3.746457e+001
      vertex -3.115391e+001 -1.566516e+001  3.918394e+001
      vertex -3.097556e+001 -1.562163e+001  3.920135e+001
    endloop
  endfacet
  facet normal -1.038187e-007  3.713911e-001 -9.284765e-001
    outer loop
      vertex -3.505002e+001 -1.996358e+001  3.746457e+001
      vertex -3.097556e+001 -1.562163e+001  3.920135e+001
      vertex -3.079552e+001 -1.558464e+001  3.921614e+001
    endloop
  endfacet
  facet normal -1.173452e-005  3.714009e-001 -9.284726e-001
    outer loop
      vertex -3.505002e+001 -1.996358e+001  3.746457e+001
      vertex -3.079552e+001 -1.558464e+001  3.921614e+001
      vertex -3.061404e+001 -1.555426e+001  3.922829e+001
    endloop
  endfacet
  facet normal -2.230537e-006  3.713926e-001 -9.284759e-001
    outer loop
      vertex -3.505002e+001 -1.996358e+001  3.746457e+001
      vertex -3.061404e+001 -1.555426e+001  3.922829e+001
      vertex -3.043141e+001 -1.553056e+001  3.923777e+001
    endloop
  endfacet
  facet normal  8.174205e-009  3.713906e-001 -9.284768e-001
    outer loop
      vertex -3.505002e+001 -1.996358e+001  3.746457e+001
      vertex -3.043141e+001 -1.553056e+001  3.923777e+001
      vertex -3.024790e+001 -1.551360e+001  3.924456e+001
    endloop
  endfacet
  facet normal -2.041596e-006  3.713925e-001 -9.284759e-001
    outer loop
      vertex -3.505002e+001 -1.996358e+001  3.746457e+001
      vertex -3.024790e+001 -1.551360e+001  3.924456e+001
      vertex -3.006381e+001 -1.550340e+001  3.924864e+001
    endloop
  endfacet
  facet normal  7.848466e-006  3.713830e-001 -9.284798e-001
    outer loop
      vertex -3.505002e+001 -1.996358e+001  3.746457e+001
      vertex -3.006381e+001 -1.550340e+001  3.924864e+001
      vertex -2.987943e+001 -1.550000e+001  3.925000e+001
    endloop
  endfacet
  facet normal  1.000000e+000  -0.000000e+000  0.000000e+000
    outer loop
      vertex -2.126459e+001 -2.107775e+001  4.225000e+001
      vertex -2.126459e+001 -2.650000e+001  4.225000e+001
      vertex -2.126459e+001 -2.107775e+001  3.725000e+001
    endloop
  endfacet
  facet normal  1.000000e+000  0.000000e+000  0.000000e+000
    outer loop
      vertex -2.126459e+001 -2.107775e+001  3.725000e+001
      vertex -2.126459e+001 -2.650000e+001  4.225000e+001
      vertex -2.126459e+001 -2.650000e+001  3.725000e+001
    endloop
  endfacet
  facet normal  9.284766e-001  3.713909e-001  0.000000e+000
    outer loop
      vertex -2.200737e+001 -1.864305e+001  3.799278e+001
      vertex -2.200737e+001 -1.864305e+001  4.225000e+001
      vertex -2.147916e+001 -1.996358e+001  3.746457e+001
    endloop
  endfacet
  facet normal  9.284766e-001  3.713909e-001  -0.000000e+000
    outer loop
      vertex -2.147916e+001 -1.996358e+001  3.746457e+001
      vertex -2.200737e+001 -1.864305e+001  4.225000e+001
      vertex -2.147916e+001 -1.996358e+001  4.225000e+001
    endloop
  endfacet
  facet normal  0.000000e+000 -1.000000e+000  0.000000e+000
    outer loop
      vertex -2.626459e+001 -3.150000e+001  4.225000e+001
      vertex -3.026459e+001 -3.150000e+001  4.225000e+001
      vertex -2.626459e+001 -3.150000e+001  3.725000e+001
    endloop
  endfacet
  facet normal  0.000000e+000 -1.000000e+000  0.000000e+000
    outer loop
      vertex -2.626459e+001 -3.150000e+001  3.725000e+001
      vertex -3.026459e+001 -3.150000e+001  4.225000e+001
      vertex -3.026459e+001 -3.150000e+001  3.725000e+001
    endloop
  endfacet
  facet normal  9.998072e-001 -1.963340e-002  0.000000e+000
    outer loop
      vertex -2.126459e+001 -2.650000e+001  3.725000e+001
      vertex -2.126459e+001 -2.650000e+001  4.225000e+001
      vertex -2.126845e+001 -2.669630e+001  3.725000e+001
    endloop
  endfacet
  facet normal  9.998072e-001 -1.963340e-002  0.000000e+000
    outer loop
      vertex -2.126845e+001 -2.669630e+001  3.725000e+001
      vertex -2.126459e+001 -2.650000e+001  4.225000e+001
      vertex -2.126845e+001 -2.669630e+001  4.225000e+001
    endloop
  endfacet
  facet normal  9.982657e-001 -5.887066e-002  0.000000e+000
    outer loop
      vertex -2.126845e+001 -2.669630e+001  3.725000e+001
      vertex -2.126845e+001 -2.669630e+001  4.225000e+001
      vertex -2.128000e+001 -2.689230e+001  3.725000e+001
    endloop
  endfacet
  facet normal  9.982657e-001 -5.887066e-002  0.000000e+000
    outer loop
      vertex -2.128000e+001 -2.689230e+001  3.725000e+001
      vertex -2.126845e+001 -2.669630e+001  4.225000e+001
      vertex -2.128000e+001 -2.689230e+001  4.225000e+001
    endloop
  endfacet
  facet normal  9.951844e-001 -9.802140e-002  0.000000e+000
    outer loop
      vertex -2.128000e+001 -2.689230e+001  3.725000e+001
      vertex -2.128000e+001 -2.689230e+001  4.225000e+001
      vertex -2.129925e+001 -2.708769e+001  3.725000e+001
    endloop
  endfacet
  facet normal  9.951844e-001 -9.802140e-002  0.000000e+000
    outer loop
      vertex -2.129925e+001 -2.708769e+001  3.725000e+001
      vertex -2.128000e+001 -2.689230e+001  4.225000e+001
      vertex -2.129925e+001 -2.708769e+001  4.225000e+001
    endloop
  endfacet
  facet normal  9.905703e-001 -1.370052e-001  0.000000e+000
    outer loop
      vertex -2.129925e+001 -2.708769e+001  3.725000e+001
      vertex -2.129925e+001 -2.708769e+001  4.225000e+001
      vertex -2.132615e+001 -2.728217e+001  3.725000e+001
    endloop
  endfacet
  facet normal  9.905703e-001 -1.370052e-001  0.000000e+000
    outer loop
      vertex -2.132615e+001 -2.728217e+001  3.725000e+001
      vertex -2.129925e+001 -2.708769e+001  4.225000e+001
      vertex -2.132615e+001 -2.728217e+001  4.225000e+001
    endloop
  endfacet
  facet normal  9.844265e-001 -1.757967e-001  0.000000e+000
    outer loop
      vertex -2.132615e+001 -2.728217e+001  3.725000e+001
      vertex -2.132615e+001 -2.728217e+001  4.225000e+001
      vertex -2.136066e+001 -2.747545e+001  3.725000e+001
    endloop
  endfacet
  facet normal  9.844265e-001 -1.757967e-001  0.000000e+000
    outer loop
      vertex -2.136066e+001 -2.747545e+001  3.725000e+001
      vertex -2.132615e+001 -2.728217e+001  4.225000e+001
      vertex -2.136066e+001 -2.747545e+001  4.225000e+001
    endloop
  endfacet
  facet normal  9.767643e-001 -2.143160e-001  0.000000e+000
    outer loop
      vertex -2.136066e+001 -2.747545e+001  3.725000e+001
      vertex -2.136066e+001 -2.747545e+001  4.225000e+001
      vertex -2.140274e+001 -2.766723e+001  3.725000e+001
    endloop
  endfacet
  facet normal  9.767643e-001 -2.143160e-001  0.000000e+000
    outer loop
      vertex -2.140274e+001 -2.766723e+001  3.725000e+001
      vertex -2.136066e+001 -2.747545e+001  4.225000e+001
      vertex -2.140274e+001 -2.766723e+001  4.225000e+001
    endloop
  endfacet
  facet normal  9.676010e-001 -2.524844e-001  0.000000e+000
    outer loop
      vertex -2.140274e+001 -2.766723e+001  3.725000e+001
      vertex -2.140274e+001 -2.766723e+001  4.225000e+001
      vertex -2.145231e+001 -2.785720e+001  3.725000e+001
    endloop
  endfacet
  facet normal  9.676010e-001 -2.524844e-001  0.000000e+000
    outer loop
      vertex -2.145231e+001 -2.785720e+001  3.725000e+001
      vertex -2.140274e+001 -2.766723e+001  4.225000e+001
      vertex -2.145231e+001 -2.785720e+001  4.225000e+001
    endloop
  endfacet
  facet normal  9.569409e-001 -2.902832e-001  0.000000e+000
    outer loop
      vertex -2.145231e+001 -2.785720e+001  3.725000e+001
      vertex -2.145231e+001 -2.785720e+001  4.225000e+001
      vertex -2.150931e+001 -2.804509e+001  3.725000e+001
    endloop
  endfacet
  facet normal  9.569409e-001 -2.902832e-001  0.000000e+000
    outer loop
      vertex -2.150931e+001 -2.804509e+001  3.725000e+001
      vertex -2.145231e+001 -2.785720e+001  4.225000e+001
      vertex -2.150931e+001 -2.804509e+001  4.225000e+001
    endloop
  endfacet
  facet normal  9.448033e-001 -3.276380e-001  0.000000e+000
    outer loop
      vertex -2.150931e+001 -2.804509e+001  3.725000e+001
      vertex -2.150931e+001 -2.804509e+001  4.225000e+001
      vertex -2.157364e+001 -2.823059e+001  3.725000e+001
    endloop
  endfacet
  facet normal  9.448033e-001 -3.276380e-001  0.000000e+000
    outer loop
      vertex -2.157364e+001 -2.823059e+001  3.725000e+001
      vertex -2.150931e+001 -2.804509e+001  4.225000e+001
      vertex -2.157364e+001 -2.823059e+001  4.225000e+001
    endloop
  endfacet
  facet normal  9.312173e-001 -3.644646e-001  0.000000e+000
    outer loop
      vertex -2.157364e+001 -2.823059e+001  3.725000e+001
      vertex -2.157364e+001 -2.823059e+001  4.225000e+001
      vertex -2.164519e+001 -2.841342e+001  3.725000e+001
    endloop
  endfacet
  facet normal  9.312173e-001 -3.644646e-001  0.000000e+000
    outer loop
      vertex -2.164519e+001 -2.841342e+001  3.725000e+001
      vertex -2.157364e+001 -2.823059e+001  4.225000e+001
      vertex -2.164519e+001 -2.841342e+001  4.225000e+001
    endloop
  endfacet
  facet normal  9.161865e-001 -4.007520e-001  0.000000e+000
    outer loop
      vertex -2.164519e+001 -2.841342e+001  3.725000e+001
      vertex -2.164519e+001 -2.841342e+001  4.225000e+001
      vertex -2.172388e+001 -2.859330e+001  3.725000e+001
    endloop
  endfacet
  facet normal  9.161865e-001 -4.007520e-001  0.000000e+000
    outer loop
      vertex -2.172388e+001 -2.859330e+001  3.725000e+001
      vertex -2.164519e+001 -2.841342e+001  4.225000e+001
      vertex -2.172388e+001 -2.859330e+001  4.225000e+001
    endloop
  endfacet
  facet normal  8.997481e-001 -4.364096e-001  0.000000e+000
    outer loop
      vertex -2.172388e+001 -2.859330e+001  3.725000e+001
      vertex -2.172388e+001 -2.859330e+001  4.225000e+001
      vertex -2.180956e+001 -2.876995e+001  3.725000e+001
    endloop
  endfacet
  facet normal  8.997481e-001 -4.364096e-001  0.000000e+000
    outer loop
      vertex -2.180956e+001 -2.876995e+001  3.725000e+001
      vertex -2.172388e+001 -2.859330e+001  4.225000e+001
      vertex -2.180956e+001 -2.876995e+001  4.225000e+001
    endloop
  endfacet
  facet normal  8.819212e-001 -4.713968e-001  0.000000e+000
    outer loop
      vertex -2.180956e+001 -2.876995e+001  3.725000e+001
      vertex -2.180956e+001 -2.876995e+001  4.225000e+001
      vertex -2.190211e+001 -2.894311e+001  3.725000e+001
    endloop
  endfacet
  facet normal  8.819212e-001 -4.713968e-001  0.000000e+000
    outer loop
      vertex -2.190211e+001 -2.894311e+001  3.725000e+001
      vertex -2.180956e+001 -2.876995e+001  4.225000e+001
      vertex -2.190211e+001 -2.894311e+001  4.225000e+001
    endloop
  endfacet
  facet normal  8.627356e-001 -5.056555e-001  0.000000e+000
    outer loop
      vertex -2.190211e+001 -2.894311e+001  3.725000e+001
      vertex -2.190211e+001 -2.894311e+001  4.225000e+001
      vertex -2.200139e+001 -2.911249e+001  3.725000e+001
    endloop
  endfacet
  facet normal  8.627356e-001 -5.056555e-001  0.000000e+000
    outer loop
      vertex -2.200139e+001 -2.911249e+001  3.725000e+001
      vertex -2.190211e+001 -2.894311e+001  4.225000e+001
      vertex -2.200139e+001 -2.911249e+001  4.225000e+001
    endloop
  endfacet
  facet normal  8.422176e-001 -5.391378e-001  0.000000e+000
    outer loop
      vertex -2.200139e+001 -2.911249e+001  3.725000e+001
      vertex -2.200139e+001 -2.911249e+001  4.225000e+001
      vertex -2.210724e+001 -2.927785e+001  3.725000e+001
    endloop
  endfacet
  facet normal  8.422176e-001 -5.391378e-001  0.000000e+000
    outer loop
      vertex -2.210724e+001 -2.927785e+001  3.725000e+001
      vertex -2.200139e+001 -2.911249e+001  4.225000e+001
      vertex -2.210724e+001 -2.927785e+001  4.225000e+001
    endloop
  endfacet
  facet normal  8.204031e-001 -5.717855e-001  0.000000e+000
    outer loop
      vertex -2.210724e+001 -2.927785e+001  3.725000e+001
      vertex -2.210724e+001 -2.927785e+001  4.225000e+001
      vertex -2.221951e+001 -2.943893e+001  3.725000e+001
    endloop
  endfacet
  facet normal  8.204031e-001 -5.717855e-001  0.000000e+000
    outer loop
      vertex -2.221951e+001 -2.943893e+001  3.725000e+001
      vertex -2.210724e+001 -2.927785e+001  4.225000e+001
      vertex -2.221951e+001 -2.943893e+001  4.225000e+001
    endloop
  endfacet
  facet normal  7.973178e-001 -6.035597e-001  0.000000e+000
    outer loop
      vertex -2.221951e+001 -2.943893e+001  3.725000e+001
      vertex -2.221951e+001 -2.943893e+001  4.225000e+001
      vertex -2.233801e+001 -2.959547e+001  3.725000e+001
    endloop
  endfacet
  facet normal  7.973178e-001 -6.035597e-001  0.000000e+000
    outer loop
      vertex -2.233801e+001 -2.959547e+001  3.725000e+001
      vertex -2.221951e+001 -2.943893e+001  4.225000e+001
      vertex -2.233801e+001 -2.959547e+001  4.225000e+001
    endloop
  endfacet
  facet normal  7.730116e-001 -6.343920e-001  0.000000e+000
    outer loop
      vertex -2.233801e+001 -2.959547e+001  3.725000e+001
      vertex -2.233801e+001 -2.959547e+001  4.225000e+001
      vertex -2.246256e+001 -2.974724e+001  3.725000e+001
    endloop
  endfacet
  facet normal  7.730116e-001 -6.343920e-001  0.000000e+000
    outer loop
      vertex -2.246256e+001 -2.974724e+001  3.725000e+001
      vertex -2.233801e+001 -2.959547e+001  4.225000e+001
      vertex -2.246256e+001 -2.974724e+001  4.225000e+001
    endloop
  endfacet
  facet normal  7.475032e-001 -6.642584e-001  0.000000e+000
    outer loop
      vertex -2.246256e+001 -2.974724e+001  3.725000e+001
      vertex -2.246256e+001 -2.974724e+001  4.225000e+001
      vertex -2.259298e+001 -2.989400e+001  3.725000e+001
    endloop
  endfacet
  facet normal  7.475032e-001 -6.642584e-001  0.000000e+000
    outer loop
      vertex -2.259298e+001 -2.989400e+001  3.725000e+001
      vertex -2.246256e+001 -2.974724e+001  4.225000e+001
      vertex -2.259298e+001 -2.989400e+001  4.225000e+001
    endloop
  endfacet
  facet normal  7.208575e-001 -6.930832e-001  0.000000e+000
    outer loop
      vertex -2.259298e+001 -2.989400e+001  3.725000e+001
      vertex -2.259298e+001 -2.989400e+001  4.225000e+001
      vertex -2.272906e+001 -3.003553e+001  3.725000e+001
    endloop
  endfacet
  facet normal  7.208575e-001 -6.930832e-001  0.000000e+000
    outer loop
      vertex -2.272906e+001 -3.003553e+001  3.725000e+001
      vertex -2.259298e+001 -2.989400e+001  4.225000e+001
      vertex -2.272906e+001 -3.003553e+001  4.225000e+001
    endloop
  endfacet
  facet normal  6.930832e-001 -7.208575e-001  0.000000e+000
    outer loop
      vertex -2.272906e+001 -3.003553e+001  3.725000e+001
      vertex -2.272906e+001 -3.003553e+001  4.225000e+001
      vertex -2.287059e+001 -3.017161e+001  3.725000e+001
    endloop
  endfacet
  facet normal  6.930832e-001 -7.208575e-001  0.000000e+000
    outer loop
      vertex -2.287059e+001 -3.017161e+001  3.725000e+001
      vertex -2.272906e+001 -3.003553e+001  4.225000e+001
      vertex -2.287059e+001 -3.017161e+001  4.225000e+001
    endloop
  endfacet
  facet normal  6.642584e-001 -7.475032e-001  0.000000e+000
    outer loop
      vertex -2.287059e+001 -3.017161e+001  3.725000e+001
      vertex -2.287059e+001 -3.017161e+001  4.225000e+001
      vertex -2.301735e+001 -3.030203e+001  3.725000e+001
    endloop
  endfacet
  facet normal  6.642584e-001 -7.475032e-001  0.000000e+000
    outer loop
      vertex -2.301735e+001 -3.030203e+001  3.725000e+001
      vertex -2.287059e+001 -3.017161e+001  4.225000e+001
      vertex -2.301735e+001 -3.030203e+001  4.225000e+001
    endloop
  endfacet
  facet normal  6.343920e-001 -7.730116e-001  0.000000e+000
    outer loop
      vertex -2.301735e+001 -3.030203e+001  3.725000e+001
      vertex -2.301735e+001 -3.030203e+001  4.225000e+001
      vertex -2.316912e+001 -3.042658e+001  3.725000e+001
    endloop
  endfacet
  facet normal  6.343920e-001 -7.730116e-001  0.000000e+000
    outer loop
      vertex -2.316912e+001 -3.042658e+001  3.725000e+001
      vertex -2.301735e+001 -3.030203e+001  4.225000e+001
      vertex -2.316912e+001 -3.042658e+001  4.225000e+001
    endloop
  endfacet
  facet normal  6.035597e-001 -7.973178e-001  0.000000e+000
    outer loop
      vertex -2.316912e+001 -3.042658e+001  3.725000e+001
      vertex -2.316912e+001 -3.042658e+001  4.225000e+001
      vertex -2.332566e+001 -3.054509e+001  3.725000e+001
    endloop
  endfacet
  facet normal  6.035597e-001 -7.973178e-001  0.000000e+000
    outer loop
      vertex -2.332566e+001 -3.054509e+001  3.725000e+001
      vertex -2.316912e+001 -3.042658e+001  4.225000e+001
      vertex -2.332566e+001 -3.054509e+001  4.225000e+001
    endloop
  endfacet
  facet normal  5.717855e-001 -8.204031e-001  0.000000e+000
    outer loop
      vertex -2.332566e+001 -3.054509e+001  3.725000e+001
      vertex -2.332566e+001 -3.054509e+001  4.225000e+001
      vertex -2.348674e+001 -3.065735e+001  3.725000e+001
    endloop
  endfacet
  facet normal  5.717855e-001 -8.204031e-001  0.000000e+000
    outer loop
      vertex -2.348674e+001 -3.065735e+001  3.725000e+001
      vertex -2.332566e+001 -3.054509e+001  4.225000e+001
      vertex -2.348674e+001 -3.065735e+001  4.225000e+001
    endloop
  endfacet
  facet normal  5.391378e-001 -8.422176e-001  0.000000e+000
    outer loop
      vertex -2.348674e+001 -3.065735e+001  3.725000e+001
      vertex -2.348674e+001 -3.065735e+001  4.225000e+001
      vertex -2.365210e+001 -3.076320e+001  3.725000e+001
    endloop
  endfacet
  facet normal  5.391378e-001 -8.422176e-001  0.000000e+000
    outer loop
      vertex -2.365210e+001 -3.076320e+001  3.725000e+001
      vertex -2.348674e+001 -3.065735e+001  4.225000e+001
      vertex -2.365210e+001 -3.076320e+001  4.225000e+001
    endloop
  endfacet
  facet normal  5.056555e-001 -8.627356e-001  0.000000e+000
    outer loop
      vertex -2.365210e+001 -3.076320e+001  3.725000e+001
      vertex -2.365210e+001 -3.076320e+001  4.225000e+001
      vertex -2.382149e+001 -3.086248e+001  3.725000e+001
    endloop
  endfacet
  facet normal  5.056555e-001 -8.627356e-001  0.000000e+000
    outer loop
      vertex -2.382149e+001 -3.086248e+001  3.725000e+001
      vertex -2.365210e+001 -3.076320e+001  4.225000e+001
      vertex -2.382149e+001 -3.086248e+001  4.225000e+001
    endloop
  endfacet
  facet normal  4.713968e-001 -8.819212e-001  0.000000e+000
    outer loop
      vertex -2.382149e+001 -3.086248e+001  3.725000e+001
      vertex -2.382149e+001 -3.086248e+001  4.225000e+001
      vertex -2.399464e+001 -3.095503e+001  3.725000e+001
    endloop
  endfacet
  facet normal  4.713968e-001 -8.819212e-001  0.000000e+000
    outer loop
      vertex -2.399464e+001 -3.095503e+001  3.725000e+001
      vertex -2.382149e+001 -3.086248e+001  4.225000e+001
      vertex -2.399464e+001 -3.095503e+001  4.225000e+001
    endloop
  endfacet
  facet normal  4.364096e-001 -8.997481e-001  0.000000e+000
    outer loop
      vertex -2.399464e+001 -3.095503e+001  3.725000e+001
      vertex -2.399464e+001 -3.095503e+001  4.225000e+001
      vertex -2.417129e+001 -3.104072e+001  3.725000e+001
    endloop
  endfacet
  facet normal  4.364096e-001 -8.997481e-001  0.000000e+000
    outer loop
      vertex -2.417129e+001 -3.104072e+001  3.725000e+001
      vertex -2.399464e+001 -3.095503e+001  4.225000e+001
      vertex -2.417129e+001 -3.104072e+001  4.225000e+001
    endloop
  endfacet
  facet normal  4.007520e-001 -9.161865e-001  0.000000e+000
    outer loop
      vertex -2.417129e+001 -3.104072e+001  3.725000e+001
      vertex -2.417129e+001 -3.104072e+001  4.225000e+001
      vertex -2.435117e+001 -3.111940e+001  3.725000e+001
    endloop
  endfacet
  facet normal  4.007520e-001 -9.161865e-001  0.000000e+000
    outer loop
      vertex -2.435117e+001 -3.111940e+001  3.725000e+001
      vertex -2.417129e+001 -3.104072e+001  4.225000e+001
      vertex -2.435117e+001 -3.111940e+001  4.225000e+001
    endloop
  endfacet
  facet normal  3.644646e-001 -9.312173e-001  0.000000e+000
    outer loop
      vertex -2.435117e+001 -3.111940e+001  3.725000e+001
      vertex -2.435117e+001 -3.111940e+001  4.225000e+001
      vertex -2.453401e+001 -3.119096e+001  3.725000e+001
    endloop
  endfacet
  facet normal  3.644646e-001 -9.312173e-001  0.000000e+000
    outer loop
      vertex -2.453401e+001 -3.119096e+001  3.725000e+001
      vertex -2.435117e+001 -3.111940e+001  4.225000e+001
      vertex -2.453401e+001 -3.119096e+001  4.225000e+001
    endloop
  endfacet
  facet normal  3.276380e-001 -9.448033e-001  0.000000e+000
    outer loop
      vertex -2.453401e+001 -3.119096e+001  3.725000e+001
      vertex -2.453401e+001 -3.119096e+001  4.225000e+001
      vertex -2.471951e+001 -3.125528e+001  3.725000e+001
    endloop
  endfacet
  facet normal  3.276380e-001 -9.448033e-001  0.000000e+000
    outer loop
      vertex -2.471951e+001 -3.125528e+001  3.725000e+001
      vertex -2.453401e+001 -3.119096e+001  4.225000e+001
      vertex -2.471951e+001 -3.125528e+001  4.225000e+001
    endloop
  endfacet
  facet normal  2.902832e-001 -9.569409e-001  0.000000e+000
    outer loop
      vertex -2.471951e+001 -3.125528e+001  3.725000e+001
      vertex -2.471951e+001 -3.125528e+001  4.225000e+001
      vertex -2.490739e+001 -3.131228e+001  3.725000e+001
    endloop
  endfacet
  facet normal  2.902832e-001 -9.569409e-001  0.000000e+000
    outer loop
      vertex -2.490739e+001 -3.131228e+001  3.725000e+001
      vertex -2.471951e+001 -3.125528e+001  4.225000e+001
      vertex -2.490739e+001 -3.131228e+001  4.225000e+001
    endloop
  endfacet
  facet normal  2.524844e-001 -9.676010e-001  0.000000e+000
    outer loop
      vertex -2.490739e+001 -3.131228e+001  3.725000e+001
      vertex -2.490739e+001 -3.131228e+001  4.225000e+001
      vertex -2.509736e+001 -3.136185e+001  3.725000e+001
    endloop
  endfacet
  facet normal  2.524844e-001 -9.676010e-001  0.000000e+000
    outer loop
      vertex -2.509736e+001 -3.136185e+001  3.725000e+001
      vertex -2.490739e+001 -3.131228e+001  4.225000e+001
      vertex -2.509736e+001 -3.136185e+001  4.225000e+001
    endloop
  endfacet
  facet normal  2.143160e-001 -9.767643e-001  0.000000e+000
    outer loop
      vertex -2.509736e+001 -3.136185e+001  3.725000e+001
      vertex -2.509736e+001 -3.136185e+001  4.225000e+001
      vertex -2.528914e+001 -3.140393e+001  3.725000e+001
    endloop
  endfacet
  facet normal  2.143160e-001 -9.767643e-001  0.000000e+000
    outer loop
      vertex -2.528914e+001 -3.140393e+001  3.725000e+001
      vertex -2.509736e+001 -3.136185e+001  4.225000e+001
      vertex -2.528914e+001 -3.140393e+001  4.225000e+001
    endloop
  endfacet
  facet normal  1.757967e-001 -9.844265e-001  0.000000e+000
    outer loop
      vertex -2.528914e+001 -3.140393e+001  3.725000e+001
      vertex -2.528914e+001 -3.140393e+001  4.225000e+001
      vertex -2.548242e+001 -3.143844e+001  3.725000e+001
    endloop
  endfacet
  facet normal  1.757967e-001 -9.844265e-001  0.000000e+000
    outer loop
      vertex -2.548242e+001 -3.143844e+001  3.725000e+001
      vertex -2.528914e+001 -3.140393e+001  4.225000e+001
      vertex -2.548242e+001 -3.143844e+001  4.225000e+001
    endloop
  endfacet
  facet normal  1.370052e-001 -9.905703e-001  0.000000e+000
    outer loop
      vertex -2.548242e+001 -3.143844e+001  3.725000e+001
      vertex -2.548242e+001 -3.143844e+001  4.225000e+001
      vertex -2.567690e+001 -3.146534e+001  3.725000e+001
    endloop
  endfacet
  facet normal  1.370052e-001 -9.905703e-001  0.000000e+000
    outer loop
      vertex -2.567690e+001 -3.146534e+001  3.725000e+001
      vertex -2.548242e+001 -3.143844e+001  4.225000e+001
      vertex -2.567690e+001 -3.146534e+001  4.225000e+001
    endloop
  endfacet
  facet normal  9.802140e-002 -9.951844e-001  0.000000e+000
    outer loop
      vertex -2.567690e+001 -3.146534e+001  3.725000e+001
      vertex -2.567690e+001 -3.146534e+001  4.225000e+001
      vertex -2.587230e+001 -3.148459e+001  3.725000e+001
    endloop
  endfacet
  facet normal  9.802140e-002 -9.951844e-001  0.000000e+000
    outer loop
      vertex -2.587230e+001 -3.148459e+001  3.725000e+001
      vertex -2.567690e+001 -3.146534e+001  4.225000e+001
      vertex -2.587230e+001 -3.148459e+001  4.225000e+001
    endloop
  endfacet
  facet normal  5.887066e-002 -9.982657e-001  0.000000e+000
    outer loop
      vertex -2.587230e+001 -3.148459e+001  3.725000e+001
      vertex -2.587230e+001 -3.148459e+001  4.225000e+001
      vertex -2.606829e+001 -3.149615e+001  3.725000e+001
    endloop
  endfacet
  facet normal  5.887066e-002 -9.982657e-001  0.000000e+000
    outer loop
      vertex -2.606829e+001 -3.149615e+001  3.725000e+001
      vertex -2.587230e+001 -3.148459e+001  4.225000e+001
      vertex -2.606829e+001 -3.149615e+001  4.225000e+001
    endloop
  endfacet
  facet normal  1.963340e-002 -9.998072e-001  0.000000e+000
    outer loop
      vertex -2.606829e+001 -3.149615e+001  3.725000e+001
      vertex -2.606829e+001 -3.149615e+001  4.225000e+001
      vertex -2.626459e+001 -3.150000e+001  3.725000e+001
    endloop
  endfacet
  facet normal  1.963340e-002 -9.998072e-001  0.000000e+000
    outer loop
      vertex -2.626459e+001 -3.150000e+001  3.725000e+001
      vertex -2.606829e+001 -3.149615e+001  4.225000e+001
      vertex -2.626459e+001 -3.150000e+001  4.225000e+001
    endloop
  endfacet
  facet normal -1.963340e-002 -9.998072e-001  -0.000000e+000
    outer loop
      vertex -3.026459e+001 -3.150000e+001  3.725000e+001
      vertex -3.026459e+001 -3.150000e+001  4.225000e+001
      vertex -3.046089e+001 -3.149615e+001  3.725000e+001
    endloop
  endfacet
  facet normal -1.963340e-002 -9.998072e-001  0.000000e+000
    outer loop
      vertex -3.046089e+001 -3.149615e+001  3.725000e+001
      vertex -3.026459e+001 -3.150000e+001  4.225000e+001
      vertex -3.046089e+001 -3.149615e+001  4.225000e+001
    endloop
  endfacet
  facet normal -5.887066e-002 -9.982657e-001  -0.000000e+000
    outer loop
      vertex -3.046089e+001 -3.149615e+001  3.725000e+001
      vertex -3.046089e+001 -3.149615e+001  4.225000e+001
      vertex -3.065689e+001 -3.148459e+001  3.725000e+001
    endloop
  endfacet
  facet normal -5.887066e-002 -9.982657e-001  0.000000e+000
    outer loop
      vertex -3.065689e+001 -3.148459e+001  3.725000e+001
      vertex -3.046089e+001 -3.149615e+001  4.225000e+001
      vertex -3.065689e+001 -3.148459e+001  4.225000e+001
    endloop
  endfacet
  facet normal -9.802140e-002 -9.951844e-001  -0.000000e+000
    outer loop
      vertex -3.065689e+001 -3.148459e+001  3.725000e+001
      vertex -3.065689e+001 -3.148459e+001  4.225000e+001
      vertex -3.085228e+001 -3.146534e+001  3.725000e+001
    endloop
  endfacet
  facet normal -9.802140e-002 -9.951844e-001  0.000000e+000
    outer loop
      vertex -3.085228e+001 -3.146534e+001  3.725000e+001
      vertex -3.065689e+001 -3.148459e+001  4.225000e+001
      vertex -3.085228e+001 -3.146534e+001  4.225000e+001
    endloop
  endfacet
  facet normal -1.370052e-001 -9.905703e-001  -0.000000e+000
    outer loop
      vertex -3.085228e+001 -3.146534e+001  3.725000e+001
      vertex -3.085228e+001 -3.146534e+001  4.225000e+001
      vertex -3.104676e+001 -3.143844e+001  3.725000e+001
    endloop
  endfacet
  facet normal -1.370052e-001 -9.905703e-001  0.000000e+000
    outer loop
      vertex -3.104676e+001 -3.143844e+001  3.725000e+001
      vertex -3.085228e+001 -3.146534e+001  4.225000e+001
      vertex -3.104676e+001 -3.143844e+001  4.225000e+001
    endloop
  endfacet
  facet normal -1.757967e-001 -9.844265e-001  -0.000000e+000
    outer loop
      vertex -3.104676e+001 -3.143844e+001  3.725000e+001
      vertex -3.104676e+001 -3.143844e+001  4.225000e+001
      vertex -3.124004e+001 -3.140393e+001  3.725000e+001
    endloop
  endfacet
  facet normal -1.757967e-001 -9.844265e-001  0.000000e+000
    outer loop
      vertex -3.124004e+001 -3.140393e+001  3.725000e+001
      vertex -3.104676e+001 -3.143844e+001  4.225000e+001
      vertex -3.124004e+001 -3.140393e+001  4.225000e+001
    endloop
  endfacet
  facet normal -2.143160e-001 -9.767643e-001  -0.000000e+000
    outer loop
      vertex -3.124004e+001 -3.140393e+001  3.725000e+001
      vertex -3.124004e+001 -3.140393e+001  4.225000e+001
      vertex -3.143182e+001 -3.136185e+001  3.725000e+001
    endloop
  endfacet
  facet normal -2.143160e-001 -9.767643e-001  0.000000e+000
    outer loop
      vertex -3.143182e+001 -3.136185e+001  3.725000e+001
      vertex -3.124004e+001 -3.140393e+001  4.225000e+001
      vertex -3.143182e+001 -3.136185e+001  4.225000e+001
    endloop
  endfacet
  facet normal -2.524844e-001 -9.676010e-001  -0.000000e+000
    outer loop
      vertex -3.143182e+001 -3.136185e+001  3.725000e+001
      vertex -3.143182e+001 -3.136185e+001  4.225000e+001
      vertex -3.162179e+001 -3.131228e+001  3.725000e+001
    endloop
  endfacet
  facet normal -2.524844e-001 -9.676010e-001  0.000000e+000
    outer loop
      vertex -3.162179e+001 -3.131228e+001  3.725000e+001
      vertex -3.143182e+001 -3.136185e+001  4.225000e+001
      vertex -3.162179e+001 -3.131228e+001  4.225000e+001
    endloop
  endfacet
  facet normal -2.902832e-001 -9.569409e-001  -0.000000e+000
    outer loop
      vertex -3.162179e+001 -3.131228e+001  3.725000e+001
      vertex -3.162179e+001 -3.131228e+001  4.225000e+001
      vertex -3.180968e+001 -3.125528e+001  3.725000e+001
    endloop
  endfacet
  facet normal -2.902832e-001 -9.569409e-001  0.000000e+000
    outer loop
      vertex -3.180968e+001 -3.125528e+001  3.725000e+001
      vertex -3.162179e+001 -3.131228e+001  4.225000e+001
      vertex -3.180968e+001 -3.125528e+001  4.225000e+001
    endloop
  endfacet
  facet normal -3.276380e-001 -9.448033e-001  -0.000000e+000
    outer loop
      vertex -3.180968e+001 -3.125528e+001  3.725000e+001
      vertex -3.180968e+001 -3.125528e+001  4.225000e+001
      vertex -3.199518e+001 -3.119096e+001  3.725000e+001
    endloop
  endfacet
  facet normal -3.276380e-001 -9.448033e-001  0.000000e+000
    outer loop
      vertex -3.199518e+001 -3.119096e+001  3.725000e+001
      vertex -3.180968e+001 -3.125528e+001  4.225000e+001
      vertex -3.199518e+001 -3.119096e+001  4.225000e+001
    endloop
  endfacet
  facet normal -3.644646e-001 -9.312173e-001  -0.000000e+000
    outer loop
      vertex -3.199518e+001 -3.119096e+001  3.725000e+001
      vertex -3.199518e+001 -3.119096e+001  4.225000e+001
      vertex -3.217801e+001 -3.111940e+001  3.725000e+001
    endloop
  endfacet
  facet normal -3.644646e-001 -9.312173e-001  0.000000e+000
    outer loop
      vertex -3.217801e+001 -3.111940e+001  3.725000e+001
      vertex -3.199518e+001 -3.119096e+001  4.225000e+001
      vertex -3.217801e+001 -3.111940e+001  4.225000e+001
    endloop
  endfacet
  facet normal -4.007485e-001 -9.161882e-001  -0.000000e+000
    outer loop
      vertex -3.217801e+001 -3.111940e+001  3.725000e+001
      vertex -3.217801e+001 -3.111940e+001  4.225000e+001
      vertex -3.235789e+001 -3.104072e+001  3.725000e+001
    endloop
  endfacet
  facet normal -4.007485e-001 -9.161882e-001  0.000000e+000
    outer loop
      vertex -3.235789e+001 -3.104072e+001  3.725000e+001
      vertex -3.217801e+001 -3.111940e+001  4.225000e+001
      vertex -3.235789e+001 -3.104072e+001  4.225000e+001
    endloop
  endfacet
  facet normal -4.364172e-001 -8.997444e-001  -0.000000e+000
    outer loop
      vertex -3.235789e+001 -3.104072e+001  3.725000e+001
      vertex -3.235789e+001 -3.104072e+001  4.225000e+001
      vertex -3.253454e+001 -3.095503e+001  3.725000e+001
    endloop
  endfacet
  facet normal -4.364172e-001 -8.997444e-001  0.000000e+000
    outer loop
      vertex -3.253454e+001 -3.095503e+001  3.725000e+001
      vertex -3.235789e+001 -3.104072e+001  4.225000e+001
      vertex -3.253454e+001 -3.095503e+001  4.225000e+001
    endloop
  endfacet
  facet normal -4.713887e-001 -8.819255e-001  -0.000000e+000
    outer loop
      vertex -3.253454e+001 -3.095503e+001  3.725000e+001
      vertex -3.253454e+001 -3.095503e+001  4.225000e+001
      vertex -3.270770e+001 -3.086248e+001  3.725000e+001
    endloop
  endfacet
  facet normal -4.713887e-001 -8.819255e-001  0.000000e+000
    outer loop
      vertex -3.270770e+001 -3.086248e+001  3.725000e+001
      vertex -3.253454e+001 -3.095503e+001  4.225000e+001
      vertex -3.270770e+001 -3.086248e+001  4.225000e+001
    endloop
  endfacet
  facet normal -5.056639e-001 -8.627306e-001  -0.000000e+000
    outer loop
      vertex -3.270770e+001 -3.086248e+001  3.725000e+001
      vertex -3.270770e+001 -3.086248e+001  4.225000e+001
      vertex -3.287708e+001 -3.076320e+001  3.725000e+001
    endloop
  endfacet
  facet normal -5.056639e-001 -8.627306e-001  0.000000e+000
    outer loop
      vertex -3.287708e+001 -3.076320e+001  3.725000e+001
      vertex -3.270770e+001 -3.086248e+001  4.225000e+001
      vertex -3.287708e+001 -3.076320e+001  4.225000e+001
    endloop
  endfacet
  facet normal -5.391333e-001 -8.422204e-001  -0.000000e+000
    outer loop
      vertex -3.287708e+001 -3.076320e+001  3.725000e+001
      vertex -3.287708e+001 -3.076320e+001  4.225000e+001
      vertex -3.304244e+001 -3.065735e+001  3.725000e+001
    endloop
  endfacet
  facet normal -5.391333e-001 -8.422204e-001  0.000000e+000
    outer loop
      vertex -3.304244e+001 -3.065735e+001  3.725000e+001
      vertex -3.287708e+001 -3.076320e+001  4.225000e+001
      vertex -3.304244e+001 -3.065735e+001  4.225000e+001
    endloop
  endfacet
  facet normal -5.717855e-001 -8.204031e-001  -0.000000e+000
    outer loop
      vertex -3.304244e+001 -3.065735e+001  3.725000e+001
      vertex -3.304244e+001 -3.065735e+001  4.225000e+001
      vertex -3.320352e+001 -3.054509e+001  3.725000e+001
    endloop
  endfacet
  facet normal -5.717855e-001 -8.204031e-001  0.000000e+000
    outer loop
      vertex -3.320352e+001 -3.054509e+001  3.725000e+001
      vertex -3.304244e+001 -3.065735e+001  4.225000e+001
      vertex -3.320352e+001 -3.054509e+001  4.225000e+001
    endloop
  endfacet
  facet normal -6.035597e-001 -7.973178e-001  -0.000000e+000
    outer loop
      vertex -3.320352e+001 -3.054509e+001  3.725000e+001
      vertex -3.320352e+001 -3.054509e+001  4.225000e+001
      vertex -3.336006e+001 -3.042658e+001  3.725000e+001
    endloop
  endfacet
  facet normal -6.035597e-001 -7.973178e-001  0.000000e+000
    outer loop
      vertex -3.336006e+001 -3.042658e+001  3.725000e+001
      vertex -3.320352e+001 -3.054509e+001  4.225000e+001
      vertex -3.336006e+001 -3.042658e+001  4.225000e+001
    endloop
  endfacet
  facet normal -6.343871e-001 -7.730154e-001  -0.000000e+000
    outer loop
      vertex -3.336006e+001 -3.042658e+001  3.725000e+001
      vertex -3.336006e+001 -3.042658e+001  4.225000e+001
      vertex -3.351183e+001 -3.030203e+001  3.725000e+001
    endloop
  endfacet
  facet normal -6.343871e-001 -7.730154e-001  0.000000e+000
    outer loop
      vertex -3.351183e+001 -3.030203e+001  3.725000e+001
      vertex -3.336006e+001 -3.042658e+001  4.225000e+001
      vertex -3.351183e+001 -3.030203e+001  4.225000e+001
    endloop
  endfacet
  facet normal -6.642584e-001 -7.475032e-001  -0.000000e+000
    outer loop
      vertex -3.351183e+001 -3.030203e+001  3.725000e+001
      vertex -3.351183e+001 -3.030203e+001  4.225000e+001
      vertex -3.365860e+001 -3.017161e+001  3.725000e+001
    endloop
  endfacet
  facet normal -6.642584e-001 -7.475032e-001  0.000000e+000
    outer loop
      vertex -3.365860e+001 -3.017161e+001  3.725000e+001
      vertex -3.351183e+001 -3.030203e+001  4.225000e+001
      vertex -3.365860e+001 -3.017161e+001  4.225000e+001
    endloop
  endfacet
  facet normal -6.930882e-001 -7.208529e-001  -0.000000e+000
    outer loop
      vertex -3.365860e+001 -3.017161e+001  3.725000e+001
      vertex -3.365860e+001 -3.017161e+001  4.225000e+001
      vertex -3.380013e+001 -3.003553e+001  3.725000e+001
    endloop
  endfacet
  facet normal -6.930882e-001 -7.208529e-001  0.000000e+000
    outer loop
      vertex -3.380013e+001 -3.003553e+001  3.725000e+001
      vertex -3.365860e+001 -3.017161e+001  4.225000e+001
      vertex -3.380013e+001 -3.003553e+001  4.225000e+001
    endloop
  endfacet
  facet normal -7.208575e-001 -6.930832e-001  -0.000000e+000
    outer loop
      vertex -3.380013e+001 -3.003553e+001  3.725000e+001
      vertex -3.380013e+001 -3.003553e+001  4.225000e+001
      vertex -3.393620e+001 -2.989400e+001  3.725000e+001
    endloop
  endfacet
  facet normal -7.208575e-001 -6.930832e-001  0.000000e+000
    outer loop
      vertex -3.393620e+001 -2.989400e+001  3.725000e+001
      vertex -3.380013e+001 -3.003553e+001  4.225000e+001
      vertex -3.393620e+001 -2.989400e+001  4.225000e+001
    endloop
  endfacet
  facet normal -7.475080e-001 -6.642529e-001  -0.000000e+000
    outer loop
      vertex -3.393620e+001 -2.989400e+001  3.725000e+001
      vertex -3.393620e+001 -2.989400e+001  4.225000e+001
      vertex -3.406662e+001 -2.974724e+001  3.725000e+001
    endloop
  endfacet
  facet normal -7.475080e-001 -6.642529e-001  0.000000e+000
    outer loop
      vertex -3.406662e+001 -2.974724e+001  3.725000e+001
      vertex -3.393620e+001 -2.989400e+001  4.225000e+001
      vertex -3.406662e+001 -2.974724e+001  4.225000e+001
    endloop
  endfacet
  facet normal -7.730020e-001 -6.344035e-001  -0.000000e+000
    outer loop
      vertex -3.406662e+001 -2.974724e+001  3.725000e+001
      vertex -3.406662e+001 -2.974724e+001  4.225000e+001
      vertex -3.419118e+001 -2.959547e+001  3.725000e+001
    endloop
  endfacet
  facet normal -7.730020e-001 -6.344035e-001  0.000000e+000
    outer loop
      vertex -3.419118e+001 -2.959547e+001  3.725000e+001
      vertex -3.406662e+001 -2.974724e+001  4.225000e+001
      vertex -3.419118e+001 -2.959547e+001  4.225000e+001
    endloop
  endfacet
  facet normal -7.973225e-001 -6.035535e-001  -0.000000e+000
    outer loop
      vertex -3.419118e+001 -2.959547e+001  3.725000e+001
      vertex -3.419118e+001 -2.959547e+001  4.225000e+001
      vertex -3.430968e+001 -2.943893e+001  3.725000e+001
    endloop
  endfacet
  facet normal -7.973225e-001 -6.035535e-001  0.000000e+000
    outer loop
      vertex -3.430968e+001 -2.943893e+001  3.725000e+001
      vertex -3.419118e+001 -2.959547e+001  4.225000e+001
      vertex -3.430968e+001 -2.943893e+001  4.225000e+001
    endloop
  endfacet
  facet normal -8.204031e-001 -5.717855e-001  -0.000000e+000
    outer loop
      vertex -3.430968e+001 -2.943893e+001  3.725000e+001
      vertex -3.430968e+001 -2.943893e+001  4.225000e+001
      vertex -3.442194e+001 -2.927785e+001  3.725000e+001
    endloop
  endfacet
  facet normal -8.204031e-001 -5.717855e-001  0.000000e+000
    outer loop
      vertex -3.442194e+001 -2.927785e+001  3.725000e+001
      vertex -3.430968e+001 -2.943893e+001  4.225000e+001
      vertex -3.442194e+001 -2.927785e+001  4.225000e+001
    endloop
  endfacet
  facet normal -8.422131e-001 -5.391446e-001  -0.000000e+000
    outer loop
      vertex -3.442194e+001 -2.927785e+001  3.725000e+001
      vertex -3.442194e+001 -2.927785e+001  4.225000e+001
      vertex -3.452779e+001 -2.911249e+001  3.725000e+001
    endloop
  endfacet
  facet normal -8.422131e-001 -5.391446e-001  0.000000e+000
    outer loop
      vertex -3.452779e+001 -2.911249e+001  3.725000e+001
      vertex -3.442194e+001 -2.927785e+001  4.225000e+001
      vertex -3.452779e+001 -2.911249e+001  4.225000e+001
    endloop
  endfacet
  facet normal -8.627398e-001 -5.056482e-001  -0.000000e+000
    outer loop
      vertex -3.452779e+001 -2.911249e+001  3.725000e+001
      vertex -3.452779e+001 -2.911249e+001  4.225000e+001
      vertex -3.462707e+001 -2.894311e+001  3.725000e+001
    endloop
  endfacet
  facet normal -8.627398e-001 -5.056482e-001  0.000000e+000
    outer loop
      vertex -3.462707e+001 -2.894311e+001  3.725000e+001
      vertex -3.452779e+001 -2.911249e+001  4.225000e+001
      vertex -3.462707e+001 -2.894311e+001  4.225000e+001
    endloop
  endfacet
  facet normal -8.819212e-001 -4.713968e-001  -0.000000e+000
    outer loop
      vertex -3.462707e+001 -2.894311e+001  3.725000e+001
      vertex -3.462707e+001 -2.894311e+001  4.225000e+001
      vertex -3.471962e+001 -2.876995e+001  3.725000e+001
    endloop
  endfacet
  facet normal -8.819212e-001 -4.713968e-001  0.000000e+000
    outer loop
      vertex -3.471962e+001 -2.876995e+001  3.725000e+001
      vertex -3.462707e+001 -2.894311e+001  4.225000e+001
      vertex -3.471962e+001 -2.876995e+001  4.225000e+001
    endloop
  endfacet
  facet normal -8.997519e-001 -4.364017e-001  -0.000000e+000
    outer loop
      vertex -3.471962e+001 -2.876995e+001  3.725000e+001
      vertex -3.471962e+001 -2.876995e+001  4.225000e+001
      vertex -3.480531e+001 -2.859330e+001  3.725000e+001
    endloop
  endfacet
  facet normal -8.997519e-001 -4.364017e-001  0.000000e+000
    outer loop
      vertex -3.480531e+001 -2.859330e+001  3.725000e+001
      vertex -3.471962e+001 -2.876995e+001  4.225000e+001
      vertex -3.480531e+001 -2.859330e+001  4.225000e+001
    endloop
  endfacet
  facet normal -9.161865e-001 -4.007520e-001  -0.000000e+000
    outer loop
      vertex -3.480531e+001 -2.859330e+001  3.725000e+001
      vertex -3.480531e+001 -2.859330e+001  4.225000e+001
      vertex -3.488399e+001 -2.841342e+001  3.725000e+001
    endloop
  endfacet
  facet normal -9.161865e-001 -4.007520e-001  0.000000e+000
    outer loop
      vertex -3.488399e+001 -2.841342e+001  3.725000e+001
      vertex -3.480531e+001 -2.859330e+001  4.225000e+001
      vertex -3.488399e+001 -2.841342e+001  4.225000e+001
    endloop
  endfacet
  facet normal -9.312140e-001 -3.644730e-001  -0.000000e+000
    outer loop
      vertex -3.488399e+001 -2.841342e+001  3.725000e+001
      vertex -3.488399e+001 -2.841342e+001  4.225000e+001
      vertex -3.495555e+001 -2.823059e+001  3.725000e+001
    endloop
  endfacet
  facet normal -9.312140e-001 -3.644730e-001  0.000000e+000
    outer loop
      vertex -3.495555e+001 -2.823059e+001  3.725000e+001
      vertex -3.488399e+001 -2.841342e+001  4.225000e+001
      vertex -3.495555e+001 -2.823059e+001  4.225000e+001
    endloop
  endfacet
  facet normal -9.448033e-001 -3.276380e-001  -0.000000e+000
    outer loop
      vertex -3.495555e+001 -2.823059e+001  3.725000e+001
      vertex -3.495555e+001 -2.823059e+001  4.225000e+001
      vertex -3.501987e+001 -2.804509e+001  3.725000e+001
    endloop
  endfacet
  facet normal -9.448033e-001 -3.276380e-001  0.000000e+000
    outer loop
      vertex -3.501987e+001 -2.804509e+001  3.725000e+001
      vertex -3.495555e+001 -2.823059e+001  4.225000e+001
      vertex -3.501987e+001 -2.804509e+001  4.225000e+001
    endloop
  endfacet
  facet normal -9.569435e-001 -2.902743e-001  -0.000000e+000
    outer loop
      vertex -3.501987e+001 -2.804509e+001  3.725000e+001
      vertex -3.501987e+001 -2.804509e+001  4.225000e+001
      vertex -3.507687e+001 -2.785720e+001  3.725000e+001
    endloop
  endfacet
  facet normal -9.569435e-001 -2.902743e-001  0.000000e+000
    outer loop
      vertex -3.507687e+001 -2.785720e+001  3.725000e+001
      vertex -3.501987e+001 -2.804509e+001  4.225000e+001
      vertex -3.507687e+001 -2.785720e+001  4.225000e+001
    endloop
  endfacet
  facet normal -9.675962e-001 -2.525026e-001  -0.000000e+000
    outer loop
      vertex -3.507687e+001 -2.785720e+001  3.725000e+001
      vertex -3.507687e+001 -2.785720e+001  4.225000e+001
      vertex -3.512644e+001 -2.766723e+001  3.725000e+001
    endloop
  endfacet
  facet normal -9.675962e-001 -2.525026e-001  0.000000e+000
    outer loop
      vertex -3.512644e+001 -2.766723e+001  3.725000e+001
      vertex -3.507687e+001 -2.785720e+001  4.225000e+001
      vertex -3.512644e+001 -2.766723e+001  4.225000e+001
    endloop
  endfacet
  facet normal -9.767664e-001 -2.143067e-001  -0.000000e+000
    outer loop
      vertex -3.512644e+001 -2.766723e+001  3.725000e+001
      vertex -3.512644e+001 -2.766723e+001  4.225000e+001
      vertex -3.516852e+001 -2.747545e+001  3.725000e+001
    endloop
  endfacet
  facet normal -9.767664e-001 -2.143067e-001  0.000000e+000
    outer loop
      vertex -3.516852e+001 -2.747545e+001  3.725000e+001
      vertex -3.512644e+001 -2.766723e+001  4.225000e+001
      vertex -3.516852e+001 -2.747545e+001  4.225000e+001
    endloop
  endfacet
  facet normal -9.844265e-001 -1.757967e-001  -0.000000e+000
    outer loop
      vertex -3.516852e+001 -2.747545e+001  3.725000e+001
      vertex -3.516852e+001 -2.747545e+001  4.225000e+001
      vertex -3.520303e+001 -2.728217e+001  3.725000e+001
    endloop
  endfacet
  facet normal -9.844265e-001 -1.757967e-001  0.000000e+000
    outer loop
      vertex -3.520303e+001 -2.728217e+001  3.725000e+001
      vertex -3.516852e+001 -2.747545e+001  4.225000e+001
      vertex -3.520303e+001 -2.728217e+001  4.225000e+001
    endloop
  endfacet
  facet normal -9.905690e-001 -1.370148e-001  -0.000000e+000
    outer loop
      vertex -3.520303e+001 -2.728217e+001  3.725000e+001
      vertex -3.520303e+001 -2.728217e+001  4.225000e+001
      vertex -3.522993e+001 -2.708769e+001  3.725000e+001
    endloop
  endfacet
  facet normal -9.905690e-001 -1.370148e-001  0.000000e+000
    outer loop
      vertex -3.522993e+001 -2.708769e+001  3.725000e+001
      vertex -3.520303e+001 -2.728217e+001  4.225000e+001
      vertex -3.522993e+001 -2.708769e+001  4.225000e+001
    endloop
  endfacet
  facet normal -9.951862e-001 -9.800215e-002  -0.000000e+000
    outer loop
      vertex -3.522993e+001 -2.708769e+001  3.725000e+001
      vertex -3.522993e+001 -2.708769e+001  4.225000e+001
      vertex -3.524918e+001 -2.689230e+001  3.725000e+001
    endloop
  endfacet
  facet normal -9.951862e-001 -9.800215e-002  0.000000e+000
    outer loop
      vertex -3.524918e+001 -2.689230e+001  3.725000e+001
      vertex -3.522993e+001 -2.708769e+001  4.225000e+001
      vertex -3.524918e+001 -2.689230e+001  4.225000e+001
    endloop
  endfacet
  facet normal -9.982657e-001 -5.887066e-002  -0.000000e+000
    outer loop
      vertex -3.524918e+001 -2.689230e+001  3.725000e+001
      vertex -3.524918e+001 -2.689230e+001  4.225000e+001
      vertex -3.526073e+001 -2.669630e+001  3.725000e+001
    endloop
  endfacet
  facet normal -9.982657e-001 -5.887066e-002  0.000000e+000
    outer loop
      vertex -3.526073e+001 -2.669630e+001  3.725000e+001
      vertex -3.524918e+001 -2.689230e+001  4.225000e+001
      vertex -3.526073e+001 -2.669630e+001  4.225000e+001
    endloop
  endfacet
  facet normal -9.998070e-001 -1.964311e-002  -0.000000e+000
    outer loop
      vertex -3.526073e+001 -2.669630e+001  3.725000e+001
      vertex -3.526073e+001 -2.669630e+001  4.225000e+001
      vertex -3.526459e+001 -2.650000e+001  3.725000e+001
    endloop
  endfacet
  facet normal -9.998070e-001 -1.964311e-002  0.000000e+000
    outer loop
      vertex -3.526459e+001 -2.650000e+001  3.725000e+001
      vertex -3.526073e+001 -2.669630e+001  4.225000e+001
      vertex -3.526459e+001 -2.650000e+001  4.225000e+001
    endloop
  endfacet
  facet normal  0.000000e+000  1.000000e+000  0.000000e+000
    outer loop
      vertex -2.987943e+001 -1.550000e+001  4.225000e+001
      vertex -2.664976e+001 -1.550000e+001  4.225000e+001
      vertex -2.987943e+001 -1.550000e+001  3.925000e+001
    endloop
  endfacet
  facet normal  0.000000e+000  1.000000e+000  0.000000e+000
    outer loop
      vertex -2.987943e+001 -1.550000e+001  3.925000e+001
      vertex -2.664976e+001 -1.550000e+001  4.225000e+001
      vertex -2.664976e+001 -1.550000e+001  3.925000e+001
    endloop
  endfacet
  facet normal  1.844105e-002  9.998299e-001  0.000000e+000
    outer loop
      vertex -2.664976e+001 -1.550000e+001  3.925000e+001
      vertex -2.664976e+001 -1.550000e+001  4.225000e+001
      vertex -2.646537e+001 -1.550340e+001  3.924864e+001
    endloop
  endfacet
  facet normal  1.983607e-002  9.998032e-001  8.573047e-005
    outer loop
      vertex -2.646537e+001 -1.550340e+001  3.924864e+001
      vertex -2.664976e+001 -1.550000e+001  4.225000e+001
      vertex -2.645143e+001 -1.550393e+001  4.225000e+001
    endloop
  endfacet
  facet normal  5.529810e-002  9.984699e-001 -7.928944e-005
    outer loop
      vertex -2.646537e+001 -1.550340e+001  3.924864e+001
      vertex -2.645143e+001 -1.550393e+001  4.225000e+001
      vertex -2.628128e+001 -1.551360e+001  3.924456e+001
    endloop
  endfacet
  facet normal  5.947955e-002  9.982295e-001  1.582024e-004
    outer loop
      vertex -2.628128e+001 -1.551360e+001  3.924456e+001
      vertex -2.645143e+001 -1.550393e+001  4.225000e+001
      vertex -2.625341e+001 -1.551573e+001  4.225000e+001
    endloop
  endfacet
  facet normal  9.205604e-002  9.957539e-001 -1.456892e-004
    outer loop
      vertex -2.628128e+001 -1.551360e+001  3.924456e+001
      vertex -2.625341e+001 -1.551573e+001  4.225000e+001
      vertex -2.609778e+001 -1.553056e+001  3.923777e+001
    endloop
  endfacet
  facet normal  9.902675e-002  9.950847e-001  2.177587e-004
    outer loop
      vertex -2.609778e+001 -1.553056e+001  3.923777e+001
      vertex -2.625341e+001 -1.551573e+001  4.225000e+001
      vertex -2.605602e+001 -1.553538e+001  4.225000e+001
    endloop
  endfacet
  facet normal  1.286784e-001  9.916863e-001 -1.987626e-004
    outer loop
      vertex -2.609778e+001 -1.553056e+001  3.923777e+001
      vertex -2.605602e+001 -1.553538e+001  4.225000e+001
      vertex -2.591514e+001 -1.555426e+001  3.922829e+001
    endloop
  endfacet
  facet normal  1.384249e-001  9.903730e-001  2.638268e-004
    outer loop
      vertex -2.591514e+001 -1.555426e+001  3.922829e+001
      vertex -2.605602e+001 -1.553538e+001  4.225000e+001
      vertex -2.585956e+001 -1.556284e+001  4.225000e+001
    endloop
  endfacet
  facet normal  1.650860e-001  9.862791e-001 -2.382526e-004
    outer loop
      vertex -2.591514e+001 -1.555426e+001  3.922829e+001
      vertex -2.585956e+001 -1.556284e+001  4.225000e+001
      vertex -2.573367e+001 -1.558464e+001  3.921614e+001
    endloop
  endfacet
  facet normal  1.775970e-001  9.841032e-001  2.965326e-004
    outer loop
      vertex -2.573367e+001 -1.558464e+001  3.921614e+001
      vertex -2.585956e+001 -1.556284e+001  4.225000e+001
      vertex -2.566434e+001 -1.559807e+001  4.225000e+001
    endloop
  endfacet
  facet normal  2.012392e-001  9.795421e-001 -2.638802e-004
    outer loop
      vertex -2.573367e+001 -1.558464e+001  3.921614e+001
      vertex -2.566434e+001 -1.559807e+001  4.225000e+001
      vertex -2.555362e+001 -1.562163e+001  3.920135e+001
    endloop
  endfacet
  facet normal  2.164901e-001  9.762847e-001  3.151882e-004
    outer loop
      vertex -2.555362e+001 -1.562163e+001  3.920135e+001
      vertex -2.566434e+001 -1.559807e+001  4.225000e+001
      vertex -2.547068e+001 -1.564101e+001  4.225000e+001
    endloop
  endfacet
  facet normal  2.370793e-001  9.714902e-001 -2.754439e-004
    outer loop
      vertex -2.555362e+001 -1.562163e+001  3.920135e+001
      vertex -2.547068e+001 -1.564101e+001  4.225000e+001
      vertex -2.537527e+001 -1.566516e+001  3.918394e+001
    endloop
  endfacet
  facet normal  2.550468e-001  9.669287e-001  3.195506e-004
    outer loop
      vertex -2.537527e+001 -1.566516e+001  3.918394e+001
      vertex -2.547068e+001 -1.564101e+001  4.225000e+001
      vertex -2.527887e+001 -1.569160e+001  4.225000e+001
    endloop
  endfacet
  facet normal  2.725509e-001  9.621413e-001 -2.721237e-004
    outer loop
      vertex -2.537527e+001 -1.566516e+001  3.918394e+001
      vertex -2.527887e+001 -1.569160e+001  4.225000e+001
      vertex -2.519890e+001 -1.571513e+001  3.916395e+001
    endloop
  endfacet
  facet normal  3.077142e-001  9.514785e-001  7.203556e-004
    outer loop
      vertex -2.519890e+001 -1.571513e+001  3.916395e+001
      vertex -2.527887e+001 -1.569160e+001  4.225000e+001
      vertex -2.502475e+001 -1.577144e+001  3.914143e+001
    endloop
  endfacet
  facet normal  2.932015e-001  9.560504e-001 -5.834440e-004
    outer loop
      vertex -2.502475e+001 -1.577144e+001  3.914143e+001
      vertex -2.527887e+001 -1.569160e+001  4.225000e+001
      vertex -2.508922e+001 -1.574977e+001  4.225000e+001
    endloop
  endfacet
  facet normal  3.422914e-001  9.395937e-001  5.494029e-004
    outer loop
      vertex -2.502475e+001 -1.577144e+001  3.914143e+001
      vertex -2.508922e+001 -1.574977e+001  4.225000e+001
      vertex -2.485307e+001 -1.583396e+001  3.911641e+001
    endloop
  endfacet
  facet normal  3.308909e-001  9.436690e-001 -4.192475e-004
    outer loop
      vertex -2.485307e+001 -1.583396e+001  3.911641e+001
      vertex -2.508922e+001 -1.574977e+001  4.225000e+001
      vertex -2.490202e+001 -1.581540e+001  4.225000e+001
    endloop
  endfacet
  facet normal  3.763479e-001  9.264784e-001  3.927039e-004
    outer loop
      vertex -2.485307e+001 -1.583396e+001  3.911641e+001
      vertex -2.490202e+001 -1.581540e+001  4.225000e+001
      vertex -2.468411e+001 -1.590258e+001  3.908897e+001
    endloop
  endfacet
  facet normal  3.680652e-001  9.297999e-001 -2.698862e-004
    outer loop
      vertex -2.468411e+001 -1.590258e+001  3.908897e+001
      vertex -2.490202e+001 -1.581540e+001  4.225000e+001
      vertex -2.471758e+001 -1.588842e+001  4.225000e+001
    endloop
  endfacet
  facet normal  4.098339e-001  9.121601e-001  2.514321e-004
    outer loop
      vertex -2.468411e+001 -1.590258e+001  3.908897e+001
      vertex -2.471758e+001 -1.588842e+001  4.225000e+001
      vertex -2.451810e+001 -1.597716e+001  3.905914e+001
    endloop
  endfacet
  facet normal  4.046543e-001  9.144697e-001 -1.366088e-004
    outer loop
      vertex -2.451810e+001 -1.597716e+001  3.905914e+001
      vertex -2.471758e+001 -1.588842e+001  4.225000e+001
      vertex -2.453618e+001 -1.596869e+001  4.225000e+001
    endloop
  endfacet
  facet normal  4.427074e-001  8.966661e-001  1.262464e-004
    outer loop
      vertex -2.451810e+001 -1.597716e+001  3.905914e+001
      vertex -2.453618e+001 -1.596869e+001  4.225000e+001
      vertex -2.435527e+001 -1.605755e+001  3.902698e+001
    endloop
  endfacet
  facet normal  4.406093e-001  8.976990e-001 -1.999636e-005
    outer loop
      vertex -2.435527e+001 -1.605755e+001  3.902698e+001
      vertex -2.453618e+001 -1.596869e+001  4.225000e+001
      vertex -2.435810e+001 -1.605609e+001  4.225000e+001
    endloop
  endfacet
  facet normal  4.741614e-001  8.804379e-001  1.734409e-005
    outer loop
      vertex -2.435527e+001 -1.605755e+001  3.902698e+001
      vertex -2.435810e+001 -1.605609e+001  4.225000e+001
      vertex -2.420334e+001 -1.613938e+001  3.899425e+001
    endloop
  endfacet
  facet normal  4.758758e-001  8.795125e-001  1.225124e-004
    outer loop
      vertex -2.420334e+001 -1.613938e+001  3.899425e+001
      vertex -2.435810e+001 -1.605609e+001  4.225000e+001
      vertex -2.418364e+001 -1.615049e+001  4.225000e+001
    endloop
  endfacet
  facet normal  5.042071e-001  8.635828e-001 -1.033196e-004
    outer loop
      vertex -2.420334e+001 -1.613938e+001  3.899425e+001
      vertex -2.418364e+001 -1.615049e+001  4.225000e+001
      vertex -2.405465e+001 -1.622619e+001  3.895952e+001
    endloop
  endfacet
  facet normal  5.103807e-001  8.599485e-001  2.222951e-004
    outer loop
      vertex -2.405465e+001 -1.622619e+001  3.895952e+001
      vertex -2.418364e+001 -1.615049e+001  4.225000e+001
      vertex -2.401305e+001 -1.625173e+001  4.225000e+001
    endloop
  endfacet
  facet normal  5.335984e-001  8.457380e-001 -1.815822e-004
    outer loop
      vertex -2.405465e+001 -1.622619e+001  3.895952e+001
      vertex -2.401305e+001 -1.625173e+001  4.225000e+001
      vertex -2.390938e+001 -1.631785e+001  3.892286e+001
    endloop
  endfacet
  facet normal  5.440890e-001  8.390275e-001  2.786413e-004
    outer loop
      vertex -2.390938e+001 -1.631785e+001  3.892286e+001
      vertex -2.401305e+001 -1.625173e+001  4.225000e+001
      vertex -2.384661e+001 -1.635966e+001  4.225000e+001
    endloop
  endfacet
  facet normal  5.622907e-001  8.269396e-001 -2.166438e-004
    outer loop
      vertex -2.390938e+001 -1.631785e+001  3.892286e+001
      vertex -2.384661e+001 -1.635966e+001  4.225000e+001
      vertex -2.376768e+001 -1.641422e+001  3.888431e+001
    endloop
  endfacet
  facet normal  5.769444e-001  8.167834e-001  2.916413e-004
    outer loop
      vertex -2.376768e+001 -1.641422e+001  3.888431e+001
      vertex -2.384661e+001 -1.635966e+001  4.225000e+001
      vertex -2.368459e+001 -1.647411e+001  4.225000e+001
    endloop
  endfacet
  facet normal  5.902623e-001  8.072115e-001 -2.074897e-004
    outer loop
      vertex -2.376768e+001 -1.641422e+001  3.888431e+001
      vertex -2.368459e+001 -1.647411e+001  4.225000e+001
      vertex -2.362969e+001 -1.651513e+001  3.884395e+001
    endloop
  endfacet
  facet normal  6.176110e-001  7.864836e-001  4.828777e-004
    outer loop
      vertex -2.362969e+001 -1.651513e+001  3.884395e+001
      vertex -2.368459e+001 -1.647411e+001  4.225000e+001
      vertex -2.349557e+001 -1.662043e+001  3.880183e+001
    endloop
  endfacet
  facet normal  6.088917e-001  7.932534e-001 -2.823615e-004
    outer loop
      vertex -2.349557e+001 -1.662043e+001  3.880183e+001
      vertex -2.368459e+001 -1.647411e+001  4.225000e+001
      vertex -2.352723e+001 -1.659490e+001  4.225000e+001
    endloop
  endfacet
  facet normal  6.440021e-001  7.650236e-001  2.491109e-004
    outer loop
      vertex -2.349557e+001 -1.662043e+001  3.880183e+001
      vertex -2.352723e+001 -1.659490e+001  4.225000e+001
      vertex -2.336543e+001 -1.672997e+001  3.875801e+001
    endloop
  endfacet
  facet normal  6.398703e-001  7.684829e-001 -7.614199e-005
    outer loop
      vertex -2.336543e+001 -1.672997e+001  3.875801e+001
      vertex -2.352723e+001 -1.659490e+001  4.225000e+001
      vertex -2.337479e+001 -1.672183e+001  4.225000e+001
    endloop
  endfacet
  facet normal  6.667694e-001  7.452642e-001  5.009627e-005
    outer loop
      vertex -2.336543e+001 -1.672997e+001  3.875801e+001
      vertex -2.337479e+001 -1.672183e+001  4.225000e+001
      vertex -2.326704e+001 -1.681799e+001  3.872281e+001
    endloop
  endfacet
  facet normal  6.698572e-001  7.424899e-001  2.200526e-004
    outer loop
      vertex -2.326704e+001 -1.681799e+001  3.872281e+001
      vertex -2.337479e+001 -1.672183e+001  4.225000e+001
      vertex -2.322750e+001 -1.685471e+001  4.225000e+001
    endloop
  endfacet
  facet normal  6.861596e-001  7.274510e-001 -1.192766e-004
    outer loop
      vertex -2.326704e+001 -1.681799e+001  3.872281e+001
      vertex -2.322750e+001 -1.685471e+001  4.225000e+001
      vertex -2.317121e+001 -1.690839e+001  3.868665e+001
    endloop
  endfacet
  facet normal  6.987748e-001  7.153417e-001  2.624569e-004
    outer loop
      vertex -2.317121e+001 -1.690839e+001  3.868665e+001
      vertex -2.322750e+001 -1.685471e+001  4.225000e+001
      vertex -2.308560e+001 -1.699332e+001  4.225000e+001
    endloop
  endfacet
  facet normal  7.050875e-001  7.091204e-001 -3.748023e-005
    outer loop
      vertex -2.317121e+001 -1.690839e+001  3.868665e+001
      vertex -2.308560e+001 -1.699332e+001  4.225000e+001
      vertex -2.307796e+001 -1.700110e+001  3.864956e+001
    endloop
  endfacet
  facet normal  7.212187e-001  6.927073e-001  3.222020e-005
    outer loop
      vertex -2.307796e+001 -1.700110e+001  3.864956e+001
      vertex -2.308560e+001 -1.699332e+001  4.225000e+001
      vertex -2.300976e+001 -1.707211e+001  3.862115e+001
    endloop
  endfacet
  facet normal  7.266085e-001  6.870517e-001  2.676510e-004
    outer loop
      vertex -2.300976e+001 -1.707211e+001  3.862115e+001
      vertex -2.308560e+001 -1.699332e+001  4.225000e+001
      vertex -2.294931e+001 -1.713746e+001  4.225000e+001
    endloop
  endfacet
  facet normal  7.346932e-001  6.783994e-001 -2.284249e-005
    outer loop
      vertex -2.300976e+001 -1.707211e+001  3.862115e+001
      vertex -2.294931e+001 -1.713746e+001  4.225000e+001
      vertex -2.294307e+001 -1.714434e+001  3.859227e+001
    endloop
  endfacet
  facet normal  7.543675e-001  6.564522e-001  5.199584e-005
    outer loop
      vertex -2.294307e+001 -1.714434e+001  3.859227e+001
      vertex -2.294931e+001 -1.713746e+001  4.225000e+001
      vertex -2.281428e+001 -1.729233e+001  3.853307e+001
    endloop
  endfacet
  facet normal  7.532821e-001  6.576976e-001 -3.932235e-005
    outer loop
      vertex -2.281428e+001 -1.729233e+001  3.853307e+001
      vertex -2.294931e+001 -1.713746e+001  4.225000e+001
      vertex -2.281884e+001 -1.728688e+001  4.225000e+001
    endloop
  endfacet
  facet normal  7.795057e-001  6.263951e-001  3.871216e-005
    outer loop
      vertex -2.281428e+001 -1.729233e+001  3.853307e+001
      vertex -2.281884e+001 -1.728688e+001  4.225000e+001
      vertex -2.269174e+001 -1.744482e+001  3.847207e+001
    endloop
  endfacet
  facet normal  7.787820e-001  6.272947e-001 -2.324352e-005
    outer loop
      vertex -2.269174e+001 -1.744482e+001  3.847207e+001
      vertex -2.281884e+001 -1.728688e+001  4.225000e+001
      vertex -2.269441e+001 -1.744137e+001  4.225000e+001
    endloop
  endfacet
  facet normal  8.033776e-001  5.954698e-001  2.318195e-005
    outer loop
      vertex -2.269174e+001 -1.744482e+001  3.847207e+001
      vertex -2.269441e+001 -1.744137e+001  4.225000e+001
      vertex -2.257557e+001 -1.760155e+001  3.840938e+001
    endloop
  endfacet
  facet normal  8.030461e-001  5.959169e-001 -5.723968e-006
    outer loop
      vertex -2.257557e+001 -1.760155e+001  3.840938e+001
      vertex -2.269441e+001 -1.744137e+001  4.225000e+001
      vertex -2.257620e+001 -1.760067e+001  4.225000e+001
    endloop
  endfacet
  facet normal  8.224762e-001  5.687996e-001  3.626327e-006
    outer loop
      vertex -2.257557e+001 -1.760155e+001  3.840938e+001
      vertex -2.257620e+001 -1.760067e+001  4.225000e+001
      vertex -2.249992e+001 -1.771094e+001  3.836562e+001
    endloop
  endfacet
  facet normal  8.260558e-001  5.635883e-001  2.218499e-004
    outer loop
      vertex -2.249992e+001 -1.771094e+001  3.836562e+001
      vertex -2.257620e+001 -1.760067e+001  4.225000e+001
      vertex -2.246440e+001 -1.776453e+001  4.225000e+001
    endloop
  endfacet
  facet normal  8.372808e-001  5.467730e-001 -1.128106e-004
    outer loop
      vertex -2.249992e+001 -1.771094e+001  3.836562e+001
      vertex -2.246440e+001 -1.776453e+001  4.225000e+001
      vertex -2.242733e+001 -1.782210e+001  3.832116e+001
    endloop
  endfacet
  facet normal  8.477589e-001  5.303818e-001  2.262241e-004
    outer loop
      vertex -2.242733e+001 -1.782210e+001  3.832116e+001
      vertex -2.246440e+001 -1.776453e+001  4.225000e+001
      vertex -2.235919e+001 -1.793270e+001  4.225000e+001
    endloop
  endfacet
  facet normal  8.515007e-001  5.243536e-001 -8.374228e-006
    outer loop
      vertex -2.242733e+001 -1.782210e+001  3.832116e+001
      vertex -2.235919e+001 -1.793270e+001  4.225000e+001
      vertex -2.235784e+001 -1.793496e+001  3.827602e+001
    endloop
  endfacet
  facet normal  8.634363e-001  5.044579e-001  6.978252e-006
    outer loop
      vertex -2.235784e+001 -1.793496e+001  3.827602e+001
      vertex -2.235919e+001 -1.793270e+001  4.225000e+001
      vertex -2.230777e+001 -1.802066e+001  3.824174e+001
    endloop
  endfacet
  facet normal  8.681319e-001  4.963336e-001  2.455005e-004
    outer loop
      vertex -2.230777e+001 -1.802066e+001  3.824174e+001
      vertex -2.235919e+001 -1.793270e+001  4.225000e+001
      vertex -2.226073e+001 -1.810491e+001  4.225000e+001
    endloop
  endfacet
  facet normal  8.732700e-001  4.872366e-001 -6.005594e-006
    outer loop
      vertex -2.230777e+001 -1.802066e+001  3.824174e+001
      vertex -2.226073e+001 -1.810491e+001  4.225000e+001
      vertex -2.225946e+001 -1.810723e+001  3.820711e+001
    endloop
  endfacet
  facet normal  8.873611e-001  4.610750e-001  1.344837e-005
    outer loop
      vertex -2.225946e+001 -1.810723e+001  3.820711e+001
      vertex -2.226073e+001 -1.810491e+001  4.225000e+001
      vertex -2.216821e+001 -1.828286e+001  3.813686e+001
    endloop
  endfacet
  facet normal  8.871313e-001  4.615171e-001 -1.084511e-005
    outer loop
      vertex -2.216821e+001 -1.828286e+001  3.813686e+001
      vertex -2.226073e+001 -1.810491e+001  4.225000e+001
      vertex -2.216918e+001 -1.828089e+001  4.225000e+001
    endloop
  endfacet
  facet normal  9.048910e-001  4.256433e-001  1.050611e-005
    outer loop
      vertex -2.216821e+001 -1.828286e+001  3.813686e+001
      vertex -2.216918e+001 -1.828089e+001  4.225000e+001
      vertex -2.208415e+001 -1.846155e+001  3.806538e+001
    endloop
  endfacet
  facet normal  9.047446e-001  4.259545e-001 -5.900734e-006
    outer loop
      vertex -2.208415e+001 -1.846155e+001  3.806538e+001
      vertex -2.216918e+001 -1.828089e+001  4.225000e+001
      vertex -2.208468e+001 -1.846036e+001  4.225000e+001
    endloop
  endfacet
  facet normal  9.209796e-001  3.896106e-001  6.484162e-006
    outer loop
      vertex -2.208415e+001 -1.846155e+001  3.806538e+001
      vertex -2.208468e+001 -1.846036e+001  4.225000e+001
      vertex -2.200737e+001 -1.864305e+001  3.799278e+001
    endloop
  endfacet
  facet normal  9.209255e-001  3.897388e-001  -0.000000e+000
    outer loop
      vertex -2.200737e+001 -1.864305e+001  3.799278e+001
      vertex -2.208468e+001 -1.846036e+001  4.225000e+001
      vertex -2.200737e+001 -1.864305e+001  4.225000e+001
    endloop
  endfacet
  facet normal -1.983607e-002  9.998033e-001  0.000000e+000
    outer loop
      vertex -2.987943e+001 -1.550000e+001  4.225000e+001
      vertex -2.987943e+001 -1.550000e+001  3.925000e+001
      vertex -3.007776e+001 -1.550393e+001  4.225000e+001
    endloop
  endfacet
  facet normal -1.844174e-002  9.998300e-001  9.221432e-005
    outer loop
      vertex -3.007776e+001 -1.550393e+001  4.225000e+001
      vertex -2.987943e+001 -1.550000e+001  3.925000e+001
      vertex -3.006381e+001 -1.550340e+001  3.924864e+001
    endloop
  endfacet
  facet normal -5.947955e-002  9.982295e-001 -9.876231e-005
    outer loop
      vertex -3.007776e+001 -1.550393e+001  4.225000e+001
      vertex -3.006381e+001 -1.550340e+001  3.924864e+001
      vertex -3.027577e+001 -1.551573e+001  4.225000e+001
    endloop
  endfacet
  facet normal -5.530420e-002  9.984695e-001  1.970974e-004
    outer loop
      vertex -3.027577e+001 -1.551573e+001  4.225000e+001
      vertex -3.006381e+001 -1.550340e+001  3.924864e+001
      vertex -3.024790e+001 -1.551360e+001  3.924456e+001
    endloop
  endfacet
  facet normal -9.902675e-002  9.950848e-001 -2.108150e-004
    outer loop
      vertex -3.027577e+001 -1.551573e+001  4.225000e+001
      vertex -3.024790e+001 -1.551360e+001  3.924456e+001
      vertex -3.047317e+001 -1.553538e+001  4.225000e+001
    endloop
  endfacet
  facet normal -9.207293e-002  9.957522e-001  3.152331e-004
    outer loop
      vertex -3.047317e+001 -1.553538e+001  4.225000e+001
      vertex -3.024790e+001 -1.551360e+001  3.924456e+001
      vertex -3.043141e+001 -1.553056e+001  3.923777e+001
    endloop
  endfacet
  facet normal -1.384249e-001  9.903728e-001 -3.359878e-004
    outer loop
      vertex -3.047317e+001 -1.553538e+001  4.225000e+001
      vertex -3.043141e+001 -1.553056e+001  3.923777e+001
      vertex -3.066963e+001 -1.556284e+001  4.225000e+001
    endloop
  endfacet
  facet normal -1.287113e-001  9.916820e-001  4.462349e-004
    outer loop
      vertex -3.066963e+001 -1.556284e+001  4.225000e+001
      vertex -3.043141e+001 -1.553056e+001  3.923777e+001
      vertex -3.061404e+001 -1.555426e+001  3.922829e+001
    endloop
  endfacet
  facet normal -1.775970e-001  9.841032e-001 -4.745808e-004
    outer loop
      vertex -3.066963e+001 -1.556284e+001  4.225000e+001
      vertex -3.061404e+001 -1.555426e+001  3.922829e+001
      vertex -3.086484e+001 -1.559807e+001  4.225000e+001
    endloop
  endfacet
  facet normal -1.651400e-001  9.862700e-001  5.907667e-004
    outer loop
      vertex -3.086484e+001 -1.559807e+001  4.225000e+001
      vertex -3.061404e+001 -1.555426e+001  3.922829e+001
      vertex -3.079552e+001 -1.558464e+001  3.921614e+001
    endloop
  endfacet
  facet normal -2.164901e-001  9.762847e-001 -6.267825e-004
    outer loop
      vertex -3.086484e+001 -1.559807e+001  4.225000e+001
      vertex -3.079552e+001 -1.558464e+001  3.921614e+001
      vertex -3.105851e+001 -1.564101e+001  4.225000e+001
    endloop
  endfacet
  facet normal -2.013189e-001  9.795254e-001  7.485387e-004
    outer loop
      vertex -3.105851e+001 -1.564101e+001  4.225000e+001
      vertex -3.079552e+001 -1.558464e+001  3.921614e+001
      vertex -3.097556e+001 -1.562163e+001  3.920135e+001
    endloop
  endfacet
  facet normal -2.550467e-001  9.669284e-001 -7.932661e-004
    outer loop
      vertex -3.105851e+001 -1.564101e+001  4.225000e+001
      vertex -3.097556e+001 -1.562163e+001  3.920135e+001
      vertex -3.125031e+001 -1.569160e+001  4.225000e+001
    endloop
  endfacet
  facet normal -2.371894e-001  9.714630e-001  9.201491e-004
    outer loop
      vertex -3.125031e+001 -1.569160e+001  4.225000e+001
      vertex -3.097556e+001 -1.562163e+001  3.920135e+001
      vertex -3.115391e+001 -1.566516e+001  3.918394e+001
    endloop
  endfacet
  facet normal -2.725509e-001  9.621413e-001 -2.721237e-004
    outer loop
      vertex -3.125031e+001 -1.569160e+001  4.225000e+001
      vertex -3.115391e+001 -1.566516e+001  3.918394e+001
      vertex -3.133028e+001 -1.571513e+001  3.916395e+001
    endloop
  endfacet
  facet normal -2.932016e-001  9.560506e-001  3.094338e-004
    outer loop
      vertex -3.125031e+001 -1.569160e+001  4.225000e+001
      vertex -3.133028e+001 -1.571513e+001  3.916395e+001
      vertex -3.143996e+001 -1.574977e+001  4.225000e+001
    endloop
  endfacet
  facet normal -3.076003e-001  9.515156e-001 -2.532012e-004
    outer loop
      vertex -3.143996e+001 -1.574977e+001  4.225000e+001
      vertex -3.133028e+001 -1.571513e+001  3.916395e+001
      vertex -3.150444e+001 -1.577144e+001  3.914143e+001
    endloop
  endfacet
  facet normal -3.308908e-001  9.436689e-001  2.845459e-004
    outer loop
      vertex -3.143996e+001 -1.574977e+001  4.225000e+001
      vertex -3.150444e+001 -1.577144e+001  3.914143e+001
      vertex -3.162716e+001 -1.581540e+001  4.225000e+001
    endloop
  endfacet
  facet normal -3.421926e-001  9.396298e-001 -2.187664e-004
    outer loop
      vertex -3.162716e+001 -1.581540e+001  4.225000e+001
      vertex -3.150444e+001 -1.577144e+001  3.914143e+001
      vertex -3.167611e+001 -1.583396e+001  3.911641e+001
    endloop
  endfacet
  facet normal -3.680652e-001  9.298000e-001  2.436384e-004
    outer loop
      vertex -3.162716e+001 -1.581540e+001  4.225000e+001
      vertex -3.167611e+001 -1.583396e+001  3.911641e+001
      vertex -3.181160e+001 -1.588842e+001  4.225000e+001
    endloop
  endfacet
  facet normal -3.762697e-001  9.265102e-001 -1.682707e-004
    outer loop
      vertex -3.181160e+001 -1.588842e+001  4.225000e+001
      vertex -3.167611e+001 -1.583396e+001  3.911641e+001
      vertex -3.184507e+001 -1.590258e+001  3.908897e+001
    endloop
  endfacet
  facet normal -4.046543e-001  9.144697e-001  1.862376e-004
    outer loop
      vertex -3.181160e+001 -1.588842e+001  4.225000e+001
      vertex -3.184507e+001 -1.590258e+001  3.908897e+001
      vertex -3.199300e+001 -1.596869e+001  4.225000e+001
    endloop
  endfacet
  facet normal -4.097851e-001  9.121821e-001 -1.017125e-004
    outer loop
      vertex -3.199300e+001 -1.596869e+001  4.225000e+001
      vertex -3.184507e+001 -1.590258e+001  3.908897e+001
      vertex -3.201108e+001 -1.597716e+001  3.905914e+001
    endloop
  endfacet
  facet normal -4.406131e-001  8.976971e-001  1.113809e-004
    outer loop
      vertex -3.199300e+001 -1.596869e+001  4.225000e+001
      vertex -3.201108e+001 -1.597716e+001  3.905914e+001
      vertex -3.217108e+001 -1.605609e+001  4.225000e+001
    endloop
  endfacet
  facet normal -4.426845e-001  8.966774e-001 -1.770775e-005
    outer loop
      vertex -3.217108e+001 -1.605609e+001  4.225000e+001
      vertex -3.201108e+001 -1.597716e+001  3.905914e+001
      vertex -3.217391e+001 -1.605755e+001  3.902698e+001
    endloop
  endfacet
  facet normal -4.758717e-001  8.795146e-001  1.926726e-005
    outer loop
      vertex -3.217108e+001 -1.605609e+001  4.225000e+001
      vertex -3.217391e+001 -1.605755e+001  3.902698e+001
      vertex -3.234555e+001 -1.615049e+001  4.225000e+001
    endloop
  endfacet
  facet normal -4.741766e-001  8.804297e-001  1.359268e-004
    outer loop
      vertex -3.234555e+001 -1.615049e+001  4.225000e+001
      vertex -3.217391e+001 -1.605755e+001  3.902698e+001
      vertex -3.232584e+001 -1.613938e+001  3.899425e+001
    endloop
  endfacet
  facet normal -5.103850e-001  8.599460e-001 -1.531221e-004
    outer loop
      vertex -3.234555e+001 -1.615049e+001  4.225000e+001
      vertex -3.232584e+001 -1.613938e+001  3.899425e+001
      vertex -3.251613e+001 -1.625173e+001  4.225000e+001
    endloop
  endfacet
  facet normal -5.042821e-001  8.635390e-001  3.275720e-004
    outer loop
      vertex -3.251613e+001 -1.625173e+001  4.225000e+001
      vertex -3.232584e+001 -1.613938e+001  3.899425e+001
      vertex -3.247453e+001 -1.622619e+001  3.895952e+001
    endloop
  endfacet
  facet normal -5.440803e-001  8.390331e-001 -3.658484e-004
    outer loop
      vertex -3.251613e+001 -1.625173e+001  4.225000e+001
      vertex -3.247453e+001 -1.622619e+001  3.895952e+001
      vertex -3.268257e+001 -1.635966e+001  4.225000e+001
    endloop
  endfacet
  facet normal -5.337316e-001  8.456538e-001  5.570018e-004
    outer loop
      vertex -3.268257e+001 -1.635966e+001  4.225000e+001
      vertex -3.247453e+001 -1.622619e+001  3.895952e+001
      vertex -3.261980e+001 -1.631785e+001  3.892286e+001
    endloop
  endfacet
  facet normal -5.769534e-001  8.167769e-001 -6.213014e-004
    outer loop
      vertex -3.268257e+001 -1.635966e+001  4.225000e+001
      vertex -3.261980e+001 -1.631785e+001  3.892286e+001
      vertex -3.284459e+001 -1.647411e+001  4.225000e+001
    endloop
  endfacet
  facet normal -5.624898e-001  8.268038e-001  8.268140e-004
    outer loop
      vertex -3.284459e+001 -1.647411e+001  4.225000e+001
      vertex -3.261980e+001 -1.631785e+001  3.892286e+001
      vertex -3.276150e+001 -1.641422e+001  3.888431e+001
    endloop
  endfacet
  facet normal -5.902518e-001  8.072192e-001 -2.070917e-004
    outer loop
      vertex -3.284459e+001 -1.647411e+001  4.225000e+001
      vertex -3.276150e+001 -1.641422e+001  3.888431e+001
      vertex -3.289949e+001 -1.651513e+001  3.884395e+001
    endloop
  endfacet
  facet normal -6.088824e-001  7.932605e-001  2.612787e-004
    outer loop
      vertex -3.284459e+001 -1.647411e+001  4.225000e+001
      vertex -3.289949e+001 -1.651513e+001  3.884395e+001
      vertex -3.300195e+001 -1.659490e+001  4.225000e+001
    endloop
  endfacet
  facet normal -6.174873e-001  7.865809e-001 -1.540150e-004
    outer loop
      vertex -3.300195e+001 -1.659490e+001  4.225000e+001
      vertex -3.289949e+001 -1.651513e+001  3.884395e+001
      vertex -3.303362e+001 -1.662043e+001  3.880183e+001
    endloop
  endfacet
  facet normal -6.398798e-001  7.684750e-001  1.856970e-004
    outer loop
      vertex -3.300195e+001 -1.659490e+001  4.225000e+001
      vertex -3.303362e+001 -1.662043e+001  3.880183e+001
      vertex -3.315439e+001 -1.672183e+001  4.225000e+001
    endloop
  endfacet
  facet normal -6.439419e-001  7.650744e-001 -5.657762e-005
    outer loop
      vertex -3.315439e+001 -1.672183e+001  4.225000e+001
      vertex -3.303362e+001 -1.662043e+001  3.880183e+001
      vertex -3.316376e+001 -1.672997e+001  3.875801e+001
    endloop
  endfacet
  facet normal -6.698525e-001  7.424943e-001  6.555044e-005
    outer loop
      vertex -3.315439e+001 -1.672183e+001  4.225000e+001
      vertex -3.316376e+001 -1.672997e+001  3.875801e+001
      vertex -3.330168e+001 -1.685471e+001  4.225000e+001
    endloop
  endfacet
  facet normal -6.668227e-001  7.452164e-001  2.824567e-004
    outer loop
      vertex -3.330168e+001 -1.685471e+001  4.225000e+001
      vertex -3.316376e+001 -1.672997e+001  3.875801e+001
      vertex -3.326214e+001 -1.681799e+001  3.872281e+001
    endloop
  endfacet
  facet normal -6.987796e-001  7.153370e-001 -3.868719e-004
    outer loop
      vertex -3.330168e+001 -1.685471e+001  4.225000e+001
      vertex -3.326214e+001 -1.681799e+001  3.872281e+001
      vertex -3.344358e+001 -1.699332e+001  4.225000e+001
    endloop
  endfacet
  facet normal -6.863590e-001  7.272623e-001  8.448507e-004
    outer loop
      vertex -3.344358e+001 -1.699332e+001  4.225000e+001
      vertex -3.326214e+001 -1.681799e+001  3.872281e+001
      vertex -3.335798e+001 -1.690839e+001  3.868665e+001
    endloop
  endfacet
  facet normal -7.050731e-001  7.091347e-001 -3.679456e-005
    outer loop
      vertex -3.344358e+001 -1.699332e+001  4.225000e+001
      vertex -3.335798e+001 -1.690839e+001  3.868665e+001
      vertex -3.345122e+001 -1.700110e+001  3.864956e+001
    endloop
  endfacet
  facet normal -7.266037e-001  6.870568e-001  5.662844e-005
    outer loop
      vertex -3.344358e+001 -1.699332e+001  4.225000e+001
      vertex -3.345122e+001 -1.700110e+001  3.864956e+001
      vertex -3.357987e+001 -1.713746e+001  4.225000e+001
    endloop
  endfacet
  facet normal -7.213035e-001  6.926190e-001  4.566617e-004
    outer loop
      vertex -3.357987e+001 -1.713746e+001  4.225000e+001
      vertex -3.345122e+001 -1.700110e+001  3.864956e+001
      vertex -3.351942e+001 -1.707211e+001  3.862115e+001
    endloop
  endfacet
  facet normal -7.346933e-001  6.783993e-001 -2.245909e-005
    outer loop
      vertex -3.357987e+001 -1.713746e+001  4.225000e+001
      vertex -3.351942e+001 -1.707211e+001  3.862115e+001
      vertex -3.358611e+001 -1.714434e+001  3.859227e+001
    endloop
  endfacet
  facet normal -7.532821e-001  6.576976e-001  4.819499e-005
    outer loop
      vertex -3.357987e+001 -1.713746e+001  4.225000e+001
      vertex -3.358611e+001 -1.714434e+001  3.859227e+001
      vertex -3.371034e+001 -1.728688e+001  4.225000e+001
    endloop
  endfacet
  facet normal -7.543597e-001  6.564614e-001 -3.657632e-005
    outer loop
      vertex -3.371034e+001 -1.728688e+001  4.225000e+001
      vertex -3.358611e+001 -1.714434e+001  3.859227e+001
      vertex -3.371490e+001 -1.729233e+001  3.853307e+001
    endloop
  endfacet
  facet normal -7.787820e-001  6.272947e-001  3.610662e-005
    outer loop
      vertex -3.371034e+001 -1.728688e+001  4.225000e+001
      vertex -3.371490e+001 -1.729233e+001  3.853307e+001
      vertex -3.383477e+001 -1.744137e+001  4.225000e+001
    endloop
  endfacet
  facet normal -7.794891e-001  6.264158e-001 -2.194171e-005
    outer loop
      vertex -3.383477e+001 -1.744137e+001  4.225000e+001
      vertex -3.371490e+001 -1.729233e+001  3.853307e+001
      vertex -3.383744e+001 -1.744482e+001  3.847207e+001
    endloop
  endfacet
  facet normal -8.030507e-001  5.959107e-001  2.254851e-005
    outer loop
      vertex -3.383477e+001 -1.744137e+001  4.225000e+001
      vertex -3.383744e+001 -1.744482e+001  3.847207e+001
      vertex -3.395298e+001 -1.760067e+001  4.225000e+001
    endloop
  endfacet
  facet normal -8.033722e-001  5.954772e-001 -5.171562e-006
    outer loop
      vertex -3.395298e+001 -1.760067e+001  4.225000e+001
      vertex -3.383744e+001 -1.744482e+001  3.847207e+001
      vertex -3.395361e+001 -1.760155e+001  3.840938e+001
    endloop
  endfacet
  facet normal -8.260469e-001  5.636014e-001  5.803918e-006
    outer loop
      vertex -3.395298e+001 -1.760067e+001  4.225000e+001
      vertex -3.395361e+001 -1.760155e+001  3.840938e+001
      vertex -3.406479e+001 -1.776453e+001  4.225000e+001
    endloop
  endfacet
  facet normal -8.225296e-001  5.687222e-001  3.249326e-004
    outer loop
      vertex -3.406479e+001 -1.776453e+001  4.225000e+001
      vertex -3.395361e+001 -1.760155e+001  3.840938e+001
      vertex -3.402926e+001 -1.771094e+001  3.836562e+001
    endloop
  endfacet
  facet normal -8.477632e-001  5.303748e-001 -4.349254e-004
    outer loop
      vertex -3.406479e+001 -1.776453e+001  4.225000e+001
      vertex -3.402926e+001 -1.771094e+001  3.836562e+001
      vertex -3.416999e+001 -1.793270e+001  4.225000e+001
    endloop
  endfacet
  facet normal -8.374649e-001  5.464904e-001  8.582444e-004
    outer loop
      vertex -3.416999e+001 -1.793270e+001  4.225000e+001
      vertex -3.402926e+001 -1.771094e+001  3.836562e+001
      vertex -3.410185e+001 -1.782210e+001  3.832116e+001
    endloop
  endfacet
  facet normal -8.515007e-001  5.243536e-001 -8.374228e-006
    outer loop
      vertex -3.416999e+001 -1.793270e+001  4.225000e+001
      vertex -3.410185e+001 -1.782210e+001  3.832116e+001
      vertex -3.417134e+001 -1.793496e+001  3.827602e+001
    endloop
  endfacet
  facet normal -8.681319e-001  4.963336e-001  1.318674e-005
    outer loop
      vertex -3.416999e+001 -1.793270e+001  4.225000e+001
      vertex -3.417134e+001 -1.793496e+001  3.827602e+001
      vertex -3.426845e+001 -1.810491e+001  4.225000e+001
    endloop
  endfacet
  facet normal -8.635164e-001  5.043204e-001  4.675399e-004
    outer loop
      vertex -3.426845e+001 -1.810491e+001  4.225000e+001
      vertex -3.417134e+001 -1.793496e+001  3.827602e+001
      vertex -3.422142e+001 -1.802066e+001  3.824174e+001
    endloop
  endfacet
  facet normal -8.732781e-001  4.872221e-001 -6.406679e-006
    outer loop
      vertex -3.426845e+001 -1.810491e+001  4.225000e+001
      vertex -3.422142e+001 -1.802066e+001  3.824174e+001
      vertex -3.426972e+001 -1.810723e+001  3.820711e+001
    endloop
  endfacet
  facet normal -8.871353e-001  4.615096e-001  1.270931e-005
    outer loop
      vertex -3.426845e+001 -1.810491e+001  4.225000e+001
      vertex -3.426972e+001 -1.810723e+001  3.820711e+001
      vertex -3.436000e+001 -1.828089e+001  4.225000e+001
    endloop
  endfacet
  facet normal -8.873495e-001  4.610976e-001 -9.769979e-006
    outer loop
      vertex -3.436000e+001 -1.828089e+001  4.225000e+001
      vertex -3.426972e+001 -1.810723e+001  3.820711e+001
      vertex -3.436098e+001 -1.828286e+001  3.813686e+001
    endloop
  endfacet
  facet normal -9.047372e-001  4.259702e-001  1.115255e-005
    outer loop
      vertex -3.436000e+001 -1.828089e+001  4.225000e+001
      vertex -3.436098e+001 -1.828286e+001  3.813686e+001
      vertex -3.444450e+001 -1.846036e+001  4.225000e+001
    endloop
  endfacet
  facet normal -9.048921e-001  4.256409e-001 -6.205380e-006
    outer loop
      vertex -3.444450e+001 -1.846036e+001  4.225000e+001
      vertex -3.436098e+001 -1.828286e+001  3.813686e+001
      vertex -3.444503e+001 -1.846155e+001  3.806538e+001
    endloop
  endfacet
  facet normal -9.209324e-001  3.897225e-001  6.026622e-006
    outer loop
      vertex -3.444450e+001 -1.846036e+001  4.225000e+001
      vertex -3.444503e+001 -1.846155e+001  3.806538e+001
      vertex -3.452181e+001 -1.864305e+001  4.225000e+001
    endloop
  endfacet
  facet normal -9.209822e-001  3.896046e-001  0.000000e+000
    outer loop
      vertex -3.452181e+001 -1.864305e+001  4.225000e+001
      vertex -3.444503e+001 -1.846155e+001  3.806538e+001
      vertex -3.452181e+001 -1.864305e+001  3.799278e+001
    endloop
  endfacet
endsolid CATIA STL
