solid CATIA STL
  facet normal  8.774339e-001  4.796975e-001  0.000000e+000
    outer loop
      vertex  4.176815e+001  1.466575e+001  8.000000e-001
      vertex  4.176815e+001  1.466575e+001  1.800000e+000
      vertex  4.191590e+001  1.439550e+001  8.000000e-001
    endloop
  endfacet
  facet normal  8.774339e-001  4.796975e-001  -0.000000e+000
    outer loop
      vertex  4.191590e+001  1.439550e+001  8.000000e-001
      vertex  4.176815e+001  1.466575e+001  1.800000e+000
      vertex  4.191590e+001  1.439550e+001  1.800000e+000
    endloop
  endfacet
  facet normal  8.834472e-001  4.685307e-001  0.000000e+000
    outer loop
      vertex  4.191590e+001  1.439550e+001  8.000000e-001
      vertex  4.191590e+001  1.439550e+001  1.800000e+000
      vertex  4.206022e+001  1.412337e+001  8.000000e-001
    endloop
  endfacet
  facet normal  8.834472e-001  4.685307e-001  -0.000000e+000
    outer loop
      vertex  4.206022e+001  1.412337e+001  8.000000e-001
      vertex  4.191590e+001  1.439550e+001  1.800000e+000
      vertex  4.206022e+001  1.412337e+001  1.800000e+000
    endloop
  endfacet
  facet normal  8.892303e-001  4.574598e-001  0.000000e+000
    outer loop
      vertex  4.206022e+001  1.412337e+001  8.000000e-001
      vertex  4.206022e+001  1.412337e+001  1.800000e+000
      vertex  4.220116e+001  1.384941e+001  8.000000e-001
    endloop
  endfacet
  facet normal  8.892303e-001  4.574598e-001  -0.000000e+000
    outer loop
      vertex  4.220116e+001  1.384941e+001  8.000000e-001
      vertex  4.206022e+001  1.412337e+001  1.800000e+000
      vertex  4.220116e+001  1.384941e+001  1.800000e+000
    endloop
  endfacet
  facet normal  8.940431e-001  4.479809e-001  0.000000e+000
    outer loop
      vertex  4.220116e+001  1.384941e+001  8.000000e-001
      vertex  4.220116e+001  1.384941e+001  1.800000e+000
      vertex  4.230469e+001  1.364278e+001  8.000000e-001
    endloop
  endfacet
  facet normal  8.940431e-001  4.479809e-001  -0.000000e+000
    outer loop
      vertex  4.230469e+001  1.364278e+001  8.000000e-001
      vertex  4.220116e+001  1.384941e+001  1.800000e+000
      vertex  4.230469e+001  1.364278e+001  1.800000e+000
    endloop
  endfacet
  facet normal  8.979178e-001  4.401632e-001  0.000000e+000
    outer loop
      vertex  4.230469e+001  1.364278e+001  8.000000e-001
      vertex  4.230469e+001  1.364278e+001  1.800000e+000
      vertex  4.240644e+001  1.343522e+001  8.000000e-001
    endloop
  endfacet
  facet normal  8.979178e-001  4.401632e-001  -0.000000e+000
    outer loop
      vertex  4.240644e+001  1.343522e+001  8.000000e-001
      vertex  4.230469e+001  1.364278e+001  1.800000e+000
      vertex  4.240644e+001  1.343522e+001  1.800000e+000
    endloop
  endfacet
  facet normal  9.031953e-001  4.292300e-001  0.000000e+000
    outer loop
      vertex  4.240644e+001  1.343522e+001  8.000000e-001
      vertex  4.240644e+001  1.343522e+001  1.800000e+000
      vertex  4.260495e+001  1.301751e+001  8.000000e-001
    endloop
  endfacet
  facet normal  9.031953e-001  4.292300e-001  -0.000000e+000
    outer loop
      vertex  4.260495e+001  1.301751e+001  8.000000e-001
      vertex  4.240644e+001  1.343522e+001  1.800000e+000
      vertex  4.260495e+001  1.301751e+001  1.800000e+000
    endloop
  endfacet
  facet normal  9.080322e-001  4.189003e-001  0.000000e+000
    outer loop
      vertex  4.260495e+001  1.301751e+001  8.000000e-001
      vertex  4.260495e+001  1.301751e+001  1.800000e+000
      vertex  4.271696e+001  1.277472e+001  8.000000e-001
    endloop
  endfacet
  facet normal  9.080322e-001  4.189003e-001  -0.000000e+000
    outer loop
      vertex  4.271696e+001  1.277472e+001  8.000000e-001
      vertex  4.260495e+001  1.301751e+001  1.800000e+000
      vertex  4.271696e+001  1.277472e+001  1.800000e+000
    endloop
  endfacet
  facet normal  9.110611e-001  4.122712e-001  0.000000e+000
    outer loop
      vertex  4.271696e+001  1.277472e+001  8.000000e-001
      vertex  4.271696e+001  1.277472e+001  1.800000e+000
      vertex  4.282722e+001  1.253106e+001  8.000000e-001
    endloop
  endfacet
  facet normal  9.110611e-001  4.122712e-001  -0.000000e+000
    outer loop
      vertex  4.282722e+001  1.253106e+001  8.000000e-001
      vertex  4.271696e+001  1.277472e+001  1.800000e+000
      vertex  4.282722e+001  1.253106e+001  1.800000e+000
    endloop
  endfacet
  facet normal  9.149978e-001  4.034589e-001  0.000000e+000
    outer loop
      vertex  4.282722e+001  1.253106e+001  8.000000e-001
      vertex  4.282722e+001  1.253106e+001  1.800000e+000
      vertex  4.304303e+001  1.204162e+001  8.000000e-001
    endloop
  endfacet
  facet normal  9.149978e-001  4.034589e-001  -0.000000e+000
    outer loop
      vertex  4.304303e+001  1.204162e+001  8.000000e-001
      vertex  4.282722e+001  1.253106e+001  1.800000e+000
      vertex  4.304303e+001  1.204162e+001  1.800000e+000
    endloop
  endfacet
  facet normal  9.198779e-001  3.922049e-001  0.000000e+000
    outer loop
      vertex  4.304303e+001  1.204162e+001  8.000000e-001
      vertex  4.304303e+001  1.204162e+001  1.800000e+000
      vertex  4.325270e+001  1.154985e+001  8.000000e-001
    endloop
  endfacet
  facet normal  9.198779e-001  3.922049e-001  -0.000000e+000
    outer loop
      vertex  4.325270e+001  1.154985e+001  8.000000e-001
      vertex  4.304303e+001  1.204162e+001  1.800000e+000
      vertex  4.325270e+001  1.154985e+001  1.800000e+000
    endloop
  endfacet
  facet normal  9.239150e-001  3.825977e-001  0.000000e+000
    outer loop
      vertex  4.325270e+001  1.154985e+001  8.000000e-001
      vertex  4.325270e+001  1.154985e+001  1.800000e+000
      vertex  4.335753e+001  1.129670e+001  8.000000e-001
    endloop
  endfacet
  facet normal  9.239150e-001  3.825977e-001  -0.000000e+000
    outer loop
      vertex  4.335753e+001  1.129670e+001  8.000000e-001
      vertex  4.325270e+001  1.154985e+001  1.800000e+000
      vertex  4.335753e+001  1.129670e+001  1.800000e+000
    endloop
  endfacet
  facet normal  9.271532e-001  3.746826e-001  0.000000e+000
    outer loop
      vertex  4.335753e+001  1.129670e+001  8.000000e-001
      vertex  4.335753e+001  1.129670e+001  1.800000e+000
      vertex  4.346006e+001  1.104301e+001  8.000000e-001
    endloop
  endfacet
  facet normal  9.271532e-001  3.746826e-001  -0.000000e+000
    outer loop
      vertex  4.346006e+001  1.104301e+001  8.000000e-001
      vertex  4.335753e+001  1.129670e+001  1.800000e+000
      vertex  4.346006e+001  1.104301e+001  1.800000e+000
    endloop
  endfacet
  facet normal  9.307964e-001  3.655380e-001  0.000000e+000
    outer loop
      vertex  4.346006e+001  1.104301e+001  8.000000e-001
      vertex  4.346006e+001  1.104301e+001  1.800000e+000
      vertex  4.355548e+001  1.080003e+001  8.000000e-001
    endloop
  endfacet
  facet normal  9.307964e-001  3.655380e-001  -0.000000e+000
    outer loop
      vertex  4.355548e+001  1.080003e+001  8.000000e-001
      vertex  4.346006e+001  1.104301e+001  1.800000e+000
      vertex  4.355548e+001  1.080003e+001  1.800000e+000
    endloop
  endfacet
  facet normal  9.348488e-001  3.550463e-001  0.000000e+000
    outer loop
      vertex  4.355548e+001  1.080003e+001  8.000000e-001
      vertex  4.355548e+001  1.080003e+001  1.800000e+000
      vertex  4.364802e+001  1.055637e+001  8.000000e-001
    endloop
  endfacet
  facet normal  9.348488e-001  3.550463e-001  -0.000000e+000
    outer loop
      vertex  4.364802e+001  1.055637e+001  8.000000e-001
      vertex  4.355548e+001  1.080003e+001  1.800000e+000
      vertex  4.364802e+001  1.055637e+001  1.800000e+000
    endloop
  endfacet
  facet normal  9.402630e-001  3.404491e-001  0.000000e+000
    outer loop
      vertex  4.364802e+001  1.055637e+001  8.000000e-001
      vertex  4.364802e+001  1.055637e+001  1.800000e+000
      vertex  4.376892e+001  1.022244e+001  8.000000e-001
    endloop
  endfacet
  facet normal  9.402630e-001  3.404491e-001  -0.000000e+000
    outer loop
      vertex  4.376892e+001  1.022244e+001  8.000000e-001
      vertex  4.364802e+001  1.055637e+001  1.800000e+000
      vertex  4.376892e+001  1.022244e+001  1.800000e+000
    endloop
  endfacet
  facet normal  9.454176e-001  3.258612e-001  0.000000e+000
    outer loop
      vertex  4.376892e+001  1.022244e+001  8.000000e-001
      vertex  4.376892e+001  1.022244e+001  1.800000e+000
      vertex  4.382898e+001  1.004821e+001  8.000000e-001
    endloop
  endfacet
  facet normal  9.454176e-001  3.258612e-001  -0.000000e+000
    outer loop
      vertex  4.382898e+001  1.004821e+001  8.000000e-001
      vertex  4.376892e+001  1.022244e+001  1.800000e+000
      vertex  4.382898e+001  1.004821e+001  1.800000e+000
    endloop
  endfacet
  facet normal  9.491598e-001  3.147946e-001  0.000000e+000
    outer loop
      vertex  4.382898e+001  1.004821e+001  8.000000e-001
      vertex  4.382898e+001  1.004821e+001  1.800000e+000
      vertex  4.388700e+001  9.873275e+000  8.000000e-001
    endloop
  endfacet
  facet normal  9.491598e-001  3.147946e-001  -0.000000e+000
    outer loop
      vertex  4.388700e+001  9.873275e+000  8.000000e-001
      vertex  4.382898e+001  1.004821e+001  1.800000e+000
      vertex  4.388700e+001  9.873275e+000  1.800000e+000
    endloop
  endfacet
  facet normal  9.528805e-001  3.033459e-001  0.000000e+000
    outer loop
      vertex  4.388700e+001  9.873275e+000  8.000000e-001
      vertex  4.388700e+001  9.873275e+000  1.800000e+000
      vertex  4.393878e+001  9.710608e+000  8.000000e-001
    endloop
  endfacet
  facet normal  9.528805e-001  3.033459e-001  -0.000000e+000
    outer loop
      vertex  4.393878e+001  9.710608e+000  8.000000e-001
      vertex  4.388700e+001  9.873275e+000  1.800000e+000
      vertex  4.393878e+001  9.710608e+000  1.800000e+000
    endloop
  endfacet
  facet normal  9.565071e-001  2.917090e-001  0.000000e+000
    outer loop
      vertex  4.393878e+001  9.710608e+000  8.000000e-001
      vertex  4.393878e+001  9.710608e+000  1.800000e+000
      vertex  4.398861e+001  9.547224e+000  8.000000e-001
    endloop
  endfacet
  facet normal  9.565071e-001  2.917090e-001  -0.000000e+000
    outer loop
      vertex  4.398861e+001  9.547224e+000  8.000000e-001
      vertex  4.393878e+001  9.710608e+000  1.800000e+000
      vertex  4.398861e+001  9.547224e+000  1.800000e+000
    endloop
  endfacet
  facet normal  9.611936e-001  2.758750e-001  0.000000e+000
    outer loop
      vertex  4.398861e+001  9.547224e+000  8.000000e-001
      vertex  4.398861e+001  9.547224e+000  1.800000e+000
      vertex  4.406220e+001  9.290827e+000  8.000000e-001
    endloop
  endfacet
  facet normal  9.611936e-001  2.758750e-001  -0.000000e+000
    outer loop
      vertex  4.406220e+001  9.290827e+000  8.000000e-001
      vertex  4.398861e+001  9.547224e+000  1.800000e+000
      vertex  4.406220e+001  9.290827e+000  1.800000e+000
    endloop
  endfacet
  facet normal  9.668235e-001  2.554455e-001  0.000000e+000
    outer loop
      vertex  4.406220e+001  9.290827e+000  8.000000e-001
      vertex  4.406220e+001  9.290827e+000  1.800000e+000
      vertex  4.413044e+001  9.032530e+000  8.000000e-001
    endloop
  endfacet
  facet normal  9.668235e-001  2.554455e-001  -0.000000e+000
    outer loop
      vertex  4.413044e+001  9.032530e+000  8.000000e-001
      vertex  4.406220e+001  9.290827e+000  1.800000e+000
      vertex  4.413044e+001  9.032530e+000  1.800000e+000
    endloop
  endfacet
  facet normal  9.722408e-001  2.339825e-001  0.000000e+000
    outer loop
      vertex  4.413044e+001  9.032530e+000  8.000000e-001
      vertex  4.413044e+001  9.032530e+000  1.800000e+000
      vertex  4.419305e+001  8.772403e+000  8.000000e-001
    endloop
  endfacet
  facet normal  9.722408e-001  2.339825e-001  -0.000000e+000
    outer loop
      vertex  4.419305e+001  8.772403e+000  8.000000e-001
      vertex  4.413044e+001  9.032530e+000  1.800000e+000
      vertex  4.419305e+001  8.772403e+000  1.800000e+000
    endloop
  endfacet
  facet normal  9.773237e-001  2.117510e-001  0.000000e+000
    outer loop
      vertex  4.419305e+001  8.772403e+000  8.000000e-001
      vertex  4.419305e+001  8.772403e+000  1.800000e+000
      vertex  4.424975e+001  8.510682e+000  8.000000e-001
    endloop
  endfacet
  facet normal  9.773237e-001  2.117510e-001  -0.000000e+000
    outer loop
      vertex  4.424975e+001  8.510682e+000  8.000000e-001
      vertex  4.419305e+001  8.772403e+000  1.800000e+000
      vertex  4.424975e+001  8.510682e+000  1.800000e+000
    endloop
  endfacet
  facet normal  9.810032e-001  1.939913e-001  0.000000e+000
    outer loop
      vertex  4.424975e+001  8.510682e+000  8.000000e-001
      vertex  4.424975e+001  8.510682e+000  1.800000e+000
      vertex  4.427914e+001  8.362047e+000  8.000000e-001
    endloop
  endfacet
  facet normal  9.810032e-001  1.939913e-001  -0.000000e+000
    outer loop
      vertex  4.427914e+001  8.362047e+000  8.000000e-001
      vertex  4.424975e+001  8.510682e+000  1.800000e+000
      vertex  4.427914e+001  8.362047e+000  1.800000e+000
    endloop
  endfacet
  facet normal  9.834841e-001  1.809945e-001  0.000000e+000
    outer loop
      vertex  4.427914e+001  8.362047e+000  8.000000e-001
      vertex  4.427914e+001  8.362047e+000  1.800000e+000
      vertex  4.430656e+001  8.213053e+000  8.000000e-001
    endloop
  endfacet
  facet normal  9.834841e-001  1.809945e-001  -0.000000e+000
    outer loop
      vertex  4.430656e+001  8.213053e+000  8.000000e-001
      vertex  4.427914e+001  8.362047e+000  1.800000e+000
      vertex  4.430656e+001  8.213053e+000  1.800000e+000
    endloop
  endfacet
  facet normal  9.857953e-001  1.679509e-001  0.000000e+000
    outer loop
      vertex  4.430656e+001  8.213053e+000  8.000000e-001
      vertex  4.430656e+001  8.213053e+000  1.800000e+000
      vertex  4.433200e+001  8.063730e+000  8.000000e-001
    endloop
  endfacet
  facet normal  9.857953e-001  1.679509e-001  -0.000000e+000
    outer loop
      vertex  4.433200e+001  8.063730e+000  8.000000e-001
      vertex  4.430656e+001  8.213053e+000  1.800000e+000
      vertex  4.433200e+001  8.063730e+000  1.800000e+000
    endloop
  endfacet
  facet normal  9.879358e-001  1.548641e-001  0.000000e+000
    outer loop
      vertex  4.433200e+001  8.063730e+000  8.000000e-001
      vertex  4.433200e+001  8.063730e+000  1.800000e+000
      vertex  4.435546e+001  7.914116e+000  8.000000e-001
    endloop
  endfacet
  facet normal  9.879358e-001  1.548641e-001  -0.000000e+000
    outer loop
      vertex  4.435546e+001  7.914116e+000  8.000000e-001
      vertex  4.433200e+001  8.063730e+000  1.800000e+000
      vertex  4.435546e+001  7.914116e+000  1.800000e+000
    endloop
  endfacet
  facet normal  9.907992e-001  1.353398e-001  0.000000e+000
    outer loop
      vertex  4.435546e+001  7.914116e+000  8.000000e-001
      vertex  4.435546e+001  7.914116e+000  1.800000e+000
      vertex  4.439642e+001  7.614211e+000  8.000000e-001
    endloop
  endfacet
  facet normal  9.907992e-001  1.353398e-001  -0.000000e+000
    outer loop
      vertex  4.439642e+001  7.614211e+000  8.000000e-001
      vertex  4.435546e+001  7.914116e+000  1.800000e+000
      vertex  4.439642e+001  7.614211e+000  1.800000e+000
    endloop
  endfacet
  facet normal  9.939786e-001  1.095750e-001  0.000000e+000
    outer loop
      vertex  4.439642e+001  7.614211e+000  8.000000e-001
      vertex  4.439642e+001  7.614211e+000  1.800000e+000
      vertex  4.442955e+001  7.313745e+000  8.000000e-001
    endloop
  endfacet
  facet normal  9.939786e-001  1.095750e-001  -0.000000e+000
    outer loop
      vertex  4.442955e+001  7.313745e+000  8.000000e-001
      vertex  4.439642e+001  7.614211e+000  1.800000e+000
      vertex  4.442955e+001  7.313745e+000  1.800000e+000
    endloop
  endfacet
  facet normal  9.964250e-001  8.448175e-002  0.000000e+000
    outer loop
      vertex  4.442955e+001  7.313745e+000  8.000000e-001
      vertex  4.442955e+001  7.313745e+000  1.800000e+000
      vertex  4.445504e+001  7.013104e+000  8.000000e-001
    endloop
  endfacet
  facet normal  9.964250e-001  8.448175e-002  -0.000000e+000
    outer loop
      vertex  4.445504e+001  7.013104e+000  8.000000e-001
      vertex  4.442955e+001  7.313745e+000  1.800000e+000
      vertex  4.445504e+001  7.013104e+000  1.800000e+000
    endloop
  endfacet
  facet normal  9.981700e-001  6.047077e-002  0.000000e+000
    outer loop
      vertex  4.445504e+001  7.013104e+000  8.000000e-001
      vertex  4.445504e+001  7.013104e+000  1.800000e+000
      vertex  4.447324e+001  6.712558e+000  8.000000e-001
    endloop
  endfacet
  facet normal  9.981700e-001  6.047077e-002  -0.000000e+000
    outer loop
      vertex  4.447324e+001  6.712558e+000  8.000000e-001
      vertex  4.445504e+001  7.013104e+000  1.800000e+000
      vertex  4.447324e+001  6.712558e+000  1.800000e+000
    endloop
  endfacet
  facet normal  9.992765e-001  3.803226e-002  0.000000e+000
    outer loop
      vertex  4.447324e+001  6.712558e+000  8.000000e-001
      vertex  4.447324e+001  6.712558e+000  1.800000e+000
      vertex  4.448468e+001  6.412172e+000  8.000000e-001
    endloop
  endfacet
  facet normal  9.992765e-001  3.803226e-002  -0.000000e+000
    outer loop
      vertex  4.448468e+001  6.412172e+000  8.000000e-001
      vertex  4.447324e+001  6.712558e+000  1.800000e+000
      vertex  4.448468e+001  6.412172e+000  1.800000e+000
    endloop
  endfacet
  facet normal  9.997703e-001  2.143329e-002  0.000000e+000
    outer loop
      vertex  4.448468e+001  6.412172e+000  8.000000e-001
      vertex  4.448468e+001  6.412172e+000  1.800000e+000
      vertex  4.448862e+001  6.228183e+000  8.000000e-001
    endloop
  endfacet
  facet normal  9.997703e-001  2.143329e-002  -0.000000e+000
    outer loop
      vertex  4.448862e+001  6.228183e+000  8.000000e-001
      vertex  4.448468e+001  6.412172e+000  1.800000e+000
      vertex  4.448862e+001  6.228183e+000  1.800000e+000
    endloop
  endfacet
  facet normal  9.999503e-001  9.968004e-003  0.000000e+000
    outer loop
      vertex  4.448862e+001  6.228183e+000  8.000000e-001
      vertex  4.448862e+001  6.228183e+000  1.800000e+000
      vertex  4.449046e+001  6.044116e+000  8.000000e-001
    endloop
  endfacet
  facet normal  9.999503e-001  9.968004e-003  -0.000000e+000
    outer loop
      vertex  4.449046e+001  6.044116e+000  8.000000e-001
      vertex  4.448862e+001  6.228183e+000  1.800000e+000
      vertex  4.449046e+001  6.044116e+000  1.800000e+000
    endloop
  endfacet
  facet normal  9.999993e-001 -1.226551e-003  0.000000e+000
    outer loop
      vertex  4.449046e+001  6.044116e+000  8.000000e-001
      vertex  4.449046e+001  6.044116e+000  1.800000e+000
      vertex  4.449019e+001  5.829519e+000  8.000000e-001
    endloop
  endfacet
  facet normal  9.999993e-001 -1.226551e-003  0.000000e+000
    outer loop
      vertex  4.449019e+001  5.829519e+000  8.000000e-001
      vertex  4.449046e+001  6.044116e+000  1.800000e+000
      vertex  4.449019e+001  5.829519e+000  1.800000e+000
    endloop
  endfacet
  facet normal  9.999297e-001 -1.185775e-002  0.000000e+000
    outer loop
      vertex  4.449019e+001  5.829519e+000  8.000000e-001
      vertex  4.449019e+001  5.829519e+000  1.800000e+000
      vertex  4.448764e+001  5.614635e+000  8.000000e-001
    endloop
  endfacet
  facet normal  9.999297e-001 -1.185775e-002  0.000000e+000
    outer loop
      vertex  4.448764e+001  5.614635e+000  8.000000e-001
      vertex  4.449019e+001  5.829519e+000  1.800000e+000
      vertex  4.448764e+001  5.614635e+000  1.800000e+000
    endloop
  endfacet
  facet normal  9.996938e-001 -2.474474e-002  0.000000e+000
    outer loop
      vertex  4.448764e+001  5.614635e+000  8.000000e-001
      vertex  4.448764e+001  5.614635e+000  1.800000e+000
      vertex  4.447773e+001  5.214245e+000  8.000000e-001
    endloop
  endfacet
  facet normal  9.996938e-001 -2.474474e-002  0.000000e+000
    outer loop
      vertex  4.447773e+001  5.214245e+000  8.000000e-001
      vertex  4.448764e+001  5.614635e+000  1.800000e+000
      vertex  4.447773e+001  5.214245e+000  1.800000e+000
    endloop
  endfacet
  facet normal  9.992348e-001 -3.911451e-002  0.000000e+000
    outer loop
      vertex  4.447773e+001  5.214245e+000  8.000000e-001
      vertex  4.447773e+001  5.214245e+000  1.800000e+000
      vertex  4.446200e+001  4.812257e+000  8.000000e-001
    endloop
  endfacet
  facet normal  9.992348e-001 -3.911451e-002  0.000000e+000
    outer loop
      vertex  4.446200e+001  4.812257e+000  8.000000e-001
      vertex  4.447773e+001  5.214245e+000  1.800000e+000
      vertex  4.446200e+001  4.812257e+000  1.800000e+000
    endloop
  endfacet
  facet normal  9.987304e-001 -5.037336e-002  0.000000e+000
    outer loop
      vertex  4.446200e+001  4.812257e+000  8.000000e-001
      vertex  4.446200e+001  4.812257e+000  1.800000e+000
      vertex  4.444996e+001  4.573561e+000  8.000000e-001
    endloop
  endfacet
  facet normal  9.987304e-001 -5.037336e-002  0.000000e+000
    outer loop
      vertex  4.444996e+001  4.573561e+000  8.000000e-001
      vertex  4.446200e+001  4.812257e+000  1.800000e+000
      vertex  4.444996e+001  4.573561e+000  1.800000e+000
    endloop
  endfacet
  facet normal  9.981914e-001 -6.011730e-002  0.000000e+000
    outer loop
      vertex  4.444996e+001  4.573561e+000  8.000000e-001
      vertex  4.444996e+001  4.573561e+000  1.800000e+000
      vertex  4.443552e+001  4.333821e+000  8.000000e-001
    endloop
  endfacet
  facet normal  9.981914e-001 -6.011730e-002  0.000000e+000
    outer loop
      vertex  4.443552e+001  4.333821e+000  8.000000e-001
      vertex  4.444996e+001  4.573561e+000  1.800000e+000
      vertex  4.443552e+001  4.333821e+000  1.800000e+000
    endloop
  endfacet
  facet normal  9.974544e-001 -7.130692e-002  0.000000e+000
    outer loop
      vertex  4.443552e+001  4.333821e+000  8.000000e-001
      vertex  4.443552e+001  4.333821e+000  1.800000e+000
      vertex  4.442083e+001  4.128329e+000  8.000000e-001
    endloop
  endfacet
  facet normal  9.974544e-001 -7.130692e-002  0.000000e+000
    outer loop
      vertex  4.442083e+001  4.128329e+000  8.000000e-001
      vertex  4.443552e+001  4.333821e+000  1.800000e+000
      vertex  4.442083e+001  4.128329e+000  1.800000e+000
    endloop
  endfacet
  facet normal  9.964290e-001 -8.443491e-002  0.000000e+000
    outer loop
      vertex  4.442083e+001  4.128329e+000  8.000000e-001
      vertex  4.442083e+001  4.128329e+000  1.800000e+000
      vertex  4.440344e+001  3.923093e+000  8.000000e-001
    endloop
  endfacet
  facet normal  9.964290e-001 -8.443491e-002  0.000000e+000
    outer loop
      vertex  4.440344e+001  3.923093e+000  8.000000e-001
      vertex  4.442083e+001  4.128329e+000  1.800000e+000
      vertex  4.440344e+001  3.923093e+000  1.800000e+000
    endloop
  endfacet
  facet normal  9.947791e-001 -1.020515e-001  0.000000e+000
    outer loop
      vertex  4.440344e+001  3.923093e+000  8.000000e-001
      vertex  4.440344e+001  3.923093e+000  1.800000e+000
      vertex  4.438072e+001  3.701619e+000  8.000000e-001
    endloop
  endfacet
  facet normal  9.947791e-001 -1.020515e-001  0.000000e+000
    outer loop
      vertex  4.438072e+001  3.701619e+000  8.000000e-001
      vertex  4.440344e+001  3.923093e+000  1.800000e+000
      vertex  4.438072e+001  3.701619e+000  1.800000e+000
    endloop
  endfacet
  facet normal  9.920589e-001 -1.257743e-001  0.000000e+000
    outer loop
      vertex  4.438072e+001  3.701619e+000  8.000000e-001
      vertex  4.438072e+001  3.701619e+000  1.800000e+000
      vertex  4.435287e+001  3.482001e+000  8.000000e-001
    endloop
  endfacet
  facet normal  9.920589e-001 -1.257743e-001  0.000000e+000
    outer loop
      vertex  4.435287e+001  3.482001e+000  8.000000e-001
      vertex  4.438072e+001  3.701619e+000  1.800000e+000
      vertex  4.435287e+001  3.482001e+000  1.800000e+000
    endloop
  endfacet
  facet normal  9.889358e-001 -1.483438e-001  0.000000e+000
    outer loop
      vertex  4.435287e+001  3.482001e+000  8.000000e-001
      vertex  4.435287e+001  3.482001e+000  1.800000e+000
      vertex  4.433505e+001  3.363189e+000  8.000000e-001
    endloop
  endfacet
  facet normal  9.889358e-001 -1.483438e-001  0.000000e+000
    outer loop
      vertex  4.433505e+001  3.363189e+000  8.000000e-001
      vertex  4.435287e+001  3.482001e+000  1.800000e+000
      vertex  4.433505e+001  3.363189e+000  1.800000e+000
    endloop
  endfacet
  facet normal  9.859616e-001 -1.669722e-001  0.000000e+000
    outer loop
      vertex  4.433505e+001  3.363189e+000  8.000000e-001
      vertex  4.433505e+001  3.363189e+000  1.800000e+000
      vertex  4.431504e+001  3.245042e+000  8.000000e-001
    endloop
  endfacet
  facet normal  9.859616e-001 -1.669722e-001  0.000000e+000
    outer loop
      vertex  4.431504e+001  3.245042e+000  8.000000e-001
      vertex  4.433505e+001  3.363189e+000  1.800000e+000
      vertex  4.431504e+001  3.245042e+000  1.800000e+000
    endloop
  endfacet
  facet normal  9.822420e-001 -1.876183e-001  0.000000e+000
    outer loop
      vertex  4.431504e+001  3.245042e+000  8.000000e-001
      vertex  4.431504e+001  3.245042e+000  1.800000e+000
      vertex  4.429289e+001  3.129069e+000  8.000000e-001
    endloop
  endfacet
  facet normal  9.822420e-001 -1.876183e-001  0.000000e+000
    outer loop
      vertex  4.429289e+001  3.129069e+000  8.000000e-001
      vertex  4.431504e+001  3.245042e+000  1.800000e+000
      vertex  4.429289e+001  3.129069e+000  1.800000e+000
    endloop
  endfacet
  facet normal  9.776440e-001 -2.102671e-001  0.000000e+000
    outer loop
      vertex  4.429289e+001  3.129069e+000  8.000000e-001
      vertex  4.429289e+001  3.129069e+000  1.800000e+000
      vertex  4.426815e+001  3.014030e+000  8.000000e-001
    endloop
  endfacet
  facet normal  9.776440e-001 -2.102671e-001  0.000000e+000
    outer loop
      vertex  4.426815e+001  3.014030e+000  8.000000e-001
      vertex  4.429289e+001  3.129069e+000  1.800000e+000
      vertex  4.426815e+001  3.014030e+000  1.800000e+000
    endloop
  endfacet
  facet normal  9.709033e-001 -2.394716e-001  0.000000e+000
    outer loop
      vertex  4.426815e+001  3.014030e+000  8.000000e-001
      vertex  4.426815e+001  3.014030e+000  1.800000e+000
      vertex  4.423053e+001  2.861503e+000  8.000000e-001
    endloop
  endfacet
  facet normal  9.709033e-001 -2.394716e-001  0.000000e+000
    outer loop
      vertex  4.423053e+001  2.861503e+000  8.000000e-001
      vertex  4.426815e+001  3.014030e+000  1.800000e+000
      vertex  4.423053e+001  2.861503e+000  1.800000e+000
    endloop
  endfacet
  facet normal  9.611545e-001 -2.760112e-001  0.000000e+000
    outer loop
      vertex  4.423053e+001  2.861503e+000  8.000000e-001
      vertex  4.423053e+001  2.861503e+000  1.800000e+000
      vertex  4.418742e+001  2.711381e+000  8.000000e-001
    endloop
  endfacet
  facet normal  9.611545e-001 -2.760112e-001  0.000000e+000
    outer loop
      vertex  4.418742e+001  2.711381e+000  8.000000e-001
      vertex  4.423053e+001  2.861503e+000  1.800000e+000
      vertex  4.418742e+001  2.711381e+000  1.800000e+000
    endloop
  endfacet
  facet normal  9.489428e-001 -3.154482e-001  0.000000e+000
    outer loop
      vertex  4.418742e+001  2.711381e+000  8.000000e-001
      vertex  4.418742e+001  2.711381e+000  1.800000e+000
      vertex  4.413842e+001  2.563967e+000  8.000000e-001
    endloop
  endfacet
  facet normal  9.489428e-001 -3.154482e-001  0.000000e+000
    outer loop
      vertex  4.413842e+001  2.563967e+000  8.000000e-001
      vertex  4.418742e+001  2.711381e+000  1.800000e+000
      vertex  4.413842e+001  2.563967e+000  1.800000e+000
    endloop
  endfacet
  facet normal  9.354634e-001 -3.534237e-001  0.000000e+000
    outer loop
      vertex  4.413842e+001  2.563967e+000  8.000000e-001
      vertex  4.413842e+001  2.563967e+000  1.800000e+000
      vertex  4.409254e+001  2.442551e+000  8.000000e-001
    endloop
  endfacet
  facet normal  9.354634e-001 -3.534237e-001  0.000000e+000
    outer loop
      vertex  4.409254e+001  2.442551e+000  8.000000e-001
      vertex  4.413842e+001  2.563967e+000  1.800000e+000
      vertex  4.409254e+001  2.442551e+000  1.800000e+000
    endloop
  endfacet
  facet normal  9.213462e-001 -3.887433e-001  0.000000e+000
    outer loop
      vertex  4.409254e+001  2.442551e+000  8.000000e-001
      vertex  4.409254e+001  2.442551e+000  1.800000e+000
      vertex  4.404227e+001  2.323389e+000  8.000000e-001
    endloop
  endfacet
  facet normal  9.213462e-001 -3.887433e-001  0.000000e+000
    outer loop
      vertex  4.404227e+001  2.323389e+000  8.000000e-001
      vertex  4.409254e+001  2.442551e+000  1.800000e+000
      vertex  4.404227e+001  2.323389e+000  1.800000e+000
    endloop
  endfacet
  facet normal  9.057086e-001 -4.239010e-001  0.000000e+000
    outer loop
      vertex  4.404227e+001  2.323389e+000  8.000000e-001
      vertex  4.404227e+001  2.323389e+000  1.800000e+000
      vertex  4.398759e+001  2.206576e+000  8.000000e-001
    endloop
  endfacet
  facet normal  9.057086e-001 -4.239010e-001  0.000000e+000
    outer loop
      vertex  4.398759e+001  2.206576e+000  8.000000e-001
      vertex  4.404227e+001  2.323389e+000  1.800000e+000
      vertex  4.398759e+001  2.206576e+000  1.800000e+000
    endloop
  endfacet
  facet normal  8.889661e-001 -4.579730e-001  0.000000e+000
    outer loop
      vertex  4.398759e+001  2.206576e+000  8.000000e-001
      vertex  4.398759e+001  2.206576e+000  1.800000e+000
      vertex  4.392860e+001  2.092056e+000  8.000000e-001
    endloop
  endfacet
  facet normal  8.889661e-001 -4.579730e-001  0.000000e+000
    outer loop
      vertex  4.392860e+001  2.092056e+000  8.000000e-001
      vertex  4.398759e+001  2.206576e+000  1.800000e+000
      vertex  4.392860e+001  2.092056e+000  1.800000e+000
    endloop
  endfacet
  facet normal  8.716378e-001 -4.901506e-001  0.000000e+000
    outer loop
      vertex  4.392860e+001  2.092056e+000  8.000000e-001
      vertex  4.392860e+001  2.092056e+000  1.800000e+000
      vertex  4.386539e+001  1.979657e+000  8.000000e-001
    endloop
  endfacet
  facet normal  8.716378e-001 -4.901506e-001  0.000000e+000
    outer loop
      vertex  4.386539e+001  1.979657e+000  8.000000e-001
      vertex  4.392860e+001  2.092056e+000  1.800000e+000
      vertex  4.386539e+001  1.979657e+000  1.800000e+000
    endloop
  endfacet
  facet normal  8.543503e-001 -5.196974e-001  0.000000e+000
    outer loop
      vertex  4.386539e+001  1.979657e+000  8.000000e-001
      vertex  4.386539e+001  1.979657e+000  1.800000e+000
      vertex  4.379816e+001  1.869128e+000  8.000000e-001
    endloop
  endfacet
  facet normal  8.543503e-001 -5.196974e-001  0.000000e+000
    outer loop
      vertex  4.379816e+001  1.869128e+000  8.000000e-001
      vertex  4.386539e+001  1.979657e+000  1.800000e+000
      vertex  4.379816e+001  1.869128e+000  1.800000e+000
    endloop
  endfacet
  facet normal  8.381097e-001 -5.455016e-001  0.000000e+000
    outer loop
      vertex  4.379816e+001  1.869128e+000  8.000000e-001
      vertex  4.379816e+001  1.869128e+000  1.800000e+000
      vertex  4.372982e+001  1.764142e+000  8.000000e-001
    endloop
  endfacet
  facet normal  8.381097e-001 -5.455016e-001  0.000000e+000
    outer loop
      vertex  4.372982e+001  1.764142e+000  8.000000e-001
      vertex  4.379816e+001  1.869128e+000  1.800000e+000
      vertex  4.372982e+001  1.764142e+000  1.800000e+000
    endloop
  endfacet
  facet normal  8.234190e-001 -5.674338e-001  0.000000e+000
    outer loop
      vertex  4.372982e+001  1.764142e+000  8.000000e-001
      vertex  4.372982e+001  1.764142e+000  1.800000e+000
      vertex  4.365829e+001  1.660343e+000  8.000000e-001
    endloop
  endfacet
  facet normal  8.234190e-001 -5.674338e-001  0.000000e+000
    outer loop
      vertex  4.365829e+001  1.660343e+000  8.000000e-001
      vertex  4.372982e+001  1.764142e+000  1.800000e+000
      vertex  4.365829e+001  1.660343e+000  1.800000e+000
    endloop
  endfacet
  facet normal  8.100253e-001 -5.863949e-001  0.000000e+000
    outer loop
      vertex  4.365829e+001  1.660343e+000  8.000000e-001
      vertex  4.365829e+001  1.660343e+000  1.800000e+000
      vertex  4.357819e+001  1.549689e+000  8.000000e-001
    endloop
  endfacet
  facet normal  8.100253e-001 -5.863949e-001  0.000000e+000
    outer loop
      vertex  4.357819e+001  1.549689e+000  8.000000e-001
      vertex  4.365829e+001  1.660343e+000  1.800000e+000
      vertex  4.357819e+001  1.549689e+000  1.800000e+000
    endloop
  endfacet
  facet normal  7.985238e-001 -6.019632e-001  0.000000e+000
    outer loop
      vertex  4.357819e+001  1.549689e+000  8.000000e-001
      vertex  4.357819e+001  1.549689e+000  1.800000e+000
      vertex  4.349540e+001  1.439870e+000  8.000000e-001
    endloop
  endfacet
  facet normal  7.985238e-001 -6.019632e-001  0.000000e+000
    outer loop
      vertex  4.349540e+001  1.439870e+000  8.000000e-001
      vertex  4.357819e+001  1.549689e+000  1.800000e+000
      vertex  4.349540e+001  1.439870e+000  1.800000e+000
    endloop
  endfacet
  facet normal  7.888077e-001 -6.146399e-001  0.000000e+000
    outer loop
      vertex  4.349540e+001  1.439870e+000  8.000000e-001
      vertex  4.349540e+001  1.439870e+000  1.800000e+000
      vertex  4.338711e+001  1.300888e+000  8.000000e-001
    endloop
  endfacet
  facet normal  7.888077e-001 -6.146399e-001  0.000000e+000
    outer loop
      vertex  4.338711e+001  1.300888e+000  8.000000e-001
      vertex  4.349540e+001  1.439870e+000  1.800000e+000
      vertex  4.338711e+001  1.300888e+000  1.800000e+000
    endloop
  endfacet
  facet normal  7.812420e-001 -6.242282e-001  0.000000e+000
    outer loop
      vertex  4.338711e+001  1.300888e+000  8.000000e-001
      vertex  4.338711e+001  1.300888e+000  1.800000e+000
      vertex  4.316546e+001  1.023491e+000  8.000000e-001
    endloop
  endfacet
  facet normal  7.812420e-001 -6.242282e-001  0.000000e+000
    outer loop
      vertex  4.316546e+001  1.023491e+000  8.000000e-001
      vertex  4.338711e+001  1.300888e+000  1.800000e+000
      vertex  4.316546e+001  1.023491e+000  1.800000e+000
    endloop
  endfacet
  facet normal  7.830404e-001 -6.219708e-001  0.000000e+000
    outer loop
      vertex  4.316546e+001  1.023491e+000  8.000000e-001
      vertex  4.316546e+001  1.023491e+000  1.800000e+000
      vertex  4.301739e+001  8.370697e-001  8.000000e-001
    endloop
  endfacet
  facet normal  7.830404e-001 -6.219708e-001  0.000000e+000
    outer loop
      vertex  4.301739e+001  8.370697e-001  8.000000e-001
      vertex  4.316546e+001  1.023491e+000  1.800000e+000
      vertex  4.301739e+001  8.370697e-001  1.800000e+000
    endloop
  endfacet
  facet normal  7.888575e-001 -6.145762e-001  0.000000e+000
    outer loop
      vertex  4.301739e+001  8.370697e-001  8.000000e-001
      vertex  4.301739e+001  8.370697e-001  1.800000e+000
      vertex  4.294409e+001  7.429841e-001  8.000000e-001
    endloop
  endfacet
  facet normal  7.888575e-001 -6.145762e-001  0.000000e+000
    outer loop
      vertex  4.294409e+001  7.429841e-001  8.000000e-001
      vertex  4.301739e+001  8.370697e-001  1.800000e+000
      vertex  4.294409e+001  7.429841e-001  1.800000e+000
    endloop
  endfacet
  facet normal  7.958585e-001 -6.054828e-001  0.000000e+000
    outer loop
      vertex  4.294409e+001  7.429841e-001  8.000000e-001
      vertex  4.294409e+001  7.429841e-001  1.800000e+000
      vertex  4.283567e+001  6.004779e-001  8.000000e-001
    endloop
  endfacet
  facet normal  7.958585e-001 -6.054828e-001  0.000000e+000
    outer loop
      vertex  4.283567e+001  6.004779e-001  8.000000e-001
      vertex  4.294409e+001  7.429841e-001  1.800000e+000
      vertex  4.283567e+001  6.004779e-001  1.800000e+000
    endloop
  endfacet
  facet normal  8.074161e-001 -5.899825e-001  0.000000e+000
    outer loop
      vertex  4.283567e+001  6.004779e-001  8.000000e-001
      vertex  4.283567e+001  6.004779e-001  1.800000e+000
      vertex  4.269841e+001  4.126364e-001  8.000000e-001
    endloop
  endfacet
  facet normal  8.074161e-001 -5.899825e-001  0.000000e+000
    outer loop
      vertex  4.269841e+001  4.126364e-001  8.000000e-001
      vertex  4.283567e+001  6.004779e-001  1.800000e+000
      vertex  4.269841e+001  4.126364e-001  1.800000e+000
    endloop
  endfacet
  facet normal  8.220427e-001 -5.694259e-001  0.000000e+000
    outer loop
      vertex  4.269841e+001  4.126364e-001  8.000000e-001
      vertex  4.269841e+001  4.126364e-001  1.800000e+000
      vertex  4.256591e+001  2.213553e-001  8.000000e-001
    endloop
  endfacet
  facet normal  8.220427e-001 -5.694259e-001  0.000000e+000
    outer loop
      vertex  4.256591e+001  2.213553e-001  8.000000e-001
      vertex  4.269841e+001  4.126364e-001  1.800000e+000
      vertex  4.256591e+001  2.213553e-001  1.800000e+000
    endloop
  endfacet
  facet normal  8.373548e-001 -5.466597e-001  0.000000e+000
    outer loop
      vertex  4.256591e+001  2.213553e-001  8.000000e-001
      vertex  4.256591e+001  2.213553e-001  1.800000e+000
      vertex  4.243877e+001  2.660068e-002  8.000000e-001
    endloop
  endfacet
  facet normal  8.373548e-001 -5.466597e-001  0.000000e+000
    outer loop
      vertex  4.243877e+001  2.660068e-002  8.000000e-001
      vertex  4.256591e+001  2.213553e-001  1.800000e+000
      vertex  4.243877e+001  2.660068e-002  1.800000e+000
    endloop
  endfacet
  facet normal  8.525836e-001 -5.225908e-001  0.000000e+000
    outer loop
      vertex  4.243877e+001  2.660068e-002  8.000000e-001
      vertex  4.243877e+001  2.660068e-002  1.800000e+000
      vertex  4.231732e+001 -1.715372e-001  8.000000e-001
    endloop
  endfacet
  facet normal  8.525836e-001 -5.225908e-001  0.000000e+000
    outer loop
      vertex  4.231732e+001 -1.715372e-001  8.000000e-001
      vertex  4.243877e+001  2.660068e-002  1.800000e+000
      vertex  4.231732e+001 -1.715372e-001  1.800000e+000
    endloop
  endfacet
  facet normal  1.821101e-001 -9.832782e-001  0.000000e+000
    outer loop
      vertex  4.231732e+001 -1.715372e-001  8.000000e-001
      vertex  4.231732e+001 -1.715372e-001  1.800000e+000
      vertex  4.179544e+001 -2.681940e-001  8.000000e-001
    endloop
  endfacet
  facet normal  1.821101e-001 -9.832782e-001  0.000000e+000
    outer loop
      vertex  4.179544e+001 -2.681940e-001  8.000000e-001
      vertex  4.231732e+001 -1.715372e-001  1.800000e+000
      vertex  4.179544e+001 -2.681940e-001  1.800000e+000
    endloop
  endfacet
  facet normal  1.751240e-001 -9.845464e-001  0.000000e+000
    outer loop
      vertex  4.179544e+001 -2.681940e-001  8.000000e-001
      vertex  4.179544e+001 -2.681940e-001  1.800000e+000
      vertex  4.127288e+001 -3.611418e-001  8.000000e-001
    endloop
  endfacet
  facet normal  1.751240e-001 -9.845464e-001  0.000000e+000
    outer loop
      vertex  4.127288e+001 -3.611418e-001  8.000000e-001
      vertex  4.179544e+001 -2.681940e-001  1.800000e+000
      vertex  4.127288e+001 -3.611418e-001  1.800000e+000
    endloop
  endfacet
  facet normal  1.631954e-001 -9.865937e-001  0.000000e+000
    outer loop
      vertex  4.127288e+001 -3.611418e-001  8.000000e-001
      vertex  4.127288e+001 -3.611418e-001  1.800000e+000
      vertex  4.081026e+001 -4.376652e-001  8.000000e-001
    endloop
  endfacet
  facet normal  1.631954e-001 -9.865937e-001  0.000000e+000
    outer loop
      vertex  4.081026e+001 -4.376652e-001  8.000000e-001
      vertex  4.127288e+001 -3.611418e-001  1.800000e+000
      vertex  4.081026e+001 -4.376652e-001  1.800000e+000
    endloop
  endfacet
  facet normal  1.518314e-001 -9.884065e-001  0.000000e+000
    outer loop
      vertex  4.081026e+001 -4.376652e-001  8.000000e-001
      vertex  4.081026e+001 -4.376652e-001  1.800000e+000
      vertex  4.057853e+001 -4.732631e-001  8.000000e-001
    endloop
  endfacet
  facet normal  1.518314e-001 -9.884065e-001  0.000000e+000
    outer loop
      vertex  4.057853e+001 -4.732631e-001  8.000000e-001
      vertex  4.081026e+001 -4.376652e-001  1.800000e+000
      vertex  4.057853e+001 -4.732631e-001  1.800000e+000
    endloop
  endfacet
  facet normal  1.427850e-001 -9.897537e-001  0.000000e+000
    outer loop
      vertex  4.057853e+001 -4.732631e-001  8.000000e-001
      vertex  4.057853e+001 -4.732631e-001  1.800000e+000
      vertex  4.034648e+001 -5.067391e-001  8.000000e-001
    endloop
  endfacet
  facet normal  1.427850e-001 -9.897537e-001  0.000000e+000
    outer loop
      vertex  4.034648e+001 -5.067391e-001  8.000000e-001
      vertex  4.057853e+001 -4.732631e-001  1.800000e+000
      vertex  4.034648e+001 -5.067391e-001  1.800000e+000
    endloop
  endfacet
  facet normal  1.326985e-001 -9.911564e-001  0.000000e+000
    outer loop
      vertex  4.034648e+001 -5.067391e-001  8.000000e-001
      vertex  4.034648e+001 -5.067391e-001  1.800000e+000
      vertex  4.011410e+001 -5.378507e-001  8.000000e-001
    endloop
  endfacet
  facet normal  1.326985e-001 -9.911564e-001  0.000000e+000
    outer loop
      vertex  4.011410e+001 -5.378507e-001  8.000000e-001
      vertex  4.034648e+001 -5.067391e-001  1.800000e+000
      vertex  4.011410e+001 -5.378507e-001  1.800000e+000
    endloop
  endfacet
  facet normal  1.215247e-001 -9.925883e-001  0.000000e+000
    outer loop
      vertex  4.011410e+001 -5.378507e-001  8.000000e-001
      vertex  4.011410e+001 -5.378507e-001  1.800000e+000
      vertex  3.988135e+001 -5.663463e-001  8.000000e-001
    endloop
  endfacet
  facet normal  1.215247e-001 -9.925883e-001  0.000000e+000
    outer loop
      vertex  3.988135e+001 -5.663463e-001  8.000000e-001
      vertex  4.011410e+001 -5.378507e-001  1.800000e+000
      vertex  3.988135e+001 -5.663463e-001  1.800000e+000
    endloop
  endfacet
  facet normal  1.089305e-001 -9.940493e-001  0.000000e+000
    outer loop
      vertex  3.988135e+001 -5.663463e-001  8.000000e-001
      vertex  3.988135e+001 -5.663463e-001  1.800000e+000
      vertex  3.964826e+001 -5.918893e-001  8.000000e-001
    endloop
  endfacet
  facet normal  1.089305e-001 -9.940493e-001  0.000000e+000
    outer loop
      vertex  3.964826e+001 -5.918893e-001  8.000000e-001
      vertex  3.988135e+001 -5.663463e-001  1.800000e+000
      vertex  3.964826e+001 -5.918893e-001  1.800000e+000
    endloop
  endfacet
  facet normal  9.463497e-002 -9.955121e-001  0.000000e+000
    outer loop
      vertex  3.964826e+001 -5.918893e-001  8.000000e-001
      vertex  3.964826e+001 -5.918893e-001  1.800000e+000
      vertex  3.941486e+001 -6.140769e-001  8.000000e-001
    endloop
  endfacet
  facet normal  9.463497e-002 -9.955121e-001  0.000000e+000
    outer loop
      vertex  3.941486e+001 -6.140769e-001  8.000000e-001
      vertex  3.964826e+001 -5.918893e-001  1.800000e+000
      vertex  3.941486e+001 -6.140769e-001  1.800000e+000
    endloop
  endfacet
  facet normal  7.691390e-002 -9.970377e-001  0.000000e+000
    outer loop
      vertex  3.941486e+001 -6.140769e-001  8.000000e-001
      vertex  3.941486e+001 -6.140769e-001  1.800000e+000
      vertex  3.913939e+001 -6.353268e-001  8.000000e-001
    endloop
  endfacet
  facet normal  7.691390e-002 -9.970377e-001  0.000000e+000
    outer loop
      vertex  3.913939e+001 -6.353268e-001  8.000000e-001
      vertex  3.941486e+001 -6.140769e-001  1.800000e+000
      vertex  3.913939e+001 -6.353268e-001  1.800000e+000
    endloop
  endfacet
  facet normal  5.518052e-002 -9.984764e-001  0.000000e+000
    outer loop
      vertex  3.913939e+001 -6.353268e-001  8.000000e-001
      vertex  3.913939e+001 -6.353268e-001  1.800000e+000
      vertex  3.886343e+001 -6.505780e-001  8.000000e-001
    endloop
  endfacet
  facet normal  5.518052e-002 -9.984764e-001  0.000000e+000
    outer loop
      vertex  3.886343e+001 -6.505780e-001  8.000000e-001
      vertex  3.913939e+001 -6.353268e-001  1.800000e+000
      vertex  3.886343e+001 -6.505780e-001  1.800000e+000
    endloop
  endfacet
  facet normal  3.060356e-002 -9.995316e-001  0.000000e+000
    outer loop
      vertex  3.886343e+001 -6.505780e-001  8.000000e-001
      vertex  3.886343e+001 -6.505780e-001  1.800000e+000
      vertex  3.858704e+001 -6.590403e-001  8.000000e-001
    endloop
  endfacet
  facet normal  3.060356e-002 -9.995316e-001  0.000000e+000
    outer loop
      vertex  3.858704e+001 -6.590403e-001  8.000000e-001
      vertex  3.886343e+001 -6.505780e-001  1.800000e+000
      vertex  3.858704e+001 -6.590403e-001  1.800000e+000
    endloop
  endfacet
  facet normal  1.029988e-002 -9.999470e-001  0.000000e+000
    outer loop
      vertex  3.858704e+001 -6.590403e-001  8.000000e-001
      vertex  3.858704e+001 -6.590403e-001  1.800000e+000
      vertex  3.844876e+001 -6.604646e-001  8.000000e-001
    endloop
  endfacet
  facet normal  1.029988e-002 -9.999470e-001  0.000000e+000
    outer loop
      vertex  3.844876e+001 -6.604646e-001  8.000000e-001
      vertex  3.858704e+001 -6.590403e-001  1.800000e+000
      vertex  3.844876e+001 -6.604646e-001  1.800000e+000
    endloop
  endfacet
  facet normal -4.279112e-003 -9.999909e-001  -0.000000e+000
    outer loop
      vertex  3.844876e+001 -6.604646e-001  8.000000e-001
      vertex  3.844876e+001 -6.604646e-001  1.800000e+000
      vertex  3.831046e+001 -6.598728e-001  8.000000e-001
    endloop
  endfacet
  facet normal -4.279112e-003 -9.999909e-001  0.000000e+000
    outer loop
      vertex  3.831046e+001 -6.598728e-001  8.000000e-001
      vertex  3.844876e+001 -6.604646e-001  1.800000e+000
      vertex  3.831046e+001 -6.598728e-001  1.800000e+000
    endloop
  endfacet
  facet normal -2.450106e-002 -9.996998e-001  -0.000000e+000
    outer loop
      vertex  3.831046e+001 -6.598728e-001  8.000000e-001
      vertex  3.831046e+001 -6.598728e-001  1.800000e+000
      vertex  3.808925e+001 -6.544513e-001  8.000000e-001
    endloop
  endfacet
  facet normal -2.450106e-002 -9.996998e-001  0.000000e+000
    outer loop
      vertex  3.808925e+001 -6.544513e-001  8.000000e-001
      vertex  3.831046e+001 -6.598728e-001  1.800000e+000
      vertex  3.808925e+001 -6.544513e-001  1.800000e+000
    endloop
  endfacet
  facet normal -5.127464e-002 -9.986845e-001  -0.000000e+000
    outer loop
      vertex  3.808925e+001 -6.544513e-001  8.000000e-001
      vertex  3.808925e+001 -6.544513e-001  1.800000e+000
      vertex  3.786831e+001 -6.431076e-001  8.000000e-001
    endloop
  endfacet
  facet normal -5.127464e-002 -9.986845e-001  0.000000e+000
    outer loop
      vertex  3.786831e+001 -6.431076e-001  8.000000e-001
      vertex  3.808925e+001 -6.544513e-001  1.800000e+000
      vertex  3.786831e+001 -6.431076e-001  1.800000e+000
    endloop
  endfacet
  facet normal -8.027641e-002 -9.967726e-001  -0.000000e+000
    outer loop
      vertex  3.786831e+001 -6.431076e-001  8.000000e-001
      vertex  3.786831e+001 -6.431076e-001  1.800000e+000
      vertex  3.764787e+001 -6.253542e-001  8.000000e-001
    endloop
  endfacet
  facet normal -8.027641e-002 -9.967726e-001  0.000000e+000
    outer loop
      vertex  3.764787e+001 -6.253542e-001  8.000000e-001
      vertex  3.786831e+001 -6.431076e-001  1.800000e+000
      vertex  3.764787e+001 -6.253542e-001  1.800000e+000
    endloop
  endfacet
  facet normal -1.115679e-001 -9.937568e-001  -0.000000e+000
    outer loop
      vertex  3.764787e+001 -6.253542e-001  8.000000e-001
      vertex  3.764787e+001 -6.253542e-001  1.800000e+000
      vertex  3.742818e+001 -6.006900e-001  8.000000e-001
    endloop
  endfacet
  facet normal -1.115679e-001 -9.937568e-001  0.000000e+000
    outer loop
      vertex  3.742818e+001 -6.006900e-001  8.000000e-001
      vertex  3.764787e+001 -6.253542e-001  1.800000e+000
      vertex  3.742818e+001 -6.006900e-001  1.800000e+000
    endloop
  endfacet
  facet normal -1.364907e-001 -9.906414e-001  -0.000000e+000
    outer loop
      vertex  3.742818e+001 -6.006900e-001  8.000000e-001
      vertex  3.742818e+001 -6.006900e-001  1.800000e+000
      vertex  3.731870e+001 -5.856066e-001  8.000000e-001
    endloop
  endfacet
  facet normal -1.364907e-001 -9.906414e-001  0.000000e+000
    outer loop
      vertex  3.731870e+001 -5.856066e-001  8.000000e-001
      vertex  3.742818e+001 -6.006900e-001  1.800000e+000
      vertex  3.731870e+001 -5.856066e-001  1.800000e+000
    endloop
  endfacet
  facet normal -1.538887e-001 -9.880883e-001  -0.000000e+000
    outer loop
      vertex  3.731870e+001 -5.856066e-001  8.000000e-001
      vertex  3.731870e+001 -5.856066e-001  1.800000e+000
      vertex  3.720952e+001 -5.686024e-001  8.000000e-001
    endloop
  endfacet
  facet normal -1.538887e-001 -9.880883e-001  0.000000e+000
    outer loop
      vertex  3.720952e+001 -5.686024e-001  8.000000e-001
      vertex  3.731870e+001 -5.856066e-001  1.800000e+000
      vertex  3.720952e+001 -5.686024e-001  1.800000e+000
    endloop
  endfacet
  facet normal -1.786716e-001 -9.839088e-001  -0.000000e+000
    outer loop
      vertex  3.720952e+001 -5.686024e-001  8.000000e-001
      vertex  3.720952e+001 -5.686024e-001  1.800000e+000
      vertex  3.702009e+001 -5.342031e-001  8.000000e-001
    endloop
  endfacet
  facet normal -1.786716e-001 -9.839088e-001  0.000000e+000
    outer loop
      vertex  3.702009e+001 -5.342031e-001  8.000000e-001
      vertex  3.720952e+001 -5.686024e-001  1.800000e+000
      vertex  3.702009e+001 -5.342031e-001  1.800000e+000
    endloop
  endfacet
  facet normal -2.115412e-001 -9.773691e-001  -0.000000e+000
    outer loop
      vertex  3.702009e+001 -5.342031e-001  8.000000e-001
      vertex  3.702009e+001 -5.342031e-001  1.800000e+000
      vertex  3.683300e+001 -4.937099e-001  8.000000e-001
    endloop
  endfacet
  facet normal -2.115412e-001 -9.773691e-001  0.000000e+000
    outer loop
      vertex  3.683300e+001 -4.937099e-001  8.000000e-001
      vertex  3.702009e+001 -5.342031e-001  1.800000e+000
      vertex  3.683300e+001 -4.937099e-001  1.800000e+000
    endloop
  endfacet
  facet normal -2.461474e-001 -9.692324e-001  -0.000000e+000
    outer loop
      vertex  3.683300e+001 -4.937099e-001  8.000000e-001
      vertex  3.683300e+001 -4.937099e-001  1.800000e+000
      vertex  3.664875e+001 -4.469166e-001  8.000000e-001
    endloop
  endfacet
  facet normal -2.461474e-001 -9.692324e-001  0.000000e+000
    outer loop
      vertex  3.664875e+001 -4.469166e-001  8.000000e-001
      vertex  3.683300e+001 -4.937099e-001  1.800000e+000
      vertex  3.664875e+001 -4.469166e-001  1.800000e+000
    endloop
  endfacet
  facet normal -2.820388e-001 -9.594030e-001  -0.000000e+000
    outer loop
      vertex  3.664875e+001 -4.469166e-001  8.000000e-001
      vertex  3.664875e+001 -4.469166e-001  1.800000e+000
      vertex  3.646717e+001 -3.935359e-001  8.000000e-001
    endloop
  endfacet
  facet normal -2.820388e-001 -9.594030e-001  0.000000e+000
    outer loop
      vertex  3.646717e+001 -3.935359e-001  8.000000e-001
      vertex  3.664875e+001 -4.469166e-001  1.800000e+000
      vertex  3.646717e+001 -3.935359e-001  1.800000e+000
    endloop
  endfacet
  facet normal -3.182551e-001 -9.480051e-001  -0.000000e+000
    outer loop
      vertex  3.646717e+001 -3.935359e-001  8.000000e-001
      vertex  3.646717e+001 -3.935359e-001  1.800000e+000
      vertex  3.628774e+001 -3.333001e-001  8.000000e-001
    endloop
  endfacet
  facet normal -3.182551e-001 -9.480051e-001  0.000000e+000
    outer loop
      vertex  3.628774e+001 -3.333001e-001  8.000000e-001
      vertex  3.646717e+001 -3.935359e-001  1.800000e+000
      vertex  3.628774e+001 -3.333001e-001  1.800000e+000
    endloop
  endfacet
  facet normal -3.537018e-001 -9.353583e-001  -0.000000e+000
    outer loop
      vertex  3.628774e+001 -3.333001e-001  8.000000e-001
      vertex  3.628774e+001 -3.333001e-001  1.800000e+000
      vertex  3.610993e+001 -2.660617e-001  8.000000e-001
    endloop
  endfacet
  facet normal -3.537018e-001 -9.353583e-001  0.000000e+000
    outer loop
      vertex  3.610993e+001 -2.660617e-001  8.000000e-001
      vertex  3.628774e+001 -3.333001e-001  1.800000e+000
      vertex  3.610993e+001 -2.660617e-001  1.800000e+000
    endloop
  endfacet
  facet normal -3.874708e-001 -9.218820e-001  -0.000000e+000
    outer loop
      vertex  3.610993e+001 -2.660617e-001  8.000000e-001
      vertex  3.610993e+001 -2.660617e-001  1.800000e+000
      vertex  3.593347e+001 -1.918948e-001  8.000000e-001
    endloop
  endfacet
  facet normal -3.874708e-001 -9.218820e-001  0.000000e+000
    outer loop
      vertex  3.593347e+001 -1.918948e-001  8.000000e-001
      vertex  3.610993e+001 -2.660617e-001  1.800000e+000
      vertex  3.593347e+001 -1.918948e-001  1.800000e+000
    endloop
  endfacet
  facet normal -4.191608e-001 -9.079120e-001  -0.000000e+000
    outer loop
      vertex  3.593347e+001 -1.918948e-001  8.000000e-001
      vertex  3.593347e+001 -1.918948e-001  1.800000e+000
      vertex  3.575867e+001 -1.111952e-001  8.000000e-001
    endloop
  endfacet
  facet normal -4.191608e-001 -9.079120e-001  0.000000e+000
    outer loop
      vertex  3.575867e+001 -1.111952e-001  8.000000e-001
      vertex  3.593347e+001 -1.918948e-001  1.800000e+000
      vertex  3.575867e+001 -1.111952e-001  1.800000e+000
    endloop
  endfacet
  facet normal -4.467162e-001 -8.946757e-001  -0.000000e+000
    outer loop
      vertex  3.575867e+001 -1.111952e-001  8.000000e-001
      vertex  3.575867e+001 -1.111952e-001  1.800000e+000
      vertex  3.561312e+001 -3.852338e-002  8.000000e-001
    endloop
  endfacet
  facet normal -4.467162e-001 -8.946757e-001  0.000000e+000
    outer loop
      vertex  3.561312e+001 -3.852338e-002  8.000000e-001
      vertex  3.575867e+001 -1.111952e-001  1.800000e+000
      vertex  3.561312e+001 -3.852338e-002  1.800000e+000
    endloop
  endfacet
  facet normal -4.704978e-001 -8.824012e-001  -0.000000e+000
    outer loop
      vertex  3.561312e+001 -3.852338e-002  8.000000e-001
      vertex  3.561312e+001 -3.852338e-002  1.800000e+000
      vertex  3.546955e+001  3.802835e-002  8.000000e-001
    endloop
  endfacet
  facet normal -4.704978e-001 -8.824012e-001  0.000000e+000
    outer loop
      vertex  3.546955e+001  3.802835e-002  8.000000e-001
      vertex  3.561312e+001 -3.852338e-002  1.800000e+000
      vertex  3.546955e+001  3.802835e-002  1.800000e+000
    endloop
  endfacet
  facet normal -4.929443e-001 -8.700609e-001  -0.000000e+000
    outer loop
      vertex  3.546955e+001  3.802835e-002  8.000000e-001
      vertex  3.546955e+001  3.802835e-002  1.800000e+000
      vertex  3.532797e+001  1.182438e-001  8.000000e-001
    endloop
  endfacet
  facet normal -4.929443e-001 -8.700609e-001  0.000000e+000
    outer loop
      vertex  3.532797e+001  1.182438e-001  8.000000e-001
      vertex  3.546955e+001  3.802835e-002  1.800000e+000
      vertex  3.532797e+001  1.182438e-001  1.800000e+000
    endloop
  endfacet
  facet normal -5.114052e-001 -8.593398e-001  -0.000000e+000
    outer loop
      vertex  3.532797e+001  1.182438e-001  8.000000e-001
      vertex  3.532797e+001  1.182438e-001  1.800000e+000
      vertex  3.522459e+001  1.797656e-001  8.000000e-001
    endloop
  endfacet
  facet normal -5.114052e-001 -8.593398e-001  0.000000e+000
    outer loop
      vertex  3.522459e+001  1.797656e-001  8.000000e-001
      vertex  3.532797e+001  1.182438e-001  1.800000e+000
      vertex  3.522459e+001  1.797656e-001  1.800000e+000
    endloop
  endfacet
  facet normal -5.263361e-001 -8.502765e-001  -0.000000e+000
    outer loop
      vertex  3.522459e+001  1.797656e-001  8.000000e-001
      vertex  3.522459e+001  1.797656e-001  1.800000e+000
      vertex  3.512230e+001  2.430903e-001  8.000000e-001
    endloop
  endfacet
  facet normal -5.263361e-001 -8.502765e-001  0.000000e+000
    outer loop
      vertex  3.512230e+001  2.430903e-001  8.000000e-001
      vertex  3.522459e+001  1.797656e-001  1.800000e+000
      vertex  3.512230e+001  2.430903e-001  1.800000e+000
    endloop
  endfacet
  facet normal -5.407934e-001 -8.411554e-001  -0.000000e+000
    outer loop
      vertex  3.512230e+001  2.430903e-001  8.000000e-001
      vertex  3.512230e+001  2.430903e-001  1.800000e+000
      vertex  3.501811e+001  3.100715e-001  8.000000e-001
    endloop
  endfacet
  facet normal -5.407934e-001 -8.411554e-001  0.000000e+000
    outer loop
      vertex  3.501811e+001  3.100715e-001  8.000000e-001
      vertex  3.512230e+001  2.430903e-001  1.800000e+000
      vertex  3.501811e+001  3.100715e-001  1.800000e+000
    endloop
  endfacet
  facet normal -5.548086e-001 -8.319781e-001  -0.000000e+000
    outer loop
      vertex  3.501811e+001  3.100715e-001  8.000000e-001
      vertex  3.501811e+001  3.100715e-001  1.800000e+000
      vertex  3.491506e+001  3.787911e-001  8.000000e-001
    endloop
  endfacet
  facet normal -5.548086e-001 -8.319781e-001  0.000000e+000
    outer loop
      vertex  3.491506e+001  3.787911e-001  8.000000e-001
      vertex  3.501811e+001  3.100715e-001  1.800000e+000
      vertex  3.491506e+001  3.787911e-001  1.800000e+000
    endloop
  endfacet
  facet normal -5.743811e-001 -8.185881e-001  -0.000000e+000
    outer loop
      vertex  3.491506e+001  3.787911e-001  8.000000e-001
      vertex  3.491506e+001  3.787911e-001  1.800000e+000
      vertex  3.471518e+001  5.190432e-001  8.000000e-001
    endloop
  endfacet
  facet normal -5.743811e-001 -8.185881e-001  0.000000e+000
    outer loop
      vertex  3.471518e+001  5.190432e-001  8.000000e-001
      vertex  3.491506e+001  3.787911e-001  1.800000e+000
      vertex  3.471518e+001  5.190432e-001  1.800000e+000
    endloop
  endfacet
  facet normal -5.983744e-001 -8.012166e-001  -0.000000e+000
    outer loop
      vertex  3.471518e+001  5.190432e-001  8.000000e-001
      vertex  3.471518e+001  5.190432e-001  1.800000e+000
      vertex  3.451957e+001  6.651340e-001  8.000000e-001
    endloop
  endfacet
  facet normal -5.983744e-001 -8.012166e-001  0.000000e+000
    outer loop
      vertex  3.451957e+001  6.651340e-001  8.000000e-001
      vertex  3.471518e+001  5.190432e-001  1.800000e+000
      vertex  3.451957e+001  6.651340e-001  1.800000e+000
    endloop
  endfacet
  facet normal -6.202163e-001 -7.844309e-001  -0.000000e+000
    outer loop
      vertex  3.451957e+001  6.651340e-001  8.000000e-001
      vertex  3.451957e+001  6.651340e-001  1.800000e+000
      vertex  3.432809e+001  8.165221e-001  8.000000e-001
    endloop
  endfacet
  facet normal -6.202163e-001 -7.844309e-001  0.000000e+000
    outer loop
      vertex  3.432809e+001  8.165221e-001  8.000000e-001
      vertex  3.451957e+001  6.651340e-001  1.800000e+000
      vertex  3.432809e+001  8.165221e-001  1.800000e+000
    endloop
  endfacet
  facet normal -6.400872e-001 -7.683021e-001  -0.000000e+000
    outer loop
      vertex  3.432809e+001  8.165221e-001  8.000000e-001
      vertex  3.432809e+001  8.165221e-001  1.800000e+000
      vertex  3.414059e+001  9.727319e-001  8.000000e-001
    endloop
  endfacet
  facet normal -6.400872e-001 -7.683021e-001  0.000000e+000
    outer loop
      vertex  3.414059e+001  9.727319e-001  8.000000e-001
      vertex  3.432809e+001  8.165221e-001  1.800000e+000
      vertex  3.414059e+001  9.727319e-001  1.800000e+000
    endloop
  endfacet
  facet normal -6.547219e-001 -7.558698e-001  -0.000000e+000
    outer loop
      vertex  3.414059e+001  9.727319e-001  8.000000e-001
      vertex  3.414059e+001  9.727319e-001  1.800000e+000
      vertex  3.403012e+001  1.068422e+000  8.000000e-001
    endloop
  endfacet
  facet normal -6.547219e-001 -7.558698e-001  0.000000e+000
    outer loop
      vertex  3.403012e+001  1.068422e+000  8.000000e-001
      vertex  3.414059e+001  9.727319e-001  1.800000e+000
      vertex  3.403012e+001  1.068422e+000  1.800000e+000
    endloop
  endfacet
  facet normal -6.649684e-001 -7.468715e-001  -0.000000e+000
    outer loop
      vertex  3.403012e+001  1.068422e+000  8.000000e-001
      vertex  3.403012e+001  1.068422e+000  1.800000e+000
      vertex  3.392113e+001  1.165457e+000  8.000000e-001
    endloop
  endfacet
  facet normal -6.649684e-001 -7.468715e-001  0.000000e+000
    outer loop
      vertex  3.392113e+001  1.165457e+000  8.000000e-001
      vertex  3.403012e+001  1.068422e+000  1.800000e+000
      vertex  3.392113e+001  1.165457e+000  1.800000e+000
    endloop
  endfacet
  facet normal -6.791930e-001 -7.339599e-001  -0.000000e+000
    outer loop
      vertex  3.392113e+001  1.165457e+000  8.000000e-001
      vertex  3.392113e+001  1.165457e+000  1.800000e+000
      vertex  3.370745e+001  1.363192e+000  8.000000e-001
    endloop
  endfacet
  facet normal -6.791930e-001 -7.339599e-001  0.000000e+000
    outer loop
      vertex  3.370745e+001  1.363192e+000  8.000000e-001
      vertex  3.392113e+001  1.165457e+000  1.800000e+000
      vertex  3.370745e+001  1.363192e+000  1.800000e+000
    endloop
  endfacet
  facet normal -6.964272e-001 -7.176275e-001  -0.000000e+000
    outer loop
      vertex  3.370745e+001  1.363192e+000  8.000000e-001
      vertex  3.370745e+001  1.363192e+000  1.800000e+000
      vertex  3.349853e+001  1.565947e+000  8.000000e-001
    endloop
  endfacet
  facet normal -6.964272e-001 -7.176275e-001  0.000000e+000
    outer loop
      vertex  3.349853e+001  1.565947e+000  8.000000e-001
      vertex  3.370745e+001  1.363192e+000  1.800000e+000
      vertex  3.349853e+001  1.565947e+000  1.800000e+000
    endloop
  endfacet
  facet normal -7.122816e-001 -7.018938e-001  -0.000000e+000
    outer loop
      vertex  3.349853e+001  1.565947e+000  8.000000e-001
      vertex  3.349853e+001  1.565947e+000  1.800000e+000
      vertex  3.329352e+001  1.773987e+000  8.000000e-001
    endloop
  endfacet
  facet normal -7.122816e-001 -7.018938e-001  0.000000e+000
    outer loop
      vertex  3.329352e+001  1.773987e+000  8.000000e-001
      vertex  3.349853e+001  1.565947e+000  1.800000e+000
      vertex  3.329352e+001  1.773987e+000  1.800000e+000
    endloop
  endfacet
  facet normal -7.270493e-001 -6.865851e-001  -0.000000e+000
    outer loop
      vertex  3.329352e+001  1.773987e+000  8.000000e-001
      vertex  3.329352e+001  1.773987e+000  1.800000e+000
      vertex  3.312233e+001  1.955269e+000  8.000000e-001
    endloop
  endfacet
  facet normal -7.270493e-001 -6.865851e-001  0.000000e+000
    outer loop
      vertex  3.312233e+001  1.955269e+000  8.000000e-001
      vertex  3.329352e+001  1.773987e+000  1.800000e+000
      vertex  3.312233e+001  1.955269e+000  1.800000e+000
    endloop
  endfacet
  facet normal -7.412401e-001 -6.712400e-001  -0.000000e+000
    outer loop
      vertex  3.312233e+001  1.955269e+000  8.000000e-001
      vertex  3.312233e+001  1.955269e+000  1.800000e+000
      vertex  3.295496e+001  2.140097e+000  8.000000e-001
    endloop
  endfacet
  facet normal -7.412401e-001 -6.712400e-001  0.000000e+000
    outer loop
      vertex  3.295496e+001  2.140097e+000  8.000000e-001
      vertex  3.312233e+001  1.955269e+000  1.800000e+000
      vertex  3.295496e+001  2.140097e+000  1.800000e+000
    endloop
  endfacet
  facet normal -7.558964e-001 -6.546913e-001  -0.000000e+000
    outer loop
      vertex  3.295496e+001  2.140097e+000  8.000000e-001
      vertex  3.295496e+001  2.140097e+000  1.800000e+000
      vertex  3.279170e+001  2.328591e+000  8.000000e-001
    endloop
  endfacet
  facet normal -7.558964e-001 -6.546913e-001  0.000000e+000
    outer loop
      vertex  3.279170e+001  2.328591e+000  8.000000e-001
      vertex  3.295496e+001  2.140097e+000  1.800000e+000
      vertex  3.279170e+001  2.328591e+000  1.800000e+000
    endloop
  endfacet
  facet normal -7.709661e-001 -6.368762e-001  -0.000000e+000
    outer loop
      vertex  3.279170e+001  2.328591e+000  8.000000e-001
      vertex  3.279170e+001  2.328591e+000  1.800000e+000
      vertex  3.263288e+001  2.520851e+000  8.000000e-001
    endloop
  endfacet
  facet normal -7.709661e-001 -6.368762e-001  0.000000e+000
    outer loop
      vertex  3.263288e+001  2.520851e+000  8.000000e-001
      vertex  3.279170e+001  2.328591e+000  1.800000e+000
      vertex  3.263288e+001  2.520851e+000  1.800000e+000
    endloop
  endfacet
  facet normal -7.863979e-001 -6.177203e-001  -0.000000e+000
    outer loop
      vertex  3.263288e+001  2.520851e+000  8.000000e-001
      vertex  3.263288e+001  2.520851e+000  1.800000e+000
      vertex  3.247884e+001  2.716956e+000  8.000000e-001
    endloop
  endfacet
  facet normal -7.863979e-001 -6.177203e-001  0.000000e+000
    outer loop
      vertex  3.247884e+001  2.716956e+000  8.000000e-001
      vertex  3.263288e+001  2.520851e+000  1.800000e+000
      vertex  3.247884e+001  2.716956e+000  1.800000e+000
    endloop
  endfacet
  facet normal -8.020977e-001 -5.971928e-001  -0.000000e+000
    outer loop
      vertex  3.247884e+001  2.716956e+000  8.000000e-001
      vertex  3.247884e+001  2.716956e+000  1.800000e+000
      vertex  3.232992e+001  2.916965e+000  8.000000e-001
    endloop
  endfacet
  facet normal -8.020977e-001 -5.971928e-001  0.000000e+000
    outer loop
      vertex  3.232992e+001  2.916965e+000  8.000000e-001
      vertex  3.247884e+001  2.716956e+000  1.800000e+000
      vertex  3.232992e+001  2.916965e+000  1.800000e+000
    endloop
  endfacet
  facet normal -8.179783e-001 -5.752491e-001  -0.000000e+000
    outer loop
      vertex  3.232992e+001  2.916965e+000  8.000000e-001
      vertex  3.232992e+001  2.916965e+000  1.800000e+000
      vertex  3.218649e+001  3.120919e+000  8.000000e-001
    endloop
  endfacet
  facet normal -8.179783e-001 -5.752491e-001  0.000000e+000
    outer loop
      vertex  3.218649e+001  3.120919e+000  8.000000e-001
      vertex  3.232992e+001  2.916965e+000  1.800000e+000
      vertex  3.218649e+001  3.120919e+000  1.800000e+000
    endloop
  endfacet
  facet normal -8.339532e-001 -5.518351e-001  -0.000000e+000
    outer loop
      vertex  3.218649e+001  3.120919e+000  8.000000e-001
      vertex  3.218649e+001  3.120919e+000  1.800000e+000
      vertex  3.204890e+001  3.328842e+000  8.000000e-001
    endloop
  endfacet
  facet normal -8.339532e-001 -5.518351e-001  0.000000e+000
    outer loop
      vertex  3.204890e+001  3.328842e+000  8.000000e-001
      vertex  3.218649e+001  3.120919e+000  1.800000e+000
      vertex  3.204890e+001  3.328842e+000  1.800000e+000
    endloop
  endfacet
  facet normal -8.493337e-001 -5.278564e-001  -0.000000e+000
    outer loop
      vertex  3.204890e+001  3.328842e+000  8.000000e-001
      vertex  3.204890e+001  3.328842e+000  1.800000e+000
      vertex  3.192659e+001  3.525649e+000  8.000000e-001
    endloop
  endfacet
  facet normal -8.493337e-001 -5.278564e-001  0.000000e+000
    outer loop
      vertex  3.192659e+001  3.525649e+000  8.000000e-001
      vertex  3.204890e+001  3.328842e+000  1.800000e+000
      vertex  3.192659e+001  3.525649e+000  1.800000e+000
    endloop
  endfacet
  facet normal -8.640367e-001 -5.034288e-001  -0.000000e+000
    outer loop
      vertex  3.192659e+001  3.525649e+000  8.000000e-001
      vertex  3.192659e+001  3.525649e+000  1.800000e+000
      vertex  3.180986e+001  3.725996e+000  8.000000e-001
    endloop
  endfacet
  facet normal -8.640367e-001 -5.034288e-001  0.000000e+000
    outer loop
      vertex  3.180986e+001  3.725996e+000  8.000000e-001
      vertex  3.192659e+001  3.525649e+000  1.800000e+000
      vertex  3.180986e+001  3.725996e+000  1.800000e+000
    endloop
  endfacet
  facet normal -8.784497e-001 -4.778347e-001  -0.000000e+000
    outer loop
      vertex  3.180986e+001  3.725996e+000  8.000000e-001
      vertex  3.180986e+001  3.725996e+000  1.800000e+000
      vertex  3.169906e+001  3.929683e+000  8.000000e-001
    endloop
  endfacet
  facet normal -8.784497e-001 -4.778347e-001  0.000000e+000
    outer loop
      vertex  3.169906e+001  3.929683e+000  8.000000e-001
      vertex  3.180986e+001  3.725996e+000  1.800000e+000
      vertex  3.169906e+001  3.929683e+000  1.800000e+000
    endloop
  endfacet
  facet normal -8.922554e-001 -4.515311e-001  -0.000000e+000
    outer loop
      vertex  3.169906e+001  3.929683e+000  8.000000e-001
      vertex  3.169906e+001  3.929683e+000  1.800000e+000
      vertex  3.159443e+001  4.136434e+000  8.000000e-001
    endloop
  endfacet
  facet normal -8.922554e-001 -4.515311e-001  0.000000e+000
    outer loop
      vertex  3.159443e+001  4.136434e+000  8.000000e-001
      vertex  3.169906e+001  3.929683e+000  1.800000e+000
      vertex  3.159443e+001  4.136434e+000  1.800000e+000
    endloop
  endfacet
  facet normal -9.053614e-001 -4.246420e-001  -0.000000e+000
    outer loop
      vertex  3.159443e+001  4.136434e+000  8.000000e-001
      vertex  3.159443e+001  4.136434e+000  1.800000e+000
      vertex  3.149104e+001  4.356887e+000  8.000000e-001
    endloop
  endfacet
  facet normal -9.053614e-001 -4.246420e-001  0.000000e+000
    outer loop
      vertex  3.149104e+001  4.356887e+000  8.000000e-001
      vertex  3.159443e+001  4.136434e+000  1.800000e+000
      vertex  3.149104e+001  4.356887e+000  1.800000e+000
    endloop
  endfacet
  facet normal -9.176322e-001 -3.974307e-001  -0.000000e+000
    outer loop
      vertex  3.149104e+001  4.356887e+000  8.000000e-001
      vertex  3.149104e+001  4.356887e+000  1.800000e+000
      vertex  3.139420e+001  4.580478e+000  8.000000e-001
    endloop
  endfacet
  facet normal -9.176322e-001 -3.974307e-001  0.000000e+000
    outer loop
      vertex  3.139420e+001  4.580478e+000  8.000000e-001
      vertex  3.149104e+001  4.356887e+000  1.800000e+000
      vertex  3.139420e+001  4.580478e+000  1.800000e+000
    endloop
  endfacet
  facet normal -9.288011e-001 -3.705787e-001  -0.000000e+000
    outer loop
      vertex  3.139420e+001  4.580478e+000  8.000000e-001
      vertex  3.139420e+001  4.580478e+000  1.800000e+000
      vertex  3.130390e+001  4.806791e+000  8.000000e-001
    endloop
  endfacet
  facet normal -9.288011e-001 -3.705787e-001  0.000000e+000
    outer loop
      vertex  3.130390e+001  4.806791e+000  8.000000e-001
      vertex  3.139420e+001  4.580478e+000  1.800000e+000
      vertex  3.130390e+001  4.806791e+000  1.800000e+000
    endloop
  endfacet
  facet normal -9.389461e-001 -3.440640e-001  -0.000000e+000
    outer loop
      vertex  3.130390e+001  4.806791e+000  8.000000e-001
      vertex  3.130390e+001  4.806791e+000  1.800000e+000
      vertex  3.122012e+001  5.035426e+000  8.000000e-001
    endloop
  endfacet
  facet normal -9.389461e-001 -3.440640e-001  0.000000e+000
    outer loop
      vertex  3.122012e+001  5.035426e+000  8.000000e-001
      vertex  3.130390e+001  4.806791e+000  1.800000e+000
      vertex  3.122012e+001  5.035426e+000  1.800000e+000
    endloop
  endfacet
  facet normal -9.484347e-001 -3.169724e-001  -0.000000e+000
    outer loop
      vertex  3.122012e+001  5.035426e+000  8.000000e-001
      vertex  3.122012e+001  5.035426e+000  1.800000e+000
      vertex  3.113714e+001  5.283720e+000  8.000000e-001
    endloop
  endfacet
  facet normal -9.484347e-001 -3.169724e-001  0.000000e+000
    outer loop
      vertex  3.113714e+001  5.283720e+000  8.000000e-001
      vertex  3.122012e+001  5.035426e+000  1.800000e+000
      vertex  3.113714e+001  5.283720e+000  1.800000e+000
    endloop
  endfacet
  facet normal -9.572045e-001 -2.894124e-001  -0.000000e+000
    outer loop
      vertex  3.113714e+001  5.283720e+000  8.000000e-001
      vertex  3.113714e+001  5.283720e+000  1.800000e+000
      vertex  3.106149e+001  5.533935e+000  8.000000e-001
    endloop
  endfacet
  facet normal -9.572045e-001 -2.894124e-001  0.000000e+000
    outer loop
      vertex  3.106149e+001  5.533935e+000  8.000000e-001
      vertex  3.113714e+001  5.283720e+000  1.800000e+000
      vertex  3.106149e+001  5.533935e+000  1.800000e+000
    endloop
  endfacet
  facet normal -9.649915e-001 -2.622814e-001  -0.000000e+000
    outer loop
      vertex  3.106149e+001  5.533935e+000  8.000000e-001
      vertex  3.106149e+001  5.533935e+000  1.800000e+000
      vertex  3.099308e+001  5.785627e+000  8.000000e-001
    endloop
  endfacet
  facet normal -9.649915e-001 -2.622814e-001  0.000000e+000
    outer loop
      vertex  3.099308e+001  5.785627e+000  8.000000e-001
      vertex  3.106149e+001  5.533935e+000  1.800000e+000
      vertex  3.099308e+001  5.785627e+000  1.800000e+000
    endloop
  endfacet
  facet normal -9.718606e-001 -2.355566e-001  -0.000000e+000
    outer loop
      vertex  3.099308e+001  5.785627e+000  8.000000e-001
      vertex  3.099308e+001  5.785627e+000  1.800000e+000
      vertex  3.093178e+001  6.038540e+000  8.000000e-001
    endloop
  endfacet
  facet normal -9.718606e-001 -2.355566e-001  0.000000e+000
    outer loop
      vertex  3.093178e+001  6.038540e+000  8.000000e-001
      vertex  3.099308e+001  5.785627e+000  1.800000e+000
      vertex  3.093178e+001  6.038540e+000  1.800000e+000
    endloop
  endfacet
  facet normal -9.778627e-001 -2.092472e-001  -0.000000e+000
    outer loop
      vertex  3.093178e+001  6.038540e+000  8.000000e-001
      vertex  3.093178e+001  6.038540e+000  1.800000e+000
      vertex  3.087742e+001  6.292566e+000  8.000000e-001
    endloop
  endfacet
  facet normal -9.778627e-001 -2.092472e-001  0.000000e+000
    outer loop
      vertex  3.087742e+001  6.292566e+000  8.000000e-001
      vertex  3.093178e+001  6.038540e+000  1.800000e+000
      vertex  3.087742e+001  6.292566e+000  1.800000e+000
    endloop
  endfacet
  facet normal -9.830429e-001 -1.833757e-001  -0.000000e+000
    outer loop
      vertex  3.087742e+001  6.292566e+000  8.000000e-001
      vertex  3.087742e+001  6.292566e+000  1.800000e+000
      vertex  3.082983e+001  6.547698e+000  8.000000e-001
    endloop
  endfacet
  facet normal -9.830429e-001 -1.833757e-001  0.000000e+000
    outer loop
      vertex  3.082983e+001  6.547698e+000  8.000000e-001
      vertex  3.087742e+001  6.292566e+000  1.800000e+000
      vertex  3.082983e+001  6.547698e+000  1.800000e+000
    endloop
  endfacet
  facet normal -9.874463e-001 -1.579547e-001  -0.000000e+000
    outer loop
      vertex  3.082983e+001  6.547698e+000  8.000000e-001
      vertex  3.082983e+001  6.547698e+000  1.800000e+000
      vertex  3.078883e+001  6.803987e+000  8.000000e-001
    endloop
  endfacet
  facet normal -9.874463e-001 -1.579547e-001  0.000000e+000
    outer loop
      vertex  3.078883e+001  6.803987e+000  8.000000e-001
      vertex  3.082983e+001  6.547698e+000  1.800000e+000
      vertex  3.078883e+001  6.803987e+000  1.800000e+000
    endloop
  endfacet
  facet normal -9.911216e-001 -1.329578e-001  -0.000000e+000
    outer loop
      vertex  3.078883e+001  6.803987e+000  8.000000e-001
      vertex  3.078883e+001  6.803987e+000  1.800000e+000
      vertex  3.075429e+001  7.061491e+000  8.000000e-001
    endloop
  endfacet
  facet normal -9.911216e-001 -1.329578e-001  0.000000e+000
    outer loop
      vertex  3.075429e+001  7.061491e+000  8.000000e-001
      vertex  3.078883e+001  6.803987e+000  1.800000e+000
      vertex  3.075429e+001  7.061491e+000  1.800000e+000
    endloop
  endfacet
  facet normal -9.941149e-001 -1.083299e-001  -0.000000e+000
    outer loop
      vertex  3.075429e+001  7.061491e+000  8.000000e-001
      vertex  3.075429e+001  7.061491e+000  1.800000e+000
      vertex  3.072609e+001  7.320242e+000  8.000000e-001
    endloop
  endfacet
  facet normal -9.941149e-001 -1.083299e-001  0.000000e+000
    outer loop
      vertex  3.072609e+001  7.320242e+000  8.000000e-001
      vertex  3.075429e+001  7.061491e+000  1.800000e+000
      vertex  3.072609e+001  7.320242e+000  1.800000e+000
    endloop
  endfacet
  facet normal -9.964728e-001 -8.391543e-002  -0.000000e+000
    outer loop
      vertex  3.072609e+001  7.320242e+000  8.000000e-001
      vertex  3.072609e+001  7.320242e+000  1.800000e+000
      vertex  3.070420e+001  7.580187e+000  8.000000e-001
    endloop
  endfacet
  facet normal -9.964728e-001 -8.391543e-002  0.000000e+000
    outer loop
      vertex  3.070420e+001  7.580187e+000  8.000000e-001
      vertex  3.072609e+001  7.320242e+000  1.800000e+000
      vertex  3.070420e+001  7.580187e+000  1.800000e+000
    endloop
  endfacet
  facet normal -9.982310e-001 -5.945399e-002  -0.000000e+000
    outer loop
      vertex  3.070420e+001  7.580187e+000  8.000000e-001
      vertex  3.070420e+001  7.580187e+000  1.800000e+000
      vertex  3.068866e+001  7.841154e+000  8.000000e-001
    endloop
  endfacet
  facet normal -9.982310e-001 -5.945399e-002  0.000000e+000
    outer loop
      vertex  3.068866e+001  7.841154e+000  8.000000e-001
      vertex  3.070420e+001  7.580187e+000  1.800000e+000
      vertex  3.068866e+001  7.841154e+000  1.800000e+000
    endloop
  endfacet
  facet normal -9.994010e-001 -3.460574e-002  -0.000000e+000
    outer loop
      vertex  3.068866e+001  7.841154e+000  8.000000e-001
      vertex  3.068866e+001  7.841154e+000  1.800000e+000
      vertex  3.067960e+001  8.102800e+000  8.000000e-001
    endloop
  endfacet
  facet normal -9.994010e-001 -3.460574e-002  0.000000e+000
    outer loop
      vertex  3.067960e+001  8.102800e+000  8.000000e-001
      vertex  3.068866e+001  7.841154e+000  1.800000e+000
      vertex  3.067960e+001  8.102800e+000  1.800000e+000
    endloop
  endfacet
  facet normal -9.999471e-001 -1.028538e-002  -0.000000e+000
    outer loop
      vertex  3.067960e+001  8.102800e+000  8.000000e-001
      vertex  3.067960e+001  8.102800e+000  1.800000e+000
      vertex  3.067718e+001  8.337744e+000  8.000000e-001
    endloop
  endfacet
  facet normal -9.999471e-001 -1.028538e-002  0.000000e+000
    outer loop
      vertex  3.067718e+001  8.337744e+000  8.000000e-001
      vertex  3.067960e+001  8.102800e+000  1.800000e+000
      vertex  3.067718e+001  8.337744e+000  1.800000e+000
    endloop
  endfacet
  facet normal -9.999073e-001  1.362130e-002  0.000000e+000
    outer loop
      vertex  3.067718e+001  8.337744e+000  8.000000e-001
      vertex  3.067718e+001  8.337744e+000  1.800000e+000
      vertex  3.068038e+001  8.572687e+000  8.000000e-001
    endloop
  endfacet
  facet normal -9.999073e-001  1.362130e-002  0.000000e+000
    outer loop
      vertex  3.068038e+001  8.572687e+000  8.000000e-001
      vertex  3.067718e+001  8.337744e+000  1.800000e+000
      vertex  3.068038e+001  8.572687e+000  1.800000e+000
    endloop
  endfacet
  facet normal -9.992627e-001  3.839431e-002  0.000000e+000
    outer loop
      vertex  3.068038e+001  8.572687e+000  8.000000e-001
      vertex  3.068038e+001  8.572687e+000  1.800000e+000
      vertex  3.068940e+001  8.807490e+000  8.000000e-001
    endloop
  endfacet
  facet normal -9.992627e-001  3.839431e-002  0.000000e+000
    outer loop
      vertex  3.068940e+001  8.807490e+000  8.000000e-001
      vertex  3.068038e+001  8.572687e+000  1.800000e+000
      vertex  3.068940e+001  8.807490e+000  1.800000e+000
    endloop
  endfacet
  facet normal -9.979439e-001  6.409179e-002  0.000000e+000
    outer loop
      vertex  3.068940e+001  8.807490e+000  8.000000e-001
      vertex  3.068940e+001  8.807490e+000  1.800000e+000
      vertex  3.070446e+001  9.041989e+000  8.000000e-001
    endloop
  endfacet
  facet normal -9.979439e-001  6.409179e-002  0.000000e+000
    outer loop
      vertex  3.070446e+001  9.041989e+000  8.000000e-001
      vertex  3.068940e+001  8.807490e+000  1.800000e+000
      vertex  3.070446e+001  9.041989e+000  1.800000e+000
    endloop
  endfacet
  facet normal -9.958782e-001  9.070005e-002  0.000000e+000
    outer loop
      vertex  3.070446e+001  9.041989e+000  8.000000e-001
      vertex  3.070446e+001  9.041989e+000  1.800000e+000
      vertex  3.072578e+001  9.276001e+000  8.000000e-001
    endloop
  endfacet
  facet normal -9.958782e-001  9.070005e-002  0.000000e+000
    outer loop
      vertex  3.072578e+001  9.276001e+000  8.000000e-001
      vertex  3.070446e+001  9.041989e+000  1.800000e+000
      vertex  3.072578e+001  9.276001e+000  1.800000e+000
    endloop
  endfacet
  facet normal -9.929843e-001  1.182460e-001  0.000000e+000
    outer loop
      vertex  3.072578e+001  9.276001e+000  8.000000e-001
      vertex  3.072578e+001  9.276001e+000  1.800000e+000
      vertex  3.075356e+001  9.509323e+000  8.000000e-001
    endloop
  endfacet
  facet normal -9.929843e-001  1.182460e-001  0.000000e+000
    outer loop
      vertex  3.075356e+001  9.509323e+000  8.000000e-001
      vertex  3.072578e+001  9.276001e+000  1.800000e+000
      vertex  3.075356e+001  9.509323e+000  1.800000e+000
    endloop
  endfacet
  facet normal -9.891790e-001  1.467137e-001  0.000000e+000
    outer loop
      vertex  3.075356e+001  9.509323e+000  8.000000e-001
      vertex  3.075356e+001  9.509323e+000  1.800000e+000
      vertex  3.078803e+001  9.741738e+000  8.000000e-001
    endloop
  endfacet
  facet normal -9.891790e-001  1.467137e-001  0.000000e+000
    outer loop
      vertex  3.078803e+001  9.741738e+000  8.000000e-001
      vertex  3.075356e+001  9.509323e+000  1.800000e+000
      vertex  3.078803e+001  9.741738e+000  1.800000e+000
    endloop
  endfacet
  facet normal -9.843748e-001  1.760857e-001  0.000000e+000
    outer loop
      vertex  3.078803e+001  9.741738e+000  8.000000e-001
      vertex  3.078803e+001  9.741738e+000  1.800000e+000
      vertex  3.082940e+001  9.973012e+000  8.000000e-001
    endloop
  endfacet
  facet normal -9.843748e-001  1.760857e-001  0.000000e+000
    outer loop
      vertex  3.082940e+001  9.973012e+000  8.000000e-001
      vertex  3.078803e+001  9.741738e+000  1.800000e+000
      vertex  3.082940e+001  9.973012e+000  1.800000e+000
    endloop
  endfacet
  facet normal -9.785516e-001  2.060021e-001  0.000000e+000
    outer loop
      vertex  3.082940e+001  9.973012e+000  8.000000e-001
      vertex  3.082940e+001  9.973012e+000  1.800000e+000
      vertex  3.087667e+001  1.019754e+001  8.000000e-001
    endloop
  endfacet
  facet normal -9.785516e-001  2.060021e-001  0.000000e+000
    outer loop
      vertex  3.087667e+001  1.019754e+001  8.000000e-001
      vertex  3.082940e+001  9.973012e+000  1.800000e+000
      vertex  3.087667e+001  1.019754e+001  1.800000e+000
    endloop
  endfacet
  facet normal -9.717096e-001  2.361787e-001  0.000000e+000
    outer loop
      vertex  3.087667e+001  1.019754e+001  8.000000e-001
      vertex  3.087667e+001  1.019754e+001  1.800000e+000
      vertex  3.093081e+001  1.042027e+001  8.000000e-001
    endloop
  endfacet
  facet normal -9.717096e-001  2.361787e-001  0.000000e+000
    outer loop
      vertex  3.093081e+001  1.042027e+001  8.000000e-001
      vertex  3.087667e+001  1.019754e+001  1.800000e+000
      vertex  3.093081e+001  1.042027e+001  1.800000e+000
    endloop
  endfacet
  facet normal -9.639405e-001  2.661178e-001  0.000000e+000
    outer loop
      vertex  3.093081e+001  1.042027e+001  8.000000e-001
      vertex  3.093081e+001  1.042027e+001  1.800000e+000
      vertex  3.099180e+001  1.064121e+001  8.000000e-001
    endloop
  endfacet
  facet normal -9.639405e-001  2.661178e-001  0.000000e+000
    outer loop
      vertex  3.099180e+001  1.064121e+001  8.000000e-001
      vertex  3.093081e+001  1.042027e+001  1.800000e+000
      vertex  3.099180e+001  1.064121e+001  1.800000e+000
    endloop
  endfacet
  facet normal -9.554450e-001  2.951692e-001  0.000000e+000
    outer loop
      vertex  3.099180e+001  1.064121e+001  8.000000e-001
      vertex  3.099180e+001  1.064121e+001  1.800000e+000
      vertex  3.105953e+001  1.086045e+001  8.000000e-001
    endloop
  endfacet
  facet normal -9.554450e-001  2.951692e-001  0.000000e+000
    outer loop
      vertex  3.105953e+001  1.086045e+001  8.000000e-001
      vertex  3.099180e+001  1.064121e+001  1.800000e+000
      vertex  3.105953e+001  1.086045e+001  1.800000e+000
    endloop
  endfacet
  facet normal -9.484347e-001  3.169726e-001  0.000000e+000
    outer loop
      vertex  3.105953e+001  1.086045e+001  8.000000e-001
      vertex  3.105953e+001  1.086045e+001  1.800000e+000
      vertex  3.109946e+001  1.097991e+001  8.000000e-001
    endloop
  endfacet
  facet normal -9.484347e-001  3.169726e-001  0.000000e+000
    outer loop
      vertex  3.109946e+001  1.097991e+001  8.000000e-001
      vertex  3.105953e+001  1.086045e+001  1.800000e+000
      vertex  3.109946e+001  1.097991e+001  1.800000e+000
    endloop
  endfacet
  facet normal -9.432623e-001  3.320486e-001  0.000000e+000
    outer loop
      vertex  3.109946e+001  1.097991e+001  8.000000e-001
      vertex  3.109946e+001  1.097991e+001  1.800000e+000
      vertex  3.114128e+001  1.109873e+001  8.000000e-001
    endloop
  endfacet
  facet normal -9.432623e-001  3.320486e-001  0.000000e+000
    outer loop
      vertex  3.114128e+001  1.109873e+001  8.000000e-001
      vertex  3.109946e+001  1.097991e+001  1.800000e+000
      vertex  3.114128e+001  1.109873e+001  1.800000e+000
    endloop
  endfacet
  facet normal -9.378732e-001  3.469783e-001  0.000000e+000
    outer loop
      vertex  3.114128e+001  1.109873e+001  8.000000e-001
      vertex  3.114128e+001  1.109873e+001  1.800000e+000
      vertex  3.118599e+001  1.121957e+001  8.000000e-001
    endloop
  endfacet
  facet normal -9.378732e-001  3.469783e-001  0.000000e+000
    outer loop
      vertex  3.118599e+001  1.121957e+001  8.000000e-001
      vertex  3.114128e+001  1.109873e+001  1.800000e+000
      vertex  3.118599e+001  1.121957e+001  1.800000e+000
    endloop
  endfacet
  facet normal -9.322826e-001  3.617307e-001  0.000000e+000
    outer loop
      vertex  3.118599e+001  1.121957e+001  8.000000e-001
      vertex  3.118599e+001  1.121957e+001  1.800000e+000
      vertex  3.123260e+001  1.133969e+001  8.000000e-001
    endloop
  endfacet
  facet normal -9.322826e-001  3.617307e-001  0.000000e+000
    outer loop
      vertex  3.123260e+001  1.133969e+001  8.000000e-001
      vertex  3.118599e+001  1.121957e+001  1.800000e+000
      vertex  3.123260e+001  1.133969e+001  1.800000e+000
    endloop
  endfacet
  facet normal -9.237225e-001  3.830624e-001  0.000000e+000
    outer loop
      vertex  3.123260e+001  1.133969e+001  8.000000e-001
      vertex  3.123260e+001  1.133969e+001  1.800000e+000
      vertex  3.133021e+001  1.157508e+001  8.000000e-001
    endloop
  endfacet
  facet normal -9.237225e-001  3.830624e-001  0.000000e+000
    outer loop
      vertex  3.133021e+001  1.157508e+001  8.000000e-001
      vertex  3.123260e+001  1.133969e+001  1.800000e+000
      vertex  3.133021e+001  1.157508e+001  1.800000e+000
    endloop
  endfacet
  facet normal -9.119623e-001  4.102739e-001  0.000000e+000
    outer loop
      vertex  3.133021e+001  1.157508e+001  8.000000e-001
      vertex  3.133021e+001  1.157508e+001  1.800000e+000
      vertex  3.143476e+001  1.180747e+001  8.000000e-001
    endloop
  endfacet
  facet normal -9.119623e-001  4.102739e-001  0.000000e+000
    outer loop
      vertex  3.143476e+001  1.180747e+001  8.000000e-001
      vertex  3.133021e+001  1.157508e+001  1.800000e+000
      vertex  3.143476e+001  1.180747e+001  1.800000e+000
    endloop
  endfacet
  facet normal -8.998702e-001  4.361578e-001  0.000000e+000
    outer loop
      vertex  3.143476e+001  1.180747e+001  8.000000e-001
      vertex  3.143476e+001  1.180747e+001  1.800000e+000
      vertex  3.154591e+001  1.203679e+001  8.000000e-001
    endloop
  endfacet
  facet normal -8.998702e-001  4.361578e-001  0.000000e+000
    outer loop
      vertex  3.154591e+001  1.203679e+001  8.000000e-001
      vertex  3.143476e+001  1.180747e+001  1.800000e+000
      vertex  3.154591e+001  1.203679e+001  1.800000e+000
    endloop
  endfacet
  facet normal -8.875339e-001  4.607425e-001  0.000000e+000
    outer loop
      vertex  3.154591e+001  1.203679e+001  8.000000e-001
      vertex  3.154591e+001  1.203679e+001  1.800000e+000
      vertex  3.166332e+001  1.226296e+001  8.000000e-001
    endloop
  endfacet
  facet normal -8.875339e-001  4.607425e-001  0.000000e+000
    outer loop
      vertex  3.166332e+001  1.226296e+001  8.000000e-001
      vertex  3.154591e+001  1.203679e+001  1.800000e+000
      vertex  3.166332e+001  1.226296e+001  1.800000e+000
    endloop
  endfacet
  facet normal -8.750309e-001  4.840670e-001  0.000000e+000
    outer loop
      vertex  3.166332e+001  1.226296e+001  8.000000e-001
      vertex  3.166332e+001  1.226296e+001  1.800000e+000
      vertex  3.178667e+001  1.248594e+001  8.000000e-001
    endloop
  endfacet
  facet normal -8.750309e-001  4.840670e-001  0.000000e+000
    outer loop
      vertex  3.178667e+001  1.248594e+001  8.000000e-001
      vertex  3.166332e+001  1.226296e+001  1.800000e+000
      vertex  3.178667e+001  1.248594e+001  1.800000e+000
    endloop
  endfacet
  facet normal -8.624484e-001  5.061451e-001  0.000000e+000
    outer loop
      vertex  3.178667e+001  1.248594e+001  8.000000e-001
      vertex  3.178667e+001  1.248594e+001  1.800000e+000
      vertex  3.191564e+001  1.270570e+001  8.000000e-001
    endloop
  endfacet
  facet normal -8.624484e-001  5.061451e-001  0.000000e+000
    outer loop
      vertex  3.191564e+001  1.270570e+001  8.000000e-001
      vertex  3.178667e+001  1.248594e+001  1.800000e+000
      vertex  3.191564e+001  1.270570e+001  1.800000e+000
    endloop
  endfacet
  facet normal -8.500493e-001  5.267031e-001  0.000000e+000
    outer loop
      vertex  3.191564e+001  1.270570e+001  8.000000e-001
      vertex  3.191564e+001  1.270570e+001  1.800000e+000
      vertex  3.204549e+001  1.291526e+001  8.000000e-001
    endloop
  endfacet
  facet normal -8.500493e-001  5.267031e-001  0.000000e+000
    outer loop
      vertex  3.204549e+001  1.291526e+001  8.000000e-001
      vertex  3.191564e+001  1.270570e+001  1.800000e+000
      vertex  3.204549e+001  1.291526e+001  1.800000e+000
    endloop
  endfacet
  facet normal -8.376935e-001  5.461407e-001  0.000000e+000
    outer loop
      vertex  3.204549e+001  1.291526e+001  8.000000e-001
      vertex  3.204549e+001  1.291526e+001  1.800000e+000
      vertex  3.218025e+001  1.312196e+001  8.000000e-001
    endloop
  endfacet
  facet normal -8.376935e-001  5.461407e-001  0.000000e+000
    outer loop
      vertex  3.218025e+001  1.312196e+001  8.000000e-001
      vertex  3.204549e+001  1.291526e+001  1.800000e+000
      vertex  3.218025e+001  1.312196e+001  1.800000e+000
    endloop
  endfacet
  facet normal -8.244591e-001  5.659215e-001  0.000000e+000
    outer loop
      vertex  3.218025e+001  1.312196e+001  8.000000e-001
      vertex  3.218025e+001  1.312196e+001  1.800000e+000
      vertex  3.231989e+001  1.332539e+001  8.000000e-001
    endloop
  endfacet
  facet normal -8.244591e-001  5.659215e-001  0.000000e+000
    outer loop
      vertex  3.231989e+001  1.332539e+001  8.000000e-001
      vertex  3.218025e+001  1.312196e+001  1.800000e+000
      vertex  3.231989e+001  1.332539e+001  1.800000e+000
    endloop
  endfacet
  facet normal -8.097814e-001  5.867318e-001  0.000000e+000
    outer loop
      vertex  3.231989e+001  1.332539e+001  8.000000e-001
      vertex  3.231989e+001  1.332539e+001  1.800000e+000
      vertex  3.246453e+001  1.352502e+001  8.000000e-001
    endloop
  endfacet
  facet normal -8.097814e-001  5.867318e-001  0.000000e+000
    outer loop
      vertex  3.246453e+001  1.352502e+001  8.000000e-001
      vertex  3.231989e+001  1.332539e+001  1.800000e+000
      vertex  3.246453e+001  1.352502e+001  1.800000e+000
    endloop
  endfacet
  facet normal -7.938790e-001  6.080757e-001  0.000000e+000
    outer loop
      vertex  3.246453e+001  1.352502e+001  8.000000e-001
      vertex  3.246453e+001  1.352502e+001  1.800000e+000
      vertex  3.260657e+001  1.371047e+001  8.000000e-001
    endloop
  endfacet
  facet normal -7.938790e-001  6.080757e-001  0.000000e+000
    outer loop
      vertex  3.260657e+001  1.371047e+001  8.000000e-001
      vertex  3.246453e+001  1.352502e+001  1.800000e+000
      vertex  3.260657e+001  1.371047e+001  1.800000e+000
    endloop
  endfacet
  facet normal -7.767370e-001  6.298251e-001  0.000000e+000
    outer loop
      vertex  3.260657e+001  1.371047e+001  8.000000e-001
      vertex  3.260657e+001  1.371047e+001  1.800000e+000
      vertex  3.275377e+001  1.389199e+001  8.000000e-001
    endloop
  endfacet
  facet normal -7.767370e-001  6.298251e-001  0.000000e+000
    outer loop
      vertex  3.275377e+001  1.389199e+001  8.000000e-001
      vertex  3.260657e+001  1.371047e+001  1.800000e+000
      vertex  3.275377e+001  1.389199e+001  1.800000e+000
    endloop
  endfacet
  facet normal -7.576856e-001  6.526197e-001  0.000000e+000
    outer loop
      vertex  3.275377e+001  1.389199e+001  8.000000e-001
      vertex  3.275377e+001  1.389199e+001  1.800000e+000
      vertex  3.290639e+001  1.406919e+001  8.000000e-001
    endloop
  endfacet
  facet normal -7.576856e-001  6.526197e-001  0.000000e+000
    outer loop
      vertex  3.290639e+001  1.406919e+001  8.000000e-001
      vertex  3.275377e+001  1.389199e+001  1.800000e+000
      vertex  3.290639e+001  1.406919e+001  1.800000e+000
    endloop
  endfacet
  facet normal -7.418489e-001  6.705669e-001  0.000000e+000
    outer loop
      vertex  3.290639e+001  1.406919e+001  8.000000e-001
      vertex  3.290639e+001  1.406919e+001  1.800000e+000
      vertex  3.298764e+001  1.415907e+001  8.000000e-001
    endloop
  endfacet
  facet normal -7.418489e-001  6.705669e-001  0.000000e+000
    outer loop
      vertex  3.298764e+001  1.415907e+001  8.000000e-001
      vertex  3.290639e+001  1.406919e+001  1.800000e+000
      vertex  3.298764e+001  1.415907e+001  1.800000e+000
    endloop
  endfacet
  facet normal -7.302482e-001  6.831819e-001  0.000000e+000
    outer loop
      vertex  3.298764e+001  1.415907e+001  8.000000e-001
      vertex  3.298764e+001  1.415907e+001  1.800000e+000
      vertex  3.307043e+001  1.424757e+001  8.000000e-001
    endloop
  endfacet
  facet normal -7.302482e-001  6.831819e-001  0.000000e+000
    outer loop
      vertex  3.307043e+001  1.424757e+001  8.000000e-001
      vertex  3.298764e+001  1.415907e+001  1.800000e+000
      vertex  3.307043e+001  1.424757e+001  1.800000e+000
    endloop
  endfacet
  facet normal -7.184330e-001  6.955962e-001  0.000000e+000
    outer loop
      vertex  3.307043e+001  1.424757e+001  8.000000e-001
      vertex  3.307043e+001  1.424757e+001  1.800000e+000
      vertex  3.314895e+001  1.432867e+001  8.000000e-001
    endloop
  endfacet
  facet normal -7.184330e-001  6.955962e-001  0.000000e+000
    outer loop
      vertex  3.314895e+001  1.432867e+001  8.000000e-001
      vertex  3.307043e+001  1.424757e+001  1.800000e+000
      vertex  3.314895e+001  1.432867e+001  1.800000e+000
    endloop
  endfacet
  facet normal -7.063630e-001  7.078497e-001  0.000000e+000
    outer loop
      vertex  3.314895e+001  1.432867e+001  8.000000e-001
      vertex  3.314895e+001  1.432867e+001  1.800000e+000
      vertex  3.322886e+001  1.440841e+001  8.000000e-001
    endloop
  endfacet
  facet normal -7.063630e-001  7.078497e-001  0.000000e+000
    outer loop
      vertex  3.322886e+001  1.440841e+001  8.000000e-001
      vertex  3.314895e+001  1.432867e+001  1.800000e+000
      vertex  3.322886e+001  1.440841e+001  1.800000e+000
    endloop
  endfacet
  facet normal -6.888476e-001  7.249061e-001  0.000000e+000
    outer loop
      vertex  3.322886e+001  1.440841e+001  8.000000e-001
      vertex  3.322886e+001  1.440841e+001  1.800000e+000
      vertex  3.337027e+001  1.454279e+001  8.000000e-001
    endloop
  endfacet
  facet normal -6.888476e-001  7.249061e-001  0.000000e+000
    outer loop
      vertex  3.337027e+001  1.454279e+001  8.000000e-001
      vertex  3.322886e+001  1.440841e+001  1.800000e+000
      vertex  3.337027e+001  1.454279e+001  1.800000e+000
    endloop
  endfacet
  facet normal -6.648235e-001  7.470005e-001  0.000000e+000
    outer loop
      vertex  3.337027e+001  1.454279e+001  8.000000e-001
      vertex  3.337027e+001  1.454279e+001  1.800000e+000
      vertex  3.351596e+001  1.467245e+001  8.000000e-001
    endloop
  endfacet
  facet normal -6.648235e-001  7.470005e-001  0.000000e+000
    outer loop
      vertex  3.351596e+001  1.467245e+001  8.000000e-001
      vertex  3.337027e+001  1.454279e+001  1.800000e+000
      vertex  3.351596e+001  1.467245e+001  1.800000e+000
    endloop
  endfacet
  facet normal -6.385160e-001  7.696085e-001  0.000000e+000
    outer loop
      vertex  3.351596e+001  1.467245e+001  8.000000e-001
      vertex  3.351596e+001  1.467245e+001  1.800000e+000
      vertex  3.366598e+001  1.479692e+001  8.000000e-001
    endloop
  endfacet
  facet normal -6.385160e-001  7.696085e-001  0.000000e+000
    outer loop
      vertex  3.366598e+001  1.479692e+001  8.000000e-001
      vertex  3.351596e+001  1.467245e+001  1.800000e+000
      vertex  3.366598e+001  1.479692e+001  1.800000e+000
    endloop
  endfacet
  facet normal -6.097799e-001  7.925709e-001  0.000000e+000
    outer loop
      vertex  3.366598e+001  1.479692e+001  8.000000e-001
      vertex  3.366598e+001  1.479692e+001  1.800000e+000
      vertex  3.382038e+001  1.491571e+001  8.000000e-001
    endloop
  endfacet
  facet normal -6.097799e-001  7.925709e-001  0.000000e+000
    outer loop
      vertex  3.382038e+001  1.491571e+001  8.000000e-001
      vertex  3.366598e+001  1.479692e+001  1.800000e+000
      vertex  3.382038e+001  1.491571e+001  1.800000e+000
    endloop
  endfacet
  facet normal -5.863425e-001  8.100632e-001  0.000000e+000
    outer loop
      vertex  3.382038e+001  1.491571e+001  8.000000e-001
      vertex  3.382038e+001  1.491571e+001  1.800000e+000
      vertex  3.390134e+001  1.497430e+001  8.000000e-001
    endloop
  endfacet
  facet normal -5.863425e-001  8.100632e-001  0.000000e+000
    outer loop
      vertex  3.390134e+001  1.497430e+001  8.000000e-001
      vertex  3.382038e+001  1.491571e+001  1.800000e+000
      vertex  3.390134e+001  1.497430e+001  1.800000e+000
    endloop
  endfacet
  facet normal -5.695246e-001  8.219742e-001  0.000000e+000
    outer loop
      vertex  3.390134e+001  1.497430e+001  8.000000e-001
      vertex  3.390134e+001  1.497430e+001  1.800000e+000
      vertex  3.398346e+001  1.503120e+001  8.000000e-001
    endloop
  endfacet
  facet normal -5.695246e-001  8.219742e-001  0.000000e+000
    outer loop
      vertex  3.398346e+001  1.503120e+001  8.000000e-001
      vertex  3.390134e+001  1.497430e+001  1.800000e+000
      vertex  3.398346e+001  1.503120e+001  1.800000e+000
    endloop
  endfacet
  facet normal -5.524547e-001  8.335429e-001  0.000000e+000
    outer loop
      vertex  3.398346e+001  1.503120e+001  8.000000e-001
      vertex  3.398346e+001  1.503120e+001  1.800000e+000
      vertex  3.406244e+001  1.508355e+001  8.000000e-001
    endloop
  endfacet
  facet normal -5.524547e-001  8.335429e-001  0.000000e+000
    outer loop
      vertex  3.406244e+001  1.508355e+001  8.000000e-001
      vertex  3.398346e+001  1.503120e+001  1.800000e+000
      vertex  3.406244e+001  1.508355e+001  1.800000e+000
    endloop
  endfacet
  facet normal -5.351172e-001  8.447778e-001  0.000000e+000
    outer loop
      vertex  3.406244e+001  1.508355e+001  8.000000e-001
      vertex  3.406244e+001  1.508355e+001  1.800000e+000
      vertex  3.414249e+001  1.513426e+001  8.000000e-001
    endloop
  endfacet
  facet normal -5.351172e-001  8.447778e-001  0.000000e+000
    outer loop
      vertex  3.414249e+001  1.513426e+001  8.000000e-001
      vertex  3.406244e+001  1.508355e+001  1.800000e+000
      vertex  3.414249e+001  1.513426e+001  1.800000e+000
    endloop
  endfacet
  facet normal -5.091455e-001  8.606805e-001  0.000000e+000
    outer loop
      vertex  3.414249e+001  1.513426e+001  8.000000e-001
      vertex  3.414249e+001  1.513426e+001  1.800000e+000
      vertex  3.429397e+001  1.522387e+001  8.000000e-001
    endloop
  endfacet
  facet normal -5.091455e-001  8.606805e-001  0.000000e+000
    outer loop
      vertex  3.429397e+001  1.522387e+001  8.000000e-001
      vertex  3.414249e+001  1.513426e+001  1.800000e+000
      vertex  3.429397e+001  1.522387e+001  1.800000e+000
    endloop
  endfacet
  facet normal -4.733050e-001  8.808986e-001  0.000000e+000
    outer loop
      vertex  3.429397e+001  1.522387e+001  8.000000e-001
      vertex  3.429397e+001  1.522387e+001  1.800000e+000
      vertex  3.444813e+001  1.530670e+001  8.000000e-001
    endloop
  endfacet
  facet normal -4.733050e-001  8.808986e-001  0.000000e+000
    outer loop
      vertex  3.444813e+001  1.530670e+001  8.000000e-001
      vertex  3.429397e+001  1.522387e+001  1.800000e+000
      vertex  3.444813e+001  1.530670e+001  1.800000e+000
    endloop
  endfacet
  facet normal -4.357635e-001  9.000612e-001  0.000000e+000
    outer loop
      vertex  3.444813e+001  1.530670e+001  8.000000e-001
      vertex  3.444813e+001  1.530670e+001  1.800000e+000
      vertex  3.460564e+001  1.538295e+001  8.000000e-001
    endloop
  endfacet
  facet normal -4.357635e-001  9.000612e-001  0.000000e+000
    outer loop
      vertex  3.460564e+001  1.538295e+001  8.000000e-001
      vertex  3.444813e+001  1.530670e+001  1.800000e+000
      vertex  3.460564e+001  1.538295e+001  1.800000e+000
    endloop
  endfacet
  facet normal -3.984105e-001  9.172072e-001  0.000000e+000
    outer loop
      vertex  3.460564e+001  1.538295e+001  8.000000e-001
      vertex  3.460564e+001  1.538295e+001  1.800000e+000
      vertex  3.476707e+001  1.545308e+001  8.000000e-001
    endloop
  endfacet
  facet normal -3.984105e-001  9.172072e-001  0.000000e+000
    outer loop
      vertex  3.476707e+001  1.545308e+001  8.000000e-001
      vertex  3.460564e+001  1.538295e+001  1.800000e+000
      vertex  3.476707e+001  1.545308e+001  1.800000e+000
    endloop
  endfacet
  facet normal -3.615829e-001  9.323399e-001  0.000000e+000
    outer loop
      vertex  3.476707e+001  1.545308e+001  8.000000e-001
      vertex  3.476707e+001  1.545308e+001  1.800000e+000
      vertex  3.493857e+001  1.551959e+001  8.000000e-001
    endloop
  endfacet
  facet normal -3.615829e-001  9.323399e-001  0.000000e+000
    outer loop
      vertex  3.493857e+001  1.551959e+001  8.000000e-001
      vertex  3.476707e+001  1.545308e+001  1.800000e+000
      vertex  3.493857e+001  1.551959e+001  1.800000e+000
    endloop
  endfacet
  facet normal -3.255722e-001  9.455172e-001  0.000000e+000
    outer loop
      vertex  3.493857e+001  1.551959e+001  8.000000e-001
      vertex  3.493857e+001  1.551959e+001  1.800000e+000
      vertex  3.511256e+001  1.557950e+001  8.000000e-001
    endloop
  endfacet
  facet normal -3.255722e-001  9.455172e-001  0.000000e+000
    outer loop
      vertex  3.511256e+001  1.557950e+001  8.000000e-001
      vertex  3.493857e+001  1.551959e+001  1.800000e+000
      vertex  3.511256e+001  1.557950e+001  1.800000e+000
    endloop
  endfacet
  facet normal -2.914352e-001  9.565906e-001  0.000000e+000
    outer loop
      vertex  3.511256e+001  1.557950e+001  8.000000e-001
      vertex  3.511256e+001  1.557950e+001  1.800000e+000
      vertex  3.528867e+001  1.563315e+001  8.000000e-001
    endloop
  endfacet
  facet normal -2.914352e-001  9.565906e-001  0.000000e+000
    outer loop
      vertex  3.528867e+001  1.563315e+001  8.000000e-001
      vertex  3.511256e+001  1.557950e+001  1.800000e+000
      vertex  3.528867e+001  1.563315e+001  1.800000e+000
    endloop
  endfacet
  facet normal -2.592489e-001  9.658106e-001  0.000000e+000
    outer loop
      vertex  3.528867e+001  1.563315e+001  8.000000e-001
      vertex  3.528867e+001  1.563315e+001  1.800000e+000
      vertex  3.546656e+001  1.568090e+001  8.000000e-001
    endloop
  endfacet
  facet normal -2.592489e-001  9.658106e-001  0.000000e+000
    outer loop
      vertex  3.546656e+001  1.568090e+001  8.000000e-001
      vertex  3.528867e+001  1.563315e+001  1.800000e+000
      vertex  3.546656e+001  1.568090e+001  1.800000e+000
    endloop
  endfacet
  facet normal -2.290803e-001  9.734076e-001  0.000000e+000
    outer loop
      vertex  3.546656e+001  1.568090e+001  8.000000e-001
      vertex  3.546656e+001  1.568090e+001  1.800000e+000
      vertex  3.564589e+001  1.572311e+001  8.000000e-001
    endloop
  endfacet
  facet normal -2.290803e-001  9.734076e-001  0.000000e+000
    outer loop
      vertex  3.564589e+001  1.572311e+001  8.000000e-001
      vertex  3.546656e+001  1.568090e+001  1.800000e+000
      vertex  3.564589e+001  1.572311e+001  1.800000e+000
    endloop
  endfacet
  facet normal -2.059950e-001  9.785531e-001  0.000000e+000
    outer loop
      vertex  3.564589e+001  1.572311e+001  8.000000e-001
      vertex  3.564589e+001  1.572311e+001  1.800000e+000
      vertex  3.575858e+001  1.574683e+001  8.000000e-001
    endloop
  endfacet
  facet normal -2.059950e-001  9.785531e-001  0.000000e+000
    outer loop
      vertex  3.575858e+001  1.574683e+001  8.000000e-001
      vertex  3.564589e+001  1.572311e+001  1.800000e+000
      vertex  3.575858e+001  1.574683e+001  1.800000e+000
    endloop
  endfacet
  facet normal -1.891890e-001  9.819407e-001  0.000000e+000
    outer loop
      vertex  3.575858e+001  1.574683e+001  8.000000e-001
      vertex  3.575858e+001  1.574683e+001  1.800000e+000
      vertex  3.587164e+001  1.576861e+001  8.000000e-001
    endloop
  endfacet
  facet normal -1.891890e-001  9.819407e-001  0.000000e+000
    outer loop
      vertex  3.587164e+001  1.576861e+001  8.000000e-001
      vertex  3.575858e+001  1.574683e+001  1.800000e+000
      vertex  3.587164e+001  1.576861e+001  1.800000e+000
    endloop
  endfacet
  facet normal -1.655100e-001  9.862081e-001  0.000000e+000
    outer loop
      vertex  3.587164e+001  1.576861e+001  8.000000e-001
      vertex  3.587164e+001  1.576861e+001  1.800000e+000
      vertex  3.609867e+001  1.580671e+001  8.000000e-001
    endloop
  endfacet
  facet normal -1.655100e-001  9.862081e-001  0.000000e+000
    outer loop
      vertex  3.609867e+001  1.580671e+001  8.000000e-001
      vertex  3.587164e+001  1.576861e+001  1.800000e+000
      vertex  3.609867e+001  1.580671e+001  1.800000e+000
    endloop
  endfacet
  facet normal -1.364360e-001  9.906489e-001  0.000000e+000
    outer loop
      vertex  3.609867e+001  1.580671e+001  8.000000e-001
      vertex  3.609867e+001  1.580671e+001  1.800000e+000
      vertex  3.632660e+001  1.583811e+001  8.000000e-001
    endloop
  endfacet
  facet normal -1.364360e-001  9.906489e-001  0.000000e+000
    outer loop
      vertex  3.632660e+001  1.583811e+001  8.000000e-001
      vertex  3.609867e+001  1.580671e+001  1.800000e+000
      vertex  3.632660e+001  1.583811e+001  1.800000e+000
    endloop
  endfacet
  facet normal -1.102322e-001  9.939060e-001  0.000000e+000
    outer loop
      vertex  3.632660e+001  1.583811e+001  8.000000e-001
      vertex  3.632660e+001  1.583811e+001  1.800000e+000
      vertex  3.655518e+001  1.586346e+001  8.000000e-001
    endloop
  endfacet
  facet normal -1.102322e-001  9.939060e-001  0.000000e+000
    outer loop
      vertex  3.655518e+001  1.586346e+001  8.000000e-001
      vertex  3.632660e+001  1.583811e+001  1.800000e+000
      vertex  3.655518e+001  1.586346e+001  1.800000e+000
    endloop
  endfacet
  facet normal -8.456278e-002  9.964181e-001  0.000000e+000
    outer loop
      vertex  3.655518e+001  1.586346e+001  8.000000e-001
      vertex  3.655518e+001  1.586346e+001  1.800000e+000
      vertex  3.682944e+001  1.588673e+001  8.000000e-001
    endloop
  endfacet
  facet normal -8.456278e-002  9.964181e-001  0.000000e+000
    outer loop
      vertex  3.682944e+001  1.588673e+001  8.000000e-001
      vertex  3.655518e+001  1.586346e+001  1.800000e+000
      vertex  3.682944e+001  1.588673e+001  1.800000e+000
    endloop
  endfacet
  facet normal -6.015858e-002  9.981888e-001  0.000000e+000
    outer loop
      vertex  3.682944e+001  1.588673e+001  8.000000e-001
      vertex  3.682944e+001  1.588673e+001  1.800000e+000
      vertex  3.710799e+001  1.590352e+001  8.000000e-001
    endloop
  endfacet
  facet normal -6.015858e-002  9.981888e-001  0.000000e+000
    outer loop
      vertex  3.710799e+001  1.590352e+001  8.000000e-001
      vertex  3.682944e+001  1.588673e+001  1.800000e+000
      vertex  3.710799e+001  1.590352e+001  1.800000e+000
    endloop
  endfacet
  facet normal -3.851213e-002  9.992580e-001  0.000000e+000
    outer loop
      vertex  3.710799e+001  1.590352e+001  8.000000e-001
      vertex  3.710799e+001  1.590352e+001  1.800000e+000
      vertex  3.738684e+001  1.591427e+001  8.000000e-001
    endloop
  endfacet
  facet normal -3.851213e-002  9.992580e-001  0.000000e+000
    outer loop
      vertex  3.738684e+001  1.591427e+001  8.000000e-001
      vertex  3.710799e+001  1.590352e+001  1.800000e+000
      vertex  3.738684e+001  1.591427e+001  1.800000e+000
    endloop
  endfacet
  facet normal -1.669599e-002  9.998606e-001  0.000000e+000
    outer loop
      vertex  3.738684e+001  1.591427e+001  8.000000e-001
      vertex  3.738684e+001  1.591427e+001  1.800000e+000
      vertex  3.766206e+001  1.591886e+001  8.000000e-001
    endloop
  endfacet
  facet normal -1.669599e-002  9.998606e-001  0.000000e+000
    outer loop
      vertex  3.766206e+001  1.591886e+001  8.000000e-001
      vertex  3.738684e+001  1.591427e+001  1.800000e+000
      vertex  3.766206e+001  1.591886e+001  1.800000e+000
    endloop
  endfacet
  facet normal  6.197849e-003  9.999808e-001  0.000000e+000
    outer loop
      vertex  3.766206e+001  1.591886e+001  8.000000e-001
      vertex  3.766206e+001  1.591886e+001  1.800000e+000
      vertex  3.791179e+001  1.591731e+001  8.000000e-001
    endloop
  endfacet
  facet normal  6.197849e-003  9.999808e-001  -0.000000e+000
    outer loop
      vertex  3.791179e+001  1.591731e+001  8.000000e-001
      vertex  3.766206e+001  1.591886e+001  1.800000e+000
      vertex  3.791179e+001  1.591731e+001  1.800000e+000
    endloop
  endfacet
  facet normal  3.023193e-002  9.995428e-001  0.000000e+000
    outer loop
      vertex  3.791179e+001  1.591731e+001  8.000000e-001
      vertex  3.791179e+001  1.591731e+001  1.800000e+000
      vertex  3.816155e+001  1.590976e+001  8.000000e-001
    endloop
  endfacet
  facet normal  3.023193e-002  9.995428e-001  -0.000000e+000
    outer loop
      vertex  3.816155e+001  1.590976e+001  8.000000e-001
      vertex  3.791179e+001  1.591731e+001  1.800000e+000
      vertex  3.816155e+001  1.590976e+001  1.800000e+000
    endloop
  endfacet
  facet normal  5.656374e-002  9.983990e-001  0.000000e+000
    outer loop
      vertex  3.816155e+001  1.590976e+001  8.000000e-001
      vertex  3.816155e+001  1.590976e+001  1.800000e+000
      vertex  3.841120e+001  1.589562e+001  8.000000e-001
    endloop
  endfacet
  facet normal  5.656374e-002  9.983990e-001  -0.000000e+000
    outer loop
      vertex  3.841120e+001  1.589562e+001  8.000000e-001
      vertex  3.816155e+001  1.590976e+001  1.800000e+000
      vertex  3.841120e+001  1.589562e+001  1.800000e+000
    endloop
  endfacet
  facet normal  8.532006e-002  9.963536e-001  0.000000e+000
    outer loop
      vertex  3.841120e+001  1.589562e+001  8.000000e-001
      vertex  3.841120e+001  1.589562e+001  1.800000e+000
      vertex  3.866051e+001  1.587427e+001  8.000000e-001
    endloop
  endfacet
  facet normal  8.532006e-002  9.963536e-001  -0.000000e+000
    outer loop
      vertex  3.866051e+001  1.587427e+001  8.000000e-001
      vertex  3.841120e+001  1.589562e+001  1.800000e+000
      vertex  3.866051e+001  1.587427e+001  1.800000e+000
    endloop
  endfacet
  facet normal  1.084583e-001  9.941010e-001  0.000000e+000
    outer loop
      vertex  3.866051e+001  1.587427e+001  8.000000e-001
      vertex  3.866051e+001  1.587427e+001  1.800000e+000
      vertex  3.878492e+001  1.586069e+001  8.000000e-001
    endloop
  endfacet
  facet normal  1.084583e-001  9.941010e-001  -0.000000e+000
    outer loop
      vertex  3.878492e+001  1.586069e+001  8.000000e-001
      vertex  3.866051e+001  1.587427e+001  1.800000e+000
      vertex  3.878492e+001  1.586069e+001  1.800000e+000
    endloop
  endfacet
  facet normal  1.247512e-001  9.921881e-001  0.000000e+000
    outer loop
      vertex  3.878492e+001  1.586069e+001  8.000000e-001
      vertex  3.878492e+001  1.586069e+001  1.800000e+000
      vertex  3.890911e+001  1.584508e+001  8.000000e-001
    endloop
  endfacet
  facet normal  1.247512e-001  9.921881e-001  -0.000000e+000
    outer loop
      vertex  3.890911e+001  1.584508e+001  8.000000e-001
      vertex  3.878492e+001  1.586069e+001  1.800000e+000
      vertex  3.890911e+001  1.584508e+001  1.800000e+000
    endloop
  endfacet
  facet normal  1.475660e-001  9.890523e-001  0.000000e+000
    outer loop
      vertex  3.890911e+001  1.584508e+001  8.000000e-001
      vertex  3.890911e+001  1.584508e+001  1.800000e+000
      vertex  3.911542e+001  1.581430e+001  8.000000e-001
    endloop
  endfacet
  facet normal  1.475660e-001  9.890523e-001  -0.000000e+000
    outer loop
      vertex  3.911542e+001  1.581430e+001  8.000000e-001
      vertex  3.890911e+001  1.584508e+001  1.800000e+000
      vertex  3.911542e+001  1.581430e+001  1.800000e+000
    endloop
  endfacet
  facet normal  1.776828e-001  9.840878e-001  0.000000e+000
    outer loop
      vertex  3.911542e+001  1.581430e+001  8.000000e-001
      vertex  3.911542e+001  1.581430e+001  1.800000e+000
      vertex  3.932063e+001  1.577725e+001  8.000000e-001
    endloop
  endfacet
  facet normal  1.776828e-001  9.840878e-001  -0.000000e+000
    outer loop
      vertex  3.932063e+001  1.577725e+001  8.000000e-001
      vertex  3.911542e+001  1.581430e+001  1.800000e+000
      vertex  3.932063e+001  1.577725e+001  1.800000e+000
    endloop
  endfacet
  facet normal  2.096641e-001  9.777735e-001  0.000000e+000
    outer loop
      vertex  3.932063e+001  1.577725e+001  8.000000e-001
      vertex  3.932063e+001  1.577725e+001  1.800000e+000
      vertex  3.952442e+001  1.573355e+001  8.000000e-001
    endloop
  endfacet
  facet normal  2.096641e-001  9.777735e-001  -0.000000e+000
    outer loop
      vertex  3.952442e+001  1.573355e+001  8.000000e-001
      vertex  3.932063e+001  1.577725e+001  1.800000e+000
      vertex  3.952442e+001  1.573355e+001  1.800000e+000
    endloop
  endfacet
  facet normal  2.434922e-001  9.699029e-001  0.000000e+000
    outer loop
      vertex  3.952442e+001  1.573355e+001  8.000000e-001
      vertex  3.952442e+001  1.573355e+001  1.800000e+000
      vertex  3.972644e+001  1.568283e+001  8.000000e-001
    endloop
  endfacet
  facet normal  2.434922e-001  9.699029e-001  -0.000000e+000
    outer loop
      vertex  3.972644e+001  1.568283e+001  8.000000e-001
      vertex  3.952442e+001  1.573355e+001  1.800000e+000
      vertex  3.972644e+001  1.568283e+001  1.800000e+000
    endloop
  endfacet
  facet normal  2.701436e-001  9.628201e-001  0.000000e+000
    outer loop
      vertex  3.972644e+001  1.568283e+001  8.000000e-001
      vertex  3.972644e+001  1.568283e+001  1.800000e+000
      vertex  3.982875e+001  1.565413e+001  8.000000e-001
    endloop
  endfacet
  facet normal  2.701436e-001  9.628201e-001  -0.000000e+000
    outer loop
      vertex  3.982875e+001  1.565413e+001  8.000000e-001
      vertex  3.972644e+001  1.568283e+001  1.800000e+000
      vertex  3.982875e+001  1.565413e+001  1.800000e+000
    endloop
  endfacet
  facet normal  2.887461e-001  9.574057e-001  0.000000e+000
    outer loop
      vertex  3.982875e+001  1.565413e+001  8.000000e-001
      vertex  3.982875e+001  1.565413e+001  1.800000e+000
      vertex  3.993045e+001  1.562345e+001  8.000000e-001
    endloop
  endfacet
  facet normal  2.887461e-001  9.574057e-001  -0.000000e+000
    outer loop
      vertex  3.993045e+001  1.562345e+001  8.000000e-001
      vertex  3.982875e+001  1.565413e+001  1.800000e+000
      vertex  3.993045e+001  1.562345e+001  1.800000e+000
    endloop
  endfacet
  facet normal  3.073831e-001  9.515858e-001  0.000000e+000
    outer loop
      vertex  3.993045e+001  1.562345e+001  8.000000e-001
      vertex  3.993045e+001  1.562345e+001  1.800000e+000
      vertex  4.002741e+001  1.559213e+001  8.000000e-001
    endloop
  endfacet
  facet normal  3.073831e-001  9.515858e-001  -0.000000e+000
    outer loop
      vertex  4.002741e+001  1.559213e+001  8.000000e-001
      vertex  3.993045e+001  1.562345e+001  1.800000e+000
      vertex  4.002741e+001  1.559213e+001  1.800000e+000
    endloop
  endfacet
  facet normal  3.260089e-001  9.453667e-001  0.000000e+000
    outer loop
      vertex  4.002741e+001  1.559213e+001  8.000000e-001
      vertex  4.002741e+001  1.559213e+001  1.800000e+000
      vertex  4.012372e+001  1.555892e+001  8.000000e-001
    endloop
  endfacet
  facet normal  3.260089e-001  9.453667e-001  -0.000000e+000
    outer loop
      vertex  4.012372e+001  1.555892e+001  8.000000e-001
      vertex  4.002741e+001  1.559213e+001  1.800000e+000
      vertex  4.012372e+001  1.555892e+001  1.800000e+000
    endloop
  endfacet
  facet normal  3.491859e-001  9.370535e-001  0.000000e+000
    outer loop
      vertex  4.012372e+001  1.555892e+001  8.000000e-001
      vertex  4.012372e+001  1.555892e+001  1.800000e+000
      vertex  4.026146e+001  1.550759e+001  8.000000e-001
    endloop
  endfacet
  facet normal  3.491859e-001  9.370535e-001  -0.000000e+000
    outer loop
      vertex  4.026146e+001  1.550759e+001  8.000000e-001
      vertex  4.012372e+001  1.555892e+001  1.800000e+000
      vertex  4.026146e+001  1.550759e+001  1.800000e+000
    endloop
  endfacet
  facet normal  3.770869e-001  9.261779e-001  0.000000e+000
    outer loop
      vertex  4.026146e+001  1.550759e+001  8.000000e-001
      vertex  4.026146e+001  1.550759e+001  1.800000e+000
      vertex  4.039628e+001  1.545270e+001  8.000000e-001
    endloop
  endfacet
  facet normal  3.770869e-001  9.261779e-001  -0.000000e+000
    outer loop
      vertex  4.039628e+001  1.545270e+001  8.000000e-001
      vertex  4.026146e+001  1.550759e+001  1.800000e+000
      vertex  4.039628e+001  1.545270e+001  1.800000e+000
    endloop
  endfacet
  facet normal  4.052037e-001  9.142265e-001  0.000000e+000
    outer loop
      vertex  4.039628e+001  1.545270e+001  8.000000e-001
      vertex  4.039628e+001  1.545270e+001  1.800000e+000
      vertex  4.052828e+001  1.539420e+001  8.000000e-001
    endloop
  endfacet
  facet normal  4.052037e-001  9.142265e-001  -0.000000e+000
    outer loop
      vertex  4.052828e+001  1.539420e+001  8.000000e-001
      vertex  4.039628e+001  1.545270e+001  1.800000e+000
      vertex  4.052828e+001  1.539420e+001  1.800000e+000
    endloop
  endfacet
  facet normal  4.282825e-001  9.036449e-001  0.000000e+000
    outer loop
      vertex  4.052828e+001  1.539420e+001  8.000000e-001
      vertex  4.052828e+001  1.539420e+001  1.800000e+000
      vertex  4.061874e+001  1.535132e+001  8.000000e-001
    endloop
  endfacet
  facet normal  4.282825e-001  9.036449e-001  -0.000000e+000
    outer loop
      vertex  4.061874e+001  1.535132e+001  8.000000e-001
      vertex  4.052828e+001  1.539420e+001  1.800000e+000
      vertex  4.061874e+001  1.535132e+001  1.800000e+000
    endloop
  endfacet
  facet normal  4.459156e-001  8.950750e-001  0.000000e+000
    outer loop
      vertex  4.061874e+001  1.535132e+001  8.000000e-001
      vertex  4.061874e+001  1.535132e+001  1.800000e+000
      vertex  4.070874e+001  1.530649e+001  8.000000e-001
    endloop
  endfacet
  facet normal  4.459156e-001  8.950750e-001  -0.000000e+000
    outer loop
      vertex  4.070874e+001  1.530649e+001  8.000000e-001
      vertex  4.061874e+001  1.535132e+001  1.800000e+000
      vertex  4.070874e+001  1.530649e+001  1.800000e+000
    endloop
  endfacet
  facet normal  4.632588e-001  8.862230e-001  0.000000e+000
    outer loop
      vertex  4.070874e+001  1.530649e+001  8.000000e-001
      vertex  4.070874e+001  1.530649e+001  1.800000e+000
      vertex  4.081306e+001  1.525195e+001  8.000000e-001
    endloop
  endfacet
  facet normal  4.632588e-001  8.862230e-001  -0.000000e+000
    outer loop
      vertex  4.081306e+001  1.525195e+001  8.000000e-001
      vertex  4.070874e+001  1.530649e+001  1.800000e+000
      vertex  4.081306e+001  1.525195e+001  1.800000e+000
    endloop
  endfacet
  facet normal  4.797799e-001  8.773890e-001  0.000000e+000
    outer loop
      vertex  4.081306e+001  1.525195e+001  8.000000e-001
      vertex  4.081306e+001  1.525195e+001  1.800000e+000
      vertex  4.091711e+001  1.519506e+001  8.000000e-001
    endloop
  endfacet
  facet normal  4.797799e-001  8.773890e-001  -0.000000e+000
    outer loop
      vertex  4.091711e+001  1.519506e+001  8.000000e-001
      vertex  4.081306e+001  1.525195e+001  1.800000e+000
      vertex  4.091711e+001  1.519506e+001  1.800000e+000
    endloop
  endfacet
  facet normal  4.947914e-001  8.690118e-001  0.000000e+000
    outer loop
      vertex  4.091711e+001  1.519506e+001  8.000000e-001
      vertex  4.091711e+001  1.519506e+001  1.800000e+000
      vertex  4.102598e+001  1.513307e+001  8.000000e-001
    endloop
  endfacet
  facet normal  4.947914e-001  8.690118e-001  -0.000000e+000
    outer loop
      vertex  4.102598e+001  1.513307e+001  8.000000e-001
      vertex  4.091711e+001  1.519506e+001  1.800000e+000
      vertex  4.102598e+001  1.513307e+001  1.800000e+000
    endloop
  endfacet
  facet normal  5.081563e-001  8.612648e-001  0.000000e+000
    outer loop
      vertex  4.102598e+001  1.513307e+001  8.000000e-001
      vertex  4.102598e+001  1.513307e+001  1.800000e+000
      vertex  4.113389e+001  1.506940e+001  8.000000e-001
    endloop
  endfacet
  facet normal  5.081563e-001  8.612648e-001  -0.000000e+000
    outer loop
      vertex  4.113389e+001  1.506940e+001  8.000000e-001
      vertex  4.102598e+001  1.513307e+001  1.800000e+000
      vertex  4.113389e+001  1.506940e+001  1.800000e+000
    endloop
  endfacet
  facet normal  5.241734e-001  8.516116e-001  0.000000e+000
    outer loop
      vertex  4.113389e+001  1.506940e+001  8.000000e-001
      vertex  4.113389e+001  1.506940e+001  1.800000e+000
      vertex  4.134733e+001  1.493803e+001  8.000000e-001
    endloop
  endfacet
  facet normal  5.241734e-001  8.516116e-001  -0.000000e+000
    outer loop
      vertex  4.134733e+001  1.493803e+001  8.000000e-001
      vertex  4.113389e+001  1.506940e+001  1.800000e+000
      vertex  4.134733e+001  1.493803e+001  1.800000e+000
    endloop
  endfacet
  facet normal  5.373824e-001  8.433387e-001  0.000000e+000
    outer loop
      vertex  4.134733e+001  1.493803e+001  8.000000e-001
      vertex  4.134733e+001  1.493803e+001  1.800000e+000
      vertex  4.148825e+001  1.484823e+001  8.000000e-001
    endloop
  endfacet
  facet normal  5.373824e-001  8.433387e-001  -0.000000e+000
    outer loop
      vertex  4.148825e+001  1.484823e+001  8.000000e-001
      vertex  4.134733e+001  1.493803e+001  1.800000e+000
      vertex  4.148825e+001  1.484823e+001  1.800000e+000
    endloop
  endfacet
  facet normal  5.461352e-001  8.376970e-001  0.000000e+000
    outer loop
      vertex  4.148825e+001  1.484823e+001  8.000000e-001
      vertex  4.148825e+001  1.484823e+001  1.800000e+000
      vertex  4.176815e+001  1.466575e+001  8.000000e-001
    endloop
  endfacet
  facet normal  5.461352e-001  8.376970e-001  -0.000000e+000
    outer loop
      vertex  4.176815e+001  1.466575e+001  8.000000e-001
      vertex  4.148825e+001  1.484823e+001  1.800000e+000
      vertex  4.176815e+001  1.466575e+001  1.800000e+000
    endloop
  endfacet
  facet normal  0.000000e+000  -0.000000e+000 -1.000000e+000
    outer loop
      vertex  3.564589e+001  1.572311e+001  8.000000e-001
      vertex  3.575858e+001  1.574683e+001  8.000000e-001
      vertex  3.952442e+001  1.573355e+001  8.000000e-001
    endloop
  endfacet
  facet normal  0.000000e+000  0.000000e+000 -1.000000e+000
    outer loop
      vertex  3.952442e+001  1.573355e+001  8.000000e-001
      vertex  3.575858e+001  1.574683e+001  8.000000e-001
      vertex  3.587164e+001  1.576861e+001  8.000000e-001
    endloop
  endfacet
  facet normal  0.000000e+000  0.000000e+000 -1.000000e+000
    outer loop
      vertex  3.952442e+001  1.573355e+001  8.000000e-001
      vertex  3.587164e+001  1.576861e+001  8.000000e-001
      vertex  3.932063e+001  1.577725e+001  8.000000e-001
    endloop
  endfacet
  facet normal  -0.000000e+000  0.000000e+000 -1.000000e+000
    outer loop
      vertex  3.932063e+001  1.577725e+001  8.000000e-001
      vertex  3.587164e+001  1.576861e+001  8.000000e-001
      vertex  3.609867e+001  1.580671e+001  8.000000e-001
    endloop
  endfacet
  facet normal  0.000000e+000  0.000000e+000 -1.000000e+000
    outer loop
      vertex  3.932063e+001  1.577725e+001  8.000000e-001
      vertex  3.609867e+001  1.580671e+001  8.000000e-001
      vertex  3.911542e+001  1.581430e+001  8.000000e-001
    endloop
  endfacet
  facet normal  -0.000000e+000  0.000000e+000 -1.000000e+000
    outer loop
      vertex  3.911542e+001  1.581430e+001  8.000000e-001
      vertex  3.609867e+001  1.580671e+001  8.000000e-001
      vertex  3.632660e+001  1.583811e+001  8.000000e-001
    endloop
  endfacet
  facet normal  0.000000e+000  0.000000e+000 -1.000000e+000
    outer loop
      vertex  3.911542e+001  1.581430e+001  8.000000e-001
      vertex  3.632660e+001  1.583811e+001  8.000000e-001
      vertex  3.890911e+001  1.584508e+001  8.000000e-001
    endloop
  endfacet
  facet normal  -0.000000e+000  0.000000e+000 -1.000000e+000
    outer loop
      vertex  3.890911e+001  1.584508e+001  8.000000e-001
      vertex  3.632660e+001  1.583811e+001  8.000000e-001
      vertex  3.655518e+001  1.586346e+001  8.000000e-001
    endloop
  endfacet
  facet normal  0.000000e+000  0.000000e+000 -1.000000e+000
    outer loop
      vertex  3.890911e+001  1.584508e+001  8.000000e-001
      vertex  3.655518e+001  1.586346e+001  8.000000e-001
      vertex  3.878492e+001  1.586069e+001  8.000000e-001
    endloop
  endfacet
  facet normal  0.000000e+000  0.000000e+000 -1.000000e+000
    outer loop
      vertex  3.878492e+001  1.586069e+001  8.000000e-001
      vertex  3.655518e+001  1.586346e+001  8.000000e-001
      vertex  3.682944e+001  1.588673e+001  8.000000e-001
    endloop
  endfacet
  facet normal  0.000000e+000  0.000000e+000 -1.000000e+000
    outer loop
      vertex  3.878492e+001  1.586069e+001  8.000000e-001
      vertex  3.682944e+001  1.588673e+001  8.000000e-001
      vertex  3.866051e+001  1.587427e+001  8.000000e-001
    endloop
  endfacet
  facet normal  0.000000e+000  0.000000e+000 -1.000000e+000
    outer loop
      vertex  3.866051e+001  1.587427e+001  8.000000e-001
      vertex  3.682944e+001  1.588673e+001  8.000000e-001
      vertex  3.710799e+001  1.590352e+001  8.000000e-001
    endloop
  endfacet
  facet normal  0.000000e+000  0.000000e+000 -1.000000e+000
    outer loop
      vertex  3.866051e+001  1.587427e+001  8.000000e-001
      vertex  3.710799e+001  1.590352e+001  8.000000e-001
      vertex  3.841120e+001  1.589562e+001  8.000000e-001
    endloop
  endfacet
  facet normal  0.000000e+000  0.000000e+000 -1.000000e+000
    outer loop
      vertex  3.841120e+001  1.589562e+001  8.000000e-001
      vertex  3.710799e+001  1.590352e+001  8.000000e-001
      vertex  3.738684e+001  1.591427e+001  8.000000e-001
    endloop
  endfacet
  facet normal  0.000000e+000  0.000000e+000 -1.000000e+000
    outer loop
      vertex  3.841120e+001  1.589562e+001  8.000000e-001
      vertex  3.738684e+001  1.591427e+001  8.000000e-001
      vertex  3.816155e+001  1.590976e+001  8.000000e-001
    endloop
  endfacet
  facet normal  0.000000e+000  0.000000e+000 -1.000000e+000
    outer loop
      vertex  3.816155e+001  1.590976e+001  8.000000e-001
      vertex  3.738684e+001  1.591427e+001  8.000000e-001
      vertex  3.766206e+001  1.591886e+001  8.000000e-001
    endloop
  endfacet
  facet normal  0.000000e+000  0.000000e+000 -9.999999e-001
    outer loop
      vertex  3.816155e+001  1.590976e+001  8.000000e-001
      vertex  3.766206e+001  1.591886e+001  8.000000e-001
      vertex  3.791179e+001  1.591731e+001  8.000000e-001
    endloop
  endfacet
  facet normal  0.000000e+000  0.000000e+000 -1.000000e+000
    outer loop
      vertex  3.993045e+001  1.562345e+001  8.000000e-001
      vertex  3.528867e+001  1.563315e+001  8.000000e-001
      vertex  3.982875e+001  1.565413e+001  8.000000e-001
    endloop
  endfacet
  facet normal  -0.000000e+000  0.000000e+000 -9.999999e-001
    outer loop
      vertex  3.982875e+001  1.565413e+001  8.000000e-001
      vertex  3.528867e+001  1.563315e+001  8.000000e-001
      vertex  3.546656e+001  1.568090e+001  8.000000e-001
    endloop
  endfacet
  facet normal  0.000000e+000  0.000000e+000 -1.000000e+000
    outer loop
      vertex  3.982875e+001  1.565413e+001  8.000000e-001
      vertex  3.546656e+001  1.568090e+001  8.000000e-001
      vertex  3.972644e+001  1.568283e+001  8.000000e-001
    endloop
  endfacet
  facet normal  -0.000000e+000  0.000000e+000 -1.000000e+000
    outer loop
      vertex  3.972644e+001  1.568283e+001  8.000000e-001
      vertex  3.546656e+001  1.568090e+001  8.000000e-001
      vertex  3.564589e+001  1.572311e+001  8.000000e-001
    endloop
  endfacet
  facet normal  0.000000e+000  0.000000e+000 -1.000000e+000
    outer loop
      vertex  3.972644e+001  1.568283e+001  8.000000e-001
      vertex  3.564589e+001  1.572311e+001  8.000000e-001
      vertex  3.952442e+001  1.573355e+001  8.000000e-001
    endloop
  endfacet
  facet normal  0.000000e+000  0.000000e+000 -1.000000e+000
    outer loop
      vertex  4.026146e+001  1.550759e+001  8.000000e-001
      vertex  3.493857e+001  1.551959e+001  8.000000e-001
      vertex  4.012372e+001  1.555892e+001  8.000000e-001
    endloop
  endfacet
  facet normal  -0.000000e+000  0.000000e+000 -1.000000e+000
    outer loop
      vertex  4.012372e+001  1.555892e+001  8.000000e-001
      vertex  3.493857e+001  1.551959e+001  8.000000e-001
      vertex  3.511256e+001  1.557950e+001  8.000000e-001
    endloop
  endfacet
  facet normal  0.000000e+000  0.000000e+000 -1.000000e+000
    outer loop
      vertex  4.012372e+001  1.555892e+001  8.000000e-001
      vertex  3.511256e+001  1.557950e+001  8.000000e-001
      vertex  4.002741e+001  1.559213e+001  8.000000e-001
    endloop
  endfacet
  facet normal  -0.000000e+000  0.000000e+000 -1.000000e+000
    outer loop
      vertex  4.002741e+001  1.559213e+001  8.000000e-001
      vertex  3.511256e+001  1.557950e+001  8.000000e-001
      vertex  3.528867e+001  1.563315e+001  8.000000e-001
    endloop
  endfacet
  facet normal  0.000000e+000  0.000000e+000 -1.000000e+000
    outer loop
      vertex  4.002741e+001  1.559213e+001  8.000000e-001
      vertex  3.528867e+001  1.563315e+001  8.000000e-001
      vertex  3.993045e+001  1.562345e+001  8.000000e-001
    endloop
  endfacet
  facet normal  0.000000e+000  0.000000e+000 -1.000000e+000
    outer loop
      vertex  4.070874e+001  1.530649e+001  8.000000e-001
      vertex  3.444813e+001  1.530670e+001  8.000000e-001
      vertex  4.061874e+001  1.535132e+001  8.000000e-001
    endloop
  endfacet
  facet normal  -0.000000e+000  0.000000e+000 -1.000000e+000
    outer loop
      vertex  4.061874e+001  1.535132e+001  8.000000e-001
      vertex  3.444813e+001  1.530670e+001  8.000000e-001
      vertex  3.460564e+001  1.538295e+001  8.000000e-001
    endloop
  endfacet
  facet normal  0.000000e+000  0.000000e+000 -1.000000e+000
    outer loop
      vertex  4.061874e+001  1.535132e+001  8.000000e-001
      vertex  3.460564e+001  1.538295e+001  8.000000e-001
      vertex  4.052828e+001  1.539420e+001  8.000000e-001
    endloop
  endfacet
  facet normal  -0.000000e+000  0.000000e+000 -1.000000e+000
    outer loop
      vertex  4.052828e+001  1.539420e+001  8.000000e-001
      vertex  3.460564e+001  1.538295e+001  8.000000e-001
      vertex  3.476707e+001  1.545308e+001  8.000000e-001
    endloop
  endfacet
  facet normal  0.000000e+000  0.000000e+000 -1.000000e+000
    outer loop
      vertex  4.052828e+001  1.539420e+001  8.000000e-001
      vertex  3.476707e+001  1.545308e+001  8.000000e-001
      vertex  4.039628e+001  1.545270e+001  8.000000e-001
    endloop
  endfacet
  facet normal  0.000000e+000  0.000000e+000 -1.000000e+000
    outer loop
      vertex  4.039628e+001  1.545270e+001  8.000000e-001
      vertex  3.476707e+001  1.545308e+001  8.000000e-001
      vertex  3.493857e+001  1.551959e+001  8.000000e-001
    endloop
  endfacet
  facet normal  0.000000e+000  0.000000e+000 -1.000000e+000
    outer loop
      vertex  4.039628e+001  1.545270e+001  8.000000e-001
      vertex  3.493857e+001  1.551959e+001  8.000000e-001
      vertex  4.026146e+001  1.550759e+001  8.000000e-001
    endloop
  endfacet
  facet normal  0.000000e+000  0.000000e+000 -1.000000e+000
    outer loop
      vertex  4.102598e+001  1.513307e+001  8.000000e-001
      vertex  3.414249e+001  1.513426e+001  8.000000e-001
      vertex  4.091711e+001  1.519506e+001  8.000000e-001
    endloop
  endfacet
  facet normal  -0.000000e+000  0.000000e+000 -1.000000e+000
    outer loop
      vertex  4.091711e+001  1.519506e+001  8.000000e-001
      vertex  3.414249e+001  1.513426e+001  8.000000e-001
      vertex  3.429397e+001  1.522387e+001  8.000000e-001
    endloop
  endfacet
  facet normal  0.000000e+000  0.000000e+000 -1.000000e+000
    outer loop
      vertex  4.091711e+001  1.519506e+001  8.000000e-001
      vertex  3.429397e+001  1.522387e+001  8.000000e-001
      vertex  4.081306e+001  1.525195e+001  8.000000e-001
    endloop
  endfacet
  facet normal  -0.000000e+000  0.000000e+000 -1.000000e+000
    outer loop
      vertex  4.081306e+001  1.525195e+001  8.000000e-001
      vertex  3.429397e+001  1.522387e+001  8.000000e-001
      vertex  3.444813e+001  1.530670e+001  8.000000e-001
    endloop
  endfacet
  facet normal  0.000000e+000  0.000000e+000 -1.000000e+000
    outer loop
      vertex  4.081306e+001  1.525195e+001  8.000000e-001
      vertex  3.444813e+001  1.530670e+001  8.000000e-001
      vertex  4.070874e+001  1.530649e+001  8.000000e-001
    endloop
  endfacet
  facet normal  0.000000e+000  0.000000e+000 -9.999999e-001
    outer loop
      vertex  4.113389e+001  1.506940e+001  8.000000e-001
      vertex  3.414249e+001  1.513426e+001  8.000000e-001
      vertex  4.102598e+001  1.513307e+001  8.000000e-001
    endloop
  endfacet
  facet normal  0.000000e+000  0.000000e+000 -1.000000e+000
    outer loop
      vertex  3.414249e+001  1.513426e+001  8.000000e-001
      vertex  4.113389e+001  1.506940e+001  8.000000e-001
      vertex  3.406244e+001  1.508355e+001  8.000000e-001
    endloop
  endfacet
  facet normal  0.000000e+000  0.000000e+000 -1.000000e+000
    outer loop
      vertex  3.406244e+001  1.508355e+001  8.000000e-001
      vertex  4.113389e+001  1.506940e+001  8.000000e-001
      vertex  4.134733e+001  1.493803e+001  8.000000e-001
    endloop
  endfacet
  facet normal  0.000000e+000  0.000000e+000 -1.000000e+000
    outer loop
      vertex  3.406244e+001  1.508355e+001  8.000000e-001
      vertex  4.134733e+001  1.493803e+001  8.000000e-001
      vertex  3.398346e+001  1.503120e+001  8.000000e-001
    endloop
  endfacet
  facet normal  0.000000e+000  -0.000000e+000 -1.000000e+000
    outer loop
      vertex  3.398346e+001  1.503120e+001  8.000000e-001
      vertex  4.134733e+001  1.493803e+001  8.000000e-001
      vertex  3.382038e+001  1.491571e+001  8.000000e-001
    endloop
  endfacet
  facet normal  0.000000e+000  0.000000e+000 -1.000000e+000
    outer loop
      vertex  3.398346e+001  1.503120e+001  8.000000e-001
      vertex  3.382038e+001  1.491571e+001  8.000000e-001
      vertex  3.390134e+001  1.497430e+001  8.000000e-001
    endloop
  endfacet
  facet normal  0.000000e+000  -0.000000e+000 -9.999999e-001
    outer loop
      vertex  3.322886e+001  1.440841e+001  8.000000e-001
      vertex  3.337027e+001  1.454279e+001  8.000000e-001
      vertex  4.191590e+001  1.439550e+001  8.000000e-001
    endloop
  endfacet
  facet normal  0.000000e+000  0.000000e+000 -1.000000e+000
    outer loop
      vertex  4.191590e+001  1.439550e+001  8.000000e-001
      vertex  3.337027e+001  1.454279e+001  8.000000e-001
      vertex  3.351596e+001  1.467245e+001  8.000000e-001
    endloop
  endfacet
  facet normal  0.000000e+000  0.000000e+000 -1.000000e+000
    outer loop
      vertex  4.191590e+001  1.439550e+001  8.000000e-001
      vertex  3.351596e+001  1.467245e+001  8.000000e-001
      vertex  4.176815e+001  1.466575e+001  8.000000e-001
    endloop
  endfacet
  facet normal  0.000000e+000  0.000000e+000 -1.000000e+000
    outer loop
      vertex  4.176815e+001  1.466575e+001  8.000000e-001
      vertex  3.351596e+001  1.467245e+001  8.000000e-001
      vertex  3.366598e+001  1.479692e+001  8.000000e-001
    endloop
  endfacet
  facet normal  0.000000e+000  0.000000e+000 -1.000000e+000
    outer loop
      vertex  4.176815e+001  1.466575e+001  8.000000e-001
      vertex  3.366598e+001  1.479692e+001  8.000000e-001
      vertex  4.148825e+001  1.484823e+001  8.000000e-001
    endloop
  endfacet
  facet normal  -0.000000e+000  0.000000e+000 -1.000000e+000
    outer loop
      vertex  4.148825e+001  1.484823e+001  8.000000e-001
      vertex  3.366598e+001  1.479692e+001  8.000000e-001
      vertex  3.382038e+001  1.491571e+001  8.000000e-001
    endloop
  endfacet
  facet normal  0.000000e+000  0.000000e+000 -1.000000e+000
    outer loop
      vertex  4.148825e+001  1.484823e+001  8.000000e-001
      vertex  3.382038e+001  1.491571e+001  8.000000e-001
      vertex  4.134733e+001  1.493803e+001  8.000000e-001
    endloop
  endfacet
  facet normal  0.000000e+000  -0.000000e+000 -1.000000e+000
    outer loop
      vertex  3.307043e+001  1.424757e+001  8.000000e-001
      vertex  3.314895e+001  1.432867e+001  8.000000e-001
      vertex  4.206022e+001  1.412337e+001  8.000000e-001
    endloop
  endfacet
  facet normal  0.000000e+000  0.000000e+000 -1.000000e+000
    outer loop
      vertex  4.206022e+001  1.412337e+001  8.000000e-001
      vertex  3.314895e+001  1.432867e+001  8.000000e-001
      vertex  3.322886e+001  1.440841e+001  8.000000e-001
    endloop
  endfacet
  facet normal  0.000000e+000  0.000000e+000 -1.000000e+000
    outer loop
      vertex  4.206022e+001  1.412337e+001  8.000000e-001
      vertex  3.322886e+001  1.440841e+001  8.000000e-001
      vertex  4.191590e+001  1.439550e+001  8.000000e-001
    endloop
  endfacet
  facet normal  0.000000e+000  0.000000e+000 -1.000000e+000
    outer loop
      vertex  3.307043e+001  1.424757e+001  8.000000e-001
      vertex  4.206022e+001  1.412337e+001  8.000000e-001
      vertex  3.298764e+001  1.415907e+001  8.000000e-001
    endloop
  endfacet
  facet normal  0.000000e+000  0.000000e+000 -1.000000e+000
    outer loop
      vertex  3.298764e+001  1.415907e+001  8.000000e-001
      vertex  4.206022e+001  1.412337e+001  8.000000e-001
      vertex  4.220116e+001  1.384941e+001  8.000000e-001
    endloop
  endfacet
  facet normal  0.000000e+000  0.000000e+000 -1.000000e+000
    outer loop
      vertex  3.298764e+001  1.415907e+001  8.000000e-001
      vertex  4.220116e+001  1.384941e+001  8.000000e-001
      vertex  3.290639e+001  1.406919e+001  8.000000e-001
    endloop
  endfacet
  facet normal  0.000000e+000  0.000000e+000 -9.999999e-001
    outer loop
      vertex  3.290639e+001  1.406919e+001  8.000000e-001
      vertex  4.220116e+001  1.384941e+001  8.000000e-001
      vertex  3.275377e+001  1.389199e+001  8.000000e-001
    endloop
  endfacet
  facet normal  0.000000e+000  0.000000e+000 -1.000000e+000
    outer loop
      vertex  3.275377e+001  1.389199e+001  8.000000e-001
      vertex  4.220116e+001  1.384941e+001  8.000000e-001
      vertex  4.230469e+001  1.364278e+001  8.000000e-001
    endloop
  endfacet
  facet normal  0.000000e+000  0.000000e+000 -1.000000e+000
    outer loop
      vertex  3.275377e+001  1.389199e+001  8.000000e-001
      vertex  4.230469e+001  1.364278e+001  8.000000e-001
      vertex  3.260657e+001  1.371047e+001  8.000000e-001
    endloop
  endfacet
  facet normal  0.000000e+000  0.000000e+000 -1.000000e+000
    outer loop
      vertex  3.260657e+001  1.371047e+001  8.000000e-001
      vertex  4.230469e+001  1.364278e+001  8.000000e-001
      vertex  4.240644e+001  1.343522e+001  8.000000e-001
    endloop
  endfacet
  facet normal  0.000000e+000  0.000000e+000 -1.000000e+000
    outer loop
      vertex  3.260657e+001  1.371047e+001  8.000000e-001
      vertex  4.240644e+001  1.343522e+001  8.000000e-001
      vertex  3.246453e+001  1.352502e+001  8.000000e-001
    endloop
  endfacet
  facet normal  0.000000e+000  0.000000e+000 -1.000000e+000
    outer loop
      vertex  3.246453e+001  1.352502e+001  8.000000e-001
      vertex  4.240644e+001  1.343522e+001  8.000000e-001
      vertex  4.260495e+001  1.301751e+001  8.000000e-001
    endloop
  endfacet
  facet normal  0.000000e+000  0.000000e+000 -1.000000e+000
    outer loop
      vertex  3.246453e+001  1.352502e+001  8.000000e-001
      vertex  4.260495e+001  1.301751e+001  8.000000e-001
      vertex  3.231989e+001  1.332539e+001  8.000000e-001
    endloop
  endfacet
  facet normal  0.000000e+000  -0.000000e+000 -1.000000e+000
    outer loop
      vertex  3.231989e+001  1.332539e+001  8.000000e-001
      vertex  4.260495e+001  1.301751e+001  8.000000e-001
      vertex  3.204549e+001  1.291526e+001  8.000000e-001
    endloop
  endfacet
  facet normal  0.000000e+000  0.000000e+000 -1.000000e+000
    outer loop
      vertex  3.231989e+001  1.332539e+001  8.000000e-001
      vertex  3.204549e+001  1.291526e+001  8.000000e-001
      vertex  3.218025e+001  1.312196e+001  8.000000e-001
    endloop
  endfacet
  facet normal  0.000000e+000  -0.000000e+000 -1.000000e+000
    outer loop
      vertex  3.154591e+001  1.203679e+001  8.000000e-001
      vertex  3.166332e+001  1.226296e+001  8.000000e-001
      vertex  4.304303e+001  1.204162e+001  8.000000e-001
    endloop
  endfacet
  facet normal  0.000000e+000  0.000000e+000 -1.000000e+000
    outer loop
      vertex  4.304303e+001  1.204162e+001  8.000000e-001
      vertex  3.166332e+001  1.226296e+001  8.000000e-001
      vertex  3.178667e+001  1.248594e+001  8.000000e-001
    endloop
  endfacet
  facet normal  0.000000e+000  0.000000e+000 -9.999999e-001
    outer loop
      vertex  4.304303e+001  1.204162e+001  8.000000e-001
      vertex  3.178667e+001  1.248594e+001  8.000000e-001
      vertex  4.282722e+001  1.253106e+001  8.000000e-001
    endloop
  endfacet
  facet normal  -0.000000e+000  0.000000e+000 -1.000000e+000
    outer loop
      vertex  4.282722e+001  1.253106e+001  8.000000e-001
      vertex  3.178667e+001  1.248594e+001  8.000000e-001
      vertex  3.191564e+001  1.270570e+001  8.000000e-001
    endloop
  endfacet
  facet normal  0.000000e+000  0.000000e+000 -1.000000e+000
    outer loop
      vertex  4.282722e+001  1.253106e+001  8.000000e-001
      vertex  3.191564e+001  1.270570e+001  8.000000e-001
      vertex  4.271696e+001  1.277472e+001  8.000000e-001
    endloop
  endfacet
  facet normal  -0.000000e+000  0.000000e+000 -1.000000e+000
    outer loop
      vertex  4.271696e+001  1.277472e+001  8.000000e-001
      vertex  3.191564e+001  1.270570e+001  8.000000e-001
      vertex  3.204549e+001  1.291526e+001  8.000000e-001
    endloop
  endfacet
  facet normal  0.000000e+000  0.000000e+000 -1.000000e+000
    outer loop
      vertex  4.271696e+001  1.277472e+001  8.000000e-001
      vertex  3.204549e+001  1.291526e+001  8.000000e-001
      vertex  4.260495e+001  1.301751e+001  8.000000e-001
    endloop
  endfacet
  facet normal  0.000000e+000  -0.000000e+000 -9.999999e-001
    outer loop
      vertex  3.133021e+001  1.157508e+001  8.000000e-001
      vertex  3.143476e+001  1.180747e+001  8.000000e-001
      vertex  4.325270e+001  1.154985e+001  8.000000e-001
    endloop
  endfacet
  facet normal  0.000000e+000  0.000000e+000 -1.000000e+000
    outer loop
      vertex  4.325270e+001  1.154985e+001  8.000000e-001
      vertex  3.143476e+001  1.180747e+001  8.000000e-001
      vertex  3.154591e+001  1.203679e+001  8.000000e-001
    endloop
  endfacet
  facet normal  0.000000e+000  0.000000e+000 -1.000000e+000
    outer loop
      vertex  4.325270e+001  1.154985e+001  8.000000e-001
      vertex  3.154591e+001  1.203679e+001  8.000000e-001
      vertex  4.304303e+001  1.204162e+001  8.000000e-001
    endloop
  endfacet
  facet normal  0.000000e+000  -0.000000e+000 -1.000000e+000
    outer loop
      vertex  3.114128e+001  1.109873e+001  8.000000e-001
      vertex  3.118599e+001  1.121957e+001  8.000000e-001
      vertex  4.346006e+001  1.104301e+001  8.000000e-001
    endloop
  endfacet
  facet normal  0.000000e+000  0.000000e+000 -1.000000e+000
    outer loop
      vertex  4.346006e+001  1.104301e+001  8.000000e-001
      vertex  3.118599e+001  1.121957e+001  8.000000e-001
      vertex  3.123260e+001  1.133969e+001  8.000000e-001
    endloop
  endfacet
  facet normal  0.000000e+000  0.000000e+000 -1.000000e+000
    outer loop
      vertex  4.346006e+001  1.104301e+001  8.000000e-001
      vertex  3.123260e+001  1.133969e+001  8.000000e-001
      vertex  4.335753e+001  1.129670e+001  8.000000e-001
    endloop
  endfacet
  facet normal  0.000000e+000  0.000000e+000 -1.000000e+000
    outer loop
      vertex  4.335753e+001  1.129670e+001  8.000000e-001
      vertex  3.123260e+001  1.133969e+001  8.000000e-001
      vertex  3.133021e+001  1.157508e+001  8.000000e-001
    endloop
  endfacet
  facet normal  0.000000e+000  0.000000e+000 -1.000000e+000
    outer loop
      vertex  4.335753e+001  1.129670e+001  8.000000e-001
      vertex  3.133021e+001  1.157508e+001  8.000000e-001
      vertex  4.325270e+001  1.154985e+001  8.000000e-001
    endloop
  endfacet
  facet normal  0.000000e+000  -0.000000e+000 -1.000000e+000
    outer loop
      vertex  3.105953e+001  1.086045e+001  8.000000e-001
      vertex  3.109946e+001  1.097991e+001  8.000000e-001
      vertex  4.355548e+001  1.080003e+001  8.000000e-001
    endloop
  endfacet
  facet normal  0.000000e+000  0.000000e+000 -1.000000e+000
    outer loop
      vertex  4.355548e+001  1.080003e+001  8.000000e-001
      vertex  3.109946e+001  1.097991e+001  8.000000e-001
      vertex  3.114128e+001  1.109873e+001  8.000000e-001
    endloop
  endfacet
  facet normal  0.000000e+000  0.000000e+000 -9.999999e-001
    outer loop
      vertex  4.355548e+001  1.080003e+001  8.000000e-001
      vertex  3.114128e+001  1.109873e+001  8.000000e-001
      vertex  4.346006e+001  1.104301e+001  8.000000e-001
    endloop
  endfacet
  facet normal  0.000000e+000  -0.000000e+000 -1.000000e+000
    outer loop
      vertex  3.087667e+001  1.019754e+001  8.000000e-001
      vertex  3.093081e+001  1.042027e+001  8.000000e-001
      vertex  4.376892e+001  1.022244e+001  8.000000e-001
    endloop
  endfacet
  facet normal  0.000000e+000  0.000000e+000 -1.000000e+000
    outer loop
      vertex  4.376892e+001  1.022244e+001  8.000000e-001
      vertex  3.093081e+001  1.042027e+001  8.000000e-001
      vertex  3.099180e+001  1.064121e+001  8.000000e-001
    endloop
  endfacet
  facet normal  0.000000e+000  0.000000e+000 -1.000000e+000
    outer loop
      vertex  4.376892e+001  1.022244e+001  8.000000e-001
      vertex  3.099180e+001  1.064121e+001  8.000000e-001
      vertex  4.364802e+001  1.055637e+001  8.000000e-001
    endloop
  endfacet
  facet normal  0.000000e+000  0.000000e+000 -1.000000e+000
    outer loop
      vertex  4.364802e+001  1.055637e+001  8.000000e-001
      vertex  3.099180e+001  1.064121e+001  8.000000e-001
      vertex  3.105953e+001  1.086045e+001  8.000000e-001
    endloop
  endfacet
  facet normal  0.000000e+000  0.000000e+000 -1.000000e+000
    outer loop
      vertex  4.364802e+001  1.055637e+001  8.000000e-001
      vertex  3.105953e+001  1.086045e+001  8.000000e-001
      vertex  4.355548e+001  1.080003e+001  8.000000e-001
    endloop
  endfacet
  facet normal  0.000000e+000  0.000000e+000 -1.000000e+000
    outer loop
      vertex  4.393878e+001  9.710608e+000  8.000000e-001
      vertex  3.078803e+001  9.741738e+000  8.000000e-001
      vertex  4.388700e+001  9.873275e+000  8.000000e-001
    endloop
  endfacet
  facet normal  -0.000000e+000  0.000000e+000 -1.000000e+000
    outer loop
      vertex  4.388700e+001  9.873275e+000  8.000000e-001
      vertex  3.078803e+001  9.741738e+000  8.000000e-001
      vertex  3.082940e+001  9.973012e+000  8.000000e-001
    endloop
  endfacet
  facet normal  0.000000e+000  0.000000e+000 -1.000000e+000
    outer loop
      vertex  4.388700e+001  9.873275e+000  8.000000e-001
      vertex  3.082940e+001  9.973012e+000  8.000000e-001
      vertex  4.382898e+001  1.004821e+001  8.000000e-001
    endloop
  endfacet
  facet normal  -0.000000e+000  0.000000e+000 -9.999999e-001
    outer loop
      vertex  4.382898e+001  1.004821e+001  8.000000e-001
      vertex  3.082940e+001  9.973012e+000  8.000000e-001
      vertex  3.087667e+001  1.019754e+001  8.000000e-001
    endloop
  endfacet
  facet normal  0.000000e+000  0.000000e+000 -1.000000e+000
    outer loop
      vertex  4.382898e+001  1.004821e+001  8.000000e-001
      vertex  3.087667e+001  1.019754e+001  8.000000e-001
      vertex  4.376892e+001  1.022244e+001  8.000000e-001
    endloop
  endfacet
  facet normal  0.000000e+000  0.000000e+000 -1.000000e+000
    outer loop
      vertex  4.433200e+001  8.063730e+000  8.000000e-001
      vertex  3.067960e+001  8.102800e+000  8.000000e-001
      vertex  4.430656e+001  8.213053e+000  8.000000e-001
    endloop
  endfacet
  facet normal  -0.000000e+000  0.000000e+000 -1.000000e+000
    outer loop
      vertex  4.430656e+001  8.213053e+000  8.000000e-001
      vertex  3.067960e+001  8.102800e+000  8.000000e-001
      vertex  3.067718e+001  8.337744e+000  8.000000e-001
    endloop
  endfacet
  facet normal  0.000000e+000  0.000000e+000 -1.000000e+000
    outer loop
      vertex  4.430656e+001  8.213053e+000  8.000000e-001
      vertex  3.067718e+001  8.337744e+000  8.000000e-001
      vertex  4.427914e+001  8.362047e+000  8.000000e-001
    endloop
  endfacet
  facet normal  -0.000000e+000  0.000000e+000 -1.000000e+000
    outer loop
      vertex  4.427914e+001  8.362047e+000  8.000000e-001
      vertex  3.067718e+001  8.337744e+000  8.000000e-001
      vertex  3.068038e+001  8.572687e+000  8.000000e-001
    endloop
  endfacet
  facet normal  0.000000e+000  0.000000e+000 -1.000000e+000
    outer loop
      vertex  4.427914e+001  8.362047e+000  8.000000e-001
      vertex  3.068038e+001  8.572687e+000  8.000000e-001
      vertex  4.424975e+001  8.510682e+000  8.000000e-001
    endloop
  endfacet
  facet normal  0.000000e+000  0.000000e+000 -1.000000e+000
    outer loop
      vertex  4.424975e+001  8.510682e+000  8.000000e-001
      vertex  3.068038e+001  8.572687e+000  8.000000e-001
      vertex  3.068940e+001  8.807490e+000  8.000000e-001
    endloop
  endfacet
  facet normal  0.000000e+000  0.000000e+000 -1.000000e+000
    outer loop
      vertex  4.424975e+001  8.510682e+000  8.000000e-001
      vertex  3.068940e+001  8.807490e+000  8.000000e-001
      vertex  4.419305e+001  8.772403e+000  8.000000e-001
    endloop
  endfacet
  facet normal  0.000000e+000  0.000000e+000 -1.000000e+000
    outer loop
      vertex  4.419305e+001  8.772403e+000  8.000000e-001
      vertex  3.068940e+001  8.807490e+000  8.000000e-001
      vertex  3.070446e+001  9.041989e+000  8.000000e-001
    endloop
  endfacet
  facet normal  0.000000e+000  0.000000e+000 -1.000000e+000
    outer loop
      vertex  4.419305e+001  8.772403e+000  8.000000e-001
      vertex  3.070446e+001  9.041989e+000  8.000000e-001
      vertex  4.413044e+001  9.032530e+000  8.000000e-001
    endloop
  endfacet
  facet normal  0.000000e+000  0.000000e+000 -9.999999e-001
    outer loop
      vertex  4.413044e+001  9.032530e+000  8.000000e-001
      vertex  3.070446e+001  9.041989e+000  8.000000e-001
      vertex  3.072578e+001  9.276001e+000  8.000000e-001
    endloop
  endfacet
  facet normal  0.000000e+000  0.000000e+000 -9.999999e-001
    outer loop
      vertex  4.413044e+001  9.032530e+000  8.000000e-001
      vertex  3.072578e+001  9.276001e+000  8.000000e-001
      vertex  4.406220e+001  9.290827e+000  8.000000e-001
    endloop
  endfacet
  facet normal  -0.000000e+000  0.000000e+000 -1.000000e+000
    outer loop
      vertex  4.406220e+001  9.290827e+000  8.000000e-001
      vertex  3.072578e+001  9.276001e+000  8.000000e-001
      vertex  3.075356e+001  9.509323e+000  8.000000e-001
    endloop
  endfacet
  facet normal  0.000000e+000  0.000000e+000 -1.000000e+000
    outer loop
      vertex  4.406220e+001  9.290827e+000  8.000000e-001
      vertex  3.075356e+001  9.509323e+000  8.000000e-001
      vertex  4.398861e+001  9.547224e+000  8.000000e-001
    endloop
  endfacet
  facet normal  -0.000000e+000  0.000000e+000 -9.999999e-001
    outer loop
      vertex  4.398861e+001  9.547224e+000  8.000000e-001
      vertex  3.075356e+001  9.509323e+000  8.000000e-001
      vertex  3.078803e+001  9.741738e+000  8.000000e-001
    endloop
  endfacet
  facet normal  0.000000e+000  0.000000e+000 -1.000000e+000
    outer loop
      vertex  4.398861e+001  9.547224e+000  8.000000e-001
      vertex  3.078803e+001  9.741738e+000  8.000000e-001
      vertex  4.393878e+001  9.710608e+000  8.000000e-001
    endloop
  endfacet
  facet normal  0.000000e+000  0.000000e+000 -1.000000e+000
    outer loop
      vertex  3.130390e+001  4.806791e+000  8.000000e-001
      vertex  3.122012e+001  5.035426e+000  8.000000e-001
      vertex  4.446200e+001  4.812257e+000  8.000000e-001
    endloop
  endfacet
  facet normal  0.000000e+000  0.000000e+000 -1.000000e+000
    outer loop
      vertex  4.446200e+001  4.812257e+000  8.000000e-001
      vertex  3.122012e+001  5.035426e+000  8.000000e-001
      vertex  3.113714e+001  5.283720e+000  8.000000e-001
    endloop
  endfacet
  facet normal  0.000000e+000  0.000000e+000 -1.000000e+000
    outer loop
      vertex  4.446200e+001  4.812257e+000  8.000000e-001
      vertex  3.113714e+001  5.283720e+000  8.000000e-001
      vertex  4.447773e+001  5.214245e+000  8.000000e-001
    endloop
  endfacet
  facet normal  0.000000e+000  0.000000e+000 -1.000000e+000
    outer loop
      vertex  4.447773e+001  5.214245e+000  8.000000e-001
      vertex  3.113714e+001  5.283720e+000  8.000000e-001
      vertex  3.106149e+001  5.533935e+000  8.000000e-001
    endloop
  endfacet
  facet normal  0.000000e+000  0.000000e+000 -1.000000e+000
    outer loop
      vertex  4.447773e+001  5.214245e+000  8.000000e-001
      vertex  3.106149e+001  5.533935e+000  8.000000e-001
      vertex  4.448764e+001  5.614635e+000  8.000000e-001
    endloop
  endfacet
  facet normal  -0.000000e+000  0.000000e+000 -1.000000e+000
    outer loop
      vertex  4.448764e+001  5.614635e+000  8.000000e-001
      vertex  3.106149e+001  5.533935e+000  8.000000e-001
      vertex  3.099308e+001  5.785627e+000  8.000000e-001
    endloop
  endfacet
  facet normal  0.000000e+000  0.000000e+000 -1.000000e+000
    outer loop
      vertex  4.448764e+001  5.614635e+000  8.000000e-001
      vertex  3.099308e+001  5.785627e+000  8.000000e-001
      vertex  4.449019e+001  5.829519e+000  8.000000e-001
    endloop
  endfacet
  facet normal  -0.000000e+000  0.000000e+000 -1.000000e+000
    outer loop
      vertex  4.449019e+001  5.829519e+000  8.000000e-001
      vertex  3.099308e+001  5.785627e+000  8.000000e-001
      vertex  3.093178e+001  6.038540e+000  8.000000e-001
    endloop
  endfacet
  facet normal  0.000000e+000  0.000000e+000 -1.000000e+000
    outer loop
      vertex  4.449019e+001  5.829519e+000  8.000000e-001
      vertex  3.093178e+001  6.038540e+000  8.000000e-001
      vertex  4.449046e+001  6.044116e+000  8.000000e-001
    endloop
  endfacet
  facet normal  -0.000000e+000  0.000000e+000 -1.000000e+000
    outer loop
      vertex  4.449046e+001  6.044116e+000  8.000000e-001
      vertex  3.093178e+001  6.038540e+000  8.000000e-001
      vertex  3.087742e+001  6.292566e+000  8.000000e-001
    endloop
  endfacet
  facet normal  0.000000e+000  0.000000e+000 -1.000000e+000
    outer loop
      vertex  4.449046e+001  6.044116e+000  8.000000e-001
      vertex  3.087742e+001  6.292566e+000  8.000000e-001
      vertex  4.448862e+001  6.228183e+000  8.000000e-001
    endloop
  endfacet
  facet normal  0.000000e+000  0.000000e+000 -1.000000e+000
    outer loop
      vertex  4.448862e+001  6.228183e+000  8.000000e-001
      vertex  3.087742e+001  6.292566e+000  8.000000e-001
      vertex  3.082983e+001  6.547698e+000  8.000000e-001
    endloop
  endfacet
  facet normal  0.000000e+000  0.000000e+000 -1.000000e+000
    outer loop
      vertex  4.448862e+001  6.228183e+000  8.000000e-001
      vertex  3.082983e+001  6.547698e+000  8.000000e-001
      vertex  4.448468e+001  6.412172e+000  8.000000e-001
    endloop
  endfacet
  facet normal  0.000000e+000  0.000000e+000 -1.000000e+000
    outer loop
      vertex  4.448468e+001  6.412172e+000  8.000000e-001
      vertex  3.082983e+001  6.547698e+000  8.000000e-001
      vertex  3.078883e+001  6.803987e+000  8.000000e-001
    endloop
  endfacet
  facet normal  0.000000e+000  0.000000e+000 -1.000000e+000
    outer loop
      vertex  4.448468e+001  6.412172e+000  8.000000e-001
      vertex  3.078883e+001  6.803987e+000  8.000000e-001
      vertex  4.447324e+001  6.712558e+000  8.000000e-001
    endloop
  endfacet
  facet normal  0.000000e+000  0.000000e+000 -1.000000e+000
    outer loop
      vertex  4.447324e+001  6.712558e+000  8.000000e-001
      vertex  3.078883e+001  6.803987e+000  8.000000e-001
      vertex  3.075429e+001  7.061491e+000  8.000000e-001
    endloop
  endfacet
  facet normal  0.000000e+000  0.000000e+000 -1.000000e+000
    outer loop
      vertex  4.447324e+001  6.712558e+000  8.000000e-001
      vertex  3.075429e+001  7.061491e+000  8.000000e-001
      vertex  4.445504e+001  7.013104e+000  8.000000e-001
    endloop
  endfacet
  facet normal  0.000000e+000  0.000000e+000 -1.000000e+000
    outer loop
      vertex  4.445504e+001  7.013104e+000  8.000000e-001
      vertex  3.075429e+001  7.061491e+000  8.000000e-001
      vertex  3.072609e+001  7.320242e+000  8.000000e-001
    endloop
  endfacet
  facet normal  0.000000e+000  0.000000e+000 -1.000000e+000
    outer loop
      vertex  4.445504e+001  7.013104e+000  8.000000e-001
      vertex  3.072609e+001  7.320242e+000  8.000000e-001
      vertex  4.442955e+001  7.313745e+000  8.000000e-001
    endloop
  endfacet
  facet normal  0.000000e+000  0.000000e+000 -1.000000e+000
    outer loop
      vertex  4.442955e+001  7.313745e+000  8.000000e-001
      vertex  3.072609e+001  7.320242e+000  8.000000e-001
      vertex  3.070420e+001  7.580187e+000  8.000000e-001
    endloop
  endfacet
  facet normal  0.000000e+000  0.000000e+000 -1.000000e+000
    outer loop
      vertex  4.442955e+001  7.313745e+000  8.000000e-001
      vertex  3.070420e+001  7.580187e+000  8.000000e-001
      vertex  4.439642e+001  7.614211e+000  8.000000e-001
    endloop
  endfacet
  facet normal  -0.000000e+000  0.000000e+000 -1.000000e+000
    outer loop
      vertex  4.439642e+001  7.614211e+000  8.000000e-001
      vertex  3.070420e+001  7.580187e+000  8.000000e-001
      vertex  3.068866e+001  7.841154e+000  8.000000e-001
    endloop
  endfacet
  facet normal  0.000000e+000  0.000000e+000 -1.000000e+000
    outer loop
      vertex  4.439642e+001  7.614211e+000  8.000000e-001
      vertex  3.068866e+001  7.841154e+000  8.000000e-001
      vertex  4.435546e+001  7.914116e+000  8.000000e-001
    endloop
  endfacet
  facet normal  -0.000000e+000  0.000000e+000 -9.999999e-001
    outer loop
      vertex  4.435546e+001  7.914116e+000  8.000000e-001
      vertex  3.068866e+001  7.841154e+000  8.000000e-001
      vertex  3.067960e+001  8.102800e+000  8.000000e-001
    endloop
  endfacet
  facet normal  0.000000e+000  0.000000e+000 -1.000000e+000
    outer loop
      vertex  4.435546e+001  7.914116e+000  8.000000e-001
      vertex  3.067960e+001  8.102800e+000  8.000000e-001
      vertex  4.433200e+001  8.063730e+000  8.000000e-001
    endloop
  endfacet
  facet normal  0.000000e+000  0.000000e+000 -1.000000e+000
    outer loop
      vertex  4.429289e+001  3.129069e+000  8.000000e-001
      vertex  3.218649e+001  3.120919e+000  8.000000e-001
      vertex  4.431504e+001  3.245042e+000  8.000000e-001
    endloop
  endfacet
  facet normal  -0.000000e+000  0.000000e+000 -1.000000e+000
    outer loop
      vertex  4.431504e+001  3.245042e+000  8.000000e-001
      vertex  3.218649e+001  3.120919e+000  8.000000e-001
      vertex  3.204890e+001  3.328842e+000  8.000000e-001
    endloop
  endfacet
  facet normal  0.000000e+000  0.000000e+000 -1.000000e+000
    outer loop
      vertex  4.431504e+001  3.245042e+000  8.000000e-001
      vertex  3.204890e+001  3.328842e+000  8.000000e-001
      vertex  4.433505e+001  3.363189e+000  8.000000e-001
    endloop
  endfacet
  facet normal  -0.000000e+000  0.000000e+000 -9.999999e-001
    outer loop
      vertex  4.433505e+001  3.363189e+000  8.000000e-001
      vertex  3.204890e+001  3.328842e+000  8.000000e-001
      vertex  3.192659e+001  3.525649e+000  8.000000e-001
    endloop
  endfacet
  facet normal  0.000000e+000  0.000000e+000 -1.000000e+000
    outer loop
      vertex  4.433505e+001  3.363189e+000  8.000000e-001
      vertex  3.192659e+001  3.525649e+000  8.000000e-001
      vertex  4.435287e+001  3.482001e+000  8.000000e-001
    endloop
  endfacet
  facet normal  0.000000e+000  0.000000e+000 -1.000000e+000
    outer loop
      vertex  4.435287e+001  3.482001e+000  8.000000e-001
      vertex  3.192659e+001  3.525649e+000  8.000000e-001
      vertex  3.180986e+001  3.725996e+000  8.000000e-001
    endloop
  endfacet
  facet normal  0.000000e+000  0.000000e+000 -1.000000e+000
    outer loop
      vertex  4.435287e+001  3.482001e+000  8.000000e-001
      vertex  3.180986e+001  3.725996e+000  8.000000e-001
      vertex  4.438072e+001  3.701619e+000  8.000000e-001
    endloop
  endfacet
  facet normal  0.000000e+000  0.000000e+000 -1.000000e+000
    outer loop
      vertex  4.438072e+001  3.701619e+000  8.000000e-001
      vertex  3.180986e+001  3.725996e+000  8.000000e-001
      vertex  3.169906e+001  3.929683e+000  8.000000e-001
    endloop
  endfacet
  facet normal  0.000000e+000  0.000000e+000 -1.000000e+000
    outer loop
      vertex  4.438072e+001  3.701619e+000  8.000000e-001
      vertex  3.169906e+001  3.929683e+000  8.000000e-001
      vertex  4.440344e+001  3.923093e+000  8.000000e-001
    endloop
  endfacet
  facet normal  0.000000e+000  0.000000e+000 -1.000000e+000
    outer loop
      vertex  4.440344e+001  3.923093e+000  8.000000e-001
      vertex  3.169906e+001  3.929683e+000  8.000000e-001
      vertex  3.159443e+001  4.136434e+000  8.000000e-001
    endloop
  endfacet
  facet normal  0.000000e+000  0.000000e+000 -1.000000e+000
    outer loop
      vertex  4.440344e+001  3.923093e+000  8.000000e-001
      vertex  3.159443e+001  4.136434e+000  8.000000e-001
      vertex  4.442083e+001  4.128329e+000  8.000000e-001
    endloop
  endfacet
  facet normal  0.000000e+000  0.000000e+000 -9.999999e-001
    outer loop
      vertex  4.442083e+001  4.128329e+000  8.000000e-001
      vertex  3.159443e+001  4.136434e+000  8.000000e-001
      vertex  3.149104e+001  4.356887e+000  8.000000e-001
    endloop
  endfacet
  facet normal  0.000000e+000  0.000000e+000 -1.000000e+000
    outer loop
      vertex  4.442083e+001  4.128329e+000  8.000000e-001
      vertex  3.149104e+001  4.356887e+000  8.000000e-001
      vertex  4.443552e+001  4.333821e+000  8.000000e-001
    endloop
  endfacet
  facet normal  0.000000e+000  0.000000e+000 -1.000000e+000
    outer loop
      vertex  4.443552e+001  4.333821e+000  8.000000e-001
      vertex  3.149104e+001  4.356887e+000  8.000000e-001
      vertex  3.139420e+001  4.580478e+000  8.000000e-001
    endloop
  endfacet
  facet normal  0.000000e+000  0.000000e+000 -1.000000e+000
    outer loop
      vertex  4.443552e+001  4.333821e+000  8.000000e-001
      vertex  3.139420e+001  4.580478e+000  8.000000e-001
      vertex  4.444996e+001  4.573561e+000  8.000000e-001
    endloop
  endfacet
  facet normal  0.000000e+000  0.000000e+000 -1.000000e+000
    outer loop
      vertex  4.444996e+001  4.573561e+000  8.000000e-001
      vertex  3.139420e+001  4.580478e+000  8.000000e-001
      vertex  3.130390e+001  4.806791e+000  8.000000e-001
    endloop
  endfacet
  facet normal  0.000000e+000  0.000000e+000 -1.000000e+000
    outer loop
      vertex  4.444996e+001  4.573561e+000  8.000000e-001
      vertex  3.130390e+001  4.806791e+000  8.000000e-001
      vertex  4.446200e+001  4.812257e+000  8.000000e-001
    endloop
  endfacet
  facet normal  0.000000e+000  0.000000e+000 -1.000000e+000
    outer loop
      vertex  4.423053e+001  2.861503e+000  8.000000e-001
      vertex  3.232992e+001  2.916965e+000  8.000000e-001
      vertex  4.426815e+001  3.014030e+000  8.000000e-001
    endloop
  endfacet
  facet normal  -0.000000e+000  0.000000e+000 -9.999999e-001
    outer loop
      vertex  4.426815e+001  3.014030e+000  8.000000e-001
      vertex  3.232992e+001  2.916965e+000  8.000000e-001
      vertex  3.218649e+001  3.120919e+000  8.000000e-001
    endloop
  endfacet
  facet normal  0.000000e+000  0.000000e+000 -1.000000e+000
    outer loop
      vertex  4.426815e+001  3.014030e+000  8.000000e-001
      vertex  3.218649e+001  3.120919e+000  8.000000e-001
      vertex  4.429289e+001  3.129069e+000  8.000000e-001
    endloop
  endfacet
  facet normal  0.000000e+000  0.000000e+000 -9.999999e-001
    outer loop
      vertex  4.404227e+001  2.323389e+000  8.000000e-001
      vertex  3.279170e+001  2.328591e+000  8.000000e-001
      vertex  4.409254e+001  2.442551e+000  8.000000e-001
    endloop
  endfacet
  facet normal  -0.000000e+000  0.000000e+000 -1.000000e+000
    outer loop
      vertex  4.409254e+001  2.442551e+000  8.000000e-001
      vertex  3.279170e+001  2.328591e+000  8.000000e-001
      vertex  3.263288e+001  2.520851e+000  8.000000e-001
    endloop
  endfacet
  facet normal  0.000000e+000  0.000000e+000 -1.000000e+000
    outer loop
      vertex  4.409254e+001  2.442551e+000  8.000000e-001
      vertex  3.263288e+001  2.520851e+000  8.000000e-001
      vertex  4.413842e+001  2.563967e+000  8.000000e-001
    endloop
  endfacet
  facet normal  -0.000000e+000  0.000000e+000 -1.000000e+000
    outer loop
      vertex  4.413842e+001  2.563967e+000  8.000000e-001
      vertex  3.263288e+001  2.520851e+000  8.000000e-001
      vertex  3.247884e+001  2.716956e+000  8.000000e-001
    endloop
  endfacet
  facet normal  0.000000e+000  0.000000e+000 -1.000000e+000
    outer loop
      vertex  4.413842e+001  2.563967e+000  8.000000e-001
      vertex  3.247884e+001  2.716956e+000  8.000000e-001
      vertex  4.418742e+001  2.711381e+000  8.000000e-001
    endloop
  endfacet
  facet normal  0.000000e+000  0.000000e+000 -1.000000e+000
    outer loop
      vertex  4.418742e+001  2.711381e+000  8.000000e-001
      vertex  3.247884e+001  2.716956e+000  8.000000e-001
      vertex  3.232992e+001  2.916965e+000  8.000000e-001
    endloop
  endfacet
  facet normal  0.000000e+000  0.000000e+000 -1.000000e+000
    outer loop
      vertex  4.418742e+001  2.711381e+000  8.000000e-001
      vertex  3.232992e+001  2.916965e+000  8.000000e-001
      vertex  4.423053e+001  2.861503e+000  8.000000e-001
    endloop
  endfacet
  facet normal  0.000000e+000  0.000000e+000 -9.999999e-001
    outer loop
      vertex  4.392860e+001  2.092056e+000  8.000000e-001
      vertex  3.295496e+001  2.140097e+000  8.000000e-001
      vertex  4.398759e+001  2.206576e+000  8.000000e-001
    endloop
  endfacet
  facet normal  -0.000000e+000  0.000000e+000 -1.000000e+000
    outer loop
      vertex  4.398759e+001  2.206576e+000  8.000000e-001
      vertex  3.295496e+001  2.140097e+000  8.000000e-001
      vertex  3.279170e+001  2.328591e+000  8.000000e-001
    endloop
  endfacet
  facet normal  0.000000e+000  0.000000e+000 -1.000000e+000
    outer loop
      vertex  4.398759e+001  2.206576e+000  8.000000e-001
      vertex  3.279170e+001  2.328591e+000  8.000000e-001
      vertex  4.404227e+001  2.323389e+000  8.000000e-001
    endloop
  endfacet
  facet normal  0.000000e+000  0.000000e+000 -9.999999e-001
    outer loop
      vertex  4.372982e+001  1.764142e+000  8.000000e-001
      vertex  3.329352e+001  1.773987e+000  8.000000e-001
      vertex  4.379816e+001  1.869128e+000  8.000000e-001
    endloop
  endfacet
  facet normal  -0.000000e+000  0.000000e+000 -1.000000e+000
    outer loop
      vertex  4.379816e+001  1.869128e+000  8.000000e-001
      vertex  3.329352e+001  1.773987e+000  8.000000e-001
      vertex  3.312233e+001  1.955269e+000  8.000000e-001
    endloop
  endfacet
  facet normal  0.000000e+000  0.000000e+000 -1.000000e+000
    outer loop
      vertex  4.379816e+001  1.869128e+000  8.000000e-001
      vertex  3.312233e+001  1.955269e+000  8.000000e-001
      vertex  4.386539e+001  1.979657e+000  8.000000e-001
    endloop
  endfacet
  facet normal  -0.000000e+000  0.000000e+000 -1.000000e+000
    outer loop
      vertex  4.386539e+001  1.979657e+000  8.000000e-001
      vertex  3.312233e+001  1.955269e+000  8.000000e-001
      vertex  3.295496e+001  2.140097e+000  8.000000e-001
    endloop
  endfacet
  facet normal  0.000000e+000  0.000000e+000 -1.000000e+000
    outer loop
      vertex  4.386539e+001  1.979657e+000  8.000000e-001
      vertex  3.295496e+001  2.140097e+000  8.000000e-001
      vertex  4.392860e+001  2.092056e+000  8.000000e-001
    endloop
  endfacet
  facet normal  0.000000e+000  0.000000e+000 -1.000000e+000
    outer loop
      vertex  4.357819e+001  1.549689e+000  8.000000e-001
      vertex  3.349853e+001  1.565947e+000  8.000000e-001
      vertex  4.365829e+001  1.660343e+000  8.000000e-001
    endloop
  endfacet
  facet normal  -0.000000e+000  0.000000e+000 -1.000000e+000
    outer loop
      vertex  4.365829e+001  1.660343e+000  8.000000e-001
      vertex  3.349853e+001  1.565947e+000  8.000000e-001
      vertex  3.329352e+001  1.773987e+000  8.000000e-001
    endloop
  endfacet
  facet normal  0.000000e+000  0.000000e+000 -1.000000e+000
    outer loop
      vertex  4.365829e+001  1.660343e+000  8.000000e-001
      vertex  3.329352e+001  1.773987e+000  8.000000e-001
      vertex  4.372982e+001  1.764142e+000  8.000000e-001
    endloop
  endfacet
  facet normal  0.000000e+000  0.000000e+000 -1.000000e+000
    outer loop
      vertex  4.338711e+001  1.300888e+000  8.000000e-001
      vertex  3.370745e+001  1.363192e+000  8.000000e-001
      vertex  4.349540e+001  1.439870e+000  8.000000e-001
    endloop
  endfacet
  facet normal  -0.000000e+000  0.000000e+000 -1.000000e+000
    outer loop
      vertex  4.349540e+001  1.439870e+000  8.000000e-001
      vertex  3.370745e+001  1.363192e+000  8.000000e-001
      vertex  3.349853e+001  1.565947e+000  8.000000e-001
    endloop
  endfacet
  facet normal  0.000000e+000  0.000000e+000 -1.000000e+000
    outer loop
      vertex  4.349540e+001  1.439870e+000  8.000000e-001
      vertex  3.349853e+001  1.565947e+000  8.000000e-001
      vertex  4.357819e+001  1.549689e+000  8.000000e-001
    endloop
  endfacet
  facet normal  0.000000e+000  0.000000e+000 -1.000000e+000
    outer loop
      vertex  3.403012e+001  1.068422e+000  8.000000e-001
      vertex  3.392113e+001  1.165457e+000  8.000000e-001
      vertex  4.316546e+001  1.023491e+000  8.000000e-001
    endloop
  endfacet
  facet normal  0.000000e+000  0.000000e+000 -1.000000e+000
    outer loop
      vertex  4.316546e+001  1.023491e+000  8.000000e-001
      vertex  3.392113e+001  1.165457e+000  8.000000e-001
      vertex  3.370745e+001  1.363192e+000  8.000000e-001
    endloop
  endfacet
  facet normal  0.000000e+000  0.000000e+000 -1.000000e+000
    outer loop
      vertex  4.316546e+001  1.023491e+000  8.000000e-001
      vertex  3.370745e+001  1.363192e+000  8.000000e-001
      vertex  4.338711e+001  1.300888e+000  8.000000e-001
    endloop
  endfacet
  facet normal  0.000000e+000  0.000000e+000 -9.999999e-001
    outer loop
      vertex  3.432809e+001  8.165221e-001  8.000000e-001
      vertex  3.414059e+001  9.727319e-001  8.000000e-001
      vertex  4.301739e+001  8.370697e-001  8.000000e-001
    endloop
  endfacet
  facet normal  0.000000e+000  0.000000e+000 -1.000000e+000
    outer loop
      vertex  4.301739e+001  8.370697e-001  8.000000e-001
      vertex  3.414059e+001  9.727319e-001  8.000000e-001
      vertex  3.403012e+001  1.068422e+000  8.000000e-001
    endloop
  endfacet
  facet normal  0.000000e+000  0.000000e+000 -1.000000e+000
    outer loop
      vertex  4.301739e+001  8.370697e-001  8.000000e-001
      vertex  3.403012e+001  1.068422e+000  8.000000e-001
      vertex  4.316546e+001  1.023491e+000  8.000000e-001
    endloop
  endfacet
  facet normal  0.000000e+000  0.000000e+000 -1.000000e+000
    outer loop
      vertex  4.283567e+001  6.004779e-001  8.000000e-001
      vertex  3.451957e+001  6.651340e-001  8.000000e-001
      vertex  4.294409e+001  7.429841e-001  8.000000e-001
    endloop
  endfacet
  facet normal  -0.000000e+000  0.000000e+000 -1.000000e+000
    outer loop
      vertex  4.294409e+001  7.429841e-001  8.000000e-001
      vertex  3.451957e+001  6.651340e-001  8.000000e-001
      vertex  3.432809e+001  8.165221e-001  8.000000e-001
    endloop
  endfacet
  facet normal  0.000000e+000  0.000000e+000 -1.000000e+000
    outer loop
      vertex  4.294409e+001  7.429841e-001  8.000000e-001
      vertex  3.432809e+001  8.165221e-001  8.000000e-001
      vertex  4.301739e+001  8.370697e-001  8.000000e-001
    endloop
  endfacet
  facet normal  0.000000e+000  0.000000e+000 -1.000000e+000
    outer loop
      vertex  3.491506e+001  3.787911e-001  8.000000e-001
      vertex  3.471518e+001  5.190432e-001  8.000000e-001
      vertex  4.269841e+001  4.126364e-001  8.000000e-001
    endloop
  endfacet
  facet normal  0.000000e+000  0.000000e+000 -1.000000e+000
    outer loop
      vertex  4.269841e+001  4.126364e-001  8.000000e-001
      vertex  3.471518e+001  5.190432e-001  8.000000e-001
      vertex  3.451957e+001  6.651340e-001  8.000000e-001
    endloop
  endfacet
  facet normal  0.000000e+000  0.000000e+000 -1.000000e+000
    outer loop
      vertex  4.269841e+001  4.126364e-001  8.000000e-001
      vertex  3.451957e+001  6.651340e-001  8.000000e-001
      vertex  4.283567e+001  6.004779e-001  8.000000e-001
    endloop
  endfacet
  facet normal  0.000000e+000  0.000000e+000 -1.000000e+000
    outer loop
      vertex  3.512230e+001  2.430903e-001  8.000000e-001
      vertex  3.501811e+001  3.100715e-001  8.000000e-001
      vertex  4.256591e+001  2.213553e-001  8.000000e-001
    endloop
  endfacet
  facet normal  0.000000e+000  0.000000e+000 -1.000000e+000
    outer loop
      vertex  4.256591e+001  2.213553e-001  8.000000e-001
      vertex  3.501811e+001  3.100715e-001  8.000000e-001
      vertex  3.491506e+001  3.787911e-001  8.000000e-001
    endloop
  endfacet
  facet normal  0.000000e+000  0.000000e+000 -1.000000e+000
    outer loop
      vertex  4.256591e+001  2.213553e-001  8.000000e-001
      vertex  3.491506e+001  3.787911e-001  8.000000e-001
      vertex  4.269841e+001  4.126364e-001  8.000000e-001
    endloop
  endfacet
  facet normal  0.000000e+000  0.000000e+000 -1.000000e+000
    outer loop
      vertex  4.256591e+001  2.213553e-001  8.000000e-001
      vertex  4.243877e+001  2.660068e-002  8.000000e-001
      vertex  3.512230e+001  2.430903e-001  8.000000e-001
    endloop
  endfacet
  facet normal  0.000000e+000  0.000000e+000 -1.000000e+000
    outer loop
      vertex  3.512230e+001  2.430903e-001  8.000000e-001
      vertex  4.243877e+001  2.660068e-002  8.000000e-001
      vertex  3.522459e+001  1.797656e-001  8.000000e-001
    endloop
  endfacet
  facet normal  0.000000e+000  0.000000e+000 -1.000000e+000
    outer loop
      vertex  4.243877e+001  2.660068e-002  8.000000e-001
      vertex  3.546955e+001  3.802835e-002  8.000000e-001
      vertex  3.522459e+001  1.797656e-001  8.000000e-001
    endloop
  endfacet
  facet normal  0.000000e+000  0.000000e+000 -1.000000e+000
    outer loop
      vertex  3.522459e+001  1.797656e-001  8.000000e-001
      vertex  3.546955e+001  3.802835e-002  8.000000e-001
      vertex  3.532797e+001  1.182438e-001  8.000000e-001
    endloop
  endfacet
  facet normal  0.000000e+000  0.000000e+000 -9.999999e-001
    outer loop
      vertex  4.243877e+001  2.660068e-002  8.000000e-001
      vertex  4.231732e+001 -1.715372e-001  8.000000e-001
      vertex  3.546955e+001  3.802835e-002  8.000000e-001
    endloop
  endfacet
  facet normal  0.000000e+000  0.000000e+000 -9.999999e-001
    outer loop
      vertex  3.546955e+001  3.802835e-002  8.000000e-001
      vertex  4.231732e+001 -1.715372e-001  8.000000e-001
      vertex  3.561312e+001 -3.852338e-002  8.000000e-001
    endloop
  endfacet
  facet normal  0.000000e+000  0.000000e+000 -1.000000e+000
    outer loop
      vertex  4.231732e+001 -1.715372e-001  8.000000e-001
      vertex  3.593347e+001 -1.918948e-001  8.000000e-001
      vertex  3.561312e+001 -3.852338e-002  8.000000e-001
    endloop
  endfacet
  facet normal  0.000000e+000  0.000000e+000 -1.000000e+000
    outer loop
      vertex  3.561312e+001 -3.852338e-002  8.000000e-001
      vertex  3.593347e+001 -1.918948e-001  8.000000e-001
      vertex  3.575867e+001 -1.111952e-001  8.000000e-001
    endloop
  endfacet
  facet normal  0.000000e+000  0.000000e+000 -1.000000e+000
    outer loop
      vertex  3.664875e+001 -4.469166e-001  8.000000e-001
      vertex  3.646717e+001 -3.935359e-001  8.000000e-001
      vertex  4.081026e+001 -4.376652e-001  8.000000e-001
    endloop
  endfacet
  facet normal  0.000000e+000  0.000000e+000 -1.000000e+000
    outer loop
      vertex  4.081026e+001 -4.376652e-001  8.000000e-001
      vertex  3.646717e+001 -3.935359e-001  8.000000e-001
      vertex  3.628774e+001 -3.333001e-001  8.000000e-001
    endloop
  endfacet
  facet normal  0.000000e+000  0.000000e+000 -1.000000e+000
    outer loop
      vertex  4.081026e+001 -4.376652e-001  8.000000e-001
      vertex  3.628774e+001 -3.333001e-001  8.000000e-001
      vertex  4.127288e+001 -3.611418e-001  8.000000e-001
    endloop
  endfacet
  facet normal  0.000000e+000  0.000000e+000 -1.000000e+000
    outer loop
      vertex  4.127288e+001 -3.611418e-001  8.000000e-001
      vertex  3.628774e+001 -3.333001e-001  8.000000e-001
      vertex  3.610993e+001 -2.660617e-001  8.000000e-001
    endloop
  endfacet
  facet normal  0.000000e+000  0.000000e+000 -1.000000e+000
    outer loop
      vertex  4.127288e+001 -3.611418e-001  8.000000e-001
      vertex  3.610993e+001 -2.660617e-001  8.000000e-001
      vertex  4.179544e+001 -2.681940e-001  8.000000e-001
    endloop
  endfacet
  facet normal  0.000000e+000  0.000000e+000 -1.000000e+000
    outer loop
      vertex  4.179544e+001 -2.681940e-001  8.000000e-001
      vertex  3.610993e+001 -2.660617e-001  8.000000e-001
      vertex  3.593347e+001 -1.918948e-001  8.000000e-001
    endloop
  endfacet
  facet normal  0.000000e+000  0.000000e+000 -1.000000e+000
    outer loop
      vertex  4.179544e+001 -2.681940e-001  8.000000e-001
      vertex  3.593347e+001 -1.918948e-001  8.000000e-001
      vertex  4.231732e+001 -1.715372e-001  8.000000e-001
    endloop
  endfacet
  facet normal  0.000000e+000  0.000000e+000 -1.000000e+000
    outer loop
      vertex  4.034648e+001 -5.067391e-001  8.000000e-001
      vertex  3.683300e+001 -4.937099e-001  8.000000e-001
      vertex  4.057853e+001 -4.732631e-001  8.000000e-001
    endloop
  endfacet
  facet normal  -0.000000e+000  0.000000e+000 -1.000000e+000
    outer loop
      vertex  4.057853e+001 -4.732631e-001  8.000000e-001
      vertex  3.683300e+001 -4.937099e-001  8.000000e-001
      vertex  3.664875e+001 -4.469166e-001  8.000000e-001
    endloop
  endfacet
  facet normal  0.000000e+000  0.000000e+000 -1.000000e+000
    outer loop
      vertex  4.057853e+001 -4.732631e-001  8.000000e-001
      vertex  3.664875e+001 -4.469166e-001  8.000000e-001
      vertex  4.081026e+001 -4.376652e-001  8.000000e-001
    endloop
  endfacet
  facet normal  0.000000e+000  0.000000e+000 -9.999999e-001
    outer loop
      vertex  3.764787e+001 -6.253542e-001  8.000000e-001
      vertex  3.742818e+001 -6.006900e-001  8.000000e-001
      vertex  3.941486e+001 -6.140769e-001  8.000000e-001
    endloop
  endfacet
  facet normal  0.000000e+000  0.000000e+000 -9.999999e-001
    outer loop
      vertex  3.941486e+001 -6.140769e-001  8.000000e-001
      vertex  3.742818e+001 -6.006900e-001  8.000000e-001
      vertex  3.731870e+001 -5.856066e-001  8.000000e-001
    endloop
  endfacet
  facet normal  0.000000e+000  0.000000e+000 -1.000000e+000
    outer loop
      vertex  3.941486e+001 -6.140769e-001  8.000000e-001
      vertex  3.731870e+001 -5.856066e-001  8.000000e-001
      vertex  3.964826e+001 -5.918893e-001  8.000000e-001
    endloop
  endfacet
  facet normal  0.000000e+000  0.000000e+000 -1.000000e+000
    outer loop
      vertex  3.964826e+001 -5.918893e-001  8.000000e-001
      vertex  3.731870e+001 -5.856066e-001  8.000000e-001
      vertex  3.720952e+001 -5.686024e-001  8.000000e-001
    endloop
  endfacet
  facet normal  0.000000e+000  0.000000e+000 -1.000000e+000
    outer loop
      vertex  3.964826e+001 -5.918893e-001  8.000000e-001
      vertex  3.720952e+001 -5.686024e-001  8.000000e-001
      vertex  3.988135e+001 -5.663463e-001  8.000000e-001
    endloop
  endfacet
  facet normal  -0.000000e+000  0.000000e+000 -1.000000e+000
    outer loop
      vertex  3.988135e+001 -5.663463e-001  8.000000e-001
      vertex  3.720952e+001 -5.686024e-001  8.000000e-001
      vertex  3.702009e+001 -5.342031e-001  8.000000e-001
    endloop
  endfacet
  facet normal  0.000000e+000  0.000000e+000 -1.000000e+000
    outer loop
      vertex  3.988135e+001 -5.663463e-001  8.000000e-001
      vertex  3.702009e+001 -5.342031e-001  8.000000e-001
      vertex  4.011410e+001 -5.378507e-001  8.000000e-001
    endloop
  endfacet
  facet normal  0.000000e+000  0.000000e+000 -1.000000e+000
    outer loop
      vertex  4.011410e+001 -5.378507e-001  8.000000e-001
      vertex  3.702009e+001 -5.342031e-001  8.000000e-001
      vertex  3.683300e+001 -4.937099e-001  8.000000e-001
    endloop
  endfacet
  facet normal  0.000000e+000  0.000000e+000 -1.000000e+000
    outer loop
      vertex  4.011410e+001 -5.378507e-001  8.000000e-001
      vertex  3.683300e+001 -4.937099e-001  8.000000e-001
      vertex  4.034648e+001 -5.067391e-001  8.000000e-001
    endloop
  endfacet
  facet normal  0.000000e+000  0.000000e+000 -1.000000e+000
    outer loop
      vertex  3.844876e+001 -6.604646e-001  8.000000e-001
      vertex  3.831046e+001 -6.598728e-001  8.000000e-001
      vertex  3.858704e+001 -6.590403e-001  8.000000e-001
    endloop
  endfacet
  facet normal  -0.000000e+000  0.000000e+000 -1.000000e+000
    outer loop
      vertex  3.858704e+001 -6.590403e-001  8.000000e-001
      vertex  3.831046e+001 -6.598728e-001  8.000000e-001
      vertex  3.808925e+001 -6.544513e-001  8.000000e-001
    endloop
  endfacet
  facet normal  0.000000e+000  0.000000e+000 -1.000000e+000
    outer loop
      vertex  3.858704e+001 -6.590403e-001  8.000000e-001
      vertex  3.808925e+001 -6.544513e-001  8.000000e-001
      vertex  3.886343e+001 -6.505780e-001  8.000000e-001
    endloop
  endfacet
  facet normal  -0.000000e+000  0.000000e+000 -1.000000e+000
    outer loop
      vertex  3.886343e+001 -6.505780e-001  8.000000e-001
      vertex  3.808925e+001 -6.544513e-001  8.000000e-001
      vertex  3.786831e+001 -6.431076e-001  8.000000e-001
    endloop
  endfacet
  facet normal  0.000000e+000  0.000000e+000 -1.000000e+000
    outer loop
      vertex  3.886343e+001 -6.505780e-001  8.000000e-001
      vertex  3.786831e+001 -6.431076e-001  8.000000e-001
      vertex  3.913939e+001 -6.353268e-001  8.000000e-001
    endloop
  endfacet
  facet normal  -0.000000e+000  0.000000e+000 -1.000000e+000
    outer loop
      vertex  3.913939e+001 -6.353268e-001  8.000000e-001
      vertex  3.786831e+001 -6.431076e-001  8.000000e-001
      vertex  3.764787e+001 -6.253542e-001  8.000000e-001
    endloop
  endfacet
  facet normal  0.000000e+000  0.000000e+000 -1.000000e+000
    outer loop
      vertex  3.913939e+001 -6.353268e-001  8.000000e-001
      vertex  3.764787e+001 -6.253542e-001  8.000000e-001
      vertex  3.941486e+001 -6.140769e-001  8.000000e-001
    endloop
  endfacet
  facet normal  0.000000e+000  0.000000e+000  9.999999e-001
    outer loop
      vertex  3.791179e+001  1.591731e+001  1.800000e+000
      vertex  3.766206e+001  1.591886e+001  1.800000e+000
      vertex  3.816155e+001  1.590976e+001  1.800000e+000
    endloop
  endfacet
  facet normal  0.000000e+000  0.000000e+000  1.000000e+000
    outer loop
      vertex  3.816155e+001  1.590976e+001  1.800000e+000
      vertex  3.766206e+001  1.591886e+001  1.800000e+000
      vertex  3.738684e+001  1.591427e+001  1.800000e+000
    endloop
  endfacet
  facet normal  0.000000e+000  0.000000e+000  1.000000e+000
    outer loop
      vertex  3.816155e+001  1.590976e+001  1.800000e+000
      vertex  3.738684e+001  1.591427e+001  1.800000e+000
      vertex  3.841120e+001  1.589562e+001  1.800000e+000
    endloop
  endfacet
  facet normal  0.000000e+000  0.000000e+000  1.000000e+000
    outer loop
      vertex  3.841120e+001  1.589562e+001  1.800000e+000
      vertex  3.738684e+001  1.591427e+001  1.800000e+000
      vertex  3.710799e+001  1.590352e+001  1.800000e+000
    endloop
  endfacet
  facet normal  0.000000e+000  0.000000e+000  1.000000e+000
    outer loop
      vertex  3.841120e+001  1.589562e+001  1.800000e+000
      vertex  3.710799e+001  1.590352e+001  1.800000e+000
      vertex  3.866051e+001  1.587427e+001  1.800000e+000
    endloop
  endfacet
  facet normal  0.000000e+000  0.000000e+000  1.000000e+000
    outer loop
      vertex  3.866051e+001  1.587427e+001  1.800000e+000
      vertex  3.710799e+001  1.590352e+001  1.800000e+000
      vertex  3.682944e+001  1.588673e+001  1.800000e+000
    endloop
  endfacet
  facet normal  0.000000e+000  0.000000e+000  1.000000e+000
    outer loop
      vertex  3.866051e+001  1.587427e+001  1.800000e+000
      vertex  3.682944e+001  1.588673e+001  1.800000e+000
      vertex  3.878492e+001  1.586069e+001  1.800000e+000
    endloop
  endfacet
  facet normal  0.000000e+000  0.000000e+000  1.000000e+000
    outer loop
      vertex  3.878492e+001  1.586069e+001  1.800000e+000
      vertex  3.682944e+001  1.588673e+001  1.800000e+000
      vertex  3.655518e+001  1.586346e+001  1.800000e+000
    endloop
  endfacet
  facet normal  0.000000e+000  0.000000e+000  1.000000e+000
    outer loop
      vertex  3.878492e+001  1.586069e+001  1.800000e+000
      vertex  3.655518e+001  1.586346e+001  1.800000e+000
      vertex  3.890911e+001  1.584508e+001  1.800000e+000
    endloop
  endfacet
  facet normal  0.000000e+000  0.000000e+000  1.000000e+000
    outer loop
      vertex  3.890911e+001  1.584508e+001  1.800000e+000
      vertex  3.655518e+001  1.586346e+001  1.800000e+000
      vertex  3.632660e+001  1.583811e+001  1.800000e+000
    endloop
  endfacet
  facet normal  -0.000000e+000  0.000000e+000  1.000000e+000
    outer loop
      vertex  3.890911e+001  1.584508e+001  1.800000e+000
      vertex  3.632660e+001  1.583811e+001  1.800000e+000
      vertex  3.911542e+001  1.581430e+001  1.800000e+000
    endloop
  endfacet
  facet normal  0.000000e+000  0.000000e+000  1.000000e+000
    outer loop
      vertex  3.911542e+001  1.581430e+001  1.800000e+000
      vertex  3.632660e+001  1.583811e+001  1.800000e+000
      vertex  3.609867e+001  1.580671e+001  1.800000e+000
    endloop
  endfacet
  facet normal  -0.000000e+000  0.000000e+000  1.000000e+000
    outer loop
      vertex  3.911542e+001  1.581430e+001  1.800000e+000
      vertex  3.609867e+001  1.580671e+001  1.800000e+000
      vertex  3.932063e+001  1.577725e+001  1.800000e+000
    endloop
  endfacet
  facet normal  0.000000e+000  0.000000e+000  1.000000e+000
    outer loop
      vertex  3.932063e+001  1.577725e+001  1.800000e+000
      vertex  3.609867e+001  1.580671e+001  1.800000e+000
      vertex  3.587164e+001  1.576861e+001  1.800000e+000
    endloop
  endfacet
  facet normal  -0.000000e+000  0.000000e+000  1.000000e+000
    outer loop
      vertex  3.932063e+001  1.577725e+001  1.800000e+000
      vertex  3.587164e+001  1.576861e+001  1.800000e+000
      vertex  3.952442e+001  1.573355e+001  1.800000e+000
    endloop
  endfacet
  facet normal  0.000000e+000  0.000000e+000  1.000000e+000
    outer loop
      vertex  3.952442e+001  1.573355e+001  1.800000e+000
      vertex  3.587164e+001  1.576861e+001  1.800000e+000
      vertex  3.575858e+001  1.574683e+001  1.800000e+000
    endloop
  endfacet
  facet normal  0.000000e+000  0.000000e+000  1.000000e+000
    outer loop
      vertex  3.952442e+001  1.573355e+001  1.800000e+000
      vertex  3.575858e+001  1.574683e+001  1.800000e+000
      vertex  3.564589e+001  1.572311e+001  1.800000e+000
    endloop
  endfacet
  facet normal  -0.000000e+000  0.000000e+000  1.000000e+000
    outer loop
      vertex  3.952442e+001  1.573355e+001  1.800000e+000
      vertex  3.564589e+001  1.572311e+001  1.800000e+000
      vertex  3.972644e+001  1.568283e+001  1.800000e+000
    endloop
  endfacet
  facet normal  0.000000e+000  0.000000e+000  1.000000e+000
    outer loop
      vertex  3.972644e+001  1.568283e+001  1.800000e+000
      vertex  3.564589e+001  1.572311e+001  1.800000e+000
      vertex  3.546656e+001  1.568090e+001  1.800000e+000
    endloop
  endfacet
  facet normal  -0.000000e+000  0.000000e+000  1.000000e+000
    outer loop
      vertex  3.972644e+001  1.568283e+001  1.800000e+000
      vertex  3.546656e+001  1.568090e+001  1.800000e+000
      vertex  3.982875e+001  1.565413e+001  1.800000e+000
    endloop
  endfacet
  facet normal  0.000000e+000  0.000000e+000  9.999999e-001
    outer loop
      vertex  3.982875e+001  1.565413e+001  1.800000e+000
      vertex  3.546656e+001  1.568090e+001  1.800000e+000
      vertex  3.528867e+001  1.563315e+001  1.800000e+000
    endloop
  endfacet
  facet normal  -0.000000e+000  0.000000e+000  1.000000e+000
    outer loop
      vertex  3.982875e+001  1.565413e+001  1.800000e+000
      vertex  3.528867e+001  1.563315e+001  1.800000e+000
      vertex  3.993045e+001  1.562345e+001  1.800000e+000
    endloop
  endfacet
  facet normal  0.000000e+000  0.000000e+000  1.000000e+000
    outer loop
      vertex  3.993045e+001  1.562345e+001  1.800000e+000
      vertex  3.528867e+001  1.563315e+001  1.800000e+000
      vertex  4.002741e+001  1.559213e+001  1.800000e+000
    endloop
  endfacet
  facet normal  0.000000e+000  0.000000e+000  1.000000e+000
    outer loop
      vertex  4.002741e+001  1.559213e+001  1.800000e+000
      vertex  3.528867e+001  1.563315e+001  1.800000e+000
      vertex  3.511256e+001  1.557950e+001  1.800000e+000
    endloop
  endfacet
  facet normal  -0.000000e+000  0.000000e+000  1.000000e+000
    outer loop
      vertex  4.002741e+001  1.559213e+001  1.800000e+000
      vertex  3.511256e+001  1.557950e+001  1.800000e+000
      vertex  4.012372e+001  1.555892e+001  1.800000e+000
    endloop
  endfacet
  facet normal  0.000000e+000  0.000000e+000  1.000000e+000
    outer loop
      vertex  4.012372e+001  1.555892e+001  1.800000e+000
      vertex  3.511256e+001  1.557950e+001  1.800000e+000
      vertex  3.493857e+001  1.551959e+001  1.800000e+000
    endloop
  endfacet
  facet normal  -0.000000e+000  0.000000e+000  1.000000e+000
    outer loop
      vertex  4.012372e+001  1.555892e+001  1.800000e+000
      vertex  3.493857e+001  1.551959e+001  1.800000e+000
      vertex  4.026146e+001  1.550759e+001  1.800000e+000
    endloop
  endfacet
  facet normal  0.000000e+000  0.000000e+000  1.000000e+000
    outer loop
      vertex  4.026146e+001  1.550759e+001  1.800000e+000
      vertex  3.493857e+001  1.551959e+001  1.800000e+000
      vertex  4.039628e+001  1.545270e+001  1.800000e+000
    endloop
  endfacet
  facet normal  0.000000e+000  0.000000e+000  1.000000e+000
    outer loop
      vertex  4.039628e+001  1.545270e+001  1.800000e+000
      vertex  3.493857e+001  1.551959e+001  1.800000e+000
      vertex  3.476707e+001  1.545308e+001  1.800000e+000
    endloop
  endfacet
  facet normal  0.000000e+000  0.000000e+000  1.000000e+000
    outer loop
      vertex  4.039628e+001  1.545270e+001  1.800000e+000
      vertex  3.476707e+001  1.545308e+001  1.800000e+000
      vertex  4.052828e+001  1.539420e+001  1.800000e+000
    endloop
  endfacet
  facet normal  0.000000e+000  0.000000e+000  1.000000e+000
    outer loop
      vertex  4.052828e+001  1.539420e+001  1.800000e+000
      vertex  3.476707e+001  1.545308e+001  1.800000e+000
      vertex  3.460564e+001  1.538295e+001  1.800000e+000
    endloop
  endfacet
  facet normal  -0.000000e+000  0.000000e+000  1.000000e+000
    outer loop
      vertex  4.052828e+001  1.539420e+001  1.800000e+000
      vertex  3.460564e+001  1.538295e+001  1.800000e+000
      vertex  4.061874e+001  1.535132e+001  1.800000e+000
    endloop
  endfacet
  facet normal  0.000000e+000  0.000000e+000  1.000000e+000
    outer loop
      vertex  4.061874e+001  1.535132e+001  1.800000e+000
      vertex  3.460564e+001  1.538295e+001  1.800000e+000
      vertex  3.444813e+001  1.530670e+001  1.800000e+000
    endloop
  endfacet
  facet normal  -0.000000e+000  0.000000e+000  1.000000e+000
    outer loop
      vertex  4.061874e+001  1.535132e+001  1.800000e+000
      vertex  3.444813e+001  1.530670e+001  1.800000e+000
      vertex  4.070874e+001  1.530649e+001  1.800000e+000
    endloop
  endfacet
  facet normal  0.000000e+000  0.000000e+000  1.000000e+000
    outer loop
      vertex  4.070874e+001  1.530649e+001  1.800000e+000
      vertex  3.444813e+001  1.530670e+001  1.800000e+000
      vertex  4.081306e+001  1.525195e+001  1.800000e+000
    endloop
  endfacet
  facet normal  0.000000e+000  0.000000e+000  1.000000e+000
    outer loop
      vertex  4.081306e+001  1.525195e+001  1.800000e+000
      vertex  3.444813e+001  1.530670e+001  1.800000e+000
      vertex  3.429397e+001  1.522387e+001  1.800000e+000
    endloop
  endfacet
  facet normal  -0.000000e+000  0.000000e+000  1.000000e+000
    outer loop
      vertex  4.081306e+001  1.525195e+001  1.800000e+000
      vertex  3.429397e+001  1.522387e+001  1.800000e+000
      vertex  4.091711e+001  1.519506e+001  1.800000e+000
    endloop
  endfacet
  facet normal  0.000000e+000  0.000000e+000  1.000000e+000
    outer loop
      vertex  4.091711e+001  1.519506e+001  1.800000e+000
      vertex  3.429397e+001  1.522387e+001  1.800000e+000
      vertex  3.414249e+001  1.513426e+001  1.800000e+000
    endloop
  endfacet
  facet normal  -0.000000e+000  0.000000e+000  1.000000e+000
    outer loop
      vertex  4.091711e+001  1.519506e+001  1.800000e+000
      vertex  3.414249e+001  1.513426e+001  1.800000e+000
      vertex  4.102598e+001  1.513307e+001  1.800000e+000
    endloop
  endfacet
  facet normal  0.000000e+000  0.000000e+000  9.999999e-001
    outer loop
      vertex  4.102598e+001  1.513307e+001  1.800000e+000
      vertex  3.414249e+001  1.513426e+001  1.800000e+000
      vertex  4.113389e+001  1.506940e+001  1.800000e+000
    endloop
  endfacet
  facet normal  0.000000e+000  0.000000e+000  1.000000e+000
    outer loop
      vertex  4.113389e+001  1.506940e+001  1.800000e+000
      vertex  3.414249e+001  1.513426e+001  1.800000e+000
      vertex  3.406244e+001  1.508355e+001  1.800000e+000
    endloop
  endfacet
  facet normal  0.000000e+000  0.000000e+000  1.000000e+000
    outer loop
      vertex  4.113389e+001  1.506940e+001  1.800000e+000
      vertex  3.406244e+001  1.508355e+001  1.800000e+000
      vertex  4.134733e+001  1.493803e+001  1.800000e+000
    endloop
  endfacet
  facet normal  0.000000e+000  0.000000e+000  1.000000e+000
    outer loop
      vertex  4.134733e+001  1.493803e+001  1.800000e+000
      vertex  3.406244e+001  1.508355e+001  1.800000e+000
      vertex  3.398346e+001  1.503120e+001  1.800000e+000
    endloop
  endfacet
  facet normal  0.000000e+000  0.000000e+000  1.000000e+000
    outer loop
      vertex  4.134733e+001  1.493803e+001  1.800000e+000
      vertex  3.398346e+001  1.503120e+001  1.800000e+000
      vertex  3.382038e+001  1.491571e+001  1.800000e+000
    endloop
  endfacet
  facet normal  0.000000e+000  0.000000e+000  1.000000e+000
    outer loop
      vertex  3.382038e+001  1.491571e+001  1.800000e+000
      vertex  3.398346e+001  1.503120e+001  1.800000e+000
      vertex  3.390134e+001  1.497430e+001  1.800000e+000
    endloop
  endfacet
  facet normal  -0.000000e+000  0.000000e+000  1.000000e+000
    outer loop
      vertex  4.134733e+001  1.493803e+001  1.800000e+000
      vertex  3.382038e+001  1.491571e+001  1.800000e+000
      vertex  4.148825e+001  1.484823e+001  1.800000e+000
    endloop
  endfacet
  facet normal  0.000000e+000  0.000000e+000  1.000000e+000
    outer loop
      vertex  4.148825e+001  1.484823e+001  1.800000e+000
      vertex  3.382038e+001  1.491571e+001  1.800000e+000
      vertex  3.366598e+001  1.479692e+001  1.800000e+000
    endloop
  endfacet
  facet normal  -0.000000e+000  0.000000e+000  1.000000e+000
    outer loop
      vertex  4.148825e+001  1.484823e+001  1.800000e+000
      vertex  3.366598e+001  1.479692e+001  1.800000e+000
      vertex  4.176815e+001  1.466575e+001  1.800000e+000
    endloop
  endfacet
  facet normal  0.000000e+000  0.000000e+000  1.000000e+000
    outer loop
      vertex  4.176815e+001  1.466575e+001  1.800000e+000
      vertex  3.366598e+001  1.479692e+001  1.800000e+000
      vertex  3.351596e+001  1.467245e+001  1.800000e+000
    endloop
  endfacet
  facet normal  0.000000e+000  0.000000e+000  1.000000e+000
    outer loop
      vertex  4.176815e+001  1.466575e+001  1.800000e+000
      vertex  3.351596e+001  1.467245e+001  1.800000e+000
      vertex  4.191590e+001  1.439550e+001  1.800000e+000
    endloop
  endfacet
  facet normal  0.000000e+000  0.000000e+000  1.000000e+000
    outer loop
      vertex  4.191590e+001  1.439550e+001  1.800000e+000
      vertex  3.351596e+001  1.467245e+001  1.800000e+000
      vertex  3.337027e+001  1.454279e+001  1.800000e+000
    endloop
  endfacet
  facet normal  0.000000e+000  0.000000e+000  9.999999e-001
    outer loop
      vertex  4.191590e+001  1.439550e+001  1.800000e+000
      vertex  3.337027e+001  1.454279e+001  1.800000e+000
      vertex  3.322886e+001  1.440841e+001  1.800000e+000
    endloop
  endfacet
  facet normal  0.000000e+000  0.000000e+000  1.000000e+000
    outer loop
      vertex  4.191590e+001  1.439550e+001  1.800000e+000
      vertex  3.322886e+001  1.440841e+001  1.800000e+000
      vertex  4.206022e+001  1.412337e+001  1.800000e+000
    endloop
  endfacet
  facet normal  0.000000e+000  0.000000e+000  1.000000e+000
    outer loop
      vertex  4.206022e+001  1.412337e+001  1.800000e+000
      vertex  3.322886e+001  1.440841e+001  1.800000e+000
      vertex  3.314895e+001  1.432867e+001  1.800000e+000
    endloop
  endfacet
  facet normal  0.000000e+000  0.000000e+000  1.000000e+000
    outer loop
      vertex  4.206022e+001  1.412337e+001  1.800000e+000
      vertex  3.314895e+001  1.432867e+001  1.800000e+000
      vertex  3.307043e+001  1.424757e+001  1.800000e+000
    endloop
  endfacet
  facet normal  0.000000e+000  0.000000e+000  1.000000e+000
    outer loop
      vertex  3.290639e+001  1.406919e+001  1.800000e+000
      vertex  4.220116e+001  1.384941e+001  1.800000e+000
      vertex  3.298764e+001  1.415907e+001  1.800000e+000
    endloop
  endfacet
  facet normal  0.000000e+000  0.000000e+000  1.000000e+000
    outer loop
      vertex  3.298764e+001  1.415907e+001  1.800000e+000
      vertex  4.220116e+001  1.384941e+001  1.800000e+000
      vertex  4.206022e+001  1.412337e+001  1.800000e+000
    endloop
  endfacet
  facet normal  0.000000e+000  0.000000e+000  1.000000e+000
    outer loop
      vertex  3.298764e+001  1.415907e+001  1.800000e+000
      vertex  4.206022e+001  1.412337e+001  1.800000e+000
      vertex  3.307043e+001  1.424757e+001  1.800000e+000
    endloop
  endfacet
  facet normal  0.000000e+000  0.000000e+000  1.000000e+000
    outer loop
      vertex  3.218025e+001  1.312196e+001  1.800000e+000
      vertex  3.204549e+001  1.291526e+001  1.800000e+000
      vertex  3.231989e+001  1.332539e+001  1.800000e+000
    endloop
  endfacet
  facet normal  0.000000e+000  0.000000e+000  1.000000e+000
    outer loop
      vertex  3.231989e+001  1.332539e+001  1.800000e+000
      vertex  3.204549e+001  1.291526e+001  1.800000e+000
      vertex  4.260495e+001  1.301751e+001  1.800000e+000
    endloop
  endfacet
  facet normal  0.000000e+000  0.000000e+000  1.000000e+000
    outer loop
      vertex  3.231989e+001  1.332539e+001  1.800000e+000
      vertex  4.260495e+001  1.301751e+001  1.800000e+000
      vertex  3.246453e+001  1.352502e+001  1.800000e+000
    endloop
  endfacet
  facet normal  0.000000e+000  0.000000e+000  1.000000e+000
    outer loop
      vertex  3.246453e+001  1.352502e+001  1.800000e+000
      vertex  4.260495e+001  1.301751e+001  1.800000e+000
      vertex  4.240644e+001  1.343522e+001  1.800000e+000
    endloop
  endfacet
  facet normal  0.000000e+000  0.000000e+000  1.000000e+000
    outer loop
      vertex  3.246453e+001  1.352502e+001  1.800000e+000
      vertex  4.240644e+001  1.343522e+001  1.800000e+000
      vertex  3.260657e+001  1.371047e+001  1.800000e+000
    endloop
  endfacet
  facet normal  0.000000e+000  0.000000e+000  1.000000e+000
    outer loop
      vertex  3.260657e+001  1.371047e+001  1.800000e+000
      vertex  4.240644e+001  1.343522e+001  1.800000e+000
      vertex  4.230469e+001  1.364278e+001  1.800000e+000
    endloop
  endfacet
  facet normal  0.000000e+000  0.000000e+000  1.000000e+000
    outer loop
      vertex  3.260657e+001  1.371047e+001  1.800000e+000
      vertex  4.230469e+001  1.364278e+001  1.800000e+000
      vertex  3.275377e+001  1.389199e+001  1.800000e+000
    endloop
  endfacet
  facet normal  0.000000e+000  0.000000e+000  1.000000e+000
    outer loop
      vertex  3.275377e+001  1.389199e+001  1.800000e+000
      vertex  4.230469e+001  1.364278e+001  1.800000e+000
      vertex  4.220116e+001  1.384941e+001  1.800000e+000
    endloop
  endfacet
  facet normal  0.000000e+000  0.000000e+000  9.999999e-001
    outer loop
      vertex  3.275377e+001  1.389199e+001  1.800000e+000
      vertex  4.220116e+001  1.384941e+001  1.800000e+000
      vertex  3.290639e+001  1.406919e+001  1.800000e+000
    endloop
  endfacet
  facet normal  -0.000000e+000  0.000000e+000  1.000000e+000
    outer loop
      vertex  4.260495e+001  1.301751e+001  1.800000e+000
      vertex  3.204549e+001  1.291526e+001  1.800000e+000
      vertex  4.271696e+001  1.277472e+001  1.800000e+000
    endloop
  endfacet
  facet normal  0.000000e+000  0.000000e+000  1.000000e+000
    outer loop
      vertex  4.271696e+001  1.277472e+001  1.800000e+000
      vertex  3.204549e+001  1.291526e+001  1.800000e+000
      vertex  3.191564e+001  1.270570e+001  1.800000e+000
    endloop
  endfacet
  facet normal  -0.000000e+000  0.000000e+000  1.000000e+000
    outer loop
      vertex  4.271696e+001  1.277472e+001  1.800000e+000
      vertex  3.191564e+001  1.270570e+001  1.800000e+000
      vertex  4.282722e+001  1.253106e+001  1.800000e+000
    endloop
  endfacet
  facet normal  0.000000e+000  0.000000e+000  1.000000e+000
    outer loop
      vertex  4.282722e+001  1.253106e+001  1.800000e+000
      vertex  3.191564e+001  1.270570e+001  1.800000e+000
      vertex  3.178667e+001  1.248594e+001  1.800000e+000
    endloop
  endfacet
  facet normal  -0.000000e+000  0.000000e+000  9.999999e-001
    outer loop
      vertex  4.282722e+001  1.253106e+001  1.800000e+000
      vertex  3.178667e+001  1.248594e+001  1.800000e+000
      vertex  4.304303e+001  1.204162e+001  1.800000e+000
    endloop
  endfacet
  facet normal  0.000000e+000  0.000000e+000  1.000000e+000
    outer loop
      vertex  4.304303e+001  1.204162e+001  1.800000e+000
      vertex  3.178667e+001  1.248594e+001  1.800000e+000
      vertex  3.166332e+001  1.226296e+001  1.800000e+000
    endloop
  endfacet
  facet normal  0.000000e+000  0.000000e+000  1.000000e+000
    outer loop
      vertex  4.304303e+001  1.204162e+001  1.800000e+000
      vertex  3.166332e+001  1.226296e+001  1.800000e+000
      vertex  3.154591e+001  1.203679e+001  1.800000e+000
    endloop
  endfacet
  facet normal  -0.000000e+000  0.000000e+000  1.000000e+000
    outer loop
      vertex  4.304303e+001  1.204162e+001  1.800000e+000
      vertex  3.154591e+001  1.203679e+001  1.800000e+000
      vertex  4.325270e+001  1.154985e+001  1.800000e+000
    endloop
  endfacet
  facet normal  0.000000e+000  0.000000e+000  1.000000e+000
    outer loop
      vertex  4.325270e+001  1.154985e+001  1.800000e+000
      vertex  3.154591e+001  1.203679e+001  1.800000e+000
      vertex  3.143476e+001  1.180747e+001  1.800000e+000
    endloop
  endfacet
  facet normal  0.000000e+000  0.000000e+000  9.999999e-001
    outer loop
      vertex  4.325270e+001  1.154985e+001  1.800000e+000
      vertex  3.143476e+001  1.180747e+001  1.800000e+000
      vertex  3.133021e+001  1.157508e+001  1.800000e+000
    endloop
  endfacet
  facet normal  0.000000e+000  0.000000e+000  1.000000e+000
    outer loop
      vertex  4.325270e+001  1.154985e+001  1.800000e+000
      vertex  3.133021e+001  1.157508e+001  1.800000e+000
      vertex  4.335753e+001  1.129670e+001  1.800000e+000
    endloop
  endfacet
  facet normal  0.000000e+000  0.000000e+000  1.000000e+000
    outer loop
      vertex  4.335753e+001  1.129670e+001  1.800000e+000
      vertex  3.133021e+001  1.157508e+001  1.800000e+000
      vertex  3.123260e+001  1.133969e+001  1.800000e+000
    endloop
  endfacet
  facet normal  0.000000e+000  0.000000e+000  1.000000e+000
    outer loop
      vertex  4.335753e+001  1.129670e+001  1.800000e+000
      vertex  3.123260e+001  1.133969e+001  1.800000e+000
      vertex  4.346006e+001  1.104301e+001  1.800000e+000
    endloop
  endfacet
  facet normal  0.000000e+000  0.000000e+000  1.000000e+000
    outer loop
      vertex  4.346006e+001  1.104301e+001  1.800000e+000
      vertex  3.123260e+001  1.133969e+001  1.800000e+000
      vertex  3.118599e+001  1.121957e+001  1.800000e+000
    endloop
  endfacet
  facet normal  0.000000e+000  0.000000e+000  1.000000e+000
    outer loop
      vertex  4.346006e+001  1.104301e+001  1.800000e+000
      vertex  3.118599e+001  1.121957e+001  1.800000e+000
      vertex  3.114128e+001  1.109873e+001  1.800000e+000
    endloop
  endfacet
  facet normal  0.000000e+000  0.000000e+000  9.999999e-001
    outer loop
      vertex  4.346006e+001  1.104301e+001  1.800000e+000
      vertex  3.114128e+001  1.109873e+001  1.800000e+000
      vertex  4.355548e+001  1.080003e+001  1.800000e+000
    endloop
  endfacet
  facet normal  0.000000e+000  0.000000e+000  1.000000e+000
    outer loop
      vertex  4.355548e+001  1.080003e+001  1.800000e+000
      vertex  3.114128e+001  1.109873e+001  1.800000e+000
      vertex  3.109946e+001  1.097991e+001  1.800000e+000
    endloop
  endfacet
  facet normal  0.000000e+000  0.000000e+000  1.000000e+000
    outer loop
      vertex  4.355548e+001  1.080003e+001  1.800000e+000
      vertex  3.109946e+001  1.097991e+001  1.800000e+000
      vertex  3.105953e+001  1.086045e+001  1.800000e+000
    endloop
  endfacet
  facet normal  0.000000e+000  0.000000e+000  1.000000e+000
    outer loop
      vertex  4.355548e+001  1.080003e+001  1.800000e+000
      vertex  3.105953e+001  1.086045e+001  1.800000e+000
      vertex  4.364802e+001  1.055637e+001  1.800000e+000
    endloop
  endfacet
  facet normal  0.000000e+000  0.000000e+000  1.000000e+000
    outer loop
      vertex  4.364802e+001  1.055637e+001  1.800000e+000
      vertex  3.105953e+001  1.086045e+001  1.800000e+000
      vertex  3.099180e+001  1.064121e+001  1.800000e+000
    endloop
  endfacet
  facet normal  0.000000e+000  0.000000e+000  1.000000e+000
    outer loop
      vertex  4.364802e+001  1.055637e+001  1.800000e+000
      vertex  3.099180e+001  1.064121e+001  1.800000e+000
      vertex  4.376892e+001  1.022244e+001  1.800000e+000
    endloop
  endfacet
  facet normal  0.000000e+000  0.000000e+000  1.000000e+000
    outer loop
      vertex  4.376892e+001  1.022244e+001  1.800000e+000
      vertex  3.099180e+001  1.064121e+001  1.800000e+000
      vertex  3.093081e+001  1.042027e+001  1.800000e+000
    endloop
  endfacet
  facet normal  0.000000e+000  0.000000e+000  1.000000e+000
    outer loop
      vertex  4.376892e+001  1.022244e+001  1.800000e+000
      vertex  3.093081e+001  1.042027e+001  1.800000e+000
      vertex  3.087667e+001  1.019754e+001  1.800000e+000
    endloop
  endfacet
  facet normal  -0.000000e+000  0.000000e+000  1.000000e+000
    outer loop
      vertex  4.376892e+001  1.022244e+001  1.800000e+000
      vertex  3.087667e+001  1.019754e+001  1.800000e+000
      vertex  4.382898e+001  1.004821e+001  1.800000e+000
    endloop
  endfacet
  facet normal  0.000000e+000  0.000000e+000  9.999999e-001
    outer loop
      vertex  4.382898e+001  1.004821e+001  1.800000e+000
      vertex  3.087667e+001  1.019754e+001  1.800000e+000
      vertex  3.082940e+001  9.973012e+000  1.800000e+000
    endloop
  endfacet
  facet normal  -0.000000e+000  0.000000e+000  1.000000e+000
    outer loop
      vertex  4.382898e+001  1.004821e+001  1.800000e+000
      vertex  3.082940e+001  9.973012e+000  1.800000e+000
      vertex  4.388700e+001  9.873275e+000  1.800000e+000
    endloop
  endfacet
  facet normal  0.000000e+000  0.000000e+000  1.000000e+000
    outer loop
      vertex  4.388700e+001  9.873275e+000  1.800000e+000
      vertex  3.082940e+001  9.973012e+000  1.800000e+000
      vertex  3.078803e+001  9.741738e+000  1.800000e+000
    endloop
  endfacet
  facet normal  -0.000000e+000  0.000000e+000  1.000000e+000
    outer loop
      vertex  4.388700e+001  9.873275e+000  1.800000e+000
      vertex  3.078803e+001  9.741738e+000  1.800000e+000
      vertex  4.393878e+001  9.710608e+000  1.800000e+000
    endloop
  endfacet
  facet normal  0.000000e+000  0.000000e+000  1.000000e+000
    outer loop
      vertex  4.393878e+001  9.710608e+000  1.800000e+000
      vertex  3.078803e+001  9.741738e+000  1.800000e+000
      vertex  4.398861e+001  9.547224e+000  1.800000e+000
    endloop
  endfacet
  facet normal  0.000000e+000  0.000000e+000  9.999999e-001
    outer loop
      vertex  4.398861e+001  9.547224e+000  1.800000e+000
      vertex  3.078803e+001  9.741738e+000  1.800000e+000
      vertex  3.075356e+001  9.509323e+000  1.800000e+000
    endloop
  endfacet
  facet normal  -0.000000e+000  0.000000e+000  1.000000e+000
    outer loop
      vertex  4.398861e+001  9.547224e+000  1.800000e+000
      vertex  3.075356e+001  9.509323e+000  1.800000e+000
      vertex  4.406220e+001  9.290827e+000  1.800000e+000
    endloop
  endfacet
  facet normal  0.000000e+000  0.000000e+000  1.000000e+000
    outer loop
      vertex  4.406220e+001  9.290827e+000  1.800000e+000
      vertex  3.075356e+001  9.509323e+000  1.800000e+000
      vertex  3.072578e+001  9.276001e+000  1.800000e+000
    endloop
  endfacet
  facet normal  -0.000000e+000  0.000000e+000  9.999999e-001
    outer loop
      vertex  4.406220e+001  9.290827e+000  1.800000e+000
      vertex  3.072578e+001  9.276001e+000  1.800000e+000
      vertex  4.413044e+001  9.032530e+000  1.800000e+000
    endloop
  endfacet
  facet normal  0.000000e+000  0.000000e+000  9.999999e-001
    outer loop
      vertex  4.413044e+001  9.032530e+000  1.800000e+000
      vertex  3.072578e+001  9.276001e+000  1.800000e+000
      vertex  3.070446e+001  9.041989e+000  1.800000e+000
    endloop
  endfacet
  facet normal  0.000000e+000  0.000000e+000  1.000000e+000
    outer loop
      vertex  4.413044e+001  9.032530e+000  1.800000e+000
      vertex  3.070446e+001  9.041989e+000  1.800000e+000
      vertex  4.419305e+001  8.772403e+000  1.800000e+000
    endloop
  endfacet
  facet normal  0.000000e+000  0.000000e+000  1.000000e+000
    outer loop
      vertex  4.419305e+001  8.772403e+000  1.800000e+000
      vertex  3.070446e+001  9.041989e+000  1.800000e+000
      vertex  3.068940e+001  8.807490e+000  1.800000e+000
    endloop
  endfacet
  facet normal  0.000000e+000  0.000000e+000  1.000000e+000
    outer loop
      vertex  4.419305e+001  8.772403e+000  1.800000e+000
      vertex  3.068940e+001  8.807490e+000  1.800000e+000
      vertex  4.424975e+001  8.510682e+000  1.800000e+000
    endloop
  endfacet
  facet normal  0.000000e+000  0.000000e+000  1.000000e+000
    outer loop
      vertex  4.424975e+001  8.510682e+000  1.800000e+000
      vertex  3.068940e+001  8.807490e+000  1.800000e+000
      vertex  3.068038e+001  8.572687e+000  1.800000e+000
    endloop
  endfacet
  facet normal  0.000000e+000  0.000000e+000  1.000000e+000
    outer loop
      vertex  4.424975e+001  8.510682e+000  1.800000e+000
      vertex  3.068038e+001  8.572687e+000  1.800000e+000
      vertex  4.427914e+001  8.362047e+000  1.800000e+000
    endloop
  endfacet
  facet normal  0.000000e+000  0.000000e+000  1.000000e+000
    outer loop
      vertex  4.427914e+001  8.362047e+000  1.800000e+000
      vertex  3.068038e+001  8.572687e+000  1.800000e+000
      vertex  3.067718e+001  8.337744e+000  1.800000e+000
    endloop
  endfacet
  facet normal  -0.000000e+000  0.000000e+000  1.000000e+000
    outer loop
      vertex  4.427914e+001  8.362047e+000  1.800000e+000
      vertex  3.067718e+001  8.337744e+000  1.800000e+000
      vertex  4.430656e+001  8.213053e+000  1.800000e+000
    endloop
  endfacet
  facet normal  0.000000e+000  0.000000e+000  1.000000e+000
    outer loop
      vertex  4.430656e+001  8.213053e+000  1.800000e+000
      vertex  3.067718e+001  8.337744e+000  1.800000e+000
      vertex  3.067960e+001  8.102800e+000  1.800000e+000
    endloop
  endfacet
  facet normal  -0.000000e+000  0.000000e+000  1.000000e+000
    outer loop
      vertex  4.430656e+001  8.213053e+000  1.800000e+000
      vertex  3.067960e+001  8.102800e+000  1.800000e+000
      vertex  4.433200e+001  8.063730e+000  1.800000e+000
    endloop
  endfacet
  facet normal  0.000000e+000  0.000000e+000  1.000000e+000
    outer loop
      vertex  4.433200e+001  8.063730e+000  1.800000e+000
      vertex  3.067960e+001  8.102800e+000  1.800000e+000
      vertex  4.435546e+001  7.914116e+000  1.800000e+000
    endloop
  endfacet
  facet normal  0.000000e+000  0.000000e+000  9.999999e-001
    outer loop
      vertex  4.435546e+001  7.914116e+000  1.800000e+000
      vertex  3.067960e+001  8.102800e+000  1.800000e+000
      vertex  3.068866e+001  7.841154e+000  1.800000e+000
    endloop
  endfacet
  facet normal  -0.000000e+000  0.000000e+000  1.000000e+000
    outer loop
      vertex  4.435546e+001  7.914116e+000  1.800000e+000
      vertex  3.068866e+001  7.841154e+000  1.800000e+000
      vertex  4.439642e+001  7.614211e+000  1.800000e+000
    endloop
  endfacet
  facet normal  0.000000e+000  0.000000e+000  1.000000e+000
    outer loop
      vertex  4.439642e+001  7.614211e+000  1.800000e+000
      vertex  3.068866e+001  7.841154e+000  1.800000e+000
      vertex  3.070420e+001  7.580187e+000  1.800000e+000
    endloop
  endfacet
  facet normal  -0.000000e+000  0.000000e+000  1.000000e+000
    outer loop
      vertex  4.439642e+001  7.614211e+000  1.800000e+000
      vertex  3.070420e+001  7.580187e+000  1.800000e+000
      vertex  4.442955e+001  7.313745e+000  1.800000e+000
    endloop
  endfacet
  facet normal  0.000000e+000  0.000000e+000  1.000000e+000
    outer loop
      vertex  4.442955e+001  7.313745e+000  1.800000e+000
      vertex  3.070420e+001  7.580187e+000  1.800000e+000
      vertex  3.072609e+001  7.320242e+000  1.800000e+000
    endloop
  endfacet
  facet normal  0.000000e+000  0.000000e+000  1.000000e+000
    outer loop
      vertex  4.442955e+001  7.313745e+000  1.800000e+000
      vertex  3.072609e+001  7.320242e+000  1.800000e+000
      vertex  4.445504e+001  7.013104e+000  1.800000e+000
    endloop
  endfacet
  facet normal  0.000000e+000  0.000000e+000  1.000000e+000
    outer loop
      vertex  4.445504e+001  7.013104e+000  1.800000e+000
      vertex  3.072609e+001  7.320242e+000  1.800000e+000
      vertex  3.075429e+001  7.061491e+000  1.800000e+000
    endloop
  endfacet
  facet normal  0.000000e+000  0.000000e+000  1.000000e+000
    outer loop
      vertex  4.445504e+001  7.013104e+000  1.800000e+000
      vertex  3.075429e+001  7.061491e+000  1.800000e+000
      vertex  4.447324e+001  6.712558e+000  1.800000e+000
    endloop
  endfacet
  facet normal  0.000000e+000  0.000000e+000  1.000000e+000
    outer loop
      vertex  4.447324e+001  6.712558e+000  1.800000e+000
      vertex  3.075429e+001  7.061491e+000  1.800000e+000
      vertex  3.078883e+001  6.803987e+000  1.800000e+000
    endloop
  endfacet
  facet normal  0.000000e+000  0.000000e+000  1.000000e+000
    outer loop
      vertex  4.447324e+001  6.712558e+000  1.800000e+000
      vertex  3.078883e+001  6.803987e+000  1.800000e+000
      vertex  4.448468e+001  6.412172e+000  1.800000e+000
    endloop
  endfacet
  facet normal  0.000000e+000  0.000000e+000  1.000000e+000
    outer loop
      vertex  4.448468e+001  6.412172e+000  1.800000e+000
      vertex  3.078883e+001  6.803987e+000  1.800000e+000
      vertex  3.082983e+001  6.547698e+000  1.800000e+000
    endloop
  endfacet
  facet normal  0.000000e+000  0.000000e+000  1.000000e+000
    outer loop
      vertex  4.448468e+001  6.412172e+000  1.800000e+000
      vertex  3.082983e+001  6.547698e+000  1.800000e+000
      vertex  4.448862e+001  6.228183e+000  1.800000e+000
    endloop
  endfacet
  facet normal  0.000000e+000  0.000000e+000  1.000000e+000
    outer loop
      vertex  4.448862e+001  6.228183e+000  1.800000e+000
      vertex  3.082983e+001  6.547698e+000  1.800000e+000
      vertex  3.087742e+001  6.292566e+000  1.800000e+000
    endloop
  endfacet
  facet normal  0.000000e+000  0.000000e+000  1.000000e+000
    outer loop
      vertex  4.448862e+001  6.228183e+000  1.800000e+000
      vertex  3.087742e+001  6.292566e+000  1.800000e+000
      vertex  4.449046e+001  6.044116e+000  1.800000e+000
    endloop
  endfacet
  facet normal  0.000000e+000  0.000000e+000  1.000000e+000
    outer loop
      vertex  4.449046e+001  6.044116e+000  1.800000e+000
      vertex  3.087742e+001  6.292566e+000  1.800000e+000
      vertex  3.093178e+001  6.038540e+000  1.800000e+000
    endloop
  endfacet
  facet normal  -0.000000e+000  0.000000e+000  1.000000e+000
    outer loop
      vertex  4.449046e+001  6.044116e+000  1.800000e+000
      vertex  3.093178e+001  6.038540e+000  1.800000e+000
      vertex  4.449019e+001  5.829519e+000  1.800000e+000
    endloop
  endfacet
  facet normal  0.000000e+000  0.000000e+000  1.000000e+000
    outer loop
      vertex  4.449019e+001  5.829519e+000  1.800000e+000
      vertex  3.093178e+001  6.038540e+000  1.800000e+000
      vertex  3.099308e+001  5.785627e+000  1.800000e+000
    endloop
  endfacet
  facet normal  -0.000000e+000  0.000000e+000  1.000000e+000
    outer loop
      vertex  4.449019e+001  5.829519e+000  1.800000e+000
      vertex  3.099308e+001  5.785627e+000  1.800000e+000
      vertex  4.448764e+001  5.614635e+000  1.800000e+000
    endloop
  endfacet
  facet normal  0.000000e+000  0.000000e+000  1.000000e+000
    outer loop
      vertex  4.448764e+001  5.614635e+000  1.800000e+000
      vertex  3.099308e+001  5.785627e+000  1.800000e+000
      vertex  3.106149e+001  5.533935e+000  1.800000e+000
    endloop
  endfacet
  facet normal  -0.000000e+000  0.000000e+000  1.000000e+000
    outer loop
      vertex  4.448764e+001  5.614635e+000  1.800000e+000
      vertex  3.106149e+001  5.533935e+000  1.800000e+000
      vertex  4.447773e+001  5.214245e+000  1.800000e+000
    endloop
  endfacet
  facet normal  0.000000e+000  0.000000e+000  1.000000e+000
    outer loop
      vertex  4.447773e+001  5.214245e+000  1.800000e+000
      vertex  3.106149e+001  5.533935e+000  1.800000e+000
      vertex  3.113714e+001  5.283720e+000  1.800000e+000
    endloop
  endfacet
  facet normal  0.000000e+000  0.000000e+000  1.000000e+000
    outer loop
      vertex  4.447773e+001  5.214245e+000  1.800000e+000
      vertex  3.113714e+001  5.283720e+000  1.800000e+000
      vertex  4.446200e+001  4.812257e+000  1.800000e+000
    endloop
  endfacet
  facet normal  0.000000e+000  0.000000e+000  1.000000e+000
    outer loop
      vertex  4.446200e+001  4.812257e+000  1.800000e+000
      vertex  3.113714e+001  5.283720e+000  1.800000e+000
      vertex  3.122012e+001  5.035426e+000  1.800000e+000
    endloop
  endfacet
  facet normal  0.000000e+000  0.000000e+000  1.000000e+000
    outer loop
      vertex  4.446200e+001  4.812257e+000  1.800000e+000
      vertex  3.122012e+001  5.035426e+000  1.800000e+000
      vertex  3.130390e+001  4.806791e+000  1.800000e+000
    endloop
  endfacet
  facet normal  -0.000000e+000  0.000000e+000  1.000000e+000
    outer loop
      vertex  4.446200e+001  4.812257e+000  1.800000e+000
      vertex  3.130390e+001  4.806791e+000  1.800000e+000
      vertex  4.444996e+001  4.573561e+000  1.800000e+000
    endloop
  endfacet
  facet normal  0.000000e+000  0.000000e+000  1.000000e+000
    outer loop
      vertex  4.444996e+001  4.573561e+000  1.800000e+000
      vertex  3.130390e+001  4.806791e+000  1.800000e+000
      vertex  3.139420e+001  4.580478e+000  1.800000e+000
    endloop
  endfacet
  facet normal  0.000000e+000  0.000000e+000  1.000000e+000
    outer loop
      vertex  4.444996e+001  4.573561e+000  1.800000e+000
      vertex  3.139420e+001  4.580478e+000  1.800000e+000
      vertex  4.443552e+001  4.333821e+000  1.800000e+000
    endloop
  endfacet
  facet normal  0.000000e+000  0.000000e+000  1.000000e+000
    outer loop
      vertex  4.443552e+001  4.333821e+000  1.800000e+000
      vertex  3.139420e+001  4.580478e+000  1.800000e+000
      vertex  3.149104e+001  4.356887e+000  1.800000e+000
    endloop
  endfacet
  facet normal  0.000000e+000  0.000000e+000  1.000000e+000
    outer loop
      vertex  4.443552e+001  4.333821e+000  1.800000e+000
      vertex  3.149104e+001  4.356887e+000  1.800000e+000
      vertex  4.442083e+001  4.128329e+000  1.800000e+000
    endloop
  endfacet
  facet normal  0.000000e+000  0.000000e+000  9.999999e-001
    outer loop
      vertex  4.442083e+001  4.128329e+000  1.800000e+000
      vertex  3.149104e+001  4.356887e+000  1.800000e+000
      vertex  3.159443e+001  4.136434e+000  1.800000e+000
    endloop
  endfacet
  facet normal  0.000000e+000  0.000000e+000  1.000000e+000
    outer loop
      vertex  4.442083e+001  4.128329e+000  1.800000e+000
      vertex  3.159443e+001  4.136434e+000  1.800000e+000
      vertex  4.440344e+001  3.923093e+000  1.800000e+000
    endloop
  endfacet
  facet normal  0.000000e+000  0.000000e+000  1.000000e+000
    outer loop
      vertex  4.440344e+001  3.923093e+000  1.800000e+000
      vertex  3.159443e+001  4.136434e+000  1.800000e+000
      vertex  3.169906e+001  3.929683e+000  1.800000e+000
    endloop
  endfacet
  facet normal  0.000000e+000  0.000000e+000  1.000000e+000
    outer loop
      vertex  4.440344e+001  3.923093e+000  1.800000e+000
      vertex  3.169906e+001  3.929683e+000  1.800000e+000
      vertex  4.438072e+001  3.701619e+000  1.800000e+000
    endloop
  endfacet
  facet normal  0.000000e+000  0.000000e+000  1.000000e+000
    outer loop
      vertex  4.438072e+001  3.701619e+000  1.800000e+000
      vertex  3.169906e+001  3.929683e+000  1.800000e+000
      vertex  3.180986e+001  3.725996e+000  1.800000e+000
    endloop
  endfacet
  facet normal  0.000000e+000  0.000000e+000  1.000000e+000
    outer loop
      vertex  4.438072e+001  3.701619e+000  1.800000e+000
      vertex  3.180986e+001  3.725996e+000  1.800000e+000
      vertex  4.435287e+001  3.482001e+000  1.800000e+000
    endloop
  endfacet
  facet normal  0.000000e+000  0.000000e+000  1.000000e+000
    outer loop
      vertex  4.435287e+001  3.482001e+000  1.800000e+000
      vertex  3.180986e+001  3.725996e+000  1.800000e+000
      vertex  3.192659e+001  3.525649e+000  1.800000e+000
    endloop
  endfacet
  facet normal  0.000000e+000  0.000000e+000  1.000000e+000
    outer loop
      vertex  4.435287e+001  3.482001e+000  1.800000e+000
      vertex  3.192659e+001  3.525649e+000  1.800000e+000
      vertex  4.433505e+001  3.363189e+000  1.800000e+000
    endloop
  endfacet
  facet normal  0.000000e+000  0.000000e+000  9.999999e-001
    outer loop
      vertex  4.433505e+001  3.363189e+000  1.800000e+000
      vertex  3.192659e+001  3.525649e+000  1.800000e+000
      vertex  3.204890e+001  3.328842e+000  1.800000e+000
    endloop
  endfacet
  facet normal  -0.000000e+000  0.000000e+000  1.000000e+000
    outer loop
      vertex  4.433505e+001  3.363189e+000  1.800000e+000
      vertex  3.204890e+001  3.328842e+000  1.800000e+000
      vertex  4.431504e+001  3.245042e+000  1.800000e+000
    endloop
  endfacet
  facet normal  0.000000e+000  0.000000e+000  1.000000e+000
    outer loop
      vertex  4.431504e+001  3.245042e+000  1.800000e+000
      vertex  3.204890e+001  3.328842e+000  1.800000e+000
      vertex  3.218649e+001  3.120919e+000  1.800000e+000
    endloop
  endfacet
  facet normal  0.000000e+000  0.000000e+000  1.000000e+000
    outer loop
      vertex  4.431504e+001  3.245042e+000  1.800000e+000
      vertex  3.218649e+001  3.120919e+000  1.800000e+000
      vertex  4.429289e+001  3.129069e+000  1.800000e+000
    endloop
  endfacet
  facet normal  -0.000000e+000  0.000000e+000  1.000000e+000
    outer loop
      vertex  4.429289e+001  3.129069e+000  1.800000e+000
      vertex  3.218649e+001  3.120919e+000  1.800000e+000
      vertex  4.426815e+001  3.014030e+000  1.800000e+000
    endloop
  endfacet
  facet normal  0.000000e+000  0.000000e+000  9.999999e-001
    outer loop
      vertex  4.426815e+001  3.014030e+000  1.800000e+000
      vertex  3.218649e+001  3.120919e+000  1.800000e+000
      vertex  3.232992e+001  2.916965e+000  1.800000e+000
    endloop
  endfacet
  facet normal  -0.000000e+000  0.000000e+000  1.000000e+000
    outer loop
      vertex  4.426815e+001  3.014030e+000  1.800000e+000
      vertex  3.232992e+001  2.916965e+000  1.800000e+000
      vertex  4.423053e+001  2.861503e+000  1.800000e+000
    endloop
  endfacet
  facet normal  0.000000e+000  0.000000e+000  1.000000e+000
    outer loop
      vertex  4.423053e+001  2.861503e+000  1.800000e+000
      vertex  3.232992e+001  2.916965e+000  1.800000e+000
      vertex  4.418742e+001  2.711381e+000  1.800000e+000
    endloop
  endfacet
  facet normal  0.000000e+000  0.000000e+000  1.000000e+000
    outer loop
      vertex  4.418742e+001  2.711381e+000  1.800000e+000
      vertex  3.232992e+001  2.916965e+000  1.800000e+000
      vertex  3.247884e+001  2.716956e+000  1.800000e+000
    endloop
  endfacet
  facet normal  0.000000e+000  0.000000e+000  1.000000e+000
    outer loop
      vertex  4.418742e+001  2.711381e+000  1.800000e+000
      vertex  3.247884e+001  2.716956e+000  1.800000e+000
      vertex  4.413842e+001  2.563967e+000  1.800000e+000
    endloop
  endfacet
  facet normal  0.000000e+000  0.000000e+000  1.000000e+000
    outer loop
      vertex  4.413842e+001  2.563967e+000  1.800000e+000
      vertex  3.247884e+001  2.716956e+000  1.800000e+000
      vertex  3.263288e+001  2.520851e+000  1.800000e+000
    endloop
  endfacet
  facet normal  -0.000000e+000  0.000000e+000  1.000000e+000
    outer loop
      vertex  4.413842e+001  2.563967e+000  1.800000e+000
      vertex  3.263288e+001  2.520851e+000  1.800000e+000
      vertex  4.409254e+001  2.442551e+000  1.800000e+000
    endloop
  endfacet
  facet normal  0.000000e+000  0.000000e+000  1.000000e+000
    outer loop
      vertex  4.409254e+001  2.442551e+000  1.800000e+000
      vertex  3.263288e+001  2.520851e+000  1.800000e+000
      vertex  3.279170e+001  2.328591e+000  1.800000e+000
    endloop
  endfacet
  facet normal  -0.000000e+000  0.000000e+000  9.999999e-001
    outer loop
      vertex  4.409254e+001  2.442551e+000  1.800000e+000
      vertex  3.279170e+001  2.328591e+000  1.800000e+000
      vertex  4.404227e+001  2.323389e+000  1.800000e+000
    endloop
  endfacet
  facet normal  0.000000e+000  0.000000e+000  1.000000e+000
    outer loop
      vertex  4.404227e+001  2.323389e+000  1.800000e+000
      vertex  3.279170e+001  2.328591e+000  1.800000e+000
      vertex  4.398759e+001  2.206576e+000  1.800000e+000
    endloop
  endfacet
  facet normal  0.000000e+000  0.000000e+000  1.000000e+000
    outer loop
      vertex  4.398759e+001  2.206576e+000  1.800000e+000
      vertex  3.279170e+001  2.328591e+000  1.800000e+000
      vertex  3.295496e+001  2.140097e+000  1.800000e+000
    endloop
  endfacet
  facet normal  -0.000000e+000  0.000000e+000  9.999999e-001
    outer loop
      vertex  4.398759e+001  2.206576e+000  1.800000e+000
      vertex  3.295496e+001  2.140097e+000  1.800000e+000
      vertex  4.392860e+001  2.092056e+000  1.800000e+000
    endloop
  endfacet
  facet normal  0.000000e+000  0.000000e+000  1.000000e+000
    outer loop
      vertex  4.392860e+001  2.092056e+000  1.800000e+000
      vertex  3.295496e+001  2.140097e+000  1.800000e+000
      vertex  4.386539e+001  1.979657e+000  1.800000e+000
    endloop
  endfacet
  facet normal  0.000000e+000  0.000000e+000  1.000000e+000
    outer loop
      vertex  4.386539e+001  1.979657e+000  1.800000e+000
      vertex  3.295496e+001  2.140097e+000  1.800000e+000
      vertex  3.312233e+001  1.955269e+000  1.800000e+000
    endloop
  endfacet
  facet normal  -0.000000e+000  0.000000e+000  1.000000e+000
    outer loop
      vertex  4.386539e+001  1.979657e+000  1.800000e+000
      vertex  3.312233e+001  1.955269e+000  1.800000e+000
      vertex  4.379816e+001  1.869128e+000  1.800000e+000
    endloop
  endfacet
  facet normal  0.000000e+000  0.000000e+000  1.000000e+000
    outer loop
      vertex  4.379816e+001  1.869128e+000  1.800000e+000
      vertex  3.312233e+001  1.955269e+000  1.800000e+000
      vertex  3.329352e+001  1.773987e+000  1.800000e+000
    endloop
  endfacet
  facet normal  -0.000000e+000  0.000000e+000  9.999999e-001
    outer loop
      vertex  4.379816e+001  1.869128e+000  1.800000e+000
      vertex  3.329352e+001  1.773987e+000  1.800000e+000
      vertex  4.372982e+001  1.764142e+000  1.800000e+000
    endloop
  endfacet
  facet normal  0.000000e+000  0.000000e+000  1.000000e+000
    outer loop
      vertex  4.372982e+001  1.764142e+000  1.800000e+000
      vertex  3.329352e+001  1.773987e+000  1.800000e+000
      vertex  4.365829e+001  1.660343e+000  1.800000e+000
    endloop
  endfacet
  facet normal  0.000000e+000  0.000000e+000  1.000000e+000
    outer loop
      vertex  4.365829e+001  1.660343e+000  1.800000e+000
      vertex  3.329352e+001  1.773987e+000  1.800000e+000
      vertex  3.349853e+001  1.565947e+000  1.800000e+000
    endloop
  endfacet
  facet normal  -0.000000e+000  0.000000e+000  1.000000e+000
    outer loop
      vertex  4.365829e+001  1.660343e+000  1.800000e+000
      vertex  3.349853e+001  1.565947e+000  1.800000e+000
      vertex  4.357819e+001  1.549689e+000  1.800000e+000
    endloop
  endfacet
  facet normal  0.000000e+000  0.000000e+000  1.000000e+000
    outer loop
      vertex  4.357819e+001  1.549689e+000  1.800000e+000
      vertex  3.349853e+001  1.565947e+000  1.800000e+000
      vertex  4.349540e+001  1.439870e+000  1.800000e+000
    endloop
  endfacet
  facet normal  0.000000e+000  0.000000e+000  1.000000e+000
    outer loop
      vertex  4.349540e+001  1.439870e+000  1.800000e+000
      vertex  3.349853e+001  1.565947e+000  1.800000e+000
      vertex  3.370745e+001  1.363192e+000  1.800000e+000
    endloop
  endfacet
  facet normal  -0.000000e+000  0.000000e+000  1.000000e+000
    outer loop
      vertex  4.349540e+001  1.439870e+000  1.800000e+000
      vertex  3.370745e+001  1.363192e+000  1.800000e+000
      vertex  4.338711e+001  1.300888e+000  1.800000e+000
    endloop
  endfacet
  facet normal  0.000000e+000  0.000000e+000  1.000000e+000
    outer loop
      vertex  4.338711e+001  1.300888e+000  1.800000e+000
      vertex  3.370745e+001  1.363192e+000  1.800000e+000
      vertex  4.316546e+001  1.023491e+000  1.800000e+000
    endloop
  endfacet
  facet normal  0.000000e+000  0.000000e+000  1.000000e+000
    outer loop
      vertex  4.316546e+001  1.023491e+000  1.800000e+000
      vertex  3.370745e+001  1.363192e+000  1.800000e+000
      vertex  3.392113e+001  1.165457e+000  1.800000e+000
    endloop
  endfacet
  facet normal  0.000000e+000  0.000000e+000  1.000000e+000
    outer loop
      vertex  4.316546e+001  1.023491e+000  1.800000e+000
      vertex  3.392113e+001  1.165457e+000  1.800000e+000
      vertex  3.403012e+001  1.068422e+000  1.800000e+000
    endloop
  endfacet
  facet normal  0.000000e+000  0.000000e+000  1.000000e+000
    outer loop
      vertex  4.316546e+001  1.023491e+000  1.800000e+000
      vertex  3.403012e+001  1.068422e+000  1.800000e+000
      vertex  4.301739e+001  8.370697e-001  1.800000e+000
    endloop
  endfacet
  facet normal  0.000000e+000  0.000000e+000  1.000000e+000
    outer loop
      vertex  4.301739e+001  8.370697e-001  1.800000e+000
      vertex  3.403012e+001  1.068422e+000  1.800000e+000
      vertex  3.414059e+001  9.727319e-001  1.800000e+000
    endloop
  endfacet
  facet normal  0.000000e+000  0.000000e+000  9.999999e-001
    outer loop
      vertex  4.301739e+001  8.370697e-001  1.800000e+000
      vertex  3.414059e+001  9.727319e-001  1.800000e+000
      vertex  3.432809e+001  8.165221e-001  1.800000e+000
    endloop
  endfacet
  facet normal  -0.000000e+000  0.000000e+000  1.000000e+000
    outer loop
      vertex  4.301739e+001  8.370697e-001  1.800000e+000
      vertex  3.432809e+001  8.165221e-001  1.800000e+000
      vertex  4.294409e+001  7.429841e-001  1.800000e+000
    endloop
  endfacet
  facet normal  0.000000e+000  0.000000e+000  1.000000e+000
    outer loop
      vertex  4.294409e+001  7.429841e-001  1.800000e+000
      vertex  3.432809e+001  8.165221e-001  1.800000e+000
      vertex  3.451957e+001  6.651340e-001  1.800000e+000
    endloop
  endfacet
  facet normal  -0.000000e+000  0.000000e+000  1.000000e+000
    outer loop
      vertex  4.294409e+001  7.429841e-001  1.800000e+000
      vertex  3.451957e+001  6.651340e-001  1.800000e+000
      vertex  4.283567e+001  6.004779e-001  1.800000e+000
    endloop
  endfacet
  facet normal  0.000000e+000  0.000000e+000  1.000000e+000
    outer loop
      vertex  4.283567e+001  6.004779e-001  1.800000e+000
      vertex  3.451957e+001  6.651340e-001  1.800000e+000
      vertex  4.269841e+001  4.126364e-001  1.800000e+000
    endloop
  endfacet
  facet normal  0.000000e+000  0.000000e+000  1.000000e+000
    outer loop
      vertex  4.269841e+001  4.126364e-001  1.800000e+000
      vertex  3.451957e+001  6.651340e-001  1.800000e+000
      vertex  3.471518e+001  5.190432e-001  1.800000e+000
    endloop
  endfacet
  facet normal  0.000000e+000  0.000000e+000  1.000000e+000
    outer loop
      vertex  4.269841e+001  4.126364e-001  1.800000e+000
      vertex  3.471518e+001  5.190432e-001  1.800000e+000
      vertex  3.491506e+001  3.787911e-001  1.800000e+000
    endloop
  endfacet
  facet normal  -0.000000e+000  0.000000e+000  1.000000e+000
    outer loop
      vertex  4.269841e+001  4.126364e-001  1.800000e+000
      vertex  3.491506e+001  3.787911e-001  1.800000e+000
      vertex  4.256591e+001  2.213553e-001  1.800000e+000
    endloop
  endfacet
  facet normal  0.000000e+000  0.000000e+000  1.000000e+000
    outer loop
      vertex  4.256591e+001  2.213553e-001  1.800000e+000
      vertex  3.491506e+001  3.787911e-001  1.800000e+000
      vertex  3.501811e+001  3.100715e-001  1.800000e+000
    endloop
  endfacet
  facet normal  0.000000e+000  0.000000e+000  1.000000e+000
    outer loop
      vertex  4.256591e+001  2.213553e-001  1.800000e+000
      vertex  3.501811e+001  3.100715e-001  1.800000e+000
      vertex  3.512230e+001  2.430903e-001  1.800000e+000
    endloop
  endfacet
  facet normal  0.000000e+000  0.000000e+000  1.000000e+000
    outer loop
      vertex  4.256591e+001  2.213553e-001  1.800000e+000
      vertex  3.512230e+001  2.430903e-001  1.800000e+000
      vertex  4.243877e+001  2.660068e-002  1.800000e+000
    endloop
  endfacet
  facet normal  0.000000e+000  0.000000e+000  1.000000e+000
    outer loop
      vertex  4.243877e+001  2.660068e-002  1.800000e+000
      vertex  3.512230e+001  2.430903e-001  1.800000e+000
      vertex  3.522459e+001  1.797656e-001  1.800000e+000
    endloop
  endfacet
  facet normal  0.000000e+000  0.000000e+000  1.000000e+000
    outer loop
      vertex  4.243877e+001  2.660068e-002  1.800000e+000
      vertex  3.522459e+001  1.797656e-001  1.800000e+000
      vertex  3.546955e+001  3.802835e-002  1.800000e+000
    endloop
  endfacet
  facet normal  0.000000e+000  0.000000e+000  1.000000e+000
    outer loop
      vertex  3.546955e+001  3.802835e-002  1.800000e+000
      vertex  3.522459e+001  1.797656e-001  1.800000e+000
      vertex  3.532797e+001  1.182438e-001  1.800000e+000
    endloop
  endfacet
  facet normal  0.000000e+000  0.000000e+000  9.999999e-001
    outer loop
      vertex  4.243877e+001  2.660068e-002  1.800000e+000
      vertex  3.546955e+001  3.802835e-002  1.800000e+000
      vertex  4.231732e+001 -1.715372e-001  1.800000e+000
    endloop
  endfacet
  facet normal  0.000000e+000  0.000000e+000  9.999999e-001
    outer loop
      vertex  4.231732e+001 -1.715372e-001  1.800000e+000
      vertex  3.546955e+001  3.802835e-002  1.800000e+000
      vertex  3.561312e+001 -3.852338e-002  1.800000e+000
    endloop
  endfacet
  facet normal  0.000000e+000  0.000000e+000  1.000000e+000
    outer loop
      vertex  4.231732e+001 -1.715372e-001  1.800000e+000
      vertex  3.561312e+001 -3.852338e-002  1.800000e+000
      vertex  3.593347e+001 -1.918948e-001  1.800000e+000
    endloop
  endfacet
  facet normal  0.000000e+000  0.000000e+000  1.000000e+000
    outer loop
      vertex  3.593347e+001 -1.918948e-001  1.800000e+000
      vertex  3.561312e+001 -3.852338e-002  1.800000e+000
      vertex  3.575867e+001 -1.111952e-001  1.800000e+000
    endloop
  endfacet
  facet normal  -0.000000e+000  0.000000e+000  1.000000e+000
    outer loop
      vertex  4.231732e+001 -1.715372e-001  1.800000e+000
      vertex  3.593347e+001 -1.918948e-001  1.800000e+000
      vertex  4.179544e+001 -2.681940e-001  1.800000e+000
    endloop
  endfacet
  facet normal  0.000000e+000  0.000000e+000  1.000000e+000
    outer loop
      vertex  4.179544e+001 -2.681940e-001  1.800000e+000
      vertex  3.593347e+001 -1.918948e-001  1.800000e+000
      vertex  3.610993e+001 -2.660617e-001  1.800000e+000
    endloop
  endfacet
  facet normal  0.000000e+000  0.000000e+000  1.000000e+000
    outer loop
      vertex  4.179544e+001 -2.681940e-001  1.800000e+000
      vertex  3.610993e+001 -2.660617e-001  1.800000e+000
      vertex  4.127288e+001 -3.611418e-001  1.800000e+000
    endloop
  endfacet
  facet normal  0.000000e+000  0.000000e+000  1.000000e+000
    outer loop
      vertex  4.127288e+001 -3.611418e-001  1.800000e+000
      vertex  3.610993e+001 -2.660617e-001  1.800000e+000
      vertex  3.628774e+001 -3.333001e-001  1.800000e+000
    endloop
  endfacet
  facet normal  0.000000e+000  0.000000e+000  1.000000e+000
    outer loop
      vertex  4.127288e+001 -3.611418e-001  1.800000e+000
      vertex  3.628774e+001 -3.333001e-001  1.800000e+000
      vertex  4.081026e+001 -4.376652e-001  1.800000e+000
    endloop
  endfacet
  facet normal  0.000000e+000  0.000000e+000  1.000000e+000
    outer loop
      vertex  4.081026e+001 -4.376652e-001  1.800000e+000
      vertex  3.628774e+001 -3.333001e-001  1.800000e+000
      vertex  3.646717e+001 -3.935359e-001  1.800000e+000
    endloop
  endfacet
  facet normal  0.000000e+000  0.000000e+000  1.000000e+000
    outer loop
      vertex  4.081026e+001 -4.376652e-001  1.800000e+000
      vertex  3.646717e+001 -3.935359e-001  1.800000e+000
      vertex  3.664875e+001 -4.469166e-001  1.800000e+000
    endloop
  endfacet
  facet normal  -0.000000e+000  0.000000e+000  1.000000e+000
    outer loop
      vertex  4.081026e+001 -4.376652e-001  1.800000e+000
      vertex  3.664875e+001 -4.469166e-001  1.800000e+000
      vertex  4.057853e+001 -4.732631e-001  1.800000e+000
    endloop
  endfacet
  facet normal  0.000000e+000  0.000000e+000  1.000000e+000
    outer loop
      vertex  4.057853e+001 -4.732631e-001  1.800000e+000
      vertex  3.664875e+001 -4.469166e-001  1.800000e+000
      vertex  3.683300e+001 -4.937099e-001  1.800000e+000
    endloop
  endfacet
  facet normal  -0.000000e+000  0.000000e+000  1.000000e+000
    outer loop
      vertex  4.057853e+001 -4.732631e-001  1.800000e+000
      vertex  3.683300e+001 -4.937099e-001  1.800000e+000
      vertex  4.034648e+001 -5.067391e-001  1.800000e+000
    endloop
  endfacet
  facet normal  0.000000e+000  0.000000e+000  1.000000e+000
    outer loop
      vertex  4.034648e+001 -5.067391e-001  1.800000e+000
      vertex  3.683300e+001 -4.937099e-001  1.800000e+000
      vertex  4.011410e+001 -5.378507e-001  1.800000e+000
    endloop
  endfacet
  facet normal  0.000000e+000  0.000000e+000  1.000000e+000
    outer loop
      vertex  4.011410e+001 -5.378507e-001  1.800000e+000
      vertex  3.683300e+001 -4.937099e-001  1.800000e+000
      vertex  3.702009e+001 -5.342031e-001  1.800000e+000
    endloop
  endfacet
  facet normal  0.000000e+000  0.000000e+000  1.000000e+000
    outer loop
      vertex  4.011410e+001 -5.378507e-001  1.800000e+000
      vertex  3.702009e+001 -5.342031e-001  1.800000e+000
      vertex  3.988135e+001 -5.663463e-001  1.800000e+000
    endloop
  endfacet
  facet normal  0.000000e+000  0.000000e+000  1.000000e+000
    outer loop
      vertex  3.988135e+001 -5.663463e-001  1.800000e+000
      vertex  3.702009e+001 -5.342031e-001  1.800000e+000
      vertex  3.720952e+001 -5.686024e-001  1.800000e+000
    endloop
  endfacet
  facet normal  -0.000000e+000  0.000000e+000  1.000000e+000
    outer loop
      vertex  3.988135e+001 -5.663463e-001  1.800000e+000
      vertex  3.720952e+001 -5.686024e-001  1.800000e+000
      vertex  3.964826e+001 -5.918893e-001  1.800000e+000
    endloop
  endfacet
  facet normal  0.000000e+000  0.000000e+000  1.000000e+000
    outer loop
      vertex  3.964826e+001 -5.918893e-001  1.800000e+000
      vertex  3.720952e+001 -5.686024e-001  1.800000e+000
      vertex  3.731870e+001 -5.856066e-001  1.800000e+000
    endloop
  endfacet
  facet normal  0.000000e+000  0.000000e+000  1.000000e+000
    outer loop
      vertex  3.964826e+001 -5.918893e-001  1.800000e+000
      vertex  3.731870e+001 -5.856066e-001  1.800000e+000
      vertex  3.941486e+001 -6.140769e-001  1.800000e+000
    endloop
  endfacet
  facet normal  0.000000e+000  0.000000e+000  9.999999e-001
    outer loop
      vertex  3.941486e+001 -6.140769e-001  1.800000e+000
      vertex  3.731870e+001 -5.856066e-001  1.800000e+000
      vertex  3.742818e+001 -6.006900e-001  1.800000e+000
    endloop
  endfacet
  facet normal  0.000000e+000  0.000000e+000  9.999999e-001
    outer loop
      vertex  3.941486e+001 -6.140769e-001  1.800000e+000
      vertex  3.742818e+001 -6.006900e-001  1.800000e+000
      vertex  3.764787e+001 -6.253542e-001  1.800000e+000
    endloop
  endfacet
  facet normal  -0.000000e+000  0.000000e+000  1.000000e+000
    outer loop
      vertex  3.941486e+001 -6.140769e-001  1.800000e+000
      vertex  3.764787e+001 -6.253542e-001  1.800000e+000
      vertex  3.913939e+001 -6.353268e-001  1.800000e+000
    endloop
  endfacet
  facet normal  0.000000e+000  0.000000e+000  1.000000e+000
    outer loop
      vertex  3.913939e+001 -6.353268e-001  1.800000e+000
      vertex  3.764787e+001 -6.253542e-001  1.800000e+000
      vertex  3.786831e+001 -6.431076e-001  1.800000e+000
    endloop
  endfacet
  facet normal  -0.000000e+000  0.000000e+000  1.000000e+000
    outer loop
      vertex  3.913939e+001 -6.353268e-001  1.800000e+000
      vertex  3.786831e+001 -6.431076e-001  1.800000e+000
      vertex  3.886343e+001 -6.505780e-001  1.800000e+000
    endloop
  endfacet
  facet normal  0.000000e+000  0.000000e+000  1.000000e+000
    outer loop
      vertex  3.886343e+001 -6.505780e-001  1.800000e+000
      vertex  3.786831e+001 -6.431076e-001  1.800000e+000
      vertex  3.808925e+001 -6.544513e-001  1.800000e+000
    endloop
  endfacet
  facet normal  -0.000000e+000  0.000000e+000  1.000000e+000
    outer loop
      vertex  3.886343e+001 -6.505780e-001  1.800000e+000
      vertex  3.808925e+001 -6.544513e-001  1.800000e+000
      vertex  3.858704e+001 -6.590403e-001  1.800000e+000
    endloop
  endfacet
  facet normal  0.000000e+000  0.000000e+000  1.000000e+000
    outer loop
      vertex  3.858704e+001 -6.590403e-001  1.800000e+000
      vertex  3.808925e+001 -6.544513e-001  1.800000e+000
      vertex  3.831046e+001 -6.598728e-001  1.800000e+000
    endloop
  endfacet
  facet normal  -0.000000e+000  0.000000e+000  1.000000e+000
    outer loop
      vertex  3.858704e+001 -6.590403e-001  1.800000e+000
      vertex  3.831046e+001 -6.598728e-001  1.800000e+000
      vertex  3.844876e+001 -6.604646e-001  1.800000e+000
    endloop
  endfacet
  facet normal  9.998923e-001 -1.467883e-002  0.000000e+000
    outer loop
      vertex -1.630861e+001  3.460393e+000  8.000000e-001
      vertex -1.630861e+001  3.460393e+000  1.800000e+000
      vertex -1.631258e+001  3.189889e+000  8.000000e-001
    endloop
  endfacet
  facet normal  9.998923e-001 -1.467883e-002  0.000000e+000
    outer loop
      vertex -1.631258e+001  3.189889e+000  8.000000e-001
      vertex -1.630861e+001  3.460393e+000  1.800000e+000
      vertex -1.631258e+001  3.189889e+000  1.800000e+000
    endloop
  endfacet
  facet normal  9.990303e-001 -4.402940e-002  0.000000e+000
    outer loop
      vertex -1.631258e+001  3.189889e+000  8.000000e-001
      vertex -1.631258e+001  3.189889e+000  1.800000e+000
      vertex -1.632449e+001  2.919619e+000  8.000000e-001
    endloop
  endfacet
  facet normal  9.990303e-001 -4.402940e-002  0.000000e+000
    outer loop
      vertex -1.632449e+001  2.919619e+000  8.000000e-001
      vertex -1.631258e+001  3.189889e+000  1.800000e+000
      vertex -1.632449e+001  2.919619e+000  1.800000e+000
    endloop
  endfacet
  facet normal  9.973071e-001 -7.333773e-002  0.000000e+000
    outer loop
      vertex -1.632449e+001  2.919619e+000  8.000000e-001
      vertex -1.632449e+001  2.919619e+000  1.800000e+000
      vertex -1.634433e+001  2.649815e+000  8.000000e-001
    endloop
  endfacet
  facet normal  9.973071e-001 -7.333773e-002  0.000000e+000
    outer loop
      vertex -1.634433e+001  2.649815e+000  8.000000e-001
      vertex -1.632449e+001  2.919619e+000  1.800000e+000
      vertex -1.634433e+001  2.649815e+000  1.800000e+000
    endloop
  endfacet
  facet normal  9.947245e-001 -1.025825e-001  0.000000e+000
    outer loop
      vertex -1.634433e+001  2.649815e+000  8.000000e-001
      vertex -1.634433e+001  2.649815e+000  1.800000e+000
      vertex -1.637209e+001  2.380710e+000  8.000000e-001
    endloop
  endfacet
  facet normal  9.947245e-001 -1.025825e-001  0.000000e+000
    outer loop
      vertex -1.637209e+001  2.380710e+000  8.000000e-001
      vertex -1.634433e+001  2.649815e+000  1.800000e+000
      vertex -1.637209e+001  2.380710e+000  1.800000e+000
    endloop
  endfacet
  facet normal  9.912848e-001 -1.317358e-001  0.000000e+000
    outer loop
      vertex -1.637209e+001  2.380710e+000  8.000000e-001
      vertex -1.637209e+001  2.380710e+000  1.800000e+000
      vertex -1.640772e+001  2.112535e+000  8.000000e-001
    endloop
  endfacet
  facet normal  9.912848e-001 -1.317358e-001  0.000000e+000
    outer loop
      vertex -1.640772e+001  2.112535e+000  8.000000e-001
      vertex -1.637209e+001  2.380710e+000  1.800000e+000
      vertex -1.640772e+001  2.112535e+000  1.800000e+000
    endloop
  endfacet
  facet normal  9.869898e-001 -1.607832e-001  0.000000e+000
    outer loop
      vertex -1.640772e+001  2.112535e+000  8.000000e-001
      vertex -1.640772e+001  2.112535e+000  1.800000e+000
      vertex -1.645122e+001  1.845522e+000  8.000000e-001
    endloop
  endfacet
  facet normal  9.869898e-001 -1.607832e-001  0.000000e+000
    outer loop
      vertex -1.645122e+001  1.845522e+000  8.000000e-001
      vertex -1.640772e+001  2.112535e+000  1.800000e+000
      vertex -1.645122e+001  1.845522e+000  1.800000e+000
    endloop
  endfacet
  facet normal  9.818441e-001 -1.896896e-001  0.000000e+000
    outer loop
      vertex -1.645122e+001  1.845522e+000  8.000000e-001
      vertex -1.645122e+001  1.845522e+000  1.800000e+000
      vertex -1.650254e+001  1.579901e+000  8.000000e-001
    endloop
  endfacet
  facet normal  9.818441e-001 -1.896896e-001  0.000000e+000
    outer loop
      vertex -1.650254e+001  1.579901e+000  8.000000e-001
      vertex -1.645122e+001  1.845522e+000  1.800000e+000
      vertex -1.650254e+001  1.579901e+000  1.800000e+000
    endloop
  endfacet
  facet normal  9.758533e-001 -2.184270e-001  0.000000e+000
    outer loop
      vertex -1.650254e+001  1.579901e+000  8.000000e-001
      vertex -1.650254e+001  1.579901e+000  1.800000e+000
      vertex -1.656163e+001  1.315901e+000  8.000000e-001
    endloop
  endfacet
  facet normal  9.758533e-001 -2.184270e-001  0.000000e+000
    outer loop
      vertex -1.656163e+001  1.315901e+000  8.000000e-001
      vertex -1.650254e+001  1.579901e+000  1.800000e+000
      vertex -1.656163e+001  1.315901e+000  1.800000e+000
    endloop
  endfacet
  facet normal  9.690204e-001 -2.469809e-001  0.000000e+000
    outer loop
      vertex -1.656163e+001  1.315901e+000  8.000000e-001
      vertex -1.656163e+001  1.315901e+000  1.800000e+000
      vertex -1.662845e+001  1.053750e+000  8.000000e-001
    endloop
  endfacet
  facet normal  9.690204e-001 -2.469809e-001  0.000000e+000
    outer loop
      vertex -1.662845e+001  1.053750e+000  8.000000e-001
      vertex -1.656163e+001  1.315901e+000  1.800000e+000
      vertex -1.662845e+001  1.053750e+000  1.800000e+000
    endloop
  endfacet
  facet normal  9.613498e-001 -2.753297e-001  0.000000e+000
    outer loop
      vertex -1.662845e+001  1.053750e+000  8.000000e-001
      vertex -1.662845e+001  1.053750e+000  1.800000e+000
      vertex -1.670293e+001  7.936732e-001  8.000000e-001
    endloop
  endfacet
  facet normal  9.613498e-001 -2.753297e-001  0.000000e+000
    outer loop
      vertex -1.670293e+001  7.936732e-001  8.000000e-001
      vertex -1.662845e+001  1.053750e+000  1.800000e+000
      vertex -1.670293e+001  7.936732e-001  1.800000e+000
    endloop
  endfacet
  facet normal  9.528551e-001 -3.034260e-001  0.000000e+000
    outer loop
      vertex -1.670293e+001  7.936732e-001  8.000000e-001
      vertex -1.670293e+001  7.936732e-001  1.800000e+000
      vertex -1.678502e+001  5.358950e-001  8.000000e-001
    endloop
  endfacet
  facet normal  9.528551e-001 -3.034260e-001  0.000000e+000
    outer loop
      vertex -1.678502e+001  5.358950e-001  8.000000e-001
      vertex -1.670293e+001  7.936732e-001  1.800000e+000
      vertex -1.678502e+001  5.358950e-001  1.800000e+000
    endloop
  endfacet
  facet normal  9.435368e-001 -3.312678e-001  0.000000e+000
    outer loop
      vertex -1.678502e+001  5.358950e-001  8.000000e-001
      vertex -1.678502e+001  5.358950e-001  1.800000e+000
      vertex -1.687464e+001  2.806377e-001  8.000000e-001
    endloop
  endfacet
  facet normal  9.435368e-001 -3.312678e-001  0.000000e+000
    outer loop
      vertex -1.687464e+001  2.806377e-001  8.000000e-001
      vertex -1.678502e+001  5.358950e-001  1.800000e+000
      vertex -1.687464e+001  2.806377e-001  1.800000e+000
    endloop
  endfacet
  facet normal  9.334064e-001 -3.588210e-001  0.000000e+000
    outer loop
      vertex -1.687464e+001  2.806377e-001  8.000000e-001
      vertex -1.687464e+001  2.806377e-001  1.800000e+000
      vertex -1.697171e+001  2.812127e-002  8.000000e-001
    endloop
  endfacet
  facet normal  9.334064e-001 -3.588210e-001  0.000000e+000
    outer loop
      vertex -1.697171e+001  2.812127e-002  8.000000e-001
      vertex -1.687464e+001  2.806377e-001  1.800000e+000
      vertex -1.697171e+001  2.812127e-002  1.800000e+000
    endloop
  endfacet
  facet normal  9.224669e-001 -3.860763e-001  0.000000e+000
    outer loop
      vertex -1.697171e+001  2.812127e-002  8.000000e-001
      vertex -1.697171e+001  2.812127e-002  1.800000e+000
      vertex -1.707616e+001 -2.214366e-001  8.000000e-001
    endloop
  endfacet
  facet normal  9.224669e-001 -3.860763e-001  0.000000e+000
    outer loop
      vertex -1.707616e+001 -2.214366e-001  8.000000e-001
      vertex -1.697171e+001  2.812127e-002  1.800000e+000
      vertex -1.707616e+001 -2.214366e-001  1.800000e+000
    endloop
  endfacet
  facet normal  9.107391e-001 -4.129819e-001  0.000000e+000
    outer loop
      vertex -1.707616e+001 -2.214366e-001  8.000000e-001
      vertex -1.707616e+001 -2.214366e-001  1.800000e+000
      vertex -1.718788e+001 -4.678207e-001  8.000000e-001
    endloop
  endfacet
  facet normal  9.107391e-001 -4.129819e-001  0.000000e+000
    outer loop
      vertex -1.718788e+001 -4.678207e-001  8.000000e-001
      vertex -1.707616e+001 -2.214366e-001  1.800000e+000
      vertex -1.718788e+001 -4.678207e-001  1.800000e+000
    endloop
  endfacet
  facet normal  8.982199e-001 -4.395463e-001  0.000000e+000
    outer loop
      vertex -1.718788e+001 -4.678207e-001  8.000000e-001
      vertex -1.718788e+001 -4.678207e-001  1.800000e+000
      vertex -1.730679e+001 -7.108188e-001  8.000000e-001
    endloop
  endfacet
  facet normal  8.982199e-001 -4.395463e-001  0.000000e+000
    outer loop
      vertex -1.730679e+001 -7.108188e-001  8.000000e-001
      vertex -1.718788e+001 -4.678207e-001  1.800000e+000
      vertex -1.730679e+001 -7.108188e-001  1.800000e+000
    endloop
  endfacet
  facet normal  8.849298e-001 -4.657244e-001  0.000000e+000
    outer loop
      vertex -1.730679e+001 -7.108188e-001  8.000000e-001
      vertex -1.730679e+001 -7.108188e-001  1.800000e+000
      vertex -1.743279e+001 -9.502213e-001  8.000000e-001
    endloop
  endfacet
  facet normal  8.849298e-001 -4.657244e-001  0.000000e+000
    outer loop
      vertex -1.743279e+001 -9.502213e-001  8.000000e-001
      vertex -1.730679e+001 -7.108188e-001  1.800000e+000
      vertex -1.743279e+001 -9.502213e-001  1.800000e+000
    endloop
  endfacet
  facet normal  8.708801e-001 -4.914955e-001  0.000000e+000
    outer loop
      vertex -1.743279e+001 -9.502213e-001  8.000000e-001
      vertex -1.743279e+001 -9.502213e-001  1.800000e+000
      vertex -1.756575e+001 -1.185822e+000  8.000000e-001
    endloop
  endfacet
  facet normal  8.708801e-001 -4.914955e-001  0.000000e+000
    outer loop
      vertex -1.756575e+001 -1.185822e+000  8.000000e-001
      vertex -1.743279e+001 -9.502213e-001  1.800000e+000
      vertex -1.756575e+001 -1.185822e+000  1.800000e+000
    endloop
  endfacet
  facet normal  8.560705e-001 -5.168592e-001  0.000000e+000
    outer loop
      vertex -1.756575e+001 -1.185822e+000  8.000000e-001
      vertex -1.756575e+001 -1.185822e+000  1.800000e+000
      vertex -1.770558e+001 -1.417418e+000  8.000000e-001
    endloop
  endfacet
  facet normal  8.560705e-001 -5.168592e-001  0.000000e+000
    outer loop
      vertex -1.770558e+001 -1.417418e+000  8.000000e-001
      vertex -1.756575e+001 -1.185822e+000  1.800000e+000
      vertex -1.770558e+001 -1.417418e+000  1.800000e+000
    endloop
  endfacet
  facet normal  8.405313e-001 -5.417630e-001  0.000000e+000
    outer loop
      vertex -1.770558e+001 -1.417418e+000  8.000000e-001
      vertex -1.770558e+001 -1.417418e+000  1.800000e+000
      vertex -1.785214e+001 -1.644809e+000  8.000000e-001
    endloop
  endfacet
  facet normal  8.405313e-001 -5.417630e-001  0.000000e+000
    outer loop
      vertex -1.785214e+001 -1.644809e+000  8.000000e-001
      vertex -1.770558e+001 -1.417418e+000  1.800000e+000
      vertex -1.785214e+001 -1.644809e+000  1.800000e+000
    endloop
  endfacet
  facet normal  8.242671e-001 -5.662011e-001  0.000000e+000
    outer loop
      vertex -1.785214e+001 -1.644809e+000  8.000000e-001
      vertex -1.785214e+001 -1.644809e+000  1.800000e+000
      vertex -1.800532e+001 -1.867799e+000  8.000000e-001
    endloop
  endfacet
  facet normal  8.242671e-001 -5.662011e-001  0.000000e+000
    outer loop
      vertex -1.800532e+001 -1.867799e+000  8.000000e-001
      vertex -1.785214e+001 -1.644809e+000  1.800000e+000
      vertex -1.800532e+001 -1.867799e+000  1.800000e+000
    endloop
  endfacet
  facet normal  8.072851e-001 -5.901616e-001  0.000000e+000
    outer loop
      vertex -1.800532e+001 -1.867799e+000  8.000000e-001
      vertex -1.800532e+001 -1.867799e+000  1.800000e+000
      vertex -1.816498e+001 -2.086197e+000  8.000000e-001
    endloop
  endfacet
  facet normal  8.072851e-001 -5.901616e-001  0.000000e+000
    outer loop
      vertex -1.816498e+001 -2.086197e+000  8.000000e-001
      vertex -1.800532e+001 -1.867799e+000  1.800000e+000
      vertex -1.816498e+001 -2.086197e+000  1.800000e+000
    endloop
  endfacet
  facet normal  7.896169e-001 -6.136001e-001  0.000000e+000
    outer loop
      vertex -1.816498e+001 -2.086197e+000  8.000000e-001
      vertex -1.816498e+001 -2.086197e+000  1.800000e+000
      vertex -1.833098e+001 -2.299813e+000  8.000000e-001
    endloop
  endfacet
  facet normal  7.896169e-001 -6.136001e-001  0.000000e+000
    outer loop
      vertex -1.833098e+001 -2.299813e+000  8.000000e-001
      vertex -1.816498e+001 -2.086197e+000  1.800000e+000
      vertex -1.833098e+001 -2.299813e+000  1.800000e+000
    endloop
  endfacet
  facet normal  7.712606e-001 -6.365196e-001  0.000000e+000
    outer loop
      vertex -1.833098e+001 -2.299813e+000  8.000000e-001
      vertex -1.833098e+001 -2.299813e+000  1.800000e+000
      vertex -1.850318e+001 -2.508464e+000  8.000000e-001
    endloop
  endfacet
  facet normal  7.712606e-001 -6.365196e-001  0.000000e+000
    outer loop
      vertex -1.850318e+001 -2.508464e+000  8.000000e-001
      vertex -1.833098e+001 -2.299813e+000  1.800000e+000
      vertex -1.850318e+001 -2.508464e+000  1.800000e+000
    endloop
  endfacet
  facet normal  7.522442e-001 -6.588843e-001  0.000000e+000
    outer loop
      vertex -1.850318e+001 -2.508464e+000  8.000000e-001
      vertex -1.850318e+001 -2.508464e+000  1.800000e+000
      vertex -1.868143e+001 -2.711971e+000  8.000000e-001
    endloop
  endfacet
  facet normal  7.522442e-001 -6.588843e-001  0.000000e+000
    outer loop
      vertex -1.868143e+001 -2.711971e+000  8.000000e-001
      vertex -1.850318e+001 -2.508464e+000  1.800000e+000
      vertex -1.868143e+001 -2.711971e+000  1.800000e+000
    endloop
  endfacet
  facet normal  7.325737e-001 -6.806877e-001  0.000000e+000
    outer loop
      vertex -1.868143e+001 -2.711971e+000  8.000000e-001
      vertex -1.868143e+001 -2.711971e+000  1.800000e+000
      vertex -1.886557e+001 -2.910156e+000  8.000000e-001
    endloop
  endfacet
  facet normal  7.325737e-001 -6.806877e-001  0.000000e+000
    outer loop
      vertex -1.886557e+001 -2.910156e+000  8.000000e-001
      vertex -1.868143e+001 -2.711971e+000  1.800000e+000
      vertex -1.886557e+001 -2.910156e+000  1.800000e+000
    endloop
  endfacet
  facet normal  7.122781e-001 -7.018973e-001  0.000000e+000
    outer loop
      vertex -1.886557e+001 -2.910156e+000  8.000000e-001
      vertex -1.886557e+001 -2.910156e+000  1.800000e+000
      vertex -1.905546e+001 -3.102851e+000  8.000000e-001
    endloop
  endfacet
  facet normal  7.122781e-001 -7.018973e-001  0.000000e+000
    outer loop
      vertex -1.905546e+001 -3.102851e+000  8.000000e-001
      vertex -1.886557e+001 -2.910156e+000  1.800000e+000
      vertex -1.905546e+001 -3.102851e+000  1.800000e+000
    endloop
  endfacet
  facet normal  6.913655e-001 -7.225052e-001  0.000000e+000
    outer loop
      vertex -1.905546e+001 -3.102851e+000  8.000000e-001
      vertex -1.905546e+001 -3.102851e+000  1.800000e+000
      vertex -1.925092e+001 -3.289888e+000  8.000000e-001
    endloop
  endfacet
  facet normal  6.913655e-001 -7.225052e-001  0.000000e+000
    outer loop
      vertex -1.925092e+001 -3.289888e+000  8.000000e-001
      vertex -1.905546e+001 -3.102851e+000  1.800000e+000
      vertex -1.925092e+001 -3.289888e+000  1.800000e+000
    endloop
  endfacet
  facet normal  6.698590e-001 -7.424883e-001  0.000000e+000
    outer loop
      vertex -1.925092e+001 -3.289888e+000  8.000000e-001
      vertex -1.925092e+001 -3.289888e+000  1.800000e+000
      vertex -1.945179e+001 -3.471106e+000  8.000000e-001
    endloop
  endfacet
  facet normal  6.698590e-001 -7.424883e-001  0.000000e+000
    outer loop
      vertex -1.945179e+001 -3.471106e+000  8.000000e-001
      vertex -1.925092e+001 -3.289888e+000  1.800000e+000
      vertex -1.945179e+001 -3.471106e+000  1.800000e+000
    endloop
  endfacet
  facet normal  6.477728e-001 -7.618335e-001  0.000000e+000
    outer loop
      vertex -1.945179e+001 -3.471106e+000  8.000000e-001
      vertex -1.945179e+001 -3.471106e+000  1.800000e+000
      vertex -1.965789e+001 -3.646349e+000  8.000000e-001
    endloop
  endfacet
  facet normal  6.477728e-001 -7.618335e-001  0.000000e+000
    outer loop
      vertex -1.965789e+001 -3.646349e+000  8.000000e-001
      vertex -1.945179e+001 -3.471106e+000  1.800000e+000
      vertex -1.965789e+001 -3.646349e+000  1.800000e+000
    endloop
  endfacet
  facet normal  6.251276e-001 -7.805225e-001  0.000000e+000
    outer loop
      vertex -1.965789e+001 -3.646349e+000  8.000000e-001
      vertex -1.965789e+001 -3.646349e+000  1.800000e+000
      vertex -1.986905e+001 -3.815467e+000  8.000000e-001
    endloop
  endfacet
  facet normal  6.251276e-001 -7.805225e-001  0.000000e+000
    outer loop
      vertex -1.986905e+001 -3.815467e+000  8.000000e-001
      vertex -1.965789e+001 -3.646349e+000  1.800000e+000
      vertex -1.986905e+001 -3.815467e+000  1.800000e+000
    endloop
  endfacet
  facet normal  6.019458e-001 -7.985369e-001  0.000000e+000
    outer loop
      vertex -1.986905e+001 -3.815467e+000  8.000000e-001
      vertex -1.986905e+001 -3.815467e+000  1.800000e+000
      vertex -2.008508e+001 -3.978312e+000  8.000000e-001
    endloop
  endfacet
  facet normal  6.019458e-001 -7.985369e-001  0.000000e+000
    outer loop
      vertex -2.008508e+001 -3.978312e+000  8.000000e-001
      vertex -1.986905e+001 -3.815467e+000  1.800000e+000
      vertex -2.008508e+001 -3.978312e+000  1.800000e+000
    endloop
  endfacet
  facet normal  5.782423e-001 -8.158652e-001  0.000000e+000
    outer loop
      vertex -2.008508e+001 -3.978312e+000  8.000000e-001
      vertex -2.008508e+001 -3.978312e+000  1.800000e+000
      vertex -2.030579e+001 -4.134746e+000  8.000000e-001
    endloop
  endfacet
  facet normal  5.782423e-001 -8.158652e-001  0.000000e+000
    outer loop
      vertex -2.030579e+001 -4.134746e+000  8.000000e-001
      vertex -2.008508e+001 -3.978312e+000  1.800000e+000
      vertex -2.030579e+001 -4.134746e+000  1.800000e+000
    endloop
  endfacet
  facet normal  5.540460e-001 -8.324861e-001  0.000000e+000
    outer loop
      vertex -2.030579e+001 -4.134746e+000  8.000000e-001
      vertex -2.030579e+001 -4.134746e+000  1.800000e+000
      vertex -2.053101e+001 -4.284633e+000  8.000000e-001
    endloop
  endfacet
  facet normal  5.540460e-001 -8.324861e-001  0.000000e+000
    outer loop
      vertex -2.053101e+001 -4.284633e+000  8.000000e-001
      vertex -2.030579e+001 -4.134746e+000  1.800000e+000
      vertex -2.053101e+001 -4.284633e+000  1.800000e+000
    endloop
  endfacet
  facet normal  5.293638e-001 -8.483949e-001  0.000000e+000
    outer loop
      vertex -2.053101e+001 -4.284633e+000  8.000000e-001
      vertex -2.053101e+001 -4.284633e+000  1.800000e+000
      vertex -2.076053e+001 -4.427844e+000  8.000000e-001
    endloop
  endfacet
  facet normal  5.293638e-001 -8.483949e-001  0.000000e+000
    outer loop
      vertex -2.076053e+001 -4.427844e+000  8.000000e-001
      vertex -2.053101e+001 -4.284633e+000  1.800000e+000
      vertex -2.076053e+001 -4.427844e+000  1.800000e+000
    endloop
  endfacet
  facet normal  5.042318e-001 -8.635684e-001  0.000000e+000
    outer loop
      vertex -2.076053e+001 -4.427844e+000  8.000000e-001
      vertex -2.076053e+001 -4.427844e+000  1.800000e+000
      vertex -2.099415e+001 -4.564255e+000  8.000000e-001
    endloop
  endfacet
  facet normal  5.042318e-001 -8.635684e-001  0.000000e+000
    outer loop
      vertex -2.099415e+001 -4.564255e+000  8.000000e-001
      vertex -2.076053e+001 -4.427844e+000  1.800000e+000
      vertex -2.099415e+001 -4.564255e+000  1.800000e+000
    endloop
  endfacet
  facet normal  4.786628e-001 -8.779988e-001  0.000000e+000
    outer loop
      vertex -2.099415e+001 -4.564255e+000  8.000000e-001
      vertex -2.099415e+001 -4.564255e+000  1.800000e+000
      vertex -2.123168e+001 -4.693749e+000  8.000000e-001
    endloop
  endfacet
  facet normal  4.786628e-001 -8.779988e-001  0.000000e+000
    outer loop
      vertex -2.123168e+001 -4.693749e+000  8.000000e-001
      vertex -2.099415e+001 -4.564255e+000  1.800000e+000
      vertex -2.123168e+001 -4.693749e+000  1.800000e+000
    endloop
  endfacet
  facet normal  4.526819e-001 -8.916721e-001  0.000000e+000
    outer loop
      vertex -2.123168e+001 -4.693749e+000  8.000000e-001
      vertex -2.123168e+001 -4.693749e+000  1.800000e+000
      vertex -2.147290e+001 -4.816214e+000  8.000000e-001
    endloop
  endfacet
  facet normal  4.526819e-001 -8.916721e-001  0.000000e+000
    outer loop
      vertex -2.147290e+001 -4.816214e+000  8.000000e-001
      vertex -2.123168e+001 -4.693749e+000  1.800000e+000
      vertex -2.147290e+001 -4.816214e+000  1.800000e+000
    endloop
  endfacet
  facet normal  4.263112e-001 -9.045766e-001  0.000000e+000
    outer loop
      vertex -2.147290e+001 -4.816214e+000  8.000000e-001
      vertex -2.147290e+001 -4.816214e+000  1.800000e+000
      vertex -2.171762e+001 -4.931545e+000  8.000000e-001
    endloop
  endfacet
  facet normal  4.263112e-001 -9.045766e-001  0.000000e+000
    outer loop
      vertex -2.171762e+001 -4.931545e+000  8.000000e-001
      vertex -2.147290e+001 -4.816214e+000  1.800000e+000
      vertex -2.171762e+001 -4.931545e+000  1.800000e+000
    endloop
  endfacet
  facet normal  3.995721e-001 -9.167018e-001  0.000000e+000
    outer loop
      vertex -2.171762e+001 -4.931545e+000  8.000000e-001
      vertex -2.171762e+001 -4.931545e+000  1.800000e+000
      vertex -2.196562e+001 -5.039642e+000  8.000000e-001
    endloop
  endfacet
  facet normal  3.995721e-001 -9.167018e-001  0.000000e+000
    outer loop
      vertex -2.196562e+001 -5.039642e+000  8.000000e-001
      vertex -2.171762e+001 -4.931545e+000  1.800000e+000
      vertex -2.196562e+001 -5.039642e+000  1.800000e+000
    endloop
  endfacet
  facet normal  3.724890e-001 -9.280366e-001  0.000000e+000
    outer loop
      vertex -2.196562e+001 -5.039642e+000  8.000000e-001
      vertex -2.196562e+001 -5.039642e+000  1.800000e+000
      vertex -2.221668e+001 -5.140412e+000  8.000000e-001
    endloop
  endfacet
  facet normal  3.724890e-001 -9.280366e-001  0.000000e+000
    outer loop
      vertex -2.221668e+001 -5.140412e+000  8.000000e-001
      vertex -2.196562e+001 -5.039642e+000  1.800000e+000
      vertex -2.221668e+001 -5.140412e+000  1.800000e+000
    endloop
  endfacet
  facet normal  3.450834e-001 -9.385720e-001  0.000000e+000
    outer loop
      vertex -2.221668e+001 -5.140412e+000  8.000000e-001
      vertex -2.221668e+001 -5.140412e+000  1.800000e+000
      vertex -2.247060e+001 -5.233768e+000  8.000000e-001
    endloop
  endfacet
  facet normal  3.450834e-001 -9.385720e-001  0.000000e+000
    outer loop
      vertex -2.247060e+001 -5.233768e+000  8.000000e-001
      vertex -2.221668e+001 -5.140412e+000  1.800000e+000
      vertex -2.247060e+001 -5.233768e+000  1.800000e+000
    endloop
  endfacet
  facet normal  3.173814e-001 -9.482980e-001  0.000000e+000
    outer loop
      vertex -2.247060e+001 -5.233768e+000  8.000000e-001
      vertex -2.247060e+001 -5.233768e+000  1.800000e+000
      vertex -2.272714e+001 -5.319631e+000  8.000000e-001
    endloop
  endfacet
  facet normal  3.173814e-001 -9.482980e-001  0.000000e+000
    outer loop
      vertex -2.272714e+001 -5.319631e+000  8.000000e-001
      vertex -2.247060e+001 -5.233768e+000  1.800000e+000
      vertex -2.272714e+001 -5.319631e+000  1.800000e+000
    endloop
  endfacet
  facet normal  2.894067e-001 -9.572062e-001  0.000000e+000
    outer loop
      vertex -2.272714e+001 -5.319631e+000  8.000000e-001
      vertex -2.272714e+001 -5.319631e+000  1.800000e+000
      vertex -2.298610e+001 -5.397924e+000  8.000000e-001
    endloop
  endfacet
  facet normal  2.894067e-001 -9.572062e-001  0.000000e+000
    outer loop
      vertex -2.298610e+001 -5.397924e+000  8.000000e-001
      vertex -2.272714e+001 -5.319631e+000  1.800000e+000
      vertex -2.298610e+001 -5.397924e+000  1.800000e+000
    endloop
  endfacet
  facet normal  2.611815e-001 -9.652897e-001  0.000000e+000
    outer loop
      vertex -2.298610e+001 -5.397924e+000  8.000000e-001
      vertex -2.298610e+001 -5.397924e+000  1.800000e+000
      vertex -2.324724e+001 -5.468583e+000  8.000000e-001
    endloop
  endfacet
  facet normal  2.611815e-001 -9.652897e-001  0.000000e+000
    outer loop
      vertex -2.324724e+001 -5.468583e+000  8.000000e-001
      vertex -2.298610e+001 -5.397924e+000  1.800000e+000
      vertex -2.324724e+001 -5.468583e+000  1.800000e+000
    endloop
  endfacet
  facet normal  2.327324e-001 -9.725408e-001  0.000000e+000
    outer loop
      vertex -2.324724e+001 -5.468583e+000  8.000000e-001
      vertex -2.324724e+001 -5.468583e+000  1.800000e+000
      vertex -2.351034e+001 -5.531544e+000  8.000000e-001
    endloop
  endfacet
  facet normal  2.327324e-001 -9.725408e-001  0.000000e+000
    outer loop
      vertex -2.351034e+001 -5.531544e+000  8.000000e-001
      vertex -2.324724e+001 -5.468583e+000  1.800000e+000
      vertex -2.351034e+001 -5.531544e+000  1.800000e+000
    endloop
  endfacet
  facet normal  2.040810e-001 -9.789540e-001  0.000000e+000
    outer loop
      vertex -2.351034e+001 -5.531544e+000  8.000000e-001
      vertex -2.351034e+001 -5.531544e+000  1.800000e+000
      vertex -2.377518e+001 -5.586755e+000  8.000000e-001
    endloop
  endfacet
  facet normal  2.040810e-001 -9.789540e-001  0.000000e+000
    outer loop
      vertex -2.377518e+001 -5.586755e+000  8.000000e-001
      vertex -2.351034e+001 -5.531544e+000  1.800000e+000
      vertex -2.377518e+001 -5.586755e+000  1.800000e+000
    endloop
  endfacet
  facet normal  1.752538e-001 -9.845233e-001  0.000000e+000
    outer loop
      vertex -2.377518e+001 -5.586755e+000  8.000000e-001
      vertex -2.377518e+001 -5.586755e+000  1.800000e+000
      vertex -2.404153e+001 -5.634167e+000  8.000000e-001
    endloop
  endfacet
  facet normal  1.752538e-001 -9.845233e-001  0.000000e+000
    outer loop
      vertex -2.404153e+001 -5.634167e+000  8.000000e-001
      vertex -2.377518e+001 -5.586755e+000  1.800000e+000
      vertex -2.404153e+001 -5.634167e+000  1.800000e+000
    endloop
  endfacet
  facet normal  1.462774e-001 -9.892436e-001  0.000000e+000
    outer loop
      vertex -2.404153e+001 -5.634167e+000  8.000000e-001
      vertex -2.404153e+001 -5.634167e+000  1.800000e+000
      vertex -2.430915e+001 -5.673739e+000  8.000000e-001
    endloop
  endfacet
  facet normal  1.462774e-001 -9.892436e-001  0.000000e+000
    outer loop
      vertex -2.430915e+001 -5.673739e+000  8.000000e-001
      vertex -2.404153e+001 -5.634167e+000  1.800000e+000
      vertex -2.430915e+001 -5.673739e+000  1.800000e+000
    endloop
  endfacet
  facet normal  1.171732e-001 -9.931115e-001  0.000000e+000
    outer loop
      vertex -2.430915e+001 -5.673739e+000  8.000000e-001
      vertex -2.430915e+001 -5.673739e+000  1.800000e+000
      vertex -2.457782e+001 -5.705439e+000  8.000000e-001
    endloop
  endfacet
  facet normal  1.171732e-001 -9.931115e-001  0.000000e+000
    outer loop
      vertex -2.457782e+001 -5.705439e+000  8.000000e-001
      vertex -2.430915e+001 -5.673739e+000  1.800000e+000
      vertex -2.457782e+001 -5.705439e+000  1.800000e+000
    endloop
  endfacet
  facet normal  8.796726e-002 -9.961233e-001  0.000000e+000
    outer loop
      vertex -2.457782e+001 -5.705439e+000  8.000000e-001
      vertex -2.457782e+001 -5.705439e+000  1.800000e+000
      vertex -2.484730e+001 -5.729237e+000  8.000000e-001
    endloop
  endfacet
  facet normal  8.796726e-002 -9.961233e-001  0.000000e+000
    outer loop
      vertex -2.484730e+001 -5.729237e+000  8.000000e-001
      vertex -2.457782e+001 -5.705439e+000  1.800000e+000
      vertex -2.484730e+001 -5.729237e+000  1.800000e+000
    endloop
  endfacet
  facet normal  5.868689e-002 -9.982764e-001  0.000000e+000
    outer loop
      vertex -2.484730e+001 -5.729237e+000  8.000000e-001
      vertex -2.484730e+001 -5.729237e+000  1.800000e+000
      vertex -2.511737e+001 -5.745113e+000  8.000000e-001
    endloop
  endfacet
  facet normal  5.868689e-002 -9.982764e-001  0.000000e+000
    outer loop
      vertex -2.511737e+001 -5.745113e+000  8.000000e-001
      vertex -2.484730e+001 -5.729237e+000  1.800000e+000
      vertex -2.511737e+001 -5.745113e+000  1.800000e+000
    endloop
  endfacet
  facet normal  2.935761e-002 -9.995689e-001  0.000000e+000
    outer loop
      vertex -2.511737e+001 -5.745113e+000  8.000000e-001
      vertex -2.511737e+001 -5.745113e+000  1.800000e+000
      vertex -2.538779e+001 -5.753056e+000  8.000000e-001
    endloop
  endfacet
  facet normal  2.935761e-002 -9.995689e-001  0.000000e+000
    outer loop
      vertex -2.538779e+001 -5.753056e+000  8.000000e-001
      vertex -2.511737e+001 -5.745113e+000  1.800000e+000
      vertex -2.538779e+001 -5.753056e+000  1.800000e+000
    endloop
  endfacet
  facet normal  0.000000e+000 -1.000000e+000  -0.000000e+000
    outer loop
      vertex -2.538779e+001 -5.753056e+000  8.000000e-001
      vertex -2.538779e+001 -5.753056e+000  1.800000e+000
      vertex -2.565832e+001 -5.753056e+000  8.000000e-001
    endloop
  endfacet
  facet normal  0.000000e+000 -1.000000e+000  0.000000e+000
    outer loop
      vertex -2.565832e+001 -5.753056e+000  8.000000e-001
      vertex -2.538779e+001 -5.753056e+000  1.800000e+000
      vertex -2.565832e+001 -5.753056e+000  1.800000e+000
    endloop
  endfacet
  facet normal -2.935782e-002 -9.995689e-001  -0.000000e+000
    outer loop
      vertex -2.565832e+001 -5.753056e+000  8.000000e-001
      vertex -2.565832e+001 -5.753056e+000  1.800000e+000
      vertex -2.592873e+001 -5.745113e+000  8.000000e-001
    endloop
  endfacet
  facet normal -2.935782e-002 -9.995689e-001  0.000000e+000
    outer loop
      vertex -2.592873e+001 -5.745113e+000  8.000000e-001
      vertex -2.565832e+001 -5.753056e+000  1.800000e+000
      vertex -2.592873e+001 -5.745113e+000  1.800000e+000
    endloop
  endfacet
  facet normal -5.868689e-002 -9.982764e-001  -0.000000e+000
    outer loop
      vertex -2.592873e+001 -5.745113e+000  8.000000e-001
      vertex -2.592873e+001 -5.745113e+000  1.800000e+000
      vertex -2.619880e+001 -5.729237e+000  8.000000e-001
    endloop
  endfacet
  facet normal -5.868689e-002 -9.982764e-001  0.000000e+000
    outer loop
      vertex -2.619880e+001 -5.729237e+000  8.000000e-001
      vertex -2.592873e+001 -5.745113e+000  1.800000e+000
      vertex -2.619880e+001 -5.729237e+000  1.800000e+000
    endloop
  endfacet
  facet normal -8.796726e-002 -9.961233e-001  -0.000000e+000
    outer loop
      vertex -2.619880e+001 -5.729237e+000  8.000000e-001
      vertex -2.619880e+001 -5.729237e+000  1.800000e+000
      vertex -2.646828e+001 -5.705439e+000  8.000000e-001
    endloop
  endfacet
  facet normal -8.796726e-002 -9.961233e-001  0.000000e+000
    outer loop
      vertex -2.646828e+001 -5.705439e+000  8.000000e-001
      vertex -2.619880e+001 -5.729237e+000  1.800000e+000
      vertex -2.646828e+001 -5.705439e+000  1.800000e+000
    endloop
  endfacet
  facet normal -1.171732e-001 -9.931115e-001  -0.000000e+000
    outer loop
      vertex -2.646828e+001 -5.705439e+000  8.000000e-001
      vertex -2.646828e+001 -5.705439e+000  1.800000e+000
      vertex -2.673695e+001 -5.673739e+000  8.000000e-001
    endloop
  endfacet
  facet normal -1.171732e-001 -9.931115e-001  0.000000e+000
    outer loop
      vertex -2.673695e+001 -5.673739e+000  8.000000e-001
      vertex -2.646828e+001 -5.705439e+000  1.800000e+000
      vertex -2.673695e+001 -5.673739e+000  1.800000e+000
    endloop
  endfacet
  facet normal -1.462774e-001 -9.892436e-001  -0.000000e+000
    outer loop
      vertex -2.673695e+001 -5.673739e+000  8.000000e-001
      vertex -2.673695e+001 -5.673739e+000  1.800000e+000
      vertex -2.700458e+001 -5.634167e+000  8.000000e-001
    endloop
  endfacet
  facet normal -1.462774e-001 -9.892436e-001  0.000000e+000
    outer loop
      vertex -2.700458e+001 -5.634167e+000  8.000000e-001
      vertex -2.673695e+001 -5.673739e+000  1.800000e+000
      vertex -2.700458e+001 -5.634167e+000  1.800000e+000
    endloop
  endfacet
  facet normal -1.752538e-001 -9.845233e-001  -0.000000e+000
    outer loop
      vertex -2.700458e+001 -5.634167e+000  8.000000e-001
      vertex -2.700458e+001 -5.634167e+000  1.800000e+000
      vertex -2.727092e+001 -5.586755e+000  8.000000e-001
    endloop
  endfacet
  facet normal -1.752538e-001 -9.845233e-001  0.000000e+000
    outer loop
      vertex -2.727092e+001 -5.586755e+000  8.000000e-001
      vertex -2.700458e+001 -5.634167e+000  1.800000e+000
      vertex -2.727092e+001 -5.586755e+000  1.800000e+000
    endloop
  endfacet
  facet normal -2.040810e-001 -9.789540e-001  -0.000000e+000
    outer loop
      vertex -2.727092e+001 -5.586755e+000  8.000000e-001
      vertex -2.727092e+001 -5.586755e+000  1.800000e+000
      vertex -2.753576e+001 -5.531544e+000  8.000000e-001
    endloop
  endfacet
  facet normal -2.040810e-001 -9.789540e-001  0.000000e+000
    outer loop
      vertex -2.753576e+001 -5.531544e+000  8.000000e-001
      vertex -2.727092e+001 -5.586755e+000  1.800000e+000
      vertex -2.753576e+001 -5.531544e+000  1.800000e+000
    endloop
  endfacet
  facet normal -2.327324e-001 -9.725408e-001  -0.000000e+000
    outer loop
      vertex -2.753576e+001 -5.531544e+000  8.000000e-001
      vertex -2.753576e+001 -5.531544e+000  1.800000e+000
      vertex -2.779886e+001 -5.468583e+000  8.000000e-001
    endloop
  endfacet
  facet normal -2.327324e-001 -9.725408e-001  0.000000e+000
    outer loop
      vertex -2.779886e+001 -5.468583e+000  8.000000e-001
      vertex -2.753576e+001 -5.531544e+000  1.800000e+000
      vertex -2.779886e+001 -5.468583e+000  1.800000e+000
    endloop
  endfacet
  facet normal -2.611815e-001 -9.652897e-001  -0.000000e+000
    outer loop
      vertex -2.779886e+001 -5.468583e+000  8.000000e-001
      vertex -2.779886e+001 -5.468583e+000  1.800000e+000
      vertex -2.806001e+001 -5.397924e+000  8.000000e-001
    endloop
  endfacet
  facet normal -2.611815e-001 -9.652897e-001  0.000000e+000
    outer loop
      vertex -2.806001e+001 -5.397924e+000  8.000000e-001
      vertex -2.779886e+001 -5.468583e+000  1.800000e+000
      vertex -2.806001e+001 -5.397924e+000  1.800000e+000
    endloop
  endfacet
  facet normal -2.894067e-001 -9.572062e-001  -0.000000e+000
    outer loop
      vertex -2.806001e+001 -5.397924e+000  8.000000e-001
      vertex -2.806001e+001 -5.397924e+000  1.800000e+000
      vertex -2.831896e+001 -5.319631e+000  8.000000e-001
    endloop
  endfacet
  facet normal -2.894067e-001 -9.572062e-001  0.000000e+000
    outer loop
      vertex -2.831896e+001 -5.319631e+000  8.000000e-001
      vertex -2.806001e+001 -5.397924e+000  1.800000e+000
      vertex -2.831896e+001 -5.319631e+000  1.800000e+000
    endloop
  endfacet
  facet normal -3.173814e-001 -9.482980e-001  -0.000000e+000
    outer loop
      vertex -2.831896e+001 -5.319631e+000  8.000000e-001
      vertex -2.831896e+001 -5.319631e+000  1.800000e+000
      vertex -2.857551e+001 -5.233768e+000  8.000000e-001
    endloop
  endfacet
  facet normal -3.173814e-001 -9.482980e-001  0.000000e+000
    outer loop
      vertex -2.857551e+001 -5.233768e+000  8.000000e-001
      vertex -2.831896e+001 -5.319631e+000  1.800000e+000
      vertex -2.857551e+001 -5.233768e+000  1.800000e+000
    endloop
  endfacet
  facet normal -3.450834e-001 -9.385720e-001  -0.000000e+000
    outer loop
      vertex -2.857551e+001 -5.233768e+000  8.000000e-001
      vertex -2.857551e+001 -5.233768e+000  1.800000e+000
      vertex -2.882942e+001 -5.140412e+000  8.000000e-001
    endloop
  endfacet
  facet normal -3.450834e-001 -9.385720e-001  0.000000e+000
    outer loop
      vertex -2.882942e+001 -5.140412e+000  8.000000e-001
      vertex -2.857551e+001 -5.233768e+000  1.800000e+000
      vertex -2.882942e+001 -5.140412e+000  1.800000e+000
    endloop
  endfacet
  facet normal -3.724890e-001 -9.280366e-001  -0.000000e+000
    outer loop
      vertex -2.882942e+001 -5.140412e+000  8.000000e-001
      vertex -2.882942e+001 -5.140412e+000  1.800000e+000
      vertex -2.908049e+001 -5.039642e+000  8.000000e-001
    endloop
  endfacet
  facet normal -3.724890e-001 -9.280366e-001  0.000000e+000
    outer loop
      vertex -2.908049e+001 -5.039642e+000  8.000000e-001
      vertex -2.882942e+001 -5.140412e+000  1.800000e+000
      vertex -2.908049e+001 -5.039642e+000  1.800000e+000
    endloop
  endfacet
  facet normal -3.995721e-001 -9.167018e-001  -0.000000e+000
    outer loop
      vertex -2.908049e+001 -5.039642e+000  8.000000e-001
      vertex -2.908049e+001 -5.039642e+000  1.800000e+000
      vertex -2.932848e+001 -4.931545e+000  8.000000e-001
    endloop
  endfacet
  facet normal -3.995721e-001 -9.167018e-001  0.000000e+000
    outer loop
      vertex -2.932848e+001 -4.931545e+000  8.000000e-001
      vertex -2.908049e+001 -5.039642e+000  1.800000e+000
      vertex -2.932848e+001 -4.931545e+000  1.800000e+000
    endloop
  endfacet
  facet normal -4.263085e-001 -9.045779e-001  -0.000000e+000
    outer loop
      vertex -2.932848e+001 -4.931545e+000  8.000000e-001
      vertex -2.932848e+001 -4.931545e+000  1.800000e+000
      vertex -2.957320e+001 -4.816214e+000  8.000000e-001
    endloop
  endfacet
  facet normal -4.263085e-001 -9.045779e-001  0.000000e+000
    outer loop
      vertex -2.957320e+001 -4.816214e+000  8.000000e-001
      vertex -2.932848e+001 -4.931545e+000  1.800000e+000
      vertex -2.957320e+001 -4.816214e+000  1.800000e+000
    endloop
  endfacet
  facet normal -4.526819e-001 -8.916721e-001  -0.000000e+000
    outer loop
      vertex -2.957320e+001 -4.816214e+000  8.000000e-001
      vertex -2.957320e+001 -4.816214e+000  1.800000e+000
      vertex -2.981443e+001 -4.693749e+000  8.000000e-001
    endloop
  endfacet
  facet normal -4.526819e-001 -8.916721e-001  0.000000e+000
    outer loop
      vertex -2.981443e+001 -4.693749e+000  8.000000e-001
      vertex -2.957320e+001 -4.816214e+000  1.800000e+000
      vertex -2.981443e+001 -4.693749e+000  1.800000e+000
    endloop
  endfacet
  facet normal -4.786657e-001 -8.779972e-001  -0.000000e+000
    outer loop
      vertex -2.981443e+001 -4.693749e+000  8.000000e-001
      vertex -2.981443e+001 -4.693749e+000  1.800000e+000
      vertex -3.005195e+001 -4.564255e+000  8.000000e-001
    endloop
  endfacet
  facet normal -4.786657e-001 -8.779972e-001  0.000000e+000
    outer loop
      vertex -3.005195e+001 -4.564255e+000  8.000000e-001
      vertex -2.981443e+001 -4.693749e+000  1.800000e+000
      vertex -3.005195e+001 -4.564255e+000  1.800000e+000
    endloop
  endfacet
  facet normal -5.042318e-001 -8.635684e-001  -0.000000e+000
    outer loop
      vertex -3.005195e+001 -4.564255e+000  8.000000e-001
      vertex -3.005195e+001 -4.564255e+000  1.800000e+000
      vertex -3.028558e+001 -4.427844e+000  8.000000e-001
    endloop
  endfacet
  facet normal -5.042318e-001 -8.635684e-001  0.000000e+000
    outer loop
      vertex -3.028558e+001 -4.427844e+000  8.000000e-001
      vertex -3.005195e+001 -4.564255e+000  1.800000e+000
      vertex -3.028558e+001 -4.427844e+000  1.800000e+000
    endloop
  endfacet
  facet normal -5.293638e-001 -8.483949e-001  -0.000000e+000
    outer loop
      vertex -3.028558e+001 -4.427844e+000  8.000000e-001
      vertex -3.028558e+001 -4.427844e+000  1.800000e+000
      vertex -3.051510e+001 -4.284633e+000  8.000000e-001
    endloop
  endfacet
  facet normal -5.293638e-001 -8.483949e-001  0.000000e+000
    outer loop
      vertex -3.051510e+001 -4.284633e+000  8.000000e-001
      vertex -3.028558e+001 -4.427844e+000  1.800000e+000
      vertex -3.051510e+001 -4.284633e+000  1.800000e+000
    endloop
  endfacet
  facet normal -5.540460e-001 -8.324861e-001  -0.000000e+000
    outer loop
      vertex -3.051510e+001 -4.284633e+000  8.000000e-001
      vertex -3.051510e+001 -4.284633e+000  1.800000e+000
      vertex -3.074031e+001 -4.134746e+000  8.000000e-001
    endloop
  endfacet
  facet normal -5.540460e-001 -8.324861e-001  0.000000e+000
    outer loop
      vertex -3.074031e+001 -4.134746e+000  8.000000e-001
      vertex -3.051510e+001 -4.284633e+000  1.800000e+000
      vertex -3.074031e+001 -4.134746e+000  1.800000e+000
    endloop
  endfacet
  facet normal -5.782423e-001 -8.158652e-001  -0.000000e+000
    outer loop
      vertex -3.074031e+001 -4.134746e+000  8.000000e-001
      vertex -3.074031e+001 -4.134746e+000  1.800000e+000
      vertex -3.096103e+001 -3.978312e+000  8.000000e-001
    endloop
  endfacet
  facet normal -5.782423e-001 -8.158652e-001  0.000000e+000
    outer loop
      vertex -3.096103e+001 -3.978312e+000  8.000000e-001
      vertex -3.074031e+001 -4.134746e+000  1.800000e+000
      vertex -3.096103e+001 -3.978312e+000  1.800000e+000
    endloop
  endfacet
  facet normal -6.019458e-001 -7.985369e-001  -0.000000e+000
    outer loop
      vertex -3.096103e+001 -3.978312e+000  8.000000e-001
      vertex -3.096103e+001 -3.978312e+000  1.800000e+000
      vertex -3.117706e+001 -3.815467e+000  8.000000e-001
    endloop
  endfacet
  facet normal -6.019458e-001 -7.985369e-001  0.000000e+000
    outer loop
      vertex -3.117706e+001 -3.815467e+000  8.000000e-001
      vertex -3.096103e+001 -3.978312e+000  1.800000e+000
      vertex -3.117706e+001 -3.815467e+000  1.800000e+000
    endloop
  endfacet
  facet normal -6.251276e-001 -7.805225e-001  -0.000000e+000
    outer loop
      vertex -3.117706e+001 -3.815467e+000  8.000000e-001
      vertex -3.117706e+001 -3.815467e+000  1.800000e+000
      vertex -3.138822e+001 -3.646349e+000  8.000000e-001
    endloop
  endfacet
  facet normal -6.251276e-001 -7.805225e-001  0.000000e+000
    outer loop
      vertex -3.138822e+001 -3.646349e+000  8.000000e-001
      vertex -3.117706e+001 -3.815467e+000  1.800000e+000
      vertex -3.138822e+001 -3.646349e+000  1.800000e+000
    endloop
  endfacet
  facet normal -6.477728e-001 -7.618335e-001  -0.000000e+000
    outer loop
      vertex -3.138822e+001 -3.646349e+000  8.000000e-001
      vertex -3.138822e+001 -3.646349e+000  1.800000e+000
      vertex -3.159432e+001 -3.471106e+000  8.000000e-001
    endloop
  endfacet
  facet normal -6.477728e-001 -7.618335e-001  0.000000e+000
    outer loop
      vertex -3.159432e+001 -3.471106e+000  8.000000e-001
      vertex -3.138822e+001 -3.646349e+000  1.800000e+000
      vertex -3.159432e+001 -3.471106e+000  1.800000e+000
    endloop
  endfacet
  facet normal -6.698555e-001 -7.424915e-001  -0.000000e+000
    outer loop
      vertex -3.159432e+001 -3.471106e+000  8.000000e-001
      vertex -3.159432e+001 -3.471106e+000  1.800000e+000
      vertex -3.179519e+001 -3.289888e+000  8.000000e-001
    endloop
  endfacet
  facet normal -6.698555e-001 -7.424915e-001  0.000000e+000
    outer loop
      vertex -3.179519e+001 -3.289888e+000  8.000000e-001
      vertex -3.159432e+001 -3.471106e+000  1.800000e+000
      vertex -3.179519e+001 -3.289888e+000  1.800000e+000
    endloop
  endfacet
  facet normal -6.913655e-001 -7.225052e-001  -0.000000e+000
    outer loop
      vertex -3.179519e+001 -3.289888e+000  8.000000e-001
      vertex -3.179519e+001 -3.289888e+000  1.800000e+000
      vertex -3.199065e+001 -3.102851e+000  8.000000e-001
    endloop
  endfacet
  facet normal -6.913655e-001 -7.225052e-001  0.000000e+000
    outer loop
      vertex -3.199065e+001 -3.102851e+000  8.000000e-001
      vertex -3.179519e+001 -3.289888e+000  1.800000e+000
      vertex -3.199065e+001 -3.102851e+000  1.800000e+000
    endloop
  endfacet
  facet normal -7.122816e-001 -7.018937e-001  -0.000000e+000
    outer loop
      vertex -3.199065e+001 -3.102851e+000  8.000000e-001
      vertex -3.199065e+001 -3.102851e+000  1.800000e+000
      vertex -3.218053e+001 -2.910156e+000  8.000000e-001
    endloop
  endfacet
  facet normal -7.122816e-001 -7.018937e-001  0.000000e+000
    outer loop
      vertex -3.218053e+001 -2.910156e+000  8.000000e-001
      vertex -3.199065e+001 -3.102851e+000  1.800000e+000
      vertex -3.218053e+001 -2.910156e+000  1.800000e+000
    endloop
  endfacet
  facet normal -7.325771e-001 -6.806839e-001  -0.000000e+000
    outer loop
      vertex -3.218053e+001 -2.910156e+000  8.000000e-001
      vertex -3.218053e+001 -2.910156e+000  1.800000e+000
      vertex -3.236468e+001 -2.711971e+000  8.000000e-001
    endloop
  endfacet
  facet normal -7.325771e-001 -6.806839e-001  0.000000e+000
    outer loop
      vertex -3.236468e+001 -2.711971e+000  8.000000e-001
      vertex -3.218053e+001 -2.910156e+000  1.800000e+000
      vertex -3.236468e+001 -2.711971e+000  1.800000e+000
    endloop
  endfacet
  facet normal -7.522373e-001 -6.588923e-001  -0.000000e+000
    outer loop
      vertex -3.236468e+001 -2.711971e+000  8.000000e-001
      vertex -3.236468e+001 -2.711971e+000  1.800000e+000
      vertex -3.254293e+001 -2.508464e+000  8.000000e-001
    endloop
  endfacet
  facet normal -7.522373e-001 -6.588923e-001  0.000000e+000
    outer loop
      vertex -3.254293e+001 -2.508464e+000  8.000000e-001
      vertex -3.236468e+001 -2.711971e+000  1.800000e+000
      vertex -3.254293e+001 -2.508464e+000  1.800000e+000
    endloop
  endfacet
  facet normal -7.712606e-001 -6.365196e-001  -0.000000e+000
    outer loop
      vertex -3.254293e+001 -2.508464e+000  8.000000e-001
      vertex -3.254293e+001 -2.508464e+000  1.800000e+000
      vertex -3.271513e+001 -2.299813e+000  8.000000e-001
    endloop
  endfacet
  facet normal -7.712606e-001 -6.365196e-001  0.000000e+000
    outer loop
      vertex -3.271513e+001 -2.299813e+000  8.000000e-001
      vertex -3.254293e+001 -2.508464e+000  1.800000e+000
      vertex -3.271513e+001 -2.299813e+000  1.800000e+000
    endloop
  endfacet
  facet normal -7.896203e-001 -6.135958e-001  -0.000000e+000
    outer loop
      vertex -3.271513e+001 -2.299813e+000  8.000000e-001
      vertex -3.271513e+001 -2.299813e+000  1.800000e+000
      vertex -3.288113e+001 -2.086197e+000  8.000000e-001
    endloop
  endfacet
  facet normal -7.896203e-001 -6.135958e-001  0.000000e+000
    outer loop
      vertex -3.288113e+001 -2.086197e+000  8.000000e-001
      vertex -3.271513e+001 -2.299813e+000  1.800000e+000
      vertex -3.288113e+001 -2.086197e+000  1.800000e+000
    endloop
  endfacet
  facet normal -8.072885e-001 -5.901570e-001  -0.000000e+000
    outer loop
      vertex -3.288113e+001 -2.086197e+000  8.000000e-001
      vertex -3.288113e+001 -2.086197e+000  1.800000e+000
      vertex -3.304078e+001 -1.867799e+000  8.000000e-001
    endloop
  endfacet
  facet normal -8.072885e-001 -5.901570e-001  0.000000e+000
    outer loop
      vertex -3.304078e+001 -1.867799e+000  8.000000e-001
      vertex -3.288113e+001 -2.086197e+000  1.800000e+000
      vertex -3.304078e+001 -1.867799e+000  1.800000e+000
    endloop
  endfacet
  facet normal -8.242605e-001 -5.662106e-001  -0.000000e+000
    outer loop
      vertex -3.304078e+001 -1.867799e+000  8.000000e-001
      vertex -3.304078e+001 -1.867799e+000  1.800000e+000
      vertex -3.319396e+001 -1.644809e+000  8.000000e-001
    endloop
  endfacet
  facet normal -8.242605e-001 -5.662106e-001  0.000000e+000
    outer loop
      vertex -3.319396e+001 -1.644809e+000  8.000000e-001
      vertex -3.304078e+001 -1.867799e+000  1.800000e+000
      vertex -3.319396e+001 -1.644809e+000  1.800000e+000
    endloop
  endfacet
  facet normal -8.405313e-001 -5.417630e-001  -0.000000e+000
    outer loop
      vertex -3.319396e+001 -1.644809e+000  8.000000e-001
      vertex -3.319396e+001 -1.644809e+000  1.800000e+000
      vertex -3.334053e+001 -1.417418e+000  8.000000e-001
    endloop
  endfacet
  facet normal -8.405313e-001 -5.417630e-001  0.000000e+000
    outer loop
      vertex -3.334053e+001 -1.417418e+000  8.000000e-001
      vertex -3.319396e+001 -1.644809e+000  1.800000e+000
      vertex -3.334053e+001 -1.417418e+000  1.800000e+000
    endloop
  endfacet
  facet normal -8.560767e-001 -5.168488e-001  -0.000000e+000
    outer loop
      vertex -3.334053e+001 -1.417418e+000  8.000000e-001
      vertex -3.334053e+001 -1.417418e+000  1.800000e+000
      vertex -3.348035e+001 -1.185822e+000  8.000000e-001
    endloop
  endfacet
  facet normal -8.560767e-001 -5.168488e-001  0.000000e+000
    outer loop
      vertex -3.348035e+001 -1.185822e+000  8.000000e-001
      vertex -3.334053e+001 -1.417418e+000  1.800000e+000
      vertex -3.348035e+001 -1.185822e+000  1.800000e+000
    endloop
  endfacet
  facet normal -8.708740e-001 -4.915062e-001  -0.000000e+000
    outer loop
      vertex -3.348035e+001 -1.185822e+000  8.000000e-001
      vertex -3.348035e+001 -1.185822e+000  1.800000e+000
      vertex -3.361332e+001 -9.502213e-001  8.000000e-001
    endloop
  endfacet
  facet normal -8.708740e-001 -4.915062e-001  0.000000e+000
    outer loop
      vertex -3.361332e+001 -9.502213e-001  8.000000e-001
      vertex -3.348035e+001 -1.185822e+000  1.800000e+000
      vertex -3.361332e+001 -9.502213e-001  1.800000e+000
    endloop
  endfacet
  facet normal -8.849327e-001 -4.657189e-001  -0.000000e+000
    outer loop
      vertex -3.361332e+001 -9.502213e-001  8.000000e-001
      vertex -3.361332e+001 -9.502213e-001  1.800000e+000
      vertex -3.373931e+001 -7.108188e-001  8.000000e-001
    endloop
  endfacet
  facet normal -8.849327e-001 -4.657189e-001  0.000000e+000
    outer loop
      vertex -3.373931e+001 -7.108188e-001  8.000000e-001
      vertex -3.361332e+001 -9.502213e-001  1.800000e+000
      vertex -3.373931e+001 -7.108188e-001  1.800000e+000
    endloop
  endfacet
  facet normal -8.982199e-001 -4.395463e-001  -0.000000e+000
    outer loop
      vertex -3.373931e+001 -7.108188e-001  8.000000e-001
      vertex -3.373931e+001 -7.108188e-001  1.800000e+000
      vertex -3.385822e+001 -4.678207e-001  8.000000e-001
    endloop
  endfacet
  facet normal -8.982199e-001 -4.395463e-001  0.000000e+000
    outer loop
      vertex -3.385822e+001 -4.678207e-001  8.000000e-001
      vertex -3.373931e+001 -7.108188e-001  1.800000e+000
      vertex -3.385822e+001 -4.678207e-001  1.800000e+000
    endloop
  endfacet
  facet normal -9.107391e-001 -4.129819e-001  -0.000000e+000
    outer loop
      vertex -3.385822e+001 -4.678207e-001  8.000000e-001
      vertex -3.385822e+001 -4.678207e-001  1.800000e+000
      vertex -3.396995e+001 -2.214366e-001  8.000000e-001
    endloop
  endfacet
  facet normal -9.107391e-001 -4.129819e-001  0.000000e+000
    outer loop
      vertex -3.396995e+001 -2.214366e-001  8.000000e-001
      vertex -3.385822e+001 -4.678207e-001  1.800000e+000
      vertex -3.396995e+001 -2.214366e-001  1.800000e+000
    endloop
  endfacet
  facet normal -9.224669e-001 -3.860763e-001  -0.000000e+000
    outer loop
      vertex -3.396995e+001 -2.214366e-001  8.000000e-001
      vertex -3.396995e+001 -2.214366e-001  1.800000e+000
      vertex -3.407439e+001  2.812127e-002  8.000000e-001
    endloop
  endfacet
  facet normal -9.224669e-001 -3.860763e-001  0.000000e+000
    outer loop
      vertex -3.407439e+001  2.812127e-002  8.000000e-001
      vertex -3.396995e+001 -2.214366e-001  1.800000e+000
      vertex -3.407439e+001  2.812127e-002  1.800000e+000
    endloop
  endfacet
  facet normal -9.334064e-001 -3.588210e-001  -0.000000e+000
    outer loop
      vertex -3.407439e+001  2.812127e-002  8.000000e-001
      vertex -3.407439e+001  2.812127e-002  1.800000e+000
      vertex -3.417147e+001  2.806377e-001  8.000000e-001
    endloop
  endfacet
  facet normal -9.334064e-001 -3.588210e-001  0.000000e+000
    outer loop
      vertex -3.417147e+001  2.806377e-001  8.000000e-001
      vertex -3.407439e+001  2.812127e-002  1.800000e+000
      vertex -3.417147e+001  2.806377e-001  1.800000e+000
    endloop
  endfacet
  facet normal -9.435368e-001 -3.312678e-001  -0.000000e+000
    outer loop
      vertex -3.417147e+001  2.806377e-001  8.000000e-001
      vertex -3.417147e+001  2.806377e-001  1.800000e+000
      vertex -3.426109e+001  5.358950e-001  8.000000e-001
    endloop
  endfacet
  facet normal -9.435368e-001 -3.312678e-001  0.000000e+000
    outer loop
      vertex -3.426109e+001  5.358950e-001  8.000000e-001
      vertex -3.417147e+001  2.806377e-001  1.800000e+000
      vertex -3.426109e+001  5.358950e-001  1.800000e+000
    endloop
  endfacet
  facet normal -9.528529e-001 -3.034324e-001  -0.000000e+000
    outer loop
      vertex -3.426109e+001  5.358950e-001  8.000000e-001
      vertex -3.426109e+001  5.358950e-001  1.800000e+000
      vertex -3.434317e+001  7.936732e-001  8.000000e-001
    endloop
  endfacet
  facet normal -9.528529e-001 -3.034324e-001  0.000000e+000
    outer loop
      vertex -3.434317e+001  7.936732e-001  8.000000e-001
      vertex -3.426109e+001  5.358950e-001  1.800000e+000
      vertex -3.434317e+001  7.936732e-001  1.800000e+000
    endloop
  endfacet
  facet normal -9.613536e-001 -2.753167e-001  -0.000000e+000
    outer loop
      vertex -3.434317e+001  7.936732e-001  8.000000e-001
      vertex -3.434317e+001  7.936732e-001  1.800000e+000
      vertex -3.441766e+001  1.053750e+000  8.000000e-001
    endloop
  endfacet
  facet normal -9.613536e-001 -2.753167e-001  0.000000e+000
    outer loop
      vertex -3.441766e+001  1.053750e+000  8.000000e-001
      vertex -3.434317e+001  7.936732e-001  1.800000e+000
      vertex -3.441766e+001  1.053750e+000  1.800000e+000
    endloop
  endfacet
  facet normal -9.690186e-001 -2.469875e-001  -0.000000e+000
    outer loop
      vertex -3.441766e+001  1.053750e+000  8.000000e-001
      vertex -3.441766e+001  1.053750e+000  1.800000e+000
      vertex -3.448447e+001  1.315901e+000  8.000000e-001
    endloop
  endfacet
  facet normal -9.690186e-001 -2.469875e-001  0.000000e+000
    outer loop
      vertex -3.448447e+001  1.315901e+000  8.000000e-001
      vertex -3.441766e+001  1.053750e+000  1.800000e+000
      vertex -3.448447e+001  1.315901e+000  1.800000e+000
    endloop
  endfacet
  facet normal -9.758518e-001 -2.184337e-001  -0.000000e+000
    outer loop
      vertex -3.448447e+001  1.315901e+000  8.000000e-001
      vertex -3.448447e+001  1.315901e+000  1.800000e+000
      vertex -3.454357e+001  1.579901e+000  8.000000e-001
    endloop
  endfacet
  facet normal -9.758518e-001 -2.184337e-001  0.000000e+000
    outer loop
      vertex -3.454357e+001  1.579901e+000  8.000000e-001
      vertex -3.448447e+001  1.315901e+000  1.800000e+000
      vertex -3.454357e+001  1.579901e+000  1.800000e+000
    endloop
  endfacet
  facet normal -9.818454e-001 -1.896828e-001  -0.000000e+000
    outer loop
      vertex -3.454357e+001  1.579901e+000  8.000000e-001
      vertex -3.454357e+001  1.579901e+000  1.800000e+000
      vertex -3.459488e+001  1.845522e+000  8.000000e-001
    endloop
  endfacet
  facet normal -9.818454e-001 -1.896828e-001  0.000000e+000
    outer loop
      vertex -3.459488e+001  1.845522e+000  8.000000e-001
      vertex -3.454357e+001  1.579901e+000  1.800000e+000
      vertex -3.459488e+001  1.845522e+000  1.800000e+000
    endloop
  endfacet
  facet normal -9.869886e-001 -1.607901e-001  -0.000000e+000
    outer loop
      vertex -3.459488e+001  1.845522e+000  8.000000e-001
      vertex -3.459488e+001  1.845522e+000  1.800000e+000
      vertex -3.463838e+001  2.112535e+000  8.000000e-001
    endloop
  endfacet
  facet normal -9.869886e-001 -1.607901e-001  0.000000e+000
    outer loop
      vertex -3.463838e+001  2.112535e+000  8.000000e-001
      vertex -3.459488e+001  1.845522e+000  1.800000e+000
      vertex -3.463838e+001  2.112535e+000  1.800000e+000
    endloop
  endfacet
  facet normal -9.912857e-001 -1.317289e-001  -0.000000e+000
    outer loop
      vertex -3.463838e+001  2.112535e+000  8.000000e-001
      vertex -3.463838e+001  2.112535e+000  1.800000e+000
      vertex -3.467402e+001  2.380710e+000  8.000000e-001
    endloop
  endfacet
  facet normal -9.912857e-001 -1.317289e-001  0.000000e+000
    outer loop
      vertex -3.467402e+001  2.380710e+000  8.000000e-001
      vertex -3.463838e+001  2.112535e+000  1.800000e+000
      vertex -3.467402e+001  2.380710e+000  1.800000e+000
    endloop
  endfacet
  facet normal -9.947245e-001 -1.025825e-001  -0.000000e+000
    outer loop
      vertex -3.467402e+001  2.380710e+000  8.000000e-001
      vertex -3.467402e+001  2.380710e+000  1.800000e+000
      vertex -3.470177e+001  2.649815e+000  8.000000e-001
    endloop
  endfacet
  facet normal -9.947245e-001 -1.025825e-001  0.000000e+000
    outer loop
      vertex -3.470177e+001  2.649815e+000  8.000000e-001
      vertex -3.467402e+001  2.380710e+000  1.800000e+000
      vertex -3.470177e+001  2.649815e+000  1.800000e+000
    endloop
  endfacet
  facet normal -9.973071e-001 -7.333773e-002  -0.000000e+000
    outer loop
      vertex -3.470177e+001  2.649815e+000  8.000000e-001
      vertex -3.470177e+001  2.649815e+000  1.800000e+000
      vertex -3.472161e+001  2.919619e+000  8.000000e-001
    endloop
  endfacet
  facet normal -9.973071e-001 -7.333773e-002  0.000000e+000
    outer loop
      vertex -3.472161e+001  2.919619e+000  8.000000e-001
      vertex -3.470177e+001  2.649815e+000  1.800000e+000
      vertex -3.472161e+001  2.919619e+000  1.800000e+000
    endloop
  endfacet
  facet normal -9.990306e-001 -4.402237e-002  -0.000000e+000
    outer loop
      vertex -3.472161e+001  2.919619e+000  8.000000e-001
      vertex -3.472161e+001  2.919619e+000  1.800000e+000
      vertex -3.473352e+001  3.189889e+000  8.000000e-001
    endloop
  endfacet
  facet normal -9.990306e-001 -4.402237e-002  0.000000e+000
    outer loop
      vertex -3.473352e+001  3.189889e+000  8.000000e-001
      vertex -3.472161e+001  2.919619e+000  1.800000e+000
      vertex -3.473352e+001  3.189889e+000  1.800000e+000
    endloop
  endfacet
  facet normal -9.998923e-001 -1.467883e-002  -0.000000e+000
    outer loop
      vertex -3.473352e+001  3.189889e+000  8.000000e-001
      vertex -3.473352e+001  3.189889e+000  1.800000e+000
      vertex -3.473749e+001  3.460393e+000  8.000000e-001
    endloop
  endfacet
  facet normal -9.998923e-001 -1.467883e-002  0.000000e+000
    outer loop
      vertex -3.473749e+001  3.460393e+000  8.000000e-001
      vertex -3.473352e+001  3.189889e+000  1.800000e+000
      vertex -3.473749e+001  3.460393e+000  1.800000e+000
    endloop
  endfacet
  facet normal -9.998923e-001  1.467883e-002  0.000000e+000
    outer loop
      vertex -3.473749e+001  3.460393e+000  8.000000e-001
      vertex -3.473749e+001  3.460393e+000  1.800000e+000
      vertex -3.473352e+001  3.730896e+000  8.000000e-001
    endloop
  endfacet
  facet normal -9.998923e-001  1.467883e-002  0.000000e+000
    outer loop
      vertex -3.473352e+001  3.730896e+000  8.000000e-001
      vertex -3.473749e+001  3.460393e+000  1.800000e+000
      vertex -3.473352e+001  3.730896e+000  1.800000e+000
    endloop
  endfacet
  facet normal -9.990306e-001  4.402237e-002  0.000000e+000
    outer loop
      vertex -3.473352e+001  3.730896e+000  8.000000e-001
      vertex -3.473352e+001  3.730896e+000  1.800000e+000
      vertex -3.472161e+001  4.001166e+000  8.000000e-001
    endloop
  endfacet
  facet normal -9.990306e-001  4.402237e-002  0.000000e+000
    outer loop
      vertex -3.472161e+001  4.001166e+000  8.000000e-001
      vertex -3.473352e+001  3.730896e+000  1.800000e+000
      vertex -3.472161e+001  4.001166e+000  1.800000e+000
    endloop
  endfacet
  facet normal -9.973071e-001  7.333773e-002  0.000000e+000
    outer loop
      vertex -3.472161e+001  4.001166e+000  8.000000e-001
      vertex -3.472161e+001  4.001166e+000  1.800000e+000
      vertex -3.470177e+001  4.270970e+000  8.000000e-001
    endloop
  endfacet
  facet normal -9.973071e-001  7.333773e-002  0.000000e+000
    outer loop
      vertex -3.470177e+001  4.270970e+000  8.000000e-001
      vertex -3.472161e+001  4.001166e+000  1.800000e+000
      vertex -3.470177e+001  4.270970e+000  1.800000e+000
    endloop
  endfacet
  facet normal -9.947245e-001  1.025825e-001  0.000000e+000
    outer loop
      vertex -3.470177e+001  4.270970e+000  8.000000e-001
      vertex -3.470177e+001  4.270970e+000  1.800000e+000
      vertex -3.467402e+001  4.540076e+000  8.000000e-001
    endloop
  endfacet
  facet normal -9.947245e-001  1.025825e-001  0.000000e+000
    outer loop
      vertex -3.467402e+001  4.540076e+000  8.000000e-001
      vertex -3.470177e+001  4.270970e+000  1.800000e+000
      vertex -3.467402e+001  4.540076e+000  1.800000e+000
    endloop
  endfacet
  facet normal -9.912857e-001  1.317289e-001  0.000000e+000
    outer loop
      vertex -3.467402e+001  4.540076e+000  8.000000e-001
      vertex -3.467402e+001  4.540076e+000  1.800000e+000
      vertex -3.463838e+001  4.808250e+000  8.000000e-001
    endloop
  endfacet
  facet normal -9.912857e-001  1.317289e-001  0.000000e+000
    outer loop
      vertex -3.463838e+001  4.808250e+000  8.000000e-001
      vertex -3.467402e+001  4.540076e+000  1.800000e+000
      vertex -3.463838e+001  4.808250e+000  1.800000e+000
    endloop
  endfacet
  facet normal -9.869886e-001  1.607902e-001  0.000000e+000
    outer loop
      vertex -3.463838e+001  4.808250e+000  8.000000e-001
      vertex -3.463838e+001  4.808250e+000  1.800000e+000
      vertex -3.459488e+001  5.075263e+000  8.000000e-001
    endloop
  endfacet
  facet normal -9.869886e-001  1.607902e-001  0.000000e+000
    outer loop
      vertex -3.459488e+001  5.075263e+000  8.000000e-001
      vertex -3.463838e+001  4.808250e+000  1.800000e+000
      vertex -3.459488e+001  5.075263e+000  1.800000e+000
    endloop
  endfacet
  facet normal -9.818454e-001  1.896825e-001  0.000000e+000
    outer loop
      vertex -3.459488e+001  5.075263e+000  8.000000e-001
      vertex -3.459488e+001  5.075263e+000  1.800000e+000
      vertex -3.454357e+001  5.340884e+000  8.000000e-001
    endloop
  endfacet
  facet normal -9.818454e-001  1.896825e-001  0.000000e+000
    outer loop
      vertex -3.454357e+001  5.340884e+000  8.000000e-001
      vertex -3.459488e+001  5.075263e+000  1.800000e+000
      vertex -3.454357e+001  5.340884e+000  1.800000e+000
    endloop
  endfacet
  facet normal -9.758518e-001  2.184337e-001  0.000000e+000
    outer loop
      vertex -3.454357e+001  5.340884e+000  8.000000e-001
      vertex -3.454357e+001  5.340884e+000  1.800000e+000
      vertex -3.448447e+001  5.604884e+000  8.000000e-001
    endloop
  endfacet
  facet normal -9.758518e-001  2.184337e-001  0.000000e+000
    outer loop
      vertex -3.448447e+001  5.604884e+000  8.000000e-001
      vertex -3.454357e+001  5.340884e+000  1.800000e+000
      vertex -3.448447e+001  5.604884e+000  1.800000e+000
    endloop
  endfacet
  facet normal -9.690186e-001  2.469876e-001  0.000000e+000
    outer loop
      vertex -3.448447e+001  5.604884e+000  8.000000e-001
      vertex -3.448447e+001  5.604884e+000  1.800000e+000
      vertex -3.441766e+001  5.867035e+000  8.000000e-001
    endloop
  endfacet
  facet normal -9.690186e-001  2.469876e-001  0.000000e+000
    outer loop
      vertex -3.441766e+001  5.867035e+000  8.000000e-001
      vertex -3.448447e+001  5.604884e+000  1.800000e+000
      vertex -3.441766e+001  5.867035e+000  1.800000e+000
    endloop
  endfacet
  facet normal -9.613537e-001  2.753166e-001  0.000000e+000
    outer loop
      vertex -3.441766e+001  5.867035e+000  8.000000e-001
      vertex -3.441766e+001  5.867035e+000  1.800000e+000
      vertex -3.434317e+001  6.127112e+000  8.000000e-001
    endloop
  endfacet
  facet normal -9.613537e-001  2.753166e-001  0.000000e+000
    outer loop
      vertex -3.434317e+001  6.127112e+000  8.000000e-001
      vertex -3.441766e+001  5.867035e+000  1.800000e+000
      vertex -3.434317e+001  6.127112e+000  1.800000e+000
    endloop
  endfacet
  facet normal -9.528529e-001  3.034324e-001  0.000000e+000
    outer loop
      vertex -3.434317e+001  6.127112e+000  8.000000e-001
      vertex -3.434317e+001  6.127112e+000  1.800000e+000
      vertex -3.426109e+001  6.384891e+000  8.000000e-001
    endloop
  endfacet
  facet normal -9.528529e-001  3.034324e-001  0.000000e+000
    outer loop
      vertex -3.426109e+001  6.384891e+000  8.000000e-001
      vertex -3.434317e+001  6.127112e+000  1.800000e+000
      vertex -3.426109e+001  6.384891e+000  1.800000e+000
    endloop
  endfacet
  facet normal -9.435366e-001  3.312680e-001  0.000000e+000
    outer loop
      vertex -3.426109e+001  6.384891e+000  8.000000e-001
      vertex -3.426109e+001  6.384891e+000  1.800000e+000
      vertex -3.417147e+001  6.640148e+000  8.000000e-001
    endloop
  endfacet
  facet normal -9.435366e-001  3.312680e-001  0.000000e+000
    outer loop
      vertex -3.417147e+001  6.640148e+000  8.000000e-001
      vertex -3.426109e+001  6.384891e+000  1.800000e+000
      vertex -3.417147e+001  6.640148e+000  1.800000e+000
    endloop
  endfacet
  facet normal -9.334064e-001  3.588212e-001  0.000000e+000
    outer loop
      vertex -3.417147e+001  6.640148e+000  8.000000e-001
      vertex -3.417147e+001  6.640148e+000  1.800000e+000
      vertex -3.407439e+001  6.892664e+000  8.000000e-001
    endloop
  endfacet
  facet normal -9.334064e-001  3.588212e-001  0.000000e+000
    outer loop
      vertex -3.407439e+001  6.892664e+000  8.000000e-001
      vertex -3.417147e+001  6.640148e+000  1.800000e+000
      vertex -3.407439e+001  6.892664e+000  1.800000e+000
    endloop
  endfacet
  facet normal -9.224669e-001  3.860761e-001  0.000000e+000
    outer loop
      vertex -3.407439e+001  6.892664e+000  8.000000e-001
      vertex -3.407439e+001  6.892664e+000  1.800000e+000
      vertex -3.396995e+001  7.142222e+000  8.000000e-001
    endloop
  endfacet
  facet normal -9.224669e-001  3.860761e-001  0.000000e+000
    outer loop
      vertex -3.396995e+001  7.142222e+000  8.000000e-001
      vertex -3.407439e+001  6.892664e+000  1.800000e+000
      vertex -3.396995e+001  7.142222e+000  1.800000e+000
    endloop
  endfacet
  facet normal -9.107391e-001  4.129819e-001  0.000000e+000
    outer loop
      vertex -3.396995e+001  7.142222e+000  8.000000e-001
      vertex -3.396995e+001  7.142222e+000  1.800000e+000
      vertex -3.385822e+001  7.388606e+000  8.000000e-001
    endloop
  endfacet
  facet normal -9.107391e-001  4.129819e-001  0.000000e+000
    outer loop
      vertex -3.385822e+001  7.388606e+000  8.000000e-001
      vertex -3.396995e+001  7.142222e+000  1.800000e+000
      vertex -3.385822e+001  7.388606e+000  1.800000e+000
    endloop
  endfacet
  facet normal -8.982199e-001  4.395462e-001  0.000000e+000
    outer loop
      vertex -3.385822e+001  7.388606e+000  8.000000e-001
      vertex -3.385822e+001  7.388606e+000  1.800000e+000
      vertex -3.373931e+001  7.631604e+000  8.000000e-001
    endloop
  endfacet
  facet normal -8.982199e-001  4.395462e-001  0.000000e+000
    outer loop
      vertex -3.373931e+001  7.631604e+000  8.000000e-001
      vertex -3.385822e+001  7.388606e+000  1.800000e+000
      vertex -3.373931e+001  7.631604e+000  1.800000e+000
    endloop
  endfacet
  facet normal -8.849325e-001  4.657192e-001  0.000000e+000
    outer loop
      vertex -3.373931e+001  7.631604e+000  8.000000e-001
      vertex -3.373931e+001  7.631604e+000  1.800000e+000
      vertex -3.361332e+001  7.871006e+000  8.000000e-001
    endloop
  endfacet
  facet normal -8.849325e-001  4.657192e-001  0.000000e+000
    outer loop
      vertex -3.361332e+001  7.871006e+000  8.000000e-001
      vertex -3.373931e+001  7.631604e+000  1.800000e+000
      vertex -3.361332e+001  7.871006e+000  1.800000e+000
    endloop
  endfacet
  facet normal -8.708743e-001  4.915057e-001  0.000000e+000
    outer loop
      vertex -3.361332e+001  7.871006e+000  8.000000e-001
      vertex -3.361332e+001  7.871006e+000  1.800000e+000
      vertex -3.348035e+001  8.106607e+000  8.000000e-001
    endloop
  endfacet
  facet normal -8.708743e-001  4.915057e-001  0.000000e+000
    outer loop
      vertex -3.348035e+001  8.106607e+000  8.000000e-001
      vertex -3.361332e+001  7.871006e+000  1.800000e+000
      vertex -3.348035e+001  8.106607e+000  1.800000e+000
    endloop
  endfacet
  facet normal -8.560769e-001  5.168484e-001  0.000000e+000
    outer loop
      vertex -3.348035e+001  8.106607e+000  8.000000e-001
      vertex -3.348035e+001  8.106607e+000  1.800000e+000
      vertex -3.334053e+001  8.338203e+000  8.000000e-001
    endloop
  endfacet
  facet normal -8.560769e-001  5.168484e-001  0.000000e+000
    outer loop
      vertex -3.334053e+001  8.338203e+000  8.000000e-001
      vertex -3.348035e+001  8.106607e+000  1.800000e+000
      vertex -3.334053e+001  8.338203e+000  1.800000e+000
    endloop
  endfacet
  facet normal -8.405305e-001  5.417642e-001  0.000000e+000
    outer loop
      vertex -3.334053e+001  8.338203e+000  8.000000e-001
      vertex -3.334053e+001  8.338203e+000  1.800000e+000
      vertex -3.319396e+001  8.565594e+000  8.000000e-001
    endloop
  endfacet
  facet normal -8.405305e-001  5.417642e-001  0.000000e+000
    outer loop
      vertex -3.319396e+001  8.565594e+000  8.000000e-001
      vertex -3.334053e+001  8.338203e+000  1.800000e+000
      vertex -3.319396e+001  8.565594e+000  1.800000e+000
    endloop
  endfacet
  facet normal -8.242612e-001  5.662097e-001  0.000000e+000
    outer loop
      vertex -3.319396e+001  8.565594e+000  8.000000e-001
      vertex -3.319396e+001  8.565594e+000  1.800000e+000
      vertex -3.304078e+001  8.788585e+000  8.000000e-001
    endloop
  endfacet
  facet normal -8.242612e-001  5.662097e-001  0.000000e+000
    outer loop
      vertex -3.304078e+001  8.788585e+000  8.000000e-001
      vertex -3.319396e+001  8.565594e+000  1.800000e+000
      vertex -3.304078e+001  8.788585e+000  1.800000e+000
    endloop
  endfacet
  facet normal -8.072879e-001  5.901578e-001  0.000000e+000
    outer loop
      vertex -3.304078e+001  8.788585e+000  8.000000e-001
      vertex -3.304078e+001  8.788585e+000  1.800000e+000
      vertex -3.288113e+001  9.006982e+000  8.000000e-001
    endloop
  endfacet
  facet normal -8.072879e-001  5.901578e-001  0.000000e+000
    outer loop
      vertex -3.288113e+001  9.006982e+000  8.000000e-001
      vertex -3.304078e+001  8.788585e+000  1.800000e+000
      vertex -3.288113e+001  9.006982e+000  1.800000e+000
    endloop
  endfacet
  facet normal -7.896200e-001  6.135962e-001  0.000000e+000
    outer loop
      vertex -3.288113e+001  9.006982e+000  8.000000e-001
      vertex -3.288113e+001  9.006982e+000  1.800000e+000
      vertex -3.271513e+001  9.220598e+000  8.000000e-001
    endloop
  endfacet
  facet normal -7.896200e-001  6.135962e-001  0.000000e+000
    outer loop
      vertex -3.271513e+001  9.220598e+000  8.000000e-001
      vertex -3.288113e+001  9.006982e+000  1.800000e+000
      vertex -3.271513e+001  9.220598e+000  1.800000e+000
    endloop
  endfacet
  facet normal -7.712613e-001  6.365187e-001  0.000000e+000
    outer loop
      vertex -3.271513e+001  9.220598e+000  8.000000e-001
      vertex -3.271513e+001  9.220598e+000  1.800000e+000
      vertex -3.254293e+001  9.429250e+000  8.000000e-001
    endloop
  endfacet
  facet normal -7.712613e-001  6.365187e-001  0.000000e+000
    outer loop
      vertex -3.254293e+001  9.429250e+000  8.000000e-001
      vertex -3.271513e+001  9.220598e+000  1.800000e+000
      vertex -3.254293e+001  9.429250e+000  1.800000e+000
    endloop
  endfacet
  facet normal -7.522377e-001  6.588918e-001  0.000000e+000
    outer loop
      vertex -3.254293e+001  9.429250e+000  8.000000e-001
      vertex -3.254293e+001  9.429250e+000  1.800000e+000
      vertex -3.236468e+001  9.632756e+000  8.000000e-001
    endloop
  endfacet
  facet normal -7.522377e-001  6.588918e-001  0.000000e+000
    outer loop
      vertex -3.236468e+001  9.632756e+000  8.000000e-001
      vertex -3.254293e+001  9.429250e+000  1.800000e+000
      vertex -3.236468e+001  9.632756e+000  1.800000e+000
    endloop
  endfacet
  facet normal -7.325776e-001  6.806834e-001  0.000000e+000
    outer loop
      vertex -3.236468e+001  9.632756e+000  8.000000e-001
      vertex -3.236468e+001  9.632756e+000  1.800000e+000
      vertex -3.218053e+001  9.830942e+000  8.000000e-001
    endloop
  endfacet
  facet normal -7.325776e-001  6.806834e-001  0.000000e+000
    outer loop
      vertex -3.218053e+001  9.830942e+000  8.000000e-001
      vertex -3.236468e+001  9.632756e+000  1.800000e+000
      vertex -3.218053e+001  9.830942e+000  1.800000e+000
    endloop
  endfacet
  facet normal -7.122803e-001  7.018951e-001  0.000000e+000
    outer loop
      vertex -3.218053e+001  9.830942e+000  8.000000e-001
      vertex -3.218053e+001  9.830942e+000  1.800000e+000
      vertex -3.199065e+001  1.002364e+001  8.000000e-001
    endloop
  endfacet
  facet normal -7.122803e-001  7.018951e-001  0.000000e+000
    outer loop
      vertex -3.199065e+001  1.002364e+001  8.000000e-001
      vertex -3.218053e+001  9.830942e+000  1.800000e+000
      vertex -3.199065e+001  1.002364e+001  1.800000e+000
    endloop
  endfacet
  facet normal -6.913664e-001  7.225043e-001  0.000000e+000
    outer loop
      vertex -3.199065e+001  1.002364e+001  8.000000e-001
      vertex -3.199065e+001  1.002364e+001  1.800000e+000
      vertex -3.179519e+001  1.021067e+001  8.000000e-001
    endloop
  endfacet
  facet normal -6.913664e-001  7.225043e-001  0.000000e+000
    outer loop
      vertex -3.179519e+001  1.021067e+001  8.000000e-001
      vertex -3.199065e+001  1.002364e+001  1.800000e+000
      vertex -3.179519e+001  1.021067e+001  1.800000e+000
    endloop
  endfacet
  facet normal -6.698555e-001  7.424915e-001  0.000000e+000
    outer loop
      vertex -3.179519e+001  1.021067e+001  8.000000e-001
      vertex -3.179519e+001  1.021067e+001  1.800000e+000
      vertex -3.159432e+001  1.039189e+001  8.000000e-001
    endloop
  endfacet
  facet normal -6.698555e-001  7.424915e-001  0.000000e+000
    outer loop
      vertex -3.159432e+001  1.039189e+001  8.000000e-001
      vertex -3.179519e+001  1.021067e+001  1.800000e+000
      vertex -3.159432e+001  1.039189e+001  1.800000e+000
    endloop
  endfacet
  facet normal -6.477728e-001  7.618335e-001  0.000000e+000
    outer loop
      vertex -3.159432e+001  1.039189e+001  8.000000e-001
      vertex -3.159432e+001  1.039189e+001  1.800000e+000
      vertex -3.138822e+001  1.056713e+001  8.000000e-001
    endloop
  endfacet
  facet normal -6.477728e-001  7.618335e-001  0.000000e+000
    outer loop
      vertex -3.138822e+001  1.056713e+001  8.000000e-001
      vertex -3.159432e+001  1.039189e+001  1.800000e+000
      vertex -3.138822e+001  1.056713e+001  1.800000e+000
    endloop
  endfacet
  facet normal -6.251266e-001  7.805234e-001  0.000000e+000
    outer loop
      vertex -3.138822e+001  1.056713e+001  8.000000e-001
      vertex -3.138822e+001  1.056713e+001  1.800000e+000
      vertex -3.117706e+001  1.073625e+001  8.000000e-001
    endloop
  endfacet
  facet normal -6.251266e-001  7.805234e-001  0.000000e+000
    outer loop
      vertex -3.117706e+001  1.073625e+001  8.000000e-001
      vertex -3.138822e+001  1.056713e+001  1.800000e+000
      vertex -3.117706e+001  1.073625e+001  1.800000e+000
    endloop
  endfacet
  facet normal -6.019475e-001  7.985357e-001  0.000000e+000
    outer loop
      vertex -3.117706e+001  1.073625e+001  8.000000e-001
      vertex -3.117706e+001  1.073625e+001  1.800000e+000
      vertex -3.096103e+001  1.089910e+001  8.000000e-001
    endloop
  endfacet
  facet normal -6.019475e-001  7.985357e-001  0.000000e+000
    outer loop
      vertex -3.096103e+001  1.089910e+001  8.000000e-001
      vertex -3.117706e+001  1.073625e+001  1.800000e+000
      vertex -3.096103e+001  1.089910e+001  1.800000e+000
    endloop
  endfacet
  facet normal -5.782411e-001  8.158659e-001  0.000000e+000
    outer loop
      vertex -3.096103e+001  1.089910e+001  8.000000e-001
      vertex -3.096103e+001  1.089910e+001  1.800000e+000
      vertex -3.074031e+001  1.105553e+001  8.000000e-001
    endloop
  endfacet
  facet normal -5.782411e-001  8.158659e-001  0.000000e+000
    outer loop
      vertex -3.074031e+001  1.105553e+001  8.000000e-001
      vertex -3.096103e+001  1.089910e+001  1.800000e+000
      vertex -3.074031e+001  1.105553e+001  1.800000e+000
    endloop
  endfacet
  facet normal -5.540460e-001  8.324861e-001  0.000000e+000
    outer loop
      vertex -3.074031e+001  1.105553e+001  8.000000e-001
      vertex -3.074031e+001  1.105553e+001  1.800000e+000
      vertex -3.051510e+001  1.120542e+001  8.000000e-001
    endloop
  endfacet
  facet normal -5.540460e-001  8.324861e-001  0.000000e+000
    outer loop
      vertex -3.051510e+001  1.120542e+001  8.000000e-001
      vertex -3.074031e+001  1.105553e+001  1.800000e+000
      vertex -3.051510e+001  1.120542e+001  1.800000e+000
    endloop
  endfacet
  facet normal -5.293638e-001  8.483949e-001  0.000000e+000
    outer loop
      vertex -3.051510e+001  1.120542e+001  8.000000e-001
      vertex -3.051510e+001  1.120542e+001  1.800000e+000
      vertex -3.028558e+001  1.134863e+001  8.000000e-001
    endloop
  endfacet
  facet normal -5.293638e-001  8.483949e-001  0.000000e+000
    outer loop
      vertex -3.028558e+001  1.134863e+001  8.000000e-001
      vertex -3.051510e+001  1.120542e+001  1.800000e+000
      vertex -3.028558e+001  1.134863e+001  1.800000e+000
    endloop
  endfacet
  facet normal -5.042331e-001  8.635677e-001  0.000000e+000
    outer loop
      vertex -3.028558e+001  1.134863e+001  8.000000e-001
      vertex -3.028558e+001  1.134863e+001  1.800000e+000
      vertex -3.005195e+001  1.148504e+001  8.000000e-001
    endloop
  endfacet
  facet normal -5.042331e-001  8.635677e-001  0.000000e+000
    outer loop
      vertex -3.005195e+001  1.148504e+001  8.000000e-001
      vertex -3.028558e+001  1.134863e+001  1.800000e+000
      vertex -3.005195e+001  1.148504e+001  1.800000e+000
    endloop
  endfacet
  facet normal -4.786644e-001  8.779979e-001  0.000000e+000
    outer loop
      vertex -3.005195e+001  1.148504e+001  8.000000e-001
      vertex -3.005195e+001  1.148504e+001  1.800000e+000
      vertex -2.981443e+001  1.161453e+001  8.000000e-001
    endloop
  endfacet
  facet normal -4.786644e-001  8.779979e-001  0.000000e+000
    outer loop
      vertex -2.981443e+001  1.161453e+001  8.000000e-001
      vertex -3.005195e+001  1.148504e+001  1.800000e+000
      vertex -2.981443e+001  1.161453e+001  1.800000e+000
    endloop
  endfacet
  facet normal -4.526819e-001  8.916721e-001  0.000000e+000
    outer loop
      vertex -2.981443e+001  1.161453e+001  8.000000e-001
      vertex -2.981443e+001  1.161453e+001  1.800000e+000
      vertex -2.957320e+001  1.173700e+001  8.000000e-001
    endloop
  endfacet
  facet normal -4.526819e-001  8.916721e-001  0.000000e+000
    outer loop
      vertex -2.957320e+001  1.173700e+001  8.000000e-001
      vertex -2.981443e+001  1.161453e+001  1.800000e+000
      vertex -2.957320e+001  1.173700e+001  1.800000e+000
    endloop
  endfacet
  facet normal -4.263085e-001  9.045779e-001  0.000000e+000
    outer loop
      vertex -2.957320e+001  1.173700e+001  8.000000e-001
      vertex -2.957320e+001  1.173700e+001  1.800000e+000
      vertex -2.932848e+001  1.185233e+001  8.000000e-001
    endloop
  endfacet
  facet normal -4.263085e-001  9.045779e-001  0.000000e+000
    outer loop
      vertex -2.932848e+001  1.185233e+001  8.000000e-001
      vertex -2.957320e+001  1.173700e+001  1.800000e+000
      vertex -2.932848e+001  1.185233e+001  1.800000e+000
    endloop
  endfacet
  facet normal -3.995721e-001  9.167018e-001  0.000000e+000
    outer loop
      vertex -2.932848e+001  1.185233e+001  8.000000e-001
      vertex -2.932848e+001  1.185233e+001  1.800000e+000
      vertex -2.908049e+001  1.196043e+001  8.000000e-001
    endloop
  endfacet
  facet normal -3.995721e-001  9.167018e-001  0.000000e+000
    outer loop
      vertex -2.908049e+001  1.196043e+001  8.000000e-001
      vertex -2.932848e+001  1.185233e+001  1.800000e+000
      vertex -2.908049e+001  1.196043e+001  1.800000e+000
    endloop
  endfacet
  facet normal -3.724875e-001  9.280372e-001  0.000000e+000
    outer loop
      vertex -2.908049e+001  1.196043e+001  8.000000e-001
      vertex -2.908049e+001  1.196043e+001  1.800000e+000
      vertex -2.882942e+001  1.206120e+001  8.000000e-001
    endloop
  endfacet
  facet normal -3.724875e-001  9.280372e-001  0.000000e+000
    outer loop
      vertex -2.882942e+001  1.206120e+001  8.000000e-001
      vertex -2.908049e+001  1.196043e+001  1.800000e+000
      vertex -2.882942e+001  1.206120e+001  1.800000e+000
    endloop
  endfacet
  facet normal -3.450865e-001  9.385709e-001  0.000000e+000
    outer loop
      vertex -2.882942e+001  1.206120e+001  8.000000e-001
      vertex -2.882942e+001  1.206120e+001  1.800000e+000
      vertex -2.857551e+001  1.215455e+001  8.000000e-001
    endloop
  endfacet
  facet normal -3.450865e-001  9.385709e-001  0.000000e+000
    outer loop
      vertex -2.857551e+001  1.215455e+001  8.000000e-001
      vertex -2.882942e+001  1.206120e+001  1.800000e+000
      vertex -2.857551e+001  1.215455e+001  1.800000e+000
    endloop
  endfacet
  facet normal -3.173814e-001  9.482980e-001  0.000000e+000
    outer loop
      vertex -2.857551e+001  1.215455e+001  8.000000e-001
      vertex -2.857551e+001  1.215455e+001  1.800000e+000
      vertex -2.831896e+001  1.224042e+001  8.000000e-001
    endloop
  endfacet
  facet normal -3.173814e-001  9.482980e-001  0.000000e+000
    outer loop
      vertex -2.831896e+001  1.224042e+001  8.000000e-001
      vertex -2.857551e+001  1.215455e+001  1.800000e+000
      vertex -2.831896e+001  1.224042e+001  1.800000e+000
    endloop
  endfacet
  facet normal -2.894067e-001  9.572062e-001  0.000000e+000
    outer loop
      vertex -2.831896e+001  1.224042e+001  8.000000e-001
      vertex -2.831896e+001  1.224042e+001  1.800000e+000
      vertex -2.806001e+001  1.231871e+001  8.000000e-001
    endloop
  endfacet
  facet normal -2.894067e-001  9.572062e-001  0.000000e+000
    outer loop
      vertex -2.806001e+001  1.231871e+001  8.000000e-001
      vertex -2.831896e+001  1.224042e+001  1.800000e+000
      vertex -2.806001e+001  1.231871e+001  1.800000e+000
    endloop
  endfacet
  facet normal -2.611798e-001  9.652902e-001  0.000000e+000
    outer loop
      vertex -2.806001e+001  1.231871e+001  8.000000e-001
      vertex -2.806001e+001  1.231871e+001  1.800000e+000
      vertex -2.779886e+001  1.238937e+001  8.000000e-001
    endloop
  endfacet
  facet normal -2.611798e-001  9.652902e-001  0.000000e+000
    outer loop
      vertex -2.779886e+001  1.238937e+001  8.000000e-001
      vertex -2.806001e+001  1.231871e+001  1.800000e+000
      vertex -2.779886e+001  1.238937e+001  1.800000e+000
    endloop
  endfacet
  facet normal -2.327324e-001  9.725408e-001  0.000000e+000
    outer loop
      vertex -2.779886e+001  1.238937e+001  8.000000e-001
      vertex -2.779886e+001  1.238937e+001  1.800000e+000
      vertex -2.753576e+001  1.245233e+001  8.000000e-001
    endloop
  endfacet
  facet normal -2.327324e-001  9.725408e-001  0.000000e+000
    outer loop
      vertex -2.753576e+001  1.245233e+001  8.000000e-001
      vertex -2.779886e+001  1.238937e+001  1.800000e+000
      vertex -2.753576e+001  1.245233e+001  1.800000e+000
    endloop
  endfacet
  facet normal -2.040793e-001  9.789544e-001  0.000000e+000
    outer loop
      vertex -2.753576e+001  1.245233e+001  8.000000e-001
      vertex -2.753576e+001  1.245233e+001  1.800000e+000
      vertex -2.727092e+001  1.250754e+001  8.000000e-001
    endloop
  endfacet
  facet normal -2.040793e-001  9.789544e-001  0.000000e+000
    outer loop
      vertex -2.727092e+001  1.250754e+001  8.000000e-001
      vertex -2.753576e+001  1.245233e+001  1.800000e+000
      vertex -2.727092e+001  1.250754e+001  1.800000e+000
    endloop
  endfacet
  facet normal -1.752572e-001  9.845228e-001  0.000000e+000
    outer loop
      vertex -2.727092e+001  1.250754e+001  8.000000e-001
      vertex -2.727092e+001  1.250754e+001  1.800000e+000
      vertex -2.700458e+001  1.255495e+001  8.000000e-001
    endloop
  endfacet
  facet normal -1.752572e-001  9.845228e-001  0.000000e+000
    outer loop
      vertex -2.700458e+001  1.255495e+001  8.000000e-001
      vertex -2.727092e+001  1.250754e+001  1.800000e+000
      vertex -2.700458e+001  1.255495e+001  1.800000e+000
    endloop
  endfacet
  facet normal -1.462740e-001  9.892441e-001  0.000000e+000
    outer loop
      vertex -2.700458e+001  1.255495e+001  8.000000e-001
      vertex -2.700458e+001  1.255495e+001  1.800000e+000
      vertex -2.673695e+001  1.259452e+001  8.000000e-001
    endloop
  endfacet
  facet normal -1.462740e-001  9.892441e-001  0.000000e+000
    outer loop
      vertex -2.673695e+001  1.259452e+001  8.000000e-001
      vertex -2.700458e+001  1.255495e+001  1.800000e+000
      vertex -2.673695e+001  1.259452e+001  1.800000e+000
    endloop
  endfacet
  facet normal -1.171732e-001  9.931115e-001  0.000000e+000
    outer loop
      vertex -2.673695e+001  1.259452e+001  8.000000e-001
      vertex -2.673695e+001  1.259452e+001  1.800000e+000
      vertex -2.646828e+001  1.262622e+001  8.000000e-001
    endloop
  endfacet
  facet normal -1.171732e-001  9.931115e-001  0.000000e+000
    outer loop
      vertex -2.646828e+001  1.262622e+001  8.000000e-001
      vertex -2.673695e+001  1.259452e+001  1.800000e+000
      vertex -2.646828e+001  1.262622e+001  1.800000e+000
    endloop
  endfacet
  facet normal -8.797077e-002  9.961231e-001  0.000000e+000
    outer loop
      vertex -2.646828e+001  1.262622e+001  8.000000e-001
      vertex -2.646828e+001  1.262622e+001  1.800000e+000
      vertex -2.619880e+001  1.265002e+001  8.000000e-001
    endloop
  endfacet
  facet normal -8.797077e-002  9.961231e-001  0.000000e+000
    outer loop
      vertex -2.619880e+001  1.265002e+001  8.000000e-001
      vertex -2.646828e+001  1.262622e+001  1.800000e+000
      vertex -2.619880e+001  1.265002e+001  1.800000e+000
    endloop
  endfacet
  facet normal -5.868689e-002  9.982764e-001  0.000000e+000
    outer loop
      vertex -2.619880e+001  1.265002e+001  8.000000e-001
      vertex -2.619880e+001  1.265002e+001  1.800000e+000
      vertex -2.592873e+001  1.266590e+001  8.000000e-001
    endloop
  endfacet
  facet normal -5.868689e-002  9.982764e-001  0.000000e+000
    outer loop
      vertex -2.592873e+001  1.266590e+001  8.000000e-001
      vertex -2.619880e+001  1.265002e+001  1.800000e+000
      vertex -2.592873e+001  1.266590e+001  1.800000e+000
    endloop
  endfacet
  facet normal -2.935430e-002  9.995690e-001  0.000000e+000
    outer loop
      vertex -2.592873e+001  1.266590e+001  8.000000e-001
      vertex -2.592873e+001  1.266590e+001  1.800000e+000
      vertex -2.565832e+001  1.267384e+001  8.000000e-001
    endloop
  endfacet
  facet normal -2.935430e-002  9.995690e-001  0.000000e+000
    outer loop
      vertex -2.565832e+001  1.267384e+001  8.000000e-001
      vertex -2.592873e+001  1.266590e+001  1.800000e+000
      vertex -2.565832e+001  1.267384e+001  1.800000e+000
    endloop
  endfacet
  facet normal  0.000000e+000  1.000000e+000  0.000000e+000
    outer loop
      vertex -2.565832e+001  1.267384e+001  8.000000e-001
      vertex -2.565832e+001  1.267384e+001  1.800000e+000
      vertex -2.538779e+001  1.267384e+001  8.000000e-001
    endloop
  endfacet
  facet normal  0.000000e+000  1.000000e+000  -0.000000e+000
    outer loop
      vertex -2.538779e+001  1.267384e+001  8.000000e-001
      vertex -2.565832e+001  1.267384e+001  1.800000e+000
      vertex -2.538779e+001  1.267384e+001  1.800000e+000
    endloop
  endfacet
  facet normal  2.935409e-002  9.995691e-001  0.000000e+000
    outer loop
      vertex -2.538779e+001  1.267384e+001  8.000000e-001
      vertex -2.538779e+001  1.267384e+001  1.800000e+000
      vertex -2.511737e+001  1.266590e+001  8.000000e-001
    endloop
  endfacet
  facet normal  2.935409e-002  9.995691e-001  -0.000000e+000
    outer loop
      vertex -2.511737e+001  1.266590e+001  8.000000e-001
      vertex -2.538779e+001  1.267384e+001  1.800000e+000
      vertex -2.511737e+001  1.266590e+001  1.800000e+000
    endloop
  endfacet
  facet normal  5.868689e-002  9.982764e-001  0.000000e+000
    outer loop
      vertex -2.511737e+001  1.266590e+001  8.000000e-001
      vertex -2.511737e+001  1.266590e+001  1.800000e+000
      vertex -2.484730e+001  1.265002e+001  8.000000e-001
    endloop
  endfacet
  facet normal  5.868689e-002  9.982764e-001  -0.000000e+000
    outer loop
      vertex -2.484730e+001  1.265002e+001  8.000000e-001
      vertex -2.511737e+001  1.266590e+001  1.800000e+000
      vertex -2.484730e+001  1.265002e+001  1.800000e+000
    endloop
  endfacet
  facet normal  8.797077e-002  9.961231e-001  0.000000e+000
    outer loop
      vertex -2.484730e+001  1.265002e+001  8.000000e-001
      vertex -2.484730e+001  1.265002e+001  1.800000e+000
      vertex -2.457782e+001  1.262622e+001  8.000000e-001
    endloop
  endfacet
  facet normal  8.797077e-002  9.961231e-001  -0.000000e+000
    outer loop
      vertex -2.457782e+001  1.262622e+001  8.000000e-001
      vertex -2.484730e+001  1.265002e+001  1.800000e+000
      vertex -2.457782e+001  1.262622e+001  1.800000e+000
    endloop
  endfacet
  facet normal  1.171732e-001  9.931115e-001  0.000000e+000
    outer loop
      vertex -2.457782e+001  1.262622e+001  8.000000e-001
      vertex -2.457782e+001  1.262622e+001  1.800000e+000
      vertex -2.430915e+001  1.259452e+001  8.000000e-001
    endloop
  endfacet
  facet normal  1.171732e-001  9.931115e-001  -0.000000e+000
    outer loop
      vertex -2.430915e+001  1.259452e+001  8.000000e-001
      vertex -2.457782e+001  1.262622e+001  1.800000e+000
      vertex -2.430915e+001  1.259452e+001  1.800000e+000
    endloop
  endfacet
  facet normal  1.462740e-001  9.892441e-001  0.000000e+000
    outer loop
      vertex -2.430915e+001  1.259452e+001  8.000000e-001
      vertex -2.430915e+001  1.259452e+001  1.800000e+000
      vertex -2.404153e+001  1.255495e+001  8.000000e-001
    endloop
  endfacet
  facet normal  1.462740e-001  9.892441e-001  -0.000000e+000
    outer loop
      vertex -2.404153e+001  1.255495e+001  8.000000e-001
      vertex -2.430915e+001  1.259452e+001  1.800000e+000
      vertex -2.404153e+001  1.255495e+001  1.800000e+000
    endloop
  endfacet
  facet normal  1.752572e-001  9.845228e-001  0.000000e+000
    outer loop
      vertex -2.404153e+001  1.255495e+001  8.000000e-001
      vertex -2.404153e+001  1.255495e+001  1.800000e+000
      vertex -2.377518e+001  1.250754e+001  8.000000e-001
    endloop
  endfacet
  facet normal  1.752572e-001  9.845228e-001  -0.000000e+000
    outer loop
      vertex -2.377518e+001  1.250754e+001  8.000000e-001
      vertex -2.404153e+001  1.255495e+001  1.800000e+000
      vertex -2.377518e+001  1.250754e+001  1.800000e+000
    endloop
  endfacet
  facet normal  2.040793e-001  9.789544e-001  0.000000e+000
    outer loop
      vertex -2.377518e+001  1.250754e+001  8.000000e-001
      vertex -2.377518e+001  1.250754e+001  1.800000e+000
      vertex -2.351034e+001  1.245233e+001  8.000000e-001
    endloop
  endfacet
  facet normal  2.040793e-001  9.789544e-001  -0.000000e+000
    outer loop
      vertex -2.351034e+001  1.245233e+001  8.000000e-001
      vertex -2.377518e+001  1.250754e+001  1.800000e+000
      vertex -2.351034e+001  1.245233e+001  1.800000e+000
    endloop
  endfacet
  facet normal  2.327324e-001  9.725408e-001  0.000000e+000
    outer loop
      vertex -2.351034e+001  1.245233e+001  8.000000e-001
      vertex -2.351034e+001  1.245233e+001  1.800000e+000
      vertex -2.324724e+001  1.238937e+001  8.000000e-001
    endloop
  endfacet
  facet normal  2.327324e-001  9.725408e-001  -0.000000e+000
    outer loop
      vertex -2.324724e+001  1.238937e+001  8.000000e-001
      vertex -2.351034e+001  1.245233e+001  1.800000e+000
      vertex -2.324724e+001  1.238937e+001  1.800000e+000
    endloop
  endfacet
  facet normal  2.611798e-001  9.652902e-001  0.000000e+000
    outer loop
      vertex -2.324724e+001  1.238937e+001  8.000000e-001
      vertex -2.324724e+001  1.238937e+001  1.800000e+000
      vertex -2.298610e+001  1.231871e+001  8.000000e-001
    endloop
  endfacet
  facet normal  2.611798e-001  9.652902e-001  -0.000000e+000
    outer loop
      vertex -2.298610e+001  1.231871e+001  8.000000e-001
      vertex -2.324724e+001  1.238937e+001  1.800000e+000
      vertex -2.298610e+001  1.231871e+001  1.800000e+000
    endloop
  endfacet
  facet normal  2.894067e-001  9.572062e-001  0.000000e+000
    outer loop
      vertex -2.298610e+001  1.231871e+001  8.000000e-001
      vertex -2.298610e+001  1.231871e+001  1.800000e+000
      vertex -2.272714e+001  1.224042e+001  8.000000e-001
    endloop
  endfacet
  facet normal  2.894067e-001  9.572062e-001  -0.000000e+000
    outer loop
      vertex -2.272714e+001  1.224042e+001  8.000000e-001
      vertex -2.298610e+001  1.231871e+001  1.800000e+000
      vertex -2.272714e+001  1.224042e+001  1.800000e+000
    endloop
  endfacet
  facet normal  3.173814e-001  9.482980e-001  0.000000e+000
    outer loop
      vertex -2.272714e+001  1.224042e+001  8.000000e-001
      vertex -2.272714e+001  1.224042e+001  1.800000e+000
      vertex -2.247060e+001  1.215455e+001  8.000000e-001
    endloop
  endfacet
  facet normal  3.173814e-001  9.482980e-001  -0.000000e+000
    outer loop
      vertex -2.247060e+001  1.215455e+001  8.000000e-001
      vertex -2.272714e+001  1.224042e+001  1.800000e+000
      vertex -2.247060e+001  1.215455e+001  1.800000e+000
    endloop
  endfacet
  facet normal  3.450865e-001  9.385709e-001  0.000000e+000
    outer loop
      vertex -2.247060e+001  1.215455e+001  8.000000e-001
      vertex -2.247060e+001  1.215455e+001  1.800000e+000
      vertex -2.221668e+001  1.206120e+001  8.000000e-001
    endloop
  endfacet
  facet normal  3.450865e-001  9.385709e-001  -0.000000e+000
    outer loop
      vertex -2.221668e+001  1.206120e+001  8.000000e-001
      vertex -2.247060e+001  1.215455e+001  1.800000e+000
      vertex -2.221668e+001  1.206120e+001  1.800000e+000
    endloop
  endfacet
  facet normal  3.724875e-001  9.280372e-001  0.000000e+000
    outer loop
      vertex -2.221668e+001  1.206120e+001  8.000000e-001
      vertex -2.221668e+001  1.206120e+001  1.800000e+000
      vertex -2.196562e+001  1.196043e+001  8.000000e-001
    endloop
  endfacet
  facet normal  3.724875e-001  9.280372e-001  -0.000000e+000
    outer loop
      vertex -2.196562e+001  1.196043e+001  8.000000e-001
      vertex -2.221668e+001  1.206120e+001  1.800000e+000
      vertex -2.196562e+001  1.196043e+001  1.800000e+000
    endloop
  endfacet
  facet normal  3.995721e-001  9.167018e-001  0.000000e+000
    outer loop
      vertex -2.196562e+001  1.196043e+001  8.000000e-001
      vertex -2.196562e+001  1.196043e+001  1.800000e+000
      vertex -2.171762e+001  1.185233e+001  8.000000e-001
    endloop
  endfacet
  facet normal  3.995721e-001  9.167018e-001  -0.000000e+000
    outer loop
      vertex -2.171762e+001  1.185233e+001  8.000000e-001
      vertex -2.196562e+001  1.196043e+001  1.800000e+000
      vertex -2.171762e+001  1.185233e+001  1.800000e+000
    endloop
  endfacet
  facet normal  4.263112e-001  9.045766e-001  0.000000e+000
    outer loop
      vertex -2.171762e+001  1.185233e+001  8.000000e-001
      vertex -2.171762e+001  1.185233e+001  1.800000e+000
      vertex -2.147290e+001  1.173700e+001  8.000000e-001
    endloop
  endfacet
  facet normal  4.263112e-001  9.045766e-001  -0.000000e+000
    outer loop
      vertex -2.147290e+001  1.173700e+001  8.000000e-001
      vertex -2.171762e+001  1.185233e+001  1.800000e+000
      vertex -2.147290e+001  1.173700e+001  1.800000e+000
    endloop
  endfacet
  facet normal  4.526819e-001  8.916721e-001  0.000000e+000
    outer loop
      vertex -2.147290e+001  1.173700e+001  8.000000e-001
      vertex -2.147290e+001  1.173700e+001  1.800000e+000
      vertex -2.123168e+001  1.161453e+001  8.000000e-001
    endloop
  endfacet
  facet normal  4.526819e-001  8.916721e-001  -0.000000e+000
    outer loop
      vertex -2.123168e+001  1.161453e+001  8.000000e-001
      vertex -2.147290e+001  1.173700e+001  1.800000e+000
      vertex -2.123168e+001  1.161453e+001  1.800000e+000
    endloop
  endfacet
  facet normal  4.786614e-001  8.779995e-001  0.000000e+000
    outer loop
      vertex -2.123168e+001  1.161453e+001  8.000000e-001
      vertex -2.123168e+001  1.161453e+001  1.800000e+000
      vertex -2.099415e+001  1.148504e+001  8.000000e-001
    endloop
  endfacet
  facet normal  4.786614e-001  8.779995e-001  -0.000000e+000
    outer loop
      vertex -2.099415e+001  1.148504e+001  8.000000e-001
      vertex -2.123168e+001  1.161453e+001  1.800000e+000
      vertex -2.099415e+001  1.148504e+001  1.800000e+000
    endloop
  endfacet
  facet normal  5.042331e-001  8.635677e-001  0.000000e+000
    outer loop
      vertex -2.099415e+001  1.148504e+001  8.000000e-001
      vertex -2.099415e+001  1.148504e+001  1.800000e+000
      vertex -2.076053e+001  1.134863e+001  8.000000e-001
    endloop
  endfacet
  facet normal  5.042331e-001  8.635677e-001  -0.000000e+000
    outer loop
      vertex -2.076053e+001  1.134863e+001  8.000000e-001
      vertex -2.099415e+001  1.148504e+001  1.800000e+000
      vertex -2.076053e+001  1.134863e+001  1.800000e+000
    endloop
  endfacet
  facet normal  5.293638e-001  8.483949e-001  0.000000e+000
    outer loop
      vertex -2.076053e+001  1.134863e+001  8.000000e-001
      vertex -2.076053e+001  1.134863e+001  1.800000e+000
      vertex -2.053101e+001  1.120542e+001  8.000000e-001
    endloop
  endfacet
  facet normal  5.293638e-001  8.483949e-001  -0.000000e+000
    outer loop
      vertex -2.053101e+001  1.120542e+001  8.000000e-001
      vertex -2.076053e+001  1.134863e+001  1.800000e+000
      vertex -2.053101e+001  1.120542e+001  1.800000e+000
    endloop
  endfacet
  facet normal  5.540460e-001  8.324861e-001  0.000000e+000
    outer loop
      vertex -2.053101e+001  1.120542e+001  8.000000e-001
      vertex -2.053101e+001  1.120542e+001  1.800000e+000
      vertex -2.030579e+001  1.105553e+001  8.000000e-001
    endloop
  endfacet
  facet normal  5.540460e-001  8.324861e-001  -0.000000e+000
    outer loop
      vertex -2.030579e+001  1.105553e+001  8.000000e-001
      vertex -2.053101e+001  1.120542e+001  1.800000e+000
      vertex -2.030579e+001  1.105553e+001  1.800000e+000
    endloop
  endfacet
  facet normal  5.782411e-001  8.158659e-001  0.000000e+000
    outer loop
      vertex -2.030579e+001  1.105553e+001  8.000000e-001
      vertex -2.030579e+001  1.105553e+001  1.800000e+000
      vertex -2.008508e+001  1.089910e+001  8.000000e-001
    endloop
  endfacet
  facet normal  5.782411e-001  8.158659e-001  -0.000000e+000
    outer loop
      vertex -2.008508e+001  1.089910e+001  8.000000e-001
      vertex -2.030579e+001  1.105553e+001  1.800000e+000
      vertex -2.008508e+001  1.089910e+001  1.800000e+000
    endloop
  endfacet
  facet normal  6.019475e-001  7.985357e-001  0.000000e+000
    outer loop
      vertex -2.008508e+001  1.089910e+001  8.000000e-001
      vertex -2.008508e+001  1.089910e+001  1.800000e+000
      vertex -1.986905e+001  1.073625e+001  8.000000e-001
    endloop
  endfacet
  facet normal  6.019475e-001  7.985357e-001  -0.000000e+000
    outer loop
      vertex -1.986905e+001  1.073625e+001  8.000000e-001
      vertex -2.008508e+001  1.089910e+001  1.800000e+000
      vertex -1.986905e+001  1.073625e+001  1.800000e+000
    endloop
  endfacet
  facet normal  6.251266e-001  7.805234e-001  0.000000e+000
    outer loop
      vertex -1.986905e+001  1.073625e+001  8.000000e-001
      vertex -1.986905e+001  1.073625e+001  1.800000e+000
      vertex -1.965789e+001  1.056713e+001  8.000000e-001
    endloop
  endfacet
  facet normal  6.251266e-001  7.805234e-001  -0.000000e+000
    outer loop
      vertex -1.965789e+001  1.056713e+001  8.000000e-001
      vertex -1.986905e+001  1.073625e+001  1.800000e+000
      vertex -1.965789e+001  1.056713e+001  1.800000e+000
    endloop
  endfacet
  facet normal  6.477728e-001  7.618335e-001  0.000000e+000
    outer loop
      vertex -1.965789e+001  1.056713e+001  8.000000e-001
      vertex -1.965789e+001  1.056713e+001  1.800000e+000
      vertex -1.945179e+001  1.039189e+001  8.000000e-001
    endloop
  endfacet
  facet normal  6.477728e-001  7.618335e-001  -0.000000e+000
    outer loop
      vertex -1.945179e+001  1.039189e+001  8.000000e-001
      vertex -1.965789e+001  1.056713e+001  1.800000e+000
      vertex -1.945179e+001  1.039189e+001  1.800000e+000
    endloop
  endfacet
  facet normal  6.698590e-001  7.424883e-001  0.000000e+000
    outer loop
      vertex -1.945179e+001  1.039189e+001  8.000000e-001
      vertex -1.945179e+001  1.039189e+001  1.800000e+000
      vertex -1.925092e+001  1.021067e+001  8.000000e-001
    endloop
  endfacet
  facet normal  6.698590e-001  7.424883e-001  -0.000000e+000
    outer loop
      vertex -1.925092e+001  1.021067e+001  8.000000e-001
      vertex -1.945179e+001  1.039189e+001  1.800000e+000
      vertex -1.925092e+001  1.021067e+001  1.800000e+000
    endloop
  endfacet
  facet normal  6.913664e-001  7.225043e-001  0.000000e+000
    outer loop
      vertex -1.925092e+001  1.021067e+001  8.000000e-001
      vertex -1.925092e+001  1.021067e+001  1.800000e+000
      vertex -1.905546e+001  1.002364e+001  8.000000e-001
    endloop
  endfacet
  facet normal  6.913664e-001  7.225043e-001  -0.000000e+000
    outer loop
      vertex -1.905546e+001  1.002364e+001  8.000000e-001
      vertex -1.925092e+001  1.021067e+001  1.800000e+000
      vertex -1.905546e+001  1.002364e+001  1.800000e+000
    endloop
  endfacet
  facet normal  7.122768e-001  7.018986e-001  0.000000e+000
    outer loop
      vertex -1.905546e+001  1.002364e+001  8.000000e-001
      vertex -1.905546e+001  1.002364e+001  1.800000e+000
      vertex -1.886557e+001  9.830942e+000  8.000000e-001
    endloop
  endfacet
  facet normal  7.122768e-001  7.018986e-001  -0.000000e+000
    outer loop
      vertex -1.886557e+001  9.830942e+000  8.000000e-001
      vertex -1.905546e+001  1.002364e+001  1.800000e+000
      vertex -1.886557e+001  9.830942e+000  1.800000e+000
    endloop
  endfacet
  facet normal  7.325741e-001  6.806873e-001  0.000000e+000
    outer loop
      vertex -1.886557e+001  9.830942e+000  8.000000e-001
      vertex -1.886557e+001  9.830942e+000  1.800000e+000
      vertex -1.868143e+001  9.632756e+000  8.000000e-001
    endloop
  endfacet
  facet normal  7.325741e-001  6.806873e-001  -0.000000e+000
    outer loop
      vertex -1.868143e+001  9.632756e+000  8.000000e-001
      vertex -1.886557e+001  9.830942e+000  1.800000e+000
      vertex -1.868143e+001  9.632756e+000  1.800000e+000
    endloop
  endfacet
  facet normal  7.522447e-001  6.588838e-001  0.000000e+000
    outer loop
      vertex -1.868143e+001  9.632756e+000  8.000000e-001
      vertex -1.868143e+001  9.632756e+000  1.800000e+000
      vertex -1.850318e+001  9.429250e+000  8.000000e-001
    endloop
  endfacet
  facet normal  7.522447e-001  6.588838e-001  -0.000000e+000
    outer loop
      vertex -1.850318e+001  9.429250e+000  8.000000e-001
      vertex -1.868143e+001  9.632756e+000  1.800000e+000
      vertex -1.850318e+001  9.429250e+000  1.800000e+000
    endloop
  endfacet
  facet normal  7.712613e-001  6.365187e-001  0.000000e+000
    outer loop
      vertex -1.850318e+001  9.429250e+000  8.000000e-001
      vertex -1.850318e+001  9.429250e+000  1.800000e+000
      vertex -1.833098e+001  9.220598e+000  8.000000e-001
    endloop
  endfacet
  facet normal  7.712613e-001  6.365187e-001  -0.000000e+000
    outer loop
      vertex -1.833098e+001  9.220598e+000  8.000000e-001
      vertex -1.850318e+001  9.429250e+000  1.800000e+000
      vertex -1.833098e+001  9.220598e+000  1.800000e+000
    endloop
  endfacet
  facet normal  7.896165e-001  6.136006e-001  0.000000e+000
    outer loop
      vertex -1.833098e+001  9.220598e+000  8.000000e-001
      vertex -1.833098e+001  9.220598e+000  1.800000e+000
      vertex -1.816498e+001  9.006982e+000  8.000000e-001
    endloop
  endfacet
  facet normal  7.896165e-001  6.136006e-001  -0.000000e+000
    outer loop
      vertex -1.816498e+001  9.006982e+000  8.000000e-001
      vertex -1.833098e+001  9.220598e+000  1.800000e+000
      vertex -1.816498e+001  9.006982e+000  1.800000e+000
    endloop
  endfacet
  facet normal  8.072845e-001  5.901624e-001  0.000000e+000
    outer loop
      vertex -1.816498e+001  9.006982e+000  8.000000e-001
      vertex -1.816498e+001  9.006982e+000  1.800000e+000
      vertex -1.800532e+001  8.788585e+000  8.000000e-001
    endloop
  endfacet
  facet normal  8.072845e-001  5.901624e-001  -0.000000e+000
    outer loop
      vertex -1.800532e+001  8.788585e+000  8.000000e-001
      vertex -1.816498e+001  9.006982e+000  1.800000e+000
      vertex -1.800532e+001  8.788585e+000  1.800000e+000
    endloop
  endfacet
  facet normal  8.242679e-001  5.662001e-001  0.000000e+000
    outer loop
      vertex -1.800532e+001  8.788585e+000  8.000000e-001
      vertex -1.800532e+001  8.788585e+000  1.800000e+000
      vertex -1.785214e+001  8.565594e+000  8.000000e-001
    endloop
  endfacet
  facet normal  8.242679e-001  5.662001e-001  -0.000000e+000
    outer loop
      vertex -1.785214e+001  8.565594e+000  8.000000e-001
      vertex -1.800532e+001  8.788585e+000  1.800000e+000
      vertex -1.785214e+001  8.565594e+000  1.800000e+000
    endloop
  endfacet
  facet normal  8.405305e-001  5.417642e-001  0.000000e+000
    outer loop
      vertex -1.785214e+001  8.565594e+000  8.000000e-001
      vertex -1.785214e+001  8.565594e+000  1.800000e+000
      vertex -1.770558e+001  8.338203e+000  8.000000e-001
    endloop
  endfacet
  facet normal  8.405305e-001  5.417642e-001  -0.000000e+000
    outer loop
      vertex -1.770558e+001  8.338203e+000  8.000000e-001
      vertex -1.785214e+001  8.565594e+000  1.800000e+000
      vertex -1.770558e+001  8.338203e+000  1.800000e+000
    endloop
  endfacet
  facet normal  8.560707e-001  5.168588e-001  0.000000e+000
    outer loop
      vertex -1.770558e+001  8.338203e+000  8.000000e-001
      vertex -1.770558e+001  8.338203e+000  1.800000e+000
      vertex -1.756575e+001  8.106607e+000  8.000000e-001
    endloop
  endfacet
  facet normal  8.560707e-001  5.168588e-001  -0.000000e+000
    outer loop
      vertex -1.756575e+001  8.106607e+000  8.000000e-001
      vertex -1.770558e+001  8.338203e+000  1.800000e+000
      vertex -1.756575e+001  8.106607e+000  1.800000e+000
    endloop
  endfacet
  facet normal  8.708804e-001  4.914950e-001  0.000000e+000
    outer loop
      vertex -1.756575e+001  8.106607e+000  8.000000e-001
      vertex -1.756575e+001  8.106607e+000  1.800000e+000
      vertex -1.743279e+001  7.871006e+000  8.000000e-001
    endloop
  endfacet
  facet normal  8.708804e-001  4.914950e-001  -0.000000e+000
    outer loop
      vertex -1.743279e+001  7.871006e+000  8.000000e-001
      vertex -1.756575e+001  8.106607e+000  1.800000e+000
      vertex -1.743279e+001  7.871006e+000  1.800000e+000
    endloop
  endfacet
  facet normal  8.849297e-001  4.657248e-001  0.000000e+000
    outer loop
      vertex -1.743279e+001  7.871006e+000  8.000000e-001
      vertex -1.743279e+001  7.871006e+000  1.800000e+000
      vertex -1.730679e+001  7.631604e+000  8.000000e-001
    endloop
  endfacet
  facet normal  8.849297e-001  4.657248e-001  -0.000000e+000
    outer loop
      vertex -1.730679e+001  7.631604e+000  8.000000e-001
      vertex -1.743279e+001  7.871006e+000  1.800000e+000
      vertex -1.730679e+001  7.631604e+000  1.800000e+000
    endloop
  endfacet
  facet normal  8.982199e-001  4.395462e-001  0.000000e+000
    outer loop
      vertex -1.730679e+001  7.631604e+000  8.000000e-001
      vertex -1.730679e+001  7.631604e+000  1.800000e+000
      vertex -1.718788e+001  7.388606e+000  8.000000e-001
    endloop
  endfacet
  facet normal  8.982199e-001  4.395462e-001  -0.000000e+000
    outer loop
      vertex -1.718788e+001  7.388606e+000  8.000000e-001
      vertex -1.730679e+001  7.631604e+000  1.800000e+000
      vertex -1.718788e+001  7.388606e+000  1.800000e+000
    endloop
  endfacet
  facet normal  9.107391e-001  4.129819e-001  0.000000e+000
    outer loop
      vertex -1.718788e+001  7.388606e+000  8.000000e-001
      vertex -1.718788e+001  7.388606e+000  1.800000e+000
      vertex -1.707616e+001  7.142222e+000  8.000000e-001
    endloop
  endfacet
  facet normal  9.107391e-001  4.129819e-001  -0.000000e+000
    outer loop
      vertex -1.707616e+001  7.142222e+000  8.000000e-001
      vertex -1.718788e+001  7.388606e+000  1.800000e+000
      vertex -1.707616e+001  7.142222e+000  1.800000e+000
    endloop
  endfacet
  facet normal  9.224669e-001  3.860761e-001  0.000000e+000
    outer loop
      vertex -1.707616e+001  7.142222e+000  8.000000e-001
      vertex -1.707616e+001  7.142222e+000  1.800000e+000
      vertex -1.697171e+001  6.892664e+000  8.000000e-001
    endloop
  endfacet
  facet normal  9.224669e-001  3.860761e-001  -0.000000e+000
    outer loop
      vertex -1.697171e+001  6.892664e+000  8.000000e-001
      vertex -1.707616e+001  7.142222e+000  1.800000e+000
      vertex -1.697171e+001  6.892664e+000  1.800000e+000
    endloop
  endfacet
  facet normal  9.334064e-001  3.588212e-001  0.000000e+000
    outer loop
      vertex -1.697171e+001  6.892664e+000  8.000000e-001
      vertex -1.697171e+001  6.892664e+000  1.800000e+000
      vertex -1.687464e+001  6.640148e+000  8.000000e-001
    endloop
  endfacet
  facet normal  9.334064e-001  3.588212e-001  -0.000000e+000
    outer loop
      vertex -1.687464e+001  6.640148e+000  8.000000e-001
      vertex -1.697171e+001  6.892664e+000  1.800000e+000
      vertex -1.687464e+001  6.640148e+000  1.800000e+000
    endloop
  endfacet
  facet normal  9.435366e-001  3.312680e-001  0.000000e+000
    outer loop
      vertex -1.687464e+001  6.640148e+000  8.000000e-001
      vertex -1.687464e+001  6.640148e+000  1.800000e+000
      vertex -1.678502e+001  6.384891e+000  8.000000e-001
    endloop
  endfacet
  facet normal  9.435366e-001  3.312680e-001  -0.000000e+000
    outer loop
      vertex -1.678502e+001  6.384891e+000  8.000000e-001
      vertex -1.687464e+001  6.640148e+000  1.800000e+000
      vertex -1.678502e+001  6.384891e+000  1.800000e+000
    endloop
  endfacet
  facet normal  9.528551e-001  3.034260e-001  0.000000e+000
    outer loop
      vertex -1.678502e+001  6.384891e+000  8.000000e-001
      vertex -1.678502e+001  6.384891e+000  1.800000e+000
      vertex -1.670293e+001  6.127112e+000  8.000000e-001
    endloop
  endfacet
  facet normal  9.528551e-001  3.034260e-001  -0.000000e+000
    outer loop
      vertex -1.670293e+001  6.127112e+000  8.000000e-001
      vertex -1.678502e+001  6.384891e+000  1.800000e+000
      vertex -1.670293e+001  6.127112e+000  1.800000e+000
    endloop
  endfacet
  facet normal  9.613498e-001  2.753296e-001  0.000000e+000
    outer loop
      vertex -1.670293e+001  6.127112e+000  8.000000e-001
      vertex -1.670293e+001  6.127112e+000  1.800000e+000
      vertex -1.662845e+001  5.867035e+000  8.000000e-001
    endloop
  endfacet
  facet normal  9.613498e-001  2.753296e-001  -0.000000e+000
    outer loop
      vertex -1.662845e+001  5.867035e+000  8.000000e-001
      vertex -1.670293e+001  6.127112e+000  1.800000e+000
      vertex -1.662845e+001  5.867035e+000  1.800000e+000
    endloop
  endfacet
  facet normal  9.690203e-001  2.469810e-001  0.000000e+000
    outer loop
      vertex -1.662845e+001  5.867035e+000  8.000000e-001
      vertex -1.662845e+001  5.867035e+000  1.800000e+000
      vertex -1.656163e+001  5.604884e+000  8.000000e-001
    endloop
  endfacet
  facet normal  9.690203e-001  2.469810e-001  -0.000000e+000
    outer loop
      vertex -1.656163e+001  5.604884e+000  8.000000e-001
      vertex -1.662845e+001  5.867035e+000  1.800000e+000
      vertex -1.656163e+001  5.604884e+000  1.800000e+000
    endloop
  endfacet
  facet normal  9.758533e-001  2.184270e-001  0.000000e+000
    outer loop
      vertex -1.656163e+001  5.604884e+000  8.000000e-001
      vertex -1.656163e+001  5.604884e+000  1.800000e+000
      vertex -1.650254e+001  5.340884e+000  8.000000e-001
    endloop
  endfacet
  facet normal  9.758533e-001  2.184270e-001  -0.000000e+000
    outer loop
      vertex -1.650254e+001  5.340884e+000  8.000000e-001
      vertex -1.656163e+001  5.604884e+000  1.800000e+000
      vertex -1.650254e+001  5.340884e+000  1.800000e+000
    endloop
  endfacet
  facet normal  9.818442e-001  1.896894e-001  0.000000e+000
    outer loop
      vertex -1.650254e+001  5.340884e+000  8.000000e-001
      vertex -1.650254e+001  5.340884e+000  1.800000e+000
      vertex -1.645122e+001  5.075263e+000  8.000000e-001
    endloop
  endfacet
  facet normal  9.818442e-001  1.896894e-001  -0.000000e+000
    outer loop
      vertex -1.645122e+001  5.075263e+000  8.000000e-001
      vertex -1.650254e+001  5.340884e+000  1.800000e+000
      vertex -1.645122e+001  5.075263e+000  1.800000e+000
    endloop
  endfacet
  facet normal  9.869897e-001  1.607833e-001  0.000000e+000
    outer loop
      vertex -1.645122e+001  5.075263e+000  8.000000e-001
      vertex -1.645122e+001  5.075263e+000  1.800000e+000
      vertex -1.640772e+001  4.808250e+000  8.000000e-001
    endloop
  endfacet
  facet normal  9.869897e-001  1.607833e-001  -0.000000e+000
    outer loop
      vertex -1.640772e+001  4.808250e+000  8.000000e-001
      vertex -1.645122e+001  5.075263e+000  1.800000e+000
      vertex -1.640772e+001  4.808250e+000  1.800000e+000
    endloop
  endfacet
  facet normal  9.912848e-001  1.317358e-001  0.000000e+000
    outer loop
      vertex -1.640772e+001  4.808250e+000  8.000000e-001
      vertex -1.640772e+001  4.808250e+000  1.800000e+000
      vertex -1.637209e+001  4.540076e+000  8.000000e-001
    endloop
  endfacet
  facet normal  9.912848e-001  1.317358e-001  -0.000000e+000
    outer loop
      vertex -1.637209e+001  4.540076e+000  8.000000e-001
      vertex -1.640772e+001  4.808250e+000  1.800000e+000
      vertex -1.637209e+001  4.540076e+000  1.800000e+000
    endloop
  endfacet
  facet normal  9.947245e-001  1.025825e-001  0.000000e+000
    outer loop
      vertex -1.637209e+001  4.540076e+000  8.000000e-001
      vertex -1.637209e+001  4.540076e+000  1.800000e+000
      vertex -1.634433e+001  4.270970e+000  8.000000e-001
    endloop
  endfacet
  facet normal  9.947245e-001  1.025825e-001  -0.000000e+000
    outer loop
      vertex -1.634433e+001  4.270970e+000  8.000000e-001
      vertex -1.637209e+001  4.540076e+000  1.800000e+000
      vertex -1.634433e+001  4.270970e+000  1.800000e+000
    endloop
  endfacet
  facet normal  9.973071e-001  7.333773e-002  0.000000e+000
    outer loop
      vertex -1.634433e+001  4.270970e+000  8.000000e-001
      vertex -1.634433e+001  4.270970e+000  1.800000e+000
      vertex -1.632449e+001  4.001166e+000  8.000000e-001
    endloop
  endfacet
  facet normal  9.973071e-001  7.333773e-002  -0.000000e+000
    outer loop
      vertex -1.632449e+001  4.001166e+000  8.000000e-001
      vertex -1.634433e+001  4.270970e+000  1.800000e+000
      vertex -1.632449e+001  4.001166e+000  1.800000e+000
    endloop
  endfacet
  facet normal  9.990303e-001  4.402940e-002  0.000000e+000
    outer loop
      vertex -1.632449e+001  4.001166e+000  8.000000e-001
      vertex -1.632449e+001  4.001166e+000  1.800000e+000
      vertex -1.631258e+001  3.730896e+000  8.000000e-001
    endloop
  endfacet
  facet normal  9.990303e-001  4.402940e-002  -0.000000e+000
    outer loop
      vertex -1.631258e+001  3.730896e+000  8.000000e-001
      vertex -1.632449e+001  4.001166e+000  1.800000e+000
      vertex -1.631258e+001  3.730896e+000  1.800000e+000
    endloop
  endfacet
  facet normal  9.998923e-001  1.467883e-002  0.000000e+000
    outer loop
      vertex -1.631258e+001  3.730896e+000  8.000000e-001
      vertex -1.631258e+001  3.730896e+000  1.800000e+000
      vertex -1.630861e+001  3.460393e+000  8.000000e-001
    endloop
  endfacet
  facet normal  9.998923e-001  1.467883e-002  -0.000000e+000
    outer loop
      vertex -1.630861e+001  3.460393e+000  8.000000e-001
      vertex -1.631258e+001  3.730896e+000  1.800000e+000
      vertex -1.630861e+001  3.460393e+000  1.800000e+000
    endloop
  endfacet
  facet normal  0.000000e+000  0.000000e+000 -1.000000e+000
    outer loop
      vertex -1.630861e+001  3.460393e+000  8.000000e-001
      vertex -3.473352e+001  3.730896e+000  8.000000e-001
      vertex -1.631258e+001  3.730896e+000  8.000000e-001
    endloop
  endfacet
  facet normal  0.000000e+000  0.000000e+000 -9.999999e-001
    outer loop
      vertex -1.631258e+001  3.730896e+000  8.000000e-001
      vertex -3.473352e+001  3.730896e+000  8.000000e-001
      vertex -3.472161e+001  4.001166e+000  8.000000e-001
    endloop
  endfacet
  facet normal  0.000000e+000  0.000000e+000 -1.000000e+000
    outer loop
      vertex -1.631258e+001  3.730896e+000  8.000000e-001
      vertex -3.472161e+001  4.001166e+000  8.000000e-001
      vertex -1.632449e+001  4.001166e+000  8.000000e-001
    endloop
  endfacet
  facet normal  0.000000e+000  0.000000e+000 -1.000000e+000
    outer loop
      vertex -1.632449e+001  4.001166e+000  8.000000e-001
      vertex -3.472161e+001  4.001166e+000  8.000000e-001
      vertex -3.470177e+001  4.270970e+000  8.000000e-001
    endloop
  endfacet
  facet normal  0.000000e+000  0.000000e+000 -1.000000e+000
    outer loop
      vertex -1.632449e+001  4.001166e+000  8.000000e-001
      vertex -3.470177e+001  4.270970e+000  8.000000e-001
      vertex -1.634433e+001  4.270970e+000  8.000000e-001
    endloop
  endfacet
  facet normal  0.000000e+000  0.000000e+000 -1.000000e+000
    outer loop
      vertex -1.634433e+001  4.270970e+000  8.000000e-001
      vertex -3.470177e+001  4.270970e+000  8.000000e-001
      vertex -3.467402e+001  4.540076e+000  8.000000e-001
    endloop
  endfacet
  facet normal  0.000000e+000  0.000000e+000 -1.000000e+000
    outer loop
      vertex -1.634433e+001  4.270970e+000  8.000000e-001
      vertex -3.467402e+001  4.540076e+000  8.000000e-001
      vertex -1.637209e+001  4.540076e+000  8.000000e-001
    endloop
  endfacet
  facet normal  0.000000e+000  0.000000e+000 -1.000000e+000
    outer loop
      vertex -1.637209e+001  4.540076e+000  8.000000e-001
      vertex -3.467402e+001  4.540076e+000  8.000000e-001
      vertex -3.463838e+001  4.808250e+000  8.000000e-001
    endloop
  endfacet
  facet normal  0.000000e+000  0.000000e+000 -1.000000e+000
    outer loop
      vertex -1.637209e+001  4.540076e+000  8.000000e-001
      vertex -3.463838e+001  4.808250e+000  8.000000e-001
      vertex -1.640772e+001  4.808250e+000  8.000000e-001
    endloop
  endfacet
  facet normal  0.000000e+000  0.000000e+000 -1.000000e+000
    outer loop
      vertex -1.640772e+001  4.808250e+000  8.000000e-001
      vertex -3.463838e+001  4.808250e+000  8.000000e-001
      vertex -3.459488e+001  5.075263e+000  8.000000e-001
    endloop
  endfacet
  facet normal  0.000000e+000  0.000000e+000 -1.000000e+000
    outer loop
      vertex -1.640772e+001  4.808250e+000  8.000000e-001
      vertex -3.459488e+001  5.075263e+000  8.000000e-001
      vertex -1.645122e+001  5.075263e+000  8.000000e-001
    endloop
  endfacet
  facet normal  0.000000e+000  0.000000e+000 -1.000000e+000
    outer loop
      vertex -1.645122e+001  5.075263e+000  8.000000e-001
      vertex -3.459488e+001  5.075263e+000  8.000000e-001
      vertex -3.454357e+001  5.340884e+000  8.000000e-001
    endloop
  endfacet
  facet normal  0.000000e+000  0.000000e+000 -1.000000e+000
    outer loop
      vertex -1.645122e+001  5.075263e+000  8.000000e-001
      vertex -3.454357e+001  5.340884e+000  8.000000e-001
      vertex -1.650254e+001  5.340884e+000  8.000000e-001
    endloop
  endfacet
  facet normal  0.000000e+000  0.000000e+000 -1.000000e+000
    outer loop
      vertex -1.650254e+001  5.340884e+000  8.000000e-001
      vertex -3.454357e+001  5.340884e+000  8.000000e-001
      vertex -3.448447e+001  5.604884e+000  8.000000e-001
    endloop
  endfacet
  facet normal  0.000000e+000  0.000000e+000 -1.000000e+000
    outer loop
      vertex -1.650254e+001  5.340884e+000  8.000000e-001
      vertex -3.448447e+001  5.604884e+000  8.000000e-001
      vertex -1.656163e+001  5.604884e+000  8.000000e-001
    endloop
  endfacet
  facet normal  0.000000e+000  0.000000e+000 -1.000000e+000
    outer loop
      vertex -1.656163e+001  5.604884e+000  8.000000e-001
      vertex -3.448447e+001  5.604884e+000  8.000000e-001
      vertex -3.441766e+001  5.867035e+000  8.000000e-001
    endloop
  endfacet
  facet normal  0.000000e+000  0.000000e+000 -9.999999e-001
    outer loop
      vertex -1.656163e+001  5.604884e+000  8.000000e-001
      vertex -3.441766e+001  5.867035e+000  8.000000e-001
      vertex -1.662845e+001  5.867035e+000  8.000000e-001
    endloop
  endfacet
  facet normal  0.000000e+000  0.000000e+000 -9.999999e-001
    outer loop
      vertex -1.662845e+001  5.867035e+000  8.000000e-001
      vertex -3.441766e+001  5.867035e+000  8.000000e-001
      vertex -3.434317e+001  6.127112e+000  8.000000e-001
    endloop
  endfacet
  facet normal  0.000000e+000  0.000000e+000 -1.000000e+000
    outer loop
      vertex -1.662845e+001  5.867035e+000  8.000000e-001
      vertex -3.434317e+001  6.127112e+000  8.000000e-001
      vertex -1.670293e+001  6.127112e+000  8.000000e-001
    endloop
  endfacet
  facet normal  0.000000e+000  0.000000e+000 -1.000000e+000
    outer loop
      vertex -1.670293e+001  6.127112e+000  8.000000e-001
      vertex -3.434317e+001  6.127112e+000  8.000000e-001
      vertex -3.426109e+001  6.384891e+000  8.000000e-001
    endloop
  endfacet
  facet normal  0.000000e+000  0.000000e+000 -1.000000e+000
    outer loop
      vertex -1.670293e+001  6.127112e+000  8.000000e-001
      vertex -3.426109e+001  6.384891e+000  8.000000e-001
      vertex -1.678502e+001  6.384891e+000  8.000000e-001
    endloop
  endfacet
  facet normal  0.000000e+000  0.000000e+000 -1.000000e+000
    outer loop
      vertex -1.678502e+001  6.384891e+000  8.000000e-001
      vertex -3.426109e+001  6.384891e+000  8.000000e-001
      vertex -3.417147e+001  6.640148e+000  8.000000e-001
    endloop
  endfacet
  facet normal  0.000000e+000  0.000000e+000 -9.999999e-001
    outer loop
      vertex -1.678502e+001  6.384891e+000  8.000000e-001
      vertex -3.417147e+001  6.640148e+000  8.000000e-001
      vertex -1.687464e+001  6.640148e+000  8.000000e-001
    endloop
  endfacet
  facet normal  0.000000e+000  0.000000e+000 -9.999999e-001
    outer loop
      vertex -1.687464e+001  6.640148e+000  8.000000e-001
      vertex -3.417147e+001  6.640148e+000  8.000000e-001
      vertex -3.407439e+001  6.892664e+000  8.000000e-001
    endloop
  endfacet
  facet normal  0.000000e+000  0.000000e+000 -1.000000e+000
    outer loop
      vertex -1.687464e+001  6.640148e+000  8.000000e-001
      vertex -3.407439e+001  6.892664e+000  8.000000e-001
      vertex -1.697171e+001  6.892664e+000  8.000000e-001
    endloop
  endfacet
  facet normal  0.000000e+000  0.000000e+000 -1.000000e+000
    outer loop
      vertex -1.697171e+001  6.892664e+000  8.000000e-001
      vertex -3.407439e+001  6.892664e+000  8.000000e-001
      vertex -3.396995e+001  7.142222e+000  8.000000e-001
    endloop
  endfacet
  facet normal  0.000000e+000  0.000000e+000 -1.000000e+000
    outer loop
      vertex -1.697171e+001  6.892664e+000  8.000000e-001
      vertex -3.396995e+001  7.142222e+000  8.000000e-001
      vertex -1.707616e+001  7.142222e+000  8.000000e-001
    endloop
  endfacet
  facet normal  0.000000e+000  0.000000e+000 -1.000000e+000
    outer loop
      vertex -1.707616e+001  7.142222e+000  8.000000e-001
      vertex -3.396995e+001  7.142222e+000  8.000000e-001
      vertex -3.385822e+001  7.388606e+000  8.000000e-001
    endloop
  endfacet
  facet normal  0.000000e+000  0.000000e+000 -1.000000e+000
    outer loop
      vertex -1.707616e+001  7.142222e+000  8.000000e-001
      vertex -3.385822e+001  7.388606e+000  8.000000e-001
      vertex -1.718788e+001  7.388606e+000  8.000000e-001
    endloop
  endfacet
  facet normal  0.000000e+000  0.000000e+000 -1.000000e+000
    outer loop
      vertex -1.718788e+001  7.388606e+000  8.000000e-001
      vertex -3.385822e+001  7.388606e+000  8.000000e-001
      vertex -3.373931e+001  7.631604e+000  8.000000e-001
    endloop
  endfacet
  facet normal  0.000000e+000  0.000000e+000 -1.000000e+000
    outer loop
      vertex -1.718788e+001  7.388606e+000  8.000000e-001
      vertex -3.373931e+001  7.631604e+000  8.000000e-001
      vertex -1.730679e+001  7.631604e+000  8.000000e-001
    endloop
  endfacet
  facet normal  0.000000e+000  0.000000e+000 -1.000000e+000
    outer loop
      vertex -1.730679e+001  7.631604e+000  8.000000e-001
      vertex -3.373931e+001  7.631604e+000  8.000000e-001
      vertex -3.361332e+001  7.871006e+000  8.000000e-001
    endloop
  endfacet
  facet normal  0.000000e+000  0.000000e+000 -1.000000e+000
    outer loop
      vertex -1.730679e+001  7.631604e+000  8.000000e-001
      vertex -3.361332e+001  7.871006e+000  8.000000e-001
      vertex -1.743279e+001  7.871006e+000  8.000000e-001
    endloop
  endfacet
  facet normal  0.000000e+000  0.000000e+000 -9.999999e-001
    outer loop
      vertex -1.743279e+001  7.871006e+000  8.000000e-001
      vertex -3.361332e+001  7.871006e+000  8.000000e-001
      vertex -3.348035e+001  8.106607e+000  8.000000e-001
    endloop
  endfacet
  facet normal  0.000000e+000  0.000000e+000 -1.000000e+000
    outer loop
      vertex -1.743279e+001  7.871006e+000  8.000000e-001
      vertex -3.348035e+001  8.106607e+000  8.000000e-001
      vertex -1.756575e+001  8.106607e+000  8.000000e-001
    endloop
  endfacet
  facet normal  0.000000e+000  0.000000e+000 -1.000000e+000
    outer loop
      vertex -1.756575e+001  8.106607e+000  8.000000e-001
      vertex -3.348035e+001  8.106607e+000  8.000000e-001
      vertex -3.334053e+001  8.338203e+000  8.000000e-001
    endloop
  endfacet
  facet normal  0.000000e+000  0.000000e+000 -9.999999e-001
    outer loop
      vertex -1.756575e+001  8.106607e+000  8.000000e-001
      vertex -3.334053e+001  8.338203e+000  8.000000e-001
      vertex -1.770558e+001  8.338203e+000  8.000000e-001
    endloop
  endfacet
  facet normal  0.000000e+000  0.000000e+000 -1.000000e+000
    outer loop
      vertex -1.770558e+001  8.338203e+000  8.000000e-001
      vertex -3.334053e+001  8.338203e+000  8.000000e-001
      vertex -3.319396e+001  8.565594e+000  8.000000e-001
    endloop
  endfacet
  facet normal  0.000000e+000  0.000000e+000 -1.000000e+000
    outer loop
      vertex -1.770558e+001  8.338203e+000  8.000000e-001
      vertex -3.319396e+001  8.565594e+000  8.000000e-001
      vertex -1.785214e+001  8.565594e+000  8.000000e-001
    endloop
  endfacet
  facet normal  0.000000e+000  0.000000e+000 -1.000000e+000
    outer loop
      vertex -1.785214e+001  8.565594e+000  8.000000e-001
      vertex -3.319396e+001  8.565594e+000  8.000000e-001
      vertex -3.304078e+001  8.788585e+000  8.000000e-001
    endloop
  endfacet
  facet normal  0.000000e+000  0.000000e+000 -9.999999e-001
    outer loop
      vertex -1.785214e+001  8.565594e+000  8.000000e-001
      vertex -3.304078e+001  8.788585e+000  8.000000e-001
      vertex -1.800532e+001  8.788585e+000  8.000000e-001
    endloop
  endfacet
  facet normal  0.000000e+000  0.000000e+000 -1.000000e+000
    outer loop
      vertex -1.800532e+001  8.788585e+000  8.000000e-001
      vertex -3.304078e+001  8.788585e+000  8.000000e-001
      vertex -3.288113e+001  9.006982e+000  8.000000e-001
    endloop
  endfacet
  facet normal  0.000000e+000  0.000000e+000 -1.000000e+000
    outer loop
      vertex -1.800532e+001  8.788585e+000  8.000000e-001
      vertex -3.288113e+001  9.006982e+000  8.000000e-001
      vertex -1.816498e+001  9.006982e+000  8.000000e-001
    endloop
  endfacet
  facet normal  0.000000e+000  0.000000e+000 -9.999999e-001
    outer loop
      vertex -1.816498e+001  9.006982e+000  8.000000e-001
      vertex -3.288113e+001  9.006982e+000  8.000000e-001
      vertex -3.271513e+001  9.220598e+000  8.000000e-001
    endloop
  endfacet
  facet normal  0.000000e+000  0.000000e+000 -1.000000e+000
    outer loop
      vertex -1.816498e+001  9.006982e+000  8.000000e-001
      vertex -3.271513e+001  9.220598e+000  8.000000e-001
      vertex -1.833098e+001  9.220598e+000  8.000000e-001
    endloop
  endfacet
  facet normal  0.000000e+000  0.000000e+000 -1.000000e+000
    outer loop
      vertex -1.833098e+001  9.220598e+000  8.000000e-001
      vertex -3.271513e+001  9.220598e+000  8.000000e-001
      vertex -3.254293e+001  9.429250e+000  8.000000e-001
    endloop
  endfacet
  facet normal  0.000000e+000  0.000000e+000 -1.000000e+000
    outer loop
      vertex -1.833098e+001  9.220598e+000  8.000000e-001
      vertex -3.254293e+001  9.429250e+000  8.000000e-001
      vertex -1.850318e+001  9.429250e+000  8.000000e-001
    endloop
  endfacet
  facet normal  0.000000e+000  0.000000e+000 -1.000000e+000
    outer loop
      vertex -1.850318e+001  9.429250e+000  8.000000e-001
      vertex -3.254293e+001  9.429250e+000  8.000000e-001
      vertex -3.236468e+001  9.632756e+000  8.000000e-001
    endloop
  endfacet
  facet normal  0.000000e+000  0.000000e+000 -1.000000e+000
    outer loop
      vertex -1.850318e+001  9.429250e+000  8.000000e-001
      vertex -3.236468e+001  9.632756e+000  8.000000e-001
      vertex -1.868143e+001  9.632756e+000  8.000000e-001
    endloop
  endfacet
  facet normal  0.000000e+000  0.000000e+000 -1.000000e+000
    outer loop
      vertex -1.868143e+001  9.632756e+000  8.000000e-001
      vertex -3.236468e+001  9.632756e+000  8.000000e-001
      vertex -3.218053e+001  9.830942e+000  8.000000e-001
    endloop
  endfacet
  facet normal  0.000000e+000  0.000000e+000 -9.999999e-001
    outer loop
      vertex -1.868143e+001  9.632756e+000  8.000000e-001
      vertex -3.218053e+001  9.830942e+000  8.000000e-001
      vertex -1.886557e+001  9.830942e+000  8.000000e-001
    endloop
  endfacet
  facet normal  0.000000e+000  0.000000e+000 -1.000000e+000
    outer loop
      vertex -1.886557e+001  9.830942e+000  8.000000e-001
      vertex -3.218053e+001  9.830942e+000  8.000000e-001
      vertex -3.199065e+001  1.002364e+001  8.000000e-001
    endloop
  endfacet
  facet normal  0.000000e+000  0.000000e+000 -1.000000e+000
    outer loop
      vertex -1.886557e+001  9.830942e+000  8.000000e-001
      vertex -3.199065e+001  1.002364e+001  8.000000e-001
      vertex -1.905546e+001  1.002364e+001  8.000000e-001
    endloop
  endfacet
  facet normal  0.000000e+000  0.000000e+000 -1.000000e+000
    outer loop
      vertex -1.905546e+001  1.002364e+001  8.000000e-001
      vertex -3.199065e+001  1.002364e+001  8.000000e-001
      vertex -3.179519e+001  1.021067e+001  8.000000e-001
    endloop
  endfacet
  facet normal  0.000000e+000  0.000000e+000 -1.000000e+000
    outer loop
      vertex -1.905546e+001  1.002364e+001  8.000000e-001
      vertex -3.179519e+001  1.021067e+001  8.000000e-001
      vertex -1.925092e+001  1.021067e+001  8.000000e-001
    endloop
  endfacet
  facet normal  0.000000e+000  0.000000e+000 -1.000000e+000
    outer loop
      vertex -1.925092e+001  1.021067e+001  8.000000e-001
      vertex -3.179519e+001  1.021067e+001  8.000000e-001
      vertex -3.159432e+001  1.039189e+001  8.000000e-001
    endloop
  endfacet
  facet normal  0.000000e+000  0.000000e+000 -1.000000e+000
    outer loop
      vertex -1.925092e+001  1.021067e+001  8.000000e-001
      vertex -3.159432e+001  1.039189e+001  8.000000e-001
      vertex -1.945179e+001  1.039189e+001  8.000000e-001
    endloop
  endfacet
  facet normal  0.000000e+000  0.000000e+000 -1.000000e+000
    outer loop
      vertex -1.945179e+001  1.039189e+001  8.000000e-001
      vertex -3.159432e+001  1.039189e+001  8.000000e-001
      vertex -3.138822e+001  1.056713e+001  8.000000e-001
    endloop
  endfacet
  facet normal  0.000000e+000  0.000000e+000 -1.000000e+000
    outer loop
      vertex -1.945179e+001  1.039189e+001  8.000000e-001
      vertex -3.138822e+001  1.056713e+001  8.000000e-001
      vertex -1.965789e+001  1.056713e+001  8.000000e-001
    endloop
  endfacet
  facet normal  0.000000e+000  0.000000e+000 -1.000000e+000
    outer loop
      vertex -1.965789e+001  1.056713e+001  8.000000e-001
      vertex -3.138822e+001  1.056713e+001  8.000000e-001
      vertex -3.117706e+001  1.073625e+001  8.000000e-001
    endloop
  endfacet
  facet normal  0.000000e+000  0.000000e+000 -1.000000e+000
    outer loop
      vertex -1.965789e+001  1.056713e+001  8.000000e-001
      vertex -3.117706e+001  1.073625e+001  8.000000e-001
      vertex -1.986905e+001  1.073625e+001  8.000000e-001
    endloop
  endfacet
  facet normal  0.000000e+000  0.000000e+000 -1.000000e+000
    outer loop
      vertex -1.986905e+001  1.073625e+001  8.000000e-001
      vertex -3.117706e+001  1.073625e+001  8.000000e-001
      vertex -3.096103e+001  1.089910e+001  8.000000e-001
    endloop
  endfacet
  facet normal  0.000000e+000  0.000000e+000 -9.999999e-001
    outer loop
      vertex -1.986905e+001  1.073625e+001  8.000000e-001
      vertex -3.096103e+001  1.089910e+001  8.000000e-001
      vertex -2.008508e+001  1.089910e+001  8.000000e-001
    endloop
  endfacet
  facet normal  0.000000e+000  0.000000e+000 -1.000000e+000
    outer loop
      vertex -2.008508e+001  1.089910e+001  8.000000e-001
      vertex -3.096103e+001  1.089910e+001  8.000000e-001
      vertex -3.074031e+001  1.105553e+001  8.000000e-001
    endloop
  endfacet
  facet normal  0.000000e+000  0.000000e+000 -9.999999e-001
    outer loop
      vertex -2.008508e+001  1.089910e+001  8.000000e-001
      vertex -3.074031e+001  1.105553e+001  8.000000e-001
      vertex -2.030579e+001  1.105553e+001  8.000000e-001
    endloop
  endfacet
  facet normal  0.000000e+000  0.000000e+000 -1.000000e+000
    outer loop
      vertex -2.030579e+001  1.105553e+001  8.000000e-001
      vertex -3.074031e+001  1.105553e+001  8.000000e-001
      vertex -3.051510e+001  1.120542e+001  8.000000e-001
    endloop
  endfacet
  facet normal  0.000000e+000  0.000000e+000 -1.000000e+000
    outer loop
      vertex -2.030579e+001  1.105553e+001  8.000000e-001
      vertex -3.051510e+001  1.120542e+001  8.000000e-001
      vertex -2.053101e+001  1.120542e+001  8.000000e-001
    endloop
  endfacet
  facet normal  0.000000e+000  0.000000e+000 -1.000000e+000
    outer loop
      vertex -2.053101e+001  1.120542e+001  8.000000e-001
      vertex -3.051510e+001  1.120542e+001  8.000000e-001
      vertex -3.028558e+001  1.134863e+001  8.000000e-001
    endloop
  endfacet
  facet normal  0.000000e+000  0.000000e+000 -1.000000e+000
    outer loop
      vertex -2.053101e+001  1.120542e+001  8.000000e-001
      vertex -3.028558e+001  1.134863e+001  8.000000e-001
      vertex -2.076053e+001  1.134863e+001  8.000000e-001
    endloop
  endfacet
  facet normal  0.000000e+000  0.000000e+000 -1.000000e+000
    outer loop
      vertex -2.076053e+001  1.134863e+001  8.000000e-001
      vertex -3.028558e+001  1.134863e+001  8.000000e-001
      vertex -3.005195e+001  1.148504e+001  8.000000e-001
    endloop
  endfacet
  facet normal  0.000000e+000  0.000000e+000 -1.000000e+000
    outer loop
      vertex -2.076053e+001  1.134863e+001  8.000000e-001
      vertex -3.005195e+001  1.148504e+001  8.000000e-001
      vertex -2.099415e+001  1.148504e+001  8.000000e-001
    endloop
  endfacet
  facet normal  0.000000e+000  0.000000e+000 -9.999999e-001
    outer loop
      vertex -2.099415e+001  1.148504e+001  8.000000e-001
      vertex -3.005195e+001  1.148504e+001  8.000000e-001
      vertex -2.981443e+001  1.161453e+001  8.000000e-001
    endloop
  endfacet
  facet normal  0.000000e+000  0.000000e+000 -1.000000e+000
    outer loop
      vertex -2.099415e+001  1.148504e+001  8.000000e-001
      vertex -2.981443e+001  1.161453e+001  8.000000e-001
      vertex -2.123168e+001  1.161453e+001  8.000000e-001
    endloop
  endfacet
  facet normal  0.000000e+000  0.000000e+000 -1.000000e+000
    outer loop
      vertex -2.123168e+001  1.161453e+001  8.000000e-001
      vertex -2.981443e+001  1.161453e+001  8.000000e-001
      vertex -2.957320e+001  1.173700e+001  8.000000e-001
    endloop
  endfacet
  facet normal  0.000000e+000  0.000000e+000 -1.000000e+000
    outer loop
      vertex -2.123168e+001  1.161453e+001  8.000000e-001
      vertex -2.957320e+001  1.173700e+001  8.000000e-001
      vertex -2.147290e+001  1.173700e+001  8.000000e-001
    endloop
  endfacet
  facet normal  0.000000e+000  0.000000e+000 -9.999999e-001
    outer loop
      vertex -2.147290e+001  1.173700e+001  8.000000e-001
      vertex -2.957320e+001  1.173700e+001  8.000000e-001
      vertex -2.932848e+001  1.185233e+001  8.000000e-001
    endloop
  endfacet
  facet normal  0.000000e+000  0.000000e+000 -9.999999e-001
    outer loop
      vertex -2.147290e+001  1.173700e+001  8.000000e-001
      vertex -2.932848e+001  1.185233e+001  8.000000e-001
      vertex -2.171762e+001  1.185233e+001  8.000000e-001
    endloop
  endfacet
  facet normal  0.000000e+000  0.000000e+000 -9.999999e-001
    outer loop
      vertex -2.171762e+001  1.185233e+001  8.000000e-001
      vertex -2.932848e+001  1.185233e+001  8.000000e-001
      vertex -2.908049e+001  1.196043e+001  8.000000e-001
    endloop
  endfacet
  facet normal  0.000000e+000  0.000000e+000 -1.000000e+000
    outer loop
      vertex -2.171762e+001  1.185233e+001  8.000000e-001
      vertex -2.908049e+001  1.196043e+001  8.000000e-001
      vertex -2.196562e+001  1.196043e+001  8.000000e-001
    endloop
  endfacet
  facet normal  0.000000e+000  0.000000e+000 -1.000000e+000
    outer loop
      vertex -2.196562e+001  1.196043e+001  8.000000e-001
      vertex -2.908049e+001  1.196043e+001  8.000000e-001
      vertex -2.882942e+001  1.206120e+001  8.000000e-001
    endloop
  endfacet
  facet normal  0.000000e+000  0.000000e+000 -1.000000e+000
    outer loop
      vertex -2.196562e+001  1.196043e+001  8.000000e-001
      vertex -2.882942e+001  1.206120e+001  8.000000e-001
      vertex -2.221668e+001  1.206120e+001  8.000000e-001
    endloop
  endfacet
  facet normal  0.000000e+000  0.000000e+000 -1.000000e+000
    outer loop
      vertex -2.221668e+001  1.206120e+001  8.000000e-001
      vertex -2.882942e+001  1.206120e+001  8.000000e-001
      vertex -2.857551e+001  1.215455e+001  8.000000e-001
    endloop
  endfacet
  facet normal  0.000000e+000  0.000000e+000 -1.000000e+000
    outer loop
      vertex -2.221668e+001  1.206120e+001  8.000000e-001
      vertex -2.857551e+001  1.215455e+001  8.000000e-001
      vertex -2.247060e+001  1.215455e+001  8.000000e-001
    endloop
  endfacet
  facet normal  0.000000e+000  0.000000e+000 -1.000000e+000
    outer loop
      vertex -2.247060e+001  1.215455e+001  8.000000e-001
      vertex -2.857551e+001  1.215455e+001  8.000000e-001
      vertex -2.831896e+001  1.224042e+001  8.000000e-001
    endloop
  endfacet
  facet normal  0.000000e+000  0.000000e+000 -1.000000e+000
    outer loop
      vertex -2.247060e+001  1.215455e+001  8.000000e-001
      vertex -2.831896e+001  1.224042e+001  8.000000e-001
      vertex -2.272714e+001  1.224042e+001  8.000000e-001
    endloop
  endfacet
  facet normal  0.000000e+000  0.000000e+000 -1.000000e+000
    outer loop
      vertex -2.272714e+001  1.224042e+001  8.000000e-001
      vertex -2.831896e+001  1.224042e+001  8.000000e-001
      vertex -2.806001e+001  1.231871e+001  8.000000e-001
    endloop
  endfacet
  facet normal  0.000000e+000  0.000000e+000 -9.999999e-001
    outer loop
      vertex -2.272714e+001  1.224042e+001  8.000000e-001
      vertex -2.806001e+001  1.231871e+001  8.000000e-001
      vertex -2.298610e+001  1.231871e+001  8.000000e-001
    endloop
  endfacet
  facet normal  0.000000e+000  0.000000e+000 -1.000000e+000
    outer loop
      vertex -2.298610e+001  1.231871e+001  8.000000e-001
      vertex -2.806001e+001  1.231871e+001  8.000000e-001
      vertex -2.779886e+001  1.238937e+001  8.000000e-001
    endloop
  endfacet
  facet normal  0.000000e+000  0.000000e+000 -1.000000e+000
    outer loop
      vertex -2.298610e+001  1.231871e+001  8.000000e-001
      vertex -2.779886e+001  1.238937e+001  8.000000e-001
      vertex -2.324724e+001  1.238937e+001  8.000000e-001
    endloop
  endfacet
  facet normal  0.000000e+000  0.000000e+000 -1.000000e+000
    outer loop
      vertex -2.324724e+001  1.238937e+001  8.000000e-001
      vertex -2.779886e+001  1.238937e+001  8.000000e-001
      vertex -2.753576e+001  1.245233e+001  8.000000e-001
    endloop
  endfacet
  facet normal  0.000000e+000  0.000000e+000 -1.000000e+000
    outer loop
      vertex -2.324724e+001  1.238937e+001  8.000000e-001
      vertex -2.753576e+001  1.245233e+001  8.000000e-001
      vertex -2.351034e+001  1.245233e+001  8.000000e-001
    endloop
  endfacet
  facet normal  0.000000e+000  0.000000e+000 -1.000000e+000
    outer loop
      vertex -2.351034e+001  1.245233e+001  8.000000e-001
      vertex -2.753576e+001  1.245233e+001  8.000000e-001
      vertex -2.727092e+001  1.250754e+001  8.000000e-001
    endloop
  endfacet
  facet normal  0.000000e+000  0.000000e+000 -1.000000e+000
    outer loop
      vertex -2.351034e+001  1.245233e+001  8.000000e-001
      vertex -2.727092e+001  1.250754e+001  8.000000e-001
      vertex -2.377518e+001  1.250754e+001  8.000000e-001
    endloop
  endfacet
  facet normal  0.000000e+000  0.000000e+000 -1.000000e+000
    outer loop
      vertex -2.377518e+001  1.250754e+001  8.000000e-001
      vertex -2.727092e+001  1.250754e+001  8.000000e-001
      vertex -2.700458e+001  1.255495e+001  8.000000e-001
    endloop
  endfacet
  facet normal  0.000000e+000  0.000000e+000 -1.000000e+000
    outer loop
      vertex -2.377518e+001  1.250754e+001  8.000000e-001
      vertex -2.700458e+001  1.255495e+001  8.000000e-001
      vertex -2.404153e+001  1.255495e+001  8.000000e-001
    endloop
  endfacet
  facet normal  0.000000e+000  0.000000e+000 -1.000000e+000
    outer loop
      vertex -2.404153e+001  1.255495e+001  8.000000e-001
      vertex -2.700458e+001  1.255495e+001  8.000000e-001
      vertex -2.673695e+001  1.259452e+001  8.000000e-001
    endloop
  endfacet
  facet normal  0.000000e+000  0.000000e+000 -9.999999e-001
    outer loop
      vertex -2.404153e+001  1.255495e+001  8.000000e-001
      vertex -2.673695e+001  1.259452e+001  8.000000e-001
      vertex -2.430915e+001  1.259452e+001  8.000000e-001
    endloop
  endfacet
  facet normal  0.000000e+000  0.000000e+000 -1.000000e+000
    outer loop
      vertex -2.430915e+001  1.259452e+001  8.000000e-001
      vertex -2.673695e+001  1.259452e+001  8.000000e-001
      vertex -2.646828e+001  1.262622e+001  8.000000e-001
    endloop
  endfacet
  facet normal  0.000000e+000  0.000000e+000 -1.000000e+000
    outer loop
      vertex -2.430915e+001  1.259452e+001  8.000000e-001
      vertex -2.646828e+001  1.262622e+001  8.000000e-001
      vertex -2.457782e+001  1.262622e+001  8.000000e-001
    endloop
  endfacet
  facet normal  0.000000e+000  0.000000e+000 -1.000000e+000
    outer loop
      vertex -2.457782e+001  1.262622e+001  8.000000e-001
      vertex -2.646828e+001  1.262622e+001  8.000000e-001
      vertex -2.619880e+001  1.265002e+001  8.000000e-001
    endloop
  endfacet
  facet normal  0.000000e+000  0.000000e+000 -1.000000e+000
    outer loop
      vertex -2.457782e+001  1.262622e+001  8.000000e-001
      vertex -2.619880e+001  1.265002e+001  8.000000e-001
      vertex -2.484730e+001  1.265002e+001  8.000000e-001
    endloop
  endfacet
  facet normal  0.000000e+000  0.000000e+000 -1.000000e+000
    outer loop
      vertex -2.484730e+001  1.265002e+001  8.000000e-001
      vertex -2.619880e+001  1.265002e+001  8.000000e-001
      vertex -2.592873e+001  1.266590e+001  8.000000e-001
    endloop
  endfacet
  facet normal  0.000000e+000  0.000000e+000 -1.000000e+000
    outer loop
      vertex -2.484730e+001  1.265002e+001  8.000000e-001
      vertex -2.592873e+001  1.266590e+001  8.000000e-001
      vertex -2.511737e+001  1.266590e+001  8.000000e-001
    endloop
  endfacet
  facet normal  0.000000e+000  0.000000e+000 -1.000000e+000
    outer loop
      vertex -2.511737e+001  1.266590e+001  8.000000e-001
      vertex -2.592873e+001  1.266590e+001  8.000000e-001
      vertex -2.565832e+001  1.267384e+001  8.000000e-001
    endloop
  endfacet
  facet normal  0.000000e+000  0.000000e+000 -1.000000e+000
    outer loop
      vertex -2.511737e+001  1.266590e+001  8.000000e-001
      vertex -2.565832e+001  1.267384e+001  8.000000e-001
      vertex -2.538779e+001  1.267384e+001  8.000000e-001
    endloop
  endfacet
  facet normal  0.000000e+000  0.000000e+000 -1.000000e+000
    outer loop
      vertex -3.473352e+001  3.730896e+000  8.000000e-001
      vertex -1.630861e+001  3.460393e+000  8.000000e-001
      vertex -3.473749e+001  3.460393e+000  8.000000e-001
    endloop
  endfacet
  facet normal  0.000000e+000  0.000000e+000 -1.000000e+000
    outer loop
      vertex -3.473749e+001  3.460393e+000  8.000000e-001
      vertex -1.630861e+001  3.460393e+000  8.000000e-001
      vertex -1.631258e+001  3.189889e+000  8.000000e-001
    endloop
  endfacet
  facet normal  0.000000e+000  0.000000e+000 -1.000000e+000
    outer loop
      vertex -3.473749e+001  3.460393e+000  8.000000e-001
      vertex -1.631258e+001  3.189889e+000  8.000000e-001
      vertex -3.473352e+001  3.189889e+000  8.000000e-001
    endloop
  endfacet
  facet normal  0.000000e+000  0.000000e+000 -9.999999e-001
    outer loop
      vertex -3.473352e+001  3.189889e+000  8.000000e-001
      vertex -1.631258e+001  3.189889e+000  8.000000e-001
      vertex -1.632449e+001  2.919619e+000  8.000000e-001
    endloop
  endfacet
  facet normal  0.000000e+000  0.000000e+000 -1.000000e+000
    outer loop
      vertex -3.473352e+001  3.189889e+000  8.000000e-001
      vertex -1.632449e+001  2.919619e+000  8.000000e-001
      vertex -3.472161e+001  2.919619e+000  8.000000e-001
    endloop
  endfacet
  facet normal  0.000000e+000  0.000000e+000 -1.000000e+000
    outer loop
      vertex -3.472161e+001  2.919619e+000  8.000000e-001
      vertex -1.632449e+001  2.919619e+000  8.000000e-001
      vertex -1.634433e+001  2.649815e+000  8.000000e-001
    endloop
  endfacet
  facet normal  0.000000e+000  0.000000e+000 -1.000000e+000
    outer loop
      vertex -3.472161e+001  2.919619e+000  8.000000e-001
      vertex -1.634433e+001  2.649815e+000  8.000000e-001
      vertex -3.470177e+001  2.649815e+000  8.000000e-001
    endloop
  endfacet
  facet normal  0.000000e+000  0.000000e+000 -1.000000e+000
    outer loop
      vertex -3.470177e+001  2.649815e+000  8.000000e-001
      vertex -1.634433e+001  2.649815e+000  8.000000e-001
      vertex -1.637209e+001  2.380710e+000  8.000000e-001
    endloop
  endfacet
  facet normal  0.000000e+000  0.000000e+000 -1.000000e+000
    outer loop
      vertex -3.470177e+001  2.649815e+000  8.000000e-001
      vertex -1.637209e+001  2.380710e+000  8.000000e-001
      vertex -3.467402e+001  2.380710e+000  8.000000e-001
    endloop
  endfacet
  facet normal  0.000000e+000  0.000000e+000 -1.000000e+000
    outer loop
      vertex -3.467402e+001  2.380710e+000  8.000000e-001
      vertex -1.637209e+001  2.380710e+000  8.000000e-001
      vertex -1.640772e+001  2.112535e+000  8.000000e-001
    endloop
  endfacet
  facet normal  0.000000e+000  0.000000e+000 -1.000000e+000
    outer loop
      vertex -3.467402e+001  2.380710e+000  8.000000e-001
      vertex -1.640772e+001  2.112535e+000  8.000000e-001
      vertex -3.463838e+001  2.112535e+000  8.000000e-001
    endloop
  endfacet
  facet normal  0.000000e+000  0.000000e+000 -1.000000e+000
    outer loop
      vertex -3.463838e+001  2.112535e+000  8.000000e-001
      vertex -1.640772e+001  2.112535e+000  8.000000e-001
      vertex -1.645122e+001  1.845522e+000  8.000000e-001
    endloop
  endfacet
  facet normal  0.000000e+000  0.000000e+000 -1.000000e+000
    outer loop
      vertex -3.463838e+001  2.112535e+000  8.000000e-001
      vertex -1.645122e+001  1.845522e+000  8.000000e-001
      vertex -3.459488e+001  1.845522e+000  8.000000e-001
    endloop
  endfacet
  facet normal  0.000000e+000  0.000000e+000 -9.999999e-001
    outer loop
      vertex -3.459488e+001  1.845522e+000  8.000000e-001
      vertex -1.645122e+001  1.845522e+000  8.000000e-001
      vertex -1.650254e+001  1.579901e+000  8.000000e-001
    endloop
  endfacet
  facet normal  0.000000e+000  0.000000e+000 -1.000000e+000
    outer loop
      vertex -3.459488e+001  1.845522e+000  8.000000e-001
      vertex -1.650254e+001  1.579901e+000  8.000000e-001
      vertex -3.454357e+001  1.579901e+000  8.000000e-001
    endloop
  endfacet
  facet normal  0.000000e+000  0.000000e+000 -1.000000e+000
    outer loop
      vertex -3.454357e+001  1.579901e+000  8.000000e-001
      vertex -1.650254e+001  1.579901e+000  8.000000e-001
      vertex -1.656163e+001  1.315901e+000  8.000000e-001
    endloop
  endfacet
  facet normal  0.000000e+000  0.000000e+000 -1.000000e+000
    outer loop
      vertex -3.454357e+001  1.579901e+000  8.000000e-001
      vertex -1.656163e+001  1.315901e+000  8.000000e-001
      vertex -3.448447e+001  1.315901e+000  8.000000e-001
    endloop
  endfacet
  facet normal  0.000000e+000  0.000000e+000 -1.000000e+000
    outer loop
      vertex -3.448447e+001  1.315901e+000  8.000000e-001
      vertex -1.656163e+001  1.315901e+000  8.000000e-001
      vertex -1.662845e+001  1.053750e+000  8.000000e-001
    endloop
  endfacet
  facet normal  0.000000e+000  0.000000e+000 -1.000000e+000
    outer loop
      vertex -3.448447e+001  1.315901e+000  8.000000e-001
      vertex -1.662845e+001  1.053750e+000  8.000000e-001
      vertex -3.441766e+001  1.053750e+000  8.000000e-001
    endloop
  endfacet
  facet normal  0.000000e+000  0.000000e+000 -9.999999e-001
    outer loop
      vertex -3.441766e+001  1.053750e+000  8.000000e-001
      vertex -1.662845e+001  1.053750e+000  8.000000e-001
      vertex -1.670293e+001  7.936732e-001  8.000000e-001
    endloop
  endfacet
  facet normal  0.000000e+000  0.000000e+000 -1.000000e+000
    outer loop
      vertex -3.441766e+001  1.053750e+000  8.000000e-001
      vertex -1.670293e+001  7.936732e-001  8.000000e-001
      vertex -3.434317e+001  7.936732e-001  8.000000e-001
    endloop
  endfacet
  facet normal  0.000000e+000  0.000000e+000 -1.000000e+000
    outer loop
      vertex -3.434317e+001  7.936732e-001  8.000000e-001
      vertex -1.670293e+001  7.936732e-001  8.000000e-001
      vertex -1.678502e+001  5.358950e-001  8.000000e-001
    endloop
  endfacet
  facet normal  0.000000e+000  0.000000e+000 -1.000000e+000
    outer loop
      vertex -3.434317e+001  7.936732e-001  8.000000e-001
      vertex -1.678502e+001  5.358950e-001  8.000000e-001
      vertex -3.426109e+001  5.358950e-001  8.000000e-001
    endloop
  endfacet
  facet normal  0.000000e+000  0.000000e+000 -1.000000e+000
    outer loop
      vertex -3.426109e+001  5.358950e-001  8.000000e-001
      vertex -1.678502e+001  5.358950e-001  8.000000e-001
      vertex -1.687464e+001  2.806377e-001  8.000000e-001
    endloop
  endfacet
  facet normal  0.000000e+000  0.000000e+000 -1.000000e+000
    outer loop
      vertex -3.426109e+001  5.358950e-001  8.000000e-001
      vertex -1.687464e+001  2.806377e-001  8.000000e-001
      vertex -3.417147e+001  2.806377e-001  8.000000e-001
    endloop
  endfacet
  facet normal  0.000000e+000  0.000000e+000 -1.000000e+000
    outer loop
      vertex -3.417147e+001  2.806377e-001  8.000000e-001
      vertex -1.687464e+001  2.806377e-001  8.000000e-001
      vertex -1.697171e+001  2.812127e-002  8.000000e-001
    endloop
  endfacet
  facet normal  0.000000e+000  0.000000e+000 -1.000000e+000
    outer loop
      vertex -3.417147e+001  2.806377e-001  8.000000e-001
      vertex -1.697171e+001  2.812127e-002  8.000000e-001
      vertex -3.407439e+001  2.812127e-002  8.000000e-001
    endloop
  endfacet
  facet normal  0.000000e+000  0.000000e+000 -1.000000e+000
    outer loop
      vertex -3.407439e+001  2.812127e-002  8.000000e-001
      vertex -1.697171e+001  2.812127e-002  8.000000e-001
      vertex -1.707616e+001 -2.214366e-001  8.000000e-001
    endloop
  endfacet
  facet normal  0.000000e+000  0.000000e+000 -1.000000e+000
    outer loop
      vertex -3.407439e+001  2.812127e-002  8.000000e-001
      vertex -1.707616e+001 -2.214366e-001  8.000000e-001
      vertex -3.396995e+001 -2.214366e-001  8.000000e-001
    endloop
  endfacet
  facet normal  0.000000e+000  0.000000e+000 -1.000000e+000
    outer loop
      vertex -3.396995e+001 -2.214366e-001  8.000000e-001
      vertex -1.707616e+001 -2.214366e-001  8.000000e-001
      vertex -1.718788e+001 -4.678207e-001  8.000000e-001
    endloop
  endfacet
  facet normal  0.000000e+000  0.000000e+000 -1.000000e+000
    outer loop
      vertex -3.396995e+001 -2.214366e-001  8.000000e-001
      vertex -1.718788e+001 -4.678207e-001  8.000000e-001
      vertex -3.385822e+001 -4.678207e-001  8.000000e-001
    endloop
  endfacet
  facet normal  0.000000e+000  0.000000e+000 -1.000000e+000
    outer loop
      vertex -3.385822e+001 -4.678207e-001  8.000000e-001
      vertex -1.718788e+001 -4.678207e-001  8.000000e-001
      vertex -1.730679e+001 -7.108188e-001  8.000000e-001
    endloop
  endfacet
  facet normal  0.000000e+000  0.000000e+000 -1.000000e+000
    outer loop
      vertex -3.385822e+001 -4.678207e-001  8.000000e-001
      vertex -1.730679e+001 -7.108188e-001  8.000000e-001
      vertex -3.373931e+001 -7.108188e-001  8.000000e-001
    endloop
  endfacet
  facet normal  0.000000e+000  0.000000e+000 -1.000000e+000
    outer loop
      vertex -3.373931e+001 -7.108188e-001  8.000000e-001
      vertex -1.730679e+001 -7.108188e-001  8.000000e-001
      vertex -1.743279e+001 -9.502213e-001  8.000000e-001
    endloop
  endfacet
  facet normal  0.000000e+000  0.000000e+000 -9.999999e-001
    outer loop
      vertex -3.373931e+001 -7.108188e-001  8.000000e-001
      vertex -1.743279e+001 -9.502213e-001  8.000000e-001
      vertex -3.361332e+001 -9.502213e-001  8.000000e-001
    endloop
  endfacet
  facet normal  0.000000e+000  0.000000e+000 -1.000000e+000
    outer loop
      vertex -3.361332e+001 -9.502213e-001  8.000000e-001
      vertex -1.743279e+001 -9.502213e-001  8.000000e-001
      vertex -1.756575e+001 -1.185822e+000  8.000000e-001
    endloop
  endfacet
  facet normal  0.000000e+000  0.000000e+000 -9.999999e-001
    outer loop
      vertex -3.361332e+001 -9.502213e-001  8.000000e-001
      vertex -1.756575e+001 -1.185822e+000  8.000000e-001
      vertex -3.348035e+001 -1.185822e+000  8.000000e-001
    endloop
  endfacet
  facet normal  0.000000e+000  0.000000e+000 -1.000000e+000
    outer loop
      vertex -3.348035e+001 -1.185822e+000  8.000000e-001
      vertex -1.756575e+001 -1.185822e+000  8.000000e-001
      vertex -1.770558e+001 -1.417418e+000  8.000000e-001
    endloop
  endfacet
  facet normal  0.000000e+000  0.000000e+000 -9.999999e-001
    outer loop
      vertex -3.348035e+001 -1.185822e+000  8.000000e-001
      vertex -1.770558e+001 -1.417418e+000  8.000000e-001
      vertex -3.334053e+001 -1.417418e+000  8.000000e-001
    endloop
  endfacet
  facet normal  0.000000e+000  0.000000e+000 -1.000000e+000
    outer loop
      vertex -3.334053e+001 -1.417418e+000  8.000000e-001
      vertex -1.770558e+001 -1.417418e+000  8.000000e-001
      vertex -1.785214e+001 -1.644809e+000  8.000000e-001
    endloop
  endfacet
  facet normal  0.000000e+000  0.000000e+000 -9.999999e-001
    outer loop
      vertex -3.334053e+001 -1.417418e+000  8.000000e-001
      vertex -1.785214e+001 -1.644809e+000  8.000000e-001
      vertex -3.319396e+001 -1.644809e+000  8.000000e-001
    endloop
  endfacet
  facet normal  0.000000e+000  0.000000e+000 -1.000000e+000
    outer loop
      vertex -3.319396e+001 -1.644809e+000  8.000000e-001
      vertex -1.785214e+001 -1.644809e+000  8.000000e-001
      vertex -1.800532e+001 -1.867799e+000  8.000000e-001
    endloop
  endfacet
  facet normal  0.000000e+000  0.000000e+000 -9.999999e-001
    outer loop
      vertex -3.319396e+001 -1.644809e+000  8.000000e-001
      vertex -1.800532e+001 -1.867799e+000  8.000000e-001
      vertex -3.304078e+001 -1.867799e+000  8.000000e-001
    endloop
  endfacet
  facet normal  0.000000e+000  0.000000e+000 -1.000000e+000
    outer loop
      vertex -3.304078e+001 -1.867799e+000  8.000000e-001
      vertex -1.800532e+001 -1.867799e+000  8.000000e-001
      vertex -1.816498e+001 -2.086197e+000  8.000000e-001
    endloop
  endfacet
  facet normal  0.000000e+000  0.000000e+000 -1.000000e+000
    outer loop
      vertex -3.304078e+001 -1.867799e+000  8.000000e-001
      vertex -1.816498e+001 -2.086197e+000  8.000000e-001
      vertex -3.288113e+001 -2.086197e+000  8.000000e-001
    endloop
  endfacet
  facet normal  0.000000e+000  0.000000e+000 -9.999999e-001
    outer loop
      vertex -3.288113e+001 -2.086197e+000  8.000000e-001
      vertex -1.816498e+001 -2.086197e+000  8.000000e-001
      vertex -1.833098e+001 -2.299813e+000  8.000000e-001
    endloop
  endfacet
  facet normal  0.000000e+000  0.000000e+000 -9.999999e-001
    outer loop
      vertex -3.288113e+001 -2.086197e+000  8.000000e-001
      vertex -1.833098e+001 -2.299813e+000  8.000000e-001
      vertex -3.271513e+001 -2.299813e+000  8.000000e-001
    endloop
  endfacet
  facet normal  0.000000e+000  0.000000e+000 -1.000000e+000
    outer loop
      vertex -3.271513e+001 -2.299813e+000  8.000000e-001
      vertex -1.833098e+001 -2.299813e+000  8.000000e-001
      vertex -1.850318e+001 -2.508464e+000  8.000000e-001
    endloop
  endfacet
  facet normal  0.000000e+000  0.000000e+000 -1.000000e+000
    outer loop
      vertex -3.271513e+001 -2.299813e+000  8.000000e-001
      vertex -1.850318e+001 -2.508464e+000  8.000000e-001
      vertex -3.254293e+001 -2.508464e+000  8.000000e-001
    endloop
  endfacet
  facet normal  0.000000e+000  0.000000e+000 -1.000000e+000
    outer loop
      vertex -3.254293e+001 -2.508464e+000  8.000000e-001
      vertex -1.850318e+001 -2.508464e+000  8.000000e-001
      vertex -1.868143e+001 -2.711971e+000  8.000000e-001
    endloop
  endfacet
  facet normal  0.000000e+000  0.000000e+000 -1.000000e+000
    outer loop
      vertex -3.254293e+001 -2.508464e+000  8.000000e-001
      vertex -1.868143e+001 -2.711971e+000  8.000000e-001
      vertex -3.236468e+001 -2.711971e+000  8.000000e-001
    endloop
  endfacet
  facet normal  0.000000e+000  0.000000e+000 -1.000000e+000
    outer loop
      vertex -3.236468e+001 -2.711971e+000  8.000000e-001
      vertex -1.868143e+001 -2.711971e+000  8.000000e-001
      vertex -1.886557e+001 -2.910156e+000  8.000000e-001
    endloop
  endfacet
  facet normal  0.000000e+000  0.000000e+000 -1.000000e+000
    outer loop
      vertex -3.236468e+001 -2.711971e+000  8.000000e-001
      vertex -1.886557e+001 -2.910156e+000  8.000000e-001
      vertex -3.218053e+001 -2.910156e+000  8.000000e-001
    endloop
  endfacet
  facet normal  0.000000e+000  0.000000e+000 -9.999999e-001
    outer loop
      vertex -3.218053e+001 -2.910156e+000  8.000000e-001
      vertex -1.886557e+001 -2.910156e+000  8.000000e-001
      vertex -1.905546e+001 -3.102851e+000  8.000000e-001
    endloop
  endfacet
  facet normal  0.000000e+000  0.000000e+000 -1.000000e+000
    outer loop
      vertex -3.218053e+001 -2.910156e+000  8.000000e-001
      vertex -1.905546e+001 -3.102851e+000  8.000000e-001
      vertex -3.199065e+001 -3.102851e+000  8.000000e-001
    endloop
  endfacet
  facet normal  0.000000e+000  0.000000e+000 -1.000000e+000
    outer loop
      vertex -3.199065e+001 -3.102851e+000  8.000000e-001
      vertex -1.905546e+001 -3.102851e+000  8.000000e-001
      vertex -1.925092e+001 -3.289888e+000  8.000000e-001
    endloop
  endfacet
  facet normal  0.000000e+000  0.000000e+000 -1.000000e+000
    outer loop
      vertex -3.199065e+001 -3.102851e+000  8.000000e-001
      vertex -1.925092e+001 -3.289888e+000  8.000000e-001
      vertex -3.179519e+001 -3.289888e+000  8.000000e-001
    endloop
  endfacet
  facet normal  0.000000e+000  0.000000e+000 -1.000000e+000
    outer loop
      vertex -3.179519e+001 -3.289888e+000  8.000000e-001
      vertex -1.925092e+001 -3.289888e+000  8.000000e-001
      vertex -1.945179e+001 -3.471106e+000  8.000000e-001
    endloop
  endfacet
  facet normal  0.000000e+000  0.000000e+000 -1.000000e+000
    outer loop
      vertex -3.179519e+001 -3.289888e+000  8.000000e-001
      vertex -1.945179e+001 -3.471106e+000  8.000000e-001
      vertex -3.159432e+001 -3.471106e+000  8.000000e-001
    endloop
  endfacet
  facet normal  0.000000e+000  0.000000e+000 -1.000000e+000
    outer loop
      vertex -3.159432e+001 -3.471106e+000  8.000000e-001
      vertex -1.945179e+001 -3.471106e+000  8.000000e-001
      vertex -1.965789e+001 -3.646349e+000  8.000000e-001
    endloop
  endfacet
  facet normal  0.000000e+000  0.000000e+000 -1.000000e+000
    outer loop
      vertex -3.159432e+001 -3.471106e+000  8.000000e-001
      vertex -1.965789e+001 -3.646349e+000  8.000000e-001
      vertex -3.138822e+001 -3.646349e+000  8.000000e-001
    endloop
  endfacet
  facet normal  0.000000e+000  0.000000e+000 -1.000000e+000
    outer loop
      vertex -3.138822e+001 -3.646349e+000  8.000000e-001
      vertex -1.965789e+001 -3.646349e+000  8.000000e-001
      vertex -1.986905e+001 -3.815467e+000  8.000000e-001
    endloop
  endfacet
  facet normal  0.000000e+000  0.000000e+000 -1.000000e+000
    outer loop
      vertex -3.138822e+001 -3.646349e+000  8.000000e-001
      vertex -1.986905e+001 -3.815467e+000  8.000000e-001
      vertex -3.117706e+001 -3.815467e+000  8.000000e-001
    endloop
  endfacet
  facet normal  0.000000e+000  0.000000e+000 -1.000000e+000
    outer loop
      vertex -3.117706e+001 -3.815467e+000  8.000000e-001
      vertex -1.986905e+001 -3.815467e+000  8.000000e-001
      vertex -2.008508e+001 -3.978312e+000  8.000000e-001
    endloop
  endfacet
  facet normal  0.000000e+000  0.000000e+000 -1.000000e+000
    outer loop
      vertex -3.117706e+001 -3.815467e+000  8.000000e-001
      vertex -2.008508e+001 -3.978312e+000  8.000000e-001
      vertex -3.096103e+001 -3.978312e+000  8.000000e-001
    endloop
  endfacet
  facet normal  0.000000e+000  0.000000e+000 -1.000000e+000
    outer loop
      vertex -3.096103e+001 -3.978312e+000  8.000000e-001
      vertex -2.008508e+001 -3.978312e+000  8.000000e-001
      vertex -2.030579e+001 -4.134746e+000  8.000000e-001
    endloop
  endfacet
  facet normal  0.000000e+000  0.000000e+000 -1.000000e+000
    outer loop
      vertex -3.096103e+001 -3.978312e+000  8.000000e-001
      vertex -2.030579e+001 -4.134746e+000  8.000000e-001
      vertex -3.074031e+001 -4.134746e+000  8.000000e-001
    endloop
  endfacet
  facet normal  0.000000e+000  0.000000e+000 -1.000000e+000
    outer loop
      vertex -3.074031e+001 -4.134746e+000  8.000000e-001
      vertex -2.030579e+001 -4.134746e+000  8.000000e-001
      vertex -2.053101e+001 -4.284633e+000  8.000000e-001
    endloop
  endfacet
  facet normal  0.000000e+000  0.000000e+000 -1.000000e+000
    outer loop
      vertex -3.074031e+001 -4.134746e+000  8.000000e-001
      vertex -2.053101e+001 -4.284633e+000  8.000000e-001
      vertex -3.051510e+001 -4.284633e+000  8.000000e-001
    endloop
  endfacet
  facet normal  0.000000e+000  0.000000e+000 -1.000000e+000
    outer loop
      vertex -3.051510e+001 -4.284633e+000  8.000000e-001
      vertex -2.053101e+001 -4.284633e+000  8.000000e-001
      vertex -2.076053e+001 -4.427844e+000  8.000000e-001
    endloop
  endfacet
  facet normal  0.000000e+000  0.000000e+000 -1.000000e+000
    outer loop
      vertex -3.051510e+001 -4.284633e+000  8.000000e-001
      vertex -2.076053e+001 -4.427844e+000  8.000000e-001
      vertex -3.028558e+001 -4.427844e+000  8.000000e-001
    endloop
  endfacet
  facet normal  0.000000e+000  0.000000e+000 -1.000000e+000
    outer loop
      vertex -3.028558e+001 -4.427844e+000  8.000000e-001
      vertex -2.076053e+001 -4.427844e+000  8.000000e-001
      vertex -2.099415e+001 -4.564255e+000  8.000000e-001
    endloop
  endfacet
  facet normal  0.000000e+000  0.000000e+000 -1.000000e+000
    outer loop
      vertex -3.028558e+001 -4.427844e+000  8.000000e-001
      vertex -2.099415e+001 -4.564255e+000  8.000000e-001
      vertex -3.005195e+001 -4.564255e+000  8.000000e-001
    endloop
  endfacet
  facet normal  0.000000e+000  0.000000e+000 -1.000000e+000
    outer loop
      vertex -3.005195e+001 -4.564255e+000  8.000000e-001
      vertex -2.099415e+001 -4.564255e+000  8.000000e-001
      vertex -2.123168e+001 -4.693749e+000  8.000000e-001
    endloop
  endfacet
  facet normal  0.000000e+000  0.000000e+000 -1.000000e+000
    outer loop
      vertex -3.005195e+001 -4.564255e+000  8.000000e-001
      vertex -2.123168e+001 -4.693749e+000  8.000000e-001
      vertex -2.981443e+001 -4.693749e+000  8.000000e-001
    endloop
  endfacet
  facet normal  0.000000e+000  0.000000e+000 -1.000000e+000
    outer loop
      vertex -2.981443e+001 -4.693749e+000  8.000000e-001
      vertex -2.123168e+001 -4.693749e+000  8.000000e-001
      vertex -2.147290e+001 -4.816214e+000  8.000000e-001
    endloop
  endfacet
  facet normal  0.000000e+000  0.000000e+000 -1.000000e+000
    outer loop
      vertex -2.981443e+001 -4.693749e+000  8.000000e-001
      vertex -2.147290e+001 -4.816214e+000  8.000000e-001
      vertex -2.957320e+001 -4.816214e+000  8.000000e-001
    endloop
  endfacet
  facet normal  0.000000e+000  0.000000e+000 -9.999999e-001
    outer loop
      vertex -2.957320e+001 -4.816214e+000  8.000000e-001
      vertex -2.147290e+001 -4.816214e+000  8.000000e-001
      vertex -2.171762e+001 -4.931545e+000  8.000000e-001
    endloop
  endfacet
  facet normal  0.000000e+000  0.000000e+000 -9.999999e-001
    outer loop
      vertex -2.957320e+001 -4.816214e+000  8.000000e-001
      vertex -2.171762e+001 -4.931545e+000  8.000000e-001
      vertex -2.932848e+001 -4.931545e+000  8.000000e-001
    endloop
  endfacet
  facet normal  0.000000e+000  0.000000e+000 -9.999999e-001
    outer loop
      vertex -2.932848e+001 -4.931545e+000  8.000000e-001
      vertex -2.171762e+001 -4.931545e+000  8.000000e-001
      vertex -2.196562e+001 -5.039642e+000  8.000000e-001
    endloop
  endfacet
  facet normal  0.000000e+000  0.000000e+000 -1.000000e+000
    outer loop
      vertex -2.932848e+001 -4.931545e+000  8.000000e-001
      vertex -2.196562e+001 -5.039642e+000  8.000000e-001
      vertex -2.908049e+001 -5.039642e+000  8.000000e-001
    endloop
  endfacet
  facet normal  0.000000e+000  0.000000e+000 -1.000000e+000
    outer loop
      vertex -2.908049e+001 -5.039642e+000  8.000000e-001
      vertex -2.196562e+001 -5.039642e+000  8.000000e-001
      vertex -2.221668e+001 -5.140412e+000  8.000000e-001
    endloop
  endfacet
  facet normal  0.000000e+000  0.000000e+000 -1.000000e+000
    outer loop
      vertex -2.908049e+001 -5.039642e+000  8.000000e-001
      vertex -2.221668e+001 -5.140412e+000  8.000000e-001
      vertex -2.882942e+001 -5.140412e+000  8.000000e-001
    endloop
  endfacet
  facet normal  0.000000e+000  0.000000e+000 -1.000000e+000
    outer loop
      vertex -2.882942e+001 -5.140412e+000  8.000000e-001
      vertex -2.221668e+001 -5.140412e+000  8.000000e-001
      vertex -2.247060e+001 -5.233768e+000  8.000000e-001
    endloop
  endfacet
  facet normal  0.000000e+000  0.000000e+000 -1.000000e+000
    outer loop
      vertex -2.882942e+001 -5.140412e+000  8.000000e-001
      vertex -2.247060e+001 -5.233768e+000  8.000000e-001
      vertex -2.857551e+001 -5.233768e+000  8.000000e-001
    endloop
  endfacet
  facet normal  0.000000e+000  0.000000e+000 -1.000000e+000
    outer loop
      vertex -2.857551e+001 -5.233768e+000  8.000000e-001
      vertex -2.247060e+001 -5.233768e+000  8.000000e-001
      vertex -2.272714e+001 -5.319631e+000  8.000000e-001
    endloop
  endfacet
  facet normal  0.000000e+000  0.000000e+000 -1.000000e+000
    outer loop
      vertex -2.857551e+001 -5.233768e+000  8.000000e-001
      vertex -2.272714e+001 -5.319631e+000  8.000000e-001
      vertex -2.831896e+001 -5.319631e+000  8.000000e-001
    endloop
  endfacet
  facet normal  0.000000e+000  0.000000e+000 -1.000000e+000
    outer loop
      vertex -2.831896e+001 -5.319631e+000  8.000000e-001
      vertex -2.272714e+001 -5.319631e+000  8.000000e-001
      vertex -2.298610e+001 -5.397924e+000  8.000000e-001
    endloop
  endfacet
  facet normal  0.000000e+000  0.000000e+000 -9.999999e-001
    outer loop
      vertex -2.831896e+001 -5.319631e+000  8.000000e-001
      vertex -2.298610e+001 -5.397924e+000  8.000000e-001
      vertex -2.806001e+001 -5.397924e+000  8.000000e-001
    endloop
  endfacet
  facet normal  0.000000e+000  0.000000e+000 -1.000000e+000
    outer loop
      vertex -2.806001e+001 -5.397924e+000  8.000000e-001
      vertex -2.298610e+001 -5.397924e+000  8.000000e-001
      vertex -2.324724e+001 -5.468583e+000  8.000000e-001
    endloop
  endfacet
  facet normal  0.000000e+000  0.000000e+000 -1.000000e+000
    outer loop
      vertex -2.806001e+001 -5.397924e+000  8.000000e-001
      vertex -2.324724e+001 -5.468583e+000  8.000000e-001
      vertex -2.779886e+001 -5.468583e+000  8.000000e-001
    endloop
  endfacet
  facet normal  0.000000e+000  0.000000e+000 -1.000000e+000
    outer loop
      vertex -2.779886e+001 -5.468583e+000  8.000000e-001
      vertex -2.324724e+001 -5.468583e+000  8.000000e-001
      vertex -2.351034e+001 -5.531544e+000  8.000000e-001
    endloop
  endfacet
  facet normal  0.000000e+000  0.000000e+000 -1.000000e+000
    outer loop
      vertex -2.779886e+001 -5.468583e+000  8.000000e-001
      vertex -2.351034e+001 -5.531544e+000  8.000000e-001
      vertex -2.753576e+001 -5.531544e+000  8.000000e-001
    endloop
  endfacet
  facet normal  0.000000e+000  0.000000e+000 -1.000000e+000
    outer loop
      vertex -2.753576e+001 -5.531544e+000  8.000000e-001
      vertex -2.351034e+001 -5.531544e+000  8.000000e-001
      vertex -2.377518e+001 -5.586755e+000  8.000000e-001
    endloop
  endfacet
  facet normal  0.000000e+000  0.000000e+000 -1.000000e+000
    outer loop
      vertex -2.753576e+001 -5.531544e+000  8.000000e-001
      vertex -2.377518e+001 -5.586755e+000  8.000000e-001
      vertex -2.727092e+001 -5.586755e+000  8.000000e-001
    endloop
  endfacet
  facet normal  0.000000e+000  0.000000e+000 -1.000000e+000
    outer loop
      vertex -2.727092e+001 -5.586755e+000  8.000000e-001
      vertex -2.377518e+001 -5.586755e+000  8.000000e-001
      vertex -2.404153e+001 -5.634167e+000  8.000000e-001
    endloop
  endfacet
  facet normal  0.000000e+000  0.000000e+000 -1.000000e+000
    outer loop
      vertex -2.727092e+001 -5.586755e+000  8.000000e-001
      vertex -2.404153e+001 -5.634167e+000  8.000000e-001
      vertex -2.700458e+001 -5.634167e+000  8.000000e-001
    endloop
  endfacet
  facet normal  0.000000e+000  0.000000e+000 -9.999999e-001
    outer loop
      vertex -2.700458e+001 -5.634167e+000  8.000000e-001
      vertex -2.404153e+001 -5.634167e+000  8.000000e-001
      vertex -2.430915e+001 -5.673739e+000  8.000000e-001
    endloop
  endfacet
  facet normal  0.000000e+000  0.000000e+000 -1.000000e+000
    outer loop
      vertex -2.700458e+001 -5.634167e+000  8.000000e-001
      vertex -2.430915e+001 -5.673739e+000  8.000000e-001
      vertex -2.673695e+001 -5.673739e+000  8.000000e-001
    endloop
  endfacet
  facet normal  0.000000e+000  0.000000e+000 -1.000000e+000
    outer loop
      vertex -2.673695e+001 -5.673739e+000  8.000000e-001
      vertex -2.430915e+001 -5.673739e+000  8.000000e-001
      vertex -2.457782e+001 -5.705439e+000  8.000000e-001
    endloop
  endfacet
  facet normal  0.000000e+000  0.000000e+000 -1.000000e+000
    outer loop
      vertex -2.673695e+001 -5.673739e+000  8.000000e-001
      vertex -2.457782e+001 -5.705439e+000  8.000000e-001
      vertex -2.646828e+001 -5.705439e+000  8.000000e-001
    endloop
  endfacet
  facet normal  0.000000e+000  0.000000e+000 -1.000000e+000
    outer loop
      vertex -2.646828e+001 -5.705439e+000  8.000000e-001
      vertex -2.457782e+001 -5.705439e+000  8.000000e-001
      vertex -2.484730e+001 -5.729237e+000  8.000000e-001
    endloop
  endfacet
  facet normal  0.000000e+000  0.000000e+000 -1.000000e+000
    outer loop
      vertex -2.646828e+001 -5.705439e+000  8.000000e-001
      vertex -2.484730e+001 -5.729237e+000  8.000000e-001
      vertex -2.619880e+001 -5.729237e+000  8.000000e-001
    endloop
  endfacet
  facet normal  0.000000e+000  0.000000e+000 -1.000000e+000
    outer loop
      vertex -2.619880e+001 -5.729237e+000  8.000000e-001
      vertex -2.484730e+001 -5.729237e+000  8.000000e-001
      vertex -2.511737e+001 -5.745113e+000  8.000000e-001
    endloop
  endfacet
  facet normal  0.000000e+000  0.000000e+000 -1.000000e+000
    outer loop
      vertex -2.619880e+001 -5.729237e+000  8.000000e-001
      vertex -2.511737e+001 -5.745113e+000  8.000000e-001
      vertex -2.592873e+001 -5.745113e+000  8.000000e-001
    endloop
  endfacet
  facet normal  0.000000e+000  0.000000e+000 -1.000000e+000
    outer loop
      vertex -2.592873e+001 -5.745113e+000  8.000000e-001
      vertex -2.511737e+001 -5.745113e+000  8.000000e-001
      vertex -2.538779e+001 -5.753056e+000  8.000000e-001
    endloop
  endfacet
  facet normal  0.000000e+000  0.000000e+000 -1.000000e+000
    outer loop
      vertex -2.592873e+001 -5.745113e+000  8.000000e-001
      vertex -2.538779e+001 -5.753056e+000  8.000000e-001
      vertex -2.565832e+001 -5.753056e+000  8.000000e-001
    endloop
  endfacet
  facet normal  -0.000000e+000  0.000000e+000  1.000000e+000
    outer loop
      vertex -2.538779e+001  1.267384e+001  1.800000e+000
      vertex -2.565832e+001  1.267384e+001  1.800000e+000
      vertex -2.511737e+001  1.266590e+001  1.800000e+000
    endloop
  endfacet
  facet normal  0.000000e+000  0.000000e+000  1.000000e+000
    outer loop
      vertex -2.511737e+001  1.266590e+001  1.800000e+000
      vertex -2.565832e+001  1.267384e+001  1.800000e+000
      vertex -2.592873e+001  1.266590e+001  1.800000e+000
    endloop
  endfacet
  facet normal  -0.000000e+000  0.000000e+000  1.000000e+000
    outer loop
      vertex -2.511737e+001  1.266590e+001  1.800000e+000
      vertex -2.592873e+001  1.266590e+001  1.800000e+000
      vertex -2.484730e+001  1.265002e+001  1.800000e+000
    endloop
  endfacet
  facet normal  0.000000e+000  0.000000e+000  1.000000e+000
    outer loop
      vertex -2.484730e+001  1.265002e+001  1.800000e+000
      vertex -2.592873e+001  1.266590e+001  1.800000e+000
      vertex -2.619880e+001  1.265002e+001  1.800000e+000
    endloop
  endfacet
  facet normal  -0.000000e+000  0.000000e+000  1.000000e+000
    outer loop
      vertex -2.484730e+001  1.265002e+001  1.800000e+000
      vertex -2.619880e+001  1.265002e+001  1.800000e+000
      vertex -2.457782e+001  1.262622e+001  1.800000e+000
    endloop
  endfacet
  facet normal  0.000000e+000  0.000000e+000  1.000000e+000
    outer loop
      vertex -2.457782e+001  1.262622e+001  1.800000e+000
      vertex -2.619880e+001  1.265002e+001  1.800000e+000
      vertex -2.646828e+001  1.262622e+001  1.800000e+000
    endloop
  endfacet
  facet normal  -0.000000e+000  0.000000e+000  1.000000e+000
    outer loop
      vertex -2.457782e+001  1.262622e+001  1.800000e+000
      vertex -2.646828e+001  1.262622e+001  1.800000e+000
      vertex -2.430915e+001  1.259452e+001  1.800000e+000
    endloop
  endfacet
  facet normal  0.000000e+000  0.000000e+000  1.000000e+000
    outer loop
      vertex -2.430915e+001  1.259452e+001  1.800000e+000
      vertex -2.646828e+001  1.262622e+001  1.800000e+000
      vertex -2.673695e+001  1.259452e+001  1.800000e+000
    endloop
  endfacet
  facet normal  -0.000000e+000  0.000000e+000  9.999999e-001
    outer loop
      vertex -2.430915e+001  1.259452e+001  1.800000e+000
      vertex -2.673695e+001  1.259452e+001  1.800000e+000
      vertex -2.404153e+001  1.255495e+001  1.800000e+000
    endloop
  endfacet
  facet normal  0.000000e+000  0.000000e+000  1.000000e+000
    outer loop
      vertex -2.404153e+001  1.255495e+001  1.800000e+000
      vertex -2.673695e+001  1.259452e+001  1.800000e+000
      vertex -2.700458e+001  1.255495e+001  1.800000e+000
    endloop
  endfacet
  facet normal  -0.000000e+000  0.000000e+000  1.000000e+000
    outer loop
      vertex -2.404153e+001  1.255495e+001  1.800000e+000
      vertex -2.700458e+001  1.255495e+001  1.800000e+000
      vertex -2.377518e+001  1.250754e+001  1.800000e+000
    endloop
  endfacet
  facet normal  0.000000e+000  0.000000e+000  1.000000e+000
    outer loop
      vertex -2.377518e+001  1.250754e+001  1.800000e+000
      vertex -2.700458e+001  1.255495e+001  1.800000e+000
      vertex -2.727092e+001  1.250754e+001  1.800000e+000
    endloop
  endfacet
  facet normal  -0.000000e+000  0.000000e+000  1.000000e+000
    outer loop
      vertex -2.377518e+001  1.250754e+001  1.800000e+000
      vertex -2.727092e+001  1.250754e+001  1.800000e+000
      vertex -2.351034e+001  1.245233e+001  1.800000e+000
    endloop
  endfacet
  facet normal  0.000000e+000  0.000000e+000  1.000000e+000
    outer loop
      vertex -2.351034e+001  1.245233e+001  1.800000e+000
      vertex -2.727092e+001  1.250754e+001  1.800000e+000
      vertex -2.753576e+001  1.245233e+001  1.800000e+000
    endloop
  endfacet
  facet normal  -0.000000e+000  0.000000e+000  1.000000e+000
    outer loop
      vertex -2.351034e+001  1.245233e+001  1.800000e+000
      vertex -2.753576e+001  1.245233e+001  1.800000e+000
      vertex -2.324724e+001  1.238937e+001  1.800000e+000
    endloop
  endfacet
  facet normal  0.000000e+000  0.000000e+000  1.000000e+000
    outer loop
      vertex -2.324724e+001  1.238937e+001  1.800000e+000
      vertex -2.753576e+001  1.245233e+001  1.800000e+000
      vertex -2.779886e+001  1.238937e+001  1.800000e+000
    endloop
  endfacet
  facet normal  -0.000000e+000  0.000000e+000  1.000000e+000
    outer loop
      vertex -2.324724e+001  1.238937e+001  1.800000e+000
      vertex -2.779886e+001  1.238937e+001  1.800000e+000
      vertex -2.298610e+001  1.231871e+001  1.800000e+000
    endloop
  endfacet
  facet normal  0.000000e+000  0.000000e+000  1.000000e+000
    outer loop
      vertex -2.298610e+001  1.231871e+001  1.800000e+000
      vertex -2.779886e+001  1.238937e+001  1.800000e+000
      vertex -2.806001e+001  1.231871e+001  1.800000e+000
    endloop
  endfacet
  facet normal  -0.000000e+000  0.000000e+000  9.999999e-001
    outer loop
      vertex -2.298610e+001  1.231871e+001  1.800000e+000
      vertex -2.806001e+001  1.231871e+001  1.800000e+000
      vertex -2.272714e+001  1.224042e+001  1.800000e+000
    endloop
  endfacet
  facet normal  0.000000e+000  0.000000e+000  1.000000e+000
    outer loop
      vertex -2.272714e+001  1.224042e+001  1.800000e+000
      vertex -2.806001e+001  1.231871e+001  1.800000e+000
      vertex -2.831896e+001  1.224042e+001  1.800000e+000
    endloop
  endfacet
  facet normal  -0.000000e+000  0.000000e+000  1.000000e+000
    outer loop
      vertex -2.272714e+001  1.224042e+001  1.800000e+000
      vertex -2.831896e+001  1.224042e+001  1.800000e+000
      vertex -2.247060e+001  1.215455e+001  1.800000e+000
    endloop
  endfacet
  facet normal  0.000000e+000  0.000000e+000  1.000000e+000
    outer loop
      vertex -2.247060e+001  1.215455e+001  1.800000e+000
      vertex -2.831896e+001  1.224042e+001  1.800000e+000
      vertex -2.857551e+001  1.215455e+001  1.800000e+000
    endloop
  endfacet
  facet normal  -0.000000e+000  0.000000e+000  1.000000e+000
    outer loop
      vertex -2.247060e+001  1.215455e+001  1.800000e+000
      vertex -2.857551e+001  1.215455e+001  1.800000e+000
      vertex -2.221668e+001  1.206120e+001  1.800000e+000
    endloop
  endfacet
  facet normal  0.000000e+000  0.000000e+000  1.000000e+000
    outer loop
      vertex -2.221668e+001  1.206120e+001  1.800000e+000
      vertex -2.857551e+001  1.215455e+001  1.800000e+000
      vertex -2.882942e+001  1.206120e+001  1.800000e+000
    endloop
  endfacet
  facet normal  -0.000000e+000  0.000000e+000  1.000000e+000
    outer loop
      vertex -2.221668e+001  1.206120e+001  1.800000e+000
      vertex -2.882942e+001  1.206120e+001  1.800000e+000
      vertex -2.196562e+001  1.196043e+001  1.800000e+000
    endloop
  endfacet
  facet normal  0.000000e+000  0.000000e+000  1.000000e+000
    outer loop
      vertex -2.196562e+001  1.196043e+001  1.800000e+000
      vertex -2.882942e+001  1.206120e+001  1.800000e+000
      vertex -2.908049e+001  1.196043e+001  1.800000e+000
    endloop
  endfacet
  facet normal  -0.000000e+000  0.000000e+000  1.000000e+000
    outer loop
      vertex -2.196562e+001  1.196043e+001  1.800000e+000
      vertex -2.908049e+001  1.196043e+001  1.800000e+000
      vertex -2.171762e+001  1.185233e+001  1.800000e+000
    endloop
  endfacet
  facet normal  0.000000e+000  0.000000e+000  9.999999e-001
    outer loop
      vertex -2.171762e+001  1.185233e+001  1.800000e+000
      vertex -2.908049e+001  1.196043e+001  1.800000e+000
      vertex -2.932848e+001  1.185233e+001  1.800000e+000
    endloop
  endfacet
  facet normal  -0.000000e+000  0.000000e+000  9.999999e-001
    outer loop
      vertex -2.171762e+001  1.185233e+001  1.800000e+000
      vertex -2.932848e+001  1.185233e+001  1.800000e+000
      vertex -2.147290e+001  1.173700e+001  1.800000e+000
    endloop
  endfacet
  facet normal  0.000000e+000  0.000000e+000  9.999999e-001
    outer loop
      vertex -2.147290e+001  1.173700e+001  1.800000e+000
      vertex -2.932848e+001  1.185233e+001  1.800000e+000
      vertex -2.957320e+001  1.173700e+001  1.800000e+000
    endloop
  endfacet
  facet normal  -0.000000e+000  0.000000e+000  1.000000e+000
    outer loop
      vertex -2.147290e+001  1.173700e+001  1.800000e+000
      vertex -2.957320e+001  1.173700e+001  1.800000e+000
      vertex -2.123168e+001  1.161453e+001  1.800000e+000
    endloop
  endfacet
  facet normal  0.000000e+000  0.000000e+000  1.000000e+000
    outer loop
      vertex -2.123168e+001  1.161453e+001  1.800000e+000
      vertex -2.957320e+001  1.173700e+001  1.800000e+000
      vertex -2.981443e+001  1.161453e+001  1.800000e+000
    endloop
  endfacet
  facet normal  -0.000000e+000  0.000000e+000  1.000000e+000
    outer loop
      vertex -2.123168e+001  1.161453e+001  1.800000e+000
      vertex -2.981443e+001  1.161453e+001  1.800000e+000
      vertex -2.099415e+001  1.148504e+001  1.800000e+000
    endloop
  endfacet
  facet normal  0.000000e+000  0.000000e+000  9.999999e-001
    outer loop
      vertex -2.099415e+001  1.148504e+001  1.800000e+000
      vertex -2.981443e+001  1.161453e+001  1.800000e+000
      vertex -3.005195e+001  1.148504e+001  1.800000e+000
    endloop
  endfacet
  facet normal  -0.000000e+000  0.000000e+000  1.000000e+000
    outer loop
      vertex -2.099415e+001  1.148504e+001  1.800000e+000
      vertex -3.005195e+001  1.148504e+001  1.800000e+000
      vertex -2.076053e+001  1.134863e+001  1.800000e+000
    endloop
  endfacet
  facet normal  0.000000e+000  0.000000e+000  1.000000e+000
    outer loop
      vertex -2.076053e+001  1.134863e+001  1.800000e+000
      vertex -3.005195e+001  1.148504e+001  1.800000e+000
      vertex -3.028558e+001  1.134863e+001  1.800000e+000
    endloop
  endfacet
  facet normal  -0.000000e+000  0.000000e+000  1.000000e+000
    outer loop
      vertex -2.076053e+001  1.134863e+001  1.800000e+000
      vertex -3.028558e+001  1.134863e+001  1.800000e+000
      vertex -2.053101e+001  1.120542e+001  1.800000e+000
    endloop
  endfacet
  facet normal  0.000000e+000  0.000000e+000  1.000000e+000
    outer loop
      vertex -2.053101e+001  1.120542e+001  1.800000e+000
      vertex -3.028558e+001  1.134863e+001  1.800000e+000
      vertex -3.051510e+001  1.120542e+001  1.800000e+000
    endloop
  endfacet
  facet normal  -0.000000e+000  0.000000e+000  1.000000e+000
    outer loop
      vertex -2.053101e+001  1.120542e+001  1.800000e+000
      vertex -3.051510e+001  1.120542e+001  1.800000e+000
      vertex -2.030579e+001  1.105553e+001  1.800000e+000
    endloop
  endfacet
  facet normal  0.000000e+000  0.000000e+000  1.000000e+000
    outer loop
      vertex -2.030579e+001  1.105553e+001  1.800000e+000
      vertex -3.051510e+001  1.120542e+001  1.800000e+000
      vertex -3.074031e+001  1.105553e+001  1.800000e+000
    endloop
  endfacet
  facet normal  -0.000000e+000  0.000000e+000  9.999999e-001
    outer loop
      vertex -2.030579e+001  1.105553e+001  1.800000e+000
      vertex -3.074031e+001  1.105553e+001  1.800000e+000
      vertex -2.008508e+001  1.089910e+001  1.800000e+000
    endloop
  endfacet
  facet normal  0.000000e+000  0.000000e+000  1.000000e+000
    outer loop
      vertex -2.008508e+001  1.089910e+001  1.800000e+000
      vertex -3.074031e+001  1.105553e+001  1.800000e+000
      vertex -3.096103e+001  1.089910e+001  1.800000e+000
    endloop
  endfacet
  facet normal  -0.000000e+000  0.000000e+000  9.999999e-001
    outer loop
      vertex -2.008508e+001  1.089910e+001  1.800000e+000
      vertex -3.096103e+001  1.089910e+001  1.800000e+000
      vertex -1.986905e+001  1.073625e+001  1.800000e+000
    endloop
  endfacet
  facet normal  0.000000e+000  0.000000e+000  1.000000e+000
    outer loop
      vertex -1.986905e+001  1.073625e+001  1.800000e+000
      vertex -3.096103e+001  1.089910e+001  1.800000e+000
      vertex -3.117706e+001  1.073625e+001  1.800000e+000
    endloop
  endfacet
  facet normal  -0.000000e+000  0.000000e+000  1.000000e+000
    outer loop
      vertex -1.986905e+001  1.073625e+001  1.800000e+000
      vertex -3.117706e+001  1.073625e+001  1.800000e+000
      vertex -1.965789e+001  1.056713e+001  1.800000e+000
    endloop
  endfacet
  facet normal  0.000000e+000  0.000000e+000  1.000000e+000
    outer loop
      vertex -1.965789e+001  1.056713e+001  1.800000e+000
      vertex -3.117706e+001  1.073625e+001  1.800000e+000
      vertex -3.138822e+001  1.056713e+001  1.800000e+000
    endloop
  endfacet
  facet normal  -0.000000e+000  0.000000e+000  1.000000e+000
    outer loop
      vertex -1.965789e+001  1.056713e+001  1.800000e+000
      vertex -3.138822e+001  1.056713e+001  1.800000e+000
      vertex -1.945179e+001  1.039189e+001  1.800000e+000
    endloop
  endfacet
  facet normal  0.000000e+000  0.000000e+000  1.000000e+000
    outer loop
      vertex -1.945179e+001  1.039189e+001  1.800000e+000
      vertex -3.138822e+001  1.056713e+001  1.800000e+000
      vertex -3.159432e+001  1.039189e+001  1.800000e+000
    endloop
  endfacet
  facet normal  -0.000000e+000  0.000000e+000  1.000000e+000
    outer loop
      vertex -1.945179e+001  1.039189e+001  1.800000e+000
      vertex -3.159432e+001  1.039189e+001  1.800000e+000
      vertex -1.925092e+001  1.021067e+001  1.800000e+000
    endloop
  endfacet
  facet normal  0.000000e+000  0.000000e+000  1.000000e+000
    outer loop
      vertex -1.925092e+001  1.021067e+001  1.800000e+000
      vertex -3.159432e+001  1.039189e+001  1.800000e+000
      vertex -3.179519e+001  1.021067e+001  1.800000e+000
    endloop
  endfacet
  facet normal  -0.000000e+000  0.000000e+000  1.000000e+000
    outer loop
      vertex -1.925092e+001  1.021067e+001  1.800000e+000
      vertex -3.179519e+001  1.021067e+001  1.800000e+000
      vertex -1.905546e+001  1.002364e+001  1.800000e+000
    endloop
  endfacet
  facet normal  0.000000e+000  0.000000e+000  1.000000e+000
    outer loop
      vertex -1.905546e+001  1.002364e+001  1.800000e+000
      vertex -3.179519e+001  1.021067e+001  1.800000e+000
      vertex -3.199065e+001  1.002364e+001  1.800000e+000
    endloop
  endfacet
  facet normal  -0.000000e+000  0.000000e+000  1.000000e+000
    outer loop
      vertex -1.905546e+001  1.002364e+001  1.800000e+000
      vertex -3.199065e+001  1.002364e+001  1.800000e+000
      vertex -1.886557e+001  9.830942e+000  1.800000e+000
    endloop
  endfacet
  facet normal  0.000000e+000  0.000000e+000  1.000000e+000
    outer loop
      vertex -1.886557e+001  9.830942e+000  1.800000e+000
      vertex -3.199065e+001  1.002364e+001  1.800000e+000
      vertex -3.218053e+001  9.830942e+000  1.800000e+000
    endloop
  endfacet
  facet normal  -0.000000e+000  0.000000e+000  9.999999e-001
    outer loop
      vertex -1.886557e+001  9.830942e+000  1.800000e+000
      vertex -3.218053e+001  9.830942e+000  1.800000e+000
      vertex -1.868143e+001  9.632756e+000  1.800000e+000
    endloop
  endfacet
  facet normal  0.000000e+000  0.000000e+000  1.000000e+000
    outer loop
      vertex -1.868143e+001  9.632756e+000  1.800000e+000
      vertex -3.218053e+001  9.830942e+000  1.800000e+000
      vertex -3.236468e+001  9.632756e+000  1.800000e+000
    endloop
  endfacet
  facet normal  -0.000000e+000  0.000000e+000  1.000000e+000
    outer loop
      vertex -1.868143e+001  9.632756e+000  1.800000e+000
      vertex -3.236468e+001  9.632756e+000  1.800000e+000
      vertex -1.850318e+001  9.429250e+000  1.800000e+000
    endloop
  endfacet
  facet normal  0.000000e+000  0.000000e+000  1.000000e+000
    outer loop
      vertex -1.850318e+001  9.429250e+000  1.800000e+000
      vertex -3.236468e+001  9.632756e+000  1.800000e+000
      vertex -3.254293e+001  9.429250e+000  1.800000e+000
    endloop
  endfacet
  facet normal  -0.000000e+000  0.000000e+000  1.000000e+000
    outer loop
      vertex -1.850318e+001  9.429250e+000  1.800000e+000
      vertex -3.254293e+001  9.429250e+000  1.800000e+000
      vertex -1.833098e+001  9.220598e+000  1.800000e+000
    endloop
  endfacet
  facet normal  0.000000e+000  0.000000e+000  1.000000e+000
    outer loop
      vertex -1.833098e+001  9.220598e+000  1.800000e+000
      vertex -3.254293e+001  9.429250e+000  1.800000e+000
      vertex -3.271513e+001  9.220598e+000  1.800000e+000
    endloop
  endfacet
  facet normal  -0.000000e+000  0.000000e+000  1.000000e+000
    outer loop
      vertex -1.833098e+001  9.220598e+000  1.800000e+000
      vertex -3.271513e+001  9.220598e+000  1.800000e+000
      vertex -1.816498e+001  9.006982e+000  1.800000e+000
    endloop
  endfacet
  facet normal  0.000000e+000  0.000000e+000  9.999999e-001
    outer loop
      vertex -1.816498e+001  9.006982e+000  1.800000e+000
      vertex -3.271513e+001  9.220598e+000  1.800000e+000
      vertex -3.288113e+001  9.006982e+000  1.800000e+000
    endloop
  endfacet
  facet normal  -0.000000e+000  0.000000e+000  1.000000e+000
    outer loop
      vertex -1.816498e+001  9.006982e+000  1.800000e+000
      vertex -3.288113e+001  9.006982e+000  1.800000e+000
      vertex -1.800532e+001  8.788585e+000  1.800000e+000
    endloop
  endfacet
  facet normal  0.000000e+000  0.000000e+000  1.000000e+000
    outer loop
      vertex -1.800532e+001  8.788585e+000  1.800000e+000
      vertex -3.288113e+001  9.006982e+000  1.800000e+000
      vertex -3.304078e+001  8.788585e+000  1.800000e+000
    endloop
  endfacet
  facet normal  -0.000000e+000  0.000000e+000  9.999999e-001
    outer loop
      vertex -1.800532e+001  8.788585e+000  1.800000e+000
      vertex -3.304078e+001  8.788585e+000  1.800000e+000
      vertex -1.785214e+001  8.565594e+000  1.800000e+000
    endloop
  endfacet
  facet normal  0.000000e+000  0.000000e+000  1.000000e+000
    outer loop
      vertex -1.785214e+001  8.565594e+000  1.800000e+000
      vertex -3.304078e+001  8.788585e+000  1.800000e+000
      vertex -3.319396e+001  8.565594e+000  1.800000e+000
    endloop
  endfacet
  facet normal  -0.000000e+000  0.000000e+000  1.000000e+000
    outer loop
      vertex -1.785214e+001  8.565594e+000  1.800000e+000
      vertex -3.319396e+001  8.565594e+000  1.800000e+000
      vertex -1.770558e+001  8.338203e+000  1.800000e+000
    endloop
  endfacet
  facet normal  0.000000e+000  0.000000e+000  1.000000e+000
    outer loop
      vertex -1.770558e+001  8.338203e+000  1.800000e+000
      vertex -3.319396e+001  8.565594e+000  1.800000e+000
      vertex -3.334053e+001  8.338203e+000  1.800000e+000
    endloop
  endfacet
  facet normal  -0.000000e+000  0.000000e+000  9.999999e-001
    outer loop
      vertex -1.770558e+001  8.338203e+000  1.800000e+000
      vertex -3.334053e+001  8.338203e+000  1.800000e+000
      vertex -1.756575e+001  8.106607e+000  1.800000e+000
    endloop
  endfacet
  facet normal  0.000000e+000  0.000000e+000  1.000000e+000
    outer loop
      vertex -1.756575e+001  8.106607e+000  1.800000e+000
      vertex -3.334053e+001  8.338203e+000  1.800000e+000
      vertex -3.348035e+001  8.106607e+000  1.800000e+000
    endloop
  endfacet
  facet normal  -0.000000e+000  0.000000e+000  1.000000e+000
    outer loop
      vertex -1.756575e+001  8.106607e+000  1.800000e+000
      vertex -3.348035e+001  8.106607e+000  1.800000e+000
      vertex -1.743279e+001  7.871006e+000  1.800000e+000
    endloop
  endfacet
  facet normal  0.000000e+000  0.000000e+000  9.999999e-001
    outer loop
      vertex -1.743279e+001  7.871006e+000  1.800000e+000
      vertex -3.348035e+001  8.106607e+000  1.800000e+000
      vertex -3.361332e+001  7.871006e+000  1.800000e+000
    endloop
  endfacet
  facet normal  -0.000000e+000  0.000000e+000  1.000000e+000
    outer loop
      vertex -1.743279e+001  7.871006e+000  1.800000e+000
      vertex -3.361332e+001  7.871006e+000  1.800000e+000
      vertex -1.730679e+001  7.631604e+000  1.800000e+000
    endloop
  endfacet
  facet normal  0.000000e+000  0.000000e+000  1.000000e+000
    outer loop
      vertex -1.730679e+001  7.631604e+000  1.800000e+000
      vertex -3.361332e+001  7.871006e+000  1.800000e+000
      vertex -3.373931e+001  7.631604e+000  1.800000e+000
    endloop
  endfacet
  facet normal  -0.000000e+000  0.000000e+000  1.000000e+000
    outer loop
      vertex -1.730679e+001  7.631604e+000  1.800000e+000
      vertex -3.373931e+001  7.631604e+000  1.800000e+000
      vertex -1.718788e+001  7.388606e+000  1.800000e+000
    endloop
  endfacet
  facet normal  0.000000e+000  0.000000e+000  1.000000e+000
    outer loop
      vertex -1.718788e+001  7.388606e+000  1.800000e+000
      vertex -3.373931e+001  7.631604e+000  1.800000e+000
      vertex -3.385822e+001  7.388606e+000  1.800000e+000
    endloop
  endfacet
  facet normal  -0.000000e+000  0.000000e+000  1.000000e+000
    outer loop
      vertex -1.718788e+001  7.388606e+000  1.800000e+000
      vertex -3.385822e+001  7.388606e+000  1.800000e+000
      vertex -1.707616e+001  7.142222e+000  1.800000e+000
    endloop
  endfacet
  facet normal  0.000000e+000  0.000000e+000  1.000000e+000
    outer loop
      vertex -1.707616e+001  7.142222e+000  1.800000e+000
      vertex -3.385822e+001  7.388606e+000  1.800000e+000
      vertex -3.396995e+001  7.142222e+000  1.800000e+000
    endloop
  endfacet
  facet normal  -0.000000e+000  0.000000e+000  1.000000e+000
    outer loop
      vertex -1.707616e+001  7.142222e+000  1.800000e+000
      vertex -3.396995e+001  7.142222e+000  1.800000e+000
      vertex -1.697171e+001  6.892664e+000  1.800000e+000
    endloop
  endfacet
  facet normal  0.000000e+000  0.000000e+000  1.000000e+000
    outer loop
      vertex -1.697171e+001  6.892664e+000  1.800000e+000
      vertex -3.396995e+001  7.142222e+000  1.800000e+000
      vertex -3.407439e+001  6.892664e+000  1.800000e+000
    endloop
  endfacet
  facet normal  -0.000000e+000  0.000000e+000  1.000000e+000
    outer loop
      vertex -1.697171e+001  6.892664e+000  1.800000e+000
      vertex -3.407439e+001  6.892664e+000  1.800000e+000
      vertex -1.687464e+001  6.640148e+000  1.800000e+000
    endloop
  endfacet
  facet normal  0.000000e+000  0.000000e+000  9.999999e-001
    outer loop
      vertex -1.687464e+001  6.640148e+000  1.800000e+000
      vertex -3.407439e+001  6.892664e+000  1.800000e+000
      vertex -3.417147e+001  6.640148e+000  1.800000e+000
    endloop
  endfacet
  facet normal  -0.000000e+000  0.000000e+000  9.999999e-001
    outer loop
      vertex -1.687464e+001  6.640148e+000  1.800000e+000
      vertex -3.417147e+001  6.640148e+000  1.800000e+000
      vertex -1.678502e+001  6.384891e+000  1.800000e+000
    endloop
  endfacet
  facet normal  0.000000e+000  0.000000e+000  1.000000e+000
    outer loop
      vertex -1.678502e+001  6.384891e+000  1.800000e+000
      vertex -3.417147e+001  6.640148e+000  1.800000e+000
      vertex -3.426109e+001  6.384891e+000  1.800000e+000
    endloop
  endfacet
  facet normal  -0.000000e+000  0.000000e+000  1.000000e+000
    outer loop
      vertex -1.678502e+001  6.384891e+000  1.800000e+000
      vertex -3.426109e+001  6.384891e+000  1.800000e+000
      vertex -1.670293e+001  6.127112e+000  1.800000e+000
    endloop
  endfacet
  facet normal  0.000000e+000  0.000000e+000  1.000000e+000
    outer loop
      vertex -1.670293e+001  6.127112e+000  1.800000e+000
      vertex -3.426109e+001  6.384891e+000  1.800000e+000
      vertex -3.434317e+001  6.127112e+000  1.800000e+000
    endloop
  endfacet
  facet normal  -0.000000e+000  0.000000e+000  1.000000e+000
    outer loop
      vertex -1.670293e+001  6.127112e+000  1.800000e+000
      vertex -3.434317e+001  6.127112e+000  1.800000e+000
      vertex -1.662845e+001  5.867035e+000  1.800000e+000
    endloop
  endfacet
  facet normal  0.000000e+000  0.000000e+000  9.999999e-001
    outer loop
      vertex -1.662845e+001  5.867035e+000  1.800000e+000
      vertex -3.434317e+001  6.127112e+000  1.800000e+000
      vertex -3.441766e+001  5.867035e+000  1.800000e+000
    endloop
  endfacet
  facet normal  -0.000000e+000  0.000000e+000  9.999999e-001
    outer loop
      vertex -1.662845e+001  5.867035e+000  1.800000e+000
      vertex -3.441766e+001  5.867035e+000  1.800000e+000
      vertex -1.656163e+001  5.604884e+000  1.800000e+000
    endloop
  endfacet
  facet normal  0.000000e+000  0.000000e+000  1.000000e+000
    outer loop
      vertex -1.656163e+001  5.604884e+000  1.800000e+000
      vertex -3.441766e+001  5.867035e+000  1.800000e+000
      vertex -3.448447e+001  5.604884e+000  1.800000e+000
    endloop
  endfacet
  facet normal  -0.000000e+000  0.000000e+000  1.000000e+000
    outer loop
      vertex -1.656163e+001  5.604884e+000  1.800000e+000
      vertex -3.448447e+001  5.604884e+000  1.800000e+000
      vertex -1.650254e+001  5.340884e+000  1.800000e+000
    endloop
  endfacet
  facet normal  0.000000e+000  0.000000e+000  1.000000e+000
    outer loop
      vertex -1.650254e+001  5.340884e+000  1.800000e+000
      vertex -3.448447e+001  5.604884e+000  1.800000e+000
      vertex -3.454357e+001  5.340884e+000  1.800000e+000
    endloop
  endfacet
  facet normal  -0.000000e+000  0.000000e+000  1.000000e+000
    outer loop
      vertex -1.650254e+001  5.340884e+000  1.800000e+000
      vertex -3.454357e+001  5.340884e+000  1.800000e+000
      vertex -1.645122e+001  5.075263e+000  1.800000e+000
    endloop
  endfacet
  facet normal  0.000000e+000  0.000000e+000  1.000000e+000
    outer loop
      vertex -1.645122e+001  5.075263e+000  1.800000e+000
      vertex -3.454357e+001  5.340884e+000  1.800000e+000
      vertex -3.459488e+001  5.075263e+000  1.800000e+000
    endloop
  endfacet
  facet normal  -0.000000e+000  0.000000e+000  1.000000e+000
    outer loop
      vertex -1.645122e+001  5.075263e+000  1.800000e+000
      vertex -3.459488e+001  5.075263e+000  1.800000e+000
      vertex -1.640772e+001  4.808250e+000  1.800000e+000
    endloop
  endfacet
  facet normal  0.000000e+000  0.000000e+000  1.000000e+000
    outer loop
      vertex -1.640772e+001  4.808250e+000  1.800000e+000
      vertex -3.459488e+001  5.075263e+000  1.800000e+000
      vertex -3.463838e+001  4.808250e+000  1.800000e+000
    endloop
  endfacet
  facet normal  -0.000000e+000  0.000000e+000  1.000000e+000
    outer loop
      vertex -1.640772e+001  4.808250e+000  1.800000e+000
      vertex -3.463838e+001  4.808250e+000  1.800000e+000
      vertex -1.637209e+001  4.540076e+000  1.800000e+000
    endloop
  endfacet
  facet normal  0.000000e+000  0.000000e+000  1.000000e+000
    outer loop
      vertex -1.637209e+001  4.540076e+000  1.800000e+000
      vertex -3.463838e+001  4.808250e+000  1.800000e+000
      vertex -3.467402e+001  4.540076e+000  1.800000e+000
    endloop
  endfacet
  facet normal  -0.000000e+000  0.000000e+000  1.000000e+000
    outer loop
      vertex -1.637209e+001  4.540076e+000  1.800000e+000
      vertex -3.467402e+001  4.540076e+000  1.800000e+000
      vertex -1.634433e+001  4.270970e+000  1.800000e+000
    endloop
  endfacet
  facet normal  0.000000e+000  0.000000e+000  1.000000e+000
    outer loop
      vertex -1.634433e+001  4.270970e+000  1.800000e+000
      vertex -3.467402e+001  4.540076e+000  1.800000e+000
      vertex -3.470177e+001  4.270970e+000  1.800000e+000
    endloop
  endfacet
  facet normal  -0.000000e+000  0.000000e+000  1.000000e+000
    outer loop
      vertex -1.634433e+001  4.270970e+000  1.800000e+000
      vertex -3.470177e+001  4.270970e+000  1.800000e+000
      vertex -1.632449e+001  4.001166e+000  1.800000e+000
    endloop
  endfacet
  facet normal  0.000000e+000  0.000000e+000  1.000000e+000
    outer loop
      vertex -1.632449e+001  4.001166e+000  1.800000e+000
      vertex -3.470177e+001  4.270970e+000  1.800000e+000
      vertex -3.472161e+001  4.001166e+000  1.800000e+000
    endloop
  endfacet
  facet normal  -0.000000e+000  0.000000e+000  1.000000e+000
    outer loop
      vertex -1.632449e+001  4.001166e+000  1.800000e+000
      vertex -3.472161e+001  4.001166e+000  1.800000e+000
      vertex -1.631258e+001  3.730896e+000  1.800000e+000
    endloop
  endfacet
  facet normal  0.000000e+000  0.000000e+000  9.999999e-001
    outer loop
      vertex -1.631258e+001  3.730896e+000  1.800000e+000
      vertex -3.472161e+001  4.001166e+000  1.800000e+000
      vertex -3.473352e+001  3.730896e+000  1.800000e+000
    endloop
  endfacet
  facet normal  -0.000000e+000  0.000000e+000  1.000000e+000
    outer loop
      vertex -1.631258e+001  3.730896e+000  1.800000e+000
      vertex -3.473352e+001  3.730896e+000  1.800000e+000
      vertex -1.630861e+001  3.460393e+000  1.800000e+000
    endloop
  endfacet
  facet normal  0.000000e+000  0.000000e+000  1.000000e+000
    outer loop
      vertex -1.630861e+001  3.460393e+000  1.800000e+000
      vertex -3.473352e+001  3.730896e+000  1.800000e+000
      vertex -3.473749e+001  3.460393e+000  1.800000e+000
    endloop
  endfacet
  facet normal  -0.000000e+000  0.000000e+000  1.000000e+000
    outer loop
      vertex -1.630861e+001  3.460393e+000  1.800000e+000
      vertex -3.473749e+001  3.460393e+000  1.800000e+000
      vertex -1.631258e+001  3.189889e+000  1.800000e+000
    endloop
  endfacet
  facet normal  0.000000e+000  0.000000e+000  1.000000e+000
    outer loop
      vertex -1.631258e+001  3.189889e+000  1.800000e+000
      vertex -3.473749e+001  3.460393e+000  1.800000e+000
      vertex -3.473352e+001  3.189889e+000  1.800000e+000
    endloop
  endfacet
  facet normal  -0.000000e+000  0.000000e+000  9.999999e-001
    outer loop
      vertex -1.631258e+001  3.189889e+000  1.800000e+000
      vertex -3.473352e+001  3.189889e+000  1.800000e+000
      vertex -1.632449e+001  2.919619e+000  1.800000e+000
    endloop
  endfacet
  facet normal  0.000000e+000  0.000000e+000  1.000000e+000
    outer loop
      vertex -1.632449e+001  2.919619e+000  1.800000e+000
      vertex -3.473352e+001  3.189889e+000  1.800000e+000
      vertex -3.472161e+001  2.919619e+000  1.800000e+000
    endloop
  endfacet
  facet normal  -0.000000e+000  0.000000e+000  1.000000e+000
    outer loop
      vertex -1.632449e+001  2.919619e+000  1.800000e+000
      vertex -3.472161e+001  2.919619e+000  1.800000e+000
      vertex -1.634433e+001  2.649815e+000  1.800000e+000
    endloop
  endfacet
  facet normal  0.000000e+000  0.000000e+000  1.000000e+000
    outer loop
      vertex -1.634433e+001  2.649815e+000  1.800000e+000
      vertex -3.472161e+001  2.919619e+000  1.800000e+000
      vertex -3.470177e+001  2.649815e+000  1.800000e+000
    endloop
  endfacet
  facet normal  -0.000000e+000  0.000000e+000  1.000000e+000
    outer loop
      vertex -1.634433e+001  2.649815e+000  1.800000e+000
      vertex -3.470177e+001  2.649815e+000  1.800000e+000
      vertex -1.637209e+001  2.380710e+000  1.800000e+000
    endloop
  endfacet
  facet normal  0.000000e+000  0.000000e+000  1.000000e+000
    outer loop
      vertex -1.637209e+001  2.380710e+000  1.800000e+000
      vertex -3.470177e+001  2.649815e+000  1.800000e+000
      vertex -3.467402e+001  2.380710e+000  1.800000e+000
    endloop
  endfacet
  facet normal  -0.000000e+000  0.000000e+000  1.000000e+000
    outer loop
      vertex -1.637209e+001  2.380710e+000  1.800000e+000
      vertex -3.467402e+001  2.380710e+000  1.800000e+000
      vertex -1.640772e+001  2.112535e+000  1.800000e+000
    endloop
  endfacet
  facet normal  0.000000e+000  0.000000e+000  1.000000e+000
    outer loop
      vertex -1.640772e+001  2.112535e+000  1.800000e+000
      vertex -3.467402e+001  2.380710e+000  1.800000e+000
      vertex -3.463838e+001  2.112535e+000  1.800000e+000
    endloop
  endfacet
  facet normal  -0.000000e+000  0.000000e+000  1.000000e+000
    outer loop
      vertex -1.640772e+001  2.112535e+000  1.800000e+000
      vertex -3.463838e+001  2.112535e+000  1.800000e+000
      vertex -1.645122e+001  1.845522e+000  1.800000e+000
    endloop
  endfacet
  facet normal  0.000000e+000  0.000000e+000  1.000000e+000
    outer loop
      vertex -1.645122e+001  1.845522e+000  1.800000e+000
      vertex -3.463838e+001  2.112535e+000  1.800000e+000
      vertex -3.459488e+001  1.845522e+000  1.800000e+000
    endloop
  endfacet
  facet normal  -0.000000e+000  0.000000e+000  9.999999e-001
    outer loop
      vertex -1.645122e+001  1.845522e+000  1.800000e+000
      vertex -3.459488e+001  1.845522e+000  1.800000e+000
      vertex -1.650254e+001  1.579901e+000  1.800000e+000
    endloop
  endfacet
  facet normal  0.000000e+000  0.000000e+000  1.000000e+000
    outer loop
      vertex -1.650254e+001  1.579901e+000  1.800000e+000
      vertex -3.459488e+001  1.845522e+000  1.800000e+000
      vertex -3.454357e+001  1.579901e+000  1.800000e+000
    endloop
  endfacet
  facet normal  -0.000000e+000  0.000000e+000  1.000000e+000
    outer loop
      vertex -1.650254e+001  1.579901e+000  1.800000e+000
      vertex -3.454357e+001  1.579901e+000  1.800000e+000
      vertex -1.656163e+001  1.315901e+000  1.800000e+000
    endloop
  endfacet
  facet normal  0.000000e+000  0.000000e+000  1.000000e+000
    outer loop
      vertex -1.656163e+001  1.315901e+000  1.800000e+000
      vertex -3.454357e+001  1.579901e+000  1.800000e+000
      vertex -3.448447e+001  1.315901e+000  1.800000e+000
    endloop
  endfacet
  facet normal  -0.000000e+000  0.000000e+000  1.000000e+000
    outer loop
      vertex -1.656163e+001  1.315901e+000  1.800000e+000
      vertex -3.448447e+001  1.315901e+000  1.800000e+000
      vertex -1.662845e+001  1.053750e+000  1.800000e+000
    endloop
  endfacet
  facet normal  0.000000e+000  0.000000e+000  1.000000e+000
    outer loop
      vertex -1.662845e+001  1.053750e+000  1.800000e+000
      vertex -3.448447e+001  1.315901e+000  1.800000e+000
      vertex -3.441766e+001  1.053750e+000  1.800000e+000
    endloop
  endfacet
  facet normal  -0.000000e+000  0.000000e+000  9.999999e-001
    outer loop
      vertex -1.662845e+001  1.053750e+000  1.800000e+000
      vertex -3.441766e+001  1.053750e+000  1.800000e+000
      vertex -1.670293e+001  7.936732e-001  1.800000e+000
    endloop
  endfacet
  facet normal  0.000000e+000  0.000000e+000  1.000000e+000
    outer loop
      vertex -1.670293e+001  7.936732e-001  1.800000e+000
      vertex -3.441766e+001  1.053750e+000  1.800000e+000
      vertex -3.434317e+001  7.936732e-001  1.800000e+000
    endloop
  endfacet
  facet normal  -0.000000e+000  0.000000e+000  1.000000e+000
    outer loop
      vertex -1.670293e+001  7.936732e-001  1.800000e+000
      vertex -3.434317e+001  7.936732e-001  1.800000e+000
      vertex -1.678502e+001  5.358950e-001  1.800000e+000
    endloop
  endfacet
  facet normal  0.000000e+000  0.000000e+000  1.000000e+000
    outer loop
      vertex -1.678502e+001  5.358950e-001  1.800000e+000
      vertex -3.434317e+001  7.936732e-001  1.800000e+000
      vertex -3.426109e+001  5.358950e-001  1.800000e+000
    endloop
  endfacet
  facet normal  -0.000000e+000  0.000000e+000  1.000000e+000
    outer loop
      vertex -1.678502e+001  5.358950e-001  1.800000e+000
      vertex -3.426109e+001  5.358950e-001  1.800000e+000
      vertex -1.687464e+001  2.806377e-001  1.800000e+000
    endloop
  endfacet
  facet normal  0.000000e+000  0.000000e+000  1.000000e+000
    outer loop
      vertex -1.687464e+001  2.806377e-001  1.800000e+000
      vertex -3.426109e+001  5.358950e-001  1.800000e+000
      vertex -3.417147e+001  2.806377e-001  1.800000e+000
    endloop
  endfacet
  facet normal  -0.000000e+000  0.000000e+000  1.000000e+000
    outer loop
      vertex -1.687464e+001  2.806377e-001  1.800000e+000
      vertex -3.417147e+001  2.806377e-001  1.800000e+000
      vertex -1.697171e+001  2.812127e-002  1.800000e+000
    endloop
  endfacet
  facet normal  0.000000e+000  0.000000e+000  1.000000e+000
    outer loop
      vertex -1.697171e+001  2.812127e-002  1.800000e+000
      vertex -3.417147e+001  2.806377e-001  1.800000e+000
      vertex -3.407439e+001  2.812127e-002  1.800000e+000
    endloop
  endfacet
  facet normal  -0.000000e+000  0.000000e+000  1.000000e+000
    outer loop
      vertex -1.697171e+001  2.812127e-002  1.800000e+000
      vertex -3.407439e+001  2.812127e-002  1.800000e+000
      vertex -1.707616e+001 -2.214366e-001  1.800000e+000
    endloop
  endfacet
  facet normal  0.000000e+000  0.000000e+000  1.000000e+000
    outer loop
      vertex -1.707616e+001 -2.214366e-001  1.800000e+000
      vertex -3.407439e+001  2.812127e-002  1.800000e+000
      vertex -3.396995e+001 -2.214366e-001  1.800000e+000
    endloop
  endfacet
  facet normal  -0.000000e+000  0.000000e+000  1.000000e+000
    outer loop
      vertex -1.707616e+001 -2.214366e-001  1.800000e+000
      vertex -3.396995e+001 -2.214366e-001  1.800000e+000
      vertex -1.718788e+001 -4.678207e-001  1.800000e+000
    endloop
  endfacet
  facet normal  0.000000e+000  0.000000e+000  1.000000e+000
    outer loop
      vertex -1.718788e+001 -4.678207e-001  1.800000e+000
      vertex -3.396995e+001 -2.214366e-001  1.800000e+000
      vertex -3.385822e+001 -4.678207e-001  1.800000e+000
    endloop
  endfacet
  facet normal  -0.000000e+000  0.000000e+000  1.000000e+000
    outer loop
      vertex -1.718788e+001 -4.678207e-001  1.800000e+000
      vertex -3.385822e+001 -4.678207e-001  1.800000e+000
      vertex -1.730679e+001 -7.108188e-001  1.800000e+000
    endloop
  endfacet
  facet normal  0.000000e+000  0.000000e+000  1.000000e+000
    outer loop
      vertex -1.730679e+001 -7.108188e-001  1.800000e+000
      vertex -3.385822e+001 -4.678207e-001  1.800000e+000
      vertex -3.373931e+001 -7.108188e-001  1.800000e+000
    endloop
  endfacet
  facet normal  -0.000000e+000  0.000000e+000  1.000000e+000
    outer loop
      vertex -1.730679e+001 -7.108188e-001  1.800000e+000
      vertex -3.373931e+001 -7.108188e-001  1.800000e+000
      vertex -1.743279e+001 -9.502213e-001  1.800000e+000
    endloop
  endfacet
  facet normal  0.000000e+000  0.000000e+000  9.999999e-001
    outer loop
      vertex -1.743279e+001 -9.502213e-001  1.800000e+000
      vertex -3.373931e+001 -7.108188e-001  1.800000e+000
      vertex -3.361332e+001 -9.502213e-001  1.800000e+000
    endloop
  endfacet
  facet normal  -0.000000e+000  0.000000e+000  1.000000e+000
    outer loop
      vertex -1.743279e+001 -9.502213e-001  1.800000e+000
      vertex -3.361332e+001 -9.502213e-001  1.800000e+000
      vertex -1.756575e+001 -1.185822e+000  1.800000e+000
    endloop
  endfacet
  facet normal  0.000000e+000  0.000000e+000  9.999999e-001
    outer loop
      vertex -1.756575e+001 -1.185822e+000  1.800000e+000
      vertex -3.361332e+001 -9.502213e-001  1.800000e+000
      vertex -3.348035e+001 -1.185822e+000  1.800000e+000
    endloop
  endfacet
  facet normal  -0.000000e+000  0.000000e+000  1.000000e+000
    outer loop
      vertex -1.756575e+001 -1.185822e+000  1.800000e+000
      vertex -3.348035e+001 -1.185822e+000  1.800000e+000
      vertex -1.770558e+001 -1.417418e+000  1.800000e+000
    endloop
  endfacet
  facet normal  0.000000e+000  0.000000e+000  9.999999e-001
    outer loop
      vertex -1.770558e+001 -1.417418e+000  1.800000e+000
      vertex -3.348035e+001 -1.185822e+000  1.800000e+000
      vertex -3.334053e+001 -1.417418e+000  1.800000e+000
    endloop
  endfacet
  facet normal  -0.000000e+000  0.000000e+000  1.000000e+000
    outer loop
      vertex -1.770558e+001 -1.417418e+000  1.800000e+000
      vertex -3.334053e+001 -1.417418e+000  1.800000e+000
      vertex -1.785214e+001 -1.644809e+000  1.800000e+000
    endloop
  endfacet
  facet normal  0.000000e+000  0.000000e+000  9.999999e-001
    outer loop
      vertex -1.785214e+001 -1.644809e+000  1.800000e+000
      vertex -3.334053e+001 -1.417418e+000  1.800000e+000
      vertex -3.319396e+001 -1.644809e+000  1.800000e+000
    endloop
  endfacet
  facet normal  -0.000000e+000  0.000000e+000  1.000000e+000
    outer loop
      vertex -1.785214e+001 -1.644809e+000  1.800000e+000
      vertex -3.319396e+001 -1.644809e+000  1.800000e+000
      vertex -1.800532e+001 -1.867799e+000  1.800000e+000
    endloop
  endfacet
  facet normal  0.000000e+000  0.000000e+000  9.999999e-001
    outer loop
      vertex -1.800532e+001 -1.867799e+000  1.800000e+000
      vertex -3.319396e+001 -1.644809e+000  1.800000e+000
      vertex -3.304078e+001 -1.867799e+000  1.800000e+000
    endloop
  endfacet
  facet normal  -0.000000e+000  0.000000e+000  1.000000e+000
    outer loop
      vertex -1.800532e+001 -1.867799e+000  1.800000e+000
      vertex -3.304078e+001 -1.867799e+000  1.800000e+000
      vertex -1.816498e+001 -2.086197e+000  1.800000e+000
    endloop
  endfacet
  facet normal  0.000000e+000  0.000000e+000  1.000000e+000
    outer loop
      vertex -1.816498e+001 -2.086197e+000  1.800000e+000
      vertex -3.304078e+001 -1.867799e+000  1.800000e+000
      vertex -3.288113e+001 -2.086197e+000  1.800000e+000
    endloop
  endfacet
  facet normal  -0.000000e+000  0.000000e+000  9.999999e-001
    outer loop
      vertex -1.816498e+001 -2.086197e+000  1.800000e+000
      vertex -3.288113e+001 -2.086197e+000  1.800000e+000
      vertex -1.833098e+001 -2.299813e+000  1.800000e+000
    endloop
  endfacet
  facet normal  0.000000e+000  0.000000e+000  9.999999e-001
    outer loop
      vertex -1.833098e+001 -2.299813e+000  1.800000e+000
      vertex -3.288113e+001 -2.086197e+000  1.800000e+000
      vertex -3.271513e+001 -2.299813e+000  1.800000e+000
    endloop
  endfacet
  facet normal  -0.000000e+000  0.000000e+000  1.000000e+000
    outer loop
      vertex -1.833098e+001 -2.299813e+000  1.800000e+000
      vertex -3.271513e+001 -2.299813e+000  1.800000e+000
      vertex -1.850318e+001 -2.508464e+000  1.800000e+000
    endloop
  endfacet
  facet normal  0.000000e+000  0.000000e+000  1.000000e+000
    outer loop
      vertex -1.850318e+001 -2.508464e+000  1.800000e+000
      vertex -3.271513e+001 -2.299813e+000  1.800000e+000
      vertex -3.254293e+001 -2.508464e+000  1.800000e+000
    endloop
  endfacet
  facet normal  -0.000000e+000  0.000000e+000  1.000000e+000
    outer loop
      vertex -1.850318e+001 -2.508464e+000  1.800000e+000
      vertex -3.254293e+001 -2.508464e+000  1.800000e+000
      vertex -1.868143e+001 -2.711971e+000  1.800000e+000
    endloop
  endfacet
  facet normal  0.000000e+000  0.000000e+000  1.000000e+000
    outer loop
      vertex -1.868143e+001 -2.711971e+000  1.800000e+000
      vertex -3.254293e+001 -2.508464e+000  1.800000e+000
      vertex -3.236468e+001 -2.711971e+000  1.800000e+000
    endloop
  endfacet
  facet normal  -0.000000e+000  0.000000e+000  1.000000e+000
    outer loop
      vertex -1.868143e+001 -2.711971e+000  1.800000e+000
      vertex -3.236468e+001 -2.711971e+000  1.800000e+000
      vertex -1.886557e+001 -2.910156e+000  1.800000e+000
    endloop
  endfacet
  facet normal  0.000000e+000  0.000000e+000  1.000000e+000
    outer loop
      vertex -1.886557e+001 -2.910156e+000  1.800000e+000
      vertex -3.236468e+001 -2.711971e+000  1.800000e+000
      vertex -3.218053e+001 -2.910156e+000  1.800000e+000
    endloop
  endfacet
  facet normal  -0.000000e+000  0.000000e+000  9.999999e-001
    outer loop
      vertex -1.886557e+001 -2.910156e+000  1.800000e+000
      vertex -3.218053e+001 -2.910156e+000  1.800000e+000
      vertex -1.905546e+001 -3.102851e+000  1.800000e+000
    endloop
  endfacet
  facet normal  0.000000e+000  0.000000e+000  1.000000e+000
    outer loop
      vertex -1.905546e+001 -3.102851e+000  1.800000e+000
      vertex -3.218053e+001 -2.910156e+000  1.800000e+000
      vertex -3.199065e+001 -3.102851e+000  1.800000e+000
    endloop
  endfacet
  facet normal  -0.000000e+000  0.000000e+000  1.000000e+000
    outer loop
      vertex -1.905546e+001 -3.102851e+000  1.800000e+000
      vertex -3.199065e+001 -3.102851e+000  1.800000e+000
      vertex -1.925092e+001 -3.289888e+000  1.800000e+000
    endloop
  endfacet
  facet normal  0.000000e+000  0.000000e+000  1.000000e+000
    outer loop
      vertex -1.925092e+001 -3.289888e+000  1.800000e+000
      vertex -3.199065e+001 -3.102851e+000  1.800000e+000
      vertex -3.179519e+001 -3.289888e+000  1.800000e+000
    endloop
  endfacet
  facet normal  -0.000000e+000  0.000000e+000  1.000000e+000
    outer loop
      vertex -1.925092e+001 -3.289888e+000  1.800000e+000
      vertex -3.179519e+001 -3.289888e+000  1.800000e+000
      vertex -1.945179e+001 -3.471106e+000  1.800000e+000
    endloop
  endfacet
  facet normal  0.000000e+000  0.000000e+000  1.000000e+000
    outer loop
      vertex -1.945179e+001 -3.471106e+000  1.800000e+000
      vertex -3.179519e+001 -3.289888e+000  1.800000e+000
      vertex -3.159432e+001 -3.471106e+000  1.800000e+000
    endloop
  endfacet
  facet normal  -0.000000e+000  0.000000e+000  1.000000e+000
    outer loop
      vertex -1.945179e+001 -3.471106e+000  1.800000e+000
      vertex -3.159432e+001 -3.471106e+000  1.800000e+000
      vertex -1.965789e+001 -3.646349e+000  1.800000e+000
    endloop
  endfacet
  facet normal  0.000000e+000  0.000000e+000  1.000000e+000
    outer loop
      vertex -1.965789e+001 -3.646349e+000  1.800000e+000
      vertex -3.159432e+001 -3.471106e+000  1.800000e+000
      vertex -3.138822e+001 -3.646349e+000  1.800000e+000
    endloop
  endfacet
  facet normal  -0.000000e+000  0.000000e+000  1.000000e+000
    outer loop
      vertex -1.965789e+001 -3.646349e+000  1.800000e+000
      vertex -3.138822e+001 -3.646349e+000  1.800000e+000
      vertex -1.986905e+001 -3.815467e+000  1.800000e+000
    endloop
  endfacet
  facet normal  0.000000e+000  0.000000e+000  1.000000e+000
    outer loop
      vertex -1.986905e+001 -3.815467e+000  1.800000e+000
      vertex -3.138822e+001 -3.646349e+000  1.800000e+000
      vertex -3.117706e+001 -3.815467e+000  1.800000e+000
    endloop
  endfacet
  facet normal  -0.000000e+000  0.000000e+000  1.000000e+000
    outer loop
      vertex -1.986905e+001 -3.815467e+000  1.800000e+000
      vertex -3.117706e+001 -3.815467e+000  1.800000e+000
      vertex -2.008508e+001 -3.978312e+000  1.800000e+000
    endloop
  endfacet
  facet normal  0.000000e+000  0.000000e+000  1.000000e+000
    outer loop
      vertex -2.008508e+001 -3.978312e+000  1.800000e+000
      vertex -3.117706e+001 -3.815467e+000  1.800000e+000
      vertex -3.096103e+001 -3.978312e+000  1.800000e+000
    endloop
  endfacet
  facet normal  -0.000000e+000  0.000000e+000  1.000000e+000
    outer loop
      vertex -2.008508e+001 -3.978312e+000  1.800000e+000
      vertex -3.096103e+001 -3.978312e+000  1.800000e+000
      vertex -2.030579e+001 -4.134746e+000  1.800000e+000
    endloop
  endfacet
  facet normal  0.000000e+000  0.000000e+000  1.000000e+000
    outer loop
      vertex -2.030579e+001 -4.134746e+000  1.800000e+000
      vertex -3.096103e+001 -3.978312e+000  1.800000e+000
      vertex -3.074031e+001 -4.134746e+000  1.800000e+000
    endloop
  endfacet
  facet normal  -0.000000e+000  0.000000e+000  1.000000e+000
    outer loop
      vertex -2.030579e+001 -4.134746e+000  1.800000e+000
      vertex -3.074031e+001 -4.134746e+000  1.800000e+000
      vertex -2.053101e+001 -4.284633e+000  1.800000e+000
    endloop
  endfacet
  facet normal  0.000000e+000  0.000000e+000  1.000000e+000
    outer loop
      vertex -2.053101e+001 -4.284633e+000  1.800000e+000
      vertex -3.074031e+001 -4.134746e+000  1.800000e+000
      vertex -3.051510e+001 -4.284633e+000  1.800000e+000
    endloop
  endfacet
  facet normal  -0.000000e+000  0.000000e+000  1.000000e+000
    outer loop
      vertex -2.053101e+001 -4.284633e+000  1.800000e+000
      vertex -3.051510e+001 -4.284633e+000  1.800000e+000
      vertex -2.076053e+001 -4.427844e+000  1.800000e+000
    endloop
  endfacet
  facet normal  0.000000e+000  0.000000e+000  1.000000e+000
    outer loop
      vertex -2.076053e+001 -4.427844e+000  1.800000e+000
      vertex -3.051510e+001 -4.284633e+000  1.800000e+000
      vertex -3.028558e+001 -4.427844e+000  1.800000e+000
    endloop
  endfacet
  facet normal  -0.000000e+000  0.000000e+000  1.000000e+000
    outer loop
      vertex -2.076053e+001 -4.427844e+000  1.800000e+000
      vertex -3.028558e+001 -4.427844e+000  1.800000e+000
      vertex -2.099415e+001 -4.564255e+000  1.800000e+000
    endloop
  endfacet
  facet normal  0.000000e+000  0.000000e+000  1.000000e+000
    outer loop
      vertex -2.099415e+001 -4.564255e+000  1.800000e+000
      vertex -3.028558e+001 -4.427844e+000  1.800000e+000
      vertex -3.005195e+001 -4.564255e+000  1.800000e+000
    endloop
  endfacet
  facet normal  -0.000000e+000  0.000000e+000  1.000000e+000
    outer loop
      vertex -2.099415e+001 -4.564255e+000  1.800000e+000
      vertex -3.005195e+001 -4.564255e+000  1.800000e+000
      vertex -2.123168e+001 -4.693749e+000  1.800000e+000
    endloop
  endfacet
  facet normal  0.000000e+000  0.000000e+000  1.000000e+000
    outer loop
      vertex -2.123168e+001 -4.693749e+000  1.800000e+000
      vertex -3.005195e+001 -4.564255e+000  1.800000e+000
      vertex -2.981443e+001 -4.693749e+000  1.800000e+000
    endloop
  endfacet
  facet normal  -0.000000e+000  0.000000e+000  1.000000e+000
    outer loop
      vertex -2.123168e+001 -4.693749e+000  1.800000e+000
      vertex -2.981443e+001 -4.693749e+000  1.800000e+000
      vertex -2.147290e+001 -4.816214e+000  1.800000e+000
    endloop
  endfacet
  facet normal  0.000000e+000  0.000000e+000  1.000000e+000
    outer loop
      vertex -2.147290e+001 -4.816214e+000  1.800000e+000
      vertex -2.981443e+001 -4.693749e+000  1.800000e+000
      vertex -2.957320e+001 -4.816214e+000  1.800000e+000
    endloop
  endfacet
  facet normal  -0.000000e+000  0.000000e+000  9.999999e-001
    outer loop
      vertex -2.147290e+001 -4.816214e+000  1.800000e+000
      vertex -2.957320e+001 -4.816214e+000  1.800000e+000
      vertex -2.171762e+001 -4.931545e+000  1.800000e+000
    endloop
  endfacet
  facet normal  0.000000e+000  0.000000e+000  9.999999e-001
    outer loop
      vertex -2.171762e+001 -4.931545e+000  1.800000e+000
      vertex -2.957320e+001 -4.816214e+000  1.800000e+000
      vertex -2.932848e+001 -4.931545e+000  1.800000e+000
    endloop
  endfacet
  facet normal  -0.000000e+000  0.000000e+000  9.999999e-001
    outer loop
      vertex -2.171762e+001 -4.931545e+000  1.800000e+000
      vertex -2.932848e+001 -4.931545e+000  1.800000e+000
      vertex -2.196562e+001 -5.039642e+000  1.800000e+000
    endloop
  endfacet
  facet normal  0.000000e+000  0.000000e+000  1.000000e+000
    outer loop
      vertex -2.196562e+001 -5.039642e+000  1.800000e+000
      vertex -2.932848e+001 -4.931545e+000  1.800000e+000
      vertex -2.908049e+001 -5.039642e+000  1.800000e+000
    endloop
  endfacet
  facet normal  -0.000000e+000  0.000000e+000  1.000000e+000
    outer loop
      vertex -2.196562e+001 -5.039642e+000  1.800000e+000
      vertex -2.908049e+001 -5.039642e+000  1.800000e+000
      vertex -2.221668e+001 -5.140412e+000  1.800000e+000
    endloop
  endfacet
  facet normal  0.000000e+000  0.000000e+000  1.000000e+000
    outer loop
      vertex -2.221668e+001 -5.140412e+000  1.800000e+000
      vertex -2.908049e+001 -5.039642e+000  1.800000e+000
      vertex -2.882942e+001 -5.140412e+000  1.800000e+000
    endloop
  endfacet
  facet normal  -0.000000e+000  0.000000e+000  1.000000e+000
    outer loop
      vertex -2.221668e+001 -5.140412e+000  1.800000e+000
      vertex -2.882942e+001 -5.140412e+000  1.800000e+000
      vertex -2.247060e+001 -5.233768e+000  1.800000e+000
    endloop
  endfacet
  facet normal  0.000000e+000  0.000000e+000  1.000000e+000
    outer loop
      vertex -2.247060e+001 -5.233768e+000  1.800000e+000
      vertex -2.882942e+001 -5.140412e+000  1.800000e+000
      vertex -2.857551e+001 -5.233768e+000  1.800000e+000
    endloop
  endfacet
  facet normal  -0.000000e+000  0.000000e+000  1.000000e+000
    outer loop
      vertex -2.247060e+001 -5.233768e+000  1.800000e+000
      vertex -2.857551e+001 -5.233768e+000  1.800000e+000
      vertex -2.272714e+001 -5.319631e+000  1.800000e+000
    endloop
  endfacet
  facet normal  0.000000e+000  0.000000e+000  1.000000e+000
    outer loop
      vertex -2.272714e+001 -5.319631e+000  1.800000e+000
      vertex -2.857551e+001 -5.233768e+000  1.800000e+000
      vertex -2.831896e+001 -5.319631e+000  1.800000e+000
    endloop
  endfacet
  facet normal  -0.000000e+000  0.000000e+000  1.000000e+000
    outer loop
      vertex -2.272714e+001 -5.319631e+000  1.800000e+000
      vertex -2.831896e+001 -5.319631e+000  1.800000e+000
      vertex -2.298610e+001 -5.397924e+000  1.800000e+000
    endloop
  endfacet
  facet normal  0.000000e+000  0.000000e+000  9.999999e-001
    outer loop
      vertex -2.298610e+001 -5.397924e+000  1.800000e+000
      vertex -2.831896e+001 -5.319631e+000  1.800000e+000
      vertex -2.806001e+001 -5.397924e+000  1.800000e+000
    endloop
  endfacet
  facet normal  -0.000000e+000  0.000000e+000  1.000000e+000
    outer loop
      vertex -2.298610e+001 -5.397924e+000  1.800000e+000
      vertex -2.806001e+001 -5.397924e+000  1.800000e+000
      vertex -2.324724e+001 -5.468583e+000  1.800000e+000
    endloop
  endfacet
  facet normal  0.000000e+000  0.000000e+000  1.000000e+000
    outer loop
      vertex -2.324724e+001 -5.468583e+000  1.800000e+000
      vertex -2.806001e+001 -5.397924e+000  1.800000e+000
      vertex -2.779886e+001 -5.468583e+000  1.800000e+000
    endloop
  endfacet
  facet normal  -0.000000e+000  0.000000e+000  1.000000e+000
    outer loop
      vertex -2.324724e+001 -5.468583e+000  1.800000e+000
      vertex -2.779886e+001 -5.468583e+000  1.800000e+000
      vertex -2.351034e+001 -5.531544e+000  1.800000e+000
    endloop
  endfacet
  facet normal  0.000000e+000  0.000000e+000  1.000000e+000
    outer loop
      vertex -2.351034e+001 -5.531544e+000  1.800000e+000
      vertex -2.779886e+001 -5.468583e+000  1.800000e+000
      vertex -2.753576e+001 -5.531544e+000  1.800000e+000
    endloop
  endfacet
  facet normal  -0.000000e+000  0.000000e+000  1.000000e+000
    outer loop
      vertex -2.351034e+001 -5.531544e+000  1.800000e+000
      vertex -2.753576e+001 -5.531544e+000  1.800000e+000
      vertex -2.377518e+001 -5.586755e+000  1.800000e+000
    endloop
  endfacet
  facet normal  0.000000e+000  0.000000e+000  1.000000e+000
    outer loop
      vertex -2.377518e+001 -5.586755e+000  1.800000e+000
      vertex -2.753576e+001 -5.531544e+000  1.800000e+000
      vertex -2.727092e+001 -5.586755e+000  1.800000e+000
    endloop
  endfacet
  facet normal  -0.000000e+000  0.000000e+000  1.000000e+000
    outer loop
      vertex -2.377518e+001 -5.586755e+000  1.800000e+000
      vertex -2.727092e+001 -5.586755e+000  1.800000e+000
      vertex -2.404153e+001 -5.634167e+000  1.800000e+000
    endloop
  endfacet
  facet normal  0.000000e+000  0.000000e+000  1.000000e+000
    outer loop
      vertex -2.404153e+001 -5.634167e+000  1.800000e+000
      vertex -2.727092e+001 -5.586755e+000  1.800000e+000
      vertex -2.700458e+001 -5.634167e+000  1.800000e+000
    endloop
  endfacet
  facet normal  -0.000000e+000  0.000000e+000  9.999999e-001
    outer loop
      vertex -2.404153e+001 -5.634167e+000  1.800000e+000
      vertex -2.700458e+001 -5.634167e+000  1.800000e+000
      vertex -2.430915e+001 -5.673739e+000  1.800000e+000
    endloop
  endfacet
  facet normal  0.000000e+000  0.000000e+000  1.000000e+000
    outer loop
      vertex -2.430915e+001 -5.673739e+000  1.800000e+000
      vertex -2.700458e+001 -5.634167e+000  1.800000e+000
      vertex -2.673695e+001 -5.673739e+000  1.800000e+000
    endloop
  endfacet
  facet normal  -0.000000e+000  0.000000e+000  1.000000e+000
    outer loop
      vertex -2.430915e+001 -5.673739e+000  1.800000e+000
      vertex -2.673695e+001 -5.673739e+000  1.800000e+000
      vertex -2.457782e+001 -5.705439e+000  1.800000e+000
    endloop
  endfacet
  facet normal  0.000000e+000  0.000000e+000  1.000000e+000
    outer loop
      vertex -2.457782e+001 -5.705439e+000  1.800000e+000
      vertex -2.673695e+001 -5.673739e+000  1.800000e+000
      vertex -2.646828e+001 -5.705439e+000  1.800000e+000
    endloop
  endfacet
  facet normal  -0.000000e+000  0.000000e+000  1.000000e+000
    outer loop
      vertex -2.457782e+001 -5.705439e+000  1.800000e+000
      vertex -2.646828e+001 -5.705439e+000  1.800000e+000
      vertex -2.484730e+001 -5.729237e+000  1.800000e+000
    endloop
  endfacet
  facet normal  0.000000e+000  0.000000e+000  1.000000e+000
    outer loop
      vertex -2.484730e+001 -5.729237e+000  1.800000e+000
      vertex -2.646828e+001 -5.705439e+000  1.800000e+000
      vertex -2.619880e+001 -5.729237e+000  1.800000e+000
    endloop
  endfacet
  facet normal  -0.000000e+000  0.000000e+000  1.000000e+000
    outer loop
      vertex -2.484730e+001 -5.729237e+000  1.800000e+000
      vertex -2.619880e+001 -5.729237e+000  1.800000e+000
      vertex -2.511737e+001 -5.745113e+000  1.800000e+000
    endloop
  endfacet
  facet normal  0.000000e+000  0.000000e+000  1.000000e+000
    outer loop
      vertex -2.511737e+001 -5.745113e+000  1.800000e+000
      vertex -2.619880e+001 -5.729237e+000  1.800000e+000
      vertex -2.592873e+001 -5.745113e+000  1.800000e+000
    endloop
  endfacet
  facet normal  -0.000000e+000  0.000000e+000  1.000000e+000
    outer loop
      vertex -2.511737e+001 -5.745113e+000  1.800000e+000
      vertex -2.592873e+001 -5.745113e+000  1.800000e+000
      vertex -2.538779e+001 -5.753056e+000  1.800000e+000
    endloop
  endfacet
  facet normal  0.000000e+000  0.000000e+000  1.000000e+000
    outer loop
      vertex -2.538779e+001 -5.753056e+000  1.800000e+000
      vertex -2.592873e+001 -5.745113e+000  1.800000e+000
      vertex -2.565832e+001 -5.753056e+000  1.800000e+000
    endloop
  endfacet
endsolid CATIA STL
