solid CATIA STL
  facet normal  9.997864e-001 -2.066724e-002  0.000000e+000
    outer loop
      vertex -2.096564e+001  2.847670e+001  3.600000e+000
      vertex -2.096564e+001  2.847670e+001  4.400000e+000
      vertex -2.096962e+001  2.828450e+001  3.600000e+000
    endloop
  endfacet
  facet normal  9.997864e-001 -2.066724e-002  0.000000e+000
    outer loop
      vertex -2.096962e+001  2.828450e+001  3.600000e+000
      vertex -2.096564e+001  2.847670e+001  4.400000e+000
      vertex -2.096962e+001  2.828450e+001  4.400000e+000
    endloop
  endfacet
  facet normal  9.980785e-001 -6.196195e-002  0.000000e+000
    outer loop
      vertex -2.096962e+001  2.828450e+001  3.600000e+000
      vertex -2.096962e+001  2.828450e+001  4.400000e+000
      vertex -2.098153e+001  2.809264e+001  3.600000e+000
    endloop
  endfacet
  facet normal  9.980785e-001 -6.196195e-002  0.000000e+000
    outer loop
      vertex -2.098153e+001  2.809264e+001  3.600000e+000
      vertex -2.096962e+001  2.828450e+001  4.400000e+000
      vertex -2.098153e+001  2.809264e+001  4.400000e+000
    endloop
  endfacet
  facet normal  9.946649e-001 -1.031584e-001  0.000000e+000
    outer loop
      vertex -2.098153e+001  2.809264e+001  3.600000e+000
      vertex -2.098153e+001  2.809264e+001  4.400000e+000
      vertex -2.100136e+001  2.790143e+001  3.600000e+000
    endloop
  endfacet
  facet normal  9.946649e-001 -1.031584e-001  0.000000e+000
    outer loop
      vertex -2.100136e+001  2.790143e+001  3.600000e+000
      vertex -2.098153e+001  2.809264e+001  4.400000e+000
      vertex -2.100136e+001  2.790143e+001  4.400000e+000
    endloop
  endfacet
  facet normal  9.895521e-001 -1.441753e-001  0.000000e+000
    outer loop
      vertex -2.100136e+001  2.790143e+001  3.600000e+000
      vertex -2.100136e+001  2.790143e+001  4.400000e+000
      vertex -2.102908e+001  2.771120e+001  3.600000e+000
    endloop
  endfacet
  facet normal  9.895521e-001 -1.441753e-001  0.000000e+000
    outer loop
      vertex -2.102908e+001  2.771120e+001  3.600000e+000
      vertex -2.100136e+001  2.790143e+001  4.400000e+000
      vertex -2.102908e+001  2.771120e+001  4.400000e+000
    endloop
  endfacet
  facet normal  9.827492e-001 -1.849433e-001  0.000000e+000
    outer loop
      vertex -2.102908e+001  2.771120e+001  3.600000e+000
      vertex -2.102908e+001  2.771120e+001  4.400000e+000
      vertex -2.106463e+001  2.752228e+001  3.600000e+000
    endloop
  endfacet
  facet normal  9.827492e-001 -1.849433e-001  0.000000e+000
    outer loop
      vertex -2.106463e+001  2.752228e+001  3.600000e+000
      vertex -2.102908e+001  2.771120e+001  4.400000e+000
      vertex -2.106463e+001  2.752228e+001  4.400000e+000
    endloop
  endfacet
  facet normal  9.742652e-001 -2.254044e-001  0.000000e+000
    outer loop
      vertex -2.106463e+001  2.752228e+001  3.600000e+000
      vertex -2.106463e+001  2.752228e+001  4.400000e+000
      vertex -2.110796e+001  2.733499e+001  3.600000e+000
    endloop
  endfacet
  facet normal  9.742652e-001 -2.254044e-001  0.000000e+000
    outer loop
      vertex -2.110796e+001  2.733499e+001  3.600000e+000
      vertex -2.106463e+001  2.752228e+001  4.400000e+000
      vertex -2.110796e+001  2.733499e+001  4.400000e+000
    endloop
  endfacet
  facet normal  9.641217e-001 -2.654606e-001  0.000000e+000
    outer loop
      vertex -2.110796e+001  2.733499e+001  3.600000e+000
      vertex -2.110796e+001  2.733499e+001  4.400000e+000
      vertex -2.115899e+001  2.714965e+001  3.600000e+000
    endloop
  endfacet
  facet normal  9.641217e-001 -2.654606e-001  0.000000e+000
    outer loop
      vertex -2.115899e+001  2.714965e+001  3.600000e+000
      vertex -2.110796e+001  2.733499e+001  4.400000e+000
      vertex -2.115899e+001  2.714965e+001  4.400000e+000
    endloop
  endfacet
  facet normal  9.523240e-001 -3.050885e-001  0.000000e+000
    outer loop
      vertex -2.115899e+001  2.714965e+001  3.600000e+000
      vertex -2.115899e+001  2.714965e+001  4.400000e+000
      vertex -2.121764e+001  2.696658e+001  3.600000e+000
    endloop
  endfacet
  facet normal  9.523240e-001 -3.050885e-001  0.000000e+000
    outer loop
      vertex -2.121764e+001  2.696658e+001  3.600000e+000
      vertex -2.115899e+001  2.714965e+001  4.400000e+000
      vertex -2.121764e+001  2.696658e+001  4.400000e+000
    endloop
  endfacet
  facet normal  9.389073e-001 -3.441701e-001  0.000000e+000
    outer loop
      vertex -2.121764e+001  2.696658e+001  3.600000e+000
      vertex -2.121764e+001  2.696658e+001  4.400000e+000
      vertex -2.128380e+001  2.678609e+001  3.600000e+000
    endloop
  endfacet
  facet normal  9.389073e-001 -3.441701e-001  0.000000e+000
    outer loop
      vertex -2.128380e+001  2.678609e+001  3.600000e+000
      vertex -2.121764e+001  2.696658e+001  4.400000e+000
      vertex -2.128380e+001  2.678609e+001  4.400000e+000
    endloop
  endfacet
  facet normal  9.238777e-001 -3.826877e-001  0.000000e+000
    outer loop
      vertex -2.128380e+001  2.678609e+001  3.600000e+000
      vertex -2.128380e+001  2.678609e+001  4.400000e+000
      vertex -2.135737e+001  2.660848e+001  3.600000e+000
    endloop
  endfacet
  facet normal  9.238777e-001 -3.826877e-001  0.000000e+000
    outer loop
      vertex -2.135737e+001  2.660848e+001  3.600000e+000
      vertex -2.128380e+001  2.678609e+001  4.400000e+000
      vertex -2.135737e+001  2.660848e+001  4.400000e+000
    endloop
  endfacet
  facet normal  9.072749e-001 -4.205381e-001  0.000000e+000
    outer loop
      vertex -2.135737e+001  2.660848e+001  3.600000e+000
      vertex -2.135737e+001  2.660848e+001  4.400000e+000
      vertex -2.143821e+001  2.643407e+001  3.600000e+000
    endloop
  endfacet
  facet normal  9.072749e-001 -4.205381e-001  0.000000e+000
    outer loop
      vertex -2.143821e+001  2.643407e+001  3.600000e+000
      vertex -2.135737e+001  2.660848e+001  4.400000e+000
      vertex -2.143821e+001  2.643407e+001  4.400000e+000
    endloop
  endfacet
  facet normal  8.891230e-001 -4.576684e-001  0.000000e+000
    outer loop
      vertex -2.143821e+001  2.643407e+001  3.600000e+000
      vertex -2.143821e+001  2.643407e+001  4.400000e+000
      vertex -2.152619e+001  2.626315e+001  3.600000e+000
    endloop
  endfacet
  facet normal  8.891230e-001 -4.576684e-001  0.000000e+000
    outer loop
      vertex -2.152619e+001  2.626315e+001  3.600000e+000
      vertex -2.143821e+001  2.643407e+001  4.400000e+000
      vertex -2.152619e+001  2.626315e+001  4.400000e+000
    endloop
  endfacet
  facet normal  8.694513e-001 -4.940186e-001  0.000000e+000
    outer loop
      vertex -2.152619e+001  2.626315e+001  3.600000e+000
      vertex -2.152619e+001  2.626315e+001  4.400000e+000
      vertex -2.162116e+001  2.609601e+001  3.600000e+000
    endloop
  endfacet
  facet normal  8.694513e-001 -4.940186e-001  0.000000e+000
    outer loop
      vertex -2.162116e+001  2.609601e+001  3.600000e+000
      vertex -2.152619e+001  2.626315e+001  4.400000e+000
      vertex -2.162116e+001  2.609601e+001  4.400000e+000
    endloop
  endfacet
  facet normal  8.482908e-001 -5.295306e-001  0.000000e+000
    outer loop
      vertex -2.162116e+001  2.609601e+001  3.600000e+000
      vertex -2.162116e+001  2.609601e+001  4.400000e+000
      vertex -2.172296e+001  2.593294e+001  3.600000e+000
    endloop
  endfacet
  facet normal  8.482908e-001 -5.295306e-001  0.000000e+000
    outer loop
      vertex -2.172296e+001  2.593294e+001  3.600000e+000
      vertex -2.162116e+001  2.609601e+001  4.400000e+000
      vertex -2.172296e+001  2.593294e+001  4.400000e+000
    endloop
  endfacet
  facet normal  8.256845e-001 -5.641321e-001  0.000000e+000
    outer loop
      vertex -2.172296e+001  2.593294e+001  3.600000e+000
      vertex -2.172296e+001  2.593294e+001  4.400000e+000
      vertex -2.183140e+001  2.577421e+001  3.600000e+000
    endloop
  endfacet
  facet normal  8.256845e-001 -5.641321e-001  0.000000e+000
    outer loop
      vertex -2.183140e+001  2.577421e+001  3.600000e+000
      vertex -2.172296e+001  2.593294e+001  4.400000e+000
      vertex -2.183140e+001  2.577421e+001  4.400000e+000
    endloop
  endfacet
  facet normal  8.016662e-001 -5.977720e-001  0.000000e+000
    outer loop
      vertex -2.183140e+001  2.577421e+001  3.600000e+000
      vertex -2.183140e+001  2.577421e+001  4.400000e+000
      vertex -2.194632e+001  2.562010e+001  3.600000e+000
    endloop
  endfacet
  facet normal  8.016662e-001 -5.977720e-001  0.000000e+000
    outer loop
      vertex -2.194632e+001  2.562010e+001  3.600000e+000
      vertex -2.183140e+001  2.577421e+001  4.400000e+000
      vertex -2.194632e+001  2.562010e+001  4.400000e+000
    endloop
  endfacet
  facet normal  7.762752e-001 -6.303943e-001  0.000000e+000
    outer loop
      vertex -2.194632e+001  2.562010e+001  3.600000e+000
      vertex -2.194632e+001  2.562010e+001  4.400000e+000
      vertex -2.206750e+001  2.547087e+001  3.600000e+000
    endloop
  endfacet
  facet normal  7.762752e-001 -6.303943e-001  0.000000e+000
    outer loop
      vertex -2.206750e+001  2.547087e+001  3.600000e+000
      vertex -2.194632e+001  2.562010e+001  4.400000e+000
      vertex -2.206750e+001  2.547087e+001  4.400000e+000
    endloop
  endfacet
  facet normal  7.495633e-001 -6.619326e-001  0.000000e+000
    outer loop
      vertex -2.206750e+001  2.547087e+001  3.600000e+000
      vertex -2.206750e+001  2.547087e+001  4.400000e+000
      vertex -2.219475e+001  2.532678e+001  3.600000e+000
    endloop
  endfacet
  facet normal  7.495633e-001 -6.619326e-001  0.000000e+000
    outer loop
      vertex -2.219475e+001  2.532678e+001  3.600000e+000
      vertex -2.206750e+001  2.547087e+001  4.400000e+000
      vertex -2.219475e+001  2.532678e+001  4.400000e+000
    endloop
  endfacet
  facet normal  7.215707e-001 -6.923408e-001  0.000000e+000
    outer loop
      vertex -2.219475e+001  2.532678e+001  3.600000e+000
      vertex -2.219475e+001  2.532678e+001  4.400000e+000
      vertex -2.232784e+001  2.518807e+001  3.600000e+000
    endloop
  endfacet
  facet normal  7.215707e-001 -6.923408e-001  0.000000e+000
    outer loop
      vertex -2.232784e+001  2.518807e+001  3.600000e+000
      vertex -2.219475e+001  2.532678e+001  4.400000e+000
      vertex -2.232784e+001  2.518807e+001  4.400000e+000
    endloop
  endfacet
  facet normal  6.923459e-001 -7.215657e-001  0.000000e+000
    outer loop
      vertex -2.232784e+001  2.518807e+001  3.600000e+000
      vertex -2.232784e+001  2.518807e+001  4.400000e+000
      vertex -2.246655e+001  2.505497e+001  3.600000e+000
    endloop
  endfacet
  facet normal  6.923459e-001 -7.215657e-001  0.000000e+000
    outer loop
      vertex -2.246655e+001  2.505497e+001  3.600000e+000
      vertex -2.232784e+001  2.518807e+001  4.400000e+000
      vertex -2.246655e+001  2.505497e+001  4.400000e+000
    endloop
  endfacet
  facet normal  6.619278e-001 -7.495677e-001  0.000000e+000
    outer loop
      vertex -2.246655e+001  2.505497e+001  3.600000e+000
      vertex -2.246655e+001  2.505497e+001  4.400000e+000
      vertex -2.261065e+001  2.492772e+001  3.600000e+000
    endloop
  endfacet
  facet normal  6.619278e-001 -7.495677e-001  0.000000e+000
    outer loop
      vertex -2.261065e+001  2.492772e+001  3.600000e+000
      vertex -2.246655e+001  2.505497e+001  4.400000e+000
      vertex -2.261065e+001  2.492772e+001  4.400000e+000
    endloop
  endfacet
  facet normal  6.303883e-001 -7.762800e-001  0.000000e+000
    outer loop
      vertex -2.261065e+001  2.492772e+001  3.600000e+000
      vertex -2.261065e+001  2.492772e+001  4.400000e+000
      vertex -2.275988e+001  2.480654e+001  3.600000e+000
    endloop
  endfacet
  facet normal  6.303883e-001 -7.762800e-001  0.000000e+000
    outer loop
      vertex -2.275988e+001  2.480654e+001  3.600000e+000
      vertex -2.261065e+001  2.492772e+001  4.400000e+000
      vertex -2.275988e+001  2.480654e+001  4.400000e+000
    endloop
  endfacet
  facet normal  5.977720e-001 -8.016662e-001  0.000000e+000
    outer loop
      vertex -2.275988e+001  2.480654e+001  3.600000e+000
      vertex -2.275988e+001  2.480654e+001  4.400000e+000
      vertex -2.291399e+001  2.469163e+001  3.600000e+000
    endloop
  endfacet
  facet normal  5.977720e-001 -8.016662e-001  0.000000e+000
    outer loop
      vertex -2.291399e+001  2.469163e+001  3.600000e+000
      vertex -2.275988e+001  2.480654e+001  4.400000e+000
      vertex -2.291399e+001  2.469163e+001  4.400000e+000
    endloop
  endfacet
  facet normal  5.641389e-001 -8.256799e-001  0.000000e+000
    outer loop
      vertex -2.291399e+001  2.469163e+001  3.600000e+000
      vertex -2.291399e+001  2.469163e+001  4.400000e+000
      vertex -2.307271e+001  2.458318e+001  3.600000e+000
    endloop
  endfacet
  facet normal  5.641389e-001 -8.256799e-001  0.000000e+000
    outer loop
      vertex -2.307271e+001  2.458318e+001  3.600000e+000
      vertex -2.291399e+001  2.469163e+001  4.400000e+000
      vertex -2.307271e+001  2.458318e+001  4.400000e+000
    endloop
  endfacet
  facet normal  5.295235e-001 -8.482953e-001  0.000000e+000
    outer loop
      vertex -2.307271e+001  2.458318e+001  3.600000e+000
      vertex -2.307271e+001  2.458318e+001  4.400000e+000
      vertex -2.323578e+001  2.448139e+001  3.600000e+000
    endloop
  endfacet
  facet normal  5.295235e-001 -8.482953e-001  0.000000e+000
    outer loop
      vertex -2.323578e+001  2.448139e+001  3.600000e+000
      vertex -2.307271e+001  2.458318e+001  4.400000e+000
      vertex -2.323578e+001  2.448139e+001  4.400000e+000
    endloop
  endfacet
  facet normal  4.940304e-001 -8.694447e-001  0.000000e+000
    outer loop
      vertex -2.323578e+001  2.448139e+001  3.600000e+000
      vertex -2.323578e+001  2.448139e+001  4.400000e+000
      vertex -2.340292e+001  2.438642e+001  3.600000e+000
    endloop
  endfacet
  facet normal  4.940304e-001 -8.694447e-001  0.000000e+000
    outer loop
      vertex -2.340292e+001  2.438642e+001  3.600000e+000
      vertex -2.323578e+001  2.448139e+001  4.400000e+000
      vertex -2.340292e+001  2.438642e+001  4.400000e+000
    endloop
  endfacet
  facet normal  4.576643e-001 -8.891250e-001  0.000000e+000
    outer loop
      vertex -2.340292e+001  2.438642e+001  3.600000e+000
      vertex -2.340292e+001  2.438642e+001  4.400000e+000
      vertex -2.357385e+001  2.429844e+001  3.600000e+000
    endloop
  endfacet
  facet normal  4.576643e-001 -8.891250e-001  0.000000e+000
    outer loop
      vertex -2.357385e+001  2.429844e+001  3.600000e+000
      vertex -2.340292e+001  2.438642e+001  4.400000e+000
      vertex -2.357385e+001  2.429844e+001  4.400000e+000
    endloop
  endfacet
  facet normal  4.205381e-001 -9.072749e-001  0.000000e+000
    outer loop
      vertex -2.357385e+001  2.429844e+001  3.600000e+000
      vertex -2.357385e+001  2.429844e+001  4.400000e+000
      vertex -2.374826e+001  2.421759e+001  3.600000e+000
    endloop
  endfacet
  facet normal  4.205381e-001 -9.072749e-001  0.000000e+000
    outer loop
      vertex -2.374826e+001  2.421759e+001  3.600000e+000
      vertex -2.357385e+001  2.429844e+001  4.400000e+000
      vertex -2.374826e+001  2.421759e+001  4.400000e+000
    endloop
  endfacet
  facet normal  3.826793e-001 -9.238814e-001  0.000000e+000
    outer loop
      vertex -2.374826e+001  2.421759e+001  3.600000e+000
      vertex -2.374826e+001  2.421759e+001  4.400000e+000
      vertex -2.392586e+001  2.414403e+001  3.600000e+000
    endloop
  endfacet
  facet normal  3.826793e-001 -9.238814e-001  0.000000e+000
    outer loop
      vertex -2.392586e+001  2.414403e+001  3.600000e+000
      vertex -2.374826e+001  2.421759e+001  4.400000e+000
      vertex -2.392586e+001  2.414403e+001  4.400000e+000
    endloop
  endfacet
  facet normal  3.441789e-001 -9.389041e-001  0.000000e+000
    outer loop
      vertex -2.392586e+001  2.414403e+001  3.600000e+000
      vertex -2.392586e+001  2.414403e+001  4.400000e+000
      vertex -2.410635e+001  2.407786e+001  3.600000e+000
    endloop
  endfacet
  facet normal  3.441789e-001 -9.389041e-001  0.000000e+000
    outer loop
      vertex -2.410635e+001  2.407786e+001  3.600000e+000
      vertex -2.392586e+001  2.414403e+001  4.400000e+000
      vertex -2.410635e+001  2.407786e+001  4.400000e+000
    endloop
  endfacet
  facet normal  3.050795e-001 -9.523268e-001  0.000000e+000
    outer loop
      vertex -2.410635e+001  2.407786e+001  3.600000e+000
      vertex -2.410635e+001  2.407786e+001  4.400000e+000
      vertex -2.428942e+001  2.401922e+001  3.600000e+000
    endloop
  endfacet
  facet normal  3.050795e-001 -9.523268e-001  0.000000e+000
    outer loop
      vertex -2.428942e+001  2.401922e+001  3.600000e+000
      vertex -2.410635e+001  2.407786e+001  4.400000e+000
      vertex -2.428942e+001  2.401922e+001  4.400000e+000
    endloop
  endfacet
  facet normal  2.654698e-001 -9.641191e-001  0.000000e+000
    outer loop
      vertex -2.428942e+001  2.401922e+001  3.600000e+000
      vertex -2.428942e+001  2.401922e+001  4.400000e+000
      vertex -2.447476e+001  2.396818e+001  3.600000e+000
    endloop
  endfacet
  facet normal  2.654698e-001 -9.641191e-001  0.000000e+000
    outer loop
      vertex -2.447476e+001  2.396818e+001  3.600000e+000
      vertex -2.428942e+001  2.401922e+001  4.400000e+000
      vertex -2.447476e+001  2.396818e+001  4.400000e+000
    endloop
  endfacet
  facet normal  2.253950e-001 -9.742675e-001  0.000000e+000
    outer loop
      vertex -2.447476e+001  2.396818e+001  3.600000e+000
      vertex -2.447476e+001  2.396818e+001  4.400000e+000
      vertex -2.466205e+001  2.392485e+001  3.600000e+000
    endloop
  endfacet
  facet normal  2.253950e-001 -9.742675e-001  0.000000e+000
    outer loop
      vertex -2.466205e+001  2.392485e+001  3.600000e+000
      vertex -2.447476e+001  2.396818e+001  4.400000e+000
      vertex -2.466205e+001  2.392485e+001  4.400000e+000
    endloop
  endfacet
  facet normal  1.849451e-001 -9.827489e-001  0.000000e+000
    outer loop
      vertex -2.466205e+001  2.392485e+001  3.600000e+000
      vertex -2.466205e+001  2.392485e+001  4.400000e+000
      vertex -2.485097e+001  2.388930e+001  3.600000e+000
    endloop
  endfacet
  facet normal  1.849451e-001 -9.827489e-001  0.000000e+000
    outer loop
      vertex -2.485097e+001  2.388930e+001  3.600000e+000
      vertex -2.466205e+001  2.392485e+001  4.400000e+000
      vertex -2.485097e+001  2.388930e+001  4.400000e+000
    endloop
  endfacet
  facet normal  1.441739e-001 -9.895524e-001  0.000000e+000
    outer loop
      vertex -2.485097e+001  2.388930e+001  3.600000e+000
      vertex -2.485097e+001  2.388930e+001  4.400000e+000
      vertex -2.504120e+001  2.386159e+001  3.600000e+000
    endloop
  endfacet
  facet normal  1.441739e-001 -9.895524e-001  0.000000e+000
    outer loop
      vertex -2.504120e+001  2.386159e+001  3.600000e+000
      vertex -2.485097e+001  2.388930e+001  4.400000e+000
      vertex -2.504120e+001  2.386159e+001  4.400000e+000
    endloop
  endfacet
  facet normal  1.031584e-001 -9.946649e-001  0.000000e+000
    outer loop
      vertex -2.504120e+001  2.386159e+001  3.600000e+000
      vertex -2.504120e+001  2.386159e+001  4.400000e+000
      vertex -2.523241e+001  2.384175e+001  3.600000e+000
    endloop
  endfacet
  facet normal  1.031584e-001 -9.946649e-001  0.000000e+000
    outer loop
      vertex -2.523241e+001  2.384175e+001  3.600000e+000
      vertex -2.504120e+001  2.386159e+001  4.400000e+000
      vertex -2.523241e+001  2.384175e+001  4.400000e+000
    endloop
  endfacet
  facet normal  6.197183e-002 -9.980778e-001  0.000000e+000
    outer loop
      vertex -2.523241e+001  2.384175e+001  3.600000e+000
      vertex -2.523241e+001  2.384175e+001  4.400000e+000
      vertex -2.542428e+001  2.382984e+001  3.600000e+000
    endloop
  endfacet
  facet normal  6.197183e-002 -9.980778e-001  0.000000e+000
    outer loop
      vertex -2.542428e+001  2.382984e+001  3.600000e+000
      vertex -2.523241e+001  2.384175e+001  4.400000e+000
      vertex -2.542428e+001  2.382984e+001  4.400000e+000
    endloop
  endfacet
  facet normal  2.066724e-002 -9.997864e-001  0.000000e+000
    outer loop
      vertex -2.542428e+001  2.382984e+001  3.600000e+000
      vertex -2.542428e+001  2.382984e+001  4.400000e+000
      vertex -2.561648e+001  2.382587e+001  3.600000e+000
    endloop
  endfacet
  facet normal  2.066724e-002 -9.997864e-001  0.000000e+000
    outer loop
      vertex -2.561648e+001  2.382587e+001  3.600000e+000
      vertex -2.542428e+001  2.382984e+001  4.400000e+000
      vertex -2.561648e+001  2.382587e+001  4.400000e+000
    endloop
  endfacet
  facet normal -2.066745e-002 -9.997864e-001  -0.000000e+000
    outer loop
      vertex -2.561648e+001  2.382587e+001  3.600000e+000
      vertex -2.561648e+001  2.382587e+001  4.400000e+000
      vertex -2.580867e+001  2.382984e+001  3.600000e+000
    endloop
  endfacet
  facet normal -2.066745e-002 -9.997864e-001  0.000000e+000
    outer loop
      vertex -2.580867e+001  2.382984e+001  3.600000e+000
      vertex -2.561648e+001  2.382587e+001  4.400000e+000
      vertex -2.580867e+001  2.382984e+001  4.400000e+000
    endloop
  endfacet
  facet normal -6.197183e-002 -9.980778e-001  -0.000000e+000
    outer loop
      vertex -2.580867e+001  2.382984e+001  3.600000e+000
      vertex -2.580867e+001  2.382984e+001  4.400000e+000
      vertex -2.600054e+001  2.384175e+001  3.600000e+000
    endloop
  endfacet
  facet normal -6.197183e-002 -9.980778e-001  0.000000e+000
    outer loop
      vertex -2.600054e+001  2.384175e+001  3.600000e+000
      vertex -2.580867e+001  2.382984e+001  4.400000e+000
      vertex -2.600054e+001  2.384175e+001  4.400000e+000
    endloop
  endfacet
  facet normal -1.031584e-001 -9.946649e-001  -0.000000e+000
    outer loop
      vertex -2.600054e+001  2.384175e+001  3.600000e+000
      vertex -2.600054e+001  2.384175e+001  4.400000e+000
      vertex -2.619175e+001  2.386159e+001  3.600000e+000
    endloop
  endfacet
  facet normal -1.031584e-001 -9.946649e-001  0.000000e+000
    outer loop
      vertex -2.619175e+001  2.386159e+001  3.600000e+000
      vertex -2.600054e+001  2.384175e+001  4.400000e+000
      vertex -2.619175e+001  2.386159e+001  4.400000e+000
    endloop
  endfacet
  facet normal -1.441739e-001 -9.895524e-001  -0.000000e+000
    outer loop
      vertex -2.619175e+001  2.386159e+001  3.600000e+000
      vertex -2.619175e+001  2.386159e+001  4.400000e+000
      vertex -2.638198e+001  2.388930e+001  3.600000e+000
    endloop
  endfacet
  facet normal -1.441739e-001 -9.895524e-001  0.000000e+000
    outer loop
      vertex -2.638198e+001  2.388930e+001  3.600000e+000
      vertex -2.619175e+001  2.386159e+001  4.400000e+000
      vertex -2.638198e+001  2.388930e+001  4.400000e+000
    endloop
  endfacet
  facet normal -1.849451e-001 -9.827489e-001  -0.000000e+000
    outer loop
      vertex -2.638198e+001  2.388930e+001  3.600000e+000
      vertex -2.638198e+001  2.388930e+001  4.400000e+000
      vertex -2.657090e+001  2.392485e+001  3.600000e+000
    endloop
  endfacet
  facet normal -1.849451e-001 -9.827489e-001  0.000000e+000
    outer loop
      vertex -2.657090e+001  2.392485e+001  3.600000e+000
      vertex -2.638198e+001  2.388930e+001  4.400000e+000
      vertex -2.657090e+001  2.392485e+001  4.400000e+000
    endloop
  endfacet
  facet normal -2.253950e-001 -9.742675e-001  -0.000000e+000
    outer loop
      vertex -2.657090e+001  2.392485e+001  3.600000e+000
      vertex -2.657090e+001  2.392485e+001  4.400000e+000
      vertex -2.675819e+001  2.396818e+001  3.600000e+000
    endloop
  endfacet
  facet normal -2.253950e-001 -9.742675e-001  0.000000e+000
    outer loop
      vertex -2.675819e+001  2.396818e+001  3.600000e+000
      vertex -2.657090e+001  2.392485e+001  4.400000e+000
      vertex -2.675819e+001  2.396818e+001  4.400000e+000
    endloop
  endfacet
  facet normal -2.654698e-001 -9.641191e-001  -0.000000e+000
    outer loop
      vertex -2.675819e+001  2.396818e+001  3.600000e+000
      vertex -2.675819e+001  2.396818e+001  4.400000e+000
      vertex -2.694353e+001  2.401922e+001  3.600000e+000
    endloop
  endfacet
  facet normal -2.654698e-001 -9.641191e-001  0.000000e+000
    outer loop
      vertex -2.694353e+001  2.401922e+001  3.600000e+000
      vertex -2.675819e+001  2.396818e+001  4.400000e+000
      vertex -2.694353e+001  2.401922e+001  4.400000e+000
    endloop
  endfacet
  facet normal -3.050795e-001 -9.523268e-001  -0.000000e+000
    outer loop
      vertex -2.694353e+001  2.401922e+001  3.600000e+000
      vertex -2.694353e+001  2.401922e+001  4.400000e+000
      vertex -2.712660e+001  2.407786e+001  3.600000e+000
    endloop
  endfacet
  facet normal -3.050795e-001 -9.523268e-001  0.000000e+000
    outer loop
      vertex -2.712660e+001  2.407786e+001  3.600000e+000
      vertex -2.694353e+001  2.401922e+001  4.400000e+000
      vertex -2.712660e+001  2.407786e+001  4.400000e+000
    endloop
  endfacet
  facet normal -3.441789e-001 -9.389041e-001  -0.000000e+000
    outer loop
      vertex -2.712660e+001  2.407786e+001  3.600000e+000
      vertex -2.712660e+001  2.407786e+001  4.400000e+000
      vertex -2.730709e+001  2.414403e+001  3.600000e+000
    endloop
  endfacet
  facet normal -3.441789e-001 -9.389041e-001  0.000000e+000
    outer loop
      vertex -2.730709e+001  2.414403e+001  3.600000e+000
      vertex -2.712660e+001  2.407786e+001  4.400000e+000
      vertex -2.730709e+001  2.414403e+001  4.400000e+000
    endloop
  endfacet
  facet normal -3.826793e-001 -9.238814e-001  -0.000000e+000
    outer loop
      vertex -2.730709e+001  2.414403e+001  3.600000e+000
      vertex -2.730709e+001  2.414403e+001  4.400000e+000
      vertex -2.748469e+001  2.421759e+001  3.600000e+000
    endloop
  endfacet
  facet normal -3.826793e-001 -9.238814e-001  0.000000e+000
    outer loop
      vertex -2.748469e+001  2.421759e+001  3.600000e+000
      vertex -2.730709e+001  2.414403e+001  4.400000e+000
      vertex -2.748469e+001  2.421759e+001  4.400000e+000
    endloop
  endfacet
  facet normal -4.205381e-001 -9.072749e-001  -0.000000e+000
    outer loop
      vertex -2.748469e+001  2.421759e+001  3.600000e+000
      vertex -2.748469e+001  2.421759e+001  4.400000e+000
      vertex -2.765910e+001  2.429844e+001  3.600000e+000
    endloop
  endfacet
  facet normal -4.205381e-001 -9.072749e-001  0.000000e+000
    outer loop
      vertex -2.765910e+001  2.429844e+001  3.600000e+000
      vertex -2.748469e+001  2.421759e+001  4.400000e+000
      vertex -2.765910e+001  2.429844e+001  4.400000e+000
    endloop
  endfacet
  facet normal -4.576643e-001 -8.891250e-001  -0.000000e+000
    outer loop
      vertex -2.765910e+001  2.429844e+001  3.600000e+000
      vertex -2.765910e+001  2.429844e+001  4.400000e+000
      vertex -2.783003e+001  2.438642e+001  3.600000e+000
    endloop
  endfacet
  facet normal -4.576643e-001 -8.891250e-001  0.000000e+000
    outer loop
      vertex -2.783003e+001  2.438642e+001  3.600000e+000
      vertex -2.765910e+001  2.429844e+001  4.400000e+000
      vertex -2.783003e+001  2.438642e+001  4.400000e+000
    endloop
  endfacet
  facet normal -4.940304e-001 -8.694447e-001  -0.000000e+000
    outer loop
      vertex -2.783003e+001  2.438642e+001  3.600000e+000
      vertex -2.783003e+001  2.438642e+001  4.400000e+000
      vertex -2.799717e+001  2.448139e+001  3.600000e+000
    endloop
  endfacet
  facet normal -4.940304e-001 -8.694447e-001  0.000000e+000
    outer loop
      vertex -2.799717e+001  2.448139e+001  3.600000e+000
      vertex -2.783003e+001  2.438642e+001  4.400000e+000
      vertex -2.799717e+001  2.448139e+001  4.400000e+000
    endloop
  endfacet
  facet normal -5.295235e-001 -8.482953e-001  -0.000000e+000
    outer loop
      vertex -2.799717e+001  2.448139e+001  3.600000e+000
      vertex -2.799717e+001  2.448139e+001  4.400000e+000
      vertex -2.816024e+001  2.458318e+001  3.600000e+000
    endloop
  endfacet
  facet normal -5.295235e-001 -8.482953e-001  0.000000e+000
    outer loop
      vertex -2.816024e+001  2.458318e+001  3.600000e+000
      vertex -2.799717e+001  2.448139e+001  4.400000e+000
      vertex -2.816024e+001  2.458318e+001  4.400000e+000
    endloop
  endfacet
  facet normal -5.641389e-001 -8.256799e-001  -0.000000e+000
    outer loop
      vertex -2.816024e+001  2.458318e+001  3.600000e+000
      vertex -2.816024e+001  2.458318e+001  4.400000e+000
      vertex -2.831896e+001  2.469163e+001  3.600000e+000
    endloop
  endfacet
  facet normal -5.641389e-001 -8.256799e-001  0.000000e+000
    outer loop
      vertex -2.831896e+001  2.469163e+001  3.600000e+000
      vertex -2.816024e+001  2.458318e+001  4.400000e+000
      vertex -2.831896e+001  2.469163e+001  4.400000e+000
    endloop
  endfacet
  facet normal -5.977720e-001 -8.016662e-001  -0.000000e+000
    outer loop
      vertex -2.831896e+001  2.469163e+001  3.600000e+000
      vertex -2.831896e+001  2.469163e+001  4.400000e+000
      vertex -2.847307e+001  2.480654e+001  3.600000e+000
    endloop
  endfacet
  facet normal -5.977720e-001 -8.016662e-001  0.000000e+000
    outer loop
      vertex -2.847307e+001  2.480654e+001  3.600000e+000
      vertex -2.831896e+001  2.469163e+001  4.400000e+000
      vertex -2.847307e+001  2.480654e+001  4.400000e+000
    endloop
  endfacet
  facet normal -6.303883e-001 -7.762800e-001  -0.000000e+000
    outer loop
      vertex -2.847307e+001  2.480654e+001  3.600000e+000
      vertex -2.847307e+001  2.480654e+001  4.400000e+000
      vertex -2.862230e+001  2.492772e+001  3.600000e+000
    endloop
  endfacet
  facet normal -6.303883e-001 -7.762800e-001  0.000000e+000
    outer loop
      vertex -2.862230e+001  2.492772e+001  3.600000e+000
      vertex -2.847307e+001  2.480654e+001  4.400000e+000
      vertex -2.862230e+001  2.492772e+001  4.400000e+000
    endloop
  endfacet
  facet normal -6.619278e-001 -7.495677e-001  -0.000000e+000
    outer loop
      vertex -2.862230e+001  2.492772e+001  3.600000e+000
      vertex -2.862230e+001  2.492772e+001  4.400000e+000
      vertex -2.876640e+001  2.505497e+001  3.600000e+000
    endloop
  endfacet
  facet normal -6.619278e-001 -7.495677e-001  0.000000e+000
    outer loop
      vertex -2.876640e+001  2.505497e+001  3.600000e+000
      vertex -2.862230e+001  2.492772e+001  4.400000e+000
      vertex -2.876640e+001  2.505497e+001  4.400000e+000
    endloop
  endfacet
  facet normal -6.923459e-001 -7.215657e-001  -0.000000e+000
    outer loop
      vertex -2.876640e+001  2.505497e+001  3.600000e+000
      vertex -2.876640e+001  2.505497e+001  4.400000e+000
      vertex -2.890511e+001  2.518807e+001  3.600000e+000
    endloop
  endfacet
  facet normal -6.923459e-001 -7.215657e-001  0.000000e+000
    outer loop
      vertex -2.890511e+001  2.518807e+001  3.600000e+000
      vertex -2.876640e+001  2.505497e+001  4.400000e+000
      vertex -2.890511e+001  2.518807e+001  4.400000e+000
    endloop
  endfacet
  facet normal -7.215707e-001 -6.923408e-001  -0.000000e+000
    outer loop
      vertex -2.890511e+001  2.518807e+001  3.600000e+000
      vertex -2.890511e+001  2.518807e+001  4.400000e+000
      vertex -2.903820e+001  2.532678e+001  3.600000e+000
    endloop
  endfacet
  facet normal -7.215707e-001 -6.923408e-001  0.000000e+000
    outer loop
      vertex -2.903820e+001  2.532678e+001  3.600000e+000
      vertex -2.890511e+001  2.518807e+001  4.400000e+000
      vertex -2.903820e+001  2.532678e+001  4.400000e+000
    endloop
  endfacet
  facet normal -7.495633e-001 -6.619326e-001  -0.000000e+000
    outer loop
      vertex -2.903820e+001  2.532678e+001  3.600000e+000
      vertex -2.903820e+001  2.532678e+001  4.400000e+000
      vertex -2.916545e+001  2.547087e+001  3.600000e+000
    endloop
  endfacet
  facet normal -7.495633e-001 -6.619326e-001  0.000000e+000
    outer loop
      vertex -2.916545e+001  2.547087e+001  3.600000e+000
      vertex -2.903820e+001  2.532678e+001  4.400000e+000
      vertex -2.916545e+001  2.547087e+001  4.400000e+000
    endloop
  endfacet
  facet normal -7.762752e-001 -6.303943e-001  -0.000000e+000
    outer loop
      vertex -2.916545e+001  2.547087e+001  3.600000e+000
      vertex -2.916545e+001  2.547087e+001  4.400000e+000
      vertex -2.928663e+001  2.562010e+001  3.600000e+000
    endloop
  endfacet
  facet normal -7.762752e-001 -6.303943e-001  0.000000e+000
    outer loop
      vertex -2.928663e+001  2.562010e+001  3.600000e+000
      vertex -2.916545e+001  2.547087e+001  4.400000e+000
      vertex -2.928663e+001  2.562010e+001  4.400000e+000
    endloop
  endfacet
  facet normal -8.016662e-001 -5.977720e-001  -0.000000e+000
    outer loop
      vertex -2.928663e+001  2.562010e+001  3.600000e+000
      vertex -2.928663e+001  2.562010e+001  4.400000e+000
      vertex -2.940155e+001  2.577421e+001  3.600000e+000
    endloop
  endfacet
  facet normal -8.016662e-001 -5.977720e-001  0.000000e+000
    outer loop
      vertex -2.940155e+001  2.577421e+001  3.600000e+000
      vertex -2.928663e+001  2.562010e+001  4.400000e+000
      vertex -2.940155e+001  2.577421e+001  4.400000e+000
    endloop
  endfacet
  facet normal -8.256845e-001 -5.641321e-001  -0.000000e+000
    outer loop
      vertex -2.940155e+001  2.577421e+001  3.600000e+000
      vertex -2.940155e+001  2.577421e+001  4.400000e+000
      vertex -2.950999e+001  2.593294e+001  3.600000e+000
    endloop
  endfacet
  facet normal -8.256845e-001 -5.641321e-001  0.000000e+000
    outer loop
      vertex -2.950999e+001  2.593294e+001  3.600000e+000
      vertex -2.940155e+001  2.577421e+001  4.400000e+000
      vertex -2.950999e+001  2.593294e+001  4.400000e+000
    endloop
  endfacet
  facet normal -8.482908e-001 -5.295306e-001  -0.000000e+000
    outer loop
      vertex -2.950999e+001  2.593294e+001  3.600000e+000
      vertex -2.950999e+001  2.593294e+001  4.400000e+000
      vertex -2.961179e+001  2.609601e+001  3.600000e+000
    endloop
  endfacet
  facet normal -8.482908e-001 -5.295306e-001  0.000000e+000
    outer loop
      vertex -2.961179e+001  2.609601e+001  3.600000e+000
      vertex -2.950999e+001  2.593294e+001  4.400000e+000
      vertex -2.961179e+001  2.609601e+001  4.400000e+000
    endloop
  endfacet
  facet normal -8.694513e-001 -4.940186e-001  -0.000000e+000
    outer loop
      vertex -2.961179e+001  2.609601e+001  3.600000e+000
      vertex -2.961179e+001  2.609601e+001  4.400000e+000
      vertex -2.970676e+001  2.626315e+001  3.600000e+000
    endloop
  endfacet
  facet normal -8.694513e-001 -4.940186e-001  0.000000e+000
    outer loop
      vertex -2.970676e+001  2.626315e+001  3.600000e+000
      vertex -2.961179e+001  2.609601e+001  4.400000e+000
      vertex -2.970676e+001  2.626315e+001  4.400000e+000
    endloop
  endfacet
  facet normal -8.891230e-001 -4.576684e-001  -0.000000e+000
    outer loop
      vertex -2.970676e+001  2.626315e+001  3.600000e+000
      vertex -2.970676e+001  2.626315e+001  4.400000e+000
      vertex -2.979474e+001  2.643407e+001  3.600000e+000
    endloop
  endfacet
  facet normal -8.891230e-001 -4.576684e-001  0.000000e+000
    outer loop
      vertex -2.979474e+001  2.643407e+001  3.600000e+000
      vertex -2.970676e+001  2.626315e+001  4.400000e+000
      vertex -2.979474e+001  2.643407e+001  4.400000e+000
    endloop
  endfacet
  facet normal -9.072749e-001 -4.205381e-001  -0.000000e+000
    outer loop
      vertex -2.979474e+001  2.643407e+001  3.600000e+000
      vertex -2.979474e+001  2.643407e+001  4.400000e+000
      vertex -2.987558e+001  2.660848e+001  3.600000e+000
    endloop
  endfacet
  facet normal -9.072749e-001 -4.205381e-001  0.000000e+000
    outer loop
      vertex -2.987558e+001  2.660848e+001  3.600000e+000
      vertex -2.979474e+001  2.643407e+001  4.400000e+000
      vertex -2.987558e+001  2.660848e+001  4.400000e+000
    endloop
  endfacet
  facet normal -9.238777e-001 -3.826877e-001  -0.000000e+000
    outer loop
      vertex -2.987558e+001  2.660848e+001  3.600000e+000
      vertex -2.987558e+001  2.660848e+001  4.400000e+000
      vertex -2.994915e+001  2.678609e+001  3.600000e+000
    endloop
  endfacet
  facet normal -9.238777e-001 -3.826877e-001  0.000000e+000
    outer loop
      vertex -2.994915e+001  2.678609e+001  3.600000e+000
      vertex -2.987558e+001  2.660848e+001  4.400000e+000
      vertex -2.994915e+001  2.678609e+001  4.400000e+000
    endloop
  endfacet
  facet normal -9.389073e-001 -3.441701e-001  -0.000000e+000
    outer loop
      vertex -2.994915e+001  2.678609e+001  3.600000e+000
      vertex -2.994915e+001  2.678609e+001  4.400000e+000
      vertex -3.001531e+001  2.696658e+001  3.600000e+000
    endloop
  endfacet
  facet normal -9.389073e-001 -3.441701e-001  0.000000e+000
    outer loop
      vertex -3.001531e+001  2.696658e+001  3.600000e+000
      vertex -2.994915e+001  2.678609e+001  4.400000e+000
      vertex -3.001531e+001  2.696658e+001  4.400000e+000
    endloop
  endfacet
  facet normal -9.523240e-001 -3.050885e-001  -0.000000e+000
    outer loop
      vertex -3.001531e+001  2.696658e+001  3.600000e+000
      vertex -3.001531e+001  2.696658e+001  4.400000e+000
      vertex -3.007396e+001  2.714965e+001  3.600000e+000
    endloop
  endfacet
  facet normal -9.523240e-001 -3.050885e-001  0.000000e+000
    outer loop
      vertex -3.007396e+001  2.714965e+001  3.600000e+000
      vertex -3.001531e+001  2.696658e+001  4.400000e+000
      vertex -3.007396e+001  2.714965e+001  4.400000e+000
    endloop
  endfacet
  facet normal -9.641217e-001 -2.654606e-001  -0.000000e+000
    outer loop
      vertex -3.007396e+001  2.714965e+001  3.600000e+000
      vertex -3.007396e+001  2.714965e+001  4.400000e+000
      vertex -3.012499e+001  2.733499e+001  3.600000e+000
    endloop
  endfacet
  facet normal -9.641217e-001 -2.654606e-001  0.000000e+000
    outer loop
      vertex -3.012499e+001  2.733499e+001  3.600000e+000
      vertex -3.007396e+001  2.714965e+001  4.400000e+000
      vertex -3.012499e+001  2.733499e+001  4.400000e+000
    endloop
  endfacet
  facet normal -9.742652e-001 -2.254044e-001  -0.000000e+000
    outer loop
      vertex -3.012499e+001  2.733499e+001  3.600000e+000
      vertex -3.012499e+001  2.733499e+001  4.400000e+000
      vertex -3.016832e+001  2.752228e+001  3.600000e+000
    endloop
  endfacet
  facet normal -9.742652e-001 -2.254044e-001  0.000000e+000
    outer loop
      vertex -3.016832e+001  2.752228e+001  3.600000e+000
      vertex -3.012499e+001  2.733499e+001  4.400000e+000
      vertex -3.016832e+001  2.752228e+001  4.400000e+000
    endloop
  endfacet
  facet normal -9.827492e-001 -1.849433e-001  -0.000000e+000
    outer loop
      vertex -3.016832e+001  2.752228e+001  3.600000e+000
      vertex -3.016832e+001  2.752228e+001  4.400000e+000
      vertex -3.020387e+001  2.771120e+001  3.600000e+000
    endloop
  endfacet
  facet normal -9.827492e-001 -1.849433e-001  0.000000e+000
    outer loop
      vertex -3.020387e+001  2.771120e+001  3.600000e+000
      vertex -3.016832e+001  2.752228e+001  4.400000e+000
      vertex -3.020387e+001  2.771120e+001  4.400000e+000
    endloop
  endfacet
  facet normal -9.895521e-001 -1.441753e-001  -0.000000e+000
    outer loop
      vertex -3.020387e+001  2.771120e+001  3.600000e+000
      vertex -3.020387e+001  2.771120e+001  4.400000e+000
      vertex -3.023159e+001  2.790143e+001  3.600000e+000
    endloop
  endfacet
  facet normal -9.895521e-001 -1.441753e-001  0.000000e+000
    outer loop
      vertex -3.023159e+001  2.790143e+001  3.600000e+000
      vertex -3.020387e+001  2.771120e+001  4.400000e+000
      vertex -3.023159e+001  2.790143e+001  4.400000e+000
    endloop
  endfacet
  facet normal -9.946649e-001 -1.031584e-001  -0.000000e+000
    outer loop
      vertex -3.023159e+001  2.790143e+001  3.600000e+000
      vertex -3.023159e+001  2.790143e+001  4.400000e+000
      vertex -3.025142e+001  2.809264e+001  3.600000e+000
    endloop
  endfacet
  facet normal -9.946649e-001 -1.031584e-001  0.000000e+000
    outer loop
      vertex -3.025142e+001  2.809264e+001  3.600000e+000
      vertex -3.023159e+001  2.790143e+001  4.400000e+000
      vertex -3.025142e+001  2.809264e+001  4.400000e+000
    endloop
  endfacet
  facet normal -9.980785e-001 -6.196195e-002  -0.000000e+000
    outer loop
      vertex -3.025142e+001  2.809264e+001  3.600000e+000
      vertex -3.025142e+001  2.809264e+001  4.400000e+000
      vertex -3.026333e+001  2.828450e+001  3.600000e+000
    endloop
  endfacet
  facet normal -9.980785e-001 -6.196195e-002  0.000000e+000
    outer loop
      vertex -3.026333e+001  2.828450e+001  3.600000e+000
      vertex -3.025142e+001  2.809264e+001  4.400000e+000
      vertex -3.026333e+001  2.828450e+001  4.400000e+000
    endloop
  endfacet
  facet normal -9.997864e-001 -2.066724e-002  -0.000000e+000
    outer loop
      vertex -3.026333e+001  2.828450e+001  3.600000e+000
      vertex -3.026333e+001  2.828450e+001  4.400000e+000
      vertex -3.026731e+001  2.847670e+001  3.600000e+000
    endloop
  endfacet
  facet normal -9.997864e-001 -2.066724e-002  0.000000e+000
    outer loop
      vertex -3.026731e+001  2.847670e+001  3.600000e+000
      vertex -3.026333e+001  2.828450e+001  4.400000e+000
      vertex -3.026731e+001  2.847670e+001  4.400000e+000
    endloop
  endfacet
  facet normal -9.997864e-001  2.066724e-002  0.000000e+000
    outer loop
      vertex -3.026731e+001  2.847670e+001  3.600000e+000
      vertex -3.026731e+001  2.847670e+001  4.400000e+000
      vertex -3.026333e+001  2.866890e+001  3.600000e+000
    endloop
  endfacet
  facet normal -9.997864e-001  2.066724e-002  0.000000e+000
    outer loop
      vertex -3.026333e+001  2.866890e+001  3.600000e+000
      vertex -3.026731e+001  2.847670e+001  4.400000e+000
      vertex -3.026333e+001  2.866890e+001  4.400000e+000
    endloop
  endfacet
  facet normal -9.980785e-001  6.196256e-002  0.000000e+000
    outer loop
      vertex -3.026333e+001  2.866890e+001  3.600000e+000
      vertex -3.026333e+001  2.866890e+001  4.400000e+000
      vertex -3.025142e+001  2.886076e+001  3.600000e+000
    endloop
  endfacet
  facet normal -9.980785e-001  6.196256e-002  0.000000e+000
    outer loop
      vertex -3.025142e+001  2.886076e+001  3.600000e+000
      vertex -3.026333e+001  2.866890e+001  4.400000e+000
      vertex -3.025142e+001  2.886076e+001  4.400000e+000
    endloop
  endfacet
  facet normal -9.946651e-001  1.031574e-001  0.000000e+000
    outer loop
      vertex -3.025142e+001  2.886076e+001  3.600000e+000
      vertex -3.025142e+001  2.886076e+001  4.400000e+000
      vertex -3.023159e+001  2.905197e+001  3.600000e+000
    endloop
  endfacet
  facet normal -9.946651e-001  1.031574e-001  0.000000e+000
    outer loop
      vertex -3.023159e+001  2.905197e+001  3.600000e+000
      vertex -3.025142e+001  2.886076e+001  4.400000e+000
      vertex -3.023159e+001  2.905197e+001  4.400000e+000
    endloop
  endfacet
  facet normal -9.895521e-001  1.441753e-001  0.000000e+000
    outer loop
      vertex -3.023159e+001  2.905197e+001  3.600000e+000
      vertex -3.023159e+001  2.905197e+001  4.400000e+000
      vertex -3.020387e+001  2.924220e+001  3.600000e+000
    endloop
  endfacet
  facet normal -9.895521e-001  1.441753e-001  0.000000e+000
    outer loop
      vertex -3.020387e+001  2.924220e+001  3.600000e+000
      vertex -3.023159e+001  2.905197e+001  4.400000e+000
      vertex -3.020387e+001  2.924220e+001  4.400000e+000
    endloop
  endfacet
  facet normal -9.827492e-001  1.849433e-001  0.000000e+000
    outer loop
      vertex -3.020387e+001  2.924220e+001  3.600000e+000
      vertex -3.020387e+001  2.924220e+001  4.400000e+000
      vertex -3.016832e+001  2.943112e+001  3.600000e+000
    endloop
  endfacet
  facet normal -9.827492e-001  1.849433e-001  0.000000e+000
    outer loop
      vertex -3.016832e+001  2.943112e+001  3.600000e+000
      vertex -3.020387e+001  2.924220e+001  4.400000e+000
      vertex -3.016832e+001  2.943112e+001  4.400000e+000
    endloop
  endfacet
  facet normal -9.742648e-001  2.254066e-001  0.000000e+000
    outer loop
      vertex -3.016832e+001  2.943112e+001  3.600000e+000
      vertex -3.016832e+001  2.943112e+001  4.400000e+000
      vertex -3.012499e+001  2.961841e+001  3.600000e+000
    endloop
  endfacet
  facet normal -9.742648e-001  2.254066e-001  0.000000e+000
    outer loop
      vertex -3.012499e+001  2.961841e+001  3.600000e+000
      vertex -3.016832e+001  2.943112e+001  4.400000e+000
      vertex -3.012499e+001  2.961841e+001  4.400000e+000
    endloop
  endfacet
  facet normal -9.641217e-001  2.654606e-001  0.000000e+000
    outer loop
      vertex -3.012499e+001  2.961841e+001  3.600000e+000
      vertex -3.012499e+001  2.961841e+001  4.400000e+000
      vertex -3.007396e+001  2.980375e+001  3.600000e+000
    endloop
  endfacet
  facet normal -9.641217e-001  2.654606e-001  0.000000e+000
    outer loop
      vertex -3.007396e+001  2.980375e+001  3.600000e+000
      vertex -3.012499e+001  2.961841e+001  4.400000e+000
      vertex -3.007396e+001  2.980375e+001  4.400000e+000
    endloop
  endfacet
  facet normal -9.523249e-001  3.050857e-001  0.000000e+000
    outer loop
      vertex -3.007396e+001  2.980375e+001  3.600000e+000
      vertex -3.007396e+001  2.980375e+001  4.400000e+000
      vertex -3.001531e+001  2.998682e+001  3.600000e+000
    endloop
  endfacet
  facet normal -9.523249e-001  3.050857e-001  0.000000e+000
    outer loop
      vertex -3.001531e+001  2.998682e+001  3.600000e+000
      vertex -3.007396e+001  2.980375e+001  4.400000e+000
      vertex -3.001531e+001  2.998682e+001  4.400000e+000
    endloop
  endfacet
  facet normal -9.389061e-001  3.441733e-001  0.000000e+000
    outer loop
      vertex -3.001531e+001  2.998682e+001  3.600000e+000
      vertex -3.001531e+001  2.998682e+001  4.400000e+000
      vertex -2.994915e+001  3.016731e+001  3.600000e+000
    endloop
  endfacet
  facet normal -9.389061e-001  3.441733e-001  0.000000e+000
    outer loop
      vertex -2.994915e+001  3.016731e+001  3.600000e+000
      vertex -3.001531e+001  2.998682e+001  4.400000e+000
      vertex -2.994915e+001  3.016731e+001  4.400000e+000
    endloop
  endfacet
  facet normal -9.238792e-001  3.826842e-001  0.000000e+000
    outer loop
      vertex -2.994915e+001  3.016731e+001  3.600000e+000
      vertex -2.994915e+001  3.016731e+001  4.400000e+000
      vertex -2.987558e+001  3.034492e+001  3.600000e+000
    endloop
  endfacet
  facet normal -9.238792e-001  3.826842e-001  0.000000e+000
    outer loop
      vertex -2.987558e+001  3.034492e+001  3.600000e+000
      vertex -2.994915e+001  3.016731e+001  4.400000e+000
      vertex -2.987558e+001  3.034492e+001  4.400000e+000
    endloop
  endfacet
  facet normal -9.072749e-001  4.205381e-001  0.000000e+000
    outer loop
      vertex -2.987558e+001  3.034492e+001  3.600000e+000
      vertex -2.987558e+001  3.034492e+001  4.400000e+000
      vertex -2.979474e+001  3.051933e+001  3.600000e+000
    endloop
  endfacet
  facet normal -9.072749e-001  4.205381e-001  0.000000e+000
    outer loop
      vertex -2.979474e+001  3.051933e+001  3.600000e+000
      vertex -2.987558e+001  3.034492e+001  4.400000e+000
      vertex -2.979474e+001  3.051933e+001  4.400000e+000
    endloop
  endfacet
  facet normal -8.891230e-001  4.576684e-001  0.000000e+000
    outer loop
      vertex -2.979474e+001  3.051933e+001  3.600000e+000
      vertex -2.979474e+001  3.051933e+001  4.400000e+000
      vertex -2.970676e+001  3.069025e+001  3.600000e+000
    endloop
  endfacet
  facet normal -8.891230e-001  4.576684e-001  0.000000e+000
    outer loop
      vertex -2.970676e+001  3.069025e+001  3.600000e+000
      vertex -2.979474e+001  3.051933e+001  4.400000e+000
      vertex -2.970676e+001  3.069025e+001  4.400000e+000
    endloop
  endfacet
  facet normal -8.694489e-001  4.940228e-001  0.000000e+000
    outer loop
      vertex -2.970676e+001  3.069025e+001  3.600000e+000
      vertex -2.970676e+001  3.069025e+001  4.400000e+000
      vertex -2.961179e+001  3.085739e+001  3.600000e+000
    endloop
  endfacet
  facet normal -8.694489e-001  4.940228e-001  0.000000e+000
    outer loop
      vertex -2.961179e+001  3.085739e+001  3.600000e+000
      vertex -2.970676e+001  3.069025e+001  4.400000e+000
      vertex -2.961179e+001  3.085739e+001  4.400000e+000
    endloop
  endfacet
  facet normal -8.482908e-001  5.295306e-001  0.000000e+000
    outer loop
      vertex -2.961179e+001  3.085739e+001  3.600000e+000
      vertex -2.961179e+001  3.085739e+001  4.400000e+000
      vertex -2.950999e+001  3.102046e+001  3.600000e+000
    endloop
  endfacet
  facet normal -8.482908e-001  5.295306e-001  0.000000e+000
    outer loop
      vertex -2.950999e+001  3.102046e+001  3.600000e+000
      vertex -2.961179e+001  3.085739e+001  4.400000e+000
      vertex -2.950999e+001  3.102046e+001  4.400000e+000
    endloop
  endfacet
  facet normal -8.256877e-001  5.641274e-001  0.000000e+000
    outer loop
      vertex -2.950999e+001  3.102046e+001  3.600000e+000
      vertex -2.950999e+001  3.102046e+001  4.400000e+000
      vertex -2.940155e+001  3.117919e+001  3.600000e+000
    endloop
  endfacet
  facet normal -8.256877e-001  5.641274e-001  0.000000e+000
    outer loop
      vertex -2.940155e+001  3.117919e+001  3.600000e+000
      vertex -2.950999e+001  3.102046e+001  4.400000e+000
      vertex -2.940155e+001  3.117919e+001  4.400000e+000
    endloop
  endfacet
  facet normal -8.016662e-001  5.977720e-001  0.000000e+000
    outer loop
      vertex -2.940155e+001  3.117919e+001  3.600000e+000
      vertex -2.940155e+001  3.117919e+001  4.400000e+000
      vertex -2.928663e+001  3.133330e+001  3.600000e+000
    endloop
  endfacet
  facet normal -8.016662e-001  5.977720e-001  0.000000e+000
    outer loop
      vertex -2.928663e+001  3.133330e+001  3.600000e+000
      vertex -2.940155e+001  3.117919e+001  4.400000e+000
      vertex -2.928663e+001  3.133330e+001  4.400000e+000
    endloop
  endfacet
  facet normal -7.762712e-001  6.303992e-001  0.000000e+000
    outer loop
      vertex -2.928663e+001  3.133330e+001  3.600000e+000
      vertex -2.928663e+001  3.133330e+001  4.400000e+000
      vertex -2.916545e+001  3.148253e+001  3.600000e+000
    endloop
  endfacet
  facet normal -7.762712e-001  6.303992e-001  0.000000e+000
    outer loop
      vertex -2.916545e+001  3.148253e+001  3.600000e+000
      vertex -2.928663e+001  3.133330e+001  4.400000e+000
      vertex -2.916545e+001  3.148253e+001  4.400000e+000
    endloop
  endfacet
  facet normal -7.495677e-001  6.619278e-001  0.000000e+000
    outer loop
      vertex -2.916545e+001  3.148253e+001  3.600000e+000
      vertex -2.916545e+001  3.148253e+001  4.400000e+000
      vertex -2.903820e+001  3.162662e+001  3.600000e+000
    endloop
  endfacet
  facet normal -7.495677e-001  6.619278e-001  0.000000e+000
    outer loop
      vertex -2.903820e+001  3.162662e+001  3.600000e+000
      vertex -2.916545e+001  3.148253e+001  4.400000e+000
      vertex -2.903820e+001  3.162662e+001  4.400000e+000
    endloop
  endfacet
  facet normal -7.215707e-001  6.923408e-001  0.000000e+000
    outer loop
      vertex -2.903820e+001  3.162662e+001  3.600000e+000
      vertex -2.903820e+001  3.162662e+001  4.400000e+000
      vertex -2.890511e+001  3.176533e+001  3.600000e+000
    endloop
  endfacet
  facet normal -7.215707e-001  6.923408e-001  0.000000e+000
    outer loop
      vertex -2.890511e+001  3.176533e+001  3.600000e+000
      vertex -2.903820e+001  3.162662e+001  4.400000e+000
      vertex -2.890511e+001  3.176533e+001  4.400000e+000
    endloop
  endfacet
  facet normal -6.923408e-001  7.215707e-001  0.000000e+000
    outer loop
      vertex -2.890511e+001  3.176533e+001  3.600000e+000
      vertex -2.890511e+001  3.176533e+001  4.400000e+000
      vertex -2.876640e+001  3.189843e+001  3.600000e+000
    endloop
  endfacet
  facet normal -6.923408e-001  7.215707e-001  0.000000e+000
    outer loop
      vertex -2.876640e+001  3.189843e+001  3.600000e+000
      vertex -2.890511e+001  3.176533e+001  4.400000e+000
      vertex -2.876640e+001  3.189843e+001  4.400000e+000
    endloop
  endfacet
  facet normal -6.619278e-001  7.495677e-001  0.000000e+000
    outer loop
      vertex -2.876640e+001  3.189843e+001  3.600000e+000
      vertex -2.876640e+001  3.189843e+001  4.400000e+000
      vertex -2.862230e+001  3.202567e+001  3.600000e+000
    endloop
  endfacet
  facet normal -6.619278e-001  7.495677e-001  0.000000e+000
    outer loop
      vertex -2.862230e+001  3.202567e+001  3.600000e+000
      vertex -2.876640e+001  3.189843e+001  4.400000e+000
      vertex -2.862230e+001  3.202567e+001  4.400000e+000
    endloop
  endfacet
  facet normal -6.303943e-001  7.762752e-001  0.000000e+000
    outer loop
      vertex -2.862230e+001  3.202567e+001  3.600000e+000
      vertex -2.862230e+001  3.202567e+001  4.400000e+000
      vertex -2.847307e+001  3.214686e+001  3.600000e+000
    endloop
  endfacet
  facet normal -6.303943e-001  7.762752e-001  0.000000e+000
    outer loop
      vertex -2.847307e+001  3.214686e+001  3.600000e+000
      vertex -2.862230e+001  3.202567e+001  4.400000e+000
      vertex -2.847307e+001  3.214686e+001  4.400000e+000
    endloop
  endfacet
  facet normal -5.977720e-001  8.016662e-001  0.000000e+000
    outer loop
      vertex -2.847307e+001  3.214686e+001  3.600000e+000
      vertex -2.847307e+001  3.214686e+001  4.400000e+000
      vertex -2.831896e+001  3.226177e+001  3.600000e+000
    endloop
  endfacet
  facet normal -5.977720e-001  8.016662e-001  0.000000e+000
    outer loop
      vertex -2.831896e+001  3.226177e+001  3.600000e+000
      vertex -2.847307e+001  3.214686e+001  4.400000e+000
      vertex -2.831896e+001  3.226177e+001  4.400000e+000
    endloop
  endfacet
  facet normal -5.641389e-001  8.256799e-001  0.000000e+000
    outer loop
      vertex -2.831896e+001  3.226177e+001  3.600000e+000
      vertex -2.831896e+001  3.226177e+001  4.400000e+000
      vertex -2.816024e+001  3.237022e+001  3.600000e+000
    endloop
  endfacet
  facet normal -5.641389e-001  8.256799e-001  0.000000e+000
    outer loop
      vertex -2.816024e+001  3.237022e+001  3.600000e+000
      vertex -2.831896e+001  3.226177e+001  4.400000e+000
      vertex -2.816024e+001  3.237022e+001  4.400000e+000
    endloop
  endfacet
  facet normal -5.295306e-001  8.482908e-001  0.000000e+000
    outer loop
      vertex -2.816024e+001  3.237022e+001  3.600000e+000
      vertex -2.816024e+001  3.237022e+001  4.400000e+000
      vertex -2.799717e+001  3.247202e+001  3.600000e+000
    endloop
  endfacet
  facet normal -5.295306e-001  8.482908e-001  0.000000e+000
    outer loop
      vertex -2.799717e+001  3.247202e+001  3.600000e+000
      vertex -2.816024e+001  3.237022e+001  4.400000e+000
      vertex -2.799717e+001  3.247202e+001  4.400000e+000
    endloop
  endfacet
  facet normal -4.940153e-001  8.694531e-001  0.000000e+000
    outer loop
      vertex -2.799717e+001  3.247202e+001  3.600000e+000
      vertex -2.799717e+001  3.247202e+001  4.400000e+000
      vertex -2.783003e+001  3.256698e+001  3.600000e+000
    endloop
  endfacet
  facet normal -4.940153e-001  8.694531e-001  0.000000e+000
    outer loop
      vertex -2.783003e+001  3.256698e+001  3.600000e+000
      vertex -2.799717e+001  3.247202e+001  4.400000e+000
      vertex -2.783003e+001  3.256698e+001  4.400000e+000
    endloop
  endfacet
  facet normal -4.576722e-001  8.891211e-001  0.000000e+000
    outer loop
      vertex -2.783003e+001  3.256698e+001  3.600000e+000
      vertex -2.783003e+001  3.256698e+001  4.400000e+000
      vertex -2.765910e+001  3.265496e+001  3.600000e+000
    endloop
  endfacet
  facet normal -4.576722e-001  8.891211e-001  0.000000e+000
    outer loop
      vertex -2.765910e+001  3.265496e+001  3.600000e+000
      vertex -2.783003e+001  3.256698e+001  4.400000e+000
      vertex -2.765910e+001  3.265496e+001  4.400000e+000
    endloop
  endfacet
  facet normal -4.205299e-001  9.072787e-001  0.000000e+000
    outer loop
      vertex -2.765910e+001  3.265496e+001  3.600000e+000
      vertex -2.765910e+001  3.265496e+001  4.400000e+000
      vertex -2.748469e+001  3.273581e+001  3.600000e+000
    endloop
  endfacet
  facet normal -4.205299e-001  9.072787e-001  0.000000e+000
    outer loop
      vertex -2.748469e+001  3.273581e+001  3.600000e+000
      vertex -2.765910e+001  3.265496e+001  4.400000e+000
      vertex -2.748469e+001  3.273581e+001  4.400000e+000
    endloop
  endfacet
  facet normal -3.826877e-001  9.238777e-001  0.000000e+000
    outer loop
      vertex -2.748469e+001  3.273581e+001  3.600000e+000
      vertex -2.748469e+001  3.273581e+001  4.400000e+000
      vertex -2.730709e+001  3.280937e+001  3.600000e+000
    endloop
  endfacet
  facet normal -3.826877e-001  9.238777e-001  0.000000e+000
    outer loop
      vertex -2.730709e+001  3.280937e+001  3.600000e+000
      vertex -2.748469e+001  3.273581e+001  4.400000e+000
      vertex -2.730709e+001  3.280937e+001  4.400000e+000
    endloop
  endfacet
  facet normal -3.441701e-001  9.389073e-001  0.000000e+000
    outer loop
      vertex -2.730709e+001  3.280937e+001  3.600000e+000
      vertex -2.730709e+001  3.280937e+001  4.400000e+000
      vertex -2.712660e+001  3.287553e+001  3.600000e+000
    endloop
  endfacet
  facet normal -3.441701e-001  9.389073e-001  0.000000e+000
    outer loop
      vertex -2.712660e+001  3.287553e+001  3.600000e+000
      vertex -2.730709e+001  3.280937e+001  4.400000e+000
      vertex -2.712660e+001  3.287553e+001  4.400000e+000
    endloop
  endfacet
  facet normal -3.050976e-001  9.523211e-001  0.000000e+000
    outer loop
      vertex -2.712660e+001  3.287553e+001  3.600000e+000
      vertex -2.712660e+001  3.287553e+001  4.400000e+000
      vertex -2.694353e+001  3.293419e+001  3.600000e+000
    endloop
  endfacet
  facet normal -3.050976e-001  9.523211e-001  0.000000e+000
    outer loop
      vertex -2.694353e+001  3.293419e+001  3.600000e+000
      vertex -2.712660e+001  3.287553e+001  4.400000e+000
      vertex -2.694353e+001  3.293419e+001  4.400000e+000
    endloop
  endfacet
  facet normal -2.654514e-001  9.641243e-001  0.000000e+000
    outer loop
      vertex -2.694353e+001  3.293419e+001  3.600000e+000
      vertex -2.694353e+001  3.293419e+001  4.400000e+000
      vertex -2.675819e+001  3.298521e+001  3.600000e+000
    endloop
  endfacet
  facet normal -2.654514e-001  9.641243e-001  0.000000e+000
    outer loop
      vertex -2.675819e+001  3.298521e+001  3.600000e+000
      vertex -2.694353e+001  3.293419e+001  4.400000e+000
      vertex -2.675819e+001  3.298521e+001  4.400000e+000
    endloop
  endfacet
  facet normal -2.254044e-001  9.742652e-001  0.000000e+000
    outer loop
      vertex -2.675819e+001  3.298521e+001  3.600000e+000
      vertex -2.675819e+001  3.298521e+001  4.400000e+000
      vertex -2.657090e+001  3.302855e+001  3.600000e+000
    endloop
  endfacet
  facet normal -2.254044e-001  9.742652e-001  0.000000e+000
    outer loop
      vertex -2.657090e+001  3.302855e+001  3.600000e+000
      vertex -2.675819e+001  3.298521e+001  4.400000e+000
      vertex -2.657090e+001  3.302855e+001  4.400000e+000
    endloop
  endfacet
  facet normal -1.849451e-001  9.827489e-001  0.000000e+000
    outer loop
      vertex -2.657090e+001  3.302855e+001  3.600000e+000
      vertex -2.657090e+001  3.302855e+001  4.400000e+000
      vertex -2.638198e+001  3.306410e+001  3.600000e+000
    endloop
  endfacet
  facet normal -1.849451e-001  9.827489e-001  0.000000e+000
    outer loop
      vertex -2.638198e+001  3.306410e+001  3.600000e+000
      vertex -2.657090e+001  3.302855e+001  4.400000e+000
      vertex -2.638198e+001  3.306410e+001  4.400000e+000
    endloop
  endfacet
  facet normal -1.441836e-001  9.895509e-001  0.000000e+000
    outer loop
      vertex -2.638198e+001  3.306410e+001  3.600000e+000
      vertex -2.638198e+001  3.306410e+001  4.400000e+000
      vertex -2.619175e+001  3.309182e+001  3.600000e+000
    endloop
  endfacet
  facet normal -1.441836e-001  9.895509e-001  0.000000e+000
    outer loop
      vertex -2.619175e+001  3.309182e+001  3.600000e+000
      vertex -2.638198e+001  3.306410e+001  4.400000e+000
      vertex -2.619175e+001  3.309182e+001  4.400000e+000
    endloop
  endfacet
  facet normal -1.031486e-001  9.946660e-001  0.000000e+000
    outer loop
      vertex -2.619175e+001  3.309182e+001  3.600000e+000
      vertex -2.619175e+001  3.309182e+001  4.400000e+000
      vertex -2.600054e+001  3.311164e+001  3.600000e+000
    endloop
  endfacet
  facet normal -1.031486e-001  9.946660e-001  0.000000e+000
    outer loop
      vertex -2.600054e+001  3.311164e+001  3.600000e+000
      vertex -2.619175e+001  3.309182e+001  4.400000e+000
      vertex -2.600054e+001  3.311164e+001  4.400000e+000
    endloop
  endfacet
  facet normal -6.197183e-002  9.980778e-001  0.000000e+000
    outer loop
      vertex -2.600054e+001  3.311164e+001  3.600000e+000
      vertex -2.600054e+001  3.311164e+001  4.400000e+000
      vertex -2.580867e+001  3.312356e+001  3.600000e+000
    endloop
  endfacet
  facet normal -6.197183e-002  9.980778e-001  0.000000e+000
    outer loop
      vertex -2.580867e+001  3.312356e+001  3.600000e+000
      vertex -2.600054e+001  3.311164e+001  4.400000e+000
      vertex -2.580867e+001  3.312356e+001  4.400000e+000
    endloop
  endfacet
  facet normal -2.065753e-002  9.997866e-001  0.000000e+000
    outer loop
      vertex -2.580867e+001  3.312356e+001  3.600000e+000
      vertex -2.580867e+001  3.312356e+001  4.400000e+000
      vertex -2.561648e+001  3.312753e+001  3.600000e+000
    endloop
  endfacet
  facet normal -2.065753e-002  9.997866e-001  0.000000e+000
    outer loop
      vertex -2.561648e+001  3.312753e+001  3.600000e+000
      vertex -2.580867e+001  3.312356e+001  4.400000e+000
      vertex -2.561648e+001  3.312753e+001  4.400000e+000
    endloop
  endfacet
  facet normal  2.065732e-002  9.997867e-001  0.000000e+000
    outer loop
      vertex -2.561648e+001  3.312753e+001  3.600000e+000
      vertex -2.561648e+001  3.312753e+001  4.400000e+000
      vertex -2.542428e+001  3.312356e+001  3.600000e+000
    endloop
  endfacet
  facet normal  2.065732e-002  9.997867e-001  -0.000000e+000
    outer loop
      vertex -2.542428e+001  3.312356e+001  3.600000e+000
      vertex -2.561648e+001  3.312753e+001  4.400000e+000
      vertex -2.542428e+001  3.312356e+001  4.400000e+000
    endloop
  endfacet
  facet normal  6.197183e-002  9.980778e-001  0.000000e+000
    outer loop
      vertex -2.542428e+001  3.312356e+001  3.600000e+000
      vertex -2.542428e+001  3.312356e+001  4.400000e+000
      vertex -2.523241e+001  3.311164e+001  3.600000e+000
    endloop
  endfacet
  facet normal  6.197183e-002  9.980778e-001  -0.000000e+000
    outer loop
      vertex -2.523241e+001  3.311164e+001  3.600000e+000
      vertex -2.542428e+001  3.312356e+001  4.400000e+000
      vertex -2.523241e+001  3.311164e+001  4.400000e+000
    endloop
  endfacet
  facet normal  1.031486e-001  9.946660e-001  0.000000e+000
    outer loop
      vertex -2.523241e+001  3.311164e+001  3.600000e+000
      vertex -2.523241e+001  3.311164e+001  4.400000e+000
      vertex -2.504120e+001  3.309182e+001  3.600000e+000
    endloop
  endfacet
  facet normal  1.031486e-001  9.946660e-001  -0.000000e+000
    outer loop
      vertex -2.504120e+001  3.309182e+001  3.600000e+000
      vertex -2.523241e+001  3.311164e+001  4.400000e+000
      vertex -2.504120e+001  3.309182e+001  4.400000e+000
    endloop
  endfacet
  facet normal  1.441836e-001  9.895509e-001  0.000000e+000
    outer loop
      vertex -2.504120e+001  3.309182e+001  3.600000e+000
      vertex -2.504120e+001  3.309182e+001  4.400000e+000
      vertex -2.485097e+001  3.306410e+001  3.600000e+000
    endloop
  endfacet
  facet normal  1.441836e-001  9.895509e-001  -0.000000e+000
    outer loop
      vertex -2.485097e+001  3.306410e+001  3.600000e+000
      vertex -2.504120e+001  3.309182e+001  4.400000e+000
      vertex -2.485097e+001  3.306410e+001  4.400000e+000
    endloop
  endfacet
  facet normal  1.849451e-001  9.827489e-001  0.000000e+000
    outer loop
      vertex -2.485097e+001  3.306410e+001  3.600000e+000
      vertex -2.485097e+001  3.306410e+001  4.400000e+000
      vertex -2.466205e+001  3.302855e+001  3.600000e+000
    endloop
  endfacet
  facet normal  1.849451e-001  9.827489e-001  -0.000000e+000
    outer loop
      vertex -2.466205e+001  3.302855e+001  3.600000e+000
      vertex -2.485097e+001  3.306410e+001  4.400000e+000
      vertex -2.466205e+001  3.302855e+001  4.400000e+000
    endloop
  endfacet
  facet normal  2.254044e-001  9.742652e-001  0.000000e+000
    outer loop
      vertex -2.466205e+001  3.302855e+001  3.600000e+000
      vertex -2.466205e+001  3.302855e+001  4.400000e+000
      vertex -2.447476e+001  3.298521e+001  3.600000e+000
    endloop
  endfacet
  facet normal  2.254044e-001  9.742652e-001  -0.000000e+000
    outer loop
      vertex -2.447476e+001  3.298521e+001  3.600000e+000
      vertex -2.466205e+001  3.302855e+001  4.400000e+000
      vertex -2.447476e+001  3.298521e+001  4.400000e+000
    endloop
  endfacet
  facet normal  2.654514e-001  9.641243e-001  0.000000e+000
    outer loop
      vertex -2.447476e+001  3.298521e+001  3.600000e+000
      vertex -2.447476e+001  3.298521e+001  4.400000e+000
      vertex -2.428942e+001  3.293419e+001  3.600000e+000
    endloop
  endfacet
  facet normal  2.654514e-001  9.641243e-001  -0.000000e+000
    outer loop
      vertex -2.428942e+001  3.293419e+001  3.600000e+000
      vertex -2.447476e+001  3.298521e+001  4.400000e+000
      vertex -2.428942e+001  3.293419e+001  4.400000e+000
    endloop
  endfacet
  facet normal  3.050976e-001  9.523211e-001  0.000000e+000
    outer loop
      vertex -2.428942e+001  3.293419e+001  3.600000e+000
      vertex -2.428942e+001  3.293419e+001  4.400000e+000
      vertex -2.410635e+001  3.287553e+001  3.600000e+000
    endloop
  endfacet
  facet normal  3.050976e-001  9.523211e-001  -0.000000e+000
    outer loop
      vertex -2.410635e+001  3.287553e+001  3.600000e+000
      vertex -2.428942e+001  3.293419e+001  4.400000e+000
      vertex -2.410635e+001  3.287553e+001  4.400000e+000
    endloop
  endfacet
  facet normal  3.441701e-001  9.389073e-001  0.000000e+000
    outer loop
      vertex -2.410635e+001  3.287553e+001  3.600000e+000
      vertex -2.410635e+001  3.287553e+001  4.400000e+000
      vertex -2.392586e+001  3.280937e+001  3.600000e+000
    endloop
  endfacet
  facet normal  3.441701e-001  9.389073e-001  -0.000000e+000
    outer loop
      vertex -2.392586e+001  3.280937e+001  3.600000e+000
      vertex -2.410635e+001  3.287553e+001  4.400000e+000
      vertex -2.392586e+001  3.280937e+001  4.400000e+000
    endloop
  endfacet
  facet normal  3.826877e-001  9.238777e-001  0.000000e+000
    outer loop
      vertex -2.392586e+001  3.280937e+001  3.600000e+000
      vertex -2.392586e+001  3.280937e+001  4.400000e+000
      vertex -2.374826e+001  3.273581e+001  3.600000e+000
    endloop
  endfacet
  facet normal  3.826877e-001  9.238777e-001  -0.000000e+000
    outer loop
      vertex -2.374826e+001  3.273581e+001  3.600000e+000
      vertex -2.392586e+001  3.280937e+001  4.400000e+000
      vertex -2.374826e+001  3.273581e+001  4.400000e+000
    endloop
  endfacet
  facet normal  4.205299e-001  9.072787e-001  0.000000e+000
    outer loop
      vertex -2.374826e+001  3.273581e+001  3.600000e+000
      vertex -2.374826e+001  3.273581e+001  4.400000e+000
      vertex -2.357385e+001  3.265496e+001  3.600000e+000
    endloop
  endfacet
  facet normal  4.205299e-001  9.072787e-001  -0.000000e+000
    outer loop
      vertex -2.357385e+001  3.265496e+001  3.600000e+000
      vertex -2.374826e+001  3.273581e+001  4.400000e+000
      vertex -2.357385e+001  3.265496e+001  4.400000e+000
    endloop
  endfacet
  facet normal  4.576722e-001  8.891211e-001  0.000000e+000
    outer loop
      vertex -2.357385e+001  3.265496e+001  3.600000e+000
      vertex -2.357385e+001  3.265496e+001  4.400000e+000
      vertex -2.340292e+001  3.256698e+001  3.600000e+000
    endloop
  endfacet
  facet normal  4.576722e-001  8.891211e-001  -0.000000e+000
    outer loop
      vertex -2.340292e+001  3.256698e+001  3.600000e+000
      vertex -2.357385e+001  3.265496e+001  4.400000e+000
      vertex -2.340292e+001  3.256698e+001  4.400000e+000
    endloop
  endfacet
  facet normal  4.940153e-001  8.694531e-001  0.000000e+000
    outer loop
      vertex -2.340292e+001  3.256698e+001  3.600000e+000
      vertex -2.340292e+001  3.256698e+001  4.400000e+000
      vertex -2.323578e+001  3.247202e+001  3.600000e+000
    endloop
  endfacet
  facet normal  4.940153e-001  8.694531e-001  -0.000000e+000
    outer loop
      vertex -2.323578e+001  3.247202e+001  3.600000e+000
      vertex -2.340292e+001  3.256698e+001  4.400000e+000
      vertex -2.323578e+001  3.247202e+001  4.400000e+000
    endloop
  endfacet
  facet normal  5.295306e-001  8.482908e-001  0.000000e+000
    outer loop
      vertex -2.323578e+001  3.247202e+001  3.600000e+000
      vertex -2.323578e+001  3.247202e+001  4.400000e+000
      vertex -2.307271e+001  3.237022e+001  3.600000e+000
    endloop
  endfacet
  facet normal  5.295306e-001  8.482908e-001  -0.000000e+000
    outer loop
      vertex -2.307271e+001  3.237022e+001  3.600000e+000
      vertex -2.323578e+001  3.247202e+001  4.400000e+000
      vertex -2.307271e+001  3.237022e+001  4.400000e+000
    endloop
  endfacet
  facet normal  5.641389e-001  8.256799e-001  0.000000e+000
    outer loop
      vertex -2.307271e+001  3.237022e+001  3.600000e+000
      vertex -2.307271e+001  3.237022e+001  4.400000e+000
      vertex -2.291399e+001  3.226177e+001  3.600000e+000
    endloop
  endfacet
  facet normal  5.641389e-001  8.256799e-001  -0.000000e+000
    outer loop
      vertex -2.291399e+001  3.226177e+001  3.600000e+000
      vertex -2.307271e+001  3.237022e+001  4.400000e+000
      vertex -2.291399e+001  3.226177e+001  4.400000e+000
    endloop
  endfacet
  facet normal  5.977720e-001  8.016662e-001  0.000000e+000
    outer loop
      vertex -2.291399e+001  3.226177e+001  3.600000e+000
      vertex -2.291399e+001  3.226177e+001  4.400000e+000
      vertex -2.275988e+001  3.214686e+001  3.600000e+000
    endloop
  endfacet
  facet normal  5.977720e-001  8.016662e-001  -0.000000e+000
    outer loop
      vertex -2.275988e+001  3.214686e+001  3.600000e+000
      vertex -2.291399e+001  3.226177e+001  4.400000e+000
      vertex -2.275988e+001  3.214686e+001  4.400000e+000
    endloop
  endfacet
  facet normal  6.303943e-001  7.762752e-001  0.000000e+000
    outer loop
      vertex -2.275988e+001  3.214686e+001  3.600000e+000
      vertex -2.275988e+001  3.214686e+001  4.400000e+000
      vertex -2.261065e+001  3.202567e+001  3.600000e+000
    endloop
  endfacet
  facet normal  6.303943e-001  7.762752e-001  -0.000000e+000
    outer loop
      vertex -2.261065e+001  3.202567e+001  3.600000e+000
      vertex -2.275988e+001  3.214686e+001  4.400000e+000
      vertex -2.261065e+001  3.202567e+001  4.400000e+000
    endloop
  endfacet
  facet normal  6.619278e-001  7.495677e-001  0.000000e+000
    outer loop
      vertex -2.261065e+001  3.202567e+001  3.600000e+000
      vertex -2.261065e+001  3.202567e+001  4.400000e+000
      vertex -2.246655e+001  3.189843e+001  3.600000e+000
    endloop
  endfacet
  facet normal  6.619278e-001  7.495677e-001  -0.000000e+000
    outer loop
      vertex -2.246655e+001  3.189843e+001  3.600000e+000
      vertex -2.261065e+001  3.202567e+001  4.400000e+000
      vertex -2.246655e+001  3.189843e+001  4.400000e+000
    endloop
  endfacet
  facet normal  6.923408e-001  7.215707e-001  0.000000e+000
    outer loop
      vertex -2.246655e+001  3.189843e+001  3.600000e+000
      vertex -2.246655e+001  3.189843e+001  4.400000e+000
      vertex -2.232784e+001  3.176533e+001  3.600000e+000
    endloop
  endfacet
  facet normal  6.923408e-001  7.215707e-001  -0.000000e+000
    outer loop
      vertex -2.232784e+001  3.176533e+001  3.600000e+000
      vertex -2.246655e+001  3.189843e+001  4.400000e+000
      vertex -2.232784e+001  3.176533e+001  4.400000e+000
    endloop
  endfacet
  facet normal  7.215707e-001  6.923408e-001  0.000000e+000
    outer loop
      vertex -2.232784e+001  3.176533e+001  3.600000e+000
      vertex -2.232784e+001  3.176533e+001  4.400000e+000
      vertex -2.219475e+001  3.162662e+001  3.600000e+000
    endloop
  endfacet
  facet normal  7.215707e-001  6.923408e-001  -0.000000e+000
    outer loop
      vertex -2.219475e+001  3.162662e+001  3.600000e+000
      vertex -2.232784e+001  3.176533e+001  4.400000e+000
      vertex -2.219475e+001  3.162662e+001  4.400000e+000
    endloop
  endfacet
  facet normal  7.495677e-001  6.619278e-001  0.000000e+000
    outer loop
      vertex -2.219475e+001  3.162662e+001  3.600000e+000
      vertex -2.219475e+001  3.162662e+001  4.400000e+000
      vertex -2.206750e+001  3.148253e+001  3.600000e+000
    endloop
  endfacet
  facet normal  7.495677e-001  6.619278e-001  -0.000000e+000
    outer loop
      vertex -2.206750e+001  3.148253e+001  3.600000e+000
      vertex -2.219475e+001  3.162662e+001  4.400000e+000
      vertex -2.206750e+001  3.148253e+001  4.400000e+000
    endloop
  endfacet
  facet normal  7.762712e-001  6.303992e-001  0.000000e+000
    outer loop
      vertex -2.206750e+001  3.148253e+001  3.600000e+000
      vertex -2.206750e+001  3.148253e+001  4.400000e+000
      vertex -2.194632e+001  3.133330e+001  3.600000e+000
    endloop
  endfacet
  facet normal  7.762712e-001  6.303992e-001  -0.000000e+000
    outer loop
      vertex -2.194632e+001  3.133330e+001  3.600000e+000
      vertex -2.206750e+001  3.148253e+001  4.400000e+000
      vertex -2.194632e+001  3.133330e+001  4.400000e+000
    endloop
  endfacet
  facet normal  8.016662e-001  5.977720e-001  0.000000e+000
    outer loop
      vertex -2.194632e+001  3.133330e+001  3.600000e+000
      vertex -2.194632e+001  3.133330e+001  4.400000e+000
      vertex -2.183140e+001  3.117919e+001  3.600000e+000
    endloop
  endfacet
  facet normal  8.016662e-001  5.977720e-001  -0.000000e+000
    outer loop
      vertex -2.183140e+001  3.117919e+001  3.600000e+000
      vertex -2.194632e+001  3.133330e+001  4.400000e+000
      vertex -2.183140e+001  3.117919e+001  4.400000e+000
    endloop
  endfacet
  facet normal  8.256877e-001  5.641274e-001  0.000000e+000
    outer loop
      vertex -2.183140e+001  3.117919e+001  3.600000e+000
      vertex -2.183140e+001  3.117919e+001  4.400000e+000
      vertex -2.172296e+001  3.102046e+001  3.600000e+000
    endloop
  endfacet
  facet normal  8.256877e-001  5.641274e-001  -0.000000e+000
    outer loop
      vertex -2.172296e+001  3.102046e+001  3.600000e+000
      vertex -2.183140e+001  3.117919e+001  4.400000e+000
      vertex -2.172296e+001  3.102046e+001  4.400000e+000
    endloop
  endfacet
  facet normal  8.482908e-001  5.295306e-001  0.000000e+000
    outer loop
      vertex -2.172296e+001  3.102046e+001  3.600000e+000
      vertex -2.172296e+001  3.102046e+001  4.400000e+000
      vertex -2.162116e+001  3.085739e+001  3.600000e+000
    endloop
  endfacet
  facet normal  8.482908e-001  5.295306e-001  -0.000000e+000
    outer loop
      vertex -2.162116e+001  3.085739e+001  3.600000e+000
      vertex -2.172296e+001  3.102046e+001  4.400000e+000
      vertex -2.162116e+001  3.085739e+001  4.400000e+000
    endloop
  endfacet
  facet normal  8.694489e-001  4.940228e-001  0.000000e+000
    outer loop
      vertex -2.162116e+001  3.085739e+001  3.600000e+000
      vertex -2.162116e+001  3.085739e+001  4.400000e+000
      vertex -2.152619e+001  3.069025e+001  3.600000e+000
    endloop
  endfacet
  facet normal  8.694489e-001  4.940228e-001  -0.000000e+000
    outer loop
      vertex -2.152619e+001  3.069025e+001  3.600000e+000
      vertex -2.162116e+001  3.085739e+001  4.400000e+000
      vertex -2.152619e+001  3.069025e+001  4.400000e+000
    endloop
  endfacet
  facet normal  8.891230e-001  4.576684e-001  0.000000e+000
    outer loop
      vertex -2.152619e+001  3.069025e+001  3.600000e+000
      vertex -2.152619e+001  3.069025e+001  4.400000e+000
      vertex -2.143821e+001  3.051933e+001  3.600000e+000
    endloop
  endfacet
  facet normal  8.891230e-001  4.576684e-001  -0.000000e+000
    outer loop
      vertex -2.143821e+001  3.051933e+001  3.600000e+000
      vertex -2.152619e+001  3.069025e+001  4.400000e+000
      vertex -2.143821e+001  3.051933e+001  4.400000e+000
    endloop
  endfacet
  facet normal  9.072749e-001  4.205381e-001  0.000000e+000
    outer loop
      vertex -2.143821e+001  3.051933e+001  3.600000e+000
      vertex -2.143821e+001  3.051933e+001  4.400000e+000
      vertex -2.135737e+001  3.034492e+001  3.600000e+000
    endloop
  endfacet
  facet normal  9.072749e-001  4.205381e-001  -0.000000e+000
    outer loop
      vertex -2.135737e+001  3.034492e+001  3.600000e+000
      vertex -2.143821e+001  3.051933e+001  4.400000e+000
      vertex -2.135737e+001  3.034492e+001  4.400000e+000
    endloop
  endfacet
  facet normal  9.238792e-001  3.826842e-001  0.000000e+000
    outer loop
      vertex -2.135737e+001  3.034492e+001  3.600000e+000
      vertex -2.135737e+001  3.034492e+001  4.400000e+000
      vertex -2.128380e+001  3.016731e+001  3.600000e+000
    endloop
  endfacet
  facet normal  9.238792e-001  3.826842e-001  -0.000000e+000
    outer loop
      vertex -2.128380e+001  3.016731e+001  3.600000e+000
      vertex -2.135737e+001  3.034492e+001  4.400000e+000
      vertex -2.128380e+001  3.016731e+001  4.400000e+000
    endloop
  endfacet
  facet normal  9.389061e-001  3.441733e-001  0.000000e+000
    outer loop
      vertex -2.128380e+001  3.016731e+001  3.600000e+000
      vertex -2.128380e+001  3.016731e+001  4.400000e+000
      vertex -2.121764e+001  2.998682e+001  3.600000e+000
    endloop
  endfacet
  facet normal  9.389061e-001  3.441733e-001  -0.000000e+000
    outer loop
      vertex -2.121764e+001  2.998682e+001  3.600000e+000
      vertex -2.128380e+001  3.016731e+001  4.400000e+000
      vertex -2.121764e+001  2.998682e+001  4.400000e+000
    endloop
  endfacet
  facet normal  9.523249e-001  3.050857e-001  0.000000e+000
    outer loop
      vertex -2.121764e+001  2.998682e+001  3.600000e+000
      vertex -2.121764e+001  2.998682e+001  4.400000e+000
      vertex -2.115899e+001  2.980375e+001  3.600000e+000
    endloop
  endfacet
  facet normal  9.523249e-001  3.050857e-001  -0.000000e+000
    outer loop
      vertex -2.115899e+001  2.980375e+001  3.600000e+000
      vertex -2.121764e+001  2.998682e+001  4.400000e+000
      vertex -2.115899e+001  2.980375e+001  4.400000e+000
    endloop
  endfacet
  facet normal  9.641217e-001  2.654606e-001  0.000000e+000
    outer loop
      vertex -2.115899e+001  2.980375e+001  3.600000e+000
      vertex -2.115899e+001  2.980375e+001  4.400000e+000
      vertex -2.110796e+001  2.961841e+001  3.600000e+000
    endloop
  endfacet
  facet normal  9.641217e-001  2.654606e-001  -0.000000e+000
    outer loop
      vertex -2.110796e+001  2.961841e+001  3.600000e+000
      vertex -2.115899e+001  2.980375e+001  4.400000e+000
      vertex -2.110796e+001  2.961841e+001  4.400000e+000
    endloop
  endfacet
  facet normal  9.742648e-001  2.254066e-001  0.000000e+000
    outer loop
      vertex -2.110796e+001  2.961841e+001  3.600000e+000
      vertex -2.110796e+001  2.961841e+001  4.400000e+000
      vertex -2.106463e+001  2.943112e+001  3.600000e+000
    endloop
  endfacet
  facet normal  9.742648e-001  2.254066e-001  -0.000000e+000
    outer loop
      vertex -2.106463e+001  2.943112e+001  3.600000e+000
      vertex -2.110796e+001  2.961841e+001  4.400000e+000
      vertex -2.106463e+001  2.943112e+001  4.400000e+000
    endloop
  endfacet
  facet normal  9.827492e-001  1.849433e-001  0.000000e+000
    outer loop
      vertex -2.106463e+001  2.943112e+001  3.600000e+000
      vertex -2.106463e+001  2.943112e+001  4.400000e+000
      vertex -2.102908e+001  2.924220e+001  3.600000e+000
    endloop
  endfacet
  facet normal  9.827492e-001  1.849433e-001  -0.000000e+000
    outer loop
      vertex -2.102908e+001  2.924220e+001  3.600000e+000
      vertex -2.106463e+001  2.943112e+001  4.400000e+000
      vertex -2.102908e+001  2.924220e+001  4.400000e+000
    endloop
  endfacet
  facet normal  9.895521e-001  1.441753e-001  0.000000e+000
    outer loop
      vertex -2.102908e+001  2.924220e+001  3.600000e+000
      vertex -2.102908e+001  2.924220e+001  4.400000e+000
      vertex -2.100136e+001  2.905197e+001  3.600000e+000
    endloop
  endfacet
  facet normal  9.895521e-001  1.441753e-001  -0.000000e+000
    outer loop
      vertex -2.100136e+001  2.905197e+001  3.600000e+000
      vertex -2.102908e+001  2.924220e+001  4.400000e+000
      vertex -2.100136e+001  2.905197e+001  4.400000e+000
    endloop
  endfacet
  facet normal  9.946651e-001  1.031574e-001  0.000000e+000
    outer loop
      vertex -2.100136e+001  2.905197e+001  3.600000e+000
      vertex -2.100136e+001  2.905197e+001  4.400000e+000
      vertex -2.098153e+001  2.886076e+001  3.600000e+000
    endloop
  endfacet
  facet normal  9.946651e-001  1.031574e-001  -0.000000e+000
    outer loop
      vertex -2.098153e+001  2.886076e+001  3.600000e+000
      vertex -2.100136e+001  2.905197e+001  4.400000e+000
      vertex -2.098153e+001  2.886076e+001  4.400000e+000
    endloop
  endfacet
  facet normal  9.980785e-001  6.196256e-002  0.000000e+000
    outer loop
      vertex -2.098153e+001  2.886076e+001  3.600000e+000
      vertex -2.098153e+001  2.886076e+001  4.400000e+000
      vertex -2.096962e+001  2.866890e+001  3.600000e+000
    endloop
  endfacet
  facet normal  9.980785e-001  6.196256e-002  -0.000000e+000
    outer loop
      vertex -2.096962e+001  2.866890e+001  3.600000e+000
      vertex -2.098153e+001  2.886076e+001  4.400000e+000
      vertex -2.096962e+001  2.866890e+001  4.400000e+000
    endloop
  endfacet
  facet normal  9.997864e-001  2.066724e-002  0.000000e+000
    outer loop
      vertex -2.096962e+001  2.866890e+001  3.600000e+000
      vertex -2.096962e+001  2.866890e+001  4.400000e+000
      vertex -2.096564e+001  2.847670e+001  3.600000e+000
    endloop
  endfacet
  facet normal  9.997864e-001  2.066724e-002  -0.000000e+000
    outer loop
      vertex -2.096564e+001  2.847670e+001  3.600000e+000
      vertex -2.096962e+001  2.866890e+001  4.400000e+000
      vertex -2.096564e+001  2.847670e+001  4.400000e+000
    endloop
  endfacet
  facet normal  0.000000e+000  0.000000e+000 -1.000000e+000
    outer loop
      vertex -2.561648e+001  3.312753e+001  3.600000e+000
      vertex -2.542428e+001  3.312356e+001  3.600000e+000
      vertex -2.580867e+001  3.312356e+001  3.600000e+000
    endloop
  endfacet
  facet normal  0.000000e+000  0.000000e+000 -1.000000e+000
    outer loop
      vertex -2.561648e+001  2.382587e+001  3.600000e+000
      vertex -2.580867e+001  2.382984e+001  3.600000e+000
      vertex -2.542428e+001  2.382984e+001  3.600000e+000
    endloop
  endfacet
  facet normal  0.000000e+000  0.000000e+000 -1.000000e+000
    outer loop
      vertex -2.542428e+001  2.382984e+001  3.600000e+000
      vertex -2.580867e+001  2.382984e+001  3.600000e+000
      vertex -2.600054e+001  2.384175e+001  3.600000e+000
    endloop
  endfacet
  facet normal  0.000000e+000  0.000000e+000 -1.000000e+000
    outer loop
      vertex -2.542428e+001  2.382984e+001  3.600000e+000
      vertex -2.600054e+001  2.384175e+001  3.600000e+000
      vertex -2.523241e+001  2.384175e+001  3.600000e+000
    endloop
  endfacet
  facet normal  0.000000e+000  0.000000e+000 -1.000000e+000
    outer loop
      vertex -2.523241e+001  2.384175e+001  3.600000e+000
      vertex -2.600054e+001  2.384175e+001  3.600000e+000
      vertex -2.619175e+001  2.386159e+001  3.600000e+000
    endloop
  endfacet
  facet normal  0.000000e+000  0.000000e+000 -1.000000e+000
    outer loop
      vertex -2.523241e+001  2.384175e+001  3.600000e+000
      vertex -2.619175e+001  2.386159e+001  3.600000e+000
      vertex -2.504120e+001  2.386159e+001  3.600000e+000
    endloop
  endfacet
  facet normal  0.000000e+000  0.000000e+000 -1.000000e+000
    outer loop
      vertex -2.504120e+001  2.386159e+001  3.600000e+000
      vertex -2.619175e+001  2.386159e+001  3.600000e+000
      vertex -2.638198e+001  2.388930e+001  3.600000e+000
    endloop
  endfacet
  facet normal  0.000000e+000  0.000000e+000 -9.999999e-001
    outer loop
      vertex -2.504120e+001  2.386159e+001  3.600000e+000
      vertex -2.638198e+001  2.388930e+001  3.600000e+000
      vertex -2.485097e+001  2.388930e+001  3.600000e+000
    endloop
  endfacet
  facet normal  0.000000e+000  0.000000e+000 -1.000000e+000
    outer loop
      vertex -2.485097e+001  2.388930e+001  3.600000e+000
      vertex -2.638198e+001  2.388930e+001  3.600000e+000
      vertex -2.657090e+001  2.392485e+001  3.600000e+000
    endloop
  endfacet
  facet normal  0.000000e+000  0.000000e+000 -1.000000e+000
    outer loop
      vertex -2.485097e+001  2.388930e+001  3.600000e+000
      vertex -2.657090e+001  2.392485e+001  3.600000e+000
      vertex -2.466205e+001  2.392485e+001  3.600000e+000
    endloop
  endfacet
  facet normal  0.000000e+000  0.000000e+000 -1.000000e+000
    outer loop
      vertex -2.466205e+001  2.392485e+001  3.600000e+000
      vertex -2.657090e+001  2.392485e+001  3.600000e+000
      vertex -2.675819e+001  2.396818e+001  3.600000e+000
    endloop
  endfacet
  facet normal  0.000000e+000  0.000000e+000 -1.000000e+000
    outer loop
      vertex -2.466205e+001  2.392485e+001  3.600000e+000
      vertex -2.675819e+001  2.396818e+001  3.600000e+000
      vertex -2.447476e+001  2.396818e+001  3.600000e+000
    endloop
  endfacet
  facet normal  0.000000e+000  0.000000e+000 -1.000000e+000
    outer loop
      vertex -2.447476e+001  2.396818e+001  3.600000e+000
      vertex -2.675819e+001  2.396818e+001  3.600000e+000
      vertex -2.694353e+001  2.401922e+001  3.600000e+000
    endloop
  endfacet
  facet normal  0.000000e+000  0.000000e+000 -1.000000e+000
    outer loop
      vertex -2.447476e+001  2.396818e+001  3.600000e+000
      vertex -2.694353e+001  2.401922e+001  3.600000e+000
      vertex -2.428942e+001  2.401922e+001  3.600000e+000
    endloop
  endfacet
  facet normal  0.000000e+000  0.000000e+000 -1.000000e+000
    outer loop
      vertex -2.428942e+001  2.401922e+001  3.600000e+000
      vertex -2.694353e+001  2.401922e+001  3.600000e+000
      vertex -2.712660e+001  2.407786e+001  3.600000e+000
    endloop
  endfacet
  facet normal  0.000000e+000  0.000000e+000 -1.000000e+000
    outer loop
      vertex -2.428942e+001  2.401922e+001  3.600000e+000
      vertex -2.712660e+001  2.407786e+001  3.600000e+000
      vertex -2.410635e+001  2.407786e+001  3.600000e+000
    endloop
  endfacet
  facet normal  0.000000e+000  0.000000e+000 -1.000000e+000
    outer loop
      vertex -2.410635e+001  2.407786e+001  3.600000e+000
      vertex -2.712660e+001  2.407786e+001  3.600000e+000
      vertex -2.730709e+001  2.414403e+001  3.600000e+000
    endloop
  endfacet
  facet normal  0.000000e+000  0.000000e+000 -1.000000e+000
    outer loop
      vertex -2.410635e+001  2.407786e+001  3.600000e+000
      vertex -2.730709e+001  2.414403e+001  3.600000e+000
      vertex -2.392586e+001  2.414403e+001  3.600000e+000
    endloop
  endfacet
  facet normal  0.000000e+000  0.000000e+000 -1.000000e+000
    outer loop
      vertex -2.392586e+001  2.414403e+001  3.600000e+000
      vertex -2.730709e+001  2.414403e+001  3.600000e+000
      vertex -2.748469e+001  2.421759e+001  3.600000e+000
    endloop
  endfacet
  facet normal  0.000000e+000  0.000000e+000 -1.000000e+000
    outer loop
      vertex -2.392586e+001  2.414403e+001  3.600000e+000
      vertex -2.748469e+001  2.421759e+001  3.600000e+000
      vertex -2.374826e+001  2.421759e+001  3.600000e+000
    endloop
  endfacet
  facet normal  0.000000e+000  0.000000e+000 -1.000000e+000
    outer loop
      vertex -2.374826e+001  2.421759e+001  3.600000e+000
      vertex -2.748469e+001  2.421759e+001  3.600000e+000
      vertex -2.765910e+001  2.429844e+001  3.600000e+000
    endloop
  endfacet
  facet normal  0.000000e+000  0.000000e+000 -1.000000e+000
    outer loop
      vertex -2.374826e+001  2.421759e+001  3.600000e+000
      vertex -2.765910e+001  2.429844e+001  3.600000e+000
      vertex -2.357385e+001  2.429844e+001  3.600000e+000
    endloop
  endfacet
  facet normal  0.000000e+000  0.000000e+000 -1.000000e+000
    outer loop
      vertex -2.357385e+001  2.429844e+001  3.600000e+000
      vertex -2.765910e+001  2.429844e+001  3.600000e+000
      vertex -2.783003e+001  2.438642e+001  3.600000e+000
    endloop
  endfacet
  facet normal  0.000000e+000  0.000000e+000 -1.000000e+000
    outer loop
      vertex -2.357385e+001  2.429844e+001  3.600000e+000
      vertex -2.783003e+001  2.438642e+001  3.600000e+000
      vertex -2.340292e+001  2.438642e+001  3.600000e+000
    endloop
  endfacet
  facet normal  0.000000e+000  0.000000e+000 -9.999999e-001
    outer loop
      vertex -2.340292e+001  2.438642e+001  3.600000e+000
      vertex -2.783003e+001  2.438642e+001  3.600000e+000
      vertex -2.799717e+001  2.448139e+001  3.600000e+000
    endloop
  endfacet
  facet normal  0.000000e+000  0.000000e+000 -1.000000e+000
    outer loop
      vertex -2.340292e+001  2.438642e+001  3.600000e+000
      vertex -2.799717e+001  2.448139e+001  3.600000e+000
      vertex -2.323578e+001  2.448139e+001  3.600000e+000
    endloop
  endfacet
  facet normal  0.000000e+000  0.000000e+000 -1.000000e+000
    outer loop
      vertex -2.323578e+001  2.448139e+001  3.600000e+000
      vertex -2.799717e+001  2.448139e+001  3.600000e+000
      vertex -2.816024e+001  2.458318e+001  3.600000e+000
    endloop
  endfacet
  facet normal  0.000000e+000  0.000000e+000 -1.000000e+000
    outer loop
      vertex -2.323578e+001  2.448139e+001  3.600000e+000
      vertex -2.816024e+001  2.458318e+001  3.600000e+000
      vertex -2.307271e+001  2.458318e+001  3.600000e+000
    endloop
  endfacet
  facet normal  0.000000e+000  0.000000e+000 -1.000000e+000
    outer loop
      vertex -2.307271e+001  2.458318e+001  3.600000e+000
      vertex -2.816024e+001  2.458318e+001  3.600000e+000
      vertex -2.831896e+001  2.469163e+001  3.600000e+000
    endloop
  endfacet
  facet normal  0.000000e+000  0.000000e+000 -1.000000e+000
    outer loop
      vertex -2.307271e+001  2.458318e+001  3.600000e+000
      vertex -2.831896e+001  2.469163e+001  3.600000e+000
      vertex -2.291399e+001  2.469163e+001  3.600000e+000
    endloop
  endfacet
  facet normal  0.000000e+000  0.000000e+000 -1.000000e+000
    outer loop
      vertex -2.291399e+001  2.469163e+001  3.600000e+000
      vertex -2.831896e+001  2.469163e+001  3.600000e+000
      vertex -2.847307e+001  2.480654e+001  3.600000e+000
    endloop
  endfacet
  facet normal  0.000000e+000  0.000000e+000 -1.000000e+000
    outer loop
      vertex -2.291399e+001  2.469163e+001  3.600000e+000
      vertex -2.847307e+001  2.480654e+001  3.600000e+000
      vertex -2.275988e+001  2.480654e+001  3.600000e+000
    endloop
  endfacet
  facet normal  0.000000e+000  0.000000e+000 -1.000000e+000
    outer loop
      vertex -2.275988e+001  2.480654e+001  3.600000e+000
      vertex -2.847307e+001  2.480654e+001  3.600000e+000
      vertex -2.862230e+001  2.492772e+001  3.600000e+000
    endloop
  endfacet
  facet normal  0.000000e+000  0.000000e+000 -1.000000e+000
    outer loop
      vertex -2.275988e+001  2.480654e+001  3.600000e+000
      vertex -2.862230e+001  2.492772e+001  3.600000e+000
      vertex -2.261065e+001  2.492772e+001  3.600000e+000
    endloop
  endfacet
  facet normal  0.000000e+000  0.000000e+000 -1.000000e+000
    outer loop
      vertex -2.261065e+001  2.492772e+001  3.600000e+000
      vertex -2.862230e+001  2.492772e+001  3.600000e+000
      vertex -2.876640e+001  2.505497e+001  3.600000e+000
    endloop
  endfacet
  facet normal  0.000000e+000  0.000000e+000 -1.000000e+000
    outer loop
      vertex -2.261065e+001  2.492772e+001  3.600000e+000
      vertex -2.876640e+001  2.505497e+001  3.600000e+000
      vertex -2.246655e+001  2.505497e+001  3.600000e+000
    endloop
  endfacet
  facet normal  0.000000e+000  0.000000e+000 -1.000000e+000
    outer loop
      vertex -2.246655e+001  2.505497e+001  3.600000e+000
      vertex -2.876640e+001  2.505497e+001  3.600000e+000
      vertex -2.890511e+001  2.518807e+001  3.600000e+000
    endloop
  endfacet
  facet normal  0.000000e+000  0.000000e+000 -1.000000e+000
    outer loop
      vertex -2.246655e+001  2.505497e+001  3.600000e+000
      vertex -2.890511e+001  2.518807e+001  3.600000e+000
      vertex -2.232784e+001  2.518807e+001  3.600000e+000
    endloop
  endfacet
  facet normal  0.000000e+000  0.000000e+000 -1.000000e+000
    outer loop
      vertex -2.232784e+001  2.518807e+001  3.600000e+000
      vertex -2.890511e+001  2.518807e+001  3.600000e+000
      vertex -2.903820e+001  2.532678e+001  3.600000e+000
    endloop
  endfacet
  facet normal  0.000000e+000  0.000000e+000 -1.000000e+000
    outer loop
      vertex -2.232784e+001  2.518807e+001  3.600000e+000
      vertex -2.903820e+001  2.532678e+001  3.600000e+000
      vertex -2.219475e+001  2.532678e+001  3.600000e+000
    endloop
  endfacet
  facet normal  0.000000e+000  0.000000e+000 -9.999999e-001
    outer loop
      vertex -2.219475e+001  2.532678e+001  3.600000e+000
      vertex -2.903820e+001  2.532678e+001  3.600000e+000
      vertex -2.916545e+001  2.547087e+001  3.600000e+000
    endloop
  endfacet
  facet normal  0.000000e+000  0.000000e+000 -1.000000e+000
    outer loop
      vertex -2.219475e+001  2.532678e+001  3.600000e+000
      vertex -2.916545e+001  2.547087e+001  3.600000e+000
      vertex -2.206750e+001  2.547087e+001  3.600000e+000
    endloop
  endfacet
  facet normal  0.000000e+000  0.000000e+000 -1.000000e+000
    outer loop
      vertex -2.206750e+001  2.547087e+001  3.600000e+000
      vertex -2.916545e+001  2.547087e+001  3.600000e+000
      vertex -2.928663e+001  2.562010e+001  3.600000e+000
    endloop
  endfacet
  facet normal  0.000000e+000  0.000000e+000 -1.000000e+000
    outer loop
      vertex -2.206750e+001  2.547087e+001  3.600000e+000
      vertex -2.928663e+001  2.562010e+001  3.600000e+000
      vertex -2.194632e+001  2.562010e+001  3.600000e+000
    endloop
  endfacet
  facet normal  0.000000e+000  0.000000e+000 -1.000000e+000
    outer loop
      vertex -2.194632e+001  2.562010e+001  3.600000e+000
      vertex -2.928663e+001  2.562010e+001  3.600000e+000
      vertex -2.940155e+001  2.577421e+001  3.600000e+000
    endloop
  endfacet
  facet normal  0.000000e+000  0.000000e+000 -1.000000e+000
    outer loop
      vertex -2.194632e+001  2.562010e+001  3.600000e+000
      vertex -2.940155e+001  2.577421e+001  3.600000e+000
      vertex -2.183140e+001  2.577421e+001  3.600000e+000
    endloop
  endfacet
  facet normal  0.000000e+000  0.000000e+000 -1.000000e+000
    outer loop
      vertex -2.183140e+001  2.577421e+001  3.600000e+000
      vertex -2.940155e+001  2.577421e+001  3.600000e+000
      vertex -2.950999e+001  2.593294e+001  3.600000e+000
    endloop
  endfacet
  facet normal  0.000000e+000  0.000000e+000 -1.000000e+000
    outer loop
      vertex -2.183140e+001  2.577421e+001  3.600000e+000
      vertex -2.950999e+001  2.593294e+001  3.600000e+000
      vertex -2.172296e+001  2.593294e+001  3.600000e+000
    endloop
  endfacet
  facet normal  0.000000e+000  0.000000e+000 -1.000000e+000
    outer loop
      vertex -2.172296e+001  2.593294e+001  3.600000e+000
      vertex -2.950999e+001  2.593294e+001  3.600000e+000
      vertex -2.961179e+001  2.609601e+001  3.600000e+000
    endloop
  endfacet
  facet normal  0.000000e+000  0.000000e+000 -1.000000e+000
    outer loop
      vertex -2.172296e+001  2.593294e+001  3.600000e+000
      vertex -2.961179e+001  2.609601e+001  3.600000e+000
      vertex -2.162116e+001  2.609601e+001  3.600000e+000
    endloop
  endfacet
  facet normal  0.000000e+000  0.000000e+000 -9.999999e-001
    outer loop
      vertex -2.162116e+001  2.609601e+001  3.600000e+000
      vertex -2.961179e+001  2.609601e+001  3.600000e+000
      vertex -2.970676e+001  2.626315e+001  3.600000e+000
    endloop
  endfacet
  facet normal  0.000000e+000  0.000000e+000 -1.000000e+000
    outer loop
      vertex -2.162116e+001  2.609601e+001  3.600000e+000
      vertex -2.970676e+001  2.626315e+001  3.600000e+000
      vertex -2.152619e+001  2.626315e+001  3.600000e+000
    endloop
  endfacet
  facet normal  0.000000e+000  0.000000e+000 -9.999999e-001
    outer loop
      vertex -2.152619e+001  2.626315e+001  3.600000e+000
      vertex -2.970676e+001  2.626315e+001  3.600000e+000
      vertex -2.979474e+001  2.643407e+001  3.600000e+000
    endloop
  endfacet
  facet normal  0.000000e+000  0.000000e+000 -1.000000e+000
    outer loop
      vertex -2.152619e+001  2.626315e+001  3.600000e+000
      vertex -2.979474e+001  2.643407e+001  3.600000e+000
      vertex -2.143821e+001  2.643407e+001  3.600000e+000
    endloop
  endfacet
  facet normal  0.000000e+000  0.000000e+000 -1.000000e+000
    outer loop
      vertex -2.143821e+001  2.643407e+001  3.600000e+000
      vertex -2.979474e+001  2.643407e+001  3.600000e+000
      vertex -2.987558e+001  2.660848e+001  3.600000e+000
    endloop
  endfacet
  facet normal  0.000000e+000  0.000000e+000 -1.000000e+000
    outer loop
      vertex -2.143821e+001  2.643407e+001  3.600000e+000
      vertex -2.987558e+001  2.660848e+001  3.600000e+000
      vertex -2.135737e+001  2.660848e+001  3.600000e+000
    endloop
  endfacet
  facet normal  0.000000e+000  0.000000e+000 -9.999999e-001
    outer loop
      vertex -2.135737e+001  2.660848e+001  3.600000e+000
      vertex -2.987558e+001  2.660848e+001  3.600000e+000
      vertex -2.994915e+001  2.678609e+001  3.600000e+000
    endloop
  endfacet
  facet normal  0.000000e+000  0.000000e+000 -1.000000e+000
    outer loop
      vertex -2.135737e+001  2.660848e+001  3.600000e+000
      vertex -2.994915e+001  2.678609e+001  3.600000e+000
      vertex -2.128380e+001  2.678609e+001  3.600000e+000
    endloop
  endfacet
  facet normal  0.000000e+000  0.000000e+000 -1.000000e+000
    outer loop
      vertex -2.128380e+001  2.678609e+001  3.600000e+000
      vertex -2.994915e+001  2.678609e+001  3.600000e+000
      vertex -3.001531e+001  2.696658e+001  3.600000e+000
    endloop
  endfacet
  facet normal  0.000000e+000  0.000000e+000 -9.999999e-001
    outer loop
      vertex -2.128380e+001  2.678609e+001  3.600000e+000
      vertex -3.001531e+001  2.696658e+001  3.600000e+000
      vertex -2.121764e+001  2.696658e+001  3.600000e+000
    endloop
  endfacet
  facet normal  0.000000e+000  0.000000e+000 -1.000000e+000
    outer loop
      vertex -2.121764e+001  2.696658e+001  3.600000e+000
      vertex -3.001531e+001  2.696658e+001  3.600000e+000
      vertex -3.007396e+001  2.714965e+001  3.600000e+000
    endloop
  endfacet
  facet normal  0.000000e+000  0.000000e+000 -1.000000e+000
    outer loop
      vertex -2.121764e+001  2.696658e+001  3.600000e+000
      vertex -3.007396e+001  2.714965e+001  3.600000e+000
      vertex -2.115899e+001  2.714965e+001  3.600000e+000
    endloop
  endfacet
  facet normal  0.000000e+000  0.000000e+000 -1.000000e+000
    outer loop
      vertex -2.115899e+001  2.714965e+001  3.600000e+000
      vertex -3.007396e+001  2.714965e+001  3.600000e+000
      vertex -3.012499e+001  2.733499e+001  3.600000e+000
    endloop
  endfacet
  facet normal  0.000000e+000  0.000000e+000 -1.000000e+000
    outer loop
      vertex -2.115899e+001  2.714965e+001  3.600000e+000
      vertex -3.012499e+001  2.733499e+001  3.600000e+000
      vertex -2.110796e+001  2.733499e+001  3.600000e+000
    endloop
  endfacet
  facet normal  0.000000e+000  0.000000e+000 -9.999999e-001
    outer loop
      vertex -2.110796e+001  2.733499e+001  3.600000e+000
      vertex -3.012499e+001  2.733499e+001  3.600000e+000
      vertex -3.016832e+001  2.752228e+001  3.600000e+000
    endloop
  endfacet
  facet normal  0.000000e+000  0.000000e+000 -1.000000e+000
    outer loop
      vertex -2.110796e+001  2.733499e+001  3.600000e+000
      vertex -3.016832e+001  2.752228e+001  3.600000e+000
      vertex -2.106463e+001  2.752228e+001  3.600000e+000
    endloop
  endfacet
  facet normal  0.000000e+000  0.000000e+000 -1.000000e+000
    outer loop
      vertex -2.106463e+001  2.752228e+001  3.600000e+000
      vertex -3.016832e+001  2.752228e+001  3.600000e+000
      vertex -3.020387e+001  2.771120e+001  3.600000e+000
    endloop
  endfacet
  facet normal  0.000000e+000  0.000000e+000 -1.000000e+000
    outer loop
      vertex -2.106463e+001  2.752228e+001  3.600000e+000
      vertex -3.020387e+001  2.771120e+001  3.600000e+000
      vertex -2.102908e+001  2.771120e+001  3.600000e+000
    endloop
  endfacet
  facet normal  0.000000e+000  0.000000e+000 -1.000000e+000
    outer loop
      vertex -2.102908e+001  2.771120e+001  3.600000e+000
      vertex -3.020387e+001  2.771120e+001  3.600000e+000
      vertex -3.023159e+001  2.790143e+001  3.600000e+000
    endloop
  endfacet
  facet normal  0.000000e+000  0.000000e+000 -9.999999e-001
    outer loop
      vertex -2.102908e+001  2.771120e+001  3.600000e+000
      vertex -3.023159e+001  2.790143e+001  3.600000e+000
      vertex -2.100136e+001  2.790143e+001  3.600000e+000
    endloop
  endfacet
  facet normal  0.000000e+000  0.000000e+000 -1.000000e+000
    outer loop
      vertex -2.100136e+001  2.790143e+001  3.600000e+000
      vertex -3.023159e+001  2.790143e+001  3.600000e+000
      vertex -3.025142e+001  2.809264e+001  3.600000e+000
    endloop
  endfacet
  facet normal  0.000000e+000  0.000000e+000 -1.000000e+000
    outer loop
      vertex -2.100136e+001  2.790143e+001  3.600000e+000
      vertex -3.025142e+001  2.809264e+001  3.600000e+000
      vertex -2.098153e+001  2.809264e+001  3.600000e+000
    endloop
  endfacet
  facet normal  0.000000e+000  0.000000e+000 -1.000000e+000
    outer loop
      vertex -2.098153e+001  2.809264e+001  3.600000e+000
      vertex -3.025142e+001  2.809264e+001  3.600000e+000
      vertex -3.026333e+001  2.828450e+001  3.600000e+000
    endloop
  endfacet
  facet normal  0.000000e+000  0.000000e+000 -1.000000e+000
    outer loop
      vertex -2.098153e+001  2.809264e+001  3.600000e+000
      vertex -3.026333e+001  2.828450e+001  3.600000e+000
      vertex -2.096962e+001  2.828450e+001  3.600000e+000
    endloop
  endfacet
  facet normal  0.000000e+000  0.000000e+000 -1.000000e+000
    outer loop
      vertex -2.096962e+001  2.828450e+001  3.600000e+000
      vertex -3.026333e+001  2.828450e+001  3.600000e+000
      vertex -3.026731e+001  2.847670e+001  3.600000e+000
    endloop
  endfacet
  facet normal  0.000000e+000  0.000000e+000 -1.000000e+000
    outer loop
      vertex -2.096962e+001  2.828450e+001  3.600000e+000
      vertex -3.026731e+001  2.847670e+001  3.600000e+000
      vertex -2.096564e+001  2.847670e+001  3.600000e+000
    endloop
  endfacet
  facet normal  0.000000e+000  0.000000e+000 -1.000000e+000
    outer loop
      vertex -2.096564e+001  2.847670e+001  3.600000e+000
      vertex -3.026731e+001  2.847670e+001  3.600000e+000
      vertex -3.026333e+001  2.866890e+001  3.600000e+000
    endloop
  endfacet
  facet normal  0.000000e+000  0.000000e+000 -1.000000e+000
    outer loop
      vertex -2.096564e+001  2.847670e+001  3.600000e+000
      vertex -3.026333e+001  2.866890e+001  3.600000e+000
      vertex -2.096962e+001  2.866890e+001  3.600000e+000
    endloop
  endfacet
  facet normal  0.000000e+000  0.000000e+000 -1.000000e+000
    outer loop
      vertex -2.096962e+001  2.866890e+001  3.600000e+000
      vertex -3.026333e+001  2.866890e+001  3.600000e+000
      vertex -3.025142e+001  2.886076e+001  3.600000e+000
    endloop
  endfacet
  facet normal  0.000000e+000  0.000000e+000 -1.000000e+000
    outer loop
      vertex -2.096962e+001  2.866890e+001  3.600000e+000
      vertex -3.025142e+001  2.886076e+001  3.600000e+000
      vertex -2.098153e+001  2.886076e+001  3.600000e+000
    endloop
  endfacet
  facet normal  0.000000e+000  0.000000e+000 -9.999999e-001
    outer loop
      vertex -2.098153e+001  2.886076e+001  3.600000e+000
      vertex -3.025142e+001  2.886076e+001  3.600000e+000
      vertex -3.023159e+001  2.905197e+001  3.600000e+000
    endloop
  endfacet
  facet normal  0.000000e+000  0.000000e+000 -1.000000e+000
    outer loop
      vertex -2.098153e+001  2.886076e+001  3.600000e+000
      vertex -3.023159e+001  2.905197e+001  3.600000e+000
      vertex -2.100136e+001  2.905197e+001  3.600000e+000
    endloop
  endfacet
  facet normal  0.000000e+000  0.000000e+000 -9.999999e-001
    outer loop
      vertex -2.100136e+001  2.905197e+001  3.600000e+000
      vertex -3.023159e+001  2.905197e+001  3.600000e+000
      vertex -3.020387e+001  2.924220e+001  3.600000e+000
    endloop
  endfacet
  facet normal  0.000000e+000  0.000000e+000 -1.000000e+000
    outer loop
      vertex -2.100136e+001  2.905197e+001  3.600000e+000
      vertex -3.020387e+001  2.924220e+001  3.600000e+000
      vertex -2.102908e+001  2.924220e+001  3.600000e+000
    endloop
  endfacet
  facet normal  0.000000e+000  0.000000e+000 -1.000000e+000
    outer loop
      vertex -2.102908e+001  2.924220e+001  3.600000e+000
      vertex -3.020387e+001  2.924220e+001  3.600000e+000
      vertex -3.016832e+001  2.943112e+001  3.600000e+000
    endloop
  endfacet
  facet normal  0.000000e+000  0.000000e+000 -1.000000e+000
    outer loop
      vertex -2.102908e+001  2.924220e+001  3.600000e+000
      vertex -3.016832e+001  2.943112e+001  3.600000e+000
      vertex -2.106463e+001  2.943112e+001  3.600000e+000
    endloop
  endfacet
  facet normal  0.000000e+000  0.000000e+000 -9.999999e-001
    outer loop
      vertex -2.106463e+001  2.943112e+001  3.600000e+000
      vertex -3.016832e+001  2.943112e+001  3.600000e+000
      vertex -3.012499e+001  2.961841e+001  3.600000e+000
    endloop
  endfacet
  facet normal  0.000000e+000  0.000000e+000 -9.999999e-001
    outer loop
      vertex -2.106463e+001  2.943112e+001  3.600000e+000
      vertex -3.012499e+001  2.961841e+001  3.600000e+000
      vertex -2.110796e+001  2.961841e+001  3.600000e+000
    endloop
  endfacet
  facet normal  0.000000e+000  0.000000e+000 -1.000000e+000
    outer loop
      vertex -2.110796e+001  2.961841e+001  3.600000e+000
      vertex -3.012499e+001  2.961841e+001  3.600000e+000
      vertex -3.007396e+001  2.980375e+001  3.600000e+000
    endloop
  endfacet
  facet normal  0.000000e+000  0.000000e+000 -1.000000e+000
    outer loop
      vertex -2.110796e+001  2.961841e+001  3.600000e+000
      vertex -3.007396e+001  2.980375e+001  3.600000e+000
      vertex -2.115899e+001  2.980375e+001  3.600000e+000
    endloop
  endfacet
  facet normal  0.000000e+000  0.000000e+000 -1.000000e+000
    outer loop
      vertex -2.115899e+001  2.980375e+001  3.600000e+000
      vertex -3.007396e+001  2.980375e+001  3.600000e+000
      vertex -3.001531e+001  2.998682e+001  3.600000e+000
    endloop
  endfacet
  facet normal  0.000000e+000  0.000000e+000 -9.999999e-001
    outer loop
      vertex -2.115899e+001  2.980375e+001  3.600000e+000
      vertex -3.001531e+001  2.998682e+001  3.600000e+000
      vertex -2.121764e+001  2.998682e+001  3.600000e+000
    endloop
  endfacet
  facet normal  0.000000e+000  0.000000e+000 -1.000000e+000
    outer loop
      vertex -2.121764e+001  2.998682e+001  3.600000e+000
      vertex -3.001531e+001  2.998682e+001  3.600000e+000
      vertex -2.994915e+001  3.016731e+001  3.600000e+000
    endloop
  endfacet
  facet normal  0.000000e+000  0.000000e+000 -9.999999e-001
    outer loop
      vertex -2.121764e+001  2.998682e+001  3.600000e+000
      vertex -2.994915e+001  3.016731e+001  3.600000e+000
      vertex -2.128380e+001  3.016731e+001  3.600000e+000
    endloop
  endfacet
  facet normal  0.000000e+000  0.000000e+000 -9.999999e-001
    outer loop
      vertex -2.128380e+001  3.016731e+001  3.600000e+000
      vertex -2.994915e+001  3.016731e+001  3.600000e+000
      vertex -2.987558e+001  3.034492e+001  3.600000e+000
    endloop
  endfacet
  facet normal  0.000000e+000  0.000000e+000 -1.000000e+000
    outer loop
      vertex -2.128380e+001  3.016731e+001  3.600000e+000
      vertex -2.987558e+001  3.034492e+001  3.600000e+000
      vertex -2.135737e+001  3.034492e+001  3.600000e+000
    endloop
  endfacet
  facet normal  0.000000e+000  0.000000e+000 -1.000000e+000
    outer loop
      vertex -2.135737e+001  3.034492e+001  3.600000e+000
      vertex -2.987558e+001  3.034492e+001  3.600000e+000
      vertex -2.979474e+001  3.051933e+001  3.600000e+000
    endloop
  endfacet
  facet normal  0.000000e+000  0.000000e+000 -1.000000e+000
    outer loop
      vertex -2.135737e+001  3.034492e+001  3.600000e+000
      vertex -2.979474e+001  3.051933e+001  3.600000e+000
      vertex -2.143821e+001  3.051933e+001  3.600000e+000
    endloop
  endfacet
  facet normal  0.000000e+000  0.000000e+000 -1.000000e+000
    outer loop
      vertex -2.143821e+001  3.051933e+001  3.600000e+000
      vertex -2.979474e+001  3.051933e+001  3.600000e+000
      vertex -2.970676e+001  3.069025e+001  3.600000e+000
    endloop
  endfacet
  facet normal  0.000000e+000  0.000000e+000 -9.999999e-001
    outer loop
      vertex -2.143821e+001  3.051933e+001  3.600000e+000
      vertex -2.970676e+001  3.069025e+001  3.600000e+000
      vertex -2.152619e+001  3.069025e+001  3.600000e+000
    endloop
  endfacet
  facet normal  0.000000e+000  0.000000e+000 -1.000000e+000
    outer loop
      vertex -2.152619e+001  3.069025e+001  3.600000e+000
      vertex -2.970676e+001  3.069025e+001  3.600000e+000
      vertex -2.961179e+001  3.085739e+001  3.600000e+000
    endloop
  endfacet
  facet normal  0.000000e+000  0.000000e+000 -1.000000e+000
    outer loop
      vertex -2.152619e+001  3.069025e+001  3.600000e+000
      vertex -2.961179e+001  3.085739e+001  3.600000e+000
      vertex -2.162116e+001  3.085739e+001  3.600000e+000
    endloop
  endfacet
  facet normal  0.000000e+000  0.000000e+000 -1.000000e+000
    outer loop
      vertex -2.162116e+001  3.085739e+001  3.600000e+000
      vertex -2.961179e+001  3.085739e+001  3.600000e+000
      vertex -2.950999e+001  3.102046e+001  3.600000e+000
    endloop
  endfacet
  facet normal  0.000000e+000  0.000000e+000 -1.000000e+000
    outer loop
      vertex -2.162116e+001  3.085739e+001  3.600000e+000
      vertex -2.950999e+001  3.102046e+001  3.600000e+000
      vertex -2.172296e+001  3.102046e+001  3.600000e+000
    endloop
  endfacet
  facet normal  0.000000e+000  0.000000e+000 -1.000000e+000
    outer loop
      vertex -2.172296e+001  3.102046e+001  3.600000e+000
      vertex -2.950999e+001  3.102046e+001  3.600000e+000
      vertex -2.940155e+001  3.117919e+001  3.600000e+000
    endloop
  endfacet
  facet normal  0.000000e+000  0.000000e+000 -1.000000e+000
    outer loop
      vertex -2.172296e+001  3.102046e+001  3.600000e+000
      vertex -2.940155e+001  3.117919e+001  3.600000e+000
      vertex -2.183140e+001  3.117919e+001  3.600000e+000
    endloop
  endfacet
  facet normal  0.000000e+000  0.000000e+000 -1.000000e+000
    outer loop
      vertex -2.183140e+001  3.117919e+001  3.600000e+000
      vertex -2.940155e+001  3.117919e+001  3.600000e+000
      vertex -2.928663e+001  3.133330e+001  3.600000e+000
    endloop
  endfacet
  facet normal  0.000000e+000  0.000000e+000 -1.000000e+000
    outer loop
      vertex -2.183140e+001  3.117919e+001  3.600000e+000
      vertex -2.928663e+001  3.133330e+001  3.600000e+000
      vertex -2.194632e+001  3.133330e+001  3.600000e+000
    endloop
  endfacet
  facet normal  0.000000e+000  0.000000e+000 -1.000000e+000
    outer loop
      vertex -2.194632e+001  3.133330e+001  3.600000e+000
      vertex -2.928663e+001  3.133330e+001  3.600000e+000
      vertex -2.916545e+001  3.148253e+001  3.600000e+000
    endloop
  endfacet
  facet normal  0.000000e+000  0.000000e+000 -1.000000e+000
    outer loop
      vertex -2.194632e+001  3.133330e+001  3.600000e+000
      vertex -2.916545e+001  3.148253e+001  3.600000e+000
      vertex -2.206750e+001  3.148253e+001  3.600000e+000
    endloop
  endfacet
  facet normal  0.000000e+000  0.000000e+000 -1.000000e+000
    outer loop
      vertex -2.206750e+001  3.148253e+001  3.600000e+000
      vertex -2.916545e+001  3.148253e+001  3.600000e+000
      vertex -2.903820e+001  3.162662e+001  3.600000e+000
    endloop
  endfacet
  facet normal  0.000000e+000  0.000000e+000 -1.000000e+000
    outer loop
      vertex -2.206750e+001  3.148253e+001  3.600000e+000
      vertex -2.903820e+001  3.162662e+001  3.600000e+000
      vertex -2.219475e+001  3.162662e+001  3.600000e+000
    endloop
  endfacet
  facet normal  0.000000e+000  0.000000e+000 -1.000000e+000
    outer loop
      vertex -2.219475e+001  3.162662e+001  3.600000e+000
      vertex -2.903820e+001  3.162662e+001  3.600000e+000
      vertex -2.890511e+001  3.176533e+001  3.600000e+000
    endloop
  endfacet
  facet normal  0.000000e+000  0.000000e+000 -1.000000e+000
    outer loop
      vertex -2.219475e+001  3.162662e+001  3.600000e+000
      vertex -2.890511e+001  3.176533e+001  3.600000e+000
      vertex -2.232784e+001  3.176533e+001  3.600000e+000
    endloop
  endfacet
  facet normal  0.000000e+000  0.000000e+000 -1.000000e+000
    outer loop
      vertex -2.232784e+001  3.176533e+001  3.600000e+000
      vertex -2.890511e+001  3.176533e+001  3.600000e+000
      vertex -2.876640e+001  3.189843e+001  3.600000e+000
    endloop
  endfacet
  facet normal  0.000000e+000  0.000000e+000 -1.000000e+000
    outer loop
      vertex -2.232784e+001  3.176533e+001  3.600000e+000
      vertex -2.876640e+001  3.189843e+001  3.600000e+000
      vertex -2.246655e+001  3.189843e+001  3.600000e+000
    endloop
  endfacet
  facet normal  0.000000e+000  0.000000e+000 -1.000000e+000
    outer loop
      vertex -2.246655e+001  3.189843e+001  3.600000e+000
      vertex -2.876640e+001  3.189843e+001  3.600000e+000
      vertex -2.862230e+001  3.202567e+001  3.600000e+000
    endloop
  endfacet
  facet normal  0.000000e+000  0.000000e+000 -1.000000e+000
    outer loop
      vertex -2.246655e+001  3.189843e+001  3.600000e+000
      vertex -2.862230e+001  3.202567e+001  3.600000e+000
      vertex -2.261065e+001  3.202567e+001  3.600000e+000
    endloop
  endfacet
  facet normal  0.000000e+000  0.000000e+000 -1.000000e+000
    outer loop
      vertex -2.261065e+001  3.202567e+001  3.600000e+000
      vertex -2.862230e+001  3.202567e+001  3.600000e+000
      vertex -2.847307e+001  3.214686e+001  3.600000e+000
    endloop
  endfacet
  facet normal  0.000000e+000  0.000000e+000 -1.000000e+000
    outer loop
      vertex -2.261065e+001  3.202567e+001  3.600000e+000
      vertex -2.847307e+001  3.214686e+001  3.600000e+000
      vertex -2.275988e+001  3.214686e+001  3.600000e+000
    endloop
  endfacet
  facet normal  0.000000e+000  0.000000e+000 -1.000000e+000
    outer loop
      vertex -2.275988e+001  3.214686e+001  3.600000e+000
      vertex -2.847307e+001  3.214686e+001  3.600000e+000
      vertex -2.831896e+001  3.226177e+001  3.600000e+000
    endloop
  endfacet
  facet normal  0.000000e+000  0.000000e+000 -1.000000e+000
    outer loop
      vertex -2.275988e+001  3.214686e+001  3.600000e+000
      vertex -2.831896e+001  3.226177e+001  3.600000e+000
      vertex -2.291399e+001  3.226177e+001  3.600000e+000
    endloop
  endfacet
  facet normal  0.000000e+000  0.000000e+000 -1.000000e+000
    outer loop
      vertex -2.291399e+001  3.226177e+001  3.600000e+000
      vertex -2.831896e+001  3.226177e+001  3.600000e+000
      vertex -2.816024e+001  3.237022e+001  3.600000e+000
    endloop
  endfacet
  facet normal  0.000000e+000  0.000000e+000 -1.000000e+000
    outer loop
      vertex -2.291399e+001  3.226177e+001  3.600000e+000
      vertex -2.816024e+001  3.237022e+001  3.600000e+000
      vertex -2.307271e+001  3.237022e+001  3.600000e+000
    endloop
  endfacet
  facet normal  0.000000e+000  0.000000e+000 -1.000000e+000
    outer loop
      vertex -2.307271e+001  3.237022e+001  3.600000e+000
      vertex -2.816024e+001  3.237022e+001  3.600000e+000
      vertex -2.799717e+001  3.247202e+001  3.600000e+000
    endloop
  endfacet
  facet normal  0.000000e+000  0.000000e+000 -1.000000e+000
    outer loop
      vertex -2.307271e+001  3.237022e+001  3.600000e+000
      vertex -2.799717e+001  3.247202e+001  3.600000e+000
      vertex -2.323578e+001  3.247202e+001  3.600000e+000
    endloop
  endfacet
  facet normal  0.000000e+000  0.000000e+000 -1.000000e+000
    outer loop
      vertex -2.323578e+001  3.247202e+001  3.600000e+000
      vertex -2.799717e+001  3.247202e+001  3.600000e+000
      vertex -2.783003e+001  3.256698e+001  3.600000e+000
    endloop
  endfacet
  facet normal  0.000000e+000  0.000000e+000 -9.999999e-001
    outer loop
      vertex -2.323578e+001  3.247202e+001  3.600000e+000
      vertex -2.783003e+001  3.256698e+001  3.600000e+000
      vertex -2.340292e+001  3.256698e+001  3.600000e+000
    endloop
  endfacet
  facet normal  0.000000e+000  0.000000e+000 -1.000000e+000
    outer loop
      vertex -2.340292e+001  3.256698e+001  3.600000e+000
      vertex -2.783003e+001  3.256698e+001  3.600000e+000
      vertex -2.765910e+001  3.265496e+001  3.600000e+000
    endloop
  endfacet
  facet normal  0.000000e+000  0.000000e+000 -1.000000e+000
    outer loop
      vertex -2.340292e+001  3.256698e+001  3.600000e+000
      vertex -2.765910e+001  3.265496e+001  3.600000e+000
      vertex -2.357385e+001  3.265496e+001  3.600000e+000
    endloop
  endfacet
  facet normal  0.000000e+000  0.000000e+000 -1.000000e+000
    outer loop
      vertex -2.357385e+001  3.265496e+001  3.600000e+000
      vertex -2.765910e+001  3.265496e+001  3.600000e+000
      vertex -2.748469e+001  3.273581e+001  3.600000e+000
    endloop
  endfacet
  facet normal  0.000000e+000  0.000000e+000 -1.000000e+000
    outer loop
      vertex -2.357385e+001  3.265496e+001  3.600000e+000
      vertex -2.748469e+001  3.273581e+001  3.600000e+000
      vertex -2.374826e+001  3.273581e+001  3.600000e+000
    endloop
  endfacet
  facet normal  0.000000e+000  0.000000e+000 -1.000000e+000
    outer loop
      vertex -2.374826e+001  3.273581e+001  3.600000e+000
      vertex -2.748469e+001  3.273581e+001  3.600000e+000
      vertex -2.730709e+001  3.280937e+001  3.600000e+000
    endloop
  endfacet
  facet normal  0.000000e+000  0.000000e+000 -1.000000e+000
    outer loop
      vertex -2.374826e+001  3.273581e+001  3.600000e+000
      vertex -2.730709e+001  3.280937e+001  3.600000e+000
      vertex -2.392586e+001  3.280937e+001  3.600000e+000
    endloop
  endfacet
  facet normal  0.000000e+000  0.000000e+000 -9.999999e-001
    outer loop
      vertex -2.392586e+001  3.280937e+001  3.600000e+000
      vertex -2.730709e+001  3.280937e+001  3.600000e+000
      vertex -2.712660e+001  3.287553e+001  3.600000e+000
    endloop
  endfacet
  facet normal  0.000000e+000  0.000000e+000 -1.000000e+000
    outer loop
      vertex -2.392586e+001  3.280937e+001  3.600000e+000
      vertex -2.712660e+001  3.287553e+001  3.600000e+000
      vertex -2.410635e+001  3.287553e+001  3.600000e+000
    endloop
  endfacet
  facet normal  0.000000e+000  0.000000e+000 -9.999999e-001
    outer loop
      vertex -2.410635e+001  3.287553e+001  3.600000e+000
      vertex -2.712660e+001  3.287553e+001  3.600000e+000
      vertex -2.694353e+001  3.293419e+001  3.600000e+000
    endloop
  endfacet
  facet normal  0.000000e+000  0.000000e+000 -1.000000e+000
    outer loop
      vertex -2.410635e+001  3.287553e+001  3.600000e+000
      vertex -2.694353e+001  3.293419e+001  3.600000e+000
      vertex -2.428942e+001  3.293419e+001  3.600000e+000
    endloop
  endfacet
  facet normal  0.000000e+000  0.000000e+000 -1.000000e+000
    outer loop
      vertex -2.428942e+001  3.293419e+001  3.600000e+000
      vertex -2.694353e+001  3.293419e+001  3.600000e+000
      vertex -2.675819e+001  3.298521e+001  3.600000e+000
    endloop
  endfacet
  facet normal  0.000000e+000  0.000000e+000 -9.999999e-001
    outer loop
      vertex -2.428942e+001  3.293419e+001  3.600000e+000
      vertex -2.675819e+001  3.298521e+001  3.600000e+000
      vertex -2.447476e+001  3.298521e+001  3.600000e+000
    endloop
  endfacet
  facet normal  0.000000e+000  0.000000e+000 -1.000000e+000
    outer loop
      vertex -2.447476e+001  3.298521e+001  3.600000e+000
      vertex -2.675819e+001  3.298521e+001  3.600000e+000
      vertex -2.657090e+001  3.302855e+001  3.600000e+000
    endloop
  endfacet
  facet normal  0.000000e+000  0.000000e+000 -1.000000e+000
    outer loop
      vertex -2.447476e+001  3.298521e+001  3.600000e+000
      vertex -2.657090e+001  3.302855e+001  3.600000e+000
      vertex -2.466205e+001  3.302855e+001  3.600000e+000
    endloop
  endfacet
  facet normal  0.000000e+000  0.000000e+000 -1.000000e+000
    outer loop
      vertex -2.466205e+001  3.302855e+001  3.600000e+000
      vertex -2.657090e+001  3.302855e+001  3.600000e+000
      vertex -2.638198e+001  3.306410e+001  3.600000e+000
    endloop
  endfacet
  facet normal  0.000000e+000  0.000000e+000 -1.000000e+000
    outer loop
      vertex -2.466205e+001  3.302855e+001  3.600000e+000
      vertex -2.638198e+001  3.306410e+001  3.600000e+000
      vertex -2.485097e+001  3.306410e+001  3.600000e+000
    endloop
  endfacet
  facet normal  0.000000e+000  0.000000e+000 -1.000000e+000
    outer loop
      vertex -2.485097e+001  3.306410e+001  3.600000e+000
      vertex -2.638198e+001  3.306410e+001  3.600000e+000
      vertex -2.619175e+001  3.309182e+001  3.600000e+000
    endloop
  endfacet
  facet normal  0.000000e+000  0.000000e+000 -1.000000e+000
    outer loop
      vertex -2.485097e+001  3.306410e+001  3.600000e+000
      vertex -2.619175e+001  3.309182e+001  3.600000e+000
      vertex -2.504120e+001  3.309182e+001  3.600000e+000
    endloop
  endfacet
  facet normal  0.000000e+000  0.000000e+000 -1.000000e+000
    outer loop
      vertex -2.504120e+001  3.309182e+001  3.600000e+000
      vertex -2.619175e+001  3.309182e+001  3.600000e+000
      vertex -2.600054e+001  3.311164e+001  3.600000e+000
    endloop
  endfacet
  facet normal  0.000000e+000  0.000000e+000 -1.000000e+000
    outer loop
      vertex -2.504120e+001  3.309182e+001  3.600000e+000
      vertex -2.600054e+001  3.311164e+001  3.600000e+000
      vertex -2.523241e+001  3.311164e+001  3.600000e+000
    endloop
  endfacet
  facet normal  0.000000e+000  0.000000e+000 -1.000000e+000
    outer loop
      vertex -2.523241e+001  3.311164e+001  3.600000e+000
      vertex -2.600054e+001  3.311164e+001  3.600000e+000
      vertex -2.580867e+001  3.312356e+001  3.600000e+000
    endloop
  endfacet
  facet normal  0.000000e+000  0.000000e+000 -1.000000e+000
    outer loop
      vertex -2.523241e+001  3.311164e+001  3.600000e+000
      vertex -2.580867e+001  3.312356e+001  3.600000e+000
      vertex -2.542428e+001  3.312356e+001  3.600000e+000
    endloop
  endfacet
  facet normal  0.000000e+000  0.000000e+000  1.000000e+000
    outer loop
      vertex -2.580867e+001  3.312356e+001  4.400000e+000
      vertex -2.542428e+001  3.312356e+001  4.400000e+000
      vertex -2.561648e+001  3.312753e+001  4.400000e+000
    endloop
  endfacet
  facet normal  -0.000000e+000  0.000000e+000  1.000000e+000
    outer loop
      vertex -2.542428e+001  3.312356e+001  4.400000e+000
      vertex -2.580867e+001  3.312356e+001  4.400000e+000
      vertex -2.523241e+001  3.311164e+001  4.400000e+000
    endloop
  endfacet
  facet normal  0.000000e+000  0.000000e+000  1.000000e+000
    outer loop
      vertex -2.523241e+001  3.311164e+001  4.400000e+000
      vertex -2.580867e+001  3.312356e+001  4.400000e+000
      vertex -2.600054e+001  3.311164e+001  4.400000e+000
    endloop
  endfacet
  facet normal  -0.000000e+000  0.000000e+000  1.000000e+000
    outer loop
      vertex -2.523241e+001  3.311164e+001  4.400000e+000
      vertex -2.600054e+001  3.311164e+001  4.400000e+000
      vertex -2.504120e+001  3.309182e+001  4.400000e+000
    endloop
  endfacet
  facet normal  0.000000e+000  0.000000e+000  1.000000e+000
    outer loop
      vertex -2.504120e+001  3.309182e+001  4.400000e+000
      vertex -2.600054e+001  3.311164e+001  4.400000e+000
      vertex -2.619175e+001  3.309182e+001  4.400000e+000
    endloop
  endfacet
  facet normal  -0.000000e+000  0.000000e+000  1.000000e+000
    outer loop
      vertex -2.504120e+001  3.309182e+001  4.400000e+000
      vertex -2.619175e+001  3.309182e+001  4.400000e+000
      vertex -2.485097e+001  3.306410e+001  4.400000e+000
    endloop
  endfacet
  facet normal  0.000000e+000  0.000000e+000  1.000000e+000
    outer loop
      vertex -2.485097e+001  3.306410e+001  4.400000e+000
      vertex -2.619175e+001  3.309182e+001  4.400000e+000
      vertex -2.638198e+001  3.306410e+001  4.400000e+000
    endloop
  endfacet
  facet normal  -0.000000e+000  0.000000e+000  1.000000e+000
    outer loop
      vertex -2.485097e+001  3.306410e+001  4.400000e+000
      vertex -2.638198e+001  3.306410e+001  4.400000e+000
      vertex -2.466205e+001  3.302855e+001  4.400000e+000
    endloop
  endfacet
  facet normal  0.000000e+000  0.000000e+000  1.000000e+000
    outer loop
      vertex -2.466205e+001  3.302855e+001  4.400000e+000
      vertex -2.638198e+001  3.306410e+001  4.400000e+000
      vertex -2.657090e+001  3.302855e+001  4.400000e+000
    endloop
  endfacet
  facet normal  -0.000000e+000  0.000000e+000  1.000000e+000
    outer loop
      vertex -2.466205e+001  3.302855e+001  4.400000e+000
      vertex -2.657090e+001  3.302855e+001  4.400000e+000
      vertex -2.447476e+001  3.298521e+001  4.400000e+000
    endloop
  endfacet
  facet normal  0.000000e+000  0.000000e+000  1.000000e+000
    outer loop
      vertex -2.447476e+001  3.298521e+001  4.400000e+000
      vertex -2.657090e+001  3.302855e+001  4.400000e+000
      vertex -2.675819e+001  3.298521e+001  4.400000e+000
    endloop
  endfacet
  facet normal  -0.000000e+000  0.000000e+000  9.999999e-001
    outer loop
      vertex -2.447476e+001  3.298521e+001  4.400000e+000
      vertex -2.675819e+001  3.298521e+001  4.400000e+000
      vertex -2.428942e+001  3.293419e+001  4.400000e+000
    endloop
  endfacet
  facet normal  0.000000e+000  0.000000e+000  1.000000e+000
    outer loop
      vertex -2.428942e+001  3.293419e+001  4.400000e+000
      vertex -2.675819e+001  3.298521e+001  4.400000e+000
      vertex -2.694353e+001  3.293419e+001  4.400000e+000
    endloop
  endfacet
  facet normal  -0.000000e+000  0.000000e+000  1.000000e+000
    outer loop
      vertex -2.428942e+001  3.293419e+001  4.400000e+000
      vertex -2.694353e+001  3.293419e+001  4.400000e+000
      vertex -2.410635e+001  3.287553e+001  4.400000e+000
    endloop
  endfacet
  facet normal  0.000000e+000  0.000000e+000  9.999999e-001
    outer loop
      vertex -2.410635e+001  3.287553e+001  4.400000e+000
      vertex -2.694353e+001  3.293419e+001  4.400000e+000
      vertex -2.712660e+001  3.287553e+001  4.400000e+000
    endloop
  endfacet
  facet normal  -0.000000e+000  0.000000e+000  1.000000e+000
    outer loop
      vertex -2.410635e+001  3.287553e+001  4.400000e+000
      vertex -2.712660e+001  3.287553e+001  4.400000e+000
      vertex -2.392586e+001  3.280937e+001  4.400000e+000
    endloop
  endfacet
  facet normal  0.000000e+000  0.000000e+000  9.999999e-001
    outer loop
      vertex -2.392586e+001  3.280937e+001  4.400000e+000
      vertex -2.712660e+001  3.287553e+001  4.400000e+000
      vertex -2.730709e+001  3.280937e+001  4.400000e+000
    endloop
  endfacet
  facet normal  -0.000000e+000  0.000000e+000  1.000000e+000
    outer loop
      vertex -2.392586e+001  3.280937e+001  4.400000e+000
      vertex -2.730709e+001  3.280937e+001  4.400000e+000
      vertex -2.374826e+001  3.273581e+001  4.400000e+000
    endloop
  endfacet
  facet normal  0.000000e+000  0.000000e+000  1.000000e+000
    outer loop
      vertex -2.374826e+001  3.273581e+001  4.400000e+000
      vertex -2.730709e+001  3.280937e+001  4.400000e+000
      vertex -2.748469e+001  3.273581e+001  4.400000e+000
    endloop
  endfacet
  facet normal  -0.000000e+000  0.000000e+000  1.000000e+000
    outer loop
      vertex -2.374826e+001  3.273581e+001  4.400000e+000
      vertex -2.748469e+001  3.273581e+001  4.400000e+000
      vertex -2.357385e+001  3.265496e+001  4.400000e+000
    endloop
  endfacet
  facet normal  0.000000e+000  0.000000e+000  1.000000e+000
    outer loop
      vertex -2.357385e+001  3.265496e+001  4.400000e+000
      vertex -2.748469e+001  3.273581e+001  4.400000e+000
      vertex -2.765910e+001  3.265496e+001  4.400000e+000
    endloop
  endfacet
  facet normal  -0.000000e+000  0.000000e+000  1.000000e+000
    outer loop
      vertex -2.357385e+001  3.265496e+001  4.400000e+000
      vertex -2.765910e+001  3.265496e+001  4.400000e+000
      vertex -2.340292e+001  3.256698e+001  4.400000e+000
    endloop
  endfacet
  facet normal  0.000000e+000  0.000000e+000  1.000000e+000
    outer loop
      vertex -2.340292e+001  3.256698e+001  4.400000e+000
      vertex -2.765910e+001  3.265496e+001  4.400000e+000
      vertex -2.783003e+001  3.256698e+001  4.400000e+000
    endloop
  endfacet
  facet normal  -0.000000e+000  0.000000e+000  9.999999e-001
    outer loop
      vertex -2.340292e+001  3.256698e+001  4.400000e+000
      vertex -2.783003e+001  3.256698e+001  4.400000e+000
      vertex -2.323578e+001  3.247202e+001  4.400000e+000
    endloop
  endfacet
  facet normal  0.000000e+000  0.000000e+000  1.000000e+000
    outer loop
      vertex -2.323578e+001  3.247202e+001  4.400000e+000
      vertex -2.783003e+001  3.256698e+001  4.400000e+000
      vertex -2.799717e+001  3.247202e+001  4.400000e+000
    endloop
  endfacet
  facet normal  -0.000000e+000  0.000000e+000  1.000000e+000
    outer loop
      vertex -2.323578e+001  3.247202e+001  4.400000e+000
      vertex -2.799717e+001  3.247202e+001  4.400000e+000
      vertex -2.307271e+001  3.237022e+001  4.400000e+000
    endloop
  endfacet
  facet normal  0.000000e+000  0.000000e+000  1.000000e+000
    outer loop
      vertex -2.307271e+001  3.237022e+001  4.400000e+000
      vertex -2.799717e+001  3.247202e+001  4.400000e+000
      vertex -2.816024e+001  3.237022e+001  4.400000e+000
    endloop
  endfacet
  facet normal  -0.000000e+000  0.000000e+000  1.000000e+000
    outer loop
      vertex -2.307271e+001  3.237022e+001  4.400000e+000
      vertex -2.816024e+001  3.237022e+001  4.400000e+000
      vertex -2.291399e+001  3.226177e+001  4.400000e+000
    endloop
  endfacet
  facet normal  0.000000e+000  0.000000e+000  1.000000e+000
    outer loop
      vertex -2.291399e+001  3.226177e+001  4.400000e+000
      vertex -2.816024e+001  3.237022e+001  4.400000e+000
      vertex -2.831896e+001  3.226177e+001  4.400000e+000
    endloop
  endfacet
  facet normal  -0.000000e+000  0.000000e+000  1.000000e+000
    outer loop
      vertex -2.291399e+001  3.226177e+001  4.400000e+000
      vertex -2.831896e+001  3.226177e+001  4.400000e+000
      vertex -2.275988e+001  3.214686e+001  4.400000e+000
    endloop
  endfacet
  facet normal  0.000000e+000  0.000000e+000  1.000000e+000
    outer loop
      vertex -2.275988e+001  3.214686e+001  4.400000e+000
      vertex -2.831896e+001  3.226177e+001  4.400000e+000
      vertex -2.847307e+001  3.214686e+001  4.400000e+000
    endloop
  endfacet
  facet normal  -0.000000e+000  0.000000e+000  1.000000e+000
    outer loop
      vertex -2.275988e+001  3.214686e+001  4.400000e+000
      vertex -2.847307e+001  3.214686e+001  4.400000e+000
      vertex -2.261065e+001  3.202567e+001  4.400000e+000
    endloop
  endfacet
  facet normal  0.000000e+000  0.000000e+000  1.000000e+000
    outer loop
      vertex -2.261065e+001  3.202567e+001  4.400000e+000
      vertex -2.847307e+001  3.214686e+001  4.400000e+000
      vertex -2.862230e+001  3.202567e+001  4.400000e+000
    endloop
  endfacet
  facet normal  -0.000000e+000  0.000000e+000  1.000000e+000
    outer loop
      vertex -2.261065e+001  3.202567e+001  4.400000e+000
      vertex -2.862230e+001  3.202567e+001  4.400000e+000
      vertex -2.246655e+001  3.189843e+001  4.400000e+000
    endloop
  endfacet
  facet normal  0.000000e+000  0.000000e+000  1.000000e+000
    outer loop
      vertex -2.246655e+001  3.189843e+001  4.400000e+000
      vertex -2.862230e+001  3.202567e+001  4.400000e+000
      vertex -2.876640e+001  3.189843e+001  4.400000e+000
    endloop
  endfacet
  facet normal  -0.000000e+000  0.000000e+000  1.000000e+000
    outer loop
      vertex -2.246655e+001  3.189843e+001  4.400000e+000
      vertex -2.876640e+001  3.189843e+001  4.400000e+000
      vertex -2.232784e+001  3.176533e+001  4.400000e+000
    endloop
  endfacet
  facet normal  0.000000e+000  0.000000e+000  1.000000e+000
    outer loop
      vertex -2.232784e+001  3.176533e+001  4.400000e+000
      vertex -2.876640e+001  3.189843e+001  4.400000e+000
      vertex -2.890511e+001  3.176533e+001  4.400000e+000
    endloop
  endfacet
  facet normal  -0.000000e+000  0.000000e+000  1.000000e+000
    outer loop
      vertex -2.232784e+001  3.176533e+001  4.400000e+000
      vertex -2.890511e+001  3.176533e+001  4.400000e+000
      vertex -2.219475e+001  3.162662e+001  4.400000e+000
    endloop
  endfacet
  facet normal  0.000000e+000  0.000000e+000  1.000000e+000
    outer loop
      vertex -2.219475e+001  3.162662e+001  4.400000e+000
      vertex -2.890511e+001  3.176533e+001  4.400000e+000
      vertex -2.903820e+001  3.162662e+001  4.400000e+000
    endloop
  endfacet
  facet normal  -0.000000e+000  0.000000e+000  1.000000e+000
    outer loop
      vertex -2.219475e+001  3.162662e+001  4.400000e+000
      vertex -2.903820e+001  3.162662e+001  4.400000e+000
      vertex -2.206750e+001  3.148253e+001  4.400000e+000
    endloop
  endfacet
  facet normal  0.000000e+000  0.000000e+000  1.000000e+000
    outer loop
      vertex -2.206750e+001  3.148253e+001  4.400000e+000
      vertex -2.903820e+001  3.162662e+001  4.400000e+000
      vertex -2.916545e+001  3.148253e+001  4.400000e+000
    endloop
  endfacet
  facet normal  -0.000000e+000  0.000000e+000  1.000000e+000
    outer loop
      vertex -2.206750e+001  3.148253e+001  4.400000e+000
      vertex -2.916545e+001  3.148253e+001  4.400000e+000
      vertex -2.194632e+001  3.133330e+001  4.400000e+000
    endloop
  endfacet
  facet normal  0.000000e+000  0.000000e+000  1.000000e+000
    outer loop
      vertex -2.194632e+001  3.133330e+001  4.400000e+000
      vertex -2.916545e+001  3.148253e+001  4.400000e+000
      vertex -2.928663e+001  3.133330e+001  4.400000e+000
    endloop
  endfacet
  facet normal  -0.000000e+000  0.000000e+000  1.000000e+000
    outer loop
      vertex -2.194632e+001  3.133330e+001  4.400000e+000
      vertex -2.928663e+001  3.133330e+001  4.400000e+000
      vertex -2.183140e+001  3.117919e+001  4.400000e+000
    endloop
  endfacet
  facet normal  0.000000e+000  0.000000e+000  1.000000e+000
    outer loop
      vertex -2.183140e+001  3.117919e+001  4.400000e+000
      vertex -2.928663e+001  3.133330e+001  4.400000e+000
      vertex -2.940155e+001  3.117919e+001  4.400000e+000
    endloop
  endfacet
  facet normal  -0.000000e+000  0.000000e+000  1.000000e+000
    outer loop
      vertex -2.183140e+001  3.117919e+001  4.400000e+000
      vertex -2.940155e+001  3.117919e+001  4.400000e+000
      vertex -2.172296e+001  3.102046e+001  4.400000e+000
    endloop
  endfacet
  facet normal  0.000000e+000  0.000000e+000  1.000000e+000
    outer loop
      vertex -2.172296e+001  3.102046e+001  4.400000e+000
      vertex -2.940155e+001  3.117919e+001  4.400000e+000
      vertex -2.950999e+001  3.102046e+001  4.400000e+000
    endloop
  endfacet
  facet normal  -0.000000e+000  0.000000e+000  1.000000e+000
    outer loop
      vertex -2.172296e+001  3.102046e+001  4.400000e+000
      vertex -2.950999e+001  3.102046e+001  4.400000e+000
      vertex -2.162116e+001  3.085739e+001  4.400000e+000
    endloop
  endfacet
  facet normal  0.000000e+000  0.000000e+000  1.000000e+000
    outer loop
      vertex -2.162116e+001  3.085739e+001  4.400000e+000
      vertex -2.950999e+001  3.102046e+001  4.400000e+000
      vertex -2.961179e+001  3.085739e+001  4.400000e+000
    endloop
  endfacet
  facet normal  -0.000000e+000  0.000000e+000  1.000000e+000
    outer loop
      vertex -2.162116e+001  3.085739e+001  4.400000e+000
      vertex -2.961179e+001  3.085739e+001  4.400000e+000
      vertex -2.152619e+001  3.069025e+001  4.400000e+000
    endloop
  endfacet
  facet normal  0.000000e+000  0.000000e+000  1.000000e+000
    outer loop
      vertex -2.152619e+001  3.069025e+001  4.400000e+000
      vertex -2.961179e+001  3.085739e+001  4.400000e+000
      vertex -2.970676e+001  3.069025e+001  4.400000e+000
    endloop
  endfacet
  facet normal  -0.000000e+000  0.000000e+000  9.999999e-001
    outer loop
      vertex -2.152619e+001  3.069025e+001  4.400000e+000
      vertex -2.970676e+001  3.069025e+001  4.400000e+000
      vertex -2.143821e+001  3.051933e+001  4.400000e+000
    endloop
  endfacet
  facet normal  0.000000e+000  0.000000e+000  1.000000e+000
    outer loop
      vertex -2.143821e+001  3.051933e+001  4.400000e+000
      vertex -2.970676e+001  3.069025e+001  4.400000e+000
      vertex -2.979474e+001  3.051933e+001  4.400000e+000
    endloop
  endfacet
  facet normal  -0.000000e+000  0.000000e+000  1.000000e+000
    outer loop
      vertex -2.143821e+001  3.051933e+001  4.400000e+000
      vertex -2.979474e+001  3.051933e+001  4.400000e+000
      vertex -2.135737e+001  3.034492e+001  4.400000e+000
    endloop
  endfacet
  facet normal  0.000000e+000  0.000000e+000  1.000000e+000
    outer loop
      vertex -2.135737e+001  3.034492e+001  4.400000e+000
      vertex -2.979474e+001  3.051933e+001  4.400000e+000
      vertex -2.987558e+001  3.034492e+001  4.400000e+000
    endloop
  endfacet
  facet normal  -0.000000e+000  0.000000e+000  1.000000e+000
    outer loop
      vertex -2.135737e+001  3.034492e+001  4.400000e+000
      vertex -2.987558e+001  3.034492e+001  4.400000e+000
      vertex -2.128380e+001  3.016731e+001  4.400000e+000
    endloop
  endfacet
  facet normal  0.000000e+000  0.000000e+000  9.999999e-001
    outer loop
      vertex -2.128380e+001  3.016731e+001  4.400000e+000
      vertex -2.987558e+001  3.034492e+001  4.400000e+000
      vertex -2.994915e+001  3.016731e+001  4.400000e+000
    endloop
  endfacet
  facet normal  -0.000000e+000  0.000000e+000  9.999999e-001
    outer loop
      vertex -2.128380e+001  3.016731e+001  4.400000e+000
      vertex -2.994915e+001  3.016731e+001  4.400000e+000
      vertex -2.121764e+001  2.998682e+001  4.400000e+000
    endloop
  endfacet
  facet normal  0.000000e+000  0.000000e+000  1.000000e+000
    outer loop
      vertex -2.121764e+001  2.998682e+001  4.400000e+000
      vertex -2.994915e+001  3.016731e+001  4.400000e+000
      vertex -3.001531e+001  2.998682e+001  4.400000e+000
    endloop
  endfacet
  facet normal  -0.000000e+000  0.000000e+000  9.999999e-001
    outer loop
      vertex -2.121764e+001  2.998682e+001  4.400000e+000
      vertex -3.001531e+001  2.998682e+001  4.400000e+000
      vertex -2.115899e+001  2.980375e+001  4.400000e+000
    endloop
  endfacet
  facet normal  0.000000e+000  0.000000e+000  1.000000e+000
    outer loop
      vertex -2.115899e+001  2.980375e+001  4.400000e+000
      vertex -3.001531e+001  2.998682e+001  4.400000e+000
      vertex -3.007396e+001  2.980375e+001  4.400000e+000
    endloop
  endfacet
  facet normal  -0.000000e+000  0.000000e+000  1.000000e+000
    outer loop
      vertex -2.115899e+001  2.980375e+001  4.400000e+000
      vertex -3.007396e+001  2.980375e+001  4.400000e+000
      vertex -2.110796e+001  2.961841e+001  4.400000e+000
    endloop
  endfacet
  facet normal  0.000000e+000  0.000000e+000  1.000000e+000
    outer loop
      vertex -2.110796e+001  2.961841e+001  4.400000e+000
      vertex -3.007396e+001  2.980375e+001  4.400000e+000
      vertex -3.012499e+001  2.961841e+001  4.400000e+000
    endloop
  endfacet
  facet normal  -0.000000e+000  0.000000e+000  9.999999e-001
    outer loop
      vertex -2.110796e+001  2.961841e+001  4.400000e+000
      vertex -3.012499e+001  2.961841e+001  4.400000e+000
      vertex -2.106463e+001  2.943112e+001  4.400000e+000
    endloop
  endfacet
  facet normal  0.000000e+000  0.000000e+000  9.999999e-001
    outer loop
      vertex -2.106463e+001  2.943112e+001  4.400000e+000
      vertex -3.012499e+001  2.961841e+001  4.400000e+000
      vertex -3.016832e+001  2.943112e+001  4.400000e+000
    endloop
  endfacet
  facet normal  -0.000000e+000  0.000000e+000  1.000000e+000
    outer loop
      vertex -2.106463e+001  2.943112e+001  4.400000e+000
      vertex -3.016832e+001  2.943112e+001  4.400000e+000
      vertex -2.102908e+001  2.924220e+001  4.400000e+000
    endloop
  endfacet
  facet normal  0.000000e+000  0.000000e+000  1.000000e+000
    outer loop
      vertex -2.102908e+001  2.924220e+001  4.400000e+000
      vertex -3.016832e+001  2.943112e+001  4.400000e+000
      vertex -3.020387e+001  2.924220e+001  4.400000e+000
    endloop
  endfacet
  facet normal  -0.000000e+000  0.000000e+000  1.000000e+000
    outer loop
      vertex -2.102908e+001  2.924220e+001  4.400000e+000
      vertex -3.020387e+001  2.924220e+001  4.400000e+000
      vertex -2.100136e+001  2.905197e+001  4.400000e+000
    endloop
  endfacet
  facet normal  0.000000e+000  0.000000e+000  9.999999e-001
    outer loop
      vertex -2.100136e+001  2.905197e+001  4.400000e+000
      vertex -3.020387e+001  2.924220e+001  4.400000e+000
      vertex -3.023159e+001  2.905197e+001  4.400000e+000
    endloop
  endfacet
  facet normal  -0.000000e+000  0.000000e+000  1.000000e+000
    outer loop
      vertex -2.100136e+001  2.905197e+001  4.400000e+000
      vertex -3.023159e+001  2.905197e+001  4.400000e+000
      vertex -2.098153e+001  2.886076e+001  4.400000e+000
    endloop
  endfacet
  facet normal  0.000000e+000  0.000000e+000  9.999999e-001
    outer loop
      vertex -2.098153e+001  2.886076e+001  4.400000e+000
      vertex -3.023159e+001  2.905197e+001  4.400000e+000
      vertex -3.025142e+001  2.886076e+001  4.400000e+000
    endloop
  endfacet
  facet normal  -0.000000e+000  0.000000e+000  1.000000e+000
    outer loop
      vertex -2.098153e+001  2.886076e+001  4.400000e+000
      vertex -3.025142e+001  2.886076e+001  4.400000e+000
      vertex -2.096962e+001  2.866890e+001  4.400000e+000
    endloop
  endfacet
  facet normal  0.000000e+000  0.000000e+000  1.000000e+000
    outer loop
      vertex -2.096962e+001  2.866890e+001  4.400000e+000
      vertex -3.025142e+001  2.886076e+001  4.400000e+000
      vertex -3.026333e+001  2.866890e+001  4.400000e+000
    endloop
  endfacet
  facet normal  -0.000000e+000  0.000000e+000  1.000000e+000
    outer loop
      vertex -2.096962e+001  2.866890e+001  4.400000e+000
      vertex -3.026333e+001  2.866890e+001  4.400000e+000
      vertex -2.096564e+001  2.847670e+001  4.400000e+000
    endloop
  endfacet
  facet normal  0.000000e+000  0.000000e+000  1.000000e+000
    outer loop
      vertex -2.096564e+001  2.847670e+001  4.400000e+000
      vertex -3.026333e+001  2.866890e+001  4.400000e+000
      vertex -3.026731e+001  2.847670e+001  4.400000e+000
    endloop
  endfacet
  facet normal  -0.000000e+000  0.000000e+000  1.000000e+000
    outer loop
      vertex -2.096564e+001  2.847670e+001  4.400000e+000
      vertex -3.026731e+001  2.847670e+001  4.400000e+000
      vertex -2.096962e+001  2.828450e+001  4.400000e+000
    endloop
  endfacet
  facet normal  0.000000e+000  0.000000e+000  1.000000e+000
    outer loop
      vertex -2.096962e+001  2.828450e+001  4.400000e+000
      vertex -3.026731e+001  2.847670e+001  4.400000e+000
      vertex -3.026333e+001  2.828450e+001  4.400000e+000
    endloop
  endfacet
  facet normal  -0.000000e+000  0.000000e+000  1.000000e+000
    outer loop
      vertex -2.096962e+001  2.828450e+001  4.400000e+000
      vertex -3.026333e+001  2.828450e+001  4.400000e+000
      vertex -2.098153e+001  2.809264e+001  4.400000e+000
    endloop
  endfacet
  facet normal  0.000000e+000  0.000000e+000  1.000000e+000
    outer loop
      vertex -2.098153e+001  2.809264e+001  4.400000e+000
      vertex -3.026333e+001  2.828450e+001  4.400000e+000
      vertex -3.025142e+001  2.809264e+001  4.400000e+000
    endloop
  endfacet
  facet normal  -0.000000e+000  0.000000e+000  1.000000e+000
    outer loop
      vertex -2.098153e+001  2.809264e+001  4.400000e+000
      vertex -3.025142e+001  2.809264e+001  4.400000e+000
      vertex -2.100136e+001  2.790143e+001  4.400000e+000
    endloop
  endfacet
  facet normal  0.000000e+000  0.000000e+000  1.000000e+000
    outer loop
      vertex -2.100136e+001  2.790143e+001  4.400000e+000
      vertex -3.025142e+001  2.809264e+001  4.400000e+000
      vertex -3.023159e+001  2.790143e+001  4.400000e+000
    endloop
  endfacet
  facet normal  -0.000000e+000  0.000000e+000  9.999999e-001
    outer loop
      vertex -2.100136e+001  2.790143e+001  4.400000e+000
      vertex -3.023159e+001  2.790143e+001  4.400000e+000
      vertex -2.102908e+001  2.771120e+001  4.400000e+000
    endloop
  endfacet
  facet normal  0.000000e+000  0.000000e+000  1.000000e+000
    outer loop
      vertex -2.102908e+001  2.771120e+001  4.400000e+000
      vertex -3.023159e+001  2.790143e+001  4.400000e+000
      vertex -3.020387e+001  2.771120e+001  4.400000e+000
    endloop
  endfacet
  facet normal  -0.000000e+000  0.000000e+000  1.000000e+000
    outer loop
      vertex -2.102908e+001  2.771120e+001  4.400000e+000
      vertex -3.020387e+001  2.771120e+001  4.400000e+000
      vertex -2.106463e+001  2.752228e+001  4.400000e+000
    endloop
  endfacet
  facet normal  0.000000e+000  0.000000e+000  1.000000e+000
    outer loop
      vertex -2.106463e+001  2.752228e+001  4.400000e+000
      vertex -3.020387e+001  2.771120e+001  4.400000e+000
      vertex -3.016832e+001  2.752228e+001  4.400000e+000
    endloop
  endfacet
  facet normal  -0.000000e+000  0.000000e+000  1.000000e+000
    outer loop
      vertex -2.106463e+001  2.752228e+001  4.400000e+000
      vertex -3.016832e+001  2.752228e+001  4.400000e+000
      vertex -2.110796e+001  2.733499e+001  4.400000e+000
    endloop
  endfacet
  facet normal  0.000000e+000  0.000000e+000  9.999999e-001
    outer loop
      vertex -2.110796e+001  2.733499e+001  4.400000e+000
      vertex -3.016832e+001  2.752228e+001  4.400000e+000
      vertex -3.012499e+001  2.733499e+001  4.400000e+000
    endloop
  endfacet
  facet normal  -0.000000e+000  0.000000e+000  1.000000e+000
    outer loop
      vertex -2.110796e+001  2.733499e+001  4.400000e+000
      vertex -3.012499e+001  2.733499e+001  4.400000e+000
      vertex -2.115899e+001  2.714965e+001  4.400000e+000
    endloop
  endfacet
  facet normal  0.000000e+000  0.000000e+000  1.000000e+000
    outer loop
      vertex -2.115899e+001  2.714965e+001  4.400000e+000
      vertex -3.012499e+001  2.733499e+001  4.400000e+000
      vertex -3.007396e+001  2.714965e+001  4.400000e+000
    endloop
  endfacet
  facet normal  -0.000000e+000  0.000000e+000  1.000000e+000
    outer loop
      vertex -2.115899e+001  2.714965e+001  4.400000e+000
      vertex -3.007396e+001  2.714965e+001  4.400000e+000
      vertex -2.121764e+001  2.696658e+001  4.400000e+000
    endloop
  endfacet
  facet normal  0.000000e+000  0.000000e+000  1.000000e+000
    outer loop
      vertex -2.121764e+001  2.696658e+001  4.400000e+000
      vertex -3.007396e+001  2.714965e+001  4.400000e+000
      vertex -3.001531e+001  2.696658e+001  4.400000e+000
    endloop
  endfacet
  facet normal  -0.000000e+000  0.000000e+000  9.999999e-001
    outer loop
      vertex -2.121764e+001  2.696658e+001  4.400000e+000
      vertex -3.001531e+001  2.696658e+001  4.400000e+000
      vertex -2.128380e+001  2.678609e+001  4.400000e+000
    endloop
  endfacet
  facet normal  0.000000e+000  0.000000e+000  1.000000e+000
    outer loop
      vertex -2.128380e+001  2.678609e+001  4.400000e+000
      vertex -3.001531e+001  2.696658e+001  4.400000e+000
      vertex -2.994915e+001  2.678609e+001  4.400000e+000
    endloop
  endfacet
  facet normal  -0.000000e+000  0.000000e+000  1.000000e+000
    outer loop
      vertex -2.128380e+001  2.678609e+001  4.400000e+000
      vertex -2.994915e+001  2.678609e+001  4.400000e+000
      vertex -2.135737e+001  2.660848e+001  4.400000e+000
    endloop
  endfacet
  facet normal  0.000000e+000  0.000000e+000  9.999999e-001
    outer loop
      vertex -2.135737e+001  2.660848e+001  4.400000e+000
      vertex -2.994915e+001  2.678609e+001  4.400000e+000
      vertex -2.987558e+001  2.660848e+001  4.400000e+000
    endloop
  endfacet
  facet normal  -0.000000e+000  0.000000e+000  1.000000e+000
    outer loop
      vertex -2.135737e+001  2.660848e+001  4.400000e+000
      vertex -2.987558e+001  2.660848e+001  4.400000e+000
      vertex -2.143821e+001  2.643407e+001  4.400000e+000
    endloop
  endfacet
  facet normal  0.000000e+000  0.000000e+000  1.000000e+000
    outer loop
      vertex -2.143821e+001  2.643407e+001  4.400000e+000
      vertex -2.987558e+001  2.660848e+001  4.400000e+000
      vertex -2.979474e+001  2.643407e+001  4.400000e+000
    endloop
  endfacet
  facet normal  -0.000000e+000  0.000000e+000  1.000000e+000
    outer loop
      vertex -2.143821e+001  2.643407e+001  4.400000e+000
      vertex -2.979474e+001  2.643407e+001  4.400000e+000
      vertex -2.152619e+001  2.626315e+001  4.400000e+000
    endloop
  endfacet
  facet normal  0.000000e+000  0.000000e+000  9.999999e-001
    outer loop
      vertex -2.152619e+001  2.626315e+001  4.400000e+000
      vertex -2.979474e+001  2.643407e+001  4.400000e+000
      vertex -2.970676e+001  2.626315e+001  4.400000e+000
    endloop
  endfacet
  facet normal  -0.000000e+000  0.000000e+000  1.000000e+000
    outer loop
      vertex -2.152619e+001  2.626315e+001  4.400000e+000
      vertex -2.970676e+001  2.626315e+001  4.400000e+000
      vertex -2.162116e+001  2.609601e+001  4.400000e+000
    endloop
  endfacet
  facet normal  0.000000e+000  0.000000e+000  9.999999e-001
    outer loop
      vertex -2.162116e+001  2.609601e+001  4.400000e+000
      vertex -2.970676e+001  2.626315e+001  4.400000e+000
      vertex -2.961179e+001  2.609601e+001  4.400000e+000
    endloop
  endfacet
  facet normal  -0.000000e+000  0.000000e+000  1.000000e+000
    outer loop
      vertex -2.162116e+001  2.609601e+001  4.400000e+000
      vertex -2.961179e+001  2.609601e+001  4.400000e+000
      vertex -2.172296e+001  2.593294e+001  4.400000e+000
    endloop
  endfacet
  facet normal  0.000000e+000  0.000000e+000  1.000000e+000
    outer loop
      vertex -2.172296e+001  2.593294e+001  4.400000e+000
      vertex -2.961179e+001  2.609601e+001  4.400000e+000
      vertex -2.950999e+001  2.593294e+001  4.400000e+000
    endloop
  endfacet
  facet normal  -0.000000e+000  0.000000e+000  1.000000e+000
    outer loop
      vertex -2.172296e+001  2.593294e+001  4.400000e+000
      vertex -2.950999e+001  2.593294e+001  4.400000e+000
      vertex -2.183140e+001  2.577421e+001  4.400000e+000
    endloop
  endfacet
  facet normal  0.000000e+000  0.000000e+000  1.000000e+000
    outer loop
      vertex -2.183140e+001  2.577421e+001  4.400000e+000
      vertex -2.950999e+001  2.593294e+001  4.400000e+000
      vertex -2.940155e+001  2.577421e+001  4.400000e+000
    endloop
  endfacet
  facet normal  -0.000000e+000  0.000000e+000  1.000000e+000
    outer loop
      vertex -2.183140e+001  2.577421e+001  4.400000e+000
      vertex -2.940155e+001  2.577421e+001  4.400000e+000
      vertex -2.194632e+001  2.562010e+001  4.400000e+000
    endloop
  endfacet
  facet normal  0.000000e+000  0.000000e+000  1.000000e+000
    outer loop
      vertex -2.194632e+001  2.562010e+001  4.400000e+000
      vertex -2.940155e+001  2.577421e+001  4.400000e+000
      vertex -2.928663e+001  2.562010e+001  4.400000e+000
    endloop
  endfacet
  facet normal  -0.000000e+000  0.000000e+000  1.000000e+000
    outer loop
      vertex -2.194632e+001  2.562010e+001  4.400000e+000
      vertex -2.928663e+001  2.562010e+001  4.400000e+000
      vertex -2.206750e+001  2.547087e+001  4.400000e+000
    endloop
  endfacet
  facet normal  0.000000e+000  0.000000e+000  1.000000e+000
    outer loop
      vertex -2.206750e+001  2.547087e+001  4.400000e+000
      vertex -2.928663e+001  2.562010e+001  4.400000e+000
      vertex -2.916545e+001  2.547087e+001  4.400000e+000
    endloop
  endfacet
  facet normal  -0.000000e+000  0.000000e+000  1.000000e+000
    outer loop
      vertex -2.206750e+001  2.547087e+001  4.400000e+000
      vertex -2.916545e+001  2.547087e+001  4.400000e+000
      vertex -2.219475e+001  2.532678e+001  4.400000e+000
    endloop
  endfacet
  facet normal  0.000000e+000  0.000000e+000  9.999999e-001
    outer loop
      vertex -2.219475e+001  2.532678e+001  4.400000e+000
      vertex -2.916545e+001  2.547087e+001  4.400000e+000
      vertex -2.903820e+001  2.532678e+001  4.400000e+000
    endloop
  endfacet
  facet normal  -0.000000e+000  0.000000e+000  1.000000e+000
    outer loop
      vertex -2.219475e+001  2.532678e+001  4.400000e+000
      vertex -2.903820e+001  2.532678e+001  4.400000e+000
      vertex -2.232784e+001  2.518807e+001  4.400000e+000
    endloop
  endfacet
  facet normal  0.000000e+000  0.000000e+000  1.000000e+000
    outer loop
      vertex -2.232784e+001  2.518807e+001  4.400000e+000
      vertex -2.903820e+001  2.532678e+001  4.400000e+000
      vertex -2.890511e+001  2.518807e+001  4.400000e+000
    endloop
  endfacet
  facet normal  -0.000000e+000  0.000000e+000  1.000000e+000
    outer loop
      vertex -2.232784e+001  2.518807e+001  4.400000e+000
      vertex -2.890511e+001  2.518807e+001  4.400000e+000
      vertex -2.246655e+001  2.505497e+001  4.400000e+000
    endloop
  endfacet
  facet normal  0.000000e+000  0.000000e+000  1.000000e+000
    outer loop
      vertex -2.246655e+001  2.505497e+001  4.400000e+000
      vertex -2.890511e+001  2.518807e+001  4.400000e+000
      vertex -2.876640e+001  2.505497e+001  4.400000e+000
    endloop
  endfacet
  facet normal  -0.000000e+000  0.000000e+000  1.000000e+000
    outer loop
      vertex -2.246655e+001  2.505497e+001  4.400000e+000
      vertex -2.876640e+001  2.505497e+001  4.400000e+000
      vertex -2.261065e+001  2.492772e+001  4.400000e+000
    endloop
  endfacet
  facet normal  0.000000e+000  0.000000e+000  1.000000e+000
    outer loop
      vertex -2.261065e+001  2.492772e+001  4.400000e+000
      vertex -2.876640e+001  2.505497e+001  4.400000e+000
      vertex -2.862230e+001  2.492772e+001  4.400000e+000
    endloop
  endfacet
  facet normal  -0.000000e+000  0.000000e+000  1.000000e+000
    outer loop
      vertex -2.261065e+001  2.492772e+001  4.400000e+000
      vertex -2.862230e+001  2.492772e+001  4.400000e+000
      vertex -2.275988e+001  2.480654e+001  4.400000e+000
    endloop
  endfacet
  facet normal  0.000000e+000  0.000000e+000  1.000000e+000
    outer loop
      vertex -2.275988e+001  2.480654e+001  4.400000e+000
      vertex -2.862230e+001  2.492772e+001  4.400000e+000
      vertex -2.847307e+001  2.480654e+001  4.400000e+000
    endloop
  endfacet
  facet normal  -0.000000e+000  0.000000e+000  1.000000e+000
    outer loop
      vertex -2.275988e+001  2.480654e+001  4.400000e+000
      vertex -2.847307e+001  2.480654e+001  4.400000e+000
      vertex -2.291399e+001  2.469163e+001  4.400000e+000
    endloop
  endfacet
  facet normal  0.000000e+000  0.000000e+000  1.000000e+000
    outer loop
      vertex -2.291399e+001  2.469163e+001  4.400000e+000
      vertex -2.847307e+001  2.480654e+001  4.400000e+000
      vertex -2.831896e+001  2.469163e+001  4.400000e+000
    endloop
  endfacet
  facet normal  -0.000000e+000  0.000000e+000  1.000000e+000
    outer loop
      vertex -2.291399e+001  2.469163e+001  4.400000e+000
      vertex -2.831896e+001  2.469163e+001  4.400000e+000
      vertex -2.307271e+001  2.458318e+001  4.400000e+000
    endloop
  endfacet
  facet normal  0.000000e+000  0.000000e+000  1.000000e+000
    outer loop
      vertex -2.307271e+001  2.458318e+001  4.400000e+000
      vertex -2.831896e+001  2.469163e+001  4.400000e+000
      vertex -2.816024e+001  2.458318e+001  4.400000e+000
    endloop
  endfacet
  facet normal  -0.000000e+000  0.000000e+000  1.000000e+000
    outer loop
      vertex -2.307271e+001  2.458318e+001  4.400000e+000
      vertex -2.816024e+001  2.458318e+001  4.400000e+000
      vertex -2.323578e+001  2.448139e+001  4.400000e+000
    endloop
  endfacet
  facet normal  0.000000e+000  0.000000e+000  1.000000e+000
    outer loop
      vertex -2.323578e+001  2.448139e+001  4.400000e+000
      vertex -2.816024e+001  2.458318e+001  4.400000e+000
      vertex -2.799717e+001  2.448139e+001  4.400000e+000
    endloop
  endfacet
  facet normal  -0.000000e+000  0.000000e+000  1.000000e+000
    outer loop
      vertex -2.323578e+001  2.448139e+001  4.400000e+000
      vertex -2.799717e+001  2.448139e+001  4.400000e+000
      vertex -2.340292e+001  2.438642e+001  4.400000e+000
    endloop
  endfacet
  facet normal  0.000000e+000  0.000000e+000  9.999999e-001
    outer loop
      vertex -2.340292e+001  2.438642e+001  4.400000e+000
      vertex -2.799717e+001  2.448139e+001  4.400000e+000
      vertex -2.783003e+001  2.438642e+001  4.400000e+000
    endloop
  endfacet
  facet normal  -0.000000e+000  0.000000e+000  1.000000e+000
    outer loop
      vertex -2.340292e+001  2.438642e+001  4.400000e+000
      vertex -2.783003e+001  2.438642e+001  4.400000e+000
      vertex -2.357385e+001  2.429844e+001  4.400000e+000
    endloop
  endfacet
  facet normal  0.000000e+000  0.000000e+000  1.000000e+000
    outer loop
      vertex -2.357385e+001  2.429844e+001  4.400000e+000
      vertex -2.783003e+001  2.438642e+001  4.400000e+000
      vertex -2.765910e+001  2.429844e+001  4.400000e+000
    endloop
  endfacet
  facet normal  -0.000000e+000  0.000000e+000  1.000000e+000
    outer loop
      vertex -2.357385e+001  2.429844e+001  4.400000e+000
      vertex -2.765910e+001  2.429844e+001  4.400000e+000
      vertex -2.374826e+001  2.421759e+001  4.400000e+000
    endloop
  endfacet
  facet normal  0.000000e+000  0.000000e+000  1.000000e+000
    outer loop
      vertex -2.374826e+001  2.421759e+001  4.400000e+000
      vertex -2.765910e+001  2.429844e+001  4.400000e+000
      vertex -2.748469e+001  2.421759e+001  4.400000e+000
    endloop
  endfacet
  facet normal  -0.000000e+000  0.000000e+000  1.000000e+000
    outer loop
      vertex -2.374826e+001  2.421759e+001  4.400000e+000
      vertex -2.748469e+001  2.421759e+001  4.400000e+000
      vertex -2.392586e+001  2.414403e+001  4.400000e+000
    endloop
  endfacet
  facet normal  0.000000e+000  0.000000e+000  1.000000e+000
    outer loop
      vertex -2.392586e+001  2.414403e+001  4.400000e+000
      vertex -2.748469e+001  2.421759e+001  4.400000e+000
      vertex -2.730709e+001  2.414403e+001  4.400000e+000
    endloop
  endfacet
  facet normal  -0.000000e+000  0.000000e+000  1.000000e+000
    outer loop
      vertex -2.392586e+001  2.414403e+001  4.400000e+000
      vertex -2.730709e+001  2.414403e+001  4.400000e+000
      vertex -2.410635e+001  2.407786e+001  4.400000e+000
    endloop
  endfacet
  facet normal  0.000000e+000  0.000000e+000  1.000000e+000
    outer loop
      vertex -2.410635e+001  2.407786e+001  4.400000e+000
      vertex -2.730709e+001  2.414403e+001  4.400000e+000
      vertex -2.712660e+001  2.407786e+001  4.400000e+000
    endloop
  endfacet
  facet normal  -0.000000e+000  0.000000e+000  1.000000e+000
    outer loop
      vertex -2.410635e+001  2.407786e+001  4.400000e+000
      vertex -2.712660e+001  2.407786e+001  4.400000e+000
      vertex -2.428942e+001  2.401922e+001  4.400000e+000
    endloop
  endfacet
  facet normal  0.000000e+000  0.000000e+000  1.000000e+000
    outer loop
      vertex -2.428942e+001  2.401922e+001  4.400000e+000
      vertex -2.712660e+001  2.407786e+001  4.400000e+000
      vertex -2.694353e+001  2.401922e+001  4.400000e+000
    endloop
  endfacet
  facet normal  -0.000000e+000  0.000000e+000  1.000000e+000
    outer loop
      vertex -2.428942e+001  2.401922e+001  4.400000e+000
      vertex -2.694353e+001  2.401922e+001  4.400000e+000
      vertex -2.447476e+001  2.396818e+001  4.400000e+000
    endloop
  endfacet
  facet normal  0.000000e+000  0.000000e+000  1.000000e+000
    outer loop
      vertex -2.447476e+001  2.396818e+001  4.400000e+000
      vertex -2.694353e+001  2.401922e+001  4.400000e+000
      vertex -2.675819e+001  2.396818e+001  4.400000e+000
    endloop
  endfacet
  facet normal  -0.000000e+000  0.000000e+000  1.000000e+000
    outer loop
      vertex -2.447476e+001  2.396818e+001  4.400000e+000
      vertex -2.675819e+001  2.396818e+001  4.400000e+000
      vertex -2.466205e+001  2.392485e+001  4.400000e+000
    endloop
  endfacet
  facet normal  0.000000e+000  0.000000e+000  1.000000e+000
    outer loop
      vertex -2.466205e+001  2.392485e+001  4.400000e+000
      vertex -2.675819e+001  2.396818e+001  4.400000e+000
      vertex -2.657090e+001  2.392485e+001  4.400000e+000
    endloop
  endfacet
  facet normal  -0.000000e+000  0.000000e+000  1.000000e+000
    outer loop
      vertex -2.466205e+001  2.392485e+001  4.400000e+000
      vertex -2.657090e+001  2.392485e+001  4.400000e+000
      vertex -2.485097e+001  2.388930e+001  4.400000e+000
    endloop
  endfacet
  facet normal  0.000000e+000  0.000000e+000  1.000000e+000
    outer loop
      vertex -2.485097e+001  2.388930e+001  4.400000e+000
      vertex -2.657090e+001  2.392485e+001  4.400000e+000
      vertex -2.638198e+001  2.388930e+001  4.400000e+000
    endloop
  endfacet
  facet normal  -0.000000e+000  0.000000e+000  9.999999e-001
    outer loop
      vertex -2.485097e+001  2.388930e+001  4.400000e+000
      vertex -2.638198e+001  2.388930e+001  4.400000e+000
      vertex -2.504120e+001  2.386159e+001  4.400000e+000
    endloop
  endfacet
  facet normal  0.000000e+000  0.000000e+000  1.000000e+000
    outer loop
      vertex -2.504120e+001  2.386159e+001  4.400000e+000
      vertex -2.638198e+001  2.388930e+001  4.400000e+000
      vertex -2.619175e+001  2.386159e+001  4.400000e+000
    endloop
  endfacet
  facet normal  -0.000000e+000  0.000000e+000  1.000000e+000
    outer loop
      vertex -2.504120e+001  2.386159e+001  4.400000e+000
      vertex -2.619175e+001  2.386159e+001  4.400000e+000
      vertex -2.523241e+001  2.384175e+001  4.400000e+000
    endloop
  endfacet
  facet normal  0.000000e+000  0.000000e+000  1.000000e+000
    outer loop
      vertex -2.523241e+001  2.384175e+001  4.400000e+000
      vertex -2.619175e+001  2.386159e+001  4.400000e+000
      vertex -2.600054e+001  2.384175e+001  4.400000e+000
    endloop
  endfacet
  facet normal  -0.000000e+000  0.000000e+000  1.000000e+000
    outer loop
      vertex -2.523241e+001  2.384175e+001  4.400000e+000
      vertex -2.600054e+001  2.384175e+001  4.400000e+000
      vertex -2.542428e+001  2.382984e+001  4.400000e+000
    endloop
  endfacet
  facet normal  0.000000e+000  0.000000e+000  1.000000e+000
    outer loop
      vertex -2.542428e+001  2.382984e+001  4.400000e+000
      vertex -2.600054e+001  2.384175e+001  4.400000e+000
      vertex -2.580867e+001  2.382984e+001  4.400000e+000
    endloop
  endfacet
  facet normal  -0.000000e+000  0.000000e+000  1.000000e+000
    outer loop
      vertex -2.542428e+001  2.382984e+001  4.400000e+000
      vertex -2.580867e+001  2.382984e+001  4.400000e+000
      vertex -2.561648e+001  2.382587e+001  4.400000e+000
    endloop
  endfacet
  facet normal -8.066496e-001 -5.910299e-001  -0.000000e+000
    outer loop
      vertex -9.949810e+000  2.182056e+001  3.600000e+000
      vertex -9.949810e+000  2.182056e+001  4.400000e+000
      vertex -9.998735e+000  2.188733e+001  3.600000e+000
    endloop
  endfacet
  facet normal -8.066496e-001 -5.910299e-001  0.000000e+000
    outer loop
      vertex -9.998735e+000  2.188733e+001  3.600000e+000
      vertex -9.949810e+000  2.182056e+001  4.400000e+000
      vertex -9.998735e+000  2.188733e+001  4.400000e+000
    endloop
  endfacet
  facet normal -8.229628e-001 -5.680953e-001  -0.000000e+000
    outer loop
      vertex -9.998735e+000  2.188733e+001  3.600000e+000
      vertex -9.998735e+000  2.188733e+001  4.400000e+000
      vertex -1.004579e+001  2.195550e+001  3.600000e+000
    endloop
  endfacet
  facet normal -8.229628e-001 -5.680953e-001  0.000000e+000
    outer loop
      vertex -1.004579e+001  2.195550e+001  3.600000e+000
      vertex -9.998735e+000  2.188733e+001  4.400000e+000
      vertex -1.004579e+001  2.195550e+001  4.400000e+000
    endloop
  endfacet
  facet normal -8.387218e-001 -5.445601e-001  -0.000000e+000
    outer loop
      vertex -1.004579e+001  2.195550e+001  3.600000e+000
      vertex -1.004579e+001  2.195550e+001  4.400000e+000
      vertex -1.009090e+001  2.202497e+001  3.600000e+000
    endloop
  endfacet
  facet normal -8.387218e-001 -5.445601e-001  0.000000e+000
    outer loop
      vertex -1.009090e+001  2.202497e+001  3.600000e+000
      vertex -1.004579e+001  2.195550e+001  4.400000e+000
      vertex -1.009090e+001  2.202497e+001  4.400000e+000
    endloop
  endfacet
  facet normal -8.539413e-001 -5.203694e-001  -0.000000e+000
    outer loop
      vertex -1.009090e+001  2.202497e+001  3.600000e+000
      vertex -1.009090e+001  2.202497e+001  4.400000e+000
      vertex -1.013397e+001  2.209566e+001  3.600000e+000
    endloop
  endfacet
  facet normal -8.539413e-001 -5.203694e-001  0.000000e+000
    outer loop
      vertex -1.013397e+001  2.209566e+001  3.600000e+000
      vertex -1.009090e+001  2.202497e+001  4.400000e+000
      vertex -1.013397e+001  2.209566e+001  4.400000e+000
    endloop
  endfacet
  facet normal -8.737110e-001 -4.864453e-001  -0.000000e+000
    outer loop
      vertex -1.013397e+001  2.209566e+001  3.600000e+000
      vertex -1.013397e+001  2.209566e+001  4.400000e+000
      vertex -1.020332e+001  2.222022e+001  3.600000e+000
    endloop
  endfacet
  facet normal -8.737110e-001 -4.864453e-001  0.000000e+000
    outer loop
      vertex -1.020332e+001  2.222022e+001  3.600000e+000
      vertex -1.013397e+001  2.209566e+001  4.400000e+000
      vertex -1.020332e+001  2.222022e+001  4.400000e+000
    endloop
  endfacet
  facet normal -8.970293e-001 -4.419712e-001  -0.000000e+000
    outer loop
      vertex -1.020332e+001  2.222022e+001  3.600000e+000
      vertex -1.020332e+001  2.222022e+001  4.400000e+000
      vertex -1.026626e+001  2.234795e+001  3.600000e+000
    endloop
  endfacet
  facet normal -8.970293e-001 -4.419712e-001  0.000000e+000
    outer loop
      vertex -1.026626e+001  2.234795e+001  3.600000e+000
      vertex -1.020332e+001  2.222022e+001  4.400000e+000
      vertex -1.026626e+001  2.234795e+001  4.400000e+000
    endloop
  endfacet
  facet normal -9.182187e-001 -3.960737e-001  -0.000000e+000
    outer loop
      vertex -1.026626e+001  2.234795e+001  3.600000e+000
      vertex -1.026626e+001  2.234795e+001  4.400000e+000
      vertex -1.032258e+001  2.247852e+001  3.600000e+000
    endloop
  endfacet
  facet normal -9.182187e-001 -3.960737e-001  0.000000e+000
    outer loop
      vertex -1.032258e+001  2.247852e+001  3.600000e+000
      vertex -1.026626e+001  2.234795e+001  4.400000e+000
      vertex -1.032258e+001  2.247852e+001  4.400000e+000
    endloop
  endfacet
  facet normal -9.370186e-001 -3.492793e-001  -0.000000e+000
    outer loop
      vertex -1.032258e+001  2.247852e+001  3.600000e+000
      vertex -1.032258e+001  2.247852e+001  4.400000e+000
      vertex -1.037220e+001  2.261165e+001  3.600000e+000
    endloop
  endfacet
  facet normal -9.370186e-001 -3.492793e-001  0.000000e+000
    outer loop
      vertex -1.037220e+001  2.261165e+001  3.600000e+000
      vertex -1.032258e+001  2.247852e+001  4.400000e+000
      vertex -1.037220e+001  2.261165e+001  4.400000e+000
    endloop
  endfacet
  facet normal -9.532499e-001 -3.021829e-001  -0.000000e+000
    outer loop
      vertex -1.037220e+001  2.261165e+001  3.600000e+000
      vertex -1.037220e+001  2.261165e+001  4.400000e+000
      vertex -1.041514e+001  2.274710e+001  3.600000e+000
    endloop
  endfacet
  facet normal -9.532499e-001 -3.021829e-001  0.000000e+000
    outer loop
      vertex -1.041514e+001  2.274710e+001  3.600000e+000
      vertex -1.037220e+001  2.261165e+001  4.400000e+000
      vertex -1.041514e+001  2.274710e+001  4.400000e+000
    endloop
  endfacet
  facet normal -9.668466e-001 -2.553580e-001  -0.000000e+000
    outer loop
      vertex -1.041514e+001  2.274710e+001  3.600000e+000
      vertex -1.041514e+001  2.274710e+001  4.400000e+000
      vertex -1.045146e+001  2.288460e+001  3.600000e+000
    endloop
  endfacet
  facet normal -9.668466e-001 -2.553580e-001  0.000000e+000
    outer loop
      vertex -1.045146e+001  2.288460e+001  3.600000e+000
      vertex -1.041514e+001  2.274710e+001  4.400000e+000
      vertex -1.045146e+001  2.288460e+001  4.400000e+000
    endloop
  endfacet
  facet normal -9.778592e-001 -2.092638e-001  -0.000000e+000
    outer loop
      vertex -1.045146e+001  2.288460e+001  3.600000e+000
      vertex -1.045146e+001  2.288460e+001  4.400000e+000
      vertex -1.048126e+001  2.302385e+001  3.600000e+000
    endloop
  endfacet
  facet normal -9.778592e-001 -2.092638e-001  0.000000e+000
    outer loop
      vertex -1.048126e+001  2.302385e+001  3.600000e+000
      vertex -1.045146e+001  2.288460e+001  4.400000e+000
      vertex -1.048126e+001  2.302385e+001  4.400000e+000
    endloop
  endfacet
  facet normal -9.864340e-001 -1.641582e-001  -0.000000e+000
    outer loop
      vertex -1.048126e+001  2.302385e+001  3.600000e+000
      vertex -1.048126e+001  2.302385e+001  4.400000e+000
      vertex -1.050466e+001  2.316449e+001  3.600000e+000
    endloop
  endfacet
  facet normal -9.864340e-001 -1.641582e-001  0.000000e+000
    outer loop
      vertex -1.050466e+001  2.316449e+001  3.600000e+000
      vertex -1.048126e+001  2.302385e+001  4.400000e+000
      vertex -1.050466e+001  2.316449e+001  4.400000e+000
    endloop
  endfacet
  facet normal -9.923404e-001 -1.235327e-001  -0.000000e+000
    outer loop
      vertex -1.050466e+001  2.316449e+001  3.600000e+000
      vertex -1.050466e+001  2.316449e+001  4.400000e+000
      vertex -1.051951e+001  2.328375e+001  3.600000e+000
    endloop
  endfacet
  facet normal -9.923404e-001 -1.235327e-001  0.000000e+000
    outer loop
      vertex -1.051951e+001  2.328375e+001  3.600000e+000
      vertex -1.050466e+001  2.316449e+001  4.400000e+000
      vertex -1.051951e+001  2.328375e+001  4.400000e+000
    endloop
  endfacet
  facet normal -9.962401e-001 -8.663441e-002  -0.000000e+000
    outer loop
      vertex -1.051951e+001  2.328375e+001  3.600000e+000
      vertex -1.051951e+001  2.328375e+001  4.400000e+000
      vertex -1.052992e+001  2.340349e+001  3.600000e+000
    endloop
  endfacet
  facet normal -9.962401e-001 -8.663441e-002  0.000000e+000
    outer loop
      vertex -1.052992e+001  2.340349e+001  3.600000e+000
      vertex -1.051951e+001  2.328375e+001  4.400000e+000
      vertex -1.052992e+001  2.340349e+001  4.400000e+000
    endloop
  endfacet
  facet normal -9.989707e-001 -4.535871e-002  -0.000000e+000
    outer loop
      vertex -1.052992e+001  2.340349e+001  3.600000e+000
      vertex -1.052992e+001  2.340349e+001  4.400000e+000
      vertex -1.053537e+001  2.352357e+001  3.600000e+000
    endloop
  endfacet
  facet normal -9.989707e-001 -4.535871e-002  0.000000e+000
    outer loop
      vertex -1.053537e+001  2.352357e+001  3.600000e+000
      vertex -1.052992e+001  2.340349e+001  4.400000e+000
      vertex -1.053537e+001  2.352357e+001  4.400000e+000
    endloop
  endfacet
  facet normal -9.999931e-001  3.705383e-003  0.000000e+000
    outer loop
      vertex -1.053537e+001  2.352357e+001  3.600000e+000
      vertex -1.053537e+001  2.352357e+001  4.400000e+000
      vertex -1.053493e+001  2.364376e+001  3.600000e+000
    endloop
  endfacet
  facet normal -9.999931e-001  3.705383e-003  0.000000e+000
    outer loop
      vertex -1.053493e+001  2.364376e+001  3.600000e+000
      vertex -1.053537e+001  2.352357e+001  4.400000e+000
      vertex -1.053493e+001  2.364376e+001  4.400000e+000
    endloop
  endfacet
  facet normal -9.984928e-001  5.488199e-002  0.000000e+000
    outer loop
      vertex -1.053493e+001  2.364376e+001  3.600000e+000
      vertex -1.053493e+001  2.364376e+001  4.400000e+000
      vertex -1.052977e+001  2.373757e+001  3.600000e+000
    endloop
  endfacet
  facet normal -9.984928e-001  5.488199e-002  0.000000e+000
    outer loop
      vertex -1.052977e+001  2.373757e+001  3.600000e+000
      vertex -1.053493e+001  2.364376e+001  4.400000e+000
      vertex -1.052977e+001  2.373757e+001  4.400000e+000
    endloop
  endfacet
  facet normal -9.943057e-001  1.065653e-001  0.000000e+000
    outer loop
      vertex -1.052977e+001  2.373757e+001  3.600000e+000
      vertex -1.052977e+001  2.373757e+001  4.400000e+000
      vertex -1.051973e+001  2.383125e+001  3.600000e+000
    endloop
  endfacet
  facet normal -9.943057e-001  1.065653e-001  0.000000e+000
    outer loop
      vertex -1.051973e+001  2.383125e+001  3.600000e+000
      vertex -1.052977e+001  2.373757e+001  4.400000e+000
      vertex -1.051973e+001  2.383125e+001  4.400000e+000
    endloop
  endfacet
  facet normal -9.863172e-001  1.648587e-001  0.000000e+000
    outer loop
      vertex -1.051973e+001  2.383125e+001  3.600000e+000
      vertex -1.051973e+001  2.383125e+001  4.400000e+000
      vertex -1.050420e+001  2.392416e+001  3.600000e+000
    endloop
  endfacet
  facet normal -9.863172e-001  1.648587e-001  0.000000e+000
    outer loop
      vertex -1.050420e+001  2.392416e+001  3.600000e+000
      vertex -1.051973e+001  2.383125e+001  4.400000e+000
      vertex -1.050420e+001  2.392416e+001  4.400000e+000
    endloop
  endfacet
  facet normal -9.730880e-001  2.304340e-001  0.000000e+000
    outer loop
      vertex -1.050420e+001  2.392416e+001  3.600000e+000
      vertex -1.050420e+001  2.392416e+001  4.400000e+000
      vertex -1.048256e+001  2.401556e+001  3.600000e+000
    endloop
  endfacet
  facet normal -9.730880e-001  2.304340e-001  0.000000e+000
    outer loop
      vertex -1.048256e+001  2.401556e+001  3.600000e+000
      vertex -1.050420e+001  2.392416e+001  4.400000e+000
      vertex -1.048256e+001  2.401556e+001  4.400000e+000
    endloop
  endfacet
  facet normal -9.568639e-001  2.905366e-001  0.000000e+000
    outer loop
      vertex -1.048256e+001  2.401556e+001  3.600000e+000
      vertex -1.048256e+001  2.401556e+001  4.400000e+000
      vertex -1.046410e+001  2.407634e+001  3.600000e+000
    endloop
  endfacet
  facet normal -9.568639e-001  2.905366e-001  0.000000e+000
    outer loop
      vertex -1.046410e+001  2.407634e+001  3.600000e+000
      vertex -1.048256e+001  2.401556e+001  4.400000e+000
      vertex -1.046410e+001  2.407634e+001  4.400000e+000
    endloop
  endfacet
  facet normal -9.396242e-001  3.422079e-001  0.000000e+000
    outer loop
      vertex -1.046410e+001  2.407634e+001  3.600000e+000
      vertex -1.046410e+001  2.407634e+001  4.400000e+000
      vertex -1.044257e+001  2.413546e+001  3.600000e+000
    endloop
  endfacet
  facet normal -9.396242e-001  3.422079e-001  0.000000e+000
    outer loop
      vertex -1.044257e+001  2.413546e+001  3.600000e+000
      vertex -1.046410e+001  2.407634e+001  4.400000e+000
      vertex -1.044257e+001  2.413546e+001  4.400000e+000
    endloop
  endfacet
  facet normal -9.190344e-001  3.941772e-001  0.000000e+000
    outer loop
      vertex -1.044257e+001  2.413546e+001  3.600000e+000
      vertex -1.044257e+001  2.413546e+001  4.400000e+000
      vertex -1.041777e+001  2.419329e+001  3.600000e+000
    endloop
  endfacet
  facet normal -9.190344e-001  3.941772e-001  0.000000e+000
    outer loop
      vertex -1.041777e+001  2.419329e+001  3.600000e+000
      vertex -1.044257e+001  2.413546e+001  4.400000e+000
      vertex -1.041777e+001  2.419329e+001  4.400000e+000
    endloop
  endfacet
  facet normal -8.967869e-001  4.424629e-001  0.000000e+000
    outer loop
      vertex -1.041777e+001  2.419329e+001  3.600000e+000
      vertex -1.041777e+001  2.419329e+001  4.400000e+000
      vertex -1.038966e+001  2.425025e+001  3.600000e+000
    endloop
  endfacet
  facet normal -8.967869e-001  4.424629e-001  0.000000e+000
    outer loop
      vertex -1.038966e+001  2.425025e+001  3.600000e+000
      vertex -1.041777e+001  2.419329e+001  4.400000e+000
      vertex -1.038966e+001  2.425025e+001  4.400000e+000
    endloop
  endfacet
  facet normal -8.717984e-001  4.898648e-001  0.000000e+000
    outer loop
      vertex -1.038966e+001  2.425025e+001  3.600000e+000
      vertex -1.038966e+001  2.425025e+001  4.400000e+000
      vertex -1.035285e+001  2.431577e+001  3.600000e+000
    endloop
  endfacet
  facet normal -8.717984e-001  4.898648e-001  0.000000e+000
    outer loop
      vertex -1.035285e+001  2.431577e+001  3.600000e+000
      vertex -1.038966e+001  2.425025e+001  4.400000e+000
      vertex -1.035285e+001  2.431577e+001  4.400000e+000
    endloop
  endfacet
  facet normal -8.444434e-001  5.356449e-001  0.000000e+000
    outer loop
      vertex -1.035285e+001  2.431577e+001  3.600000e+000
      vertex -1.035285e+001  2.431577e+001  4.400000e+000
      vertex -1.031251e+001  2.437936e+001  3.600000e+000
    endloop
  endfacet
  facet normal -8.444434e-001  5.356449e-001  0.000000e+000
    outer loop
      vertex -1.031251e+001  2.437936e+001  3.600000e+000
      vertex -1.035285e+001  2.431577e+001  4.400000e+000
      vertex -1.031251e+001  2.437936e+001  4.400000e+000
    endloop
  endfacet
  facet normal -8.174670e-001  5.759755e-001  0.000000e+000
    outer loop
      vertex -1.031251e+001  2.437936e+001  3.600000e+000
      vertex -1.031251e+001  2.437936e+001  4.400000e+000
      vertex -1.026914e+001  2.444092e+001  3.600000e+000
    endloop
  endfacet
  facet normal -8.174670e-001  5.759755e-001  0.000000e+000
    outer loop
      vertex -1.026914e+001  2.444092e+001  3.600000e+000
      vertex -1.031251e+001  2.437936e+001  4.400000e+000
      vertex -1.026914e+001  2.444092e+001  4.400000e+000
    endloop
  endfacet
  facet normal -7.911081e-001  6.116764e-001  0.000000e+000
    outer loop
      vertex -1.026914e+001  2.444092e+001  3.600000e+000
      vertex -1.026914e+001  2.444092e+001  4.400000e+000
      vertex -1.022316e+001  2.450039e+001  3.600000e+000
    endloop
  endfacet
  facet normal -7.911081e-001  6.116764e-001  0.000000e+000
    outer loop
      vertex -1.022316e+001  2.450039e+001  3.600000e+000
      vertex -1.026914e+001  2.444092e+001  4.400000e+000
      vertex -1.022316e+001  2.450039e+001  4.400000e+000
    endloop
  endfacet
  facet normal -7.586958e-001  6.514452e-001  0.000000e+000
    outer loop
      vertex -1.022316e+001  2.450039e+001  3.600000e+000
      vertex -1.022316e+001  2.450039e+001  4.400000e+000
      vertex -1.014648e+001  2.458968e+001  3.600000e+000
    endloop
  endfacet
  facet normal -7.586958e-001  6.514452e-001  0.000000e+000
    outer loop
      vertex -1.014648e+001  2.458968e+001  3.600000e+000
      vertex -1.022316e+001  2.450039e+001  4.400000e+000
      vertex -1.014648e+001  2.458968e+001  4.400000e+000
    endloop
  endfacet
  facet normal -7.228848e-001  6.909685e-001  0.000000e+000
    outer loop
      vertex -1.014648e+001  2.458968e+001  3.600000e+000
      vertex -1.014648e+001  2.458968e+001  4.400000e+000
      vertex -1.006516e+001  2.467477e+001  3.600000e+000
    endloop
  endfacet
  facet normal -7.228848e-001  6.909685e-001  0.000000e+000
    outer loop
      vertex -1.006516e+001  2.467477e+001  3.600000e+000
      vertex -1.014648e+001  2.458968e+001  4.400000e+000
      vertex -1.006516e+001  2.467477e+001  4.400000e+000
    endloop
  endfacet
  facet normal -7.061500e-001  7.080622e-001  0.000000e+000
    outer loop
      vertex -1.006516e+001  2.467477e+001  3.600000e+000
      vertex -1.006516e+001  2.467477e+001  4.400000e+000
      vertex -9.969460e+000  2.477021e+001  3.600000e+000
    endloop
  endfacet
  facet normal -7.061500e-001  7.080622e-001  0.000000e+000
    outer loop
      vertex -9.969460e+000  2.477021e+001  3.600000e+000
      vertex -1.006516e+001  2.467477e+001  4.400000e+000
      vertex -9.969460e+000  2.477021e+001  4.400000e+000
    endloop
  endfacet
  facet normal -7.143220e-001  6.998172e-001  0.000000e+000
    outer loop
      vertex -9.969460e+000  2.477021e+001  3.600000e+000
      vertex -9.969460e+000  2.477021e+001  4.400000e+000
      vertex -9.906239e+000  2.483474e+001  3.600000e+000
    endloop
  endfacet
  facet normal -7.143220e-001  6.998172e-001  0.000000e+000
    outer loop
      vertex -9.906239e+000  2.483474e+001  3.600000e+000
      vertex -9.969460e+000  2.477021e+001  4.400000e+000
      vertex -9.906239e+000  2.483474e+001  4.400000e+000
    endloop
  endfacet
  facet normal -7.391605e-001  6.735294e-001  0.000000e+000
    outer loop
      vertex -9.906239e+000  2.483474e+001  3.600000e+000
      vertex -9.906239e+000  2.483474e+001  4.400000e+000
      vertex -9.830135e+000  2.491826e+001  3.600000e+000
    endloop
  endfacet
  facet normal -7.391605e-001  6.735294e-001  0.000000e+000
    outer loop
      vertex -9.830135e+000  2.491826e+001  3.600000e+000
      vertex -9.906239e+000  2.483474e+001  4.400000e+000
      vertex -9.830135e+000  2.491826e+001  4.400000e+000
    endloop
  endfacet
  facet normal -7.709247e-001  6.369262e-001  0.000000e+000
    outer loop
      vertex -9.830135e+000  2.491826e+001  3.600000e+000
      vertex -9.830135e+000  2.491826e+001  4.400000e+000
      vertex -9.787004e+000  2.497046e+001  3.600000e+000
    endloop
  endfacet
  facet normal -7.709247e-001  6.369262e-001  0.000000e+000
    outer loop
      vertex -9.787004e+000  2.497046e+001  3.600000e+000
      vertex -9.830135e+000  2.491826e+001  4.400000e+000
      vertex -9.787004e+000  2.497046e+001  4.400000e+000
    endloop
  endfacet
  facet normal -7.996275e-001  6.004964e-001  0.000000e+000
    outer loop
      vertex -9.787004e+000  2.497046e+001  3.600000e+000
      vertex -9.787004e+000  2.497046e+001  4.400000e+000
      vertex -9.746402e+000  2.502453e+001  3.600000e+000
    endloop
  endfacet
  facet normal -7.996275e-001  6.004964e-001  0.000000e+000
    outer loop
      vertex -9.746402e+000  2.502453e+001  3.600000e+000
      vertex -9.787004e+000  2.497046e+001  4.400000e+000
      vertex -9.746402e+000  2.502453e+001  4.400000e+000
    endloop
  endfacet
  facet normal -8.306376e-001  5.568135e-001  0.000000e+000
    outer loop
      vertex -9.746402e+000  2.502453e+001  3.600000e+000
      vertex -9.746402e+000  2.502453e+001  4.400000e+000
      vertex -9.708801e+000  2.508062e+001  3.600000e+000
    endloop
  endfacet
  facet normal -8.306376e-001  5.568135e-001  0.000000e+000
    outer loop
      vertex -9.708801e+000  2.508062e+001  3.600000e+000
      vertex -9.746402e+000  2.502453e+001  4.400000e+000
      vertex -9.708801e+000  2.508062e+001  4.400000e+000
    endloop
  endfacet
  facet normal -8.600727e-001  5.101715e-001  0.000000e+000
    outer loop
      vertex -9.708801e+000  2.508062e+001  3.600000e+000
      vertex -9.708801e+000  2.508062e+001  4.400000e+000
      vertex -9.679470e+000  2.513007e+001  3.600000e+000
    endloop
  endfacet
  facet normal -8.600727e-001  5.101715e-001  0.000000e+000
    outer loop
      vertex -9.679470e+000  2.513007e+001  3.600000e+000
      vertex -9.708801e+000  2.508062e+001  4.400000e+000
      vertex -9.679470e+000  2.513007e+001  4.400000e+000
    endloop
  endfacet
  facet normal -8.863987e-001  4.629226e-001  0.000000e+000
    outer loop
      vertex -9.679470e+000  2.513007e+001  3.600000e+000
      vertex -9.679470e+000  2.513007e+001  4.400000e+000
      vertex -9.652856e+000  2.518103e+001  3.600000e+000
    endloop
  endfacet
  facet normal -8.863987e-001  4.629226e-001  0.000000e+000
    outer loop
      vertex -9.652856e+000  2.518103e+001  3.600000e+000
      vertex -9.679470e+000  2.513007e+001  4.400000e+000
      vertex -9.652856e+000  2.518103e+001  4.400000e+000
    endloop
  endfacet
  facet normal -9.103380e-001  4.138654e-001  0.000000e+000
    outer loop
      vertex -9.652856e+000  2.518103e+001  3.600000e+000
      vertex -9.652856e+000  2.518103e+001  4.400000e+000
      vertex -9.629062e+000  2.523337e+001  3.600000e+000
    endloop
  endfacet
  facet normal -9.103380e-001  4.138654e-001  0.000000e+000
    outer loop
      vertex -9.629062e+000  2.523337e+001  3.600000e+000
      vertex -9.652856e+000  2.518103e+001  4.400000e+000
      vertex -9.629062e+000  2.523337e+001  4.400000e+000
    endloop
  endfacet
  facet normal -9.314258e-001  3.639315e-001  0.000000e+000
    outer loop
      vertex -9.629062e+000  2.523337e+001  3.600000e+000
      vertex -9.629062e+000  2.523337e+001  4.400000e+000
      vertex -9.608138e+000  2.528692e+001  3.600000e+000
    endloop
  endfacet
  facet normal -9.314258e-001  3.639315e-001  0.000000e+000
    outer loop
      vertex -9.608138e+000  2.528692e+001  3.600000e+000
      vertex -9.629062e+000  2.523337e+001  4.400000e+000
      vertex -9.608138e+000  2.528692e+001  4.400000e+000
    endloop
  endfacet
  facet normal -9.517844e-001  3.067676e-001  0.000000e+000
    outer loop
      vertex -9.608138e+000  2.528692e+001  3.600000e+000
      vertex -9.608138e+000  2.528692e+001  4.400000e+000
      vertex -9.586514e+000  2.535401e+001  3.600000e+000
    endloop
  endfacet
  facet normal -9.517844e-001  3.067676e-001  0.000000e+000
    outer loop
      vertex -9.586514e+000  2.535401e+001  3.600000e+000
      vertex -9.608138e+000  2.528692e+001  4.400000e+000
      vertex -9.586514e+000  2.535401e+001  4.400000e+000
    endloop
  endfacet
  facet normal -9.704487e-001  2.413072e-001  0.000000e+000
    outer loop
      vertex -9.586514e+000  2.535401e+001  3.600000e+000
      vertex -9.586514e+000  2.535401e+001  4.400000e+000
      vertex -9.569496e+000  2.542245e+001  3.600000e+000
    endloop
  endfacet
  facet normal -9.704487e-001  2.413072e-001  0.000000e+000
    outer loop
      vertex -9.569496e+000  2.542245e+001  3.600000e+000
      vertex -9.586514e+000  2.535401e+001  4.400000e+000
      vertex -9.569496e+000  2.542245e+001  4.400000e+000
    endloop
  endfacet
  facet normal -9.849964e-001  1.725751e-001  0.000000e+000
    outer loop
      vertex -9.569496e+000  2.542245e+001  3.600000e+000
      vertex -9.569496e+000  2.542245e+001  4.400000e+000
      vertex -9.557323e+000  2.549193e+001  3.600000e+000
    endloop
  endfacet
  facet normal -9.849964e-001  1.725751e-001  0.000000e+000
    outer loop
      vertex -9.557323e+000  2.549193e+001  3.600000e+000
      vertex -9.569496e+000  2.542245e+001  4.400000e+000
      vertex -9.557323e+000  2.549193e+001  4.400000e+000
    endloop
  endfacet
  facet normal -9.949921e-001  9.995348e-002  0.000000e+000
    outer loop
      vertex -9.557323e+000  2.549193e+001  3.600000e+000
      vertex -9.557323e+000  2.549193e+001  4.400000e+000
      vertex -9.550272e+000  2.556211e+001  3.600000e+000
    endloop
  endfacet
  facet normal -9.949921e-001  9.995348e-002  0.000000e+000
    outer loop
      vertex -9.550272e+000  2.556211e+001  3.600000e+000
      vertex -9.557323e+000  2.549193e+001  4.400000e+000
      vertex -9.550272e+000  2.556211e+001  4.400000e+000
    endloop
  endfacet
  facet normal -9.997363e-001  2.296472e-002  0.000000e+000
    outer loop
      vertex -9.550272e+000  2.556211e+001  3.600000e+000
      vertex -9.550272e+000  2.556211e+001  4.400000e+000
      vertex -9.548653e+000  2.563261e+001  3.600000e+000
    endloop
  endfacet
  facet normal -9.997363e-001  2.296472e-002  0.000000e+000
    outer loop
      vertex -9.548653e+000  2.563261e+001  3.600000e+000
      vertex -9.550272e+000  2.556211e+001  4.400000e+000
      vertex -9.548653e+000  2.563261e+001  4.400000e+000
    endloop
  endfacet
  facet normal -9.982872e-001 -5.850312e-002  -0.000000e+000
    outer loop
      vertex -9.548653e+000  2.563261e+001  3.600000e+000
      vertex -9.548653e+000  2.563261e+001  4.400000e+000
      vertex -9.552776e+000  2.570298e+001  3.600000e+000
    endloop
  endfacet
  facet normal -9.982872e-001 -5.850312e-002  0.000000e+000
    outer loop
      vertex -9.552776e+000  2.570298e+001  3.600000e+000
      vertex -9.548653e+000  2.563261e+001  4.400000e+000
      vertex -9.552776e+000  2.570298e+001  4.400000e+000
    endloop
  endfacet
  facet normal -9.910186e-001 -1.337242e-001  -0.000000e+000
    outer loop
      vertex -9.552776e+000  2.570298e+001  3.600000e+000
      vertex -9.552776e+000  2.570298e+001  4.400000e+000
      vertex -9.560029e+000  2.575673e+001  3.600000e+000
    endloop
  endfacet
  facet normal -9.910186e-001 -1.337242e-001  0.000000e+000
    outer loop
      vertex -9.560029e+000  2.575673e+001  3.600000e+000
      vertex -9.552776e+000  2.570298e+001  4.400000e+000
      vertex -9.560029e+000  2.575673e+001  4.400000e+000
    endloop
  endfacet
  facet normal -9.801400e-001 -1.983068e-001  -0.000000e+000
    outer loop
      vertex -9.560029e+000  2.575673e+001  3.600000e+000
      vertex -9.560029e+000  2.575673e+001  4.400000e+000
      vertex -9.570785e+000  2.580989e+001  3.600000e+000
    endloop
  endfacet
  facet normal -9.801400e-001 -1.983068e-001  0.000000e+000
    outer loop
      vertex -9.570785e+000  2.580989e+001  3.600000e+000
      vertex -9.560029e+000  2.575673e+001  4.400000e+000
      vertex -9.570785e+000  2.580989e+001  4.400000e+000
    endloop
  endfacet
  facet normal -9.655825e-001 -2.600971e-001  -0.000000e+000
    outer loop
      vertex -9.570785e+000  2.580989e+001  3.600000e+000
      vertex -9.570785e+000  2.580989e+001  4.400000e+000
      vertex -9.584890e+000  2.586225e+001  3.600000e+000
    endloop
  endfacet
  facet normal -9.655825e-001 -2.600971e-001  0.000000e+000
    outer loop
      vertex -9.584890e+000  2.586225e+001  3.600000e+000
      vertex -9.570785e+000  2.580989e+001  4.400000e+000
      vertex -9.584890e+000  2.586225e+001  4.400000e+000
    endloop
  endfacet
  facet normal -9.479315e-001 -3.184743e-001  -0.000000e+000
    outer loop
      vertex -9.584890e+000  2.586225e+001  3.600000e+000
      vertex -9.584890e+000  2.586225e+001  4.400000e+000
      vertex -9.602161e+000  2.591366e+001  3.600000e+000
    endloop
  endfacet
  facet normal -9.479315e-001 -3.184743e-001  0.000000e+000
    outer loop
      vertex -9.602161e+000  2.591366e+001  3.600000e+000
      vertex -9.584890e+000  2.586225e+001  4.400000e+000
      vertex -9.602161e+000  2.591366e+001  4.400000e+000
    endloop
  endfacet
  facet normal -9.296084e-001 -3.685489e-001  -0.000000e+000
    outer loop
      vertex -9.602161e+000  2.591366e+001  3.600000e+000
      vertex -9.602161e+000  2.591366e+001  4.400000e+000
      vertex -9.618655e+000  2.595526e+001  3.600000e+000
    endloop
  endfacet
  facet normal -9.296084e-001 -3.685489e-001  0.000000e+000
    outer loop
      vertex -9.618655e+000  2.595526e+001  3.600000e+000
      vertex -9.602161e+000  2.591366e+001  4.400000e+000
      vertex -9.618655e+000  2.595526e+001  4.400000e+000
    endloop
  endfacet
  facet normal -9.116296e-001 -4.110130e-001  -0.000000e+000
    outer loop
      vertex -9.618655e+000  2.595526e+001  3.600000e+000
      vertex -9.618655e+000  2.595526e+001  4.400000e+000
      vertex -9.637054e+000  2.599607e+001  3.600000e+000
    endloop
  endfacet
  facet normal -9.116296e-001 -4.110130e-001  0.000000e+000
    outer loop
      vertex -9.637054e+000  2.599607e+001  3.600000e+000
      vertex -9.618655e+000  2.595526e+001  4.400000e+000
      vertex -9.637054e+000  2.599607e+001  4.400000e+000
    endloop
  endfacet
  facet normal -8.830358e-001 -4.693057e-001  -0.000000e+000
    outer loop
      vertex -9.637054e+000  2.599607e+001  3.600000e+000
      vertex -9.637054e+000  2.599607e+001  4.400000e+000
      vertex -9.679092e+000  2.607517e+001  3.600000e+000
    endloop
  endfacet
  facet normal -8.830358e-001 -4.693057e-001  0.000000e+000
    outer loop
      vertex -9.679092e+000  2.607517e+001  3.600000e+000
      vertex -9.637054e+000  2.599607e+001  4.400000e+000
      vertex -9.679092e+000  2.607517e+001  4.400000e+000
    endloop
  endfacet
  facet normal -8.428769e-001 -5.381064e-001  -0.000000e+000
    outer loop
      vertex -9.679092e+000  2.607517e+001  3.600000e+000
      vertex -9.679092e+000  2.607517e+001  4.400000e+000
      vertex -9.727332e+000  2.615073e+001  3.600000e+000
    endloop
  endfacet
  facet normal -8.428769e-001 -5.381064e-001  0.000000e+000
    outer loop
      vertex -9.727332e+000  2.615073e+001  3.600000e+000
      vertex -9.679092e+000  2.607517e+001  4.400000e+000
      vertex -9.727332e+000  2.615073e+001  4.400000e+000
    endloop
  endfacet
  facet normal -8.022181e-001 -5.970312e-001  -0.000000e+000
    outer loop
      vertex -9.727332e+000  2.615073e+001  3.600000e+000
      vertex -9.727332e+000  2.615073e+001  4.400000e+000
      vertex -9.780860e+000  2.622265e+001  3.600000e+000
    endloop
  endfacet
  facet normal -8.022181e-001 -5.970312e-001  0.000000e+000
    outer loop
      vertex -9.780860e+000  2.622265e+001  3.600000e+000
      vertex -9.727332e+000  2.615073e+001  4.400000e+000
      vertex -9.780860e+000  2.622265e+001  4.400000e+000
    endloop
  endfacet
  facet normal -7.622906e-001 -6.472349e-001  -0.000000e+000
    outer loop
      vertex -9.780860e+000  2.622265e+001  3.600000e+000
      vertex -9.780860e+000  2.622265e+001  4.400000e+000
      vertex -9.838848e+000  2.629095e+001  3.600000e+000
    endloop
  endfacet
  facet normal -7.622906e-001 -6.472349e-001  0.000000e+000
    outer loop
      vertex -9.838848e+000  2.629095e+001  3.600000e+000
      vertex -9.780860e+000  2.622265e+001  4.400000e+000
      vertex -9.838848e+000  2.629095e+001  4.400000e+000
    endloop
  endfacet
  facet normal -7.238019e-001 -6.900079e-001  -0.000000e+000
    outer loop
      vertex -9.838848e+000  2.629095e+001  3.600000e+000
      vertex -9.838848e+000  2.629095e+001  4.400000e+000
      vertex -9.900614e+000  2.635574e+001  3.600000e+000
    endloop
  endfacet
  facet normal -7.238019e-001 -6.900079e-001  0.000000e+000
    outer loop
      vertex -9.900614e+000  2.635574e+001  3.600000e+000
      vertex -9.838848e+000  2.629095e+001  4.400000e+000
      vertex -9.900614e+000  2.635574e+001  4.400000e+000
    endloop
  endfacet
  facet normal -6.918771e-001 -7.220153e-001  -0.000000e+000
    outer loop
      vertex -9.900614e+000  2.635574e+001  3.600000e+000
      vertex -9.900614e+000  2.635574e+001  4.400000e+000
      vertex -9.946559e+000  2.639977e+001  3.600000e+000
    endloop
  endfacet
  facet normal -6.918771e-001 -7.220153e-001  0.000000e+000
    outer loop
      vertex -9.946559e+000  2.639977e+001  3.600000e+000
      vertex -9.900614e+000  2.635574e+001  4.400000e+000
      vertex -9.946559e+000  2.639977e+001  4.400000e+000
    endloop
  endfacet
  facet normal -6.661878e-001 -7.457840e-001  -0.000000e+000
    outer loop
      vertex -9.946559e+000  2.639977e+001  3.600000e+000
      vertex -9.946559e+000  2.639977e+001  4.400000e+000
      vertex -9.994864e+000  2.644292e+001  3.600000e+000
    endloop
  endfacet
  facet normal -6.661878e-001 -7.457840e-001  0.000000e+000
    outer loop
      vertex -9.994864e+000  2.644292e+001  3.600000e+000
      vertex -9.946559e+000  2.639977e+001  4.400000e+000
      vertex -9.994864e+000  2.644292e+001  4.400000e+000
    endloop
  endfacet
  facet normal -6.425810e-001 -7.662178e-001  -0.000000e+000
    outer loop
      vertex -9.994864e+000  2.644292e+001  3.600000e+000
      vertex -9.994864e+000  2.644292e+001  4.400000e+000
      vertex -1.004449e+001  2.648454e+001  3.600000e+000
    endloop
  endfacet
  facet normal -6.425810e-001 -7.662178e-001  0.000000e+000
    outer loop
      vertex -1.004449e+001  2.648454e+001  3.600000e+000
      vertex -9.994864e+000  2.644292e+001  4.400000e+000
      vertex -1.004449e+001  2.648454e+001  4.400000e+000
    endloop
  endfacet
  facet normal -6.220889e-001 -7.829466e-001  -0.000000e+000
    outer loop
      vertex -1.004449e+001  2.648454e+001  3.600000e+000
      vertex -1.004449e+001  2.648454e+001  4.400000e+000
      vertex -1.009431e+001  2.652412e+001  3.600000e+000
    endloop
  endfacet
  facet normal -6.220889e-001 -7.829466e-001  0.000000e+000
    outer loop
      vertex -1.009431e+001  2.652412e+001  3.600000e+000
      vertex -1.004449e+001  2.648454e+001  4.400000e+000
      vertex -1.009431e+001  2.652412e+001  4.400000e+000
    endloop
  endfacet
  facet normal -6.066359e-001 -7.949798e-001  -0.000000e+000
    outer loop
      vertex -1.009431e+001  2.652412e+001  3.600000e+000
      vertex -1.009431e+001  2.652412e+001  4.400000e+000
      vertex -1.017329e+001  2.658439e+001  3.600000e+000
    endloop
  endfacet
  facet normal -6.066359e-001 -7.949798e-001  0.000000e+000
    outer loop
      vertex -1.017329e+001  2.658439e+001  3.600000e+000
      vertex -1.009431e+001  2.652412e+001  4.400000e+000
      vertex -1.017329e+001  2.658439e+001  4.400000e+000
    endloop
  endfacet
  facet normal -6.073291e-001 -7.944503e-001  -0.000000e+000
    outer loop
      vertex -1.017329e+001  2.658439e+001  3.600000e+000
      vertex -1.017329e+001  2.658439e+001  4.400000e+000
      vertex -1.025302e+001  2.664534e+001  3.600000e+000
    endloop
  endfacet
  facet normal -6.073291e-001 -7.944503e-001  0.000000e+000
    outer loop
      vertex -1.025302e+001  2.664534e+001  3.600000e+000
      vertex -1.017329e+001  2.658439e+001  4.400000e+000
      vertex -1.025302e+001  2.664534e+001  4.400000e+000
    endloop
  endfacet
  facet normal -6.329826e-001 -7.741661e-001  -0.000000e+000
    outer loop
      vertex -1.025302e+001  2.664534e+001  3.600000e+000
      vertex -1.025302e+001  2.664534e+001  4.400000e+000
      vertex -1.032217e+001  2.670188e+001  3.600000e+000
    endloop
  endfacet
  facet normal -6.329826e-001 -7.741661e-001  0.000000e+000
    outer loop
      vertex -1.032217e+001  2.670188e+001  3.600000e+000
      vertex -1.025302e+001  2.664534e+001  4.400000e+000
      vertex -1.032217e+001  2.670188e+001  4.400000e+000
    endloop
  endfacet
  facet normal -6.698952e-001 -7.424557e-001  -0.000000e+000
    outer loop
      vertex -1.032217e+001  2.670188e+001  3.600000e+000
      vertex -1.032217e+001  2.670188e+001  4.400000e+000
      vertex -1.035511e+001  2.673160e+001  3.600000e+000
    endloop
  endfacet
  facet normal -6.698952e-001 -7.424557e-001  0.000000e+000
    outer loop
      vertex -1.035511e+001  2.673160e+001  3.600000e+000
      vertex -1.032217e+001  2.670188e+001  4.400000e+000
      vertex -1.035511e+001  2.673160e+001  4.400000e+000
    endloop
  endfacet
  facet normal -7.175986e-001 -6.964570e-001  -0.000000e+000
    outer loop
      vertex -1.035511e+001  2.673160e+001  3.600000e+000
      vertex -1.035511e+001  2.673160e+001  4.400000e+000
      vertex -1.040114e+001  2.677902e+001  3.600000e+000
    endloop
  endfacet
  facet normal -7.175986e-001 -6.964570e-001  0.000000e+000
    outer loop
      vertex -1.040114e+001  2.677902e+001  3.600000e+000
      vertex -1.035511e+001  2.673160e+001  4.400000e+000
      vertex -1.040114e+001  2.677902e+001  4.400000e+000
    endloop
  endfacet
  facet normal -7.819107e-001 -6.233904e-001  -0.000000e+000
    outer loop
      vertex -1.040114e+001  2.677902e+001  3.600000e+000
      vertex -1.040114e+001  2.677902e+001  4.400000e+000
      vertex -1.043211e+001  2.681787e+001  3.600000e+000
    endloop
  endfacet
  facet normal -7.819107e-001 -6.233904e-001  0.000000e+000
    outer loop
      vertex -1.043211e+001  2.681787e+001  3.600000e+000
      vertex -1.040114e+001  2.677902e+001  4.400000e+000
      vertex -1.043211e+001  2.681787e+001  4.400000e+000
    endloop
  endfacet
  facet normal -8.396160e-001 -5.431805e-001  -0.000000e+000
    outer loop
      vertex -1.043211e+001  2.681787e+001  3.600000e+000
      vertex -1.043211e+001  2.681787e+001  4.400000e+000
      vertex -1.045910e+001  2.685959e+001  3.600000e+000
    endloop
  endfacet
  facet normal -8.396160e-001 -5.431805e-001  0.000000e+000
    outer loop
      vertex -1.045910e+001  2.685959e+001  3.600000e+000
      vertex -1.043211e+001  2.681787e+001  4.400000e+000
      vertex -1.045910e+001  2.685959e+001  4.400000e+000
    endloop
  endfacet
  facet normal -8.843240e-001 -4.668737e-001  -0.000000e+000
    outer loop
      vertex -1.045910e+001  2.685959e+001  3.600000e+000
      vertex -1.045910e+001  2.685959e+001  4.400000e+000
      vertex -1.048229e+001  2.690352e+001  3.600000e+000
    endloop
  endfacet
  facet normal -8.843240e-001 -4.668737e-001  0.000000e+000
    outer loop
      vertex -1.048229e+001  2.690352e+001  3.600000e+000
      vertex -1.045910e+001  2.685959e+001  4.400000e+000
      vertex -1.048229e+001  2.690352e+001  4.400000e+000
    endloop
  endfacet
  facet normal -9.171757e-001 -3.984832e-001  -0.000000e+000
    outer loop
      vertex -1.048229e+001  2.690352e+001  3.600000e+000
      vertex -1.048229e+001  2.690352e+001  4.400000e+000
      vertex -1.050209e+001  2.694908e+001  3.600000e+000
    endloop
  endfacet
  facet normal -9.171757e-001 -3.984832e-001  0.000000e+000
    outer loop
      vertex -1.050209e+001  2.694908e+001  3.600000e+000
      vertex -1.048229e+001  2.690352e+001  4.400000e+000
      vertex -1.050209e+001  2.694908e+001  4.400000e+000
    endloop
  endfacet
  facet normal -9.409140e-001 -3.386455e-001  -0.000000e+000
    outer loop
      vertex -1.050209e+001  2.694908e+001  3.600000e+000
      vertex -1.050209e+001  2.694908e+001  4.400000e+000
      vertex -1.051863e+001  2.699505e+001  3.600000e+000
    endloop
  endfacet
  facet normal -9.409140e-001 -3.386455e-001  0.000000e+000
    outer loop
      vertex -1.051863e+001  2.699505e+001  3.600000e+000
      vertex -1.050209e+001  2.694908e+001  4.400000e+000
      vertex -1.051863e+001  2.699505e+001  4.400000e+000
    endloop
  endfacet
  facet normal -9.580063e-001 -2.867474e-001  -0.000000e+000
    outer loop
      vertex -1.051863e+001  2.699505e+001  3.600000e+000
      vertex -1.051863e+001  2.699505e+001  4.400000e+000
      vertex -1.053267e+001  2.704195e+001  3.600000e+000
    endloop
  endfacet
  facet normal -9.580063e-001 -2.867474e-001  0.000000e+000
    outer loop
      vertex -1.053267e+001  2.704195e+001  3.600000e+000
      vertex -1.051863e+001  2.699505e+001  4.400000e+000
      vertex -1.053267e+001  2.704195e+001  4.400000e+000
    endloop
  endfacet
  facet normal -9.708994e-001 -2.394876e-001  -0.000000e+000
    outer loop
      vertex -1.053267e+001  2.704195e+001  3.600000e+000
      vertex -1.053267e+001  2.704195e+001  4.400000e+000
      vertex -1.054568e+001  2.709472e+001  3.600000e+000
    endloop
  endfacet
  facet normal -9.708994e-001 -2.394876e-001  0.000000e+000
    outer loop
      vertex -1.054568e+001  2.709472e+001  3.600000e+000
      vertex -1.053267e+001  2.704195e+001  4.400000e+000
      vertex -1.054568e+001  2.709472e+001  4.400000e+000
    endloop
  endfacet
  facet normal -9.804038e-001 -1.969986e-001  -0.000000e+000
    outer loop
      vertex -1.054568e+001  2.709472e+001  3.600000e+000
      vertex -1.054568e+001  2.709472e+001  4.400000e+000
      vertex -1.055641e+001  2.714810e+001  3.600000e+000
    endloop
  endfacet
  facet normal -9.804038e-001 -1.969986e-001  0.000000e+000
    outer loop
      vertex -1.055641e+001  2.714810e+001  3.600000e+000
      vertex -1.054568e+001  2.709472e+001  4.400000e+000
      vertex -1.055641e+001  2.714810e+001  4.400000e+000
    endloop
  endfacet
  facet normal -9.891751e-001 -1.467400e-001  -0.000000e+000
    outer loop
      vertex -1.055641e+001  2.714810e+001  3.600000e+000
      vertex -1.055641e+001  2.714810e+001  4.400000e+000
      vertex -1.057160e+001  2.725049e+001  3.600000e+000
    endloop
  endfacet
  facet normal -9.891751e-001 -1.467400e-001  0.000000e+000
    outer loop
      vertex -1.057160e+001  2.725049e+001  3.600000e+000
      vertex -1.055641e+001  2.714810e+001  4.400000e+000
      vertex -1.057160e+001  2.725049e+001  4.400000e+000
    endloop
  endfacet
  facet normal -9.954500e-001 -9.528581e-002  -0.000000e+000
    outer loop
      vertex -1.057160e+001  2.725049e+001  3.600000e+000
      vertex -1.057160e+001  2.725049e+001  4.400000e+000
      vertex -1.058142e+001  2.735311e+001  3.600000e+000
    endloop
  endfacet
  facet normal -9.954500e-001 -9.528581e-002  0.000000e+000
    outer loop
      vertex -1.058142e+001  2.735311e+001  3.600000e+000
      vertex -1.057160e+001  2.725049e+001  4.400000e+000
      vertex -1.058142e+001  2.735311e+001  4.400000e+000
    endloop
  endfacet
  facet normal -9.982738e-001 -5.873016e-002  -0.000000e+000
    outer loop
      vertex -1.058142e+001  2.735311e+001  3.600000e+000
      vertex -1.058142e+001  2.735311e+001  4.400000e+000
      vertex -1.058707e+001  2.744907e+001  3.600000e+000
    endloop
  endfacet
  facet normal -9.982738e-001 -5.873016e-002  0.000000e+000
    outer loop
      vertex -1.058707e+001  2.744907e+001  3.600000e+000
      vertex -1.058142e+001  2.735311e+001  4.400000e+000
      vertex -1.058707e+001  2.744907e+001  4.400000e+000
    endloop
  endfacet
  facet normal -9.994134e-001 -3.424677e-002  -0.000000e+000
    outer loop
      vertex -1.058707e+001  2.744907e+001  3.600000e+000
      vertex -1.058707e+001  2.744907e+001  4.400000e+000
      vertex -1.059049e+001  2.754884e+001  3.600000e+000
    endloop
  endfacet
  facet normal -9.994134e-001 -3.424677e-002  0.000000e+000
    outer loop
      vertex -1.059049e+001  2.754884e+001  3.600000e+000
      vertex -1.058707e+001  2.744907e+001  4.400000e+000
      vertex -1.059049e+001  2.754884e+001  4.400000e+000
    endloop
  endfacet
  facet normal -9.999366e-001 -1.126160e-002  -0.000000e+000
    outer loop
      vertex -1.059049e+001  2.754884e+001  3.600000e+000
      vertex -1.059049e+001  2.754884e+001  4.400000e+000
      vertex -1.059269e+001  2.774479e+001  3.600000e+000
    endloop
  endfacet
  facet normal -9.999366e-001 -1.126160e-002  0.000000e+000
    outer loop
      vertex -1.059269e+001  2.774479e+001  3.600000e+000
      vertex -1.059049e+001  2.754884e+001  4.400000e+000
      vertex -1.059269e+001  2.774479e+001  4.400000e+000
    endloop
  endfacet
  facet normal -9.998761e-001  1.574200e-002  0.000000e+000
    outer loop
      vertex -1.059269e+001  2.774479e+001  3.600000e+000
      vertex -1.059269e+001  2.774479e+001  4.400000e+000
      vertex -1.058962e+001  2.793972e+001  3.600000e+000
    endloop
  endfacet
  facet normal -9.998761e-001  1.574200e-002  0.000000e+000
    outer loop
      vertex -1.058962e+001  2.793972e+001  3.600000e+000
      vertex -1.059269e+001  2.774479e+001  4.400000e+000
      vertex -1.058962e+001  2.793972e+001  4.400000e+000
    endloop
  endfacet
  facet normal -9.990914e-001  4.261861e-002  0.000000e+000
    outer loop
      vertex -1.058962e+001  2.793972e+001  3.600000e+000
      vertex -1.058962e+001  2.793972e+001  4.400000e+000
      vertex -1.058132e+001  2.813449e+001  3.600000e+000
    endloop
  endfacet
  facet normal -9.990914e-001  4.261861e-002  0.000000e+000
    outer loop
      vertex -1.058132e+001  2.813449e+001  3.600000e+000
      vertex -1.058962e+001  2.793972e+001  4.400000e+000
      vertex -1.058132e+001  2.813449e+001  4.400000e+000
    endloop
  endfacet
  facet normal -9.976755e-001  6.814208e-002  0.000000e+000
    outer loop
      vertex -1.058132e+001  2.813449e+001  3.600000e+000
      vertex -1.058132e+001  2.813449e+001  4.400000e+000
      vertex -1.056803e+001  2.832898e+001  3.600000e+000
    endloop
  endfacet
  facet normal -9.976755e-001  6.814208e-002  0.000000e+000
    outer loop
      vertex -1.056803e+001  2.832898e+001  3.600000e+000
      vertex -1.058132e+001  2.813449e+001  4.400000e+000
      vertex -1.056803e+001  2.832898e+001  4.400000e+000
    endloop
  endfacet
  facet normal -9.957365e-001  9.224349e-002  0.000000e+000
    outer loop
      vertex -1.056803e+001  2.832898e+001  3.600000e+000
      vertex -1.056803e+001  2.832898e+001  4.400000e+000
      vertex -1.055005e+001  2.852309e+001  3.600000e+000
    endloop
  endfacet
  facet normal -9.957365e-001  9.224349e-002  0.000000e+000
    outer loop
      vertex -1.055005e+001  2.852309e+001  3.600000e+000
      vertex -1.056803e+001  2.832898e+001  4.400000e+000
      vertex -1.055005e+001  2.852309e+001  4.400000e+000
    endloop
  endfacet
  facet normal -9.932596e-001  1.159113e-001  0.000000e+000
    outer loop
      vertex -1.055005e+001  2.852309e+001  3.600000e+000
      vertex -1.055005e+001  2.852309e+001  4.400000e+000
      vertex -1.053495e+001  2.865246e+001  3.600000e+000
    endloop
  endfacet
  facet normal -9.932596e-001  1.159113e-001  0.000000e+000
    outer loop
      vertex -1.053495e+001  2.865246e+001  3.600000e+000
      vertex -1.055005e+001  2.852309e+001  4.400000e+000
      vertex -1.053495e+001  2.865246e+001  4.400000e+000
    endloop
  endfacet
  facet normal -9.896827e-001  1.432757e-001  0.000000e+000
    outer loop
      vertex -1.053495e+001  2.865246e+001  3.600000e+000
      vertex -1.053495e+001  2.865246e+001  4.400000e+000
      vertex -1.051627e+001  2.878149e+001  3.600000e+000
    endloop
  endfacet
  facet normal -9.896827e-001  1.432757e-001  0.000000e+000
    outer loop
      vertex -1.051627e+001  2.878149e+001  3.600000e+000
      vertex -1.053495e+001  2.865246e+001  4.400000e+000
      vertex -1.051627e+001  2.878149e+001  4.400000e+000
    endloop
  endfacet
  facet normal -9.839810e-001  1.782732e-001  0.000000e+000
    outer loop
      vertex -1.051627e+001  2.878149e+001  3.600000e+000
      vertex -1.051627e+001  2.878149e+001  4.400000e+000
      vertex -1.049303e+001  2.890978e+001  3.600000e+000
    endloop
  endfacet
  facet normal -9.839810e-001  1.782732e-001  0.000000e+000
    outer loop
      vertex -1.049303e+001  2.890978e+001  3.600000e+000
      vertex -1.051627e+001  2.878149e+001  4.400000e+000
      vertex -1.049303e+001  2.890978e+001  4.400000e+000
    endloop
  endfacet
  facet normal -9.752242e-001  2.212192e-001  0.000000e+000
    outer loop
      vertex -1.049303e+001  2.890978e+001  3.600000e+000
      vertex -1.049303e+001  2.890978e+001  4.400000e+000
      vertex -1.046422e+001  2.903679e+001  3.600000e+000
    endloop
  endfacet
  facet normal -9.752242e-001  2.212192e-001  0.000000e+000
    outer loop
      vertex -1.046422e+001  2.903679e+001  3.600000e+000
      vertex -1.049303e+001  2.890978e+001  4.400000e+000
      vertex -1.046422e+001  2.903679e+001  4.400000e+000
    endloop
  endfacet
  facet normal -9.651076e-001  2.618538e-001  0.000000e+000
    outer loop
      vertex -1.046422e+001  2.903679e+001  3.600000e+000
      vertex -1.046422e+001  2.903679e+001  4.400000e+000
      vertex -1.044295e+001  2.911520e+001  3.600000e+000
    endloop
  endfacet
  facet normal -9.651076e-001  2.618538e-001  0.000000e+000
    outer loop
      vertex -1.044295e+001  2.911520e+001  3.600000e+000
      vertex -1.046422e+001  2.903679e+001  4.400000e+000
      vertex -1.044295e+001  2.911520e+001  4.400000e+000
    endloop
  endfacet
  facet normal -9.550791e-001  2.963512e-001  0.000000e+000
    outer loop
      vertex -1.044295e+001  2.911520e+001  3.600000e+000
      vertex -1.044295e+001  2.911520e+001  4.400000e+000
      vertex -1.041888e+001  2.919275e+001  3.600000e+000
    endloop
  endfacet
  facet normal -9.550791e-001  2.963512e-001  0.000000e+000
    outer loop
      vertex -1.041888e+001  2.919275e+001  3.600000e+000
      vertex -1.044295e+001  2.911520e+001  4.400000e+000
      vertex -1.041888e+001  2.919275e+001  4.400000e+000
    endloop
  endfacet
  facet normal -9.433916e-001  3.316809e-001  0.000000e+000
    outer loop
      vertex -1.041888e+001  2.919275e+001  3.600000e+000
      vertex -1.041888e+001  2.919275e+001  4.400000e+000
      vertex -1.039195e+001  2.926936e+001  3.600000e+000
    endloop
  endfacet
  facet normal -9.433916e-001  3.316809e-001  0.000000e+000
    outer loop
      vertex -1.039195e+001  2.926936e+001  3.600000e+000
      vertex -1.041888e+001  2.919275e+001  4.400000e+000
      vertex -1.039195e+001  2.926936e+001  4.400000e+000
    endloop
  endfacet
  facet normal -9.303548e-001  3.666603e-001  0.000000e+000
    outer loop
      vertex -1.039195e+001  2.926936e+001  3.600000e+000
      vertex -1.039195e+001  2.926936e+001  4.400000e+000
      vertex -1.036216e+001  2.934495e+001  3.600000e+000
    endloop
  endfacet
  facet normal -9.303548e-001  3.666603e-001  0.000000e+000
    outer loop
      vertex -1.036216e+001  2.934495e+001  3.600000e+000
      vertex -1.039195e+001  2.926936e+001  4.400000e+000
      vertex -1.036216e+001  2.934495e+001  4.400000e+000
    endloop
  endfacet
  facet normal -9.137554e-001  4.062649e-001  0.000000e+000
    outer loop
      vertex -1.036216e+001  2.934495e+001  3.600000e+000
      vertex -1.036216e+001  2.934495e+001  4.400000e+000
      vertex -1.031951e+001  2.944087e+001  3.600000e+000
    endloop
  endfacet
  facet normal -9.137554e-001  4.062649e-001  0.000000e+000
    outer loop
      vertex -1.031951e+001  2.944087e+001  3.600000e+000
      vertex -1.036216e+001  2.934495e+001  4.400000e+000
      vertex -1.031951e+001  2.944087e+001  4.400000e+000
    endloop
  endfacet
  facet normal -8.928372e-001  4.503795e-001  0.000000e+000
    outer loop
      vertex -1.031951e+001  2.944087e+001  3.600000e+000
      vertex -1.031951e+001  2.944087e+001  4.400000e+000
      vertex -1.027223e+001  2.953460e+001  3.600000e+000
    endloop
  endfacet
  facet normal -8.928372e-001  4.503795e-001  0.000000e+000
    outer loop
      vertex -1.027223e+001  2.953460e+001  3.600000e+000
      vertex -1.031951e+001  2.944087e+001  4.400000e+000
      vertex -1.027223e+001  2.953460e+001  4.400000e+000
    endloop
  endfacet
  facet normal -8.695115e-001  4.939127e-001  0.000000e+000
    outer loop
      vertex -1.027223e+001  2.953460e+001  3.600000e+000
      vertex -1.027223e+001  2.953460e+001  4.400000e+000
      vertex -1.022038e+001  2.962588e+001  3.600000e+000
    endloop
  endfacet
  facet normal -8.695115e-001  4.939127e-001  0.000000e+000
    outer loop
      vertex -1.022038e+001  2.962588e+001  3.600000e+000
      vertex -1.027223e+001  2.953460e+001  4.400000e+000
      vertex -1.022038e+001  2.962588e+001  4.400000e+000
    endloop
  endfacet
  facet normal -8.436578e-001  5.368814e-001  0.000000e+000
    outer loop
      vertex -1.022038e+001  2.962588e+001  3.600000e+000
      vertex -1.022038e+001  2.962588e+001  4.400000e+000
      vertex -1.016402e+001  2.971445e+001  3.600000e+000
    endloop
  endfacet
  facet normal -8.436578e-001  5.368814e-001  0.000000e+000
    outer loop
      vertex -1.016402e+001  2.971445e+001  3.600000e+000
      vertex -1.022038e+001  2.962588e+001  4.400000e+000
      vertex -1.016402e+001  2.971445e+001  4.400000e+000
    endloop
  endfacet
  facet normal -8.151931e-001  5.791894e-001  0.000000e+000
    outer loop
      vertex -1.016402e+001  2.971445e+001  3.600000e+000
      vertex -1.016402e+001  2.971445e+001  4.400000e+000
      vertex -1.010322e+001  2.980002e+001  3.600000e+000
    endloop
  endfacet
  facet normal -8.151931e-001  5.791894e-001  0.000000e+000
    outer loop
      vertex -1.010322e+001  2.980002e+001  3.600000e+000
      vertex -1.016402e+001  2.971445e+001  4.400000e+000
      vertex -1.010322e+001  2.980002e+001  4.400000e+000
    endloop
  endfacet
  facet normal -7.839791e-001  6.207872e-001  0.000000e+000
    outer loop
      vertex -1.010322e+001  2.980002e+001  3.600000e+000
      vertex -1.010322e+001  2.980002e+001  4.400000e+000
      vertex -1.003805e+001  2.988231e+001  3.600000e+000
    endloop
  endfacet
  facet normal -7.839791e-001  6.207872e-001  0.000000e+000
    outer loop
      vertex -1.003805e+001  2.988231e+001  3.600000e+000
      vertex -1.010322e+001  2.980002e+001  4.400000e+000
      vertex -1.003805e+001  2.988231e+001  4.400000e+000
    endloop
  endfacet
  facet normal -7.506810e-001  6.606648e-001  0.000000e+000
    outer loop
      vertex -1.003805e+001  2.988231e+001  3.600000e+000
      vertex -1.003805e+001  2.988231e+001  4.400000e+000
      vertex -9.971441e+000  2.995800e+001  3.600000e+000
    endloop
  endfacet
  facet normal -7.506810e-001  6.606648e-001  0.000000e+000
    outer loop
      vertex -9.971441e+000  2.995800e+001  3.600000e+000
      vertex -1.003805e+001  2.988231e+001  4.400000e+000
      vertex -9.971441e+000  2.995800e+001  4.400000e+000
    endloop
  endfacet
  facet normal -7.155814e-001  6.985293e-001  0.000000e+000
    outer loop
      vertex -9.971441e+000  2.995800e+001  3.600000e+000
      vertex -9.971441e+000  2.995800e+001  4.400000e+000
      vertex -9.900926e+000  3.003024e+001  3.600000e+000
    endloop
  endfacet
  facet normal -7.155814e-001  6.985293e-001  0.000000e+000
    outer loop
      vertex -9.900926e+000  3.003024e+001  3.600000e+000
      vertex -9.971441e+000  2.995800e+001  4.400000e+000
      vertex -9.900926e+000  3.003024e+001  4.400000e+000
    endloop
  endfacet
  facet normal -6.783655e-001  7.347246e-001  0.000000e+000
    outer loop
      vertex -9.900926e+000  3.003024e+001  3.600000e+000
      vertex -9.900926e+000  3.003024e+001  4.400000e+000
      vertex -9.826678e+000  3.009879e+001  3.600000e+000
    endloop
  endfacet
  facet normal -6.783655e-001  7.347246e-001  0.000000e+000
    outer loop
      vertex -9.826678e+000  3.009879e+001  3.600000e+000
      vertex -9.900926e+000  3.003024e+001  4.400000e+000
      vertex -9.826678e+000  3.009879e+001  4.400000e+000
    endloop
  endfacet
  facet normal -6.390382e-001  7.691749e-001  0.000000e+000
    outer loop
      vertex -9.826678e+000  3.009879e+001  3.600000e+000
      vertex -9.826678e+000  3.009879e+001  4.400000e+000
      vertex -9.748948e+000  3.016337e+001  3.600000e+000
    endloop
  endfacet
  facet normal -6.390382e-001  7.691749e-001  0.000000e+000
    outer loop
      vertex -9.748948e+000  3.016337e+001  3.600000e+000
      vertex -9.826678e+000  3.009879e+001  4.400000e+000
      vertex -9.748948e+000  3.016337e+001  4.400000e+000
    endloop
  endfacet
  facet normal -5.974335e-001  8.019185e-001  0.000000e+000
    outer loop
      vertex -9.748948e+000  3.016337e+001  3.600000e+000
      vertex -9.748948e+000  3.016337e+001  4.400000e+000
      vertex -9.667993e+000  3.022368e+001  3.600000e+000
    endloop
  endfacet
  facet normal -5.974335e-001  8.019185e-001  0.000000e+000
    outer loop
      vertex -9.667993e+000  3.022368e+001  3.600000e+000
      vertex -9.748948e+000  3.016337e+001  4.400000e+000
      vertex -9.667993e+000  3.022368e+001  4.400000e+000
    endloop
  endfacet
  facet normal -5.532762e-001  8.329979e-001  0.000000e+000
    outer loop
      vertex -9.667993e+000  3.022368e+001  3.600000e+000
      vertex -9.667993e+000  3.022368e+001  4.400000e+000
      vertex -9.584005e+000  3.027947e+001  3.600000e+000
    endloop
  endfacet
  facet normal -5.532762e-001  8.329979e-001  0.000000e+000
    outer loop
      vertex -9.584005e+000  3.027947e+001  3.600000e+000
      vertex -9.667993e+000  3.022368e+001  4.400000e+000
      vertex -9.584005e+000  3.027947e+001  4.400000e+000
    endloop
  endfacet
  facet normal -5.131072e-001  8.583246e-001  0.000000e+000
    outer loop
      vertex -9.584005e+000  3.027947e+001  3.600000e+000
      vertex -9.584005e+000  3.027947e+001  4.400000e+000
      vertex -9.521993e+000  3.031654e+001  3.600000e+000
    endloop
  endfacet
  facet normal -5.131072e-001  8.583246e-001  0.000000e+000
    outer loop
      vertex -9.521993e+000  3.031654e+001  3.600000e+000
      vertex -9.584005e+000  3.027947e+001  4.400000e+000
      vertex -9.521993e+000  3.031654e+001  4.400000e+000
    endloop
  endfacet
  facet normal -4.778600e-001  8.784361e-001  0.000000e+000
    outer loop
      vertex -9.521993e+000  3.031654e+001  3.600000e+000
      vertex -9.521993e+000  3.031654e+001  4.400000e+000
      vertex -9.458081e+000  3.035131e+001  3.600000e+000
    endloop
  endfacet
  facet normal -4.778600e-001  8.784361e-001  0.000000e+000
    outer loop
      vertex -9.458081e+000  3.035131e+001  3.600000e+000
      vertex -9.521993e+000  3.031654e+001  4.400000e+000
      vertex -9.458081e+000  3.035131e+001  4.400000e+000
    endloop
  endfacet
  facet normal -4.409421e-001  8.975356e-001  0.000000e+000
    outer loop
      vertex -9.458081e+000  3.035131e+001  3.600000e+000
      vertex -9.458081e+000  3.035131e+001  4.400000e+000
      vertex -9.392783e+000  3.038338e+001  3.600000e+000
    endloop
  endfacet
  facet normal -4.409421e-001  8.975356e-001  0.000000e+000
    outer loop
      vertex -9.392783e+000  3.038338e+001  3.600000e+000
      vertex -9.458081e+000  3.035131e+001  4.400000e+000
      vertex -9.392783e+000  3.038338e+001  4.400000e+000
    endloop
  endfacet
  facet normal -4.021736e-001  9.155634e-001  0.000000e+000
    outer loop
      vertex -9.392783e+000  3.038338e+001  3.600000e+000
      vertex -9.392783e+000  3.038338e+001  4.400000e+000
      vertex -9.326639e+000  3.041244e+001  3.600000e+000
    endloop
  endfacet
  facet normal -4.021736e-001  9.155634e-001  0.000000e+000
    outer loop
      vertex -9.326639e+000  3.041244e+001  3.600000e+000
      vertex -9.392783e+000  3.038338e+001  4.400000e+000
      vertex -9.326639e+000  3.041244e+001  4.400000e+000
    endloop
  endfacet
  facet normal -3.577058e-001  9.338344e-001  0.000000e+000
    outer loop
      vertex -9.326639e+000  3.041244e+001  3.600000e+000
      vertex -9.326639e+000  3.041244e+001  4.400000e+000
      vertex -9.238031e+000  3.044638e+001  3.600000e+000
    endloop
  endfacet
  facet normal -3.577058e-001  9.338344e-001  0.000000e+000
    outer loop
      vertex -9.238031e+000  3.044638e+001  3.600000e+000
      vertex -9.326639e+000  3.041244e+001  4.400000e+000
      vertex -9.238031e+000  3.044638e+001  4.400000e+000
    endloop
  endfacet
  facet normal -3.112227e-001  9.503371e-001  0.000000e+000
    outer loop
      vertex -9.238031e+000  3.044638e+001  3.600000e+000
      vertex -9.238031e+000  3.044638e+001  4.400000e+000
      vertex -9.147721e+000  3.047596e+001  3.600000e+000
    endloop
  endfacet
  facet normal -3.112227e-001  9.503371e-001  0.000000e+000
    outer loop
      vertex -9.147721e+000  3.047596e+001  3.600000e+000
      vertex -9.238031e+000  3.044638e+001  4.400000e+000
      vertex -9.147721e+000  3.047596e+001  4.400000e+000
    endloop
  endfacet
  facet normal -2.698428e-001  9.629043e-001  0.000000e+000
    outer loop
      vertex -9.147721e+000  3.047596e+001  3.600000e+000
      vertex -9.147721e+000  3.047596e+001  4.400000e+000
      vertex -9.056212e+000  3.050160e+001  3.600000e+000
    endloop
  endfacet
  facet normal -2.698428e-001  9.629043e-001  0.000000e+000
    outer loop
      vertex -9.056212e+000  3.050160e+001  3.600000e+000
      vertex -9.147721e+000  3.047596e+001  4.400000e+000
      vertex -9.056212e+000  3.050160e+001  4.400000e+000
    endloop
  endfacet
  facet normal -2.335706e-001  9.723398e-001  0.000000e+000
    outer loop
      vertex -9.056212e+000  3.050160e+001  3.600000e+000
      vertex -9.056212e+000  3.050160e+001  4.400000e+000
      vertex -8.963940e+000  3.052377e+001  3.600000e+000
    endloop
  endfacet
  facet normal -2.335706e-001  9.723398e-001  0.000000e+000
    outer loop
      vertex -8.963940e+000  3.052377e+001  3.600000e+000
      vertex -9.056212e+000  3.050160e+001  4.400000e+000
      vertex -8.963940e+000  3.052377e+001  4.400000e+000
    endloop
  endfacet
  facet normal -1.989412e-001  9.800115e-001  0.000000e+000
    outer loop
      vertex -8.963940e+000  3.052377e+001  3.600000e+000
      vertex -8.963940e+000  3.052377e+001  4.400000e+000
      vertex -8.847036e+000  3.054750e+001  3.600000e+000
    endloop
  endfacet
  facet normal -1.989412e-001  9.800115e-001  0.000000e+000
    outer loop
      vertex -8.847036e+000  3.054750e+001  3.600000e+000
      vertex -8.963940e+000  3.052377e+001  4.400000e+000
      vertex -8.847036e+000  3.054750e+001  4.400000e+000
    endloop
  endfacet
  facet normal -1.676585e-001  9.858451e-001  0.000000e+000
    outer loop
      vertex -8.847036e+000  3.054750e+001  3.600000e+000
      vertex -8.847036e+000  3.054750e+001  4.400000e+000
      vertex -8.729432e+000  3.056750e+001  3.600000e+000
    endloop
  endfacet
  facet normal -1.676585e-001  9.858451e-001  0.000000e+000
    outer loop
      vertex -8.729432e+000  3.056750e+001  3.600000e+000
      vertex -8.847036e+000  3.054750e+001  4.400000e+000
      vertex -8.729432e+000  3.056750e+001  4.400000e+000
    endloop
  endfacet
  facet normal -1.438151e-001  9.896045e-001  0.000000e+000
    outer loop
      vertex -8.729432e+000  3.056750e+001  3.600000e+000
      vertex -8.729432e+000  3.056750e+001  4.400000e+000
      vertex -8.611389e+000  3.058465e+001  3.600000e+000
    endloop
  endfacet
  facet normal -1.438151e-001  9.896045e-001  0.000000e+000
    outer loop
      vertex -8.611389e+000  3.058465e+001  3.600000e+000
      vertex -8.729432e+000  3.056750e+001  4.400000e+000
      vertex -8.611389e+000  3.058465e+001  4.400000e+000
    endloop
  endfacet
  facet normal -1.257270e-001  9.920649e-001  0.000000e+000
    outer loop
      vertex -8.611389e+000  3.058465e+001  3.600000e+000
      vertex -8.611389e+000  3.058465e+001  4.400000e+000
      vertex -8.493050e+000  3.059965e+001  3.600000e+000
    endloop
  endfacet
  facet normal -1.257270e-001  9.920649e-001  0.000000e+000
    outer loop
      vertex -8.493050e+000  3.059965e+001  3.600000e+000
      vertex -8.611389e+000  3.058465e+001  4.400000e+000
      vertex -8.493050e+000  3.059965e+001  4.400000e+000
    endloop
  endfacet
  facet normal -1.061122e-001  9.943542e-001  0.000000e+000
    outer loop
      vertex -8.493050e+000  3.059965e+001  3.600000e+000
      vertex -8.493050e+000  3.059965e+001  4.400000e+000
      vertex -8.316068e+000  3.061854e+001  3.600000e+000
    endloop
  endfacet
  facet normal -1.061122e-001  9.943542e-001  0.000000e+000
    outer loop
      vertex -8.316068e+000  3.061854e+001  3.600000e+000
      vertex -8.493050e+000  3.059965e+001  4.400000e+000
      vertex -8.316068e+000  3.061854e+001  4.400000e+000
    endloop
  endfacet
  facet normal -8.522551e-002  9.963617e-001  0.000000e+000
    outer loop
      vertex -8.316068e+000  3.061854e+001  3.600000e+000
      vertex -8.316068e+000  3.061854e+001  4.400000e+000
      vertex -8.138682e+000  3.063371e+001  3.600000e+000
    endloop
  endfacet
  facet normal -8.522551e-002  9.963617e-001  0.000000e+000
    outer loop
      vertex -8.138682e+000  3.063371e+001  3.600000e+000
      vertex -8.316068e+000  3.061854e+001  4.400000e+000
      vertex -8.138682e+000  3.063371e+001  4.400000e+000
    endloop
  endfacet
  facet normal -6.735466e-002  9.977291e-001  0.000000e+000
    outer loop
      vertex -8.138682e+000  3.063371e+001  3.600000e+000
      vertex -8.138682e+000  3.063371e+001  4.400000e+000
      vertex -7.961051e+000  3.064570e+001  3.600000e+000
    endloop
  endfacet
  facet normal -6.735466e-002  9.977291e-001  0.000000e+000
    outer loop
      vertex -7.961051e+000  3.064570e+001  3.600000e+000
      vertex -8.138682e+000  3.063371e+001  4.400000e+000
      vertex -7.961051e+000  3.064570e+001  4.400000e+000
    endloop
  endfacet
  facet normal -5.249753e-002  9.986210e-001  0.000000e+000
    outer loop
      vertex -7.961051e+000  3.064570e+001  3.600000e+000
      vertex -7.961051e+000  3.064570e+001  4.400000e+000
      vertex -7.783306e+000  3.065504e+001  3.600000e+000
    endloop
  endfacet
  facet normal -5.249753e-002  9.986210e-001  0.000000e+000
    outer loop
      vertex -7.783306e+000  3.065504e+001  3.600000e+000
      vertex -7.961051e+000  3.064570e+001  4.400000e+000
      vertex -7.783306e+000  3.065504e+001  4.400000e+000
    endloop
  endfacet
  facet normal -3.918390e-002  9.992320e-001  0.000000e+000
    outer loop
      vertex -7.783306e+000  3.065504e+001  3.600000e+000
      vertex -7.783306e+000  3.065504e+001  4.400000e+000
      vertex -7.548572e+000  3.066425e+001  3.600000e+000
    endloop
  endfacet
  facet normal -3.918390e-002  9.992320e-001  0.000000e+000
    outer loop
      vertex -7.548572e+000  3.066425e+001  3.600000e+000
      vertex -7.783306e+000  3.065504e+001  4.400000e+000
      vertex -7.548572e+000  3.066425e+001  4.400000e+000
    endloop
  endfacet
  facet normal -2.852327e-002  9.995931e-001  0.000000e+000
    outer loop
      vertex -7.548572e+000  3.066425e+001  3.600000e+000
      vertex -7.548572e+000  3.066425e+001  4.400000e+000
      vertex -7.313753e+000  3.067095e+001  3.600000e+000
    endloop
  endfacet
  facet normal -2.852327e-002  9.995931e-001  0.000000e+000
    outer loop
      vertex -7.313753e+000  3.067095e+001  3.600000e+000
      vertex -7.548572e+000  3.066425e+001  4.400000e+000
      vertex -7.313753e+000  3.067095e+001  4.400000e+000
    endloop
  endfacet
  facet normal -1.547743e-002  9.998803e-001  0.000000e+000
    outer loop
      vertex -7.313753e+000  3.067095e+001  3.600000e+000
      vertex -7.313753e+000  3.067095e+001  4.400000e+000
      vertex -7.157141e+000  3.067337e+001  3.600000e+000
    endloop
  endfacet
  facet normal -1.547743e-002  9.998803e-001  0.000000e+000
    outer loop
      vertex -7.157141e+000  3.067337e+001  3.600000e+000
      vertex -7.313753e+000  3.067095e+001  4.400000e+000
      vertex -7.157141e+000  3.067337e+001  4.400000e+000
    endloop
  endfacet
  facet normal -2.921663e-004  1.000000e+000  0.000000e+000
    outer loop
      vertex -7.157141e+000  3.067337e+001  3.600000e+000
      vertex -7.157141e+000  3.067337e+001  4.400000e+000
      vertex -7.078802e+000  3.067340e+001  3.600000e+000
    endloop
  endfacet
  facet normal -2.921663e-004  1.000000e+000  0.000000e+000
    outer loop
      vertex -7.078802e+000  3.067340e+001  3.600000e+000
      vertex -7.157141e+000  3.067337e+001  4.400000e+000
      vertex -7.078802e+000  3.067340e+001  4.400000e+000
    endloop
  endfacet
  facet normal  1.741767e-002  9.998483e-001  0.000000e+000
    outer loop
      vertex -7.078802e+000  3.067340e+001  3.600000e+000
      vertex -7.078802e+000  3.067340e+001  4.400000e+000
      vertex -6.961319e+000  3.067135e+001  3.600000e+000
    endloop
  endfacet
  facet normal  1.741767e-002  9.998483e-001  -0.000000e+000
    outer loop
      vertex -6.961319e+000  3.067135e+001  3.600000e+000
      vertex -7.078802e+000  3.067340e+001  4.400000e+000
      vertex -6.961319e+000  3.067135e+001  4.400000e+000
    endloop
  endfacet
  facet normal  4.418525e-002  9.990233e-001  0.000000e+000
    outer loop
      vertex -6.961319e+000  3.067135e+001  3.600000e+000
      vertex -6.961319e+000  3.067135e+001  4.400000e+000
      vertex -6.843976e+000  3.066616e+001  3.600000e+000
    endloop
  endfacet
  facet normal  4.418525e-002  9.990233e-001  -0.000000e+000
    outer loop
      vertex -6.843976e+000  3.066616e+001  3.600000e+000
      vertex -6.961319e+000  3.067135e+001  4.400000e+000
      vertex -6.843976e+000  3.066616e+001  4.400000e+000
    endloop
  endfacet
  facet normal  7.778347e-002  9.969703e-001  0.000000e+000
    outer loop
      vertex -6.843976e+000  3.066616e+001  3.600000e+000
      vertex -6.843976e+000  3.066616e+001  4.400000e+000
      vertex -6.722377e+000  3.065667e+001  3.600000e+000
    endloop
  endfacet
  facet normal  7.778347e-002  9.969703e-001  -0.000000e+000
    outer loop
      vertex -6.722377e+000  3.065667e+001  3.600000e+000
      vertex -6.843976e+000  3.066616e+001  4.400000e+000
      vertex -6.722377e+000  3.065667e+001  4.400000e+000
    endloop
  endfacet
  facet normal  1.182614e-001  9.929824e-001  0.000000e+000
    outer loop
      vertex -6.722377e+000  3.065667e+001  3.600000e+000
      vertex -6.722377e+000  3.065667e+001  4.400000e+000
      vertex -6.601063e+000  3.064223e+001  3.600000e+000
    endloop
  endfacet
  facet normal  1.182614e-001  9.929824e-001  -0.000000e+000
    outer loop
      vertex -6.601063e+000  3.064223e+001  3.600000e+000
      vertex -6.722377e+000  3.065667e+001  4.400000e+000
      vertex -6.601063e+000  3.064223e+001  4.400000e+000
    endloop
  endfacet
  facet normal  1.643540e-001  9.864014e-001  0.000000e+000
    outer loop
      vertex -6.601063e+000  3.064223e+001  3.600000e+000
      vertex -6.601063e+000  3.064223e+001  4.400000e+000
      vertex -6.480557e+000  3.062215e+001  3.600000e+000
    endloop
  endfacet
  facet normal  1.643540e-001  9.864014e-001  -0.000000e+000
    outer loop
      vertex -6.480557e+000  3.062215e+001  3.600000e+000
      vertex -6.601063e+000  3.064223e+001  4.400000e+000
      vertex -6.480557e+000  3.062215e+001  4.400000e+000
    endloop
  endfacet
  facet normal  2.151939e-001  9.765714e-001  0.000000e+000
    outer loop
      vertex -6.480557e+000  3.062215e+001  3.600000e+000
      vertex -6.480557e+000  3.062215e+001  4.400000e+000
      vertex -6.361454e+000  3.059590e+001  3.600000e+000
    endloop
  endfacet
  facet normal  2.151939e-001  9.765714e-001  -0.000000e+000
    outer loop
      vertex -6.361454e+000  3.059590e+001  3.600000e+000
      vertex -6.480557e+000  3.062215e+001  4.400000e+000
      vertex -6.361454e+000  3.059590e+001  4.400000e+000
    endloop
  endfacet
  facet normal  2.608891e-001  9.653687e-001  0.000000e+000
    outer loop
      vertex -6.361454e+000  3.059590e+001  3.600000e+000
      vertex -6.361454e+000  3.059590e+001  4.400000e+000
      vertex -6.281144e+000  3.057420e+001  3.600000e+000
    endloop
  endfacet
  facet normal  2.608891e-001  9.653687e-001  -0.000000e+000
    outer loop
      vertex -6.281144e+000  3.057420e+001  3.600000e+000
      vertex -6.361454e+000  3.059590e+001  4.400000e+000
      vertex -6.281144e+000  3.057420e+001  4.400000e+000
    endloop
  endfacet
  facet normal  3.031784e-001  9.529338e-001  0.000000e+000
    outer loop
      vertex -6.281144e+000  3.057420e+001  3.600000e+000
      vertex -6.281144e+000  3.057420e+001  4.400000e+000
      vertex -6.202344e+000  3.054913e+001  3.600000e+000
    endloop
  endfacet
  facet normal  3.031784e-001  9.529338e-001  -0.000000e+000
    outer loop
      vertex -6.202344e+000  3.054913e+001  3.600000e+000
      vertex -6.281144e+000  3.057420e+001  4.400000e+000
      vertex -6.202344e+000  3.054913e+001  4.400000e+000
    endloop
  endfacet
  facet normal  3.549572e-001  9.348825e-001  0.000000e+000
    outer loop
      vertex -6.202344e+000  3.054913e+001  3.600000e+000
      vertex -6.202344e+000  3.054913e+001  4.400000e+000
      vertex -6.125042e+000  3.051978e+001  3.600000e+000
    endloop
  endfacet
  facet normal  3.549572e-001  9.348825e-001  -0.000000e+000
    outer loop
      vertex -6.125042e+000  3.051978e+001  3.600000e+000
      vertex -6.202344e+000  3.054913e+001  4.400000e+000
      vertex -6.125042e+000  3.051978e+001  4.400000e+000
    endloop
  endfacet
  facet normal  4.190313e-001  9.079718e-001  0.000000e+000
    outer loop
      vertex -6.125042e+000  3.051978e+001  3.600000e+000
      vertex -6.125042e+000  3.051978e+001  4.400000e+000
      vertex -6.049530e+000  3.048493e+001  3.600000e+000
    endloop
  endfacet
  facet normal  4.190313e-001  9.079718e-001  -0.000000e+000
    outer loop
      vertex -6.049530e+000  3.048493e+001  3.600000e+000
      vertex -6.125042e+000  3.051978e+001  4.400000e+000
      vertex -6.049530e+000  3.048493e+001  4.400000e+000
    endloop
  endfacet
  facet normal  4.848864e-001  8.745772e-001  0.000000e+000
    outer loop
      vertex -6.049530e+000  3.048493e+001  3.600000e+000
      vertex -6.049530e+000  3.048493e+001  4.400000e+000
      vertex -5.999343e+000  3.045710e+001  3.600000e+000
    endloop
  endfacet
  facet normal  4.848864e-001  8.745772e-001  -0.000000e+000
    outer loop
      vertex -5.999343e+000  3.045710e+001  3.600000e+000
      vertex -6.049530e+000  3.048493e+001  4.400000e+000
      vertex -5.999343e+000  3.045710e+001  4.400000e+000
    endloop
  endfacet
  facet normal  5.492518e-001  8.356568e-001  0.000000e+000
    outer loop
      vertex -5.999343e+000  3.045710e+001  3.600000e+000
      vertex -5.999343e+000  3.045710e+001  4.400000e+000
      vertex -5.951070e+000  3.042537e+001  3.600000e+000
    endloop
  endfacet
  facet normal  5.492518e-001  8.356568e-001  -0.000000e+000
    outer loop
      vertex -5.951070e+000  3.042537e+001  3.600000e+000
      vertex -5.999343e+000  3.045710e+001  4.400000e+000
      vertex -5.951070e+000  3.042537e+001  4.400000e+000
    endloop
  endfacet
  facet normal  6.235747e-001  7.817638e-001  0.000000e+000
    outer loop
      vertex -5.951070e+000  3.042537e+001  3.600000e+000
      vertex -5.951070e+000  3.042537e+001  4.400000e+000
      vertex -5.905924e+000  3.038936e+001  3.600000e+000
    endloop
  endfacet
  facet normal  6.235747e-001  7.817638e-001  -0.000000e+000
    outer loop
      vertex -5.905924e+000  3.038936e+001  3.600000e+000
      vertex -5.951070e+000  3.042537e+001  4.400000e+000
      vertex -5.905924e+000  3.038936e+001  4.400000e+000
    endloop
  endfacet
  facet normal  7.082413e-001  7.059705e-001  0.000000e+000
    outer loop
      vertex -5.905924e+000  3.038936e+001  3.600000e+000
      vertex -5.905924e+000  3.038936e+001  4.400000e+000
      vertex -5.865454e+000  3.034876e+001  3.600000e+000
    endloop
  endfacet
  facet normal  7.082413e-001  7.059705e-001  -0.000000e+000
    outer loop
      vertex -5.865454e+000  3.034876e+001  3.600000e+000
      vertex -5.905924e+000  3.038936e+001  4.400000e+000
      vertex -5.865454e+000  3.034876e+001  4.400000e+000
    endloop
  endfacet
  facet normal  7.879924e-001  6.156850e-001  0.000000e+000
    outer loop
      vertex -5.865454e+000  3.034876e+001  3.600000e+000
      vertex -5.865454e+000  3.034876e+001  4.400000e+000
      vertex -5.837655e+000  3.031318e+001  3.600000e+000
    endloop
  endfacet
  facet normal  7.879924e-001  6.156850e-001  -0.000000e+000
    outer loop
      vertex -5.837655e+000  3.031318e+001  3.600000e+000
      vertex -5.865454e+000  3.034876e+001  4.400000e+000
      vertex -5.837655e+000  3.031318e+001  4.400000e+000
    endloop
  endfacet
  facet normal  8.500579e-001  5.266891e-001  0.000000e+000
    outer loop
      vertex -5.837655e+000  3.031318e+001  3.600000e+000
      vertex -5.837655e+000  3.031318e+001  4.400000e+000
      vertex -5.813699e+000  3.027452e+001  3.600000e+000
    endloop
  endfacet
  facet normal  8.500579e-001  5.266891e-001  -0.000000e+000
    outer loop
      vertex -5.813699e+000  3.027452e+001  3.600000e+000
      vertex -5.837655e+000  3.031318e+001  4.400000e+000
      vertex -5.813699e+000  3.027452e+001  4.400000e+000
    endloop
  endfacet
  facet normal  8.968692e-001  4.422960e-001  0.000000e+000
    outer loop
      vertex -5.813699e+000  3.027452e+001  3.600000e+000
      vertex -5.813699e+000  3.027452e+001  4.400000e+000
      vertex -5.793566e+000  3.023370e+001  3.600000e+000
    endloop
  endfacet
  facet normal  8.968692e-001  4.422960e-001  -0.000000e+000
    outer loop
      vertex -5.793566e+000  3.023370e+001  3.600000e+000
      vertex -5.813699e+000  3.027452e+001  4.400000e+000
      vertex -5.793566e+000  3.023370e+001  4.400000e+000
    endloop
  endfacet
  facet normal  9.304239e-001  3.664852e-001  0.000000e+000
    outer loop
      vertex -5.793566e+000  3.023370e+001  3.600000e+000
      vertex -5.793566e+000  3.023370e+001  4.400000e+000
      vertex -5.777001e+000  3.019164e+001  3.600000e+000
    endloop
  endfacet
  facet normal  9.304239e-001  3.664852e-001  -0.000000e+000
    outer loop
      vertex -5.777001e+000  3.019164e+001  3.600000e+000
      vertex -5.793566e+000  3.023370e+001  4.400000e+000
      vertex -5.777001e+000  3.019164e+001  4.400000e+000
    endloop
  endfacet
  facet normal  9.572679e-001  2.892026e-001  0.000000e+000
    outer loop
      vertex -5.777001e+000  3.019164e+001  3.600000e+000
      vertex -5.777001e+000  3.019164e+001  4.400000e+000
      vertex -5.760321e+000  3.013643e+001  3.600000e+000
    endloop
  endfacet
  facet normal  9.572679e-001  2.892026e-001  -0.000000e+000
    outer loop
      vertex -5.760321e+000  3.013643e+001  3.600000e+000
      vertex -5.777001e+000  3.019164e+001  4.400000e+000
      vertex -5.760321e+000  3.013643e+001  4.400000e+000
    endloop
  endfacet
  facet normal  9.772226e-001  2.122174e-001  0.000000e+000
    outer loop
      vertex -5.760321e+000  3.013643e+001  3.600000e+000
      vertex -5.760321e+000  3.013643e+001  4.400000e+000
      vertex -5.748032e+000  3.007984e+001  3.600000e+000
    endloop
  endfacet
  facet normal  9.772226e-001  2.122174e-001  -0.000000e+000
    outer loop
      vertex -5.748032e+000  3.007984e+001  3.600000e+000
      vertex -5.760321e+000  3.013643e+001  4.400000e+000
      vertex -5.748032e+000  3.007984e+001  4.400000e+000
    endloop
  endfacet
  facet normal  9.895062e-001  1.444903e-001  0.000000e+000
    outer loop
      vertex -5.748032e+000  3.007984e+001  3.600000e+000
      vertex -5.748032e+000  3.007984e+001  4.400000e+000
      vertex -5.739664e+000  3.002253e+001  3.600000e+000
    endloop
  endfacet
  facet normal  9.895062e-001  1.444903e-001  -0.000000e+000
    outer loop
      vertex -5.739664e+000  3.002253e+001  3.600000e+000
      vertex -5.748032e+000  3.007984e+001  4.400000e+000
      vertex -5.739664e+000  3.002253e+001  4.400000e+000
    endloop
  endfacet
  facet normal  9.964941e-001  8.366372e-002  0.000000e+000
    outer loop
      vertex -5.739664e+000  3.002253e+001  3.600000e+000
      vertex -5.739664e+000  3.002253e+001  4.400000e+000
      vertex -5.734836e+000  2.996503e+001  3.600000e+000
    endloop
  endfacet
  facet normal  9.964941e-001  8.366372e-002  -0.000000e+000
    outer loop
      vertex -5.734836e+000  2.996503e+001  3.600000e+000
      vertex -5.739664e+000  3.002253e+001  4.400000e+000
      vertex -5.734836e+000  2.996503e+001  4.400000e+000
    endloop
  endfacet
  facet normal  9.997104e-001  2.406305e-002  0.000000e+000
    outer loop
      vertex -5.734836e+000  2.996503e+001  3.600000e+000
      vertex -5.734836e+000  2.996503e+001  4.400000e+000
      vertex -5.733200e+000  2.989705e+001  3.600000e+000
    endloop
  endfacet
  facet normal  9.997104e-001  2.406305e-002  -0.000000e+000
    outer loop
      vertex -5.733200e+000  2.989705e+001  3.600000e+000
      vertex -5.734836e+000  2.996503e+001  4.400000e+000
      vertex -5.733200e+000  2.989705e+001  4.400000e+000
    endloop
  endfacet
  facet normal  9.992716e-001 -3.816224e-002  0.000000e+000
    outer loop
      vertex -5.733200e+000  2.989705e+001  3.600000e+000
      vertex -5.733200e+000  2.989705e+001  4.400000e+000
      vertex -5.735795e+000  2.982908e+001  3.600000e+000
    endloop
  endfacet
  facet normal  9.992716e-001 -3.816224e-002  0.000000e+000
    outer loop
      vertex -5.735795e+000  2.982908e+001  3.600000e+000
      vertex -5.733200e+000  2.989705e+001  4.400000e+000
      vertex -5.735795e+000  2.982908e+001  4.400000e+000
    endloop
  endfacet
  facet normal  9.940737e-001 -1.087075e-001  0.000000e+000
    outer loop
      vertex -5.735795e+000  2.982908e+001  3.600000e+000
      vertex -5.735795e+000  2.982908e+001  4.400000e+000
      vertex -5.743191e+000  2.976145e+001  3.600000e+000
    endloop
  endfacet
  facet normal  9.940737e-001 -1.087075e-001  0.000000e+000
    outer loop
      vertex -5.743191e+000  2.976145e+001  3.600000e+000
      vertex -5.735795e+000  2.982908e+001  4.400000e+000
      vertex -5.743191e+000  2.976145e+001  4.400000e+000
    endloop
  endfacet
  facet normal  9.809977e-001 -1.940194e-001  0.000000e+000
    outer loop
      vertex -5.743191e+000  2.976145e+001  3.600000e+000
      vertex -5.743191e+000  2.976145e+001  4.400000e+000
      vertex -5.756389e+000  2.969472e+001  3.600000e+000
    endloop
  endfacet
  facet normal  9.809977e-001 -1.940194e-001  0.000000e+000
    outer loop
      vertex -5.756389e+000  2.969472e+001  3.600000e+000
      vertex -5.743191e+000  2.976145e+001  4.400000e+000
      vertex -5.756389e+000  2.969472e+001  4.400000e+000
    endloop
  endfacet
  facet normal  9.626956e-001 -2.705866e-001  0.000000e+000
    outer loop
      vertex -5.756389e+000  2.969472e+001  3.600000e+000
      vertex -5.756389e+000  2.969472e+001  4.400000e+000
      vertex -5.765412e+000  2.966262e+001  3.600000e+000
    endloop
  endfacet
  facet normal  9.626956e-001 -2.705866e-001  0.000000e+000
    outer loop
      vertex -5.765412e+000  2.966262e+001  3.600000e+000
      vertex -5.756389e+000  2.969472e+001  4.400000e+000
      vertex -5.765412e+000  2.966262e+001  4.400000e+000
    endloop
  endfacet
  facet normal  9.439684e-001 -3.300358e-001  0.000000e+000
    outer loop
      vertex -5.765412e+000  2.966262e+001  3.600000e+000
      vertex -5.765412e+000  2.966262e+001  4.400000e+000
      vertex -5.776464e+000  2.963101e+001  3.600000e+000
    endloop
  endfacet
  facet normal  9.439684e-001 -3.300358e-001  0.000000e+000
    outer loop
      vertex -5.776464e+000  2.963101e+001  3.600000e+000
      vertex -5.765412e+000  2.966262e+001  4.400000e+000
      vertex -5.776464e+000  2.963101e+001  4.400000e+000
    endloop
  endfacet
  facet normal  9.175327e-001 -3.976602e-001  0.000000e+000
    outer loop
      vertex -5.776464e+000  2.963101e+001  3.600000e+000
      vertex -5.776464e+000  2.963101e+001  4.400000e+000
      vertex -5.789776e+000  2.960029e+001  3.600000e+000
    endloop
  endfacet
  facet normal  9.175327e-001 -3.976602e-001  0.000000e+000
    outer loop
      vertex -5.789776e+000  2.960029e+001  3.600000e+000
      vertex -5.776464e+000  2.963101e+001  4.400000e+000
      vertex -5.789776e+000  2.960029e+001  4.400000e+000
    endloop
  endfacet
  facet normal  8.797929e-001 -4.753572e-001  0.000000e+000
    outer loop
      vertex -5.789776e+000  2.960029e+001  3.600000e+000
      vertex -5.789776e+000  2.960029e+001  4.400000e+000
      vertex -5.805615e+000  2.957098e+001  3.600000e+000
    endloop
  endfacet
  facet normal  8.797929e-001 -4.753572e-001  0.000000e+000
    outer loop
      vertex -5.805615e+000  2.957098e+001  3.600000e+000
      vertex -5.789776e+000  2.960029e+001  4.400000e+000
      vertex -5.805615e+000  2.957098e+001  4.400000e+000
    endloop
  endfacet
  facet normal  8.156804e-001 -5.785029e-001  0.000000e+000
    outer loop
      vertex -5.805615e+000  2.957098e+001  3.600000e+000
      vertex -5.805615e+000  2.957098e+001  4.400000e+000
      vertex -5.830897e+000  2.953533e+001  3.600000e+000
    endloop
  endfacet
  facet normal  8.156804e-001 -5.785029e-001  0.000000e+000
    outer loop
      vertex -5.830897e+000  2.953533e+001  3.600000e+000
      vertex -5.805615e+000  2.957098e+001  4.400000e+000
      vertex -5.830897e+000  2.953533e+001  4.400000e+000
    endloop
  endfacet
  facet normal  7.106282e-001 -7.035677e-001  0.000000e+000
    outer loop
      vertex -5.830897e+000  2.953533e+001  3.600000e+000
      vertex -5.830897e+000  2.953533e+001  4.400000e+000
      vertex -5.861640e+000  2.950428e+001  3.600000e+000
    endloop
  endfacet
  facet normal  7.106282e-001 -7.035677e-001  0.000000e+000
    outer loop
      vertex -5.861640e+000  2.950428e+001  3.600000e+000
      vertex -5.830897e+000  2.953533e+001  4.400000e+000
      vertex -5.861640e+000  2.950428e+001  4.400000e+000
    endloop
  endfacet
  facet normal  6.117975e-001 -7.910145e-001  0.000000e+000
    outer loop
      vertex -5.861640e+000  2.950428e+001  3.600000e+000
      vertex -5.861640e+000  2.950428e+001  4.400000e+000
      vertex -5.891206e+000  2.948141e+001  3.600000e+000
    endloop
  endfacet
  facet normal  6.117975e-001 -7.910145e-001  0.000000e+000
    outer loop
      vertex -5.891206e+000  2.948141e+001  3.600000e+000
      vertex -5.861640e+000  2.950428e+001  4.400000e+000
      vertex -5.891206e+000  2.948141e+001  4.400000e+000
    endloop
  endfacet
  facet normal  5.409573e-001 -8.410501e-001  0.000000e+000
    outer loop
      vertex -5.891206e+000  2.948141e+001  3.600000e+000
      vertex -5.891206e+000  2.948141e+001  4.400000e+000
      vertex -5.922773e+000  2.946111e+001  3.600000e+000
    endloop
  endfacet
  facet normal  5.409573e-001 -8.410501e-001  0.000000e+000
    outer loop
      vertex -5.922773e+000  2.946111e+001  3.600000e+000
      vertex -5.891206e+000  2.948141e+001  4.400000e+000
      vertex -5.922773e+000  2.946111e+001  4.400000e+000
    endloop
  endfacet
  facet normal  4.858878e-001 -8.740212e-001  0.000000e+000
    outer loop
      vertex -5.922773e+000  2.946111e+001  3.600000e+000
      vertex -5.922773e+000  2.946111e+001  4.400000e+000
      vertex -5.955580e+000  2.944287e+001  3.600000e+000
    endloop
  endfacet
  facet normal  4.858878e-001 -8.740212e-001  0.000000e+000
    outer loop
      vertex -5.955580e+000  2.944287e+001  3.600000e+000
      vertex -5.922773e+000  2.946111e+001  4.400000e+000
      vertex -5.955580e+000  2.944287e+001  4.400000e+000
    endloop
  endfacet
  facet normal  4.426143e-001 -8.967120e-001  0.000000e+000
    outer loop
      vertex -5.955580e+000  2.944287e+001  3.600000e+000
      vertex -5.955580e+000  2.944287e+001  4.400000e+000
      vertex -5.989129e+000  2.942631e+001  3.600000e+000
    endloop
  endfacet
  facet normal  4.426143e-001 -8.967120e-001  0.000000e+000
    outer loop
      vertex -5.989129e+000  2.942631e+001  3.600000e+000
      vertex -5.955580e+000  2.944287e+001  4.400000e+000
      vertex -5.989129e+000  2.942631e+001  4.400000e+000
    endloop
  endfacet
  facet normal  4.033347e-001 -9.150525e-001  0.000000e+000
    outer loop
      vertex -5.989129e+000  2.942631e+001  3.600000e+000
      vertex -5.989129e+000  2.942631e+001  4.400000e+000
      vertex -6.037100e+000  2.940516e+001  3.600000e+000
    endloop
  endfacet
  facet normal  4.033347e-001 -9.150525e-001  0.000000e+000
    outer loop
      vertex -6.037100e+000  2.940516e+001  3.600000e+000
      vertex -5.989129e+000  2.942631e+001  4.400000e+000
      vertex -6.037100e+000  2.940516e+001  4.400000e+000
    endloop
  endfacet
  facet normal  3.710551e-001 -9.286109e-001  0.000000e+000
    outer loop
      vertex -6.037100e+000  2.940516e+001  3.600000e+000
      vertex -6.037100e+000  2.940516e+001  4.400000e+000
      vertex -6.085789e+000  2.938571e+001  3.600000e+000
    endloop
  endfacet
  facet normal  3.710551e-001 -9.286109e-001  0.000000e+000
    outer loop
      vertex -6.085789e+000  2.938571e+001  3.600000e+000
      vertex -6.037100e+000  2.940516e+001  4.400000e+000
      vertex -6.085789e+000  2.938571e+001  4.400000e+000
    endloop
  endfacet
  facet normal  3.411033e-001 -9.400258e-001  0.000000e+000
    outer loop
      vertex -6.085789e+000  2.938571e+001  3.600000e+000
      vertex -6.085789e+000  2.938571e+001  4.400000e+000
      vertex -6.135077e+000  2.936782e+001  3.600000e+000
    endloop
  endfacet
  facet normal  3.411033e-001 -9.400258e-001  0.000000e+000
    outer loop
      vertex -6.135077e+000  2.936782e+001  3.600000e+000
      vertex -6.085789e+000  2.938571e+001  4.400000e+000
      vertex -6.135077e+000  2.936782e+001  4.400000e+000
    endloop
  endfacet
  facet normal  2.991056e-001 -9.542200e-001  0.000000e+000
    outer loop
      vertex -6.135077e+000  2.936782e+001  3.600000e+000
      vertex -6.135077e+000  2.936782e+001  4.400000e+000
      vertex -6.185102e+000  2.935214e+001  3.600000e+000
    endloop
  endfacet
  facet normal  2.991056e-001 -9.542200e-001  0.000000e+000
    outer loop
      vertex -6.185102e+000  2.935214e+001  3.600000e+000
      vertex -6.135077e+000  2.936782e+001  4.400000e+000
      vertex -6.185102e+000  2.935214e+001  4.400000e+000
    endloop
  endfacet
  facet normal  2.379991e-001 -9.712654e-001  0.000000e+000
    outer loop
      vertex -6.185102e+000  2.935214e+001  3.600000e+000
      vertex -6.185102e+000  2.935214e+001  4.400000e+000
      vertex -6.239277e+000  2.933887e+001  3.600000e+000
    endloop
  endfacet
  facet normal  2.379991e-001 -9.712654e-001  0.000000e+000
    outer loop
      vertex -6.239277e+000  2.933887e+001  3.600000e+000
      vertex -6.185102e+000  2.935214e+001  4.400000e+000
      vertex -6.239277e+000  2.933887e+001  4.400000e+000
    endloop
  endfacet
  facet normal  1.510018e-001 -9.885334e-001  0.000000e+000
    outer loop
      vertex -6.239277e+000  2.933887e+001  3.600000e+000
      vertex -6.239277e+000  2.933887e+001  4.400000e+000
      vertex -6.294392e+000  2.933045e+001  3.600000e+000
    endloop
  endfacet
  facet normal  1.510018e-001 -9.885334e-001  0.000000e+000
    outer loop
      vertex -6.294392e+000  2.933045e+001  3.600000e+000
      vertex -6.239277e+000  2.933887e+001  4.400000e+000
      vertex -6.294392e+000  2.933045e+001  4.400000e+000
    endloop
  endfacet
  facet normal  4.467678e-002 -9.990014e-001  0.000000e+000
    outer loop
      vertex -6.294392e+000  2.933045e+001  3.600000e+000
      vertex -6.294392e+000  2.933045e+001  4.400000e+000
      vertex -6.350092e+000  2.932796e+001  3.600000e+000
    endloop
  endfacet
  facet normal  4.467678e-002 -9.990014e-001  0.000000e+000
    outer loop
      vertex -6.350092e+000  2.932796e+001  3.600000e+000
      vertex -6.294392e+000  2.933045e+001  4.400000e+000
      vertex -6.350092e+000  2.932796e+001  4.400000e+000
    endloop
  endfacet
  facet normal -4.001482e-002 -9.991991e-001  -0.000000e+000
    outer loop
      vertex -6.350092e+000  2.932796e+001  3.600000e+000
      vertex -6.350092e+000  2.932796e+001  4.400000e+000
      vertex -6.405817e+000  2.933019e+001  3.600000e+000
    endloop
  endfacet
  facet normal -4.001482e-002 -9.991991e-001  0.000000e+000
    outer loop
      vertex -6.405817e+000  2.933019e+001  3.600000e+000
      vertex -6.350092e+000  2.932796e+001  4.400000e+000
      vertex -6.405817e+000  2.933019e+001  4.400000e+000
    endloop
  endfacet
  facet normal -8.945019e-002 -9.959913e-001  -0.000000e+000
    outer loop
      vertex -6.405817e+000  2.933019e+001  3.600000e+000
      vertex -6.405817e+000  2.933019e+001  4.400000e+000
      vertex -6.440137e+000  2.933327e+001  3.600000e+000
    endloop
  endfacet
  facet normal -8.945019e-002 -9.959913e-001  0.000000e+000
    outer loop
      vertex -6.440137e+000  2.933327e+001  3.600000e+000
      vertex -6.405817e+000  2.933019e+001  4.400000e+000
      vertex -6.440137e+000  2.933327e+001  4.400000e+000
    endloop
  endfacet
  facet normal -1.276641e-001 -9.918174e-001  -0.000000e+000
    outer loop
      vertex -6.440137e+000  2.933327e+001  3.600000e+000
      vertex -6.440137e+000  2.933327e+001  4.400000e+000
      vertex -6.511649e+000  2.934248e+001  3.600000e+000
    endloop
  endfacet
  facet normal -1.276641e-001 -9.918174e-001  0.000000e+000
    outer loop
      vertex -6.511649e+000  2.934248e+001  3.600000e+000
      vertex -6.440137e+000  2.933327e+001  4.400000e+000
      vertex -6.511649e+000  2.934248e+001  4.400000e+000
    endloop
  endfacet
  facet normal -1.564765e-001 -9.876817e-001  -0.000000e+000
    outer loop
      vertex -6.511649e+000  2.934248e+001  3.600000e+000
      vertex -6.511649e+000  2.934248e+001  4.400000e+000
      vertex -6.616920e+000  2.935916e+001  3.600000e+000
    endloop
  endfacet
  facet normal -1.564765e-001 -9.876817e-001  0.000000e+000
    outer loop
      vertex -6.616920e+000  2.935916e+001  3.600000e+000
      vertex -6.511649e+000  2.934248e+001  4.400000e+000
      vertex -6.616920e+000  2.935916e+001  4.400000e+000
    endloop
  endfacet
  facet normal -3.632684e-002 -9.993399e-001  -0.000000e+000
    outer loop
      vertex -6.616920e+000  2.935916e+001  3.600000e+000
      vertex -6.616920e+000  2.935916e+001  4.400000e+000
      vertex -6.818774e+000  2.936649e+001  3.600000e+000
    endloop
  endfacet
  facet normal -3.632684e-002 -9.993399e-001  0.000000e+000
    outer loop
      vertex -6.818774e+000  2.936649e+001  3.600000e+000
      vertex -6.616920e+000  2.935916e+001  4.400000e+000
      vertex -6.818774e+000  2.936649e+001  4.400000e+000
    endloop
  endfacet
  facet normal -4.587445e-002 -9.989473e-001  -0.000000e+000
    outer loop
      vertex -6.818774e+000  2.936649e+001  3.600000e+000
      vertex -6.818774e+000  2.936649e+001  4.400000e+000
      vertex -7.020545e+000  2.937576e+001  3.600000e+000
    endloop
  endfacet
  facet normal -4.587445e-002 -9.989473e-001  0.000000e+000
    outer loop
      vertex -7.020545e+000  2.937576e+001  3.600000e+000
      vertex -6.818774e+000  2.936649e+001  4.400000e+000
      vertex -7.020545e+000  2.937576e+001  4.400000e+000
    endloop
  endfacet
  facet normal -6.632960e-002 -9.977978e-001  -0.000000e+000
    outer loop
      vertex -7.020545e+000  2.937576e+001  3.600000e+000
      vertex -7.020545e+000  2.937576e+001  4.400000e+000
      vertex -7.222109e+000  2.938916e+001  3.600000e+000
    endloop
  endfacet
  facet normal -6.632960e-002 -9.977978e-001  0.000000e+000
    outer loop
      vertex -7.222109e+000  2.938916e+001  3.600000e+000
      vertex -7.020545e+000  2.937576e+001  4.400000e+000
      vertex -7.222109e+000  2.938916e+001  4.400000e+000
    endloop
  endfacet
  facet normal -9.549526e-002 -9.954299e-001  -0.000000e+000
    outer loop
      vertex -7.222109e+000  2.938916e+001  3.600000e+000
      vertex -7.222109e+000  2.938916e+001  4.400000e+000
      vertex -7.423195e+000  2.940845e+001  3.600000e+000
    endloop
  endfacet
  facet normal -9.549526e-002 -9.954299e-001  0.000000e+000
    outer loop
      vertex -7.423195e+000  2.940845e+001  3.600000e+000
      vertex -7.222109e+000  2.938916e+001  4.400000e+000
      vertex -7.423195e+000  2.940845e+001  4.400000e+000
    endloop
  endfacet
  facet normal -1.221108e-001 -9.925165e-001  -0.000000e+000
    outer loop
      vertex -7.423195e+000  2.940845e+001  3.600000e+000
      vertex -7.423195e+000  2.940845e+001  4.400000e+000
      vertex -7.525902e+000  2.942109e+001  3.600000e+000
    endloop
  endfacet
  facet normal -1.221108e-001 -9.925165e-001  0.000000e+000
    outer loop
      vertex -7.525902e+000  2.942109e+001  3.600000e+000
      vertex -7.423195e+000  2.940845e+001  4.400000e+000
      vertex -7.525902e+000  2.942109e+001  4.400000e+000
    endloop
  endfacet
  facet normal -1.420690e-001 -9.898568e-001  -0.000000e+000
    outer loop
      vertex -7.525902e+000  2.942109e+001  3.600000e+000
      vertex -7.525902e+000  2.942109e+001  4.400000e+000
      vertex -7.628336e+000  2.943579e+001  3.600000e+000
    endloop
  endfacet
  facet normal -1.420690e-001 -9.898568e-001  0.000000e+000
    outer loop
      vertex -7.628336e+000  2.943579e+001  3.600000e+000
      vertex -7.525902e+000  2.942109e+001  4.400000e+000
      vertex -7.628336e+000  2.943579e+001  4.400000e+000
    endloop
  endfacet
  facet normal -1.631704e-001 -9.865978e-001  -0.000000e+000
    outer loop
      vertex -7.628336e+000  2.943579e+001  3.600000e+000
      vertex -7.628336e+000  2.943579e+001  4.400000e+000
      vertex -7.730434e+000  2.945267e+001  3.600000e+000
    endloop
  endfacet
  facet normal -1.631704e-001 -9.865978e-001  0.000000e+000
    outer loop
      vertex -7.730434e+000  2.945267e+001  3.600000e+000
      vertex -7.628336e+000  2.943579e+001  4.400000e+000
      vertex -7.730434e+000  2.945267e+001  4.400000e+000
    endloop
  endfacet
  facet normal -1.825309e-001 -9.832001e-001  -0.000000e+000
    outer loop
      vertex -7.730434e+000  2.945267e+001  3.600000e+000
      vertex -7.730434e+000  2.945267e+001  4.400000e+000
      vertex -7.832187e+000  2.947156e+001  3.600000e+000
    endloop
  endfacet
  facet normal -1.825309e-001 -9.832001e-001  0.000000e+000
    outer loop
      vertex -7.832187e+000  2.947156e+001  3.600000e+000
      vertex -7.730434e+000  2.945267e+001  4.400000e+000
      vertex -7.832187e+000  2.947156e+001  4.400000e+000
    endloop
  endfacet
  facet normal -1.906163e-001 -9.816646e-001  -0.000000e+000
    outer loop
      vertex -7.832187e+000  2.947156e+001  3.600000e+000
      vertex -7.832187e+000  2.947156e+001  4.400000e+000
      vertex -8.040253e+000  2.951196e+001  3.600000e+000
    endloop
  endfacet
  facet normal -1.906163e-001 -9.816646e-001  0.000000e+000
    outer loop
      vertex -8.040253e+000  2.951196e+001  3.600000e+000
      vertex -7.832187e+000  2.947156e+001  4.400000e+000
      vertex -8.040253e+000  2.951196e+001  4.400000e+000
    endloop
  endfacet
  facet normal -1.750628e-001 -9.845573e-001  -0.000000e+000
    outer loop
      vertex -8.040253e+000  2.951196e+001  3.600000e+000
      vertex -8.040253e+000  2.951196e+001  4.400000e+000
      vertex -8.144733e+000  2.953054e+001  3.600000e+000
    endloop
  endfacet
  facet normal -1.750628e-001 -9.845573e-001  0.000000e+000
    outer loop
      vertex -8.144733e+000  2.953054e+001  3.600000e+000
      vertex -8.040253e+000  2.951196e+001  4.400000e+000
      vertex -8.144733e+000  2.953054e+001  4.400000e+000
    endloop
  endfacet
  facet normal -1.517713e-001 -9.884157e-001  -0.000000e+000
    outer loop
      vertex -8.144733e+000  2.953054e+001  3.600000e+000
      vertex -8.144733e+000  2.953054e+001  4.400000e+000
      vertex -8.233921e+000  2.954424e+001  3.600000e+000
    endloop
  endfacet
  facet normal -1.517713e-001 -9.884157e-001  0.000000e+000
    outer loop
      vertex -8.233921e+000  2.954424e+001  3.600000e+000
      vertex -8.144733e+000  2.953054e+001  4.400000e+000
      vertex -8.233921e+000  2.954424e+001  4.400000e+000
    endloop
  endfacet
  facet normal -1.209807e-001 -9.926549e-001  -0.000000e+000
    outer loop
      vertex -8.233921e+000  2.954424e+001  3.600000e+000
      vertex -8.233921e+000  2.954424e+001  4.400000e+000
      vertex -8.323439e+000  2.955515e+001  3.600000e+000
    endloop
  endfacet
  facet normal -1.209807e-001 -9.926549e-001  0.000000e+000
    outer loop
      vertex -8.323439e+000  2.955515e+001  3.600000e+000
      vertex -8.233921e+000  2.954424e+001  4.400000e+000
      vertex -8.323439e+000  2.955515e+001  4.400000e+000
    endloop
  endfacet
  facet normal -8.599498e-002 -9.962955e-001  -0.000000e+000
    outer loop
      vertex -8.323439e+000  2.955515e+001  3.600000e+000
      vertex -8.323439e+000  2.955515e+001  4.400000e+000
      vertex -8.392052e+000  2.956107e+001  3.600000e+000
    endloop
  endfacet
  facet normal -8.599498e-002 -9.962955e-001  0.000000e+000
    outer loop
      vertex -8.392052e+000  2.956107e+001  3.600000e+000
      vertex -8.323439e+000  2.955515e+001  4.400000e+000
      vertex -8.392052e+000  2.956107e+001  4.400000e+000
    endloop
  endfacet
  facet normal -4.877515e-002 -9.988098e-001  -0.000000e+000
    outer loop
      vertex -8.392052e+000  2.956107e+001  3.600000e+000
      vertex -8.392052e+000  2.956107e+001  4.400000e+000
      vertex -8.460794e+000  2.956443e+001  3.600000e+000
    endloop
  endfacet
  facet normal -4.877515e-002 -9.988098e-001  0.000000e+000
    outer loop
      vertex -8.460794e+000  2.956443e+001  3.600000e+000
      vertex -8.392052e+000  2.956107e+001  4.400000e+000
      vertex -8.460794e+000  2.956443e+001  4.400000e+000
    endloop
  endfacet
  facet normal  1.225080e-003 -9.999993e-001  0.000000e+000
    outer loop
      vertex -8.460794e+000  2.956443e+001  3.600000e+000
      vertex -8.460794e+000  2.956443e+001  4.400000e+000
      vertex -8.546425e+000  2.956432e+001  3.600000e+000
    endloop
  endfacet
  facet normal  1.225080e-003 -9.999993e-001  0.000000e+000
    outer loop
      vertex -8.546425e+000  2.956432e+001  3.600000e+000
      vertex -8.460794e+000  2.956443e+001  4.400000e+000
      vertex -8.546425e+000  2.956432e+001  4.400000e+000
    endloop
  endfacet
  facet normal  6.721574e-002 -9.977385e-001  0.000000e+000
    outer loop
      vertex -8.546425e+000  2.956432e+001  3.600000e+000
      vertex -8.546425e+000  2.956432e+001  4.400000e+000
      vertex -8.631900e+000  2.955856e+001  3.600000e+000
    endloop
  endfacet
  facet normal  6.721574e-002 -9.977385e-001  0.000000e+000
    outer loop
      vertex -8.631900e+000  2.955856e+001  3.600000e+000
      vertex -8.546425e+000  2.956432e+001  4.400000e+000
      vertex -8.631900e+000  2.955856e+001  4.400000e+000
    endloop
  endfacet
  facet normal  1.447120e-001 -9.894738e-001  0.000000e+000
    outer loop
      vertex -8.631900e+000  2.955856e+001  3.600000e+000
      vertex -8.631900e+000  2.955856e+001  4.400000e+000
      vertex -8.716670e+000  2.954617e+001  3.600000e+000
    endloop
  endfacet
  facet normal  1.447120e-001 -9.894738e-001  0.000000e+000
    outer loop
      vertex -8.716670e+000  2.954617e+001  3.600000e+000
      vertex -8.631900e+000  2.955856e+001  4.400000e+000
      vertex -8.716670e+000  2.954617e+001  4.400000e+000
    endloop
  endfacet
  facet normal  2.095033e-001 -9.778080e-001  0.000000e+000
    outer loop
      vertex -8.716670e+000  2.954617e+001  3.600000e+000
      vertex -8.716670e+000  2.954617e+001  4.400000e+000
      vertex -8.758554e+000  2.953719e+001  3.600000e+000
    endloop
  endfacet
  facet normal  2.095033e-001 -9.778080e-001  0.000000e+000
    outer loop
      vertex -8.758554e+000  2.953719e+001  3.600000e+000
      vertex -8.716670e+000  2.954617e+001  4.400000e+000
      vertex -8.758554e+000  2.953719e+001  4.400000e+000
    endloop
  endfacet
  facet normal  2.559685e-001 -9.666851e-001  0.000000e+000
    outer loop
      vertex -8.758554e+000  2.953719e+001  3.600000e+000
      vertex -8.758554e+000  2.953719e+001  4.400000e+000
      vertex -8.799952e+000  2.952623e+001  3.600000e+000
    endloop
  endfacet
  facet normal  2.559685e-001 -9.666851e-001  0.000000e+000
    outer loop
      vertex -8.799952e+000  2.952623e+001  3.600000e+000
      vertex -8.758554e+000  2.953719e+001  4.400000e+000
      vertex -8.799952e+000  2.952623e+001  4.400000e+000
    endloop
  endfacet
  facet normal  3.125615e-001 -9.498976e-001  0.000000e+000
    outer loop
      vertex -8.799952e+000  2.952623e+001  3.600000e+000
      vertex -8.799952e+000  2.952623e+001  4.400000e+000
      vertex -8.854173e+000  2.950839e+001  3.600000e+000
    endloop
  endfacet
  facet normal  3.125615e-001 -9.498976e-001  0.000000e+000
    outer loop
      vertex -8.854173e+000  2.950839e+001  3.600000e+000
      vertex -8.799952e+000  2.952623e+001  4.400000e+000
      vertex -8.854173e+000  2.950839e+001  4.400000e+000
    endloop
  endfacet
  facet normal  3.793458e-001 -9.252549e-001  0.000000e+000
    outer loop
      vertex -8.854173e+000  2.950839e+001  3.600000e+000
      vertex -8.854173e+000  2.950839e+001  4.400000e+000
      vertex -8.906980e+000  2.948674e+001  3.600000e+000
    endloop
  endfacet
  facet normal  3.793458e-001 -9.252549e-001  0.000000e+000
    outer loop
      vertex -8.906980e+000  2.948674e+001  3.600000e+000
      vertex -8.854173e+000  2.950839e+001  4.400000e+000
      vertex -8.906980e+000  2.948674e+001  4.400000e+000
    endloop
  endfacet
  facet normal  4.471401e-001 -8.944640e-001  0.000000e+000
    outer loop
      vertex -8.906980e+000  2.948674e+001  3.600000e+000
      vertex -8.906980e+000  2.948674e+001  4.400000e+000
      vertex -8.958031e+000  2.946122e+001  3.600000e+000
    endloop
  endfacet
  facet normal  4.471401e-001 -8.944640e-001  0.000000e+000
    outer loop
      vertex -8.958031e+000  2.946122e+001  3.600000e+000
      vertex -8.906980e+000  2.948674e+001  4.400000e+000
      vertex -8.958031e+000  2.946122e+001  4.400000e+000
    endloop
  endfacet
  facet normal  5.122073e-001 -8.588618e-001  0.000000e+000
    outer loop
      vertex -8.958031e+000  2.946122e+001  3.600000e+000
      vertex -8.958031e+000  2.946122e+001  4.400000e+000
      vertex -9.003756e+000  2.943395e+001  3.600000e+000
    endloop
  endfacet
  facet normal  5.122073e-001 -8.588618e-001  0.000000e+000
    outer loop
      vertex -9.003756e+000  2.943395e+001  3.600000e+000
      vertex -8.958031e+000  2.946122e+001  4.400000e+000
      vertex -9.003756e+000  2.943395e+001  4.400000e+000
    endloop
  endfacet
  facet normal  5.729765e-001 -8.195717e-001  0.000000e+000
    outer loop
      vertex -9.003756e+000  2.943395e+001  3.600000e+000
      vertex -9.003756e+000  2.943395e+001  4.400000e+000
      vertex -9.047388e+000  2.940344e+001  3.600000e+000
    endloop
  endfacet
  facet normal  5.729765e-001 -8.195717e-001  0.000000e+000
    outer loop
      vertex -9.047388e+000  2.940344e+001  3.600000e+000
      vertex -9.003756e+000  2.943395e+001  4.400000e+000
      vertex -9.047388e+000  2.940344e+001  4.400000e+000
    endloop
  endfacet
  facet normal  6.287765e-001 -7.775860e-001  0.000000e+000
    outer loop
      vertex -9.047388e+000  2.940344e+001  3.600000e+000
      vertex -9.047388e+000  2.940344e+001  4.400000e+000
      vertex -9.088779e+000  2.936997e+001  3.600000e+000
    endloop
  endfacet
  facet normal  6.287765e-001 -7.775860e-001  0.000000e+000
    outer loop
      vertex -9.088779e+000  2.936997e+001  3.600000e+000
      vertex -9.047388e+000  2.940344e+001  4.400000e+000
      vertex -9.088779e+000  2.936997e+001  4.400000e+000
    endloop
  endfacet
  facet normal  6.777114e-001 -7.353280e-001  0.000000e+000
    outer loop
      vertex -9.088779e+000  2.936997e+001  3.600000e+000
      vertex -9.088779e+000  2.936997e+001  4.400000e+000
      vertex -9.127922e+000  2.933390e+001  3.600000e+000
    endloop
  endfacet
  facet normal  6.777114e-001 -7.353280e-001  0.000000e+000
    outer loop
      vertex -9.127922e+000  2.933390e+001  3.600000e+000
      vertex -9.088779e+000  2.936997e+001  4.400000e+000
      vertex -9.127922e+000  2.933390e+001  4.400000e+000
    endloop
  endfacet
  facet normal  7.242296e-001 -6.895589e-001  0.000000e+000
    outer loop
      vertex -9.127922e+000  2.933390e+001  3.600000e+000
      vertex -9.127922e+000  2.933390e+001  4.400000e+000
      vertex -9.171756e+000  2.928786e+001  3.600000e+000
    endloop
  endfacet
  facet normal  7.242296e-001 -6.895589e-001  0.000000e+000
    outer loop
      vertex -9.171756e+000  2.928786e+001  3.600000e+000
      vertex -9.127922e+000  2.933390e+001  4.400000e+000
      vertex -9.171756e+000  2.928786e+001  4.400000e+000
    endloop
  endfacet
  facet normal  7.672836e-001 -6.413080e-001  0.000000e+000
    outer loop
      vertex -9.171756e+000  2.928786e+001  3.600000e+000
      vertex -9.171756e+000  2.928786e+001  4.400000e+000
      vertex -9.212634e+000  2.923895e+001  3.600000e+000
    endloop
  endfacet
  facet normal  7.672836e-001 -6.413080e-001  0.000000e+000
    outer loop
      vertex -9.212634e+000  2.923895e+001  3.600000e+000
      vertex -9.171756e+000  2.928786e+001  4.400000e+000
      vertex -9.212634e+000  2.923895e+001  4.400000e+000
    endloop
  endfacet
  facet normal  8.034660e-001 -5.953506e-001  0.000000e+000
    outer loop
      vertex -9.212634e+000  2.923895e+001  3.600000e+000
      vertex -9.212634e+000  2.923895e+001  4.400000e+000
      vertex -9.250583e+000  2.918774e+001  3.600000e+000
    endloop
  endfacet
  facet normal  8.034660e-001 -5.953506e-001  0.000000e+000
    outer loop
      vertex -9.250583e+000  2.918774e+001  3.600000e+000
      vertex -9.212634e+000  2.923895e+001  4.400000e+000
      vertex -9.250583e+000  2.918774e+001  4.400000e+000
    endloop
  endfacet
  facet normal  8.340986e-001 -5.516152e-001  0.000000e+000
    outer loop
      vertex -9.250583e+000  2.918774e+001  3.600000e+000
      vertex -9.250583e+000  2.918774e+001  4.400000e+000
      vertex -9.285649e+000  2.913471e+001  3.600000e+000
    endloop
  endfacet
  facet normal  8.340986e-001 -5.516152e-001  0.000000e+000
    outer loop
      vertex -9.285649e+000  2.913471e+001  3.600000e+000
      vertex -9.250583e+000  2.918774e+001  4.400000e+000
      vertex -9.285649e+000  2.913471e+001  4.400000e+000
    endloop
  endfacet
  facet normal  8.658369e-001 -5.003265e-001  0.000000e+000
    outer loop
      vertex -9.285649e+000  2.913471e+001  3.600000e+000
      vertex -9.285649e+000  2.913471e+001  4.400000e+000
      vertex -9.333465e+000  2.905197e+001  3.600000e+000
    endloop
  endfacet
  facet normal  8.658369e-001 -5.003265e-001  0.000000e+000
    outer loop
      vertex -9.333465e+000  2.905197e+001  3.600000e+000
      vertex -9.285649e+000  2.913471e+001  4.400000e+000
      vertex -9.333465e+000  2.905197e+001  4.400000e+000
    endloop
  endfacet
  facet normal  8.967677e-001 -4.425016e-001  0.000000e+000
    outer loop
      vertex -9.333465e+000  2.905197e+001  3.600000e+000
      vertex -9.333465e+000  2.905197e+001  4.400000e+000
      vertex -9.375793e+000  2.896619e+001  3.600000e+000
    endloop
  endfacet
  facet normal  8.967677e-001 -4.425016e-001  0.000000e+000
    outer loop
      vertex -9.375793e+000  2.896619e+001  3.600000e+000
      vertex -9.333465e+000  2.905197e+001  4.400000e+000
      vertex -9.375793e+000  2.896619e+001  4.400000e+000
    endloop
  endfacet
  facet normal  9.220127e-001 -3.871596e-001  0.000000e+000
    outer loop
      vertex -9.375793e+000  2.896619e+001  3.600000e+000
      vertex -9.375793e+000  2.896619e+001  4.400000e+000
      vertex -9.412847e+000  2.887794e+001  3.600000e+000
    endloop
  endfacet
  facet normal  9.220127e-001 -3.871596e-001  0.000000e+000
    outer loop
      vertex -9.412847e+000  2.887794e+001  3.600000e+000
      vertex -9.375793e+000  2.896619e+001  4.400000e+000
      vertex -9.412847e+000  2.887794e+001  4.400000e+000
    endloop
  endfacet
  facet normal  9.430854e-001 -3.325506e-001  0.000000e+000
    outer loop
      vertex -9.412847e+000  2.887794e+001  3.600000e+000
      vertex -9.412847e+000  2.887794e+001  4.400000e+000
      vertex -9.444668e+000  2.878770e+001  3.600000e+000
    endloop
  endfacet
  facet normal  9.430854e-001 -3.325506e-001  0.000000e+000
    outer loop
      vertex -9.444668e+000  2.878770e+001  3.600000e+000
      vertex -9.412847e+000  2.887794e+001  4.400000e+000
      vertex -9.444668e+000  2.878770e+001  4.400000e+000
    endloop
  endfacet
  facet normal  9.606588e-001 -2.777311e-001  0.000000e+000
    outer loop
      vertex -9.444668e+000  2.878770e+001  3.600000e+000
      vertex -9.444668e+000  2.878770e+001  4.400000e+000
      vertex -9.471224e+000  2.869584e+001  3.600000e+000
    endloop
  endfacet
  facet normal  9.606588e-001 -2.777311e-001  0.000000e+000
    outer loop
      vertex -9.471224e+000  2.869584e+001  3.600000e+000
      vertex -9.444668e+000  2.878770e+001  4.400000e+000
      vertex -9.471224e+000  2.869584e+001  4.400000e+000
    endloop
  endfacet
  facet normal  9.748874e-001 -2.226985e-001  0.000000e+000
    outer loop
      vertex -9.471224e+000  2.869584e+001  3.600000e+000
      vertex -9.471224e+000  2.869584e+001  4.400000e+000
      vertex -9.492504e+000  2.860269e+001  3.600000e+000
    endloop
  endfacet
  facet normal  9.748874e-001 -2.226985e-001  0.000000e+000
    outer loop
      vertex -9.492504e+000  2.860269e+001  3.600000e+000
      vertex -9.471224e+000  2.869584e+001  4.400000e+000
      vertex -9.492504e+000  2.860269e+001  4.400000e+000
    endloop
  endfacet
  facet normal  9.839966e-001 -1.781875e-001  0.000000e+000
    outer loop
      vertex -9.492504e+000  2.860269e+001  3.600000e+000
      vertex -9.492504e+000  2.860269e+001  4.400000e+000
      vertex -9.503304e+000  2.854305e+001  3.600000e+000
    endloop
  endfacet
  facet normal  9.839966e-001 -1.781875e-001  0.000000e+000
    outer loop
      vertex -9.503304e+000  2.854305e+001  3.600000e+000
      vertex -9.492504e+000  2.860269e+001  4.400000e+000
      vertex -9.503304e+000  2.854305e+001  4.400000e+000
    endloop
  endfacet
  facet normal  9.895436e-001 -1.442343e-001  0.000000e+000
    outer loop
      vertex -9.503304e+000  2.854305e+001  3.600000e+000
      vertex -9.503304e+000  2.854305e+001  4.400000e+000
      vertex -9.512044e+000  2.848309e+001  3.600000e+000
    endloop
  endfacet
  facet normal  9.895436e-001 -1.442343e-001  0.000000e+000
    outer loop
      vertex -9.512044e+000  2.848309e+001  3.600000e+000
      vertex -9.503304e+000  2.854305e+001  4.400000e+000
      vertex -9.512044e+000  2.848309e+001  4.400000e+000
    endloop
  endfacet
  facet normal  9.938672e-001 -1.105803e-001  0.000000e+000
    outer loop
      vertex -9.512044e+000  2.848309e+001  3.600000e+000
      vertex -9.512044e+000  2.848309e+001  4.400000e+000
      vertex -9.518814e+000  2.842224e+001  3.600000e+000
    endloop
  endfacet
  facet normal  9.938672e-001 -1.105803e-001  0.000000e+000
    outer loop
      vertex -9.518814e+000  2.842224e+001  3.600000e+000
      vertex -9.512044e+000  2.848309e+001  4.400000e+000
      vertex -9.518814e+000  2.842224e+001  4.400000e+000
    endloop
  endfacet
  facet normal  9.970070e-001 -7.731127e-002  0.000000e+000
    outer loop
      vertex -9.518814e+000  2.842224e+001  3.600000e+000
      vertex -9.518814e+000  2.842224e+001  4.400000e+000
      vertex -9.523546e+000  2.836121e+001  3.600000e+000
    endloop
  endfacet
  facet normal  9.970070e-001 -7.731127e-002  0.000000e+000
    outer loop
      vertex -9.523546e+000  2.836121e+001  3.600000e+000
      vertex -9.518814e+000  2.842224e+001  4.400000e+000
      vertex -9.523546e+000  2.836121e+001  4.400000e+000
    endloop
  endfacet
  facet normal  9.995816e-001 -2.892388e-002  0.000000e+000
    outer loop
      vertex -9.523546e+000  2.836121e+001  3.600000e+000
      vertex -9.523546e+000  2.836121e+001  4.400000e+000
      vertex -9.527067e+000  2.823953e+001  3.600000e+000
    endloop
  endfacet
  facet normal  9.995816e-001 -2.892388e-002  0.000000e+000
    outer loop
      vertex -9.527067e+000  2.823953e+001  3.600000e+000
      vertex -9.523546e+000  2.836121e+001  4.400000e+000
      vertex -9.527067e+000  2.823953e+001  4.400000e+000
    endloop
  endfacet
  facet normal  9.994519e-001  3.310455e-002  0.000000e+000
    outer loop
      vertex -9.527067e+000  2.823953e+001  3.600000e+000
      vertex -9.527067e+000  2.823953e+001  4.400000e+000
      vertex -9.523038e+000  2.811788e+001  3.600000e+000
    endloop
  endfacet
  facet normal  9.994519e-001  3.310455e-002  -0.000000e+000
    outer loop
      vertex -9.523038e+000  2.811788e+001  3.600000e+000
      vertex -9.527067e+000  2.823953e+001  4.400000e+000
      vertex -9.523038e+000  2.811788e+001  4.400000e+000
    endloop
  endfacet
  facet normal  9.957551e-001  9.204169e-002  0.000000e+000
    outer loop
      vertex -9.523038e+000  2.811788e+001  3.600000e+000
      vertex -9.523038e+000  2.811788e+001  4.400000e+000
      vertex -9.511834e+000  2.799668e+001  3.600000e+000
    endloop
  endfacet
  facet normal  9.957551e-001  9.204169e-002  -0.000000e+000
    outer loop
      vertex -9.511834e+000  2.799668e+001  3.600000e+000
      vertex -9.523038e+000  2.811788e+001  4.400000e+000
      vertex -9.511834e+000  2.799668e+001  4.400000e+000
    endloop
  endfacet
  facet normal  9.890114e-001  1.478395e-001  0.000000e+000
    outer loop
      vertex -9.511834e+000  2.799668e+001  3.600000e+000
      vertex -9.511834e+000  2.799668e+001  4.400000e+000
      vertex -9.493833e+000  2.787625e+001  3.600000e+000
    endloop
  endfacet
  facet normal  9.890114e-001  1.478395e-001  -0.000000e+000
    outer loop
      vertex -9.493833e+000  2.787625e+001  3.600000e+000
      vertex -9.511834e+000  2.799668e+001  4.400000e+000
      vertex -9.493833e+000  2.787625e+001  4.400000e+000
    endloop
  endfacet
  facet normal  9.796481e-001  2.007228e-001  0.000000e+000
    outer loop
      vertex -9.493833e+000  2.787625e+001  3.600000e+000
      vertex -9.493833e+000  2.787625e+001  4.400000e+000
      vertex -9.469383e+000  2.775692e+001  3.600000e+000
    endloop
  endfacet
  facet normal  9.796481e-001  2.007228e-001  -0.000000e+000
    outer loop
      vertex -9.469383e+000  2.775692e+001  3.600000e+000
      vertex -9.493833e+000  2.787625e+001  4.400000e+000
      vertex -9.469383e+000  2.775692e+001  4.400000e+000
    endloop
  endfacet
  facet normal  9.679446e-001  2.511640e-001  0.000000e+000
    outer loop
      vertex -9.469383e+000  2.775692e+001  3.600000e+000
      vertex -9.469383e+000  2.775692e+001  4.400000e+000
      vertex -9.438783e+000  2.763899e+001  3.600000e+000
    endloop
  endfacet
  facet normal  9.679446e-001  2.511640e-001  -0.000000e+000
    outer loop
      vertex -9.438783e+000  2.763899e+001  3.600000e+000
      vertex -9.469383e+000  2.775692e+001  4.400000e+000
      vertex -9.438783e+000  2.763899e+001  4.400000e+000
    endloop
  endfacet
  facet normal  9.543869e-001  2.985723e-001  0.000000e+000
    outer loop
      vertex -9.438783e+000  2.763899e+001  3.600000e+000
      vertex -9.438783e+000  2.763899e+001  4.400000e+000
      vertex -9.404325e+000  2.752885e+001  3.600000e+000
    endloop
  endfacet
  facet normal  9.543869e-001  2.985723e-001  -0.000000e+000
    outer loop
      vertex -9.404325e+000  2.752885e+001  3.600000e+000
      vertex -9.438783e+000  2.763899e+001  4.400000e+000
      vertex -9.404325e+000  2.752885e+001  4.400000e+000
    endloop
  endfacet
  facet normal  9.391401e-001  3.435344e-001  0.000000e+000
    outer loop
      vertex -9.404325e+000  2.752885e+001  3.600000e+000
      vertex -9.404325e+000  2.752885e+001  4.400000e+000
      vertex -9.364676e+000  2.742046e+001  3.600000e+000
    endloop
  endfacet
  facet normal  9.391401e-001  3.435344e-001  -0.000000e+000
    outer loop
      vertex -9.364676e+000  2.742046e+001  3.600000e+000
      vertex -9.404325e+000  2.752885e+001  4.400000e+000
      vertex -9.364676e+000  2.742046e+001  4.400000e+000
    endloop
  endfacet
  facet normal  9.219150e-001  3.873924e-001  0.000000e+000
    outer loop
      vertex -9.364676e+000  2.742046e+001  3.600000e+000
      vertex -9.364676e+000  2.742046e+001  4.400000e+000
      vertex -9.319964e+000  2.731405e+001  3.600000e+000
    endloop
  endfacet
  facet normal  9.219150e-001  3.873924e-001  -0.000000e+000
    outer loop
      vertex -9.319964e+000  2.731405e+001  3.600000e+000
      vertex -9.364676e+000  2.742046e+001  4.400000e+000
      vertex -9.319964e+000  2.731405e+001  4.400000e+000
    endloop
  endfacet
  facet normal  9.027664e-001  4.301311e-001  0.000000e+000
    outer loop
      vertex -9.319964e+000  2.731405e+001  3.600000e+000
      vertex -9.319964e+000  2.731405e+001  4.400000e+000
      vertex -9.270320e+000  2.720986e+001  3.600000e+000
    endloop
  endfacet
  facet normal  9.027664e-001  4.301311e-001  -0.000000e+000
    outer loop
      vertex -9.270320e+000  2.720986e+001  3.600000e+000
      vertex -9.319964e+000  2.731405e+001  4.400000e+000
      vertex -9.270320e+000  2.720986e+001  4.400000e+000
    endloop
  endfacet
  facet normal  8.817132e-001  4.717857e-001  0.000000e+000
    outer loop
      vertex -9.270320e+000  2.720986e+001  3.600000e+000
      vertex -9.270320e+000  2.720986e+001  4.400000e+000
      vertex -9.215870e+000  2.710810e+001  3.600000e+000
    endloop
  endfacet
  facet normal  8.817132e-001  4.717857e-001  -0.000000e+000
    outer loop
      vertex -9.215870e+000  2.710810e+001  3.600000e+000
      vertex -9.270320e+000  2.720986e+001  4.400000e+000
      vertex -9.215870e+000  2.710810e+001  4.400000e+000
    endloop
  endfacet
  facet normal  8.587829e-001  5.123396e-001  0.000000e+000
    outer loop
      vertex -9.215870e+000  2.710810e+001  3.600000e+000
      vertex -9.215870e+000  2.710810e+001  4.400000e+000
      vertex -9.156741e+000  2.700899e+001  3.600000e+000
    endloop
  endfacet
  facet normal  8.587829e-001  5.123396e-001  -0.000000e+000
    outer loop
      vertex -9.156741e+000  2.700899e+001  3.600000e+000
      vertex -9.215870e+000  2.710810e+001  4.400000e+000
      vertex -9.156741e+000  2.700899e+001  4.400000e+000
    endloop
  endfacet
  facet normal  8.353640e-001  5.496973e-001  0.000000e+000
    outer loop
      vertex -9.156741e+000  2.700899e+001  3.600000e+000
      vertex -9.156741e+000  2.700899e+001  4.400000e+000
      vertex -9.099996e+000  2.692275e+001  3.600000e+000
    endloop
  endfacet
  facet normal  8.353640e-001  5.496973e-001  -0.000000e+000
    outer loop
      vertex -9.099996e+000  2.692275e+001  3.600000e+000
      vertex -9.156741e+000  2.700899e+001  4.400000e+000
      vertex -9.099996e+000  2.692275e+001  4.400000e+000
    endloop
  endfacet
  facet normal  8.116688e-001  5.841179e-001  0.000000e+000
    outer loop
      vertex -9.099996e+000  2.692275e+001  3.600000e+000
      vertex -9.099996e+000  2.692275e+001  4.400000e+000
      vertex -9.040216e+000  2.683968e+001  3.600000e+000
    endloop
  endfacet
  facet normal  8.116688e-001  5.841179e-001  -0.000000e+000
    outer loop
      vertex -9.040216e+000  2.683968e+001  3.600000e+000
      vertex -9.099996e+000  2.692275e+001  4.400000e+000
      vertex -9.040216e+000  2.683968e+001  4.400000e+000
    endloop
  endfacet
  facet normal  7.872829e-001  6.165919e-001  0.000000e+000
    outer loop
      vertex -9.040216e+000  2.683968e+001  3.600000e+000
      vertex -9.040216e+000  2.683968e+001  4.400000e+000
      vertex -8.977115e+000  2.675911e+001  3.600000e+000
    endloop
  endfacet
  facet normal  7.872829e-001  6.165919e-001  -0.000000e+000
    outer loop
      vertex -8.977115e+000  2.675911e+001  3.600000e+000
      vertex -9.040216e+000  2.683968e+001  4.400000e+000
      vertex -8.977115e+000  2.675911e+001  4.400000e+000
    endloop
  endfacet
  facet normal  7.645466e-001  6.445683e-001  0.000000e+000
    outer loop
      vertex -8.977115e+000  2.675911e+001  3.600000e+000
      vertex -8.977115e+000  2.675911e+001  4.400000e+000
      vertex -8.910576e+000  2.668019e+001  3.600000e+000
    endloop
  endfacet
  facet normal  7.645466e-001  6.445683e-001  -0.000000e+000
    outer loop
      vertex -8.910576e+000  2.668019e+001  3.600000e+000
      vertex -8.977115e+000  2.675911e+001  4.400000e+000
      vertex -8.910576e+000  2.668019e+001  4.400000e+000
    endloop
  endfacet
  facet normal  7.459570e-001  6.659942e-001  0.000000e+000
    outer loop
      vertex -8.910576e+000  2.668019e+001  3.600000e+000
      vertex -8.910576e+000  2.668019e+001  4.400000e+000
      vertex -8.847525e+000  2.660957e+001  3.600000e+000
    endloop
  endfacet
  facet normal  7.459570e-001  6.659942e-001  -0.000000e+000
    outer loop
      vertex -8.847525e+000  2.660957e+001  3.600000e+000
      vertex -8.910576e+000  2.668019e+001  4.400000e+000
      vertex -8.847525e+000  2.660957e+001  4.400000e+000
    endloop
  endfacet
  facet normal  7.317652e-001  6.815567e-001  0.000000e+000
    outer loop
      vertex -8.847525e+000  2.660957e+001  3.600000e+000
      vertex -8.847525e+000  2.660957e+001  4.400000e+000
      vertex -8.782990e+000  2.654028e+001  3.600000e+000
    endloop
  endfacet
  facet normal  7.317652e-001  6.815567e-001  -0.000000e+000
    outer loop
      vertex -8.782990e+000  2.654028e+001  3.600000e+000
      vertex -8.847525e+000  2.660957e+001  4.400000e+000
      vertex -8.782990e+000  2.654028e+001  4.400000e+000
    endloop
  endfacet
  facet normal  7.185438e-001  6.954818e-001  0.000000e+000
    outer loop
      vertex -8.782990e+000  2.654028e+001  3.600000e+000
      vertex -8.782990e+000  2.654028e+001  4.400000e+000
      vertex -8.651299e+000  2.640422e+001  3.600000e+000
    endloop
  endfacet
  facet normal  7.185438e-001  6.954818e-001  -0.000000e+000
    outer loop
      vertex -8.651299e+000  2.640422e+001  3.600000e+000
      vertex -8.782990e+000  2.654028e+001  4.400000e+000
      vertex -8.651299e+000  2.640422e+001  4.400000e+000
    endloop
  endfacet
  facet normal  7.150183e-001  6.991058e-001  0.000000e+000
    outer loop
      vertex -8.651299e+000  2.640422e+001  3.600000e+000
      vertex -8.651299e+000  2.640422e+001  4.400000e+000
      vertex -8.550489e+000  2.630112e+001  3.600000e+000
    endloop
  endfacet
  facet normal  7.150183e-001  6.991058e-001  -0.000000e+000
    outer loop
      vertex -8.550489e+000  2.630112e+001  3.600000e+000
      vertex -8.651299e+000  2.640422e+001  4.400000e+000
      vertex -8.550489e+000  2.630112e+001  4.400000e+000
    endloop
  endfacet
  facet normal  7.239943e-001  6.898060e-001  0.000000e+000
    outer loop
      vertex -8.550489e+000  2.630112e+001  3.600000e+000
      vertex -8.550489e+000  2.630112e+001  4.400000e+000
      vertex -8.451028e+000  2.619673e+001  3.600000e+000
    endloop
  endfacet
  facet normal  7.239943e-001  6.898060e-001  -0.000000e+000
    outer loop
      vertex -8.451028e+000  2.619673e+001  3.600000e+000
      vertex -8.550489e+000  2.630112e+001  4.400000e+000
      vertex -8.451028e+000  2.619673e+001  4.400000e+000
    endloop
  endfacet
  facet normal  7.410120e-001  6.714917e-001  0.000000e+000
    outer loop
      vertex -8.451028e+000  2.619673e+001  3.600000e+000
      vertex -8.451028e+000  2.619673e+001  4.400000e+000
      vertex -8.402603e+000  2.614329e+001  3.600000e+000
    endloop
  endfacet
  facet normal  7.410120e-001  6.714917e-001  -0.000000e+000
    outer loop
      vertex -8.402603e+000  2.614329e+001  3.600000e+000
      vertex -8.451028e+000  2.619673e+001  4.400000e+000
      vertex -8.402603e+000  2.614329e+001  4.400000e+000
    endloop
  endfacet
  facet normal  7.591158e-001  6.509557e-001  0.000000e+000
    outer loop
      vertex -8.402603e+000  2.614329e+001  3.600000e+000
      vertex -8.402603e+000  2.614329e+001  4.400000e+000
      vertex -8.355613e+000  2.608849e+001  3.600000e+000
    endloop
  endfacet
  facet normal  7.591158e-001  6.509557e-001  -0.000000e+000
    outer loop
      vertex -8.355613e+000  2.608849e+001  3.600000e+000
      vertex -8.402603e+000  2.614329e+001  4.400000e+000
      vertex -8.355613e+000  2.608849e+001  4.400000e+000
    endloop
  endfacet
  facet normal  7.822911e-001  6.229130e-001  0.000000e+000
    outer loop
      vertex -8.355613e+000  2.608849e+001  3.600000e+000
      vertex -8.355613e+000  2.608849e+001  4.400000e+000
      vertex -8.310650e+000  2.603202e+001  3.600000e+000
    endloop
  endfacet
  facet normal  7.822911e-001  6.229130e-001  -0.000000e+000
    outer loop
      vertex -8.310650e+000  2.603202e+001  3.600000e+000
      vertex -8.355613e+000  2.608849e+001  4.400000e+000
      vertex -8.310650e+000  2.603202e+001  4.400000e+000
    endloop
  endfacet
  facet normal  8.099818e-001  5.864550e-001  0.000000e+000
    outer loop
      vertex -8.310650e+000  2.603202e+001  3.600000e+000
      vertex -8.310650e+000  2.603202e+001  4.400000e+000
      vertex -8.268367e+000  2.597362e+001  3.600000e+000
    endloop
  endfacet
  facet normal  8.099818e-001  5.864550e-001  -0.000000e+000
    outer loop
      vertex -8.268367e+000  2.597362e+001  3.600000e+000
      vertex -8.310650e+000  2.603202e+001  4.400000e+000
      vertex -8.268367e+000  2.597362e+001  4.400000e+000
    endloop
  endfacet
  facet normal  8.373557e-001  5.466584e-001  0.000000e+000
    outer loop
      vertex -8.268367e+000  2.597362e+001  3.600000e+000
      vertex -8.268367e+000  2.597362e+001  4.400000e+000
      vertex -8.238080e+000  2.592723e+001  3.600000e+000
    endloop
  endfacet
  facet normal  8.373557e-001  5.466584e-001  -0.000000e+000
    outer loop
      vertex -8.238080e+000  2.592723e+001  3.600000e+000
      vertex -8.268367e+000  2.597362e+001  4.400000e+000
      vertex -8.238080e+000  2.592723e+001  4.400000e+000
    endloop
  endfacet
  facet normal  8.625032e-001  5.060516e-001  0.000000e+000
    outer loop
      vertex -8.238080e+000  2.592723e+001  3.600000e+000
      vertex -8.238080e+000  2.592723e+001  4.400000e+000
      vertex -8.210111e+000  2.587956e+001  3.600000e+000
    endloop
  endfacet
  facet normal  8.625032e-001  5.060516e-001  -0.000000e+000
    outer loop
      vertex -8.210111e+000  2.587956e+001  3.600000e+000
      vertex -8.238080e+000  2.592723e+001  4.400000e+000
      vertex -8.210111e+000  2.587956e+001  4.400000e+000
    endloop
  endfacet
  facet normal  8.873475e-001  4.611011e-001  0.000000e+000
    outer loop
      vertex -8.210111e+000  2.587956e+001  3.600000e+000
      vertex -8.210111e+000  2.587956e+001  4.400000e+000
      vertex -8.184626e+000  2.583052e+001  3.600000e+000
    endloop
  endfacet
  facet normal  8.873475e-001  4.611011e-001  -0.000000e+000
    outer loop
      vertex -8.184626e+000  2.583052e+001  3.600000e+000
      vertex -8.210111e+000  2.587956e+001  4.400000e+000
      vertex -8.184626e+000  2.583052e+001  4.400000e+000
    endloop
  endfacet
  facet normal  9.108646e-001  4.127054e-001  0.000000e+000
    outer loop
      vertex -8.184626e+000  2.583052e+001  3.600000e+000
      vertex -8.184626e+000  2.583052e+001  4.400000e+000
      vertex -8.161762e+000  2.578006e+001  3.600000e+000
    endloop
  endfacet
  facet normal  9.108646e-001  4.127054e-001  -0.000000e+000
    outer loop
      vertex -8.161762e+000  2.578006e+001  3.600000e+000
      vertex -8.184626e+000  2.583052e+001  4.400000e+000
      vertex -8.161762e+000  2.578006e+001  4.400000e+000
    endloop
  endfacet
  facet normal  9.336791e-001  3.581107e-001  0.000000e+000
    outer loop
      vertex -8.161762e+000  2.578006e+001  3.600000e+000
      vertex -8.161762e+000  2.578006e+001  4.400000e+000
      vertex -8.140570e+000  2.572480e+001  3.600000e+000
    endloop
  endfacet
  facet normal  9.336791e-001  3.581107e-001  -0.000000e+000
    outer loop
      vertex -8.140570e+000  2.572480e+001  3.600000e+000
      vertex -8.161762e+000  2.578006e+001  4.400000e+000
      vertex -8.140570e+000  2.572480e+001  4.400000e+000
    endloop
  endfacet
  facet normal  9.554428e-001  2.951761e-001  0.000000e+000
    outer loop
      vertex -8.140570e+000  2.572480e+001  3.600000e+000
      vertex -8.140570e+000  2.572480e+001  4.400000e+000
      vertex -8.122954e+000  2.566778e+001  3.600000e+000
    endloop
  endfacet
  facet normal  9.554428e-001  2.951761e-001  -0.000000e+000
    outer loop
      vertex -8.122954e+000  2.566778e+001  3.600000e+000
      vertex -8.140570e+000  2.572480e+001  4.400000e+000
      vertex -8.122954e+000  2.566778e+001  4.400000e+000
    endloop
  endfacet
  facet normal  9.742900e-001  2.252976e-001  0.000000e+000
    outer loop
      vertex -8.122954e+000  2.566778e+001  3.600000e+000
      vertex -8.122954e+000  2.566778e+001  4.400000e+000
      vertex -8.109416e+000  2.560924e+001  3.600000e+000
    endloop
  endfacet
  facet normal  9.742900e-001  2.252976e-001  -0.000000e+000
    outer loop
      vertex -8.109416e+000  2.560924e+001  3.600000e+000
      vertex -8.122954e+000  2.566778e+001  4.400000e+000
      vertex -8.109416e+000  2.560924e+001  4.400000e+000
    endloop
  endfacet
  facet normal  9.891858e-001  1.466683e-001  0.000000e+000
    outer loop
      vertex -8.109416e+000  2.560924e+001  3.600000e+000
      vertex -8.109416e+000  2.560924e+001  4.400000e+000
      vertex -8.100604e+000  2.554981e+001  3.600000e+000
    endloop
  endfacet
  facet normal  9.891858e-001  1.466683e-001  -0.000000e+000
    outer loop
      vertex -8.100604e+000  2.554981e+001  3.600000e+000
      vertex -8.109416e+000  2.560924e+001  4.400000e+000
      vertex -8.100604e+000  2.554981e+001  4.400000e+000
    endloop
  endfacet
  facet normal  9.983924e-001  5.667961e-002  0.000000e+000
    outer loop
      vertex -8.100604e+000  2.554981e+001  3.600000e+000
      vertex -8.100604e+000  2.554981e+001  4.400000e+000
      vertex -8.097223e+000  2.549026e+001  3.600000e+000
    endloop
  endfacet
  facet normal  9.983924e-001  5.667961e-002  -0.000000e+000
    outer loop
      vertex -8.097223e+000  2.549026e+001  3.600000e+000
      vertex -8.100604e+000  2.554981e+001  4.400000e+000
      vertex -8.097223e+000  2.549026e+001  4.400000e+000
    endloop
  endfacet
  facet normal  9.989411e-001 -4.600896e-002  0.000000e+000
    outer loop
      vertex -8.097223e+000  2.549026e+001  3.600000e+000
      vertex -8.097223e+000  2.549026e+001  4.400000e+000
      vertex -8.099944e+000  2.543118e+001  3.600000e+000
    endloop
  endfacet
  facet normal  9.989411e-001 -4.600896e-002  0.000000e+000
    outer loop
      vertex -8.099944e+000  2.543118e+001  3.600000e+000
      vertex -8.097223e+000  2.549026e+001  4.400000e+000
      vertex -8.099944e+000  2.543118e+001  4.400000e+000
    endloop
  endfacet
  facet normal  9.892208e-001 -1.464319e-001  0.000000e+000
    outer loop
      vertex -8.099944e+000  2.543118e+001  3.600000e+000
      vertex -8.099944e+000  2.543118e+001  4.400000e+000
      vertex -8.106922e+000  2.538404e+001  3.600000e+000
    endloop
  endfacet
  facet normal  9.892208e-001 -1.464319e-001  0.000000e+000
    outer loop
      vertex -8.106922e+000  2.538404e+001  3.600000e+000
      vertex -8.099944e+000  2.543118e+001  4.400000e+000
      vertex -8.106922e+000  2.538404e+001  4.400000e+000
    endloop
  endfacet
  facet normal  9.727374e-001 -2.319091e-001  0.000000e+000
    outer loop
      vertex -8.106922e+000  2.538404e+001  3.600000e+000
      vertex -8.106922e+000  2.538404e+001  4.400000e+000
      vertex -8.117975e+000  2.533768e+001  3.600000e+000
    endloop
  endfacet
  facet normal  9.727374e-001 -2.319091e-001  0.000000e+000
    outer loop
      vertex -8.117975e+000  2.533768e+001  3.600000e+000
      vertex -8.106922e+000  2.538404e+001  4.400000e+000
      vertex -8.117975e+000  2.533768e+001  4.400000e+000
    endloop
  endfacet
  facet normal  9.511945e-001 -3.085918e-001  0.000000e+000
    outer loop
      vertex -8.117975e+000  2.533768e+001  3.600000e+000
      vertex -8.117975e+000  2.533768e+001  4.400000e+000
      vertex -8.132679e+000  2.529236e+001  3.600000e+000
    endloop
  endfacet
  facet normal  9.511945e-001 -3.085918e-001  0.000000e+000
    outer loop
      vertex -8.132679e+000  2.529236e+001  3.600000e+000
      vertex -8.117975e+000  2.533768e+001  4.400000e+000
      vertex -8.132679e+000  2.529236e+001  4.400000e+000
    endloop
  endfacet
  facet normal  9.260333e-001 -3.774418e-001  0.000000e+000
    outer loop
      vertex -8.132679e+000  2.529236e+001  3.600000e+000
      vertex -8.132679e+000  2.529236e+001  4.400000e+000
      vertex -8.150665e+000  2.524823e+001  3.600000e+000
    endloop
  endfacet
  facet normal  9.260333e-001 -3.774418e-001  0.000000e+000
    outer loop
      vertex -8.150665e+000  2.524823e+001  3.600000e+000
      vertex -8.132679e+000  2.529236e+001  4.400000e+000
      vertex -8.150665e+000  2.524823e+001  4.400000e+000
    endloop
  endfacet
  facet normal  8.968477e-001 -4.423393e-001  0.000000e+000
    outer loop
      vertex -8.150665e+000  2.524823e+001  3.600000e+000
      vertex -8.150665e+000  2.524823e+001  4.400000e+000
      vertex -8.173683e+000  2.520156e+001  3.600000e+000
    endloop
  endfacet
  facet normal  8.968477e-001 -4.423393e-001  0.000000e+000
    outer loop
      vertex -8.173683e+000  2.520156e+001  3.600000e+000
      vertex -8.150665e+000  2.524823e+001  4.400000e+000
      vertex -8.173683e+000  2.520156e+001  4.400000e+000
    endloop
  endfacet
  facet normal  8.640027e-001 -5.034871e-001  0.000000e+000
    outer loop
      vertex -8.173683e+000  2.520156e+001  3.600000e+000
      vertex -8.173683e+000  2.520156e+001  4.400000e+000
      vertex -8.199973e+000  2.515644e+001  3.600000e+000
    endloop
  endfacet
  facet normal  8.640027e-001 -5.034871e-001  0.000000e+000
    outer loop
      vertex -8.199973e+000  2.515644e+001  3.600000e+000
      vertex -8.173683e+000  2.520156e+001  4.400000e+000
      vertex -8.199973e+000  2.515644e+001  4.400000e+000
    endloop
  endfacet
  facet normal  8.293007e-001 -5.588027e-001  0.000000e+000
    outer loop
      vertex -8.199973e+000  2.515644e+001  3.600000e+000
      vertex -8.199973e+000  2.515644e+001  4.400000e+000
      vertex -8.229153e+000  2.511314e+001  3.600000e+000
    endloop
  endfacet
  facet normal  8.293007e-001 -5.588027e-001  0.000000e+000
    outer loop
      vertex -8.229153e+000  2.511314e+001  3.600000e+000
      vertex -8.199973e+000  2.515644e+001  4.400000e+000
      vertex -8.229153e+000  2.511314e+001  4.400000e+000
    endloop
  endfacet
  facet normal  7.925688e-001 -6.097825e-001  0.000000e+000
    outer loop
      vertex -8.229153e+000  2.511314e+001  3.600000e+000
      vertex -8.229153e+000  2.511314e+001  4.400000e+000
      vertex -8.260888e+000  2.507189e+001  3.600000e+000
    endloop
  endfacet
  facet normal  7.925688e-001 -6.097825e-001  0.000000e+000
    outer loop
      vertex -8.260888e+000  2.507189e+001  3.600000e+000
      vertex -8.229153e+000  2.511314e+001  4.400000e+000
      vertex -8.260888e+000  2.507189e+001  4.400000e+000
    endloop
  endfacet
  facet normal  7.511476e-001 -6.601343e-001  0.000000e+000
    outer loop
      vertex -8.260888e+000  2.507189e+001  3.600000e+000
      vertex -8.260888e+000  2.507189e+001  4.400000e+000
      vertex -8.299686e+000  2.502774e+001  3.600000e+000
    endloop
  endfacet
  facet normal  7.511476e-001 -6.601343e-001  0.000000e+000
    outer loop
      vertex -8.299686e+000  2.502774e+001  3.600000e+000
      vertex -8.260888e+000  2.507189e+001  4.400000e+000
      vertex -8.299686e+000  2.502774e+001  4.400000e+000
    endloop
  endfacet
  facet normal  7.042859e-001 -7.099165e-001  0.000000e+000
    outer loop
      vertex -8.299686e+000  2.502774e+001  3.600000e+000
      vertex -8.299686e+000  2.502774e+001  4.400000e+000
      vertex -8.341411e+000  2.498635e+001  3.600000e+000
    endloop
  endfacet
  facet normal  7.042859e-001 -7.099165e-001  0.000000e+000
    outer loop
      vertex -8.341411e+000  2.498635e+001  3.600000e+000
      vertex -8.299686e+000  2.502774e+001  4.400000e+000
      vertex -8.341411e+000  2.498635e+001  4.400000e+000
    endloop
  endfacet
  facet normal  6.536520e-001 -7.567952e-001  0.000000e+000
    outer loop
      vertex -8.341411e+000  2.498635e+001  3.600000e+000
      vertex -8.341411e+000  2.498635e+001  4.400000e+000
      vertex -8.385886e+000  2.494794e+001  3.600000e+000
    endloop
  endfacet
  facet normal  6.536520e-001 -7.567952e-001  0.000000e+000
    outer loop
      vertex -8.385886e+000  2.494794e+001  3.600000e+000
      vertex -8.341411e+000  2.498635e+001  4.400000e+000
      vertex -8.385886e+000  2.494794e+001  4.400000e+000
    endloop
  endfacet
  facet normal  6.018676e-001 -7.985958e-001  0.000000e+000
    outer loop
      vertex -8.385886e+000  2.494794e+001  3.600000e+000
      vertex -8.385886e+000  2.494794e+001  4.400000e+000
      vertex -8.432822e+000  2.491256e+001  3.600000e+000
    endloop
  endfacet
  facet normal  6.018676e-001 -7.985958e-001  0.000000e+000
    outer loop
      vertex -8.432822e+000  2.491256e+001  3.600000e+000
      vertex -8.385886e+000  2.494794e+001  4.400000e+000
      vertex -8.432822e+000  2.491256e+001  4.400000e+000
    endloop
  endfacet
  facet normal  5.611872e-001 -8.276889e-001  0.000000e+000
    outer loop
      vertex -8.432822e+000  2.491256e+001  3.600000e+000
      vertex -8.432822e+000  2.491256e+001  4.400000e+000
      vertex -8.475337e+000  2.488374e+001  3.600000e+000
    endloop
  endfacet
  facet normal  5.611872e-001 -8.276889e-001  0.000000e+000
    outer loop
      vertex -8.475337e+000  2.488374e+001  3.600000e+000
      vertex -8.432822e+000  2.491256e+001  4.400000e+000
      vertex -8.475337e+000  2.488374e+001  4.400000e+000
    endloop
  endfacet
  facet normal  5.308409e-001 -8.474715e-001  0.000000e+000
    outer loop
      vertex -8.475337e+000  2.488374e+001  3.600000e+000
      vertex -8.475337e+000  2.488374e+001  4.400000e+000
      vertex -8.518896e+000  2.485645e+001  3.600000e+000
    endloop
  endfacet
  facet normal  5.308409e-001 -8.474715e-001  0.000000e+000
    outer loop
      vertex -8.518896e+000  2.485645e+001  3.600000e+000
      vertex -8.475337e+000  2.488374e+001  4.400000e+000
      vertex -8.518896e+000  2.485645e+001  4.400000e+000
    endloop
  endfacet
  facet normal  5.005314e-001 -8.657183e-001  0.000000e+000
    outer loop
      vertex -8.518896e+000  2.485645e+001  3.600000e+000
      vertex -8.518896e+000  2.485645e+001  4.400000e+000
      vertex -8.607872e+000  2.480501e+001  3.600000e+000
    endloop
  endfacet
  facet normal  5.005314e-001 -8.657183e-001  0.000000e+000
    outer loop
      vertex -8.607872e+000  2.480501e+001  3.600000e+000
      vertex -8.518896e+000  2.485645e+001  4.400000e+000
      vertex -8.607872e+000  2.480501e+001  4.400000e+000
    endloop
  endfacet
  facet normal  4.835698e-001 -8.753058e-001  0.000000e+000
    outer loop
      vertex -8.607872e+000  2.480501e+001  3.600000e+000
      vertex -8.607872e+000  2.480501e+001  4.400000e+000
      vertex -8.709851e+000  2.474867e+001  3.600000e+000
    endloop
  endfacet
  facet normal  4.835698e-001 -8.753058e-001  0.000000e+000
    outer loop
      vertex -8.709851e+000  2.474867e+001  3.600000e+000
      vertex -8.607872e+000  2.480501e+001  4.400000e+000
      vertex -8.709851e+000  2.474867e+001  4.400000e+000
    endloop
  endfacet
  facet normal  4.956470e-001 -8.685240e-001  0.000000e+000
    outer loop
      vertex -8.709851e+000  2.474867e+001  3.600000e+000
      vertex -8.709851e+000  2.474867e+001  4.400000e+000
      vertex -8.811045e+000  2.469092e+001  3.600000e+000
    endloop
  endfacet
  facet normal  4.956470e-001 -8.685240e-001  0.000000e+000
    outer loop
      vertex -8.811045e+000  2.469092e+001  3.600000e+000
      vertex -8.709851e+000  2.474867e+001  4.400000e+000
      vertex -8.811045e+000  2.469092e+001  4.400000e+000
    endloop
  endfacet
  facet normal  5.329762e-001 -8.461302e-001  0.000000e+000
    outer loop
      vertex -8.811045e+000  2.469092e+001  3.600000e+000
      vertex -8.811045e+000  2.469092e+001  4.400000e+000
      vertex -8.909677e+000  2.462879e+001  3.600000e+000
    endloop
  endfacet
  facet normal  5.329762e-001 -8.461302e-001  0.000000e+000
    outer loop
      vertex -8.909677e+000  2.462879e+001  3.600000e+000
      vertex -8.811045e+000  2.469092e+001  4.400000e+000
      vertex -8.909677e+000  2.462879e+001  4.400000e+000
    endloop
  endfacet
  facet normal  5.812986e-001 -8.136903e-001  0.000000e+000
    outer loop
      vertex -8.909677e+000  2.462879e+001  3.600000e+000
      vertex -8.909677e+000  2.462879e+001  4.400000e+000
      vertex -9.004529e+000  2.456103e+001  3.600000e+000
    endloop
  endfacet
  facet normal  5.812986e-001 -8.136903e-001  0.000000e+000
    outer loop
      vertex -9.004529e+000  2.456103e+001  3.600000e+000
      vertex -8.909677e+000  2.462879e+001  4.400000e+000
      vertex -9.004529e+000  2.456103e+001  4.400000e+000
    endloop
  endfacet
  facet normal  6.203881e-001 -7.842950e-001  0.000000e+000
    outer loop
      vertex -9.004529e+000  2.456103e+001  3.600000e+000
      vertex -9.004529e+000  2.456103e+001  4.400000e+000
      vertex -9.064044e+000  2.451395e+001  3.600000e+000
    endloop
  endfacet
  facet normal  6.203881e-001 -7.842950e-001  0.000000e+000
    outer loop
      vertex -9.064044e+000  2.451395e+001  3.600000e+000
      vertex -9.004529e+000  2.456103e+001  4.400000e+000
      vertex -9.064044e+000  2.451395e+001  4.400000e+000
    endloop
  endfacet
  facet normal  6.504191e-001 -7.595755e-001  0.000000e+000
    outer loop
      vertex -9.064044e+000  2.451395e+001  3.600000e+000
      vertex -9.064044e+000  2.451395e+001  4.400000e+000
      vertex -9.121753e+000  2.446454e+001  3.600000e+000
    endloop
  endfacet
  facet normal  6.504191e-001 -7.595755e-001  0.000000e+000
    outer loop
      vertex -9.121753e+000  2.446454e+001  3.600000e+000
      vertex -9.064044e+000  2.451395e+001  4.400000e+000
      vertex -9.121753e+000  2.446454e+001  4.400000e+000
    endloop
  endfacet
  facet normal  6.796886e-001 -7.335008e-001  0.000000e+000
    outer loop
      vertex -9.121753e+000  2.446454e+001  3.600000e+000
      vertex -9.121753e+000  2.446454e+001  4.400000e+000
      vertex -9.177481e+000  2.441290e+001  3.600000e+000
    endloop
  endfacet
  facet normal  6.796886e-001 -7.335008e-001  0.000000e+000
    outer loop
      vertex -9.177481e+000  2.441290e+001  3.600000e+000
      vertex -9.121753e+000  2.446454e+001  4.400000e+000
      vertex -9.177481e+000  2.441290e+001  4.400000e+000
    endloop
  endfacet
  facet normal  7.082558e-001 -7.059559e-001  0.000000e+000
    outer loop
      vertex -9.177481e+000  2.441290e+001  3.600000e+000
      vertex -9.177481e+000  2.441290e+001  4.400000e+000
      vertex -9.231051e+000  2.435915e+001  3.600000e+000
    endloop
  endfacet
  facet normal  7.082558e-001 -7.059559e-001  0.000000e+000
    outer loop
      vertex -9.231051e+000  2.435915e+001  3.600000e+000
      vertex -9.177481e+000  2.441290e+001  4.400000e+000
      vertex -9.231051e+000  2.435915e+001  4.400000e+000
    endloop
  endfacet
  facet normal  7.398845e-001 -6.727340e-001  0.000000e+000
    outer loop
      vertex -9.231051e+000  2.435915e+001  3.600000e+000
      vertex -9.231051e+000  2.435915e+001  4.400000e+000
      vertex -9.296278e+000  2.428742e+001  3.600000e+000
    endloop
  endfacet
  facet normal  7.398845e-001 -6.727340e-001  0.000000e+000
    outer loop
      vertex -9.296278e+000  2.428742e+001  3.600000e+000
      vertex -9.231051e+000  2.435915e+001  4.400000e+000
      vertex -9.296278e+000  2.428742e+001  4.400000e+000
    endloop
  endfacet
  facet normal  7.740405e-001 -6.331360e-001  0.000000e+000
    outer loop
      vertex -9.296278e+000  2.428742e+001  3.600000e+000
      vertex -9.296278e+000  2.428742e+001  4.400000e+000
      vertex -9.357668e+000  2.421236e+001  3.600000e+000
    endloop
  endfacet
  facet normal  7.740405e-001 -6.331360e-001  0.000000e+000
    outer loop
      vertex -9.357668e+000  2.421236e+001  3.600000e+000
      vertex -9.296278e+000  2.428742e+001  4.400000e+000
      vertex -9.357668e+000  2.421236e+001  4.400000e+000
    endloop
  endfacet
  facet normal  8.067072e-001 -5.909513e-001  0.000000e+000
    outer loop
      vertex -9.357668e+000  2.421236e+001  3.600000e+000
      vertex -9.357668e+000  2.421236e+001  4.400000e+000
      vertex -9.414969e+000  2.413414e+001  3.600000e+000
    endloop
  endfacet
  facet normal  8.067072e-001 -5.909513e-001  0.000000e+000
    outer loop
      vertex -9.414969e+000  2.413414e+001  3.600000e+000
      vertex -9.357668e+000  2.421236e+001  4.400000e+000
      vertex -9.414969e+000  2.413414e+001  4.400000e+000
    endloop
  endfacet
  facet normal  8.376900e-001 -5.461460e-001  0.000000e+000
    outer loop
      vertex -9.414969e+000  2.413414e+001  3.600000e+000
      vertex -9.414969e+000  2.413414e+001  4.400000e+000
      vertex -9.467925e+000  2.405292e+001  3.600000e+000
    endloop
  endfacet
  facet normal  8.376900e-001 -5.461460e-001  0.000000e+000
    outer loop
      vertex -9.467925e+000  2.405292e+001  3.600000e+000
      vertex -9.414969e+000  2.413414e+001  4.400000e+000
      vertex -9.467925e+000  2.405292e+001  4.400000e+000
    endloop
  endfacet
  facet normal  8.667545e-001 -4.987350e-001  0.000000e+000
    outer loop
      vertex -9.467925e+000  2.405292e+001  3.600000e+000
      vertex -9.467925e+000  2.405292e+001  4.400000e+000
      vertex -9.516283e+000  2.396888e+001  3.600000e+000
    endloop
  endfacet
  facet normal  8.667545e-001 -4.987350e-001  0.000000e+000
    outer loop
      vertex -9.516283e+000  2.396888e+001  3.600000e+000
      vertex -9.467925e+000  2.405292e+001  4.400000e+000
      vertex -9.516283e+000  2.396888e+001  4.400000e+000
    endloop
  endfacet
  facet normal  8.936468e-001 -4.487709e-001  0.000000e+000
    outer loop
      vertex -9.516283e+000  2.396888e+001  3.600000e+000
      vertex -9.516283e+000  2.396888e+001  4.400000e+000
      vertex -9.559794e+000  2.388223e+001  3.600000e+000
    endloop
  endfacet
  facet normal  8.936468e-001 -4.487709e-001  0.000000e+000
    outer loop
      vertex -9.559794e+000  2.388223e+001  3.600000e+000
      vertex -9.516283e+000  2.396888e+001  4.400000e+000
      vertex -9.559794e+000  2.388223e+001  4.400000e+000
    endloop
  endfacet
  facet normal  9.173090e-001 -3.981761e-001  0.000000e+000
    outer loop
      vertex -9.559794e+000  2.388223e+001  3.600000e+000
      vertex -9.559794e+000  2.388223e+001  4.400000e+000
      vertex -9.595847e+000  2.379917e+001  3.600000e+000
    endloop
  endfacet
  facet normal  9.173090e-001 -3.981761e-001  0.000000e+000
    outer loop
      vertex -9.595847e+000  2.379917e+001  3.600000e+000
      vertex -9.559794e+000  2.388223e+001  4.400000e+000
      vertex -9.595847e+000  2.379917e+001  4.400000e+000
    endloop
  endfacet
  facet normal  9.377412e-001 -3.473349e-001  0.000000e+000
    outer loop
      vertex -9.595847e+000  2.379917e+001  3.600000e+000
      vertex -9.595847e+000  2.379917e+001  4.400000e+000
      vertex -9.627337e+000  2.371416e+001  3.600000e+000
    endloop
  endfacet
  facet normal  9.377412e-001 -3.473349e-001  0.000000e+000
    outer loop
      vertex -9.627337e+000  2.371416e+001  3.600000e+000
      vertex -9.595847e+000  2.379917e+001  4.400000e+000
      vertex -9.627337e+000  2.371416e+001  4.400000e+000
    endloop
  endfacet
  facet normal  9.555654e-001 -2.947791e-001  0.000000e+000
    outer loop
      vertex -9.627337e+000  2.371416e+001  3.600000e+000
      vertex -9.627337e+000  2.371416e+001  4.400000e+000
      vertex -9.654093e+000  2.362742e+001  3.600000e+000
    endloop
  endfacet
  facet normal  9.555654e-001 -2.947791e-001  0.000000e+000
    outer loop
      vertex -9.654093e+000  2.362742e+001  3.600000e+000
      vertex -9.627337e+000  2.371416e+001  4.400000e+000
      vertex -9.654093e+000  2.362742e+001  4.400000e+000
    endloop
  endfacet
  facet normal  9.707071e-001 -2.402655e-001  0.000000e+000
    outer loop
      vertex -9.654093e+000  2.362742e+001  3.600000e+000
      vertex -9.654093e+000  2.362742e+001  4.400000e+000
      vertex -9.675901e+000  2.353931e+001  3.600000e+000
    endloop
  endfacet
  facet normal  9.707071e-001 -2.402655e-001  0.000000e+000
    outer loop
      vertex -9.675901e+000  2.353931e+001  3.600000e+000
      vertex -9.654093e+000  2.362742e+001  4.400000e+000
      vertex -9.675901e+000  2.353931e+001  4.400000e+000
    endloop
  endfacet
  facet normal  9.830707e-001 -1.832266e-001  0.000000e+000
    outer loop
      vertex -9.675901e+000  2.353931e+001  3.600000e+000
      vertex -9.675901e+000  2.353931e+001  4.400000e+000
      vertex -9.692514e+000  2.345018e+001  3.600000e+000
    endloop
  endfacet
  facet normal  9.830707e-001 -1.832266e-001  0.000000e+000
    outer loop
      vertex -9.692514e+000  2.345018e+001  3.600000e+000
      vertex -9.675901e+000  2.353931e+001  4.400000e+000
      vertex -9.692514e+000  2.345018e+001  4.400000e+000
    endloop
  endfacet
  facet normal  9.924130e-001 -1.229483e-001  0.000000e+000
    outer loop
      vertex -9.692514e+000  2.345018e+001  3.600000e+000
      vertex -9.692514e+000  2.345018e+001  4.400000e+000
      vertex -9.703647e+000  2.336032e+001  3.600000e+000
    endloop
  endfacet
  facet normal  9.924130e-001 -1.229483e-001  0.000000e+000
    outer loop
      vertex -9.703647e+000  2.336032e+001  3.600000e+000
      vertex -9.692514e+000  2.345018e+001  4.400000e+000
      vertex -9.703647e+000  2.336032e+001  4.400000e+000
    endloop
  endfacet
  facet normal  9.979739e-001 -6.362590e-002  0.000000e+000
    outer loop
      vertex -9.703647e+000  2.336032e+001  3.600000e+000
      vertex -9.703647e+000  2.336032e+001  4.400000e+000
      vertex -9.708582e+000  2.328291e+001  3.600000e+000
    endloop
  endfacet
  facet normal  9.979739e-001 -6.362590e-002  0.000000e+000
    outer loop
      vertex -9.708582e+000  2.328291e+001  3.600000e+000
      vertex -9.703647e+000  2.336032e+001  4.400000e+000
      vertex -9.708582e+000  2.328291e+001  4.400000e+000
    endloop
  endfacet
  facet normal  9.999850e-001 -5.481862e-003  0.000000e+000
    outer loop
      vertex -9.708582e+000  2.328291e+001  3.600000e+000
      vertex -9.708582e+000  2.328291e+001  4.400000e+000
      vertex -9.709007e+000  2.320532e+001  3.600000e+000
    endloop
  endfacet
  facet normal  9.999850e-001 -5.481862e-003  0.000000e+000
    outer loop
      vertex -9.709007e+000  2.320532e+001  3.600000e+000
      vertex -9.708582e+000  2.328291e+001  4.400000e+000
      vertex -9.709007e+000  2.320532e+001  4.400000e+000
    endloop
  endfacet
  facet normal  9.984239e-001  5.612202e-002  0.000000e+000
    outer loop
      vertex -9.709007e+000  2.320532e+001  3.600000e+000
      vertex -9.709007e+000  2.320532e+001  4.400000e+000
      vertex -9.704652e+000  2.312784e+001  3.600000e+000
    endloop
  endfacet
  facet normal  9.984239e-001  5.612202e-002  -0.000000e+000
    outer loop
      vertex -9.704652e+000  2.312784e+001  3.600000e+000
      vertex -9.709007e+000  2.320532e+001  4.400000e+000
      vertex -9.704652e+000  2.312784e+001  4.400000e+000
    endloop
  endfacet
  facet normal  9.926134e-001  1.213208e-001  0.000000e+000
    outer loop
      vertex -9.704652e+000  2.312784e+001  3.600000e+000
      vertex -9.704652e+000  2.312784e+001  4.400000e+000
      vertex -9.695237e+000  2.305081e+001  3.600000e+000
    endloop
  endfacet
  facet normal  9.926134e-001  1.213208e-001  -0.000000e+000
    outer loop
      vertex -9.695237e+000  2.305081e+001  3.600000e+000
      vertex -9.704652e+000  2.312784e+001  4.400000e+000
      vertex -9.695237e+000  2.305081e+001  4.400000e+000
    endloop
  endfacet
  facet normal  9.817805e-001  1.900181e-001  0.000000e+000
    outer loop
      vertex -9.695237e+000  2.305081e+001  3.600000e+000
      vertex -9.695237e+000  2.305081e+001  4.400000e+000
      vertex -9.680495e+000  2.297464e+001  3.600000e+000
    endloop
  endfacet
  facet normal  9.817805e-001  1.900181e-001  -0.000000e+000
    outer loop
      vertex -9.680495e+000  2.297464e+001  3.600000e+000
      vertex -9.695237e+000  2.305081e+001  4.400000e+000
      vertex -9.680495e+000  2.297464e+001  4.400000e+000
    endloop
  endfacet
  facet normal  9.651151e-001  2.618259e-001  0.000000e+000
    outer loop
      vertex -9.680495e+000  2.297464e+001  3.600000e+000
      vertex -9.680495e+000  2.297464e+001  4.400000e+000
      vertex -9.660189e+000  2.289979e+001  3.600000e+000
    endloop
  endfacet
  facet normal  9.651151e-001  2.618259e-001  -0.000000e+000
    outer loop
      vertex -9.660189e+000  2.289979e+001  3.600000e+000
      vertex -9.680495e+000  2.297464e+001  4.400000e+000
      vertex -9.660189e+000  2.289979e+001  4.400000e+000
    endloop
  endfacet
  facet normal  9.435316e-001  3.312823e-001  0.000000e+000
    outer loop
      vertex -9.660189e+000  2.289979e+001  3.600000e+000
      vertex -9.660189e+000  2.289979e+001  4.400000e+000
      vertex -9.637571e+000  2.283537e+001  3.600000e+000
    endloop
  endfacet
  facet normal  9.435316e-001  3.312823e-001  -0.000000e+000
    outer loop
      vertex -9.637571e+000  2.283537e+001  3.600000e+000
      vertex -9.660189e+000  2.289979e+001  4.400000e+000
      vertex -9.637571e+000  2.283537e+001  4.400000e+000
    endloop
  endfacet
  facet normal  9.191133e-001  3.939933e-001  0.000000e+000
    outer loop
      vertex -9.637571e+000  2.283537e+001  3.600000e+000
      vertex -9.637571e+000  2.283537e+001  4.400000e+000
      vertex -9.610596e+000  2.277245e+001  3.600000e+000
    endloop
  endfacet
  facet normal  9.191133e-001  3.939933e-001  -0.000000e+000
    outer loop
      vertex -9.610596e+000  2.277245e+001  3.600000e+000
      vertex -9.637571e+000  2.283537e+001  4.400000e+000
      vertex -9.610596e+000  2.277245e+001  4.400000e+000
    endloop
  endfacet
  facet normal  8.932766e-001  4.495073e-001  0.000000e+000
    outer loop
      vertex -9.610596e+000  2.277245e+001  3.600000e+000
      vertex -9.610596e+000  2.277245e+001  4.400000e+000
      vertex -9.579816e+000  2.271128e+001  3.600000e+000
    endloop
  endfacet
  facet normal  8.932766e-001  4.495073e-001  -0.000000e+000
    outer loop
      vertex -9.579816e+000  2.271128e+001  3.600000e+000
      vertex -9.610596e+000  2.277245e+001  4.400000e+000
      vertex -9.579816e+000  2.271128e+001  4.400000e+000
    endloop
  endfacet
  facet normal  8.680764e-001  4.964308e-001  0.000000e+000
    outer loop
      vertex -9.579816e+000  2.271128e+001  3.600000e+000
      vertex -9.579816e+000  2.271128e+001  4.400000e+000
      vertex -9.545920e+000  2.265201e+001  3.600000e+000
    endloop
  endfacet
  facet normal  8.680764e-001  4.964308e-001  -0.000000e+000
    outer loop
      vertex -9.545920e+000  2.265201e+001  3.600000e+000
      vertex -9.579816e+000  2.271128e+001  4.400000e+000
      vertex -9.545920e+000  2.265201e+001  4.400000e+000
    endloop
  endfacet
  facet normal  8.465632e-001  5.322882e-001  0.000000e+000
    outer loop
      vertex -9.545920e+000  2.265201e+001  3.600000e+000
      vertex -9.545920e+000  2.265201e+001  4.400000e+000
      vertex -9.515450e+000  2.260355e+001  3.600000e+000
    endloop
  endfacet
  facet normal  8.465632e-001  5.322882e-001  -0.000000e+000
    outer loop
      vertex -9.515450e+000  2.260355e+001  3.600000e+000
      vertex -9.545920e+000  2.265201e+001  4.400000e+000
      vertex -9.515450e+000  2.260355e+001  4.400000e+000
    endloop
  endfacet
  facet normal  8.292423e-001  5.588893e-001  0.000000e+000
    outer loop
      vertex -9.515450e+000  2.260355e+001  3.600000e+000
      vertex -9.515450e+000  2.260355e+001  4.400000e+000
      vertex -9.483441e+000  2.255606e+001  3.600000e+000
    endloop
  endfacet
  facet normal  8.292423e-001  5.588893e-001  -0.000000e+000
    outer loop
      vertex -9.483441e+000  2.255606e+001  3.600000e+000
      vertex -9.515450e+000  2.260355e+001  4.400000e+000
      vertex -9.483441e+000  2.255606e+001  4.400000e+000
    endloop
  endfacet
  facet normal  8.090850e-001  5.876917e-001  0.000000e+000
    outer loop
      vertex -9.483441e+000  2.255606e+001  3.600000e+000
      vertex -9.483441e+000  2.255606e+001  4.400000e+000
      vertex -9.416145e+000  2.246341e+001  3.600000e+000
    endloop
  endfacet
  facet normal  8.090850e-001  5.876917e-001  -0.000000e+000
    outer loop
      vertex -9.416145e+000  2.246341e+001  3.600000e+000
      vertex -9.483441e+000  2.255606e+001  4.400000e+000
      vertex -9.416145e+000  2.246341e+001  4.400000e+000
    endloop
  endfacet
  facet normal  7.936978e-001  6.083122e-001  0.000000e+000
    outer loop
      vertex -9.416145e+000  2.246341e+001  3.600000e+000
      vertex -9.416145e+000  2.246341e+001  4.400000e+000
      vertex -9.346515e+000  2.237256e+001  3.600000e+000
    endloop
  endfacet
  facet normal  7.936978e-001  6.083122e-001  -0.000000e+000
    outer loop
      vertex -9.346515e+000  2.237256e+001  3.600000e+000
      vertex -9.416145e+000  2.246341e+001  4.400000e+000
      vertex -9.346515e+000  2.237256e+001  4.400000e+000
    endloop
  endfacet
  facet normal  7.835997e-001  6.212661e-001  0.000000e+000
    outer loop
      vertex -9.346515e+000  2.237256e+001  3.600000e+000
      vertex -9.346515e+000  2.237256e+001  4.400000e+000
      vertex -9.275398e+000  2.228286e+001  3.600000e+000
    endloop
  endfacet
  facet normal  7.835997e-001  6.212661e-001  -0.000000e+000
    outer loop
      vertex -9.275398e+000  2.228286e+001  3.600000e+000
      vertex -9.346515e+000  2.237256e+001  4.400000e+000
      vertex -9.275398e+000  2.228286e+001  4.400000e+000
    endloop
  endfacet
  facet normal  7.616911e-001  6.479404e-001  0.000000e+000
    outer loop
      vertex -9.275398e+000  2.228286e+001  3.600000e+000
      vertex -9.275398e+000  2.228286e+001  4.400000e+000
      vertex -9.225394e+000  2.222408e+001  3.600000e+000
    endloop
  endfacet
  facet normal  7.616911e-001  6.479404e-001  -0.000000e+000
    outer loop
      vertex -9.225394e+000  2.222408e+001  3.600000e+000
      vertex -9.275398e+000  2.228286e+001  4.400000e+000
      vertex -9.225394e+000  2.222408e+001  4.400000e+000
    endloop
  endfacet
  facet normal  7.314616e-001  6.818827e-001  0.000000e+000
    outer loop
      vertex -9.225394e+000  2.222408e+001  3.600000e+000
      vertex -9.225394e+000  2.222408e+001  4.400000e+000
      vertex -9.172614e+000  2.216746e+001  3.600000e+000
    endloop
  endfacet
  facet normal  7.314616e-001  6.818827e-001  -0.000000e+000
    outer loop
      vertex -9.172614e+000  2.216746e+001  3.600000e+000
      vertex -9.225394e+000  2.222408e+001  4.400000e+000
      vertex -9.172614e+000  2.216746e+001  4.400000e+000
    endloop
  endfacet
  facet normal  6.885091e-001  7.252277e-001  0.000000e+000
    outer loop
      vertex -9.172614e+000  2.216746e+001  3.600000e+000
      vertex -9.172614e+000  2.216746e+001  4.400000e+000
      vertex -9.116483e+000  2.211417e+001  3.600000e+000
    endloop
  endfacet
  facet normal  6.885091e-001  7.252277e-001  -0.000000e+000
    outer loop
      vertex -9.116483e+000  2.211417e+001  3.600000e+000
      vertex -9.172614e+000  2.216746e+001  4.400000e+000
      vertex -9.116483e+000  2.211417e+001  4.400000e+000
    endloop
  endfacet
  facet normal  6.303130e-001  7.763412e-001  0.000000e+000
    outer loop
      vertex -9.116483e+000  2.211417e+001  3.600000e+000
      vertex -9.116483e+000  2.211417e+001  4.400000e+000
      vertex -9.056580e+000  2.206553e+001  3.600000e+000
    endloop
  endfacet
  facet normal  6.303130e-001  7.763412e-001  -0.000000e+000
    outer loop
      vertex -9.056580e+000  2.206553e+001  3.600000e+000
      vertex -9.116483e+000  2.211417e+001  4.400000e+000
      vertex -9.056580e+000  2.206553e+001  4.400000e+000
    endloop
  endfacet
  facet normal  5.707423e-001  8.211292e-001  0.000000e+000
    outer loop
      vertex -9.056580e+000  2.206553e+001  3.600000e+000
      vertex -9.056580e+000  2.206553e+001  4.400000e+000
      vertex -9.017407e+000  2.203831e+001  3.600000e+000
    endloop
  endfacet
  facet normal  5.707423e-001  8.211292e-001  -0.000000e+000
    outer loop
      vertex -9.017407e+000  2.203831e+001  3.600000e+000
      vertex -9.056580e+000  2.206553e+001  4.400000e+000
      vertex -9.017407e+000  2.203831e+001  4.400000e+000
    endloop
  endfacet
  facet normal  5.167468e-001  8.561382e-001  0.000000e+000
    outer loop
      vertex -9.017407e+000  2.203831e+001  3.600000e+000
      vertex -9.017407e+000  2.203831e+001  4.400000e+000
      vertex -8.976421e+000  2.201357e+001  3.600000e+000
    endloop
  endfacet
  facet normal  5.167468e-001  8.561382e-001  -0.000000e+000
    outer loop
      vertex -8.976421e+000  2.201357e+001  3.600000e+000
      vertex -9.017407e+000  2.203831e+001  4.400000e+000
      vertex -8.976421e+000  2.201357e+001  4.400000e+000
    endloop
  endfacet
  facet normal  4.573525e-001  8.892855e-001  0.000000e+000
    outer loop
      vertex -8.976421e+000  2.201357e+001  3.600000e+000
      vertex -8.976421e+000  2.201357e+001  4.400000e+000
      vertex -8.933849e+000  2.199167e+001  3.600000e+000
    endloop
  endfacet
  facet normal  4.573525e-001  8.892855e-001  -0.000000e+000
    outer loop
      vertex -8.933849e+000  2.199167e+001  3.600000e+000
      vertex -8.976421e+000  2.201357e+001  4.400000e+000
      vertex -8.933849e+000  2.199167e+001  4.400000e+000
    endloop
  endfacet
  facet normal  3.946768e-001  9.188200e-001  0.000000e+000
    outer loop
      vertex -8.933849e+000  2.199167e+001  3.600000e+000
      vertex -8.933849e+000  2.199167e+001  4.400000e+000
      vertex -8.890018e+000  2.197285e+001  3.600000e+000
    endloop
  endfacet
  facet normal  3.946768e-001  9.188200e-001  -0.000000e+000
    outer loop
      vertex -8.890018e+000  2.197285e+001  3.600000e+000
      vertex -8.933849e+000  2.199167e+001  4.400000e+000
      vertex -8.890018e+000  2.197285e+001  4.400000e+000
    endloop
  endfacet
  facet normal  3.278516e-001  9.447293e-001  0.000000e+000
    outer loop
      vertex -8.890018e+000  2.197285e+001  3.600000e+000
      vertex -8.890018e+000  2.197285e+001  4.400000e+000
      vertex -8.839454e+000  2.195530e+001  3.600000e+000
    endloop
  endfacet
  facet normal  3.278516e-001  9.447293e-001  -0.000000e+000
    outer loop
      vertex -8.839454e+000  2.195530e+001  3.600000e+000
      vertex -8.890018e+000  2.197285e+001  4.400000e+000
      vertex -8.839454e+000  2.195530e+001  4.400000e+000
    endloop
  endfacet
  facet normal  2.586636e-001  9.659675e-001  0.000000e+000
    outer loop
      vertex -8.839454e+000  2.195530e+001  3.600000e+000
      vertex -8.839454e+000  2.195530e+001  4.400000e+000
      vertex -8.787563e+000  2.194140e+001  3.600000e+000
    endloop
  endfacet
  facet normal  2.586636e-001  9.659675e-001  -0.000000e+000
    outer loop
      vertex -8.787563e+000  2.194140e+001  3.600000e+000
      vertex -8.839454e+000  2.195530e+001  4.400000e+000
      vertex -8.787563e+000  2.194140e+001  4.400000e+000
    endloop
  endfacet
  facet normal  1.922636e-001  9.813433e-001  0.000000e+000
    outer loop
      vertex -8.787563e+000  2.194140e+001  3.600000e+000
      vertex -8.787563e+000  2.194140e+001  4.400000e+000
      vertex -8.734846e+000  2.193107e+001  3.600000e+000
    endloop
  endfacet
  facet normal  1.922636e-001  9.813433e-001  -0.000000e+000
    outer loop
      vertex -8.734846e+000  2.193107e+001  3.600000e+000
      vertex -8.787563e+000  2.194140e+001  4.400000e+000
      vertex -8.734846e+000  2.193107e+001  4.400000e+000
    endloop
  endfacet
  facet normal  1.290307e-001  9.916406e-001  0.000000e+000
    outer loop
      vertex -8.734846e+000  2.193107e+001  3.600000e+000
      vertex -8.734846e+000  2.193107e+001  4.400000e+000
      vertex -8.681767e+000  2.192417e+001  3.600000e+000
    endloop
  endfacet
  facet normal  1.290307e-001  9.916406e-001  -0.000000e+000
    outer loop
      vertex -8.681767e+000  2.192417e+001  3.600000e+000
      vertex -8.734846e+000  2.193107e+001  4.400000e+000
      vertex -8.681767e+000  2.192417e+001  4.400000e+000
    endloop
  endfacet
  facet normal  7.258657e-002  9.973621e-001  0.000000e+000
    outer loop
      vertex -8.681767e+000  2.192417e+001  3.600000e+000
      vertex -8.681767e+000  2.192417e+001  4.400000e+000
      vertex -8.633074e+000  2.192062e+001  3.600000e+000
    endloop
  endfacet
  facet normal  7.258657e-002  9.973621e-001  -0.000000e+000
    outer loop
      vertex -8.633074e+000  2.192062e+001  3.600000e+000
      vertex -8.681767e+000  2.192417e+001  4.400000e+000
      vertex -8.633074e+000  2.192062e+001  4.400000e+000
    endloop
  endfacet
  facet normal  2.273646e-002  9.997415e-001  0.000000e+000
    outer loop
      vertex -8.633074e+000  2.192062e+001  3.600000e+000
      vertex -8.633074e+000  2.192062e+001  4.400000e+000
      vertex -8.584179e+000  2.191951e+001  3.600000e+000
    endloop
  endfacet
  facet normal  2.273646e-002  9.997415e-001  -0.000000e+000
    outer loop
      vertex -8.584179e+000  2.191951e+001  3.600000e+000
      vertex -8.633074e+000  2.192062e+001  4.400000e+000
      vertex -8.584179e+000  2.191951e+001  4.400000e+000
    endloop
  endfacet
  facet normal -2.391355e-002  9.997141e-001  0.000000e+000
    outer loop
      vertex -8.584179e+000  2.191951e+001  3.600000e+000
      vertex -8.584179e+000  2.191951e+001  4.400000e+000
      vertex -8.533386e+000  2.192073e+001  3.600000e+000
    endloop
  endfacet
  facet normal -2.391355e-002  9.997141e-001  0.000000e+000
    outer loop
      vertex -8.533386e+000  2.192073e+001  3.600000e+000
      vertex -8.584179e+000  2.191951e+001  4.400000e+000
      vertex -8.533386e+000  2.192073e+001  4.400000e+000
    endloop
  endfacet
  facet normal -6.715968e-002  9.977422e-001  0.000000e+000
    outer loop
      vertex -8.533386e+000  2.192073e+001  3.600000e+000
      vertex -8.533386e+000  2.192073e+001  4.400000e+000
      vertex -8.482523e+000  2.192415e+001  3.600000e+000
    endloop
  endfacet
  facet normal -6.715968e-002  9.977422e-001  0.000000e+000
    outer loop
      vertex -8.482523e+000  2.192415e+001  3.600000e+000
      vertex -8.533386e+000  2.192073e+001  4.400000e+000
      vertex -8.482523e+000  2.192415e+001  4.400000e+000
    endloop
  endfacet
  facet normal -1.231203e-001  9.923918e-001  0.000000e+000
    outer loop
      vertex -8.482523e+000  2.192415e+001  3.600000e+000
      vertex -8.482523e+000  2.192415e+001  4.400000e+000
      vertex -8.382654e+000  2.193654e+001  3.600000e+000
    endloop
  endfacet
  facet normal -1.231203e-001  9.923918e-001  0.000000e+000
    outer loop
      vertex -8.382654e+000  2.193654e+001  3.600000e+000
      vertex -8.482523e+000  2.192415e+001  4.400000e+000
      vertex -8.382654e+000  2.193654e+001  4.400000e+000
    endloop
  endfacet
  facet normal -1.849606e-001  9.827459e-001  0.000000e+000
    outer loop
      vertex -8.382654e+000  2.193654e+001  3.600000e+000
      vertex -8.382654e+000  2.193654e+001  4.400000e+000
      vertex -8.283389e+000  2.195522e+001  3.600000e+000
    endloop
  endfacet
  facet normal -1.849606e-001  9.827459e-001  0.000000e+000
    outer loop
      vertex -8.283389e+000  2.195522e+001  3.600000e+000
      vertex -8.382654e+000  2.193654e+001  4.400000e+000
      vertex -8.283389e+000  2.195522e+001  4.400000e+000
    endloop
  endfacet
  facet normal -2.266078e-001  9.739861e-001  0.000000e+000
    outer loop
      vertex -8.283389e+000  2.195522e+001  3.600000e+000
      vertex -8.283389e+000  2.195522e+001  4.400000e+000
      vertex -8.217789e+000  2.197049e+001  3.600000e+000
    endloop
  endfacet
  facet normal -2.266078e-001  9.739861e-001  0.000000e+000
    outer loop
      vertex -8.217789e+000  2.197049e+001  3.600000e+000
      vertex -8.283389e+000  2.195522e+001  4.400000e+000
      vertex -8.217789e+000  2.197049e+001  4.400000e+000
    endloop
  endfacet
  facet normal -2.538123e-001  9.672535e-001  0.000000e+000
    outer loop
      vertex -8.217789e+000  2.197049e+001  3.600000e+000
      vertex -8.217789e+000  2.197049e+001  4.400000e+000
      vertex -8.152770e+000  2.198755e+001  3.600000e+000
    endloop
  endfacet
  facet normal -2.538123e-001  9.672535e-001  0.000000e+000
    outer loop
      vertex -8.152770e+000  2.198755e+001  3.600000e+000
      vertex -8.217789e+000  2.197049e+001  4.400000e+000
      vertex -8.152770e+000  2.198755e+001  4.400000e+000
    endloop
  endfacet
  facet normal -2.870438e-001  9.579175e-001  0.000000e+000
    outer loop
      vertex -8.152770e+000  2.198755e+001  3.600000e+000
      vertex -8.152770e+000  2.198755e+001  4.400000e+000
      vertex -8.010528e+000  2.203017e+001  3.600000e+000
    endloop
  endfacet
  facet normal -2.870438e-001  9.579175e-001  0.000000e+000
    outer loop
      vertex -8.010528e+000  2.203017e+001  3.600000e+000
      vertex -8.152770e+000  2.198755e+001  4.400000e+000
      vertex -8.010528e+000  2.203017e+001  4.400000e+000
    endloop
  endfacet
  facet normal -3.140170e-001  9.494174e-001  0.000000e+000
    outer loop
      vertex -8.010528e+000  2.203017e+001  3.600000e+000
      vertex -8.010528e+000  2.203017e+001  4.400000e+000
      vertex -7.898554e+000  2.206721e+001  3.600000e+000
    endloop
  endfacet
  facet normal -3.140170e-001  9.494174e-001  0.000000e+000
    outer loop
      vertex -7.898554e+000  2.206721e+001  3.600000e+000
      vertex -8.010528e+000  2.203017e+001  4.400000e+000
      vertex -7.898554e+000  2.206721e+001  4.400000e+000
    endloop
  endfacet
  facet normal -3.236952e-001  9.461614e-001  0.000000e+000
    outer loop
      vertex -7.898554e+000  2.206721e+001  3.600000e+000
      vertex -7.898554e+000  2.206721e+001  4.400000e+000
      vertex -7.759788e+000  2.211468e+001  3.600000e+000
    endloop
  endfacet
  facet normal -3.236952e-001  9.461614e-001  0.000000e+000
    outer loop
      vertex -7.759788e+000  2.211468e+001  3.600000e+000
      vertex -7.898554e+000  2.206721e+001  4.400000e+000
      vertex -7.759788e+000  2.211468e+001  4.400000e+000
    endloop
  endfacet
  facet normal -3.128053e-001  9.498172e-001  0.000000e+000
    outer loop
      vertex -7.759788e+000  2.211468e+001  3.600000e+000
      vertex -7.759788e+000  2.211468e+001  4.400000e+000
      vertex -7.689397e+000  2.213786e+001  3.600000e+000
    endloop
  endfacet
  facet normal -3.128053e-001  9.498172e-001  0.000000e+000
    outer loop
      vertex -7.689397e+000  2.213786e+001  3.600000e+000
      vertex -7.759788e+000  2.211468e+001  4.400000e+000
      vertex -7.689397e+000  2.213786e+001  4.400000e+000
    endloop
  endfacet
  facet normal -2.789565e-001  9.603038e-001  0.000000e+000
    outer loop
      vertex -7.689397e+000  2.213786e+001  3.600000e+000
      vertex -7.689397e+000  2.213786e+001  4.400000e+000
      vertex -7.594584e+000  2.216540e+001  3.600000e+000
    endloop
  endfacet
  facet normal -2.789565e-001  9.603038e-001  0.000000e+000
    outer loop
      vertex -7.594584e+000  2.216540e+001  3.600000e+000
      vertex -7.689397e+000  2.213786e+001  4.400000e+000
      vertex -7.594584e+000  2.216540e+001  4.400000e+000
    endloop
  endfacet
  facet normal -2.287096e-001  9.734948e-001  0.000000e+000
    outer loop
      vertex -7.594584e+000  2.216540e+001  3.600000e+000
      vertex -7.594584e+000  2.216540e+001  4.400000e+000
      vertex -7.546871e+000  2.217661e+001  3.600000e+000
    endloop
  endfacet
  facet normal -2.287096e-001  9.734948e-001  0.000000e+000
    outer loop
      vertex -7.546871e+000  2.217661e+001  3.600000e+000
      vertex -7.594584e+000  2.216540e+001  4.400000e+000
      vertex -7.546871e+000  2.217661e+001  4.400000e+000
    endloop
  endfacet
  facet normal -1.658469e-001  9.861515e-001  0.000000e+000
    outer loop
      vertex -7.546871e+000  2.217661e+001  3.600000e+000
      vertex -7.546871e+000  2.217661e+001  4.400000e+000
      vertex -7.474887e+000  2.218872e+001  3.600000e+000
    endloop
  endfacet
  facet normal -1.658469e-001  9.861515e-001  0.000000e+000
    outer loop
      vertex -7.474887e+000  2.218872e+001  3.600000e+000
      vertex -7.546871e+000  2.217661e+001  4.400000e+000
      vertex -7.474887e+000  2.218872e+001  4.400000e+000
    endloop
  endfacet
  facet normal -8.722875e-002  9.961882e-001  0.000000e+000
    outer loop
      vertex -7.474887e+000  2.218872e+001  3.600000e+000
      vertex -7.474887e+000  2.218872e+001  4.400000e+000
      vertex -7.428838e+000  2.219275e+001  3.600000e+000
    endloop
  endfacet
  facet normal -8.722875e-002  9.961882e-001  0.000000e+000
    outer loop
      vertex -7.428838e+000  2.219275e+001  3.600000e+000
      vertex -7.474887e+000  2.218872e+001  4.400000e+000
      vertex -7.428838e+000  2.219275e+001  4.400000e+000
    endloop
  endfacet
  facet normal -1.485582e-002  9.998897e-001  0.000000e+000
    outer loop
      vertex -7.428838e+000  2.219275e+001  3.600000e+000
      vertex -7.428838e+000  2.219275e+001  4.400000e+000
      vertex -7.382623e+000  2.219344e+001  3.600000e+000
    endloop
  endfacet
  facet normal -1.485582e-002  9.998897e-001  0.000000e+000
    outer loop
      vertex -7.382623e+000  2.219344e+001  3.600000e+000
      vertex -7.428838e+000  2.219275e+001  4.400000e+000
      vertex -7.382623e+000  2.219344e+001  4.400000e+000
    endloop
  endfacet
  facet normal  6.016118e-002  9.981887e-001  0.000000e+000
    outer loop
      vertex -7.382623e+000  2.219344e+001  3.600000e+000
      vertex -7.382623e+000  2.219344e+001  4.400000e+000
      vertex -7.336482e+000  2.219066e+001  3.600000e+000
    endloop
  endfacet
  facet normal  6.016118e-002  9.981887e-001  -0.000000e+000
    outer loop
      vertex -7.336482e+000  2.219066e+001  3.600000e+000
      vertex -7.382623e+000  2.219344e+001  4.400000e+000
      vertex -7.336482e+000  2.219066e+001  4.400000e+000
    endloop
  endfacet
  facet normal  1.315367e-001  9.913113e-001  0.000000e+000
    outer loop
      vertex -7.336482e+000  2.219066e+001  3.600000e+000
      vertex -7.336482e+000  2.219066e+001  4.400000e+000
      vertex -7.290656e+000  2.218458e+001  3.600000e+000
    endloop
  endfacet
  facet normal  1.315367e-001  9.913113e-001  -0.000000e+000
    outer loop
      vertex -7.290656e+000  2.218458e+001  3.600000e+000
      vertex -7.336482e+000  2.219066e+001  4.400000e+000
      vertex -7.290656e+000  2.218458e+001  4.400000e+000
    endloop
  endfacet
  facet normal  1.978848e-001  9.802253e-001  0.000000e+000
    outer loop
      vertex -7.290656e+000  2.218458e+001  3.600000e+000
      vertex -7.290656e+000  2.218458e+001  4.400000e+000
      vertex -7.249396e+000  2.217625e+001  3.600000e+000
    endloop
  endfacet
  facet normal  1.978848e-001  9.802253e-001  -0.000000e+000
    outer loop
      vertex -7.249396e+000  2.217625e+001  3.600000e+000
      vertex -7.290656e+000  2.218458e+001  4.400000e+000
      vertex -7.249396e+000  2.217625e+001  4.400000e+000
    endloop
  endfacet
  facet normal  2.610671e-001  9.653206e-001  0.000000e+000
    outer loop
      vertex -7.249396e+000  2.217625e+001  3.600000e+000
      vertex -7.249396e+000  2.217625e+001  4.400000e+000
      vertex -7.208618e+000  2.216522e+001  3.600000e+000
    endloop
  endfacet
  facet normal  2.610671e-001  9.653206e-001  -0.000000e+000
    outer loop
      vertex -7.208618e+000  2.216522e+001  3.600000e+000
      vertex -7.249396e+000  2.217625e+001  4.400000e+000
      vertex -7.208618e+000  2.216522e+001  4.400000e+000
    endloop
  endfacet
  facet normal  3.251104e-001  9.456760e-001  0.000000e+000
    outer loop
      vertex -7.208618e+000  2.216522e+001  3.600000e+000
      vertex -7.208618e+000  2.216522e+001  4.400000e+000
      vertex -7.168672e+000  2.215149e+001  3.600000e+000
    endloop
  endfacet
  facet normal  3.251104e-001  9.456760e-001  -0.000000e+000
    outer loop
      vertex -7.168672e+000  2.215149e+001  3.600000e+000
      vertex -7.208618e+000  2.216522e+001  4.400000e+000
      vertex -7.168672e+000  2.215149e+001  4.400000e+000
    endloop
  endfacet
  facet normal  3.919780e-001  9.199746e-001  0.000000e+000
    outer loop
      vertex -7.168672e+000  2.215149e+001  3.600000e+000
      vertex -7.168672e+000  2.215149e+001  4.400000e+000
      vertex -7.129954e+000  2.213499e+001  3.600000e+000
    endloop
  endfacet
  facet normal  3.919780e-001  9.199746e-001  -0.000000e+000
    outer loop
      vertex -7.129954e+000  2.213499e+001  3.600000e+000
      vertex -7.168672e+000  2.215149e+001  4.400000e+000
      vertex -7.129954e+000  2.213499e+001  4.400000e+000
    endloop
  endfacet
  facet normal  4.560034e-001  8.899779e-001  0.000000e+000
    outer loop
      vertex -7.129954e+000  2.213499e+001  3.600000e+000
      vertex -7.129954e+000  2.213499e+001  4.400000e+000
      vertex -7.099362e+000  2.211931e+001  3.600000e+000
    endloop
  endfacet
  facet normal  4.560034e-001  8.899779e-001  -0.000000e+000
    outer loop
      vertex -7.099362e+000  2.211931e+001  3.600000e+000
      vertex -7.129954e+000  2.213499e+001  4.400000e+000
      vertex -7.099362e+000  2.211931e+001  4.400000e+000
    endloop
  endfacet
  facet normal  5.169325e-001  8.560262e-001  0.000000e+000
    outer loop
      vertex -7.099362e+000  2.211931e+001  3.600000e+000
      vertex -7.099362e+000  2.211931e+001  4.400000e+000
      vertex -7.069802e+000  2.210146e+001  3.600000e+000
    endloop
  endfacet
  facet normal  5.169325e-001  8.560262e-001  -0.000000e+000
    outer loop
      vertex -7.069802e+000  2.210146e+001  3.600000e+000
      vertex -7.099362e+000  2.211931e+001  4.400000e+000
      vertex -7.069802e+000  2.210146e+001  4.400000e+000
    endloop
  endfacet
  facet normal  5.813584e-001  8.136476e-001  0.000000e+000
    outer loop
      vertex -7.069802e+000  2.210146e+001  3.600000e+000
      vertex -7.069802e+000  2.210146e+001  4.400000e+000
      vertex -7.041708e+000  2.208139e+001  3.600000e+000
    endloop
  endfacet
  facet normal  5.813584e-001  8.136476e-001  -0.000000e+000
    outer loop
      vertex -7.041708e+000  2.208139e+001  3.600000e+000
      vertex -7.069802e+000  2.210146e+001  4.400000e+000
      vertex -7.041708e+000  2.208139e+001  4.400000e+000
    endloop
  endfacet
  facet normal  6.499794e-001  7.599517e-001  0.000000e+000
    outer loop
      vertex -7.041708e+000  2.208139e+001  3.600000e+000
      vertex -7.041708e+000  2.208139e+001  4.400000e+000
      vertex -7.015601e+000  2.205906e+001  3.600000e+000
    endloop
  endfacet
  facet normal  6.499794e-001  7.599517e-001  -0.000000e+000
    outer loop
      vertex -7.015601e+000  2.205906e+001  3.600000e+000
      vertex -7.041708e+000  2.208139e+001  4.400000e+000
      vertex -7.015601e+000  2.205906e+001  4.400000e+000
    endloop
  endfacet
  facet normal  7.344352e-001  6.786788e-001  0.000000e+000
    outer loop
      vertex -7.015601e+000  2.205906e+001  3.600000e+000
      vertex -7.015601e+000  2.205906e+001  4.400000e+000
      vertex -6.984862e+000  2.202580e+001  3.600000e+000
    endloop
  endfacet
  facet normal  7.344352e-001  6.786788e-001  -0.000000e+000
    outer loop
      vertex -6.984862e+000  2.202580e+001  3.600000e+000
      vertex -7.015601e+000  2.205906e+001  4.400000e+000
      vertex -6.984862e+000  2.202580e+001  4.400000e+000
    endloop
  endfacet
  facet normal  8.244189e-001  5.659800e-001  0.000000e+000
    outer loop
      vertex -6.984862e+000  2.202580e+001  3.600000e+000
      vertex -6.984862e+000  2.202580e+001  4.400000e+000
      vertex -6.959228e+000  2.198846e+001  3.600000e+000
    endloop
  endfacet
  facet normal  8.244189e-001  5.659800e-001  -0.000000e+000
    outer loop
      vertex -6.959228e+000  2.198846e+001  3.600000e+000
      vertex -6.984862e+000  2.202580e+001  4.400000e+000
      vertex -6.959228e+000  2.198846e+001  4.400000e+000
    endloop
  endfacet
  facet normal  8.960154e-001  4.440230e-001  0.000000e+000
    outer loop
      vertex -6.959228e+000  2.198846e+001  3.600000e+000
      vertex -6.959228e+000  2.198846e+001  4.400000e+000
      vertex -6.936061e+000  2.194171e+001  3.600000e+000
    endloop
  endfacet
  facet normal  8.960154e-001  4.440230e-001  -0.000000e+000
    outer loop
      vertex -6.936061e+000  2.194171e+001  3.600000e+000
      vertex -6.959228e+000  2.198846e+001  4.400000e+000
      vertex -6.936061e+000  2.194171e+001  4.400000e+000
    endloop
  endfacet
  facet normal  9.455521e-001  3.254709e-001  0.000000e+000
    outer loop
      vertex -6.936061e+000  2.194171e+001  3.600000e+000
      vertex -6.936061e+000  2.194171e+001  4.400000e+000
      vertex -6.919073e+000  2.189235e+001  3.600000e+000
    endloop
  endfacet
  facet normal  9.455521e-001  3.254709e-001  -0.000000e+000
    outer loop
      vertex -6.919073e+000  2.189235e+001  3.600000e+000
      vertex -6.936061e+000  2.194171e+001  4.400000e+000
      vertex -6.919073e+000  2.189235e+001  4.400000e+000
    endloop
  endfacet
  facet normal  9.741477e-001  2.259123e-001  0.000000e+000
    outer loop
      vertex -6.919073e+000  2.189235e+001  3.600000e+000
      vertex -6.919073e+000  2.189235e+001  4.400000e+000
      vertex -6.909233e+000  2.184992e+001  3.600000e+000
    endloop
  endfacet
  facet normal  9.741477e-001  2.259123e-001  -0.000000e+000
    outer loop
      vertex -6.909233e+000  2.184992e+001  3.600000e+000
      vertex -6.919073e+000  2.189235e+001  4.400000e+000
      vertex -6.909233e+000  2.184992e+001  4.400000e+000
    endloop
  endfacet
  facet normal  9.898525e-001  1.420983e-001  0.000000e+000
    outer loop
      vertex -6.909233e+000  2.184992e+001  3.600000e+000
      vertex -6.909233e+000  2.184992e+001  4.400000e+000
      vertex -6.903011e+000  2.180658e+001  3.600000e+000
    endloop
  endfacet
  facet normal  9.898525e-001  1.420983e-001  -0.000000e+000
    outer loop
      vertex -6.903011e+000  2.180658e+001  3.600000e+000
      vertex -6.909233e+000  2.184992e+001  4.400000e+000
      vertex -6.903011e+000  2.180658e+001  4.400000e+000
    endloop
  endfacet
  facet normal  9.979978e-001  6.324878e-002  0.000000e+000
    outer loop
      vertex -6.903011e+000  2.180658e+001  3.600000e+000
      vertex -6.903011e+000  2.180658e+001  4.400000e+000
      vertex -6.900241e+000  2.176288e+001  3.600000e+000
    endloop
  endfacet
  facet normal  9.979978e-001  6.324878e-002  -0.000000e+000
    outer loop
      vertex -6.900241e+000  2.176288e+001  3.600000e+000
      vertex -6.903011e+000  2.180658e+001  4.400000e+000
      vertex -6.900241e+000  2.176288e+001  4.400000e+000
    endloop
  endfacet
  facet normal  9.999114e-001 -1.330880e-002  0.000000e+000
    outer loop
      vertex -6.900241e+000  2.176288e+001  3.600000e+000
      vertex -6.900241e+000  2.176288e+001  4.400000e+000
      vertex -6.900821e+000  2.171932e+001  3.600000e+000
    endloop
  endfacet
  facet normal  9.999114e-001 -1.330880e-002  0.000000e+000
    outer loop
      vertex -6.900821e+000  2.171932e+001  3.600000e+000
      vertex -6.900241e+000  2.176288e+001  4.400000e+000
      vertex -6.900821e+000  2.171932e+001  4.400000e+000
    endloop
  endfacet
  facet normal  9.959194e-001 -9.024736e-002  0.000000e+000
    outer loop
      vertex -6.900821e+000  2.171932e+001  3.600000e+000
      vertex -6.900821e+000  2.171932e+001  4.400000e+000
      vertex -6.904938e+000  2.167389e+001  3.600000e+000
    endloop
  endfacet
  facet normal  9.959194e-001 -9.024736e-002  0.000000e+000
    outer loop
      vertex -6.904938e+000  2.167389e+001  3.600000e+000
      vertex -6.900821e+000  2.171932e+001  4.400000e+000
      vertex -6.904938e+000  2.167389e+001  4.400000e+000
    endloop
  endfacet
  facet normal  9.860213e-001 -1.666195e-001  0.000000e+000
    outer loop
      vertex -6.904938e+000  2.167389e+001  3.600000e+000
      vertex -6.904938e+000  2.167389e+001  4.400000e+000
      vertex -6.912572e+000  2.162871e+001  3.600000e+000
    endloop
  endfacet
  facet normal  9.860213e-001 -1.666195e-001  0.000000e+000
    outer loop
      vertex -6.912572e+000  2.162871e+001  3.600000e+000
      vertex -6.904938e+000  2.167389e+001  4.400000e+000
      vertex -6.912572e+000  2.162871e+001  4.400000e+000
    endloop
  endfacet
  facet normal  9.708847e-001 -2.395472e-001  0.000000e+000
    outer loop
      vertex -6.912572e+000  2.162871e+001  3.600000e+000
      vertex -6.912572e+000  2.162871e+001  4.400000e+000
      vertex -6.923549e+000  2.158422e+001  3.600000e+000
    endloop
  endfacet
  facet normal  9.708847e-001 -2.395472e-001  0.000000e+000
    outer loop
      vertex -6.923549e+000  2.158422e+001  3.600000e+000
      vertex -6.912572e+000  2.162871e+001  4.400000e+000
      vertex -6.923549e+000  2.158422e+001  4.400000e+000
    endloop
  endfacet
  facet normal  9.508749e-001 -3.095757e-001  0.000000e+000
    outer loop
      vertex -6.923549e+000  2.158422e+001  3.600000e+000
      vertex -6.923549e+000  2.158422e+001  4.400000e+000
      vertex -6.937672e+000  2.154084e+001  3.600000e+000
    endloop
  endfacet
  facet normal  9.508749e-001 -3.095757e-001  0.000000e+000
    outer loop
      vertex -6.937672e+000  2.154084e+001  3.600000e+000
      vertex -6.923549e+000  2.158422e+001  4.400000e+000
      vertex -6.937672e+000  2.154084e+001  4.400000e+000
    endloop
  endfacet
  facet normal  9.262580e-001 -3.768900e-001  0.000000e+000
    outer loop
      vertex -6.937672e+000  2.154084e+001  3.600000e+000
      vertex -6.937672e+000  2.154084e+001  4.400000e+000
      vertex -6.955073e+000  2.149808e+001  3.600000e+000
    endloop
  endfacet
  facet normal  9.262580e-001 -3.768900e-001  0.000000e+000
    outer loop
      vertex -6.955073e+000  2.149808e+001  3.600000e+000
      vertex -6.937672e+000  2.154084e+001  4.400000e+000
      vertex -6.955073e+000  2.149808e+001  4.400000e+000
    endloop
  endfacet
  facet normal  8.972813e-001 -4.414593e-001  0.000000e+000
    outer loop
      vertex -6.955073e+000  2.149808e+001  3.600000e+000
      vertex -6.955073e+000  2.149808e+001  4.400000e+000
      vertex -6.975533e+000  2.145649e+001  3.600000e+000
    endloop
  endfacet
  facet normal  8.972813e-001 -4.414593e-001  0.000000e+000
    outer loop
      vertex -6.975533e+000  2.145649e+001  3.600000e+000
      vertex -6.955073e+000  2.149808e+001  4.400000e+000
      vertex -6.975533e+000  2.145649e+001  4.400000e+000
    endloop
  endfacet
  facet normal  8.643515e-001 -5.028881e-001  0.000000e+000
    outer loop
      vertex -6.975533e+000  2.145649e+001  3.600000e+000
      vertex -6.975533e+000  2.145649e+001  4.400000e+000
      vertex -6.998840e+000  2.141643e+001  3.600000e+000
    endloop
  endfacet
  facet normal  8.643515e-001 -5.028881e-001  0.000000e+000
    outer loop
      vertex -6.998840e+000  2.141643e+001  3.600000e+000
      vertex -6.975533e+000  2.145649e+001  4.400000e+000
      vertex -6.998840e+000  2.141643e+001  4.400000e+000
    endloop
  endfacet
  facet normal  8.271514e-001 -5.619792e-001  0.000000e+000
    outer loop
      vertex -6.998840e+000  2.141643e+001  3.600000e+000
      vertex -6.998840e+000  2.141643e+001  4.400000e+000
      vertex -7.024786e+000  2.137824e+001  3.600000e+000
    endloop
  endfacet
  facet normal  8.271514e-001 -5.619792e-001  0.000000e+000
    outer loop
      vertex -7.024786e+000  2.137824e+001  3.600000e+000
      vertex -6.998840e+000  2.141643e+001  4.400000e+000
      vertex -7.024786e+000  2.137824e+001  4.400000e+000
    endloop
  endfacet
  facet normal  7.834600e-001 -6.214422e-001  0.000000e+000
    outer loop
      vertex -7.024786e+000  2.137824e+001  3.600000e+000
      vertex -7.024786e+000  2.137824e+001  4.400000e+000
      vertex -7.056067e+000  2.133880e+001  3.600000e+000
    endloop
  endfacet
  facet normal  7.834600e-001 -6.214422e-001  0.000000e+000
    outer loop
      vertex -7.056067e+000  2.133880e+001  3.600000e+000
      vertex -7.024786e+000  2.137824e+001  4.400000e+000
      vertex -7.056067e+000  2.133880e+001  4.400000e+000
    endloop
  endfacet
  facet normal  7.328829e-001 -6.803548e-001  0.000000e+000
    outer loop
      vertex -7.056067e+000  2.133880e+001  3.600000e+000
      vertex -7.056067e+000  2.133880e+001  4.400000e+000
      vertex -7.090462e+000  2.130175e+001  3.600000e+000
    endloop
  endfacet
  facet normal  7.328829e-001 -6.803548e-001  0.000000e+000
    outer loop
      vertex -7.090462e+000  2.130175e+001  3.600000e+000
      vertex -7.056067e+000  2.133880e+001  4.400000e+000
      vertex -7.090462e+000  2.130175e+001  4.400000e+000
    endloop
  endfacet
  facet normal  6.799315e-001 -7.332757e-001  0.000000e+000
    outer loop
      vertex -7.090462e+000  2.130175e+001  3.600000e+000
      vertex -7.090462e+000  2.130175e+001  4.400000e+000
      vertex -7.127535e+000  2.126738e+001  3.600000e+000
    endloop
  endfacet
  facet normal  6.799315e-001 -7.332757e-001  0.000000e+000
    outer loop
      vertex -7.127535e+000  2.126738e+001  3.600000e+000
      vertex -7.090462e+000  2.130175e+001  4.400000e+000
      vertex -7.127535e+000  2.126738e+001  4.400000e+000
    endloop
  endfacet
  facet normal  6.268180e-001 -7.791657e-001  0.000000e+000
    outer loop
      vertex -7.127535e+000  2.126738e+001  3.600000e+000
      vertex -7.127535e+000  2.126738e+001  4.400000e+000
      vertex -7.166762e+000  2.123582e+001  3.600000e+000
    endloop
  endfacet
  facet normal  6.268180e-001 -7.791657e-001  0.000000e+000
    outer loop
      vertex -7.166762e+000  2.123582e+001  3.600000e+000
      vertex -7.127535e+000  2.126738e+001  4.400000e+000
      vertex -7.166762e+000  2.123582e+001  4.400000e+000
    endloop
  endfacet
  facet normal  5.799384e-001 -8.146603e-001  0.000000e+000
    outer loop
      vertex -7.166762e+000  2.123582e+001  3.600000e+000
      vertex -7.166762e+000  2.123582e+001  4.400000e+000
      vertex -7.200991e+000  2.121145e+001  3.600000e+000
    endloop
  endfacet
  facet normal  5.799384e-001 -8.146603e-001  0.000000e+000
    outer loop
      vertex -7.200991e+000  2.121145e+001  3.600000e+000
      vertex -7.166762e+000  2.123582e+001  4.400000e+000
      vertex -7.200991e+000  2.121145e+001  4.400000e+000
    endloop
  endfacet
  facet normal  5.393829e-001 -8.420606e-001  0.000000e+000
    outer loop
      vertex -7.200991e+000  2.121145e+001  3.600000e+000
      vertex -7.200991e+000  2.121145e+001  4.400000e+000
      vertex -7.236425e+000  2.118876e+001  3.600000e+000
    endloop
  endfacet
  facet normal  5.393829e-001 -8.420606e-001  0.000000e+000
    outer loop
      vertex -7.236425e+000  2.118876e+001  3.600000e+000
      vertex -7.200991e+000  2.121145e+001  4.400000e+000
      vertex -7.236425e+000  2.118876e+001  4.400000e+000
    endloop
  endfacet
  facet normal  4.986315e-001 -8.668141e-001  0.000000e+000
    outer loop
      vertex -7.236425e+000  2.118876e+001  3.600000e+000
      vertex -7.236425e+000  2.118876e+001  4.400000e+000
      vertex -7.277394e+000  2.116519e+001  3.600000e+000
    endloop
  endfacet
  facet normal  4.986315e-001 -8.668141e-001  0.000000e+000
    outer loop
      vertex -7.277394e+000  2.116519e+001  3.600000e+000
      vertex -7.236425e+000  2.118876e+001  4.400000e+000
      vertex -7.277394e+000  2.116519e+001  4.400000e+000
    endloop
  endfacet
  facet normal  4.581086e-001 -8.888962e-001  0.000000e+000
    outer loop
      vertex -7.277394e+000  2.116519e+001  3.600000e+000
      vertex -7.277394e+000  2.116519e+001  4.400000e+000
      vertex -7.319514e+000  2.114348e+001  3.600000e+000
    endloop
  endfacet
  facet normal  4.581086e-001 -8.888962e-001  0.000000e+000
    outer loop
      vertex -7.319514e+000  2.114348e+001  3.600000e+000
      vertex -7.277394e+000  2.116519e+001  4.400000e+000
      vertex -7.319514e+000  2.114348e+001  4.400000e+000
    endloop
  endfacet
  facet normal  4.043833e-001 -9.145896e-001  0.000000e+000
    outer loop
      vertex -7.319514e+000  2.114348e+001  3.600000e+000
      vertex -7.319514e+000  2.114348e+001  4.400000e+000
      vertex -7.401714e+000  2.110714e+001  3.600000e+000
    endloop
  endfacet
  facet normal  4.043833e-001 -9.145896e-001  0.000000e+000
    outer loop
      vertex -7.401714e+000  2.110714e+001  3.600000e+000
      vertex -7.319514e+000  2.114348e+001  4.400000e+000
      vertex -7.401714e+000  2.110714e+001  4.400000e+000
    endloop
  endfacet
  facet normal  3.404612e-001 -9.402586e-001  0.000000e+000
    outer loop
      vertex -7.401714e+000  2.110714e+001  3.600000e+000
      vertex -7.401714e+000  2.110714e+001  4.400000e+000
      vertex -7.486211e+000  2.107654e+001  3.600000e+000
    endloop
  endfacet
  facet normal  3.404612e-001 -9.402586e-001  0.000000e+000
    outer loop
      vertex -7.486211e+000  2.107654e+001  3.600000e+000
      vertex -7.401714e+000  2.110714e+001  4.400000e+000
      vertex -7.486211e+000  2.107654e+001  4.400000e+000
    endloop
  endfacet
  facet normal  2.822298e-001 -9.593468e-001  0.000000e+000
    outer loop
      vertex -7.486211e+000  2.107654e+001  3.600000e+000
      vertex -7.486211e+000  2.107654e+001  4.400000e+000
      vertex -7.572116e+000  2.105127e+001  3.600000e+000
    endloop
  endfacet
  facet normal  2.822298e-001 -9.593468e-001  0.000000e+000
    outer loop
      vertex -7.572116e+000  2.105127e+001  3.600000e+000
      vertex -7.486211e+000  2.107654e+001  4.400000e+000
      vertex -7.572116e+000  2.105127e+001  4.400000e+000
    endloop
  endfacet
  facet normal  2.274046e-001 -9.738004e-001  0.000000e+000
    outer loop
      vertex -7.572116e+000  2.105127e+001  3.600000e+000
      vertex -7.572116e+000  2.105127e+001  4.400000e+000
      vertex -7.658956e+000  2.103099e+001  3.600000e+000
    endloop
  endfacet
  facet normal  2.274046e-001 -9.738004e-001  0.000000e+000
    outer loop
      vertex -7.658956e+000  2.103099e+001  3.600000e+000
      vertex -7.572116e+000  2.105127e+001  4.400000e+000
      vertex -7.658956e+000  2.103099e+001  4.400000e+000
    endloop
  endfacet
  facet normal  1.831662e-001 -9.830819e-001  0.000000e+000
    outer loop
      vertex -7.658956e+000  2.103099e+001  3.600000e+000
      vertex -7.658956e+000  2.103099e+001  4.400000e+000
      vertex -7.718023e+000  2.101999e+001  3.600000e+000
    endloop
  endfacet
  facet normal  1.831662e-001 -9.830819e-001  0.000000e+000
    outer loop
      vertex -7.718023e+000  2.101999e+001  3.600000e+000
      vertex -7.658956e+000  2.103099e+001  4.400000e+000
      vertex -7.718023e+000  2.101999e+001  4.400000e+000
    endloop
  endfacet
  facet normal  1.488394e-001 -9.888614e-001  0.000000e+000
    outer loop
      vertex -7.718023e+000  2.101999e+001  3.600000e+000
      vertex -7.718023e+000  2.101999e+001  4.400000e+000
      vertex -7.777455e+000  2.101104e+001  3.600000e+000
    endloop
  endfacet
  facet normal  1.488394e-001 -9.888614e-001  0.000000e+000
    outer loop
      vertex -7.777455e+000  2.101104e+001  3.600000e+000
      vertex -7.718023e+000  2.101999e+001  4.400000e+000
      vertex -7.777455e+000  2.101104e+001  4.400000e+000
    endloop
  endfacet
  facet normal  1.002009e-001 -9.949672e-001  0.000000e+000
    outer loop
      vertex -7.777455e+000  2.101104e+001  3.600000e+000
      vertex -7.777455e+000  2.101104e+001  4.400000e+000
      vertex -7.897115e+000  2.099899e+001  3.600000e+000
    endloop
  endfacet
  facet normal  1.002009e-001 -9.949672e-001  0.000000e+000
    outer loop
      vertex -7.897115e+000  2.099899e+001  3.600000e+000
      vertex -7.777455e+000  2.101104e+001  4.400000e+000
      vertex -7.897115e+000  2.099899e+001  4.400000e+000
    endloop
  endfacet
  facet normal  4.031803e-002 -9.991869e-001  0.000000e+000
    outer loop
      vertex -7.897115e+000  2.099899e+001  3.600000e+000
      vertex -7.897115e+000  2.099899e+001  4.400000e+000
      vertex -8.017367e+000  2.099414e+001  3.600000e+000
    endloop
  endfacet
  facet normal  4.031803e-002 -9.991869e-001  0.000000e+000
    outer loop
      vertex -8.017367e+000  2.099414e+001  3.600000e+000
      vertex -7.897115e+000  2.099899e+001  4.400000e+000
      vertex -8.017367e+000  2.099414e+001  4.400000e+000
    endloop
  endfacet
  facet normal -1.339067e-002 -9.999103e-001  -0.000000e+000
    outer loop
      vertex -8.017367e+000  2.099414e+001  3.600000e+000
      vertex -8.017367e+000  2.099414e+001  4.400000e+000
      vertex -8.137717e+000  2.099575e+001  3.600000e+000
    endloop
  endfacet
  facet normal -1.339067e-002 -9.999103e-001  0.000000e+000
    outer loop
      vertex -8.137717e+000  2.099575e+001  3.600000e+000
      vertex -8.017367e+000  2.099414e+001  4.400000e+000
      vertex -8.137717e+000  2.099575e+001  4.400000e+000
    endloop
  endfacet
  facet normal -6.101496e-002 -9.981369e-001  -0.000000e+000
    outer loop
      vertex -8.137717e+000  2.099575e+001  3.600000e+000
      vertex -8.137717e+000  2.099575e+001  4.400000e+000
      vertex -8.257783e+000  2.100309e+001  3.600000e+000
    endloop
  endfacet
  facet normal -6.101496e-002 -9.981369e-001  0.000000e+000
    outer loop
      vertex -8.257783e+000  2.100309e+001  3.600000e+000
      vertex -8.137717e+000  2.099575e+001  4.400000e+000
      vertex -8.257783e+000  2.100309e+001  4.400000e+000
    endloop
  endfacet
  facet normal -1.029533e-001 -9.946862e-001  -0.000000e+000
    outer loop
      vertex -8.257783e+000  2.100309e+001  3.600000e+000
      vertex -8.257783e+000  2.100309e+001  4.400000e+000
      vertex -8.377343e+000  2.101546e+001  3.600000e+000
    endloop
  endfacet
  facet normal -1.029533e-001 -9.946862e-001  0.000000e+000
    outer loop
      vertex -8.377343e+000  2.101546e+001  3.600000e+000
      vertex -8.257783e+000  2.100309e+001  4.400000e+000
      vertex -8.377343e+000  2.101546e+001  4.400000e+000
    endloop
  endfacet
  facet normal -1.382845e-001 -9.903926e-001  -0.000000e+000
    outer loop
      vertex -8.377343e+000  2.101546e+001  3.600000e+000
      vertex -8.377343e+000  2.101546e+001  4.400000e+000
      vertex -8.486504e+000  2.103070e+001  3.600000e+000
    endloop
  endfacet
  facet normal -1.382845e-001 -9.903926e-001  0.000000e+000
    outer loop
      vertex -8.486504e+000  2.103070e+001  3.600000e+000
      vertex -8.377343e+000  2.101546e+001  4.400000e+000
      vertex -8.486504e+000  2.103070e+001  4.400000e+000
    endloop
  endfacet
  facet normal -1.679643e-001 -9.857931e-001  -0.000000e+000
    outer loop
      vertex -8.486504e+000  2.103070e+001  3.600000e+000
      vertex -8.486504e+000  2.103070e+001  4.400000e+000
      vertex -8.594440e+000  2.104910e+001  3.600000e+000
    endloop
  endfacet
  facet normal -1.679643e-001 -9.857931e-001  0.000000e+000
    outer loop
      vertex -8.594440e+000  2.104910e+001  3.600000e+000
      vertex -8.486504e+000  2.103070e+001  4.400000e+000
      vertex -8.594440e+000  2.104910e+001  4.400000e+000
    endloop
  endfacet
  facet normal -1.932830e-001 -9.811431e-001  -0.000000e+000
    outer loop
      vertex -8.594440e+000  2.104910e+001  3.600000e+000
      vertex -8.594440e+000  2.104910e+001  4.400000e+000
      vertex -8.701872e+000  2.107026e+001  3.600000e+000
    endloop
  endfacet
  facet normal -1.932830e-001 -9.811431e-001  0.000000e+000
    outer loop
      vertex -8.701872e+000  2.107026e+001  3.600000e+000
      vertex -8.594440e+000  2.104910e+001  4.400000e+000
      vertex -8.701872e+000  2.107026e+001  4.400000e+000
    endloop
  endfacet
  facet normal -2.155360e-001 -9.764959e-001  -0.000000e+000
    outer loop
      vertex -8.701872e+000  2.107026e+001  3.600000e+000
      vertex -8.701872e+000  2.107026e+001  4.400000e+000
      vertex -8.809508e+000  2.109402e+001  3.600000e+000
    endloop
  endfacet
  facet normal -2.155360e-001 -9.764959e-001  0.000000e+000
    outer loop
      vertex -8.809508e+000  2.109402e+001  3.600000e+000
      vertex -8.701872e+000  2.107026e+001  4.400000e+000
      vertex -8.809508e+000  2.109402e+001  4.400000e+000
    endloop
  endfacet
  facet normal -2.396503e-001 -9.708592e-001  -0.000000e+000
    outer loop
      vertex -8.809508e+000  2.109402e+001  3.600000e+000
      vertex -8.809508e+000  2.109402e+001  4.400000e+000
      vertex -8.916766e+000  2.112049e+001  3.600000e+000
    endloop
  endfacet
  facet normal -2.396503e-001 -9.708592e-001  0.000000e+000
    outer loop
      vertex -8.916766e+000  2.112049e+001  3.600000e+000
      vertex -8.809508e+000  2.109402e+001  4.400000e+000
      vertex -8.916766e+000  2.112049e+001  4.400000e+000
    endloop
  endfacet
  facet normal -2.709365e-001 -9.625971e-001  -0.000000e+000
    outer loop
      vertex -8.916766e+000  2.112049e+001  3.600000e+000
      vertex -8.916766e+000  2.112049e+001  4.400000e+000
      vertex -9.023252e+000  2.115047e+001  3.600000e+000
    endloop
  endfacet
  facet normal -2.709365e-001 -9.625971e-001  0.000000e+000
    outer loop
      vertex -9.023252e+000  2.115047e+001  3.600000e+000
      vertex -8.916766e+000  2.112049e+001  4.400000e+000
      vertex -9.023252e+000  2.115047e+001  4.400000e+000
    endloop
  endfacet
  facet normal -3.105811e-001 -9.505469e-001  -0.000000e+000
    outer loop
      vertex -9.023252e+000  2.115047e+001  3.600000e+000
      vertex -9.023252e+000  2.115047e+001  4.400000e+000
      vertex -9.128398e+000  2.118482e+001  3.600000e+000
    endloop
  endfacet
  facet normal -3.105811e-001 -9.505469e-001  0.000000e+000
    outer loop
      vertex -9.128398e+000  2.118482e+001  3.600000e+000
      vertex -9.023252e+000  2.115047e+001  4.400000e+000
      vertex -9.128398e+000  2.118482e+001  4.400000e+000
    endloop
  endfacet
  facet normal -3.592504e-001 -9.332412e-001  -0.000000e+000
    outer loop
      vertex -9.128398e+000  2.118482e+001  3.600000e+000
      vertex -9.128398e+000  2.118482e+001  4.400000e+000
      vertex -9.231478e+000  2.122450e+001  3.600000e+000
    endloop
  endfacet
  facet normal -3.592504e-001 -9.332412e-001  0.000000e+000
    outer loop
      vertex -9.231478e+000  2.122450e+001  3.600000e+000
      vertex -9.128398e+000  2.118482e+001  4.400000e+000
      vertex -9.231478e+000  2.122450e+001  4.400000e+000
    endloop
  endfacet
  facet normal -4.039848e-001 -9.147657e-001  -0.000000e+000
    outer loop
      vertex -9.231478e+000  2.122450e+001  3.600000e+000
      vertex -9.231478e+000  2.122450e+001  4.400000e+000
      vertex -9.290742e+000  2.125067e+001  3.600000e+000
    endloop
  endfacet
  facet normal -4.039848e-001 -9.147657e-001  0.000000e+000
    outer loop
      vertex -9.290742e+000  2.125067e+001  3.600000e+000
      vertex -9.231478e+000  2.122450e+001  4.400000e+000
      vertex -9.290742e+000  2.125067e+001  4.400000e+000
    endloop
  endfacet
  facet normal -4.408340e-001 -8.975887e-001  -0.000000e+000
    outer loop
      vertex -9.290742e+000  2.125067e+001  3.600000e+000
      vertex -9.290742e+000  2.125067e+001  4.400000e+000
      vertex -9.348864e+000  2.127922e+001  3.600000e+000
    endloop
  endfacet
  facet normal -4.408340e-001 -8.975887e-001  0.000000e+000
    outer loop
      vertex -9.348864e+000  2.127922e+001  3.600000e+000
      vertex -9.290742e+000  2.125067e+001  4.400000e+000
      vertex -9.348864e+000  2.127922e+001  4.400000e+000
    endloop
  endfacet
  facet normal -4.810590e-001 -8.766882e-001  -0.000000e+000
    outer loop
      vertex -9.348864e+000  2.127922e+001  3.600000e+000
      vertex -9.348864e+000  2.127922e+001  4.400000e+000
      vertex -9.405626e+000  2.131037e+001  3.600000e+000
    endloop
  endfacet
  facet normal -4.810590e-001 -8.766882e-001  0.000000e+000
    outer loop
      vertex -9.405626e+000  2.131037e+001  3.600000e+000
      vertex -9.348864e+000  2.127922e+001  4.400000e+000
      vertex -9.405626e+000  2.131037e+001  4.400000e+000
    endloop
  endfacet
  facet normal -5.228351e-001 -8.524338e-001  -0.000000e+000
    outer loop
      vertex -9.405626e+000  2.131037e+001  3.600000e+000
      vertex -9.405626e+000  2.131037e+001  4.400000e+000
      vertex -9.460843e+000  2.134423e+001  3.600000e+000
    endloop
  endfacet
  facet normal -5.228351e-001 -8.524338e-001  0.000000e+000
    outer loop
      vertex -9.460843e+000  2.134423e+001  3.600000e+000
      vertex -9.405626e+000  2.131037e+001  4.400000e+000
      vertex -9.460843e+000  2.134423e+001  4.400000e+000
    endloop
  endfacet
  facet normal -5.598899e-001 -8.285670e-001  -0.000000e+000
    outer loop
      vertex -9.460843e+000  2.134423e+001  3.600000e+000
      vertex -9.460843e+000  2.134423e+001  4.400000e+000
      vertex -9.506355e+000  2.137499e+001  3.600000e+000
    endloop
  endfacet
  facet normal -5.598899e-001 -8.285670e-001  0.000000e+000
    outer loop
      vertex -9.506355e+000  2.137499e+001  3.600000e+000
      vertex -9.460843e+000  2.134423e+001  4.400000e+000
      vertex -9.506355e+000  2.137499e+001  4.400000e+000
    endloop
  endfacet
  facet normal -5.910469e-001 -8.066372e-001  -0.000000e+000
    outer loop
      vertex -9.506355e+000  2.137499e+001  3.600000e+000
      vertex -9.506355e+000  2.137499e+001  4.400000e+000
      vertex -9.550683e+000  2.140747e+001  3.600000e+000
    endloop
  endfacet
  facet normal -5.910469e-001 -8.066372e-001  0.000000e+000
    outer loop
      vertex -9.550683e+000  2.140747e+001  3.600000e+000
      vertex -9.506355e+000  2.137499e+001  4.400000e+000
      vertex -9.550683e+000  2.140747e+001  4.400000e+000
    endloop
  endfacet
  facet normal -6.206119e-001 -7.841179e-001  -0.000000e+000
    outer loop
      vertex -9.550683e+000  2.140747e+001  3.600000e+000
      vertex -9.550683e+000  2.140747e+001  4.400000e+000
      vertex -9.597191e+000  2.144428e+001  3.600000e+000
    endloop
  endfacet
  facet normal -6.206119e-001 -7.841179e-001  0.000000e+000
    outer loop
      vertex -9.597191e+000  2.144428e+001  3.600000e+000
      vertex -9.550683e+000  2.140747e+001  4.400000e+000
      vertex -9.597191e+000  2.144428e+001  4.400000e+000
    endloop
  endfacet
  facet normal -6.485285e-001 -7.611904e-001  -0.000000e+000
    outer loop
      vertex -9.597191e+000  2.144428e+001  3.600000e+000
      vertex -9.597191e+000  2.144428e+001  4.400000e+000
      vertex -9.642372e+000  2.148277e+001  3.600000e+000
    endloop
  endfacet
  facet normal -6.485285e-001 -7.611904e-001  0.000000e+000
    outer loop
      vertex -9.642372e+000  2.148277e+001  3.600000e+000
      vertex -9.597191e+000  2.144428e+001  4.400000e+000
      vertex -9.642372e+000  2.148277e+001  4.400000e+000
    endloop
  endfacet
  facet normal -6.845086e-001 -7.290048e-001  -0.000000e+000
    outer loop
      vertex -9.642372e+000  2.148277e+001  3.600000e+000
      vertex -9.642372e+000  2.148277e+001  4.400000e+000
      vertex -9.725807e+000  2.156111e+001  3.600000e+000
    endloop
  endfacet
  facet normal -6.845086e-001 -7.290048e-001  0.000000e+000
    outer loop
      vertex -9.725807e+000  2.156111e+001  3.600000e+000
      vertex -9.642372e+000  2.148277e+001  4.400000e+000
      vertex -9.725807e+000  2.156111e+001  4.400000e+000
    endloop
  endfacet
  facet normal -7.248388e-001 -6.889185e-001  -0.000000e+000
    outer loop
      vertex -9.725807e+000  2.156111e+001  3.600000e+000
      vertex -9.725807e+000  2.156111e+001  4.400000e+000
      vertex -9.804658e+000  2.164408e+001  3.600000e+000
    endloop
  endfacet
  facet normal -7.248388e-001 -6.889185e-001  0.000000e+000
    outer loop
      vertex -9.804658e+000  2.164408e+001  3.600000e+000
      vertex -9.725807e+000  2.156111e+001  4.400000e+000
      vertex -9.804658e+000  2.164408e+001  4.400000e+000
    endloop
  endfacet
  facet normal -7.582514e-001 -6.519624e-001  -0.000000e+000
    outer loop
      vertex -9.804658e+000  2.164408e+001  3.600000e+000
      vertex -9.804658e+000  2.164408e+001  4.400000e+000
      vertex -9.879207e+000  2.173078e+001  3.600000e+000
    endloop
  endfacet
  facet normal -7.582514e-001 -6.519624e-001  0.000000e+000
    outer loop
      vertex -9.879207e+000  2.173078e+001  3.600000e+000
      vertex -9.804658e+000  2.164408e+001  4.400000e+000
      vertex -9.879207e+000  2.173078e+001  4.400000e+000
    endloop
  endfacet
  facet normal -7.860575e-001 -6.181533e-001  -0.000000e+000
    outer loop
      vertex -9.879207e+000  2.173078e+001  3.600000e+000
      vertex -9.879207e+000  2.173078e+001  4.400000e+000
      vertex -9.949810e+000  2.182056e+001  3.600000e+000
    endloop
  endfacet
  facet normal -7.860575e-001 -6.181533e-001  0.000000e+000
    outer loop
      vertex -9.949810e+000  2.182056e+001  3.600000e+000
      vertex -9.879207e+000  2.173078e+001  4.400000e+000
      vertex -9.949810e+000  2.182056e+001  4.400000e+000
    endloop
  endfacet
  facet normal  0.000000e+000  0.000000e+000 -1.000000e+000
    outer loop
      vertex -6.936061e+000  2.194171e+001  3.600000e+000
      vertex -8.382654e+000  2.193654e+001  3.600000e+000
      vertex -8.283389e+000  2.195522e+001  3.600000e+000
    endloop
  endfacet
  facet normal  0.000000e+000  0.000000e+000 -9.999999e-001
    outer loop
      vertex -6.937672e+000  2.154084e+001  3.600000e+000
      vertex -9.725807e+000  2.156111e+001  3.600000e+000
      vertex -6.923549e+000  2.158422e+001  3.600000e+000
    endloop
  endfacet
  facet normal  -0.000000e+000  0.000000e+000 -1.000000e+000
    outer loop
      vertex -9.518814e+000  2.842224e+001  3.600000e+000
      vertex -9.523546e+000  2.836121e+001  3.600000e+000
      vertex -1.056803e+001  2.832898e+001  3.600000e+000
    endloop
  endfacet
  facet normal  0.000000e+000  0.000000e+000 -1.000000e+000
    outer loop
      vertex -8.550489e+000  2.630112e+001  3.600000e+000
      vertex -9.838848e+000  2.629095e+001  3.600000e+000
      vertex -9.900614e+000  2.635574e+001  3.600000e+000
    endloop
  endfacet
  facet normal  0.000000e+000  0.000000e+000 -1.000000e+000
    outer loop
      vertex -8.709851e+000  2.474867e+001  3.600000e+000
      vertex -9.969460e+000  2.477021e+001  3.600000e+000
      vertex -8.607872e+000  2.480501e+001  3.600000e+000
    endloop
  endfacet
  facet normal  0.000000e+000  0.000000e+000 -1.000000e+000
    outer loop
      vertex -9.416145e+000  2.246341e+001  3.600000e+000
      vertex -1.032258e+001  2.247852e+001  3.600000e+000
      vertex -9.483441e+000  2.255606e+001  3.600000e+000
    endloop
  endfacet
  facet normal  0.000000e+000  0.000000e+000 -1.000000e+000
    outer loop
      vertex -8.976421e+000  2.201357e+001  3.600000e+000
      vertex -1.009090e+001  2.202497e+001  3.600000e+000
      vertex -9.017407e+000  2.203831e+001  3.600000e+000
    endloop
  endfacet
  facet normal  0.000000e+000  -0.000000e+000 -1.000000e+000
    outer loop
      vertex -7.157141e+000  3.067337e+001  3.600000e+000
      vertex -7.078802e+000  3.067340e+001  3.600000e+000
      vertex -6.961319e+000  3.067135e+001  3.600000e+000
    endloop
  endfacet
  facet normal  0.000000e+000  0.000000e+000 -1.000000e+000
    outer loop
      vertex -6.961319e+000  3.067135e+001  3.600000e+000
      vertex -7.313753e+000  3.067095e+001  3.600000e+000
      vertex -7.157141e+000  3.067337e+001  3.600000e+000
    endloop
  endfacet
  facet normal  -0.000000e+000  0.000000e+000 -1.000000e+000
    outer loop
      vertex -5.789776e+000  2.960029e+001  3.600000e+000
      vertex -5.805615e+000  2.957098e+001  3.600000e+000
      vertex -8.460794e+000  2.956443e+001  3.600000e+000
    endloop
  endfacet
  facet normal  0.000000e+000  0.000000e+000 -1.000000e+000
    outer loop
      vertex -6.350092e+000  2.932796e+001  3.600000e+000
      vertex -6.405817e+000  2.933019e+001  3.600000e+000
      vertex -6.294392e+000  2.933045e+001  3.600000e+000
    endloop
  endfacet
  facet normal  -0.000000e+000  0.000000e+000 -1.000000e+000
    outer loop
      vertex -6.919073e+000  2.189235e+001  3.600000e+000
      vertex -6.909233e+000  2.184992e+001  3.600000e+000
      vertex -9.949810e+000  2.182056e+001  3.600000e+000
    endloop
  endfacet
  facet normal  0.000000e+000  0.000000e+000 -1.000000e+000
    outer loop
      vertex -6.919073e+000  2.189235e+001  3.600000e+000
      vertex -9.949810e+000  2.182056e+001  3.600000e+000
      vertex -9.998735e+000  2.188733e+001  3.600000e+000
    endloop
  endfacet
  facet normal  0.000000e+000  0.000000e+000 -1.000000e+000
    outer loop
      vertex -6.919073e+000  2.189235e+001  3.600000e+000
      vertex -9.998735e+000  2.188733e+001  3.600000e+000
      vertex -8.584179e+000  2.191951e+001  3.600000e+000
    endloop
  endfacet
  facet normal  0.000000e+000  0.000000e+000 -1.000000e+000
    outer loop
      vertex -6.919073e+000  2.189235e+001  3.600000e+000
      vertex -8.584179e+000  2.191951e+001  3.600000e+000
      vertex -8.533386e+000  2.192073e+001  3.600000e+000
    endloop
  endfacet
  facet normal  0.000000e+000  0.000000e+000 -1.000000e+000
    outer loop
      vertex -6.919073e+000  2.189235e+001  3.600000e+000
      vertex -8.533386e+000  2.192073e+001  3.600000e+000
      vertex -8.482523e+000  2.192415e+001  3.600000e+000
    endloop
  endfacet
  facet normal  0.000000e+000  0.000000e+000 -1.000000e+000
    outer loop
      vertex -6.919073e+000  2.189235e+001  3.600000e+000
      vertex -8.482523e+000  2.192415e+001  3.600000e+000
      vertex -8.382654e+000  2.193654e+001  3.600000e+000
    endloop
  endfacet
  facet normal  0.000000e+000  0.000000e+000 -1.000000e+000
    outer loop
      vertex -6.919073e+000  2.189235e+001  3.600000e+000
      vertex -8.382654e+000  2.193654e+001  3.600000e+000
      vertex -6.936061e+000  2.194171e+001  3.600000e+000
    endloop
  endfacet
  facet normal  0.000000e+000  -0.000000e+000 -1.000000e+000
    outer loop
      vertex -1.027223e+001  2.953460e+001  3.600000e+000
      vertex -1.022038e+001  2.962588e+001  3.600000e+000
      vertex -8.546425e+000  2.956432e+001  3.600000e+000
    endloop
  endfacet
  facet normal  0.000000e+000  0.000000e+000 -9.999999e-001
    outer loop
      vertex -1.027223e+001  2.953460e+001  3.600000e+000
      vertex -8.546425e+000  2.956432e+001  3.600000e+000
      vertex -8.631900e+000  2.955856e+001  3.600000e+000
    endloop
  endfacet
  facet normal  0.000000e+000  0.000000e+000 -9.999999e-001
    outer loop
      vertex -1.027223e+001  2.953460e+001  3.600000e+000
      vertex -8.631900e+000  2.955856e+001  3.600000e+000
      vertex -8.716670e+000  2.954617e+001  3.600000e+000
    endloop
  endfacet
  facet normal  0.000000e+000  0.000000e+000 -9.999999e-001
    outer loop
      vertex -1.027223e+001  2.953460e+001  3.600000e+000
      vertex -8.716670e+000  2.954617e+001  3.600000e+000
      vertex -8.758554e+000  2.953719e+001  3.600000e+000
    endloop
  endfacet
  facet normal  0.000000e+000  0.000000e+000 -1.000000e+000
    outer loop
      vertex -1.027223e+001  2.953460e+001  3.600000e+000
      vertex -8.758554e+000  2.953719e+001  3.600000e+000
      vertex -8.799952e+000  2.952623e+001  3.600000e+000
    endloop
  endfacet
  facet normal  -0.000000e+000  0.000000e+000 -1.000000e+000
    outer loop
      vertex -1.027223e+001  2.953460e+001  3.600000e+000
      vertex -8.799952e+000  2.952623e+001  3.600000e+000
      vertex -1.031951e+001  2.944087e+001  3.600000e+000
    endloop
  endfacet
  facet normal  0.000000e+000  0.000000e+000 -1.000000e+000
    outer loop
      vertex -1.031951e+001  2.944087e+001  3.600000e+000
      vertex -8.799952e+000  2.952623e+001  3.600000e+000
      vertex -8.854173e+000  2.950839e+001  3.600000e+000
    endloop
  endfacet
  facet normal  0.000000e+000  0.000000e+000 -1.000000e+000
    outer loop
      vertex -1.031951e+001  2.944087e+001  3.600000e+000
      vertex -8.854173e+000  2.950839e+001  3.600000e+000
      vertex -8.906980e+000  2.948674e+001  3.600000e+000
    endloop
  endfacet
  facet normal  0.000000e+000  0.000000e+000 -1.000000e+000
    outer loop
      vertex -1.031951e+001  2.944087e+001  3.600000e+000
      vertex -8.906980e+000  2.948674e+001  3.600000e+000
      vertex -8.958031e+000  2.946122e+001  3.600000e+000
    endloop
  endfacet
  facet normal  0.000000e+000  0.000000e+000 -1.000000e+000
    outer loop
      vertex -1.031951e+001  2.944087e+001  3.600000e+000
      vertex -8.958031e+000  2.946122e+001  3.600000e+000
      vertex -9.003756e+000  2.943395e+001  3.600000e+000
    endloop
  endfacet
  facet normal  0.000000e+000  -0.000000e+000 -1.000000e+000
    outer loop
      vertex -1.036216e+001  2.934495e+001  3.600000e+000
      vertex -1.031951e+001  2.944087e+001  3.600000e+000
      vertex -9.003756e+000  2.943395e+001  3.600000e+000
    endloop
  endfacet
  facet normal  0.000000e+000  0.000000e+000 -1.000000e+000
    outer loop
      vertex -1.036216e+001  2.934495e+001  3.600000e+000
      vertex -9.003756e+000  2.943395e+001  3.600000e+000
      vertex -9.047388e+000  2.940344e+001  3.600000e+000
    endloop
  endfacet
  facet normal  0.000000e+000  0.000000e+000 -1.000000e+000
    outer loop
      vertex -1.036216e+001  2.934495e+001  3.600000e+000
      vertex -9.047388e+000  2.940344e+001  3.600000e+000
      vertex -9.088779e+000  2.936997e+001  3.600000e+000
    endloop
  endfacet
  facet normal  0.000000e+000  0.000000e+000 -1.000000e+000
    outer loop
      vertex -1.036216e+001  2.934495e+001  3.600000e+000
      vertex -9.088779e+000  2.936997e+001  3.600000e+000
      vertex -9.127922e+000  2.933390e+001  3.600000e+000
    endloop
  endfacet
  facet normal  -0.000000e+000  0.000000e+000 -1.000000e+000
    outer loop
      vertex -1.036216e+001  2.934495e+001  3.600000e+000
      vertex -9.127922e+000  2.933390e+001  3.600000e+000
      vertex -9.171756e+000  2.928786e+001  3.600000e+000
    endloop
  endfacet
  facet normal  -0.000000e+000  0.000000e+000 -1.000000e+000
    outer loop
      vertex -1.036216e+001  2.934495e+001  3.600000e+000
      vertex -9.171756e+000  2.928786e+001  3.600000e+000
      vertex -1.039195e+001  2.926936e+001  3.600000e+000
    endloop
  endfacet
  facet normal  0.000000e+000  -0.000000e+000 -1.000000e+000
    outer loop
      vertex -9.906239e+000  2.483474e+001  3.600000e+000
      vertex -9.830135e+000  2.491826e+001  3.600000e+000
      vertex -8.432822e+000  2.491256e+001  3.600000e+000
    endloop
  endfacet
  facet normal  0.000000e+000  0.000000e+000 -1.000000e+000
    outer loop
      vertex -9.906239e+000  2.483474e+001  3.600000e+000
      vertex -8.432822e+000  2.491256e+001  3.600000e+000
      vertex -8.475337e+000  2.488374e+001  3.600000e+000
    endloop
  endfacet
  facet normal  0.000000e+000  0.000000e+000 -1.000000e+000
    outer loop
      vertex -9.906239e+000  2.483474e+001  3.600000e+000
      vertex -8.475337e+000  2.488374e+001  3.600000e+000
      vertex -8.518896e+000  2.485645e+001  3.600000e+000
    endloop
  endfacet
  facet normal  0.000000e+000  0.000000e+000 -1.000000e+000
    outer loop
      vertex -9.906239e+000  2.483474e+001  3.600000e+000
      vertex -8.518896e+000  2.485645e+001  3.600000e+000
      vertex -8.607872e+000  2.480501e+001  3.600000e+000
    endloop
  endfacet
  facet normal  -0.000000e+000  0.000000e+000 -1.000000e+000
    outer loop
      vertex -9.906239e+000  2.483474e+001  3.600000e+000
      vertex -8.607872e+000  2.480501e+001  3.600000e+000
      vertex -9.969460e+000  2.477021e+001  3.600000e+000
    endloop
  endfacet
  facet normal  0.000000e+000  0.000000e+000 -1.000000e+000
    outer loop
      vertex -1.004579e+001  2.195550e+001  3.600000e+000
      vertex -1.009090e+001  2.202497e+001  3.600000e+000
      vertex -8.976421e+000  2.201357e+001  3.600000e+000
    endloop
  endfacet
  facet normal  0.000000e+000  -0.000000e+000 -1.000000e+000
    outer loop
      vertex -1.004579e+001  2.195550e+001  3.600000e+000
      vertex -8.976421e+000  2.201357e+001  3.600000e+000
      vertex -8.933849e+000  2.199167e+001  3.600000e+000
    endloop
  endfacet
  facet normal  0.000000e+000  -0.000000e+000 -1.000000e+000
    outer loop
      vertex -1.004579e+001  2.195550e+001  3.600000e+000
      vertex -8.933849e+000  2.199167e+001  3.600000e+000
      vertex -8.890018e+000  2.197285e+001  3.600000e+000
    endloop
  endfacet
  facet normal  0.000000e+000  -0.000000e+000 -1.000000e+000
    outer loop
      vertex -1.004579e+001  2.195550e+001  3.600000e+000
      vertex -8.890018e+000  2.197285e+001  3.600000e+000
      vertex -8.839454e+000  2.195530e+001  3.600000e+000
    endloop
  endfacet
  facet normal  0.000000e+000  0.000000e+000 -1.000000e+000
    outer loop
      vertex -9.998735e+000  2.188733e+001  3.600000e+000
      vertex -1.004579e+001  2.195550e+001  3.600000e+000
      vertex -8.839454e+000  2.195530e+001  3.600000e+000
    endloop
  endfacet
  facet normal  0.000000e+000  -0.000000e+000 -1.000000e+000
    outer loop
      vertex -9.998735e+000  2.188733e+001  3.600000e+000
      vertex -8.839454e+000  2.195530e+001  3.600000e+000
      vertex -8.787563e+000  2.194140e+001  3.600000e+000
    endloop
  endfacet
  facet normal  0.000000e+000  -0.000000e+000 -1.000000e+000
    outer loop
      vertex -9.998735e+000  2.188733e+001  3.600000e+000
      vertex -8.787563e+000  2.194140e+001  3.600000e+000
      vertex -8.734846e+000  2.193107e+001  3.600000e+000
    endloop
  endfacet
  facet normal  0.000000e+000  -0.000000e+000 -1.000000e+000
    outer loop
      vertex -9.998735e+000  2.188733e+001  3.600000e+000
      vertex -8.734846e+000  2.193107e+001  3.600000e+000
      vertex -8.681767e+000  2.192417e+001  3.600000e+000
    endloop
  endfacet
  facet normal  0.000000e+000  -0.000000e+000 -1.000000e+000
    outer loop
      vertex -9.998735e+000  2.188733e+001  3.600000e+000
      vertex -8.681767e+000  2.192417e+001  3.600000e+000
      vertex -8.633074e+000  2.192062e+001  3.600000e+000
    endloop
  endfacet
  facet normal  0.000000e+000  -0.000000e+000 -1.000000e+000
    outer loop
      vertex -9.998735e+000  2.188733e+001  3.600000e+000
      vertex -8.633074e+000  2.192062e+001  3.600000e+000
      vertex -8.584179e+000  2.191951e+001  3.600000e+000
    endloop
  endfacet
  facet normal  0.000000e+000  -0.000000e+000 -1.000000e+000
    outer loop
      vertex -1.022038e+001  2.962588e+001  3.600000e+000
      vertex -1.016402e+001  2.971445e+001  3.600000e+000
      vertex -5.756389e+000  2.969472e+001  3.600000e+000
    endloop
  endfacet
  facet normal  0.000000e+000  0.000000e+000 -1.000000e+000
    outer loop
      vertex -1.022038e+001  2.962588e+001  3.600000e+000
      vertex -5.756389e+000  2.969472e+001  3.600000e+000
      vertex -5.765412e+000  2.966262e+001  3.600000e+000
    endloop
  endfacet
  facet normal  0.000000e+000  0.000000e+000 -1.000000e+000
    outer loop
      vertex -1.022038e+001  2.962588e+001  3.600000e+000
      vertex -5.765412e+000  2.966262e+001  3.600000e+000
      vertex -5.776464e+000  2.963101e+001  3.600000e+000
    endloop
  endfacet
  facet normal  0.000000e+000  0.000000e+000 -1.000000e+000
    outer loop
      vertex -1.022038e+001  2.962588e+001  3.600000e+000
      vertex -5.776464e+000  2.963101e+001  3.600000e+000
      vertex -5.789776e+000  2.960029e+001  3.600000e+000
    endloop
  endfacet
  facet normal  -0.000000e+000  0.000000e+000 -1.000000e+000
    outer loop
      vertex -1.022038e+001  2.962588e+001  3.600000e+000
      vertex -5.789776e+000  2.960029e+001  3.600000e+000
      vertex -8.460794e+000  2.956443e+001  3.600000e+000
    endloop
  endfacet
  facet normal  -0.000000e+000  0.000000e+000 -9.999999e-001
    outer loop
      vertex -1.022038e+001  2.962588e+001  3.600000e+000
      vertex -8.460794e+000  2.956443e+001  3.600000e+000
      vertex -8.546425e+000  2.956432e+001  3.600000e+000
    endloop
  endfacet
  facet normal  0.000000e+000  0.000000e+000 -1.000000e+000
    outer loop
      vertex -5.830897e+000  2.953533e+001  3.600000e+000
      vertex -5.861640e+000  2.950428e+001  3.600000e+000
      vertex -8.040253e+000  2.951196e+001  3.600000e+000
    endloop
  endfacet
  facet normal  0.000000e+000  0.000000e+000 -1.000000e+000
    outer loop
      vertex -5.830897e+000  2.953533e+001  3.600000e+000
      vertex -8.040253e+000  2.951196e+001  3.600000e+000
      vertex -8.144733e+000  2.953054e+001  3.600000e+000
    endloop
  endfacet
  facet normal  0.000000e+000  0.000000e+000 -1.000000e+000
    outer loop
      vertex -5.830897e+000  2.953533e+001  3.600000e+000
      vertex -8.144733e+000  2.953054e+001  3.600000e+000
      vertex -8.233921e+000  2.954424e+001  3.600000e+000
    endloop
  endfacet
  facet normal  0.000000e+000  0.000000e+000 -1.000000e+000
    outer loop
      vertex -5.830897e+000  2.953533e+001  3.600000e+000
      vertex -8.233921e+000  2.954424e+001  3.600000e+000
      vertex -8.323439e+000  2.955515e+001  3.600000e+000
    endloop
  endfacet
  facet normal  0.000000e+000  0.000000e+000 -1.000000e+000
    outer loop
      vertex -5.830897e+000  2.953533e+001  3.600000e+000
      vertex -8.323439e+000  2.955515e+001  3.600000e+000
      vertex -8.392052e+000  2.956107e+001  3.600000e+000
    endloop
  endfacet
  facet normal  0.000000e+000  0.000000e+000 -1.000000e+000
    outer loop
      vertex -5.830897e+000  2.953533e+001  3.600000e+000
      vertex -8.392052e+000  2.956107e+001  3.600000e+000
      vertex -8.460794e+000  2.956443e+001  3.600000e+000
    endloop
  endfacet
  facet normal  0.000000e+000  0.000000e+000 -1.000000e+000
    outer loop
      vertex -5.830897e+000  2.953533e+001  3.600000e+000
      vertex -8.460794e+000  2.956443e+001  3.600000e+000
      vertex -5.805615e+000  2.957098e+001  3.600000e+000
    endloop
  endfacet
  facet normal  0.000000e+000  0.000000e+000 -1.000000e+000
    outer loop
      vertex -7.249396e+000  2.217625e+001  3.600000e+000
      vertex -7.546871e+000  2.217661e+001  3.600000e+000
      vertex -7.290656e+000  2.218458e+001  3.600000e+000
    endloop
  endfacet
  facet normal  -0.000000e+000  0.000000e+000 -1.000000e+000
    outer loop
      vertex -7.290656e+000  2.218458e+001  3.600000e+000
      vertex -7.546871e+000  2.217661e+001  3.600000e+000
      vertex -7.474887e+000  2.218872e+001  3.600000e+000
    endloop
  endfacet
  facet normal  0.000000e+000  0.000000e+000 -9.999999e-001
    outer loop
      vertex -7.290656e+000  2.218458e+001  3.600000e+000
      vertex -7.474887e+000  2.218872e+001  3.600000e+000
      vertex -7.336482e+000  2.219066e+001  3.600000e+000
    endloop
  endfacet
  facet normal  -0.000000e+000  0.000000e+000 -1.000000e+000
    outer loop
      vertex -7.336482e+000  2.219066e+001  3.600000e+000
      vertex -7.474887e+000  2.218872e+001  3.600000e+000
      vertex -7.428838e+000  2.219275e+001  3.600000e+000
    endloop
  endfacet
  facet normal  0.000000e+000  0.000000e+000 -1.000000e+000
    outer loop
      vertex -7.336482e+000  2.219066e+001  3.600000e+000
      vertex -7.428838e+000  2.219275e+001  3.600000e+000
      vertex -7.382623e+000  2.219344e+001  3.600000e+000
    endloop
  endfacet
  facet normal  0.000000e+000  0.000000e+000 -1.000000e+000
    outer loop
      vertex -7.129954e+000  2.213499e+001  3.600000e+000
      vertex -7.689397e+000  2.213786e+001  3.600000e+000
      vertex -7.168672e+000  2.215149e+001  3.600000e+000
    endloop
  endfacet
  facet normal  -0.000000e+000  0.000000e+000 -1.000000e+000
    outer loop
      vertex -7.168672e+000  2.215149e+001  3.600000e+000
      vertex -7.689397e+000  2.213786e+001  3.600000e+000
      vertex -7.594584e+000  2.216540e+001  3.600000e+000
    endloop
  endfacet
  facet normal  0.000000e+000  0.000000e+000 -1.000000e+000
    outer loop
      vertex -7.168672e+000  2.215149e+001  3.600000e+000
      vertex -7.594584e+000  2.216540e+001  3.600000e+000
      vertex -7.208618e+000  2.216522e+001  3.600000e+000
    endloop
  endfacet
  facet normal  0.000000e+000  0.000000e+000 -9.999999e-001
    outer loop
      vertex -7.208618e+000  2.216522e+001  3.600000e+000
      vertex -7.594584e+000  2.216540e+001  3.600000e+000
      vertex -7.546871e+000  2.217661e+001  3.600000e+000
    endloop
  endfacet
  facet normal  0.000000e+000  0.000000e+000 -1.000000e+000
    outer loop
      vertex -7.208618e+000  2.216522e+001  3.600000e+000
      vertex -7.546871e+000  2.217661e+001  3.600000e+000
      vertex -7.249396e+000  2.217625e+001  3.600000e+000
    endloop
  endfacet
  facet normal  0.000000e+000  0.000000e+000 -1.000000e+000
    outer loop
      vertex -7.099362e+000  2.211931e+001  3.600000e+000
      vertex -7.689397e+000  2.213786e+001  3.600000e+000
      vertex -7.129954e+000  2.213499e+001  3.600000e+000
    endloop
  endfacet
  facet normal  -0.000000e+000  0.000000e+000 -1.000000e+000
    outer loop
      vertex -7.689397e+000  2.213786e+001  3.600000e+000
      vertex -7.099362e+000  2.211931e+001  3.600000e+000
      vertex -7.759788e+000  2.211468e+001  3.600000e+000
    endloop
  endfacet
  facet normal  0.000000e+000  0.000000e+000 -1.000000e+000
    outer loop
      vertex -7.759788e+000  2.211468e+001  3.600000e+000
      vertex -7.099362e+000  2.211931e+001  3.600000e+000
      vertex -7.069802e+000  2.210146e+001  3.600000e+000
    endloop
  endfacet
  facet normal  -0.000000e+000  0.000000e+000 -9.999999e-001
    outer loop
      vertex -7.759788e+000  2.211468e+001  3.600000e+000
      vertex -7.069802e+000  2.210146e+001  3.600000e+000
      vertex -7.898554e+000  2.206721e+001  3.600000e+000
    endloop
  endfacet
  facet normal  0.000000e+000  0.000000e+000 -1.000000e+000
    outer loop
      vertex -7.898554e+000  2.206721e+001  3.600000e+000
      vertex -7.069802e+000  2.210146e+001  3.600000e+000
      vertex -7.041708e+000  2.208139e+001  3.600000e+000
    endloop
  endfacet
  facet normal  0.000000e+000  -0.000000e+000 -1.000000e+000
    outer loop
      vertex -7.898554e+000  2.206721e+001  3.600000e+000
      vertex -7.041708e+000  2.208139e+001  3.600000e+000
      vertex -7.015601e+000  2.205906e+001  3.600000e+000
    endloop
  endfacet
  facet normal  0.000000e+000  -0.000000e+000 -1.000000e+000
    outer loop
      vertex -8.283389e+000  2.195522e+001  3.600000e+000
      vertex -8.217789e+000  2.197049e+001  3.600000e+000
      vertex -6.936061e+000  2.194171e+001  3.600000e+000
    endloop
  endfacet
  facet normal  0.000000e+000  0.000000e+000 -1.000000e+000
    outer loop
      vertex -6.936061e+000  2.194171e+001  3.600000e+000
      vertex -8.217789e+000  2.197049e+001  3.600000e+000
      vertex -8.152770e+000  2.198755e+001  3.600000e+000
    endloop
  endfacet
  facet normal  0.000000e+000  0.000000e+000 -1.000000e+000
    outer loop
      vertex -6.936061e+000  2.194171e+001  3.600000e+000
      vertex -8.152770e+000  2.198755e+001  3.600000e+000
      vertex -6.959228e+000  2.198846e+001  3.600000e+000
    endloop
  endfacet
  facet normal  -0.000000e+000  0.000000e+000 -9.999999e-001
    outer loop
      vertex -6.959228e+000  2.198846e+001  3.600000e+000
      vertex -8.152770e+000  2.198755e+001  3.600000e+000
      vertex -8.010528e+000  2.203017e+001  3.600000e+000
    endloop
  endfacet
  facet normal  0.000000e+000  0.000000e+000 -1.000000e+000
    outer loop
      vertex -6.959228e+000  2.198846e+001  3.600000e+000
      vertex -8.010528e+000  2.203017e+001  3.600000e+000
      vertex -6.984862e+000  2.202580e+001  3.600000e+000
    endloop
  endfacet
  facet normal  0.000000e+000  0.000000e+000 -1.000000e+000
    outer loop
      vertex -6.984862e+000  2.202580e+001  3.600000e+000
      vertex -8.010528e+000  2.203017e+001  3.600000e+000
      vertex -7.898554e+000  2.206721e+001  3.600000e+000
    endloop
  endfacet
  facet normal  0.000000e+000  0.000000e+000 -9.999999e-001
    outer loop
      vertex -6.984862e+000  2.202580e+001  3.600000e+000
      vertex -7.898554e+000  2.206721e+001  3.600000e+000
      vertex -7.015601e+000  2.205906e+001  3.600000e+000
    endloop
  endfacet
  facet normal  0.000000e+000  0.000000e+000 -1.000000e+000
    outer loop
      vertex -6.909233e+000  2.184992e+001  3.600000e+000
      vertex -6.903011e+000  2.180658e+001  3.600000e+000
      vertex -9.949810e+000  2.182056e+001  3.600000e+000
    endloop
  endfacet
  facet normal  0.000000e+000  0.000000e+000 -1.000000e+000
    outer loop
      vertex -9.949810e+000  2.182056e+001  3.600000e+000
      vertex -6.903011e+000  2.180658e+001  3.600000e+000
      vertex -6.900241e+000  2.176288e+001  3.600000e+000
    endloop
  endfacet
  facet normal  -0.000000e+000  0.000000e+000 -1.000000e+000
    outer loop
      vertex -9.949810e+000  2.182056e+001  3.600000e+000
      vertex -6.900241e+000  2.176288e+001  3.600000e+000
      vertex -9.879207e+000  2.173078e+001  3.600000e+000
    endloop
  endfacet
  facet normal  0.000000e+000  0.000000e+000 -1.000000e+000
    outer loop
      vertex -6.900241e+000  2.176288e+001  3.600000e+000
      vertex -6.900821e+000  2.171932e+001  3.600000e+000
      vertex -9.879207e+000  2.173078e+001  3.600000e+000
    endloop
  endfacet
  facet normal  0.000000e+000  0.000000e+000 -1.000000e+000
    outer loop
      vertex -9.879207e+000  2.173078e+001  3.600000e+000
      vertex -6.900821e+000  2.171932e+001  3.600000e+000
      vertex -6.904938e+000  2.167389e+001  3.600000e+000
    endloop
  endfacet
  facet normal  -0.000000e+000  0.000000e+000 -1.000000e+000
    outer loop
      vertex -9.879207e+000  2.173078e+001  3.600000e+000
      vertex -6.904938e+000  2.167389e+001  3.600000e+000
      vertex -9.804658e+000  2.164408e+001  3.600000e+000
    endloop
  endfacet
  facet normal  0.000000e+000  0.000000e+000 -1.000000e+000
    outer loop
      vertex -6.904938e+000  2.167389e+001  3.600000e+000
      vertex -6.912572e+000  2.162871e+001  3.600000e+000
      vertex -9.804658e+000  2.164408e+001  3.600000e+000
    endloop
  endfacet
  facet normal  0.000000e+000  0.000000e+000 -1.000000e+000
    outer loop
      vertex -9.804658e+000  2.164408e+001  3.600000e+000
      vertex -6.912572e+000  2.162871e+001  3.600000e+000
      vertex -6.923549e+000  2.158422e+001  3.600000e+000
    endloop
  endfacet
  facet normal  -0.000000e+000  0.000000e+000 -1.000000e+000
    outer loop
      vertex -9.804658e+000  2.164408e+001  3.600000e+000
      vertex -6.923549e+000  2.158422e+001  3.600000e+000
      vertex -9.725807e+000  2.156111e+001  3.600000e+000
    endloop
  endfacet
  facet normal  0.000000e+000  0.000000e+000 -1.000000e+000
    outer loop
      vertex -9.231478e+000  2.122450e+001  3.600000e+000
      vertex -9.290742e+000  2.125067e+001  3.600000e+000
      vertex -7.166762e+000  2.123582e+001  3.600000e+000
    endloop
  endfacet
  facet normal  0.000000e+000  0.000000e+000 -1.000000e+000
    outer loop
      vertex -7.166762e+000  2.123582e+001  3.600000e+000
      vertex -9.290742e+000  2.125067e+001  3.600000e+000
      vertex -9.348864e+000  2.127922e+001  3.600000e+000
    endloop
  endfacet
  facet normal  0.000000e+000  0.000000e+000 -1.000000e+000
    outer loop
      vertex -7.166762e+000  2.123582e+001  3.600000e+000
      vertex -9.348864e+000  2.127922e+001  3.600000e+000
      vertex -7.127535e+000  2.126738e+001  3.600000e+000
    endloop
  endfacet
  facet normal  0.000000e+000  0.000000e+000 -1.000000e+000
    outer loop
      vertex -7.127535e+000  2.126738e+001  3.600000e+000
      vertex -9.348864e+000  2.127922e+001  3.600000e+000
      vertex -9.405626e+000  2.131037e+001  3.600000e+000
    endloop
  endfacet
  facet normal  0.000000e+000  0.000000e+000 -1.000000e+000
    outer loop
      vertex -7.127535e+000  2.126738e+001  3.600000e+000
      vertex -9.405626e+000  2.131037e+001  3.600000e+000
      vertex -7.090462e+000  2.130175e+001  3.600000e+000
    endloop
  endfacet
  facet normal  0.000000e+000  0.000000e+000 -1.000000e+000
    outer loop
      vertex -7.090462e+000  2.130175e+001  3.600000e+000
      vertex -9.405626e+000  2.131037e+001  3.600000e+000
      vertex -9.460843e+000  2.134423e+001  3.600000e+000
    endloop
  endfacet
  facet normal  0.000000e+000  0.000000e+000 -1.000000e+000
    outer loop
      vertex -7.090462e+000  2.130175e+001  3.600000e+000
      vertex -9.460843e+000  2.134423e+001  3.600000e+000
      vertex -7.056067e+000  2.133880e+001  3.600000e+000
    endloop
  endfacet
  facet normal  0.000000e+000  0.000000e+000 -1.000000e+000
    outer loop
      vertex -7.056067e+000  2.133880e+001  3.600000e+000
      vertex -9.460843e+000  2.134423e+001  3.600000e+000
      vertex -9.506355e+000  2.137499e+001  3.600000e+000
    endloop
  endfacet
  facet normal  0.000000e+000  0.000000e+000 -1.000000e+000
    outer loop
      vertex -7.056067e+000  2.133880e+001  3.600000e+000
      vertex -9.506355e+000  2.137499e+001  3.600000e+000
      vertex -7.024786e+000  2.137824e+001  3.600000e+000
    endloop
  endfacet
  facet normal  -0.000000e+000  0.000000e+000 -1.000000e+000
    outer loop
      vertex -7.024786e+000  2.137824e+001  3.600000e+000
      vertex -9.506355e+000  2.137499e+001  3.600000e+000
      vertex -9.550683e+000  2.140747e+001  3.600000e+000
    endloop
  endfacet
  facet normal  0.000000e+000  0.000000e+000 -1.000000e+000
    outer loop
      vertex -7.024786e+000  2.137824e+001  3.600000e+000
      vertex -9.550683e+000  2.140747e+001  3.600000e+000
      vertex -6.998840e+000  2.141643e+001  3.600000e+000
    endloop
  endfacet
  facet normal  -0.000000e+000  0.000000e+000 -1.000000e+000
    outer loop
      vertex -6.998840e+000  2.141643e+001  3.600000e+000
      vertex -9.550683e+000  2.140747e+001  3.600000e+000
      vertex -9.597191e+000  2.144428e+001  3.600000e+000
    endloop
  endfacet
  facet normal  0.000000e+000  0.000000e+000 -1.000000e+000
    outer loop
      vertex -6.998840e+000  2.141643e+001  3.600000e+000
      vertex -9.597191e+000  2.144428e+001  3.600000e+000
      vertex -6.975533e+000  2.145649e+001  3.600000e+000
    endloop
  endfacet
  facet normal  -0.000000e+000  0.000000e+000 -1.000000e+000
    outer loop
      vertex -6.975533e+000  2.145649e+001  3.600000e+000
      vertex -9.597191e+000  2.144428e+001  3.600000e+000
      vertex -9.642372e+000  2.148277e+001  3.600000e+000
    endloop
  endfacet
  facet normal  0.000000e+000  0.000000e+000 -1.000000e+000
    outer loop
      vertex -6.975533e+000  2.145649e+001  3.600000e+000
      vertex -9.642372e+000  2.148277e+001  3.600000e+000
      vertex -6.955073e+000  2.149808e+001  3.600000e+000
    endloop
  endfacet
  facet normal  -0.000000e+000  0.000000e+000 -9.999999e-001
    outer loop
      vertex -6.955073e+000  2.149808e+001  3.600000e+000
      vertex -9.642372e+000  2.148277e+001  3.600000e+000
      vertex -9.725807e+000  2.156111e+001  3.600000e+000
    endloop
  endfacet
  facet normal  0.000000e+000  0.000000e+000 -1.000000e+000
    outer loop
      vertex -6.955073e+000  2.149808e+001  3.600000e+000
      vertex -9.725807e+000  2.156111e+001  3.600000e+000
      vertex -6.937672e+000  2.154084e+001  3.600000e+000
    endloop
  endfacet
  facet normal  0.000000e+000  0.000000e+000 -1.000000e+000
    outer loop
      vertex -7.236425e+000  2.118876e+001  3.600000e+000
      vertex -9.128398e+000  2.118482e+001  3.600000e+000
      vertex -7.200991e+000  2.121145e+001  3.600000e+000
    endloop
  endfacet
  facet normal  -0.000000e+000  0.000000e+000 -1.000000e+000
    outer loop
      vertex -7.200991e+000  2.121145e+001  3.600000e+000
      vertex -9.128398e+000  2.118482e+001  3.600000e+000
      vertex -9.231478e+000  2.122450e+001  3.600000e+000
    endloop
  endfacet
  facet normal  0.000000e+000  0.000000e+000 -1.000000e+000
    outer loop
      vertex -7.200991e+000  2.121145e+001  3.600000e+000
      vertex -9.231478e+000  2.122450e+001  3.600000e+000
      vertex -7.166762e+000  2.123582e+001  3.600000e+000
    endloop
  endfacet
  facet normal  0.000000e+000  0.000000e+000 -1.000000e+000
    outer loop
      vertex -7.319514e+000  2.114348e+001  3.600000e+000
      vertex -9.023252e+000  2.115047e+001  3.600000e+000
      vertex -7.277394e+000  2.116519e+001  3.600000e+000
    endloop
  endfacet
  facet normal  -0.000000e+000  0.000000e+000 -1.000000e+000
    outer loop
      vertex -7.277394e+000  2.116519e+001  3.600000e+000
      vertex -9.023252e+000  2.115047e+001  3.600000e+000
      vertex -9.128398e+000  2.118482e+001  3.600000e+000
    endloop
  endfacet
  facet normal  0.000000e+000  0.000000e+000 -1.000000e+000
    outer loop
      vertex -7.277394e+000  2.116519e+001  3.600000e+000
      vertex -9.128398e+000  2.118482e+001  3.600000e+000
      vertex -7.236425e+000  2.118876e+001  3.600000e+000
    endloop
  endfacet
  facet normal  0.000000e+000  0.000000e+000 -1.000000e+000
    outer loop
      vertex -8.809508e+000  2.109402e+001  3.600000e+000
      vertex -8.916766e+000  2.112049e+001  3.600000e+000
      vertex -7.401714e+000  2.110714e+001  3.600000e+000
    endloop
  endfacet
  facet normal  0.000000e+000  0.000000e+000 -1.000000e+000
    outer loop
      vertex -7.401714e+000  2.110714e+001  3.600000e+000
      vertex -8.916766e+000  2.112049e+001  3.600000e+000
      vertex -9.023252e+000  2.115047e+001  3.600000e+000
    endloop
  endfacet
  facet normal  0.000000e+000  0.000000e+000 -1.000000e+000
    outer loop
      vertex -7.401714e+000  2.110714e+001  3.600000e+000
      vertex -9.023252e+000  2.115047e+001  3.600000e+000
      vertex -7.319514e+000  2.114348e+001  3.600000e+000
    endloop
  endfacet
  facet normal  0.000000e+000  0.000000e+000 -1.000000e+000
    outer loop
      vertex -7.777455e+000  2.101104e+001  3.600000e+000
      vertex -8.377343e+000  2.101546e+001  3.600000e+000
      vertex -7.718023e+000  2.101999e+001  3.600000e+000
    endloop
  endfacet
  facet normal  -0.000000e+000  0.000000e+000 -1.000000e+000
    outer loop
      vertex -7.718023e+000  2.101999e+001  3.600000e+000
      vertex -8.377343e+000  2.101546e+001  3.600000e+000
      vertex -8.486504e+000  2.103070e+001  3.600000e+000
    endloop
  endfacet
  facet normal  0.000000e+000  0.000000e+000 -1.000000e+000
    outer loop
      vertex -7.718023e+000  2.101999e+001  3.600000e+000
      vertex -8.486504e+000  2.103070e+001  3.600000e+000
      vertex -7.658956e+000  2.103099e+001  3.600000e+000
    endloop
  endfacet
  facet normal  -0.000000e+000  0.000000e+000 -9.999999e-001
    outer loop
      vertex -7.658956e+000  2.103099e+001  3.600000e+000
      vertex -8.486504e+000  2.103070e+001  3.600000e+000
      vertex -8.594440e+000  2.104910e+001  3.600000e+000
    endloop
  endfacet
  facet normal  0.000000e+000  0.000000e+000 -1.000000e+000
    outer loop
      vertex -7.658956e+000  2.103099e+001  3.600000e+000
      vertex -8.594440e+000  2.104910e+001  3.600000e+000
      vertex -7.572116e+000  2.105127e+001  3.600000e+000
    endloop
  endfacet
  facet normal  -0.000000e+000  0.000000e+000 -1.000000e+000
    outer loop
      vertex -7.572116e+000  2.105127e+001  3.600000e+000
      vertex -8.594440e+000  2.104910e+001  3.600000e+000
      vertex -8.701872e+000  2.107026e+001  3.600000e+000
    endloop
  endfacet
  facet normal  0.000000e+000  0.000000e+000 -1.000000e+000
    outer loop
      vertex -7.572116e+000  2.105127e+001  3.600000e+000
      vertex -8.701872e+000  2.107026e+001  3.600000e+000
      vertex -7.486211e+000  2.107654e+001  3.600000e+000
    endloop
  endfacet
  facet normal  -0.000000e+000  0.000000e+000 -1.000000e+000
    outer loop
      vertex -7.486211e+000  2.107654e+001  3.600000e+000
      vertex -8.701872e+000  2.107026e+001  3.600000e+000
      vertex -8.809508e+000  2.109402e+001  3.600000e+000
    endloop
  endfacet
  facet normal  0.000000e+000  0.000000e+000 -1.000000e+000
    outer loop
      vertex -7.486211e+000  2.107654e+001  3.600000e+000
      vertex -8.809508e+000  2.109402e+001  3.600000e+000
      vertex -7.401714e+000  2.110714e+001  3.600000e+000
    endloop
  endfacet
  facet normal  0.000000e+000  0.000000e+000 -1.000000e+000
    outer loop
      vertex -7.777455e+000  2.101104e+001  3.600000e+000
      vertex -7.897115e+000  2.099899e+001  3.600000e+000
      vertex -8.377343e+000  2.101546e+001  3.600000e+000
    endloop
  endfacet
  facet normal  0.000000e+000  0.000000e+000 -1.000000e+000
    outer loop
      vertex -8.377343e+000  2.101546e+001  3.600000e+000
      vertex -7.897115e+000  2.099899e+001  3.600000e+000
      vertex -8.257783e+000  2.100309e+001  3.600000e+000
    endloop
  endfacet
  facet normal  0.000000e+000  0.000000e+000 -1.000000e+000
    outer loop
      vertex -7.897115e+000  2.099899e+001  3.600000e+000
      vertex -8.017367e+000  2.099414e+001  3.600000e+000
      vertex -8.257783e+000  2.100309e+001  3.600000e+000
    endloop
  endfacet
  facet normal  0.000000e+000  0.000000e+000 -1.000000e+000
    outer loop
      vertex -8.257783e+000  2.100309e+001  3.600000e+000
      vertex -8.017367e+000  2.099414e+001  3.600000e+000
      vertex -8.137717e+000  2.099575e+001  3.600000e+000
    endloop
  endfacet
  facet normal  0.000000e+000  0.000000e+000 -1.000000e+000
    outer loop
      vertex -9.250583e+000  2.918774e+001  3.600000e+000
      vertex -1.041888e+001  2.919275e+001  3.600000e+000
      vertex -9.212634e+000  2.923895e+001  3.600000e+000
    endloop
  endfacet
  facet normal  -0.000000e+000  0.000000e+000 -1.000000e+000
    outer loop
      vertex -9.212634e+000  2.923895e+001  3.600000e+000
      vertex -1.041888e+001  2.919275e+001  3.600000e+000
      vertex -1.039195e+001  2.926936e+001  3.600000e+000
    endloop
  endfacet
  facet normal  0.000000e+000  0.000000e+000 -9.999999e-001
    outer loop
      vertex -9.212634e+000  2.923895e+001  3.600000e+000
      vertex -1.039195e+001  2.926936e+001  3.600000e+000
      vertex -9.171756e+000  2.928786e+001  3.600000e+000
    endloop
  endfacet
  facet normal  0.000000e+000  0.000000e+000 -1.000000e+000
    outer loop
      vertex -9.412847e+000  2.887794e+001  3.600000e+000
      vertex -1.049303e+001  2.890978e+001  3.600000e+000
      vertex -9.375793e+000  2.896619e+001  3.600000e+000
    endloop
  endfacet
  facet normal  -0.000000e+000  0.000000e+000 -1.000000e+000
    outer loop
      vertex -9.375793e+000  2.896619e+001  3.600000e+000
      vertex -1.049303e+001  2.890978e+001  3.600000e+000
      vertex -1.046422e+001  2.903679e+001  3.600000e+000
    endloop
  endfacet
  facet normal  0.000000e+000  0.000000e+000 -1.000000e+000
    outer loop
      vertex -9.375793e+000  2.896619e+001  3.600000e+000
      vertex -1.046422e+001  2.903679e+001  3.600000e+000
      vertex -9.333465e+000  2.905197e+001  3.600000e+000
    endloop
  endfacet
  facet normal  -0.000000e+000  0.000000e+000 -1.000000e+000
    outer loop
      vertex -9.333465e+000  2.905197e+001  3.600000e+000
      vertex -1.046422e+001  2.903679e+001  3.600000e+000
      vertex -1.044295e+001  2.911520e+001  3.600000e+000
    endloop
  endfacet
  facet normal  0.000000e+000  0.000000e+000 -1.000000e+000
    outer loop
      vertex -9.333465e+000  2.905197e+001  3.600000e+000
      vertex -1.044295e+001  2.911520e+001  3.600000e+000
      vertex -9.285649e+000  2.913471e+001  3.600000e+000
    endloop
  endfacet
  facet normal  -0.000000e+000  0.000000e+000 -1.000000e+000
    outer loop
      vertex -9.285649e+000  2.913471e+001  3.600000e+000
      vertex -1.044295e+001  2.911520e+001  3.600000e+000
      vertex -1.041888e+001  2.919275e+001  3.600000e+000
    endloop
  endfacet
  facet normal  0.000000e+000  0.000000e+000 -9.999999e-001
    outer loop
      vertex -9.285649e+000  2.913471e+001  3.600000e+000
      vertex -1.041888e+001  2.919275e+001  3.600000e+000
      vertex -9.250583e+000  2.918774e+001  3.600000e+000
    endloop
  endfacet
  facet normal  0.000000e+000  0.000000e+000 -1.000000e+000
    outer loop
      vertex -9.503304e+000  2.854305e+001  3.600000e+000
      vertex -1.055005e+001  2.852309e+001  3.600000e+000
      vertex -9.492504e+000  2.860269e+001  3.600000e+000
    endloop
  endfacet
  facet normal  -0.000000e+000  0.000000e+000 -1.000000e+000
    outer loop
      vertex -9.492504e+000  2.860269e+001  3.600000e+000
      vertex -1.055005e+001  2.852309e+001  3.600000e+000
      vertex -1.053495e+001  2.865246e+001  3.600000e+000
    endloop
  endfacet
  facet normal  0.000000e+000  0.000000e+000 -1.000000e+000
    outer loop
      vertex -9.492504e+000  2.860269e+001  3.600000e+000
      vertex -1.053495e+001  2.865246e+001  3.600000e+000
      vertex -9.471224e+000  2.869584e+001  3.600000e+000
    endloop
  endfacet
  facet normal  -0.000000e+000  0.000000e+000 -1.000000e+000
    outer loop
      vertex -9.471224e+000  2.869584e+001  3.600000e+000
      vertex -1.053495e+001  2.865246e+001  3.600000e+000
      vertex -1.051627e+001  2.878149e+001  3.600000e+000
    endloop
  endfacet
  facet normal  0.000000e+000  0.000000e+000 -1.000000e+000
    outer loop
      vertex -9.471224e+000  2.869584e+001  3.600000e+000
      vertex -1.051627e+001  2.878149e+001  3.600000e+000
      vertex -9.444668e+000  2.878770e+001  3.600000e+000
    endloop
  endfacet
  facet normal  -0.000000e+000  0.000000e+000 -1.000000e+000
    outer loop
      vertex -9.444668e+000  2.878770e+001  3.600000e+000
      vertex -1.051627e+001  2.878149e+001  3.600000e+000
      vertex -1.049303e+001  2.890978e+001  3.600000e+000
    endloop
  endfacet
  facet normal  0.000000e+000  0.000000e+000 -1.000000e+000
    outer loop
      vertex -9.444668e+000  2.878770e+001  3.600000e+000
      vertex -1.049303e+001  2.890978e+001  3.600000e+000
      vertex -9.412847e+000  2.887794e+001  3.600000e+000
    endloop
  endfacet
  facet normal  0.000000e+000  0.000000e+000 -1.000000e+000
    outer loop
      vertex -9.518814e+000  2.842224e+001  3.600000e+000
      vertex -1.056803e+001  2.832898e+001  3.600000e+000
      vertex -9.512044e+000  2.848309e+001  3.600000e+000
    endloop
  endfacet
  facet normal  -0.000000e+000  0.000000e+000 -1.000000e+000
    outer loop
      vertex -9.512044e+000  2.848309e+001  3.600000e+000
      vertex -1.056803e+001  2.832898e+001  3.600000e+000
      vertex -1.055005e+001  2.852309e+001  3.600000e+000
    endloop
  endfacet
  facet normal  0.000000e+000  0.000000e+000 -1.000000e+000
    outer loop
      vertex -9.512044e+000  2.848309e+001  3.600000e+000
      vertex -1.055005e+001  2.852309e+001  3.600000e+000
      vertex -9.503304e+000  2.854305e+001  3.600000e+000
    endloop
  endfacet
  facet normal  0.000000e+000  0.000000e+000 -1.000000e+000
    outer loop
      vertex -9.523038e+000  2.811788e+001  3.600000e+000
      vertex -1.058132e+001  2.813449e+001  3.600000e+000
      vertex -9.527067e+000  2.823953e+001  3.600000e+000
    endloop
  endfacet
  facet normal  -0.000000e+000  0.000000e+000 -9.999999e-001
    outer loop
      vertex -9.527067e+000  2.823953e+001  3.600000e+000
      vertex -1.058132e+001  2.813449e+001  3.600000e+000
      vertex -1.056803e+001  2.832898e+001  3.600000e+000
    endloop
  endfacet
  facet normal  0.000000e+000  0.000000e+000 -1.000000e+000
    outer loop
      vertex -9.527067e+000  2.823953e+001  3.600000e+000
      vertex -1.056803e+001  2.832898e+001  3.600000e+000
      vertex -9.523546e+000  2.836121e+001  3.600000e+000
    endloop
  endfacet
  facet normal  0.000000e+000  0.000000e+000 -1.000000e+000
    outer loop
      vertex -9.469383e+000  2.775692e+001  3.600000e+000
      vertex -1.059269e+001  2.774479e+001  3.600000e+000
      vertex -9.493833e+000  2.787625e+001  3.600000e+000
    endloop
  endfacet
  facet normal  -0.000000e+000  0.000000e+000 -1.000000e+000
    outer loop
      vertex -9.493833e+000  2.787625e+001  3.600000e+000
      vertex -1.059269e+001  2.774479e+001  3.600000e+000
      vertex -1.058962e+001  2.793972e+001  3.600000e+000
    endloop
  endfacet
  facet normal  0.000000e+000  0.000000e+000 -9.999999e-001
    outer loop
      vertex -9.493833e+000  2.787625e+001  3.600000e+000
      vertex -1.058962e+001  2.793972e+001  3.600000e+000
      vertex -9.511834e+000  2.799668e+001  3.600000e+000
    endloop
  endfacet
  facet normal  -0.000000e+000  0.000000e+000 -1.000000e+000
    outer loop
      vertex -9.511834e+000  2.799668e+001  3.600000e+000
      vertex -1.058962e+001  2.793972e+001  3.600000e+000
      vertex -1.058132e+001  2.813449e+001  3.600000e+000
    endloop
  endfacet
  facet normal  0.000000e+000  0.000000e+000 -1.000000e+000
    outer loop
      vertex -9.511834e+000  2.799668e+001  3.600000e+000
      vertex -1.058132e+001  2.813449e+001  3.600000e+000
      vertex -9.523038e+000  2.811788e+001  3.600000e+000
    endloop
  endfacet
  facet normal  0.000000e+000  0.000000e+000 -1.000000e+000
    outer loop
      vertex -9.404325e+000  2.752885e+001  3.600000e+000
      vertex -1.059049e+001  2.754884e+001  3.600000e+000
      vertex -9.438783e+000  2.763899e+001  3.600000e+000
    endloop
  endfacet
  facet normal  -0.000000e+000  0.000000e+000 -1.000000e+000
    outer loop
      vertex -9.438783e+000  2.763899e+001  3.600000e+000
      vertex -1.059049e+001  2.754884e+001  3.600000e+000
      vertex -1.059269e+001  2.774479e+001  3.600000e+000
    endloop
  endfacet
  facet normal  0.000000e+000  0.000000e+000 -1.000000e+000
    outer loop
      vertex -9.438783e+000  2.763899e+001  3.600000e+000
      vertex -1.059269e+001  2.774479e+001  3.600000e+000
      vertex -9.469383e+000  2.775692e+001  3.600000e+000
    endloop
  endfacet
  facet normal  0.000000e+000  0.000000e+000 -1.000000e+000
    outer loop
      vertex -1.054568e+001  2.709472e+001  3.600000e+000
      vertex -1.055641e+001  2.714810e+001  3.600000e+000
      vertex -9.215870e+000  2.710810e+001  3.600000e+000
    endloop
  endfacet
  facet normal  0.000000e+000  0.000000e+000 -1.000000e+000
    outer loop
      vertex -9.215870e+000  2.710810e+001  3.600000e+000
      vertex -1.055641e+001  2.714810e+001  3.600000e+000
      vertex -1.057160e+001  2.725049e+001  3.600000e+000
    endloop
  endfacet
  facet normal  0.000000e+000  0.000000e+000 -1.000000e+000
    outer loop
      vertex -9.215870e+000  2.710810e+001  3.600000e+000
      vertex -1.057160e+001  2.725049e+001  3.600000e+000
      vertex -9.270320e+000  2.720986e+001  3.600000e+000
    endloop
  endfacet
  facet normal  0.000000e+000  0.000000e+000 -1.000000e+000
    outer loop
      vertex -9.270320e+000  2.720986e+001  3.600000e+000
      vertex -1.057160e+001  2.725049e+001  3.600000e+000
      vertex -1.058142e+001  2.735311e+001  3.600000e+000
    endloop
  endfacet
  facet normal  0.000000e+000  0.000000e+000 -1.000000e+000
    outer loop
      vertex -9.270320e+000  2.720986e+001  3.600000e+000
      vertex -1.058142e+001  2.735311e+001  3.600000e+000
      vertex -9.319964e+000  2.731405e+001  3.600000e+000
    endloop
  endfacet
  facet normal  0.000000e+000  0.000000e+000 -1.000000e+000
    outer loop
      vertex -9.319964e+000  2.731405e+001  3.600000e+000
      vertex -1.058142e+001  2.735311e+001  3.600000e+000
      vertex -1.058707e+001  2.744907e+001  3.600000e+000
    endloop
  endfacet
  facet normal  0.000000e+000  0.000000e+000 -1.000000e+000
    outer loop
      vertex -9.319964e+000  2.731405e+001  3.600000e+000
      vertex -1.058707e+001  2.744907e+001  3.600000e+000
      vertex -9.364676e+000  2.742046e+001  3.600000e+000
    endloop
  endfacet
  facet normal  0.000000e+000  0.000000e+000 -9.999999e-001
    outer loop
      vertex -9.364676e+000  2.742046e+001  3.600000e+000
      vertex -1.058707e+001  2.744907e+001  3.600000e+000
      vertex -1.059049e+001  2.754884e+001  3.600000e+000
    endloop
  endfacet
  facet normal  0.000000e+000  0.000000e+000 -1.000000e+000
    outer loop
      vertex -9.364676e+000  2.742046e+001  3.600000e+000
      vertex -1.059049e+001  2.754884e+001  3.600000e+000
      vertex -9.404325e+000  2.752885e+001  3.600000e+000
    endloop
  endfacet
  facet normal  0.000000e+000  0.000000e+000 -1.000000e+000
    outer loop
      vertex -1.051863e+001  2.699505e+001  3.600000e+000
      vertex -1.053267e+001  2.704195e+001  3.600000e+000
      vertex -9.156741e+000  2.700899e+001  3.600000e+000
    endloop
  endfacet
  facet normal  0.000000e+000  0.000000e+000 -1.000000e+000
    outer loop
      vertex -9.156741e+000  2.700899e+001  3.600000e+000
      vertex -1.053267e+001  2.704195e+001  3.600000e+000
      vertex -1.054568e+001  2.709472e+001  3.600000e+000
    endloop
  endfacet
  facet normal  0.000000e+000  0.000000e+000 -9.999999e-001
    outer loop
      vertex -9.156741e+000  2.700899e+001  3.600000e+000
      vertex -1.054568e+001  2.709472e+001  3.600000e+000
      vertex -9.215870e+000  2.710810e+001  3.600000e+000
    endloop
  endfacet
  facet normal  0.000000e+000  0.000000e+000 -1.000000e+000
    outer loop
      vertex -1.048229e+001  2.690352e+001  3.600000e+000
      vertex -1.050209e+001  2.694908e+001  3.600000e+000
      vertex -9.099996e+000  2.692275e+001  3.600000e+000
    endloop
  endfacet
  facet normal  0.000000e+000  0.000000e+000 -1.000000e+000
    outer loop
      vertex -9.099996e+000  2.692275e+001  3.600000e+000
      vertex -1.050209e+001  2.694908e+001  3.600000e+000
      vertex -1.051863e+001  2.699505e+001  3.600000e+000
    endloop
  endfacet
  facet normal  0.000000e+000  0.000000e+000 -1.000000e+000
    outer loop
      vertex -9.099996e+000  2.692275e+001  3.600000e+000
      vertex -1.051863e+001  2.699505e+001  3.600000e+000
      vertex -9.156741e+000  2.700899e+001  3.600000e+000
    endloop
  endfacet
  facet normal  0.000000e+000  0.000000e+000 -1.000000e+000
    outer loop
      vertex -1.040114e+001  2.677902e+001  3.600000e+000
      vertex -1.043211e+001  2.681787e+001  3.600000e+000
      vertex -8.977115e+000  2.675911e+001  3.600000e+000
    endloop
  endfacet
  facet normal  0.000000e+000  0.000000e+000 -1.000000e+000
    outer loop
      vertex -8.977115e+000  2.675911e+001  3.600000e+000
      vertex -1.043211e+001  2.681787e+001  3.600000e+000
      vertex -1.045910e+001  2.685959e+001  3.600000e+000
    endloop
  endfacet
  facet normal  0.000000e+000  0.000000e+000 -9.999999e-001
    outer loop
      vertex -8.977115e+000  2.675911e+001  3.600000e+000
      vertex -1.045910e+001  2.685959e+001  3.600000e+000
      vertex -9.040216e+000  2.683968e+001  3.600000e+000
    endloop
  endfacet
  facet normal  0.000000e+000  0.000000e+000 -1.000000e+000
    outer loop
      vertex -9.040216e+000  2.683968e+001  3.600000e+000
      vertex -1.045910e+001  2.685959e+001  3.600000e+000
      vertex -1.048229e+001  2.690352e+001  3.600000e+000
    endloop
  endfacet
  facet normal  0.000000e+000  0.000000e+000 -1.000000e+000
    outer loop
      vertex -9.040216e+000  2.683968e+001  3.600000e+000
      vertex -1.048229e+001  2.690352e+001  3.600000e+000
      vertex -9.099996e+000  2.692275e+001  3.600000e+000
    endloop
  endfacet
  facet normal  0.000000e+000  0.000000e+000 -1.000000e+000
    outer loop
      vertex -1.032217e+001  2.670188e+001  3.600000e+000
      vertex -1.035511e+001  2.673160e+001  3.600000e+000
      vertex -8.910576e+000  2.668019e+001  3.600000e+000
    endloop
  endfacet
  facet normal  0.000000e+000  0.000000e+000 -1.000000e+000
    outer loop
      vertex -8.910576e+000  2.668019e+001  3.600000e+000
      vertex -1.035511e+001  2.673160e+001  3.600000e+000
      vertex -1.040114e+001  2.677902e+001  3.600000e+000
    endloop
  endfacet
  facet normal  0.000000e+000  0.000000e+000 -1.000000e+000
    outer loop
      vertex -8.910576e+000  2.668019e+001  3.600000e+000
      vertex -1.040114e+001  2.677902e+001  3.600000e+000
      vertex -8.977115e+000  2.675911e+001  3.600000e+000
    endloop
  endfacet
  facet normal  0.000000e+000  0.000000e+000 -1.000000e+000
    outer loop
      vertex -1.017329e+001  2.658439e+001  3.600000e+000
      vertex -1.025302e+001  2.664534e+001  3.600000e+000
      vertex -8.847525e+000  2.660957e+001  3.600000e+000
    endloop
  endfacet
  facet normal  0.000000e+000  0.000000e+000 -1.000000e+000
    outer loop
      vertex -8.847525e+000  2.660957e+001  3.600000e+000
      vertex -1.025302e+001  2.664534e+001  3.600000e+000
      vertex -1.032217e+001  2.670188e+001  3.600000e+000
    endloop
  endfacet
  facet normal  0.000000e+000  0.000000e+000 -1.000000e+000
    outer loop
      vertex -8.847525e+000  2.660957e+001  3.600000e+000
      vertex -1.032217e+001  2.670188e+001  3.600000e+000
      vertex -8.910576e+000  2.668019e+001  3.600000e+000
    endloop
  endfacet
  facet normal  0.000000e+000  0.000000e+000 -1.000000e+000
    outer loop
      vertex -9.994864e+000  2.644292e+001  3.600000e+000
      vertex -1.004449e+001  2.648454e+001  3.600000e+000
      vertex -8.651299e+000  2.640422e+001  3.600000e+000
    endloop
  endfacet
  facet normal  0.000000e+000  0.000000e+000 -1.000000e+000
    outer loop
      vertex -8.651299e+000  2.640422e+001  3.600000e+000
      vertex -1.004449e+001  2.648454e+001  3.600000e+000
      vertex -1.009431e+001  2.652412e+001  3.600000e+000
    endloop
  endfacet
  facet normal  0.000000e+000  0.000000e+000 -9.999999e-001
    outer loop
      vertex -8.651299e+000  2.640422e+001  3.600000e+000
      vertex -1.009431e+001  2.652412e+001  3.600000e+000
      vertex -8.782990e+000  2.654028e+001  3.600000e+000
    endloop
  endfacet
  facet normal  -0.000000e+000  0.000000e+000 -1.000000e+000
    outer loop
      vertex -8.782990e+000  2.654028e+001  3.600000e+000
      vertex -1.009431e+001  2.652412e+001  3.600000e+000
      vertex -1.017329e+001  2.658439e+001  3.600000e+000
    endloop
  endfacet
  facet normal  0.000000e+000  0.000000e+000 -1.000000e+000
    outer loop
      vertex -8.782990e+000  2.654028e+001  3.600000e+000
      vertex -1.017329e+001  2.658439e+001  3.600000e+000
      vertex -8.847525e+000  2.660957e+001  3.600000e+000
    endloop
  endfacet
  facet normal  -0.000000e+000  0.000000e+000 -1.000000e+000
    outer loop
      vertex -9.994864e+000  2.644292e+001  3.600000e+000
      vertex -8.651299e+000  2.640422e+001  3.600000e+000
      vertex -9.946559e+000  2.639977e+001  3.600000e+000
    endloop
  endfacet
  facet normal  0.000000e+000  0.000000e+000 -1.000000e+000
    outer loop
      vertex -9.946559e+000  2.639977e+001  3.600000e+000
      vertex -8.651299e+000  2.640422e+001  3.600000e+000
      vertex -8.550489e+000  2.630112e+001  3.600000e+000
    endloop
  endfacet
  facet normal  0.000000e+000  0.000000e+000 -9.999999e-001
    outer loop
      vertex -9.946559e+000  2.639977e+001  3.600000e+000
      vertex -8.550489e+000  2.630112e+001  3.600000e+000
      vertex -9.900614e+000  2.635574e+001  3.600000e+000
    endloop
  endfacet
  facet normal  0.000000e+000  0.000000e+000 -9.999999e-001
    outer loop
      vertex -8.109416e+000  2.560924e+001  3.600000e+000
      vertex -9.548653e+000  2.563261e+001  3.600000e+000
      vertex -8.122954e+000  2.566778e+001  3.600000e+000
    endloop
  endfacet
  facet normal  -0.000000e+000  0.000000e+000 -1.000000e+000
    outer loop
      vertex -8.122954e+000  2.566778e+001  3.600000e+000
      vertex -9.548653e+000  2.563261e+001  3.600000e+000
      vertex -9.552776e+000  2.570298e+001  3.600000e+000
    endloop
  endfacet
  facet normal  0.000000e+000  0.000000e+000 -1.000000e+000
    outer loop
      vertex -8.122954e+000  2.566778e+001  3.600000e+000
      vertex -9.552776e+000  2.570298e+001  3.600000e+000
      vertex -8.140570e+000  2.572480e+001  3.600000e+000
    endloop
  endfacet
  facet normal  -0.000000e+000  0.000000e+000 -1.000000e+000
    outer loop
      vertex -8.140570e+000  2.572480e+001  3.600000e+000
      vertex -9.552776e+000  2.570298e+001  3.600000e+000
      vertex -9.560029e+000  2.575673e+001  3.600000e+000
    endloop
  endfacet
  facet normal  0.000000e+000  0.000000e+000 -1.000000e+000
    outer loop
      vertex -8.140570e+000  2.572480e+001  3.600000e+000
      vertex -9.560029e+000  2.575673e+001  3.600000e+000
      vertex -8.161762e+000  2.578006e+001  3.600000e+000
    endloop
  endfacet
  facet normal  -0.000000e+000  0.000000e+000 -1.000000e+000
    outer loop
      vertex -8.161762e+000  2.578006e+001  3.600000e+000
      vertex -9.560029e+000  2.575673e+001  3.600000e+000
      vertex -9.570785e+000  2.580989e+001  3.600000e+000
    endloop
  endfacet
  facet normal  0.000000e+000  0.000000e+000 -1.000000e+000
    outer loop
      vertex -8.161762e+000  2.578006e+001  3.600000e+000
      vertex -9.570785e+000  2.580989e+001  3.600000e+000
      vertex -8.184626e+000  2.583052e+001  3.600000e+000
    endloop
  endfacet
  facet normal  -0.000000e+000  0.000000e+000 -1.000000e+000
    outer loop
      vertex -8.184626e+000  2.583052e+001  3.600000e+000
      vertex -9.570785e+000  2.580989e+001  3.600000e+000
      vertex -9.584890e+000  2.586225e+001  3.600000e+000
    endloop
  endfacet
  facet normal  0.000000e+000  0.000000e+000 -1.000000e+000
    outer loop
      vertex -8.184626e+000  2.583052e+001  3.600000e+000
      vertex -9.584890e+000  2.586225e+001  3.600000e+000
      vertex -8.210111e+000  2.587956e+001  3.600000e+000
    endloop
  endfacet
  facet normal  -0.000000e+000  0.000000e+000 -1.000000e+000
    outer loop
      vertex -8.210111e+000  2.587956e+001  3.600000e+000
      vertex -9.584890e+000  2.586225e+001  3.600000e+000
      vertex -9.602161e+000  2.591366e+001  3.600000e+000
    endloop
  endfacet
  facet normal  0.000000e+000  0.000000e+000 -1.000000e+000
    outer loop
      vertex -8.210111e+000  2.587956e+001  3.600000e+000
      vertex -9.602161e+000  2.591366e+001  3.600000e+000
      vertex -8.238080e+000  2.592723e+001  3.600000e+000
    endloop
  endfacet
  facet normal  -0.000000e+000  0.000000e+000 -1.000000e+000
    outer loop
      vertex -8.238080e+000  2.592723e+001  3.600000e+000
      vertex -9.602161e+000  2.591366e+001  3.600000e+000
      vertex -9.618655e+000  2.595526e+001  3.600000e+000
    endloop
  endfacet
  facet normal  0.000000e+000  0.000000e+000 -1.000000e+000
    outer loop
      vertex -8.238080e+000  2.592723e+001  3.600000e+000
      vertex -9.618655e+000  2.595526e+001  3.600000e+000
      vertex -8.268367e+000  2.597362e+001  3.600000e+000
    endloop
  endfacet
  facet normal  -0.000000e+000  0.000000e+000 -9.999999e-001
    outer loop
      vertex -8.268367e+000  2.597362e+001  3.600000e+000
      vertex -9.618655e+000  2.595526e+001  3.600000e+000
      vertex -9.637054e+000  2.599607e+001  3.600000e+000
    endloop
  endfacet
  facet normal  0.000000e+000  0.000000e+000 -1.000000e+000
    outer loop
      vertex -8.268367e+000  2.597362e+001  3.600000e+000
      vertex -9.637054e+000  2.599607e+001  3.600000e+000
      vertex -8.310650e+000  2.603202e+001  3.600000e+000
    endloop
  endfacet
  facet normal  -0.000000e+000  0.000000e+000 -9.999999e-001
    outer loop
      vertex -8.310650e+000  2.603202e+001  3.600000e+000
      vertex -9.637054e+000  2.599607e+001  3.600000e+000
      vertex -9.679092e+000  2.607517e+001  3.600000e+000
    endloop
  endfacet
  facet normal  0.000000e+000  0.000000e+000 -1.000000e+000
    outer loop
      vertex -8.310650e+000  2.603202e+001  3.600000e+000
      vertex -9.679092e+000  2.607517e+001  3.600000e+000
      vertex -8.355613e+000  2.608849e+001  3.600000e+000
    endloop
  endfacet
  facet normal  -0.000000e+000  0.000000e+000 -1.000000e+000
    outer loop
      vertex -8.355613e+000  2.608849e+001  3.600000e+000
      vertex -9.679092e+000  2.607517e+001  3.600000e+000
      vertex -9.727332e+000  2.615073e+001  3.600000e+000
    endloop
  endfacet
  facet normal  0.000000e+000  0.000000e+000 -1.000000e+000
    outer loop
      vertex -8.355613e+000  2.608849e+001  3.600000e+000
      vertex -9.727332e+000  2.615073e+001  3.600000e+000
      vertex -8.402603e+000  2.614329e+001  3.600000e+000
    endloop
  endfacet
  facet normal  0.000000e+000  0.000000e+000 -1.000000e+000
    outer loop
      vertex -8.402603e+000  2.614329e+001  3.600000e+000
      vertex -9.727332e+000  2.615073e+001  3.600000e+000
      vertex -9.780860e+000  2.622265e+001  3.600000e+000
    endloop
  endfacet
  facet normal  0.000000e+000  0.000000e+000 -1.000000e+000
    outer loop
      vertex -8.402603e+000  2.614329e+001  3.600000e+000
      vertex -9.780860e+000  2.622265e+001  3.600000e+000
      vertex -8.451028e+000  2.619673e+001  3.600000e+000
    endloop
  endfacet
  facet normal  0.000000e+000  0.000000e+000 -1.000000e+000
    outer loop
      vertex -8.451028e+000  2.619673e+001  3.600000e+000
      vertex -9.780860e+000  2.622265e+001  3.600000e+000
      vertex -9.838848e+000  2.629095e+001  3.600000e+000
    endloop
  endfacet
  facet normal  0.000000e+000  0.000000e+000 -1.000000e+000
    outer loop
      vertex -8.451028e+000  2.619673e+001  3.600000e+000
      vertex -9.838848e+000  2.629095e+001  3.600000e+000
      vertex -8.550489e+000  2.630112e+001  3.600000e+000
    endloop
  endfacet
  facet normal  0.000000e+000  0.000000e+000 -1.000000e+000
    outer loop
      vertex -8.117975e+000  2.533768e+001  3.600000e+000
      vertex -9.586514e+000  2.535401e+001  3.600000e+000
      vertex -8.106922e+000  2.538404e+001  3.600000e+000
    endloop
  endfacet
  facet normal  -0.000000e+000  0.000000e+000 -1.000000e+000
    outer loop
      vertex -8.106922e+000  2.538404e+001  3.600000e+000
      vertex -9.586514e+000  2.535401e+001  3.600000e+000
      vertex -9.569496e+000  2.542245e+001  3.600000e+000
    endloop
  endfacet
  facet normal  0.000000e+000  0.000000e+000 -1.000000e+000
    outer loop
      vertex -8.106922e+000  2.538404e+001  3.600000e+000
      vertex -9.569496e+000  2.542245e+001  3.600000e+000
      vertex -8.099944e+000  2.543118e+001  3.600000e+000
    endloop
  endfacet
  facet normal  -0.000000e+000  0.000000e+000 -1.000000e+000
    outer loop
      vertex -8.099944e+000  2.543118e+001  3.600000e+000
      vertex -9.569496e+000  2.542245e+001  3.600000e+000
      vertex -9.557323e+000  2.549193e+001  3.600000e+000
    endloop
  endfacet
  facet normal  0.000000e+000  0.000000e+000 -1.000000e+000
    outer loop
      vertex -8.099944e+000  2.543118e+001  3.600000e+000
      vertex -9.557323e+000  2.549193e+001  3.600000e+000
      vertex -8.097223e+000  2.549026e+001  3.600000e+000
    endloop
  endfacet
  facet normal  0.000000e+000  0.000000e+000 -9.999999e-001
    outer loop
      vertex -8.097223e+000  2.549026e+001  3.600000e+000
      vertex -9.557323e+000  2.549193e+001  3.600000e+000
      vertex -9.550272e+000  2.556211e+001  3.600000e+000
    endloop
  endfacet
  facet normal  0.000000e+000  0.000000e+000 -1.000000e+000
    outer loop
      vertex -8.097223e+000  2.549026e+001  3.600000e+000
      vertex -9.550272e+000  2.556211e+001  3.600000e+000
      vertex -8.100604e+000  2.554981e+001  3.600000e+000
    endloop
  endfacet
  facet normal  0.000000e+000  0.000000e+000 -1.000000e+000
    outer loop
      vertex -8.100604e+000  2.554981e+001  3.600000e+000
      vertex -9.550272e+000  2.556211e+001  3.600000e+000
      vertex -9.548653e+000  2.563261e+001  3.600000e+000
    endloop
  endfacet
  facet normal  0.000000e+000  0.000000e+000 -9.999999e-001
    outer loop
      vertex -8.100604e+000  2.554981e+001  3.600000e+000
      vertex -9.548653e+000  2.563261e+001  3.600000e+000
      vertex -8.109416e+000  2.560924e+001  3.600000e+000
    endloop
  endfacet
  facet normal  0.000000e+000  0.000000e+000 -1.000000e+000
    outer loop
      vertex -8.229153e+000  2.511314e+001  3.600000e+000
      vertex -9.679470e+000  2.513007e+001  3.600000e+000
      vertex -8.199973e+000  2.515644e+001  3.600000e+000
    endloop
  endfacet
  facet normal  -0.000000e+000  0.000000e+000 -1.000000e+000
    outer loop
      vertex -8.199973e+000  2.515644e+001  3.600000e+000
      vertex -9.679470e+000  2.513007e+001  3.600000e+000
      vertex -9.652856e+000  2.518103e+001  3.600000e+000
    endloop
  endfacet
  facet normal  0.000000e+000  0.000000e+000 -1.000000e+000
    outer loop
      vertex -8.199973e+000  2.515644e+001  3.600000e+000
      vertex -9.652856e+000  2.518103e+001  3.600000e+000
      vertex -8.173683e+000  2.520156e+001  3.600000e+000
    endloop
  endfacet
  facet normal  -0.000000e+000  0.000000e+000 -1.000000e+000
    outer loop
      vertex -8.173683e+000  2.520156e+001  3.600000e+000
      vertex -9.652856e+000  2.518103e+001  3.600000e+000
      vertex -9.629062e+000  2.523337e+001  3.600000e+000
    endloop
  endfacet
  facet normal  0.000000e+000  0.000000e+000 -1.000000e+000
    outer loop
      vertex -8.173683e+000  2.520156e+001  3.600000e+000
      vertex -9.629062e+000  2.523337e+001  3.600000e+000
      vertex -8.150665e+000  2.524823e+001  3.600000e+000
    endloop
  endfacet
  facet normal  -0.000000e+000  0.000000e+000 -1.000000e+000
    outer loop
      vertex -8.150665e+000  2.524823e+001  3.600000e+000
      vertex -9.629062e+000  2.523337e+001  3.600000e+000
      vertex -9.608138e+000  2.528692e+001  3.600000e+000
    endloop
  endfacet
  facet normal  0.000000e+000  0.000000e+000 -1.000000e+000
    outer loop
      vertex -8.150665e+000  2.524823e+001  3.600000e+000
      vertex -9.608138e+000  2.528692e+001  3.600000e+000
      vertex -8.132679e+000  2.529236e+001  3.600000e+000
    endloop
  endfacet
  facet normal  -0.000000e+000  0.000000e+000 -1.000000e+000
    outer loop
      vertex -8.132679e+000  2.529236e+001  3.600000e+000
      vertex -9.608138e+000  2.528692e+001  3.600000e+000
      vertex -9.586514e+000  2.535401e+001  3.600000e+000
    endloop
  endfacet
  facet normal  0.000000e+000  0.000000e+000 -1.000000e+000
    outer loop
      vertex -8.132679e+000  2.529236e+001  3.600000e+000
      vertex -9.586514e+000  2.535401e+001  3.600000e+000
      vertex -8.117975e+000  2.533768e+001  3.600000e+000
    endloop
  endfacet
  facet normal  0.000000e+000  0.000000e+000 -1.000000e+000
    outer loop
      vertex -8.432822e+000  2.491256e+001  3.600000e+000
      vertex -9.830135e+000  2.491826e+001  3.600000e+000
      vertex -8.385886e+000  2.494794e+001  3.600000e+000
    endloop
  endfacet
  facet normal  -0.000000e+000  0.000000e+000 -1.000000e+000
    outer loop
      vertex -8.385886e+000  2.494794e+001  3.600000e+000
      vertex -9.830135e+000  2.491826e+001  3.600000e+000
      vertex -9.787004e+000  2.497046e+001  3.600000e+000
    endloop
  endfacet
  facet normal  0.000000e+000  0.000000e+000 -9.999999e-001
    outer loop
      vertex -8.385886e+000  2.494794e+001  3.600000e+000
      vertex -9.787004e+000  2.497046e+001  3.600000e+000
      vertex -8.341411e+000  2.498635e+001  3.600000e+000
    endloop
  endfacet
  facet normal  -0.000000e+000  0.000000e+000 -1.000000e+000
    outer loop
      vertex -8.341411e+000  2.498635e+001  3.600000e+000
      vertex -9.787004e+000  2.497046e+001  3.600000e+000
      vertex -9.746402e+000  2.502453e+001  3.600000e+000
    endloop
  endfacet
  facet normal  0.000000e+000  0.000000e+000 -9.999999e-001
    outer loop
      vertex -8.341411e+000  2.498635e+001  3.600000e+000
      vertex -9.746402e+000  2.502453e+001  3.600000e+000
      vertex -8.299686e+000  2.502774e+001  3.600000e+000
    endloop
  endfacet
  facet normal  -0.000000e+000  0.000000e+000 -1.000000e+000
    outer loop
      vertex -8.299686e+000  2.502774e+001  3.600000e+000
      vertex -9.746402e+000  2.502453e+001  3.600000e+000
      vertex -9.708801e+000  2.508062e+001  3.600000e+000
    endloop
  endfacet
  facet normal  0.000000e+000  0.000000e+000 -1.000000e+000
    outer loop
      vertex -8.299686e+000  2.502774e+001  3.600000e+000
      vertex -9.708801e+000  2.508062e+001  3.600000e+000
      vertex -8.260888e+000  2.507189e+001  3.600000e+000
    endloop
  endfacet
  facet normal  0.000000e+000  0.000000e+000 -1.000000e+000
    outer loop
      vertex -8.260888e+000  2.507189e+001  3.600000e+000
      vertex -9.708801e+000  2.508062e+001  3.600000e+000
      vertex -9.679470e+000  2.513007e+001  3.600000e+000
    endloop
  endfacet
  facet normal  0.000000e+000  0.000000e+000 -1.000000e+000
    outer loop
      vertex -8.260888e+000  2.507189e+001  3.600000e+000
      vertex -9.679470e+000  2.513007e+001  3.600000e+000
      vertex -8.229153e+000  2.511314e+001  3.600000e+000
    endloop
  endfacet
  facet normal  0.000000e+000  0.000000e+000 -1.000000e+000
    outer loop
      vertex -9.004529e+000  2.456103e+001  3.600000e+000
      vertex -1.014648e+001  2.458968e+001  3.600000e+000
      vertex -8.909677e+000  2.462879e+001  3.600000e+000
    endloop
  endfacet
  facet normal  -0.000000e+000  0.000000e+000 -9.999999e-001
    outer loop
      vertex -8.909677e+000  2.462879e+001  3.600000e+000
      vertex -1.014648e+001  2.458968e+001  3.600000e+000
      vertex -1.006516e+001  2.467477e+001  3.600000e+000
    endloop
  endfacet
  facet normal  0.000000e+000  0.000000e+000 -1.000000e+000
    outer loop
      vertex -8.909677e+000  2.462879e+001  3.600000e+000
      vertex -1.006516e+001  2.467477e+001  3.600000e+000
      vertex -8.811045e+000  2.469092e+001  3.600000e+000
    endloop
  endfacet
  facet normal  -0.000000e+000  0.000000e+000 -1.000000e+000
    outer loop
      vertex -8.811045e+000  2.469092e+001  3.600000e+000
      vertex -1.006516e+001  2.467477e+001  3.600000e+000
      vertex -9.969460e+000  2.477021e+001  3.600000e+000
    endloop
  endfacet
  facet normal  0.000000e+000  0.000000e+000 -1.000000e+000
    outer loop
      vertex -8.811045e+000  2.469092e+001  3.600000e+000
      vertex -9.969460e+000  2.477021e+001  3.600000e+000
      vertex -8.709851e+000  2.474867e+001  3.600000e+000
    endloop
  endfacet
  facet normal  0.000000e+000  0.000000e+000 -1.000000e+000
    outer loop
      vertex -9.231051e+000  2.435915e+001  3.600000e+000
      vertex -1.031251e+001  2.437936e+001  3.600000e+000
      vertex -9.177481e+000  2.441290e+001  3.600000e+000
    endloop
  endfacet
  facet normal  -0.000000e+000  0.000000e+000 -1.000000e+000
    outer loop
      vertex -9.177481e+000  2.441290e+001  3.600000e+000
      vertex -1.031251e+001  2.437936e+001  3.600000e+000
      vertex -1.026914e+001  2.444092e+001  3.600000e+000
    endloop
  endfacet
  facet normal  0.000000e+000  0.000000e+000 -1.000000e+000
    outer loop
      vertex -9.177481e+000  2.441290e+001  3.600000e+000
      vertex -1.026914e+001  2.444092e+001  3.600000e+000
      vertex -9.121753e+000  2.446454e+001  3.600000e+000
    endloop
  endfacet
  facet normal  -0.000000e+000  0.000000e+000 -1.000000e+000
    outer loop
      vertex -9.121753e+000  2.446454e+001  3.600000e+000
      vertex -1.026914e+001  2.444092e+001  3.600000e+000
      vertex -1.022316e+001  2.450039e+001  3.600000e+000
    endloop
  endfacet
  facet normal  0.000000e+000  0.000000e+000 -1.000000e+000
    outer loop
      vertex -9.121753e+000  2.446454e+001  3.600000e+000
      vertex -1.022316e+001  2.450039e+001  3.600000e+000
      vertex -9.064044e+000  2.451395e+001  3.600000e+000
    endloop
  endfacet
  facet normal  -0.000000e+000  0.000000e+000 -1.000000e+000
    outer loop
      vertex -9.064044e+000  2.451395e+001  3.600000e+000
      vertex -1.022316e+001  2.450039e+001  3.600000e+000
      vertex -1.014648e+001  2.458968e+001  3.600000e+000
    endloop
  endfacet
  facet normal  0.000000e+000  0.000000e+000 -1.000000e+000
    outer loop
      vertex -9.064044e+000  2.451395e+001  3.600000e+000
      vertex -1.014648e+001  2.458968e+001  3.600000e+000
      vertex -9.004529e+000  2.456103e+001  3.600000e+000
    endloop
  endfacet
  facet normal  0.000000e+000  -0.000000e+000 -1.000000e+000
    outer loop
      vertex -1.041777e+001  2.419329e+001  3.600000e+000
      vertex -1.038966e+001  2.425025e+001  3.600000e+000
      vertex -9.357668e+000  2.421236e+001  3.600000e+000
    endloop
  endfacet
  facet normal  0.000000e+000  0.000000e+000 -1.000000e+000
    outer loop
      vertex -9.357668e+000  2.421236e+001  3.600000e+000
      vertex -1.038966e+001  2.425025e+001  3.600000e+000
      vertex -1.035285e+001  2.431577e+001  3.600000e+000
    endloop
  endfacet
  facet normal  0.000000e+000  0.000000e+000 -1.000000e+000
    outer loop
      vertex -9.357668e+000  2.421236e+001  3.600000e+000
      vertex -1.035285e+001  2.431577e+001  3.600000e+000
      vertex -9.296278e+000  2.428742e+001  3.600000e+000
    endloop
  endfacet
  facet normal  0.000000e+000  0.000000e+000 -1.000000e+000
    outer loop
      vertex -9.296278e+000  2.428742e+001  3.600000e+000
      vertex -1.035285e+001  2.431577e+001  3.600000e+000
      vertex -1.031251e+001  2.437936e+001  3.600000e+000
    endloop
  endfacet
  facet normal  0.000000e+000  0.000000e+000 -1.000000e+000
    outer loop
      vertex -9.296278e+000  2.428742e+001  3.600000e+000
      vertex -1.031251e+001  2.437936e+001  3.600000e+000
      vertex -9.231051e+000  2.435915e+001  3.600000e+000
    endloop
  endfacet
  facet normal  0.000000e+000  0.000000e+000 -1.000000e+000
    outer loop
      vertex -9.703647e+000  2.336032e+001  3.600000e+000
      vertex -1.052992e+001  2.340349e+001  3.600000e+000
      vertex -9.692514e+000  2.345018e+001  3.600000e+000
    endloop
  endfacet
  facet normal  -0.000000e+000  0.000000e+000 -1.000000e+000
    outer loop
      vertex -9.692514e+000  2.345018e+001  3.600000e+000
      vertex -1.052992e+001  2.340349e+001  3.600000e+000
      vertex -1.053537e+001  2.352357e+001  3.600000e+000
    endloop
  endfacet
  facet normal  0.000000e+000  0.000000e+000 -1.000000e+000
    outer loop
      vertex -9.692514e+000  2.345018e+001  3.600000e+000
      vertex -1.053537e+001  2.352357e+001  3.600000e+000
      vertex -9.675901e+000  2.353931e+001  3.600000e+000
    endloop
  endfacet
  facet normal  -0.000000e+000  0.000000e+000 -1.000000e+000
    outer loop
      vertex -9.675901e+000  2.353931e+001  3.600000e+000
      vertex -1.053537e+001  2.352357e+001  3.600000e+000
      vertex -1.053493e+001  2.364376e+001  3.600000e+000
    endloop
  endfacet
  facet normal  0.000000e+000  0.000000e+000 -1.000000e+000
    outer loop
      vertex -9.675901e+000  2.353931e+001  3.600000e+000
      vertex -1.053493e+001  2.364376e+001  3.600000e+000
      vertex -9.654093e+000  2.362742e+001  3.600000e+000
    endloop
  endfacet
  facet normal  0.000000e+000  0.000000e+000 -1.000000e+000
    outer loop
      vertex -9.654093e+000  2.362742e+001  3.600000e+000
      vertex -1.053493e+001  2.364376e+001  3.600000e+000
      vertex -1.052977e+001  2.373757e+001  3.600000e+000
    endloop
  endfacet
  facet normal  0.000000e+000  0.000000e+000 -1.000000e+000
    outer loop
      vertex -9.654093e+000  2.362742e+001  3.600000e+000
      vertex -1.052977e+001  2.373757e+001  3.600000e+000
      vertex -9.627337e+000  2.371416e+001  3.600000e+000
    endloop
  endfacet
  facet normal  0.000000e+000  0.000000e+000 -1.000000e+000
    outer loop
      vertex -9.627337e+000  2.371416e+001  3.600000e+000
      vertex -1.052977e+001  2.373757e+001  3.600000e+000
      vertex -1.051973e+001  2.383125e+001  3.600000e+000
    endloop
  endfacet
  facet normal  0.000000e+000  0.000000e+000 -9.999999e-001
    outer loop
      vertex -9.627337e+000  2.371416e+001  3.600000e+000
      vertex -1.051973e+001  2.383125e+001  3.600000e+000
      vertex -9.595847e+000  2.379917e+001  3.600000e+000
    endloop
  endfacet
  facet normal  0.000000e+000  0.000000e+000 -1.000000e+000
    outer loop
      vertex -9.595847e+000  2.379917e+001  3.600000e+000
      vertex -1.051973e+001  2.383125e+001  3.600000e+000
      vertex -1.050420e+001  2.392416e+001  3.600000e+000
    endloop
  endfacet
  facet normal  0.000000e+000  0.000000e+000 -1.000000e+000
    outer loop
      vertex -9.595847e+000  2.379917e+001  3.600000e+000
      vertex -1.050420e+001  2.392416e+001  3.600000e+000
      vertex -9.559794e+000  2.388223e+001  3.600000e+000
    endloop
  endfacet
  facet normal  0.000000e+000  0.000000e+000 -1.000000e+000
    outer loop
      vertex -9.559794e+000  2.388223e+001  3.600000e+000
      vertex -1.050420e+001  2.392416e+001  3.600000e+000
      vertex -1.048256e+001  2.401556e+001  3.600000e+000
    endloop
  endfacet
  facet normal  0.000000e+000  0.000000e+000 -1.000000e+000
    outer loop
      vertex -9.559794e+000  2.388223e+001  3.600000e+000
      vertex -1.048256e+001  2.401556e+001  3.600000e+000
      vertex -9.516283e+000  2.396888e+001  3.600000e+000
    endloop
  endfacet
  facet normal  0.000000e+000  0.000000e+000 -1.000000e+000
    outer loop
      vertex -9.516283e+000  2.396888e+001  3.600000e+000
      vertex -1.048256e+001  2.401556e+001  3.600000e+000
      vertex -1.046410e+001  2.407634e+001  3.600000e+000
    endloop
  endfacet
  facet normal  0.000000e+000  0.000000e+000 -1.000000e+000
    outer loop
      vertex -9.516283e+000  2.396888e+001  3.600000e+000
      vertex -1.046410e+001  2.407634e+001  3.600000e+000
      vertex -9.467925e+000  2.405292e+001  3.600000e+000
    endloop
  endfacet
  facet normal  0.000000e+000  0.000000e+000 -1.000000e+000
    outer loop
      vertex -9.467925e+000  2.405292e+001  3.600000e+000
      vertex -1.046410e+001  2.407634e+001  3.600000e+000
      vertex -1.044257e+001  2.413546e+001  3.600000e+000
    endloop
  endfacet
  facet normal  0.000000e+000  0.000000e+000 -1.000000e+000
    outer loop
      vertex -9.467925e+000  2.405292e+001  3.600000e+000
      vertex -1.044257e+001  2.413546e+001  3.600000e+000
      vertex -9.414969e+000  2.413414e+001  3.600000e+000
    endloop
  endfacet
  facet normal  0.000000e+000  0.000000e+000 -1.000000e+000
    outer loop
      vertex -9.414969e+000  2.413414e+001  3.600000e+000
      vertex -1.044257e+001  2.413546e+001  3.600000e+000
      vertex -1.041777e+001  2.419329e+001  3.600000e+000
    endloop
  endfacet
  facet normal  0.000000e+000  0.000000e+000 -1.000000e+000
    outer loop
      vertex -9.414969e+000  2.413414e+001  3.600000e+000
      vertex -1.041777e+001  2.419329e+001  3.600000e+000
      vertex -9.357668e+000  2.421236e+001  3.600000e+000
    endloop
  endfacet
  facet normal  0.000000e+000  0.000000e+000 -9.999999e-001
    outer loop
      vertex -9.704652e+000  2.312784e+001  3.600000e+000
      vertex -1.050466e+001  2.316449e+001  3.600000e+000
      vertex -9.709007e+000  2.320532e+001  3.600000e+000
    endloop
  endfacet
  facet normal  -0.000000e+000  0.000000e+000 -1.000000e+000
    outer loop
      vertex -9.709007e+000  2.320532e+001  3.600000e+000
      vertex -1.050466e+001  2.316449e+001  3.600000e+000
      vertex -1.051951e+001  2.328375e+001  3.600000e+000
    endloop
  endfacet
  facet normal  0.000000e+000  0.000000e+000 -1.000000e+000
    outer loop
      vertex -9.709007e+000  2.320532e+001  3.600000e+000
      vertex -1.051951e+001  2.328375e+001  3.600000e+000
      vertex -9.708582e+000  2.328291e+001  3.600000e+000
    endloop
  endfacet
  facet normal  0.000000e+000  0.000000e+000 -1.000000e+000
    outer loop
      vertex -9.708582e+000  2.328291e+001  3.600000e+000
      vertex -1.051951e+001  2.328375e+001  3.600000e+000
      vertex -1.052992e+001  2.340349e+001  3.600000e+000
    endloop
  endfacet
  facet normal  0.000000e+000  0.000000e+000 -1.000000e+000
    outer loop
      vertex -9.708582e+000  2.328291e+001  3.600000e+000
      vertex -1.052992e+001  2.340349e+001  3.600000e+000
      vertex -9.703647e+000  2.336032e+001  3.600000e+000
    endloop
  endfacet
  facet normal  0.000000e+000  0.000000e+000 -9.999999e-001
    outer loop
      vertex -9.660189e+000  2.289979e+001  3.600000e+000
      vertex -1.045146e+001  2.288460e+001  3.600000e+000
      vertex -9.680495e+000  2.297464e+001  3.600000e+000
    endloop
  endfacet
  facet normal  -0.000000e+000  0.000000e+000 -1.000000e+000
    outer loop
      vertex -9.680495e+000  2.297464e+001  3.600000e+000
      vertex -1.045146e+001  2.288460e+001  3.600000e+000
      vertex -1.048126e+001  2.302385e+001  3.600000e+000
    endloop
  endfacet
  facet normal  0.000000e+000  0.000000e+000 -1.000000e+000
    outer loop
      vertex -9.680495e+000  2.297464e+001  3.600000e+000
      vertex -1.048126e+001  2.302385e+001  3.600000e+000
      vertex -9.695237e+000  2.305081e+001  3.600000e+000
    endloop
  endfacet
  facet normal  -0.000000e+000  0.000000e+000 -1.000000e+000
    outer loop
      vertex -9.695237e+000  2.305081e+001  3.600000e+000
      vertex -1.048126e+001  2.302385e+001  3.600000e+000
      vertex -1.050466e+001  2.316449e+001  3.600000e+000
    endloop
  endfacet
  facet normal  0.000000e+000  0.000000e+000 -1.000000e+000
    outer loop
      vertex -9.695237e+000  2.305081e+001  3.600000e+000
      vertex -1.050466e+001  2.316449e+001  3.600000e+000
      vertex -9.704652e+000  2.312784e+001  3.600000e+000
    endloop
  endfacet
  facet normal  0.000000e+000  0.000000e+000 -9.999999e-001
    outer loop
      vertex -9.610596e+000  2.277245e+001  3.600000e+000
      vertex -1.041514e+001  2.274710e+001  3.600000e+000
      vertex -9.637571e+000  2.283537e+001  3.600000e+000
    endloop
  endfacet
  facet normal  -0.000000e+000  0.000000e+000 -1.000000e+000
    outer loop
      vertex -9.637571e+000  2.283537e+001  3.600000e+000
      vertex -1.041514e+001  2.274710e+001  3.600000e+000
      vertex -1.045146e+001  2.288460e+001  3.600000e+000
    endloop
  endfacet
  facet normal  0.000000e+000  0.000000e+000 -1.000000e+000
    outer loop
      vertex -9.637571e+000  2.283537e+001  3.600000e+000
      vertex -1.045146e+001  2.288460e+001  3.600000e+000
      vertex -9.660189e+000  2.289979e+001  3.600000e+000
    endloop
  endfacet
  facet normal  0.000000e+000  0.000000e+000 -1.000000e+000
    outer loop
      vertex -9.545920e+000  2.265201e+001  3.600000e+000
      vertex -1.037220e+001  2.261165e+001  3.600000e+000
      vertex -9.579816e+000  2.271128e+001  3.600000e+000
    endloop
  endfacet
  facet normal  -0.000000e+000  0.000000e+000 -1.000000e+000
    outer loop
      vertex -9.579816e+000  2.271128e+001  3.600000e+000
      vertex -1.037220e+001  2.261165e+001  3.600000e+000
      vertex -1.041514e+001  2.274710e+001  3.600000e+000
    endloop
  endfacet
  facet normal  0.000000e+000  0.000000e+000 -1.000000e+000
    outer loop
      vertex -9.579816e+000  2.271128e+001  3.600000e+000
      vertex -1.041514e+001  2.274710e+001  3.600000e+000
      vertex -9.610596e+000  2.277245e+001  3.600000e+000
    endloop
  endfacet
  facet normal  0.000000e+000  0.000000e+000 -1.000000e+000
    outer loop
      vertex -9.545920e+000  2.265201e+001  3.600000e+000
      vertex -9.515450e+000  2.260355e+001  3.600000e+000
      vertex -1.037220e+001  2.261165e+001  3.600000e+000
    endloop
  endfacet
  facet normal  0.000000e+000  0.000000e+000 -1.000000e+000
    outer loop
      vertex -1.037220e+001  2.261165e+001  3.600000e+000
      vertex -9.515450e+000  2.260355e+001  3.600000e+000
      vertex -9.483441e+000  2.255606e+001  3.600000e+000
    endloop
  endfacet
  facet normal  -0.000000e+000  0.000000e+000 -9.999999e-001
    outer loop
      vertex -1.037220e+001  2.261165e+001  3.600000e+000
      vertex -9.483441e+000  2.255606e+001  3.600000e+000
      vertex -1.032258e+001  2.247852e+001  3.600000e+000
    endloop
  endfacet
  facet normal  0.000000e+000  0.000000e+000 -1.000000e+000
    outer loop
      vertex -9.225394e+000  2.222408e+001  3.600000e+000
      vertex -1.020332e+001  2.222022e+001  3.600000e+000
      vertex -9.275398e+000  2.228286e+001  3.600000e+000
    endloop
  endfacet
  facet normal  -0.000000e+000  0.000000e+000 -1.000000e+000
    outer loop
      vertex -9.275398e+000  2.228286e+001  3.600000e+000
      vertex -1.020332e+001  2.222022e+001  3.600000e+000
      vertex -1.026626e+001  2.234795e+001  3.600000e+000
    endloop
  endfacet
  facet normal  0.000000e+000  0.000000e+000 -1.000000e+000
    outer loop
      vertex -9.275398e+000  2.228286e+001  3.600000e+000
      vertex -1.026626e+001  2.234795e+001  3.600000e+000
      vertex -9.346515e+000  2.237256e+001  3.600000e+000
    endloop
  endfacet
  facet normal  -0.000000e+000  0.000000e+000 -1.000000e+000
    outer loop
      vertex -9.346515e+000  2.237256e+001  3.600000e+000
      vertex -1.026626e+001  2.234795e+001  3.600000e+000
      vertex -1.032258e+001  2.247852e+001  3.600000e+000
    endloop
  endfacet
  facet normal  0.000000e+000  0.000000e+000 -1.000000e+000
    outer loop
      vertex -9.346515e+000  2.237256e+001  3.600000e+000
      vertex -1.032258e+001  2.247852e+001  3.600000e+000
      vertex -9.416145e+000  2.246341e+001  3.600000e+000
    endloop
  endfacet
  facet normal  0.000000e+000  0.000000e+000 -1.000000e+000
    outer loop
      vertex -9.116483e+000  2.211417e+001  3.600000e+000
      vertex -1.013397e+001  2.209566e+001  3.600000e+000
      vertex -9.172614e+000  2.216746e+001  3.600000e+000
    endloop
  endfacet
  facet normal  -0.000000e+000  0.000000e+000 -1.000000e+000
    outer loop
      vertex -9.172614e+000  2.216746e+001  3.600000e+000
      vertex -1.013397e+001  2.209566e+001  3.600000e+000
      vertex -1.020332e+001  2.222022e+001  3.600000e+000
    endloop
  endfacet
  facet normal  0.000000e+000  0.000000e+000 -1.000000e+000
    outer loop
      vertex -9.172614e+000  2.216746e+001  3.600000e+000
      vertex -1.020332e+001  2.222022e+001  3.600000e+000
      vertex -9.225394e+000  2.222408e+001  3.600000e+000
    endloop
  endfacet
  facet normal  0.000000e+000  0.000000e+000 -9.999999e-001
    outer loop
      vertex -9.017407e+000  2.203831e+001  3.600000e+000
      vertex -1.009090e+001  2.202497e+001  3.600000e+000
      vertex -9.056580e+000  2.206553e+001  3.600000e+000
    endloop
  endfacet
  facet normal  -0.000000e+000  0.000000e+000 -1.000000e+000
    outer loop
      vertex -9.056580e+000  2.206553e+001  3.600000e+000
      vertex -1.009090e+001  2.202497e+001  3.600000e+000
      vertex -1.013397e+001  2.209566e+001  3.600000e+000
    endloop
  endfacet
  facet normal  0.000000e+000  0.000000e+000 -1.000000e+000
    outer loop
      vertex -9.056580e+000  2.206553e+001  3.600000e+000
      vertex -1.013397e+001  2.209566e+001  3.600000e+000
      vertex -9.116483e+000  2.211417e+001  3.600000e+000
    endloop
  endfacet
  facet normal  0.000000e+000  -0.000000e+000 -1.000000e+000
    outer loop
      vertex -8.316068e+000  3.061854e+001  3.600000e+000
      vertex -8.138682e+000  3.063371e+001  3.600000e+000
      vertex -6.480557e+000  3.062215e+001  3.600000e+000
    endloop
  endfacet
  facet normal  0.000000e+000  0.000000e+000 -1.000000e+000
    outer loop
      vertex -6.480557e+000  3.062215e+001  3.600000e+000
      vertex -8.138682e+000  3.063371e+001  3.600000e+000
      vertex -7.961051e+000  3.064570e+001  3.600000e+000
    endloop
  endfacet
  facet normal  0.000000e+000  0.000000e+000 -1.000000e+000
    outer loop
      vertex -6.480557e+000  3.062215e+001  3.600000e+000
      vertex -7.961051e+000  3.064570e+001  3.600000e+000
      vertex -6.601063e+000  3.064223e+001  3.600000e+000
    endloop
  endfacet
  facet normal  0.000000e+000  0.000000e+000 -1.000000e+000
    outer loop
      vertex -6.601063e+000  3.064223e+001  3.600000e+000
      vertex -7.961051e+000  3.064570e+001  3.600000e+000
      vertex -7.783306e+000  3.065504e+001  3.600000e+000
    endloop
  endfacet
  facet normal  0.000000e+000  0.000000e+000 -1.000000e+000
    outer loop
      vertex -6.601063e+000  3.064223e+001  3.600000e+000
      vertex -7.783306e+000  3.065504e+001  3.600000e+000
      vertex -6.722377e+000  3.065667e+001  3.600000e+000
    endloop
  endfacet
  facet normal  -0.000000e+000  0.000000e+000 -1.000000e+000
    outer loop
      vertex -6.722377e+000  3.065667e+001  3.600000e+000
      vertex -7.783306e+000  3.065504e+001  3.600000e+000
      vertex -7.548572e+000  3.066425e+001  3.600000e+000
    endloop
  endfacet
  facet normal  0.000000e+000  0.000000e+000 -1.000000e+000
    outer loop
      vertex -6.722377e+000  3.065667e+001  3.600000e+000
      vertex -7.548572e+000  3.066425e+001  3.600000e+000
      vertex -6.843976e+000  3.066616e+001  3.600000e+000
    endloop
  endfacet
  facet normal  -0.000000e+000  0.000000e+000 -1.000000e+000
    outer loop
      vertex -6.843976e+000  3.066616e+001  3.600000e+000
      vertex -7.548572e+000  3.066425e+001  3.600000e+000
      vertex -7.313753e+000  3.067095e+001  3.600000e+000
    endloop
  endfacet
  facet normal  0.000000e+000  0.000000e+000 -1.000000e+000
    outer loop
      vertex -6.843976e+000  3.066616e+001  3.600000e+000
      vertex -7.313753e+000  3.067095e+001  3.600000e+000
      vertex -6.961319e+000  3.067135e+001  3.600000e+000
    endloop
  endfacet
  facet normal  0.000000e+000  -0.000000e+000 -1.000000e+000
    outer loop
      vertex -8.729432e+000  3.056750e+001  3.600000e+000
      vertex -8.611389e+000  3.058465e+001  3.600000e+000
      vertex -6.281144e+000  3.057420e+001  3.600000e+000
    endloop
  endfacet
  facet normal  0.000000e+000  0.000000e+000 -1.000000e+000
    outer loop
      vertex -6.281144e+000  3.057420e+001  3.600000e+000
      vertex -8.611389e+000  3.058465e+001  3.600000e+000
      vertex -8.493050e+000  3.059965e+001  3.600000e+000
    endloop
  endfacet
  facet normal  0.000000e+000  0.000000e+000 -1.000000e+000
    outer loop
      vertex -6.281144e+000  3.057420e+001  3.600000e+000
      vertex -8.493050e+000  3.059965e+001  3.600000e+000
      vertex -6.361454e+000  3.059590e+001  3.600000e+000
    endloop
  endfacet
  facet normal  0.000000e+000  0.000000e+000 -1.000000e+000
    outer loop
      vertex -6.361454e+000  3.059590e+001  3.600000e+000
      vertex -8.493050e+000  3.059965e+001  3.600000e+000
      vertex -8.316068e+000  3.061854e+001  3.600000e+000
    endloop
  endfacet
  facet normal  0.000000e+000  0.000000e+000 -1.000000e+000
    outer loop
      vertex -6.361454e+000  3.059590e+001  3.600000e+000
      vertex -8.316068e+000  3.061854e+001  3.600000e+000
      vertex -6.480557e+000  3.062215e+001  3.600000e+000
    endloop
  endfacet
  facet normal  0.000000e+000  -0.000000e+000 -1.000000e+000
    outer loop
      vertex -9.147721e+000  3.047596e+001  3.600000e+000
      vertex -9.056212e+000  3.050160e+001  3.600000e+000
      vertex -6.049530e+000  3.048493e+001  3.600000e+000
    endloop
  endfacet
  facet normal  0.000000e+000  0.000000e+000 -1.000000e+000
    outer loop
      vertex -6.049530e+000  3.048493e+001  3.600000e+000
      vertex -9.056212e+000  3.050160e+001  3.600000e+000
      vertex -8.963940e+000  3.052377e+001  3.600000e+000
    endloop
  endfacet
  facet normal  0.000000e+000  0.000000e+000 -1.000000e+000
    outer loop
      vertex -6.049530e+000  3.048493e+001  3.600000e+000
      vertex -8.963940e+000  3.052377e+001  3.600000e+000
      vertex -6.125042e+000  3.051978e+001  3.600000e+000
    endloop
  endfacet
  facet normal  0.000000e+000  0.000000e+000 -1.000000e+000
    outer loop
      vertex -6.125042e+000  3.051978e+001  3.600000e+000
      vertex -8.963940e+000  3.052377e+001  3.600000e+000
      vertex -8.847036e+000  3.054750e+001  3.600000e+000
    endloop
  endfacet
  facet normal  0.000000e+000  0.000000e+000 -1.000000e+000
    outer loop
      vertex -6.125042e+000  3.051978e+001  3.600000e+000
      vertex -8.847036e+000  3.054750e+001  3.600000e+000
      vertex -6.202344e+000  3.054913e+001  3.600000e+000
    endloop
  endfacet
  facet normal  -0.000000e+000  0.000000e+000 -1.000000e+000
    outer loop
      vertex -6.202344e+000  3.054913e+001  3.600000e+000
      vertex -8.847036e+000  3.054750e+001  3.600000e+000
      vertex -8.729432e+000  3.056750e+001  3.600000e+000
    endloop
  endfacet
  facet normal  0.000000e+000  0.000000e+000 -9.999999e-001
    outer loop
      vertex -6.202344e+000  3.054913e+001  3.600000e+000
      vertex -8.729432e+000  3.056750e+001  3.600000e+000
      vertex -6.281144e+000  3.057420e+001  3.600000e+000
    endloop
  endfacet
  facet normal  0.000000e+000  0.000000e+000 -9.999999e-001
    outer loop
      vertex -5.760321e+000  3.013643e+001  3.600000e+000
      vertex -9.748948e+000  3.016337e+001  3.600000e+000
      vertex -5.777001e+000  3.019164e+001  3.600000e+000
    endloop
  endfacet
  facet normal  -0.000000e+000  0.000000e+000 -1.000000e+000
    outer loop
      vertex -5.777001e+000  3.019164e+001  3.600000e+000
      vertex -9.748948e+000  3.016337e+001  3.600000e+000
      vertex -9.667993e+000  3.022368e+001  3.600000e+000
    endloop
  endfacet
  facet normal  0.000000e+000  0.000000e+000 -1.000000e+000
    outer loop
      vertex -5.777001e+000  3.019164e+001  3.600000e+000
      vertex -9.667993e+000  3.022368e+001  3.600000e+000
      vertex -5.793566e+000  3.023370e+001  3.600000e+000
    endloop
  endfacet
  facet normal  -0.000000e+000  0.000000e+000 -1.000000e+000
    outer loop
      vertex -5.793566e+000  3.023370e+001  3.600000e+000
      vertex -9.667993e+000  3.022368e+001  3.600000e+000
      vertex -9.584005e+000  3.027947e+001  3.600000e+000
    endloop
  endfacet
  facet normal  0.000000e+000  0.000000e+000 -1.000000e+000
    outer loop
      vertex -5.793566e+000  3.023370e+001  3.600000e+000
      vertex -9.584005e+000  3.027947e+001  3.600000e+000
      vertex -5.813699e+000  3.027452e+001  3.600000e+000
    endloop
  endfacet
  facet normal  0.000000e+000  0.000000e+000 -1.000000e+000
    outer loop
      vertex -5.813699e+000  3.027452e+001  3.600000e+000
      vertex -9.584005e+000  3.027947e+001  3.600000e+000
      vertex -9.521993e+000  3.031654e+001  3.600000e+000
    endloop
  endfacet
  facet normal  0.000000e+000  0.000000e+000 -1.000000e+000
    outer loop
      vertex -5.813699e+000  3.027452e+001  3.600000e+000
      vertex -9.521993e+000  3.031654e+001  3.600000e+000
      vertex -5.837655e+000  3.031318e+001  3.600000e+000
    endloop
  endfacet
  facet normal  0.000000e+000  0.000000e+000 -9.999999e-001
    outer loop
      vertex -5.837655e+000  3.031318e+001  3.600000e+000
      vertex -9.521993e+000  3.031654e+001  3.600000e+000
      vertex -9.458081e+000  3.035131e+001  3.600000e+000
    endloop
  endfacet
  facet normal  0.000000e+000  0.000000e+000 -1.000000e+000
    outer loop
      vertex -5.837655e+000  3.031318e+001  3.600000e+000
      vertex -9.458081e+000  3.035131e+001  3.600000e+000
      vertex -5.865454e+000  3.034876e+001  3.600000e+000
    endloop
  endfacet
  facet normal  0.000000e+000  0.000000e+000 -9.999999e-001
    outer loop
      vertex -5.865454e+000  3.034876e+001  3.600000e+000
      vertex -9.458081e+000  3.035131e+001  3.600000e+000
      vertex -9.392783e+000  3.038338e+001  3.600000e+000
    endloop
  endfacet
  facet normal  0.000000e+000  0.000000e+000 -1.000000e+000
    outer loop
      vertex -5.865454e+000  3.034876e+001  3.600000e+000
      vertex -9.392783e+000  3.038338e+001  3.600000e+000
      vertex -5.905924e+000  3.038936e+001  3.600000e+000
    endloop
  endfacet
  facet normal  -0.000000e+000  0.000000e+000 -1.000000e+000
    outer loop
      vertex -5.905924e+000  3.038936e+001  3.600000e+000
      vertex -9.392783e+000  3.038338e+001  3.600000e+000
      vertex -9.326639e+000  3.041244e+001  3.600000e+000
    endloop
  endfacet
  facet normal  0.000000e+000  0.000000e+000 -1.000000e+000
    outer loop
      vertex -5.905924e+000  3.038936e+001  3.600000e+000
      vertex -9.326639e+000  3.041244e+001  3.600000e+000
      vertex -5.951070e+000  3.042537e+001  3.600000e+000
    endloop
  endfacet
  facet normal  -0.000000e+000  0.000000e+000 -1.000000e+000
    outer loop
      vertex -5.951070e+000  3.042537e+001  3.600000e+000
      vertex -9.326639e+000  3.041244e+001  3.600000e+000
      vertex -9.238031e+000  3.044638e+001  3.600000e+000
    endloop
  endfacet
  facet normal  0.000000e+000  0.000000e+000 -1.000000e+000
    outer loop
      vertex -5.951070e+000  3.042537e+001  3.600000e+000
      vertex -9.238031e+000  3.044638e+001  3.600000e+000
      vertex -5.999343e+000  3.045710e+001  3.600000e+000
    endloop
  endfacet
  facet normal  -0.000000e+000  0.000000e+000 -1.000000e+000
    outer loop
      vertex -5.999343e+000  3.045710e+001  3.600000e+000
      vertex -9.238031e+000  3.044638e+001  3.600000e+000
      vertex -9.147721e+000  3.047596e+001  3.600000e+000
    endloop
  endfacet
  facet normal  0.000000e+000  0.000000e+000 -1.000000e+000
    outer loop
      vertex -5.999343e+000  3.045710e+001  3.600000e+000
      vertex -9.147721e+000  3.047596e+001  3.600000e+000
      vertex -6.049530e+000  3.048493e+001  3.600000e+000
    endloop
  endfacet
  facet normal  0.000000e+000  0.000000e+000 -1.000000e+000
    outer loop
      vertex -5.756389e+000  2.969472e+001  3.600000e+000
      vertex -1.016402e+001  2.971445e+001  3.600000e+000
      vertex -5.743191e+000  2.976145e+001  3.600000e+000
    endloop
  endfacet
  facet normal  -0.000000e+000  0.000000e+000 -1.000000e+000
    outer loop
      vertex -5.743191e+000  2.976145e+001  3.600000e+000
      vertex -1.016402e+001  2.971445e+001  3.600000e+000
      vertex -1.010322e+001  2.980002e+001  3.600000e+000
    endloop
  endfacet
  facet normal  0.000000e+000  0.000000e+000 -1.000000e+000
    outer loop
      vertex -5.743191e+000  2.976145e+001  3.600000e+000
      vertex -1.010322e+001  2.980002e+001  3.600000e+000
      vertex -5.735795e+000  2.982908e+001  3.600000e+000
    endloop
  endfacet
  facet normal  -0.000000e+000  0.000000e+000 -1.000000e+000
    outer loop
      vertex -5.735795e+000  2.982908e+001  3.600000e+000
      vertex -1.010322e+001  2.980002e+001  3.600000e+000
      vertex -1.003805e+001  2.988231e+001  3.600000e+000
    endloop
  endfacet
  facet normal  0.000000e+000  0.000000e+000 -1.000000e+000
    outer loop
      vertex -5.735795e+000  2.982908e+001  3.600000e+000
      vertex -1.003805e+001  2.988231e+001  3.600000e+000
      vertex -5.733200e+000  2.989705e+001  3.600000e+000
    endloop
  endfacet
  facet normal  -0.000000e+000  0.000000e+000 -1.000000e+000
    outer loop
      vertex -5.733200e+000  2.989705e+001  3.600000e+000
      vertex -1.003805e+001  2.988231e+001  3.600000e+000
      vertex -9.971441e+000  2.995800e+001  3.600000e+000
    endloop
  endfacet
  facet normal  0.000000e+000  0.000000e+000 -1.000000e+000
    outer loop
      vertex -5.733200e+000  2.989705e+001  3.600000e+000
      vertex -9.971441e+000  2.995800e+001  3.600000e+000
      vertex -5.734836e+000  2.996503e+001  3.600000e+000
    endloop
  endfacet
  facet normal  -0.000000e+000  0.000000e+000 -1.000000e+000
    outer loop
      vertex -5.734836e+000  2.996503e+001  3.600000e+000
      vertex -9.971441e+000  2.995800e+001  3.600000e+000
      vertex -9.900926e+000  3.003024e+001  3.600000e+000
    endloop
  endfacet
  facet normal  0.000000e+000  0.000000e+000 -1.000000e+000
    outer loop
      vertex -5.734836e+000  2.996503e+001  3.600000e+000
      vertex -9.900926e+000  3.003024e+001  3.600000e+000
      vertex -5.739664e+000  3.002253e+001  3.600000e+000
    endloop
  endfacet
  facet normal  0.000000e+000  0.000000e+000 -1.000000e+000
    outer loop
      vertex -5.739664e+000  3.002253e+001  3.600000e+000
      vertex -9.900926e+000  3.003024e+001  3.600000e+000
      vertex -9.826678e+000  3.009879e+001  3.600000e+000
    endloop
  endfacet
  facet normal  0.000000e+000  0.000000e+000 -1.000000e+000
    outer loop
      vertex -5.739664e+000  3.002253e+001  3.600000e+000
      vertex -9.826678e+000  3.009879e+001  3.600000e+000
      vertex -5.748032e+000  3.007984e+001  3.600000e+000
    endloop
  endfacet
  facet normal  0.000000e+000  0.000000e+000 -1.000000e+000
    outer loop
      vertex -5.748032e+000  3.007984e+001  3.600000e+000
      vertex -9.826678e+000  3.009879e+001  3.600000e+000
      vertex -9.748948e+000  3.016337e+001  3.600000e+000
    endloop
  endfacet
  facet normal  0.000000e+000  0.000000e+000 -9.999999e-001
    outer loop
      vertex -5.748032e+000  3.007984e+001  3.600000e+000
      vertex -9.748948e+000  3.016337e+001  3.600000e+000
      vertex -5.760321e+000  3.013643e+001  3.600000e+000
    endloop
  endfacet
  facet normal  0.000000e+000  0.000000e+000 -9.999999e-001
    outer loop
      vertex -6.818774e+000  2.936649e+001  3.600000e+000
      vertex -7.020545e+000  2.937576e+001  3.600000e+000
      vertex -6.135077e+000  2.936782e+001  3.600000e+000
    endloop
  endfacet
  facet normal  0.000000e+000  0.000000e+000 -1.000000e+000
    outer loop
      vertex -6.135077e+000  2.936782e+001  3.600000e+000
      vertex -7.020545e+000  2.937576e+001  3.600000e+000
      vertex -7.222109e+000  2.938916e+001  3.600000e+000
    endloop
  endfacet
  facet normal  0.000000e+000  0.000000e+000 -1.000000e+000
    outer loop
      vertex -6.135077e+000  2.936782e+001  3.600000e+000
      vertex -7.222109e+000  2.938916e+001  3.600000e+000
      vertex -6.085789e+000  2.938571e+001  3.600000e+000
    endloop
  endfacet
  facet normal  0.000000e+000  0.000000e+000 -1.000000e+000
    outer loop
      vertex -6.085789e+000  2.938571e+001  3.600000e+000
      vertex -7.222109e+000  2.938916e+001  3.600000e+000
      vertex -7.423195e+000  2.940845e+001  3.600000e+000
    endloop
  endfacet
  facet normal  0.000000e+000  0.000000e+000 -9.999999e-001
    outer loop
      vertex -6.085789e+000  2.938571e+001  3.600000e+000
      vertex -7.423195e+000  2.940845e+001  3.600000e+000
      vertex -6.037100e+000  2.940516e+001  3.600000e+000
    endloop
  endfacet
  facet normal  0.000000e+000  0.000000e+000 -9.999999e-001
    outer loop
      vertex -6.037100e+000  2.940516e+001  3.600000e+000
      vertex -7.423195e+000  2.940845e+001  3.600000e+000
      vertex -7.525902e+000  2.942109e+001  3.600000e+000
    endloop
  endfacet
  facet normal  0.000000e+000  0.000000e+000 -1.000000e+000
    outer loop
      vertex -6.037100e+000  2.940516e+001  3.600000e+000
      vertex -7.525902e+000  2.942109e+001  3.600000e+000
      vertex -5.989129e+000  2.942631e+001  3.600000e+000
    endloop
  endfacet
  facet normal  -0.000000e+000  0.000000e+000 -1.000000e+000
    outer loop
      vertex -5.989129e+000  2.942631e+001  3.600000e+000
      vertex -7.525902e+000  2.942109e+001  3.600000e+000
      vertex -7.628336e+000  2.943579e+001  3.600000e+000
    endloop
  endfacet
  facet normal  0.000000e+000  0.000000e+000 -1.000000e+000
    outer loop
      vertex -5.989129e+000  2.942631e+001  3.600000e+000
      vertex -7.628336e+000  2.943579e+001  3.600000e+000
      vertex -5.955580e+000  2.944287e+001  3.600000e+000
    endloop
  endfacet
  facet normal  -0.000000e+000  0.000000e+000 -9.999999e-001
    outer loop
      vertex -5.955580e+000  2.944287e+001  3.600000e+000
      vertex -7.628336e+000  2.943579e+001  3.600000e+000
      vertex -7.730434e+000  2.945267e+001  3.600000e+000
    endloop
  endfacet
  facet normal  0.000000e+000  0.000000e+000 -1.000000e+000
    outer loop
      vertex -5.955580e+000  2.944287e+001  3.600000e+000
      vertex -7.730434e+000  2.945267e+001  3.600000e+000
      vertex -5.922773e+000  2.946111e+001  3.600000e+000
    endloop
  endfacet
  facet normal  -0.000000e+000  0.000000e+000 -1.000000e+000
    outer loop
      vertex -5.922773e+000  2.946111e+001  3.600000e+000
      vertex -7.730434e+000  2.945267e+001  3.600000e+000
      vertex -7.832187e+000  2.947156e+001  3.600000e+000
    endloop
  endfacet
  facet normal  0.000000e+000  0.000000e+000 -1.000000e+000
    outer loop
      vertex -5.922773e+000  2.946111e+001  3.600000e+000
      vertex -7.832187e+000  2.947156e+001  3.600000e+000
      vertex -5.891206e+000  2.948141e+001  3.600000e+000
    endloop
  endfacet
  facet normal  -0.000000e+000  0.000000e+000 -1.000000e+000
    outer loop
      vertex -5.891206e+000  2.948141e+001  3.600000e+000
      vertex -7.832187e+000  2.947156e+001  3.600000e+000
      vertex -8.040253e+000  2.951196e+001  3.600000e+000
    endloop
  endfacet
  facet normal  0.000000e+000  0.000000e+000 -1.000000e+000
    outer loop
      vertex -5.891206e+000  2.948141e+001  3.600000e+000
      vertex -8.040253e+000  2.951196e+001  3.600000e+000
      vertex -5.861640e+000  2.950428e+001  3.600000e+000
    endloop
  endfacet
  facet normal  0.000000e+000  0.000000e+000 -1.000000e+000
    outer loop
      vertex -6.405817e+000  2.933019e+001  3.600000e+000
      vertex -6.440137e+000  2.933327e+001  3.600000e+000
      vertex -6.294392e+000  2.933045e+001  3.600000e+000
    endloop
  endfacet
  facet normal  0.000000e+000  0.000000e+000 -1.000000e+000
    outer loop
      vertex -6.294392e+000  2.933045e+001  3.600000e+000
      vertex -6.440137e+000  2.933327e+001  3.600000e+000
      vertex -6.511649e+000  2.934248e+001  3.600000e+000
    endloop
  endfacet
  facet normal  0.000000e+000  0.000000e+000 -1.000000e+000
    outer loop
      vertex -6.294392e+000  2.933045e+001  3.600000e+000
      vertex -6.511649e+000  2.934248e+001  3.600000e+000
      vertex -6.239277e+000  2.933887e+001  3.600000e+000
    endloop
  endfacet
  facet normal  0.000000e+000  0.000000e+000 -1.000000e+000
    outer loop
      vertex -6.239277e+000  2.933887e+001  3.600000e+000
      vertex -6.511649e+000  2.934248e+001  3.600000e+000
      vertex -6.616920e+000  2.935916e+001  3.600000e+000
    endloop
  endfacet
  facet normal  0.000000e+000  0.000000e+000 -1.000000e+000
    outer loop
      vertex -6.239277e+000  2.933887e+001  3.600000e+000
      vertex -6.616920e+000  2.935916e+001  3.600000e+000
      vertex -6.185102e+000  2.935214e+001  3.600000e+000
    endloop
  endfacet
  facet normal  0.000000e+000  0.000000e+000 -1.000000e+000
    outer loop
      vertex -6.185102e+000  2.935214e+001  3.600000e+000
      vertex -6.616920e+000  2.935916e+001  3.600000e+000
      vertex -6.818774e+000  2.936649e+001  3.600000e+000
    endloop
  endfacet
  facet normal  0.000000e+000  0.000000e+000 -1.000000e+000
    outer loop
      vertex -6.185102e+000  2.935214e+001  3.600000e+000
      vertex -6.818774e+000  2.936649e+001  3.600000e+000
      vertex -6.135077e+000  2.936782e+001  3.600000e+000
    endloop
  endfacet
  facet normal  0.000000e+000  0.000000e+000  1.000000e+000
    outer loop
      vertex -8.283389e+000  2.195522e+001  4.400000e+000
      vertex -8.382654e+000  2.193654e+001  4.400000e+000
      vertex -6.936061e+000  2.194171e+001  4.400000e+000
    endloop
  endfacet
  facet normal  -0.000000e+000  0.000000e+000  9.999999e-001
    outer loop
      vertex -6.923549e+000  2.158422e+001  4.400000e+000
      vertex -9.725807e+000  2.156111e+001  4.400000e+000
      vertex -6.937672e+000  2.154084e+001  4.400000e+000
    endloop
  endfacet
  facet normal  0.000000e+000  -0.000000e+000  1.000000e+000
    outer loop
      vertex -1.056803e+001  2.832898e+001  4.400000e+000
      vertex -9.523546e+000  2.836121e+001  4.400000e+000
      vertex -9.518814e+000  2.842224e+001  4.400000e+000
    endloop
  endfacet
  facet normal  0.000000e+000  -0.000000e+000  1.000000e+000
    outer loop
      vertex -9.900614e+000  2.635574e+001  4.400000e+000
      vertex -9.838848e+000  2.629095e+001  4.400000e+000
      vertex -8.550489e+000  2.630112e+001  4.400000e+000
    endloop
  endfacet
  facet normal  -0.000000e+000  0.000000e+000  1.000000e+000
    outer loop
      vertex -8.607872e+000  2.480501e+001  4.400000e+000
      vertex -9.969460e+000  2.477021e+001  4.400000e+000
      vertex -8.709851e+000  2.474867e+001  4.400000e+000
    endloop
  endfacet
  facet normal  -0.000000e+000  0.000000e+000  1.000000e+000
    outer loop
      vertex -9.483441e+000  2.255606e+001  4.400000e+000
      vertex -1.032258e+001  2.247852e+001  4.400000e+000
      vertex -9.416145e+000  2.246341e+001  4.400000e+000
    endloop
  endfacet
  facet normal  -0.000000e+000  0.000000e+000  1.000000e+000
    outer loop
      vertex -9.017407e+000  2.203831e+001  4.400000e+000
      vertex -1.009090e+001  2.202497e+001  4.400000e+000
      vertex -8.976421e+000  2.201357e+001  4.400000e+000
    endloop
  endfacet
  facet normal  0.000000e+000  0.000000e+000  1.000000e+000
    outer loop
      vertex -6.961319e+000  3.067135e+001  4.400000e+000
      vertex -7.078802e+000  3.067340e+001  4.400000e+000
      vertex -7.157141e+000  3.067337e+001  4.400000e+000
    endloop
  endfacet
  facet normal  0.000000e+000  0.000000e+000  1.000000e+000
    outer loop
      vertex -7.157141e+000  3.067337e+001  4.400000e+000
      vertex -7.313753e+000  3.067095e+001  4.400000e+000
      vertex -6.961319e+000  3.067135e+001  4.400000e+000
    endloop
  endfacet
  facet normal  0.000000e+000  -0.000000e+000  1.000000e+000
    outer loop
      vertex -8.460794e+000  2.956443e+001  4.400000e+000
      vertex -5.805615e+000  2.957098e+001  4.400000e+000
      vertex -5.789776e+000  2.960029e+001  4.400000e+000
    endloop
  endfacet
  facet normal  -0.000000e+000  0.000000e+000  1.000000e+000
    outer loop
      vertex -6.294392e+000  2.933045e+001  4.400000e+000
      vertex -6.405817e+000  2.933019e+001  4.400000e+000
      vertex -6.350092e+000  2.932796e+001  4.400000e+000
    endloop
  endfacet
  facet normal  0.000000e+000  0.000000e+000  1.000000e+000
    outer loop
      vertex -6.919073e+000  2.189235e+001  4.400000e+000
      vertex -6.936061e+000  2.194171e+001  4.400000e+000
      vertex -8.382654e+000  2.193654e+001  4.400000e+000
    endloop
  endfacet
  facet normal  0.000000e+000  0.000000e+000  1.000000e+000
    outer loop
      vertex -6.919073e+000  2.189235e+001  4.400000e+000
      vertex -8.382654e+000  2.193654e+001  4.400000e+000
      vertex -8.482523e+000  2.192415e+001  4.400000e+000
    endloop
  endfacet
  facet normal  0.000000e+000  0.000000e+000  1.000000e+000
    outer loop
      vertex -6.919073e+000  2.189235e+001  4.400000e+000
      vertex -8.482523e+000  2.192415e+001  4.400000e+000
      vertex -8.533386e+000  2.192073e+001  4.400000e+000
    endloop
  endfacet
  facet normal  0.000000e+000  0.000000e+000  1.000000e+000
    outer loop
      vertex -6.919073e+000  2.189235e+001  4.400000e+000
      vertex -8.533386e+000  2.192073e+001  4.400000e+000
      vertex -8.584179e+000  2.191951e+001  4.400000e+000
    endloop
  endfacet
  facet normal  0.000000e+000  0.000000e+000  1.000000e+000
    outer loop
      vertex -6.919073e+000  2.189235e+001  4.400000e+000
      vertex -8.584179e+000  2.191951e+001  4.400000e+000
      vertex -9.998735e+000  2.188733e+001  4.400000e+000
    endloop
  endfacet
  facet normal  -0.000000e+000  0.000000e+000  1.000000e+000
    outer loop
      vertex -6.919073e+000  2.189235e+001  4.400000e+000
      vertex -9.998735e+000  2.188733e+001  4.400000e+000
      vertex -9.949810e+000  2.182056e+001  4.400000e+000
    endloop
  endfacet
  facet normal  0.000000e+000  0.000000e+000  1.000000e+000
    outer loop
      vertex -6.919073e+000  2.189235e+001  4.400000e+000
      vertex -9.949810e+000  2.182056e+001  4.400000e+000
      vertex -6.909233e+000  2.184992e+001  4.400000e+000
    endloop
  endfacet
  facet normal  0.000000e+000  0.000000e+000  1.000000e+000
    outer loop
      vertex -1.027223e+001  2.953460e+001  4.400000e+000
      vertex -1.031951e+001  2.944087e+001  4.400000e+000
      vertex -8.799952e+000  2.952623e+001  4.400000e+000
    endloop
  endfacet
  facet normal  0.000000e+000  -0.000000e+000  1.000000e+000
    outer loop
      vertex -1.027223e+001  2.953460e+001  4.400000e+000
      vertex -8.799952e+000  2.952623e+001  4.400000e+000
      vertex -8.758554e+000  2.953719e+001  4.400000e+000
    endloop
  endfacet
  facet normal  0.000000e+000  -0.000000e+000  9.999999e-001
    outer loop
      vertex -1.027223e+001  2.953460e+001  4.400000e+000
      vertex -8.758554e+000  2.953719e+001  4.400000e+000
      vertex -8.716670e+000  2.954617e+001  4.400000e+000
    endloop
  endfacet
  facet normal  0.000000e+000  -0.000000e+000  9.999999e-001
    outer loop
      vertex -1.027223e+001  2.953460e+001  4.400000e+000
      vertex -8.716670e+000  2.954617e+001  4.400000e+000
      vertex -8.631900e+000  2.955856e+001  4.400000e+000
    endloop
  endfacet
  facet normal  0.000000e+000  -0.000000e+000  9.999999e-001
    outer loop
      vertex -1.027223e+001  2.953460e+001  4.400000e+000
      vertex -8.631900e+000  2.955856e+001  4.400000e+000
      vertex -8.546425e+000  2.956432e+001  4.400000e+000
    endloop
  endfacet
  facet normal  0.000000e+000  0.000000e+000  1.000000e+000
    outer loop
      vertex -1.027223e+001  2.953460e+001  4.400000e+000
      vertex -8.546425e+000  2.956432e+001  4.400000e+000
      vertex -1.022038e+001  2.962588e+001  4.400000e+000
    endloop
  endfacet
  facet normal  0.000000e+000  -0.000000e+000  1.000000e+000
    outer loop
      vertex -1.031951e+001  2.944087e+001  4.400000e+000
      vertex -9.003756e+000  2.943395e+001  4.400000e+000
      vertex -8.958031e+000  2.946122e+001  4.400000e+000
    endloop
  endfacet
  facet normal  0.000000e+000  -0.000000e+000  1.000000e+000
    outer loop
      vertex -1.031951e+001  2.944087e+001  4.400000e+000
      vertex -8.958031e+000  2.946122e+001  4.400000e+000
      vertex -8.906980e+000  2.948674e+001  4.400000e+000
    endloop
  endfacet
  facet normal  0.000000e+000  -0.000000e+000  1.000000e+000
    outer loop
      vertex -1.031951e+001  2.944087e+001  4.400000e+000
      vertex -8.906980e+000  2.948674e+001  4.400000e+000
      vertex -8.854173e+000  2.950839e+001  4.400000e+000
    endloop
  endfacet
  facet normal  0.000000e+000  -0.000000e+000  1.000000e+000
    outer loop
      vertex -1.031951e+001  2.944087e+001  4.400000e+000
      vertex -8.854173e+000  2.950839e+001  4.400000e+000
      vertex -8.799952e+000  2.952623e+001  4.400000e+000
    endloop
  endfacet
  facet normal  0.000000e+000  0.000000e+000  1.000000e+000
    outer loop
      vertex -1.036216e+001  2.934495e+001  4.400000e+000
      vertex -1.039195e+001  2.926936e+001  4.400000e+000
      vertex -9.171756e+000  2.928786e+001  4.400000e+000
    endloop
  endfacet
  facet normal  0.000000e+000  -0.000000e+000  1.000000e+000
    outer loop
      vertex -1.036216e+001  2.934495e+001  4.400000e+000
      vertex -9.171756e+000  2.928786e+001  4.400000e+000
      vertex -9.127922e+000  2.933390e+001  4.400000e+000
    endloop
  endfacet
  facet normal  0.000000e+000  -0.000000e+000  1.000000e+000
    outer loop
      vertex -1.036216e+001  2.934495e+001  4.400000e+000
      vertex -9.127922e+000  2.933390e+001  4.400000e+000
      vertex -9.088779e+000  2.936997e+001  4.400000e+000
    endloop
  endfacet
  facet normal  0.000000e+000  -0.000000e+000  1.000000e+000
    outer loop
      vertex -1.036216e+001  2.934495e+001  4.400000e+000
      vertex -9.088779e+000  2.936997e+001  4.400000e+000
      vertex -9.047388e+000  2.940344e+001  4.400000e+000
    endloop
  endfacet
  facet normal  0.000000e+000  -0.000000e+000  1.000000e+000
    outer loop
      vertex -1.036216e+001  2.934495e+001  4.400000e+000
      vertex -9.047388e+000  2.940344e+001  4.400000e+000
      vertex -9.003756e+000  2.943395e+001  4.400000e+000
    endloop
  endfacet
  facet normal  0.000000e+000  0.000000e+000  1.000000e+000
    outer loop
      vertex -1.036216e+001  2.934495e+001  4.400000e+000
      vertex -9.003756e+000  2.943395e+001  4.400000e+000
      vertex -1.031951e+001  2.944087e+001  4.400000e+000
    endloop
  endfacet
  facet normal  0.000000e+000  0.000000e+000  1.000000e+000
    outer loop
      vertex -9.906239e+000  2.483474e+001  4.400000e+000
      vertex -9.969460e+000  2.477021e+001  4.400000e+000
      vertex -8.607872e+000  2.480501e+001  4.400000e+000
    endloop
  endfacet
  facet normal  0.000000e+000  -0.000000e+000  1.000000e+000
    outer loop
      vertex -9.906239e+000  2.483474e+001  4.400000e+000
      vertex -8.607872e+000  2.480501e+001  4.400000e+000
      vertex -8.518896e+000  2.485645e+001  4.400000e+000
    endloop
  endfacet
  facet normal  0.000000e+000  -0.000000e+000  1.000000e+000
    outer loop
      vertex -9.906239e+000  2.483474e+001  4.400000e+000
      vertex -8.518896e+000  2.485645e+001  4.400000e+000
      vertex -8.475337e+000  2.488374e+001  4.400000e+000
    endloop
  endfacet
  facet normal  0.000000e+000  -0.000000e+000  1.000000e+000
    outer loop
      vertex -9.906239e+000  2.483474e+001  4.400000e+000
      vertex -8.475337e+000  2.488374e+001  4.400000e+000
      vertex -8.432822e+000  2.491256e+001  4.400000e+000
    endloop
  endfacet
  facet normal  0.000000e+000  0.000000e+000  1.000000e+000
    outer loop
      vertex -9.906239e+000  2.483474e+001  4.400000e+000
      vertex -8.432822e+000  2.491256e+001  4.400000e+000
      vertex -9.830135e+000  2.491826e+001  4.400000e+000
    endloop
  endfacet
  facet normal  0.000000e+000  0.000000e+000  1.000000e+000
    outer loop
      vertex -1.004579e+001  2.195550e+001  4.400000e+000
      vertex -8.839454e+000  2.195530e+001  4.400000e+000
      vertex -8.890018e+000  2.197285e+001  4.400000e+000
    endloop
  endfacet
  facet normal  0.000000e+000  0.000000e+000  1.000000e+000
    outer loop
      vertex -1.004579e+001  2.195550e+001  4.400000e+000
      vertex -8.890018e+000  2.197285e+001  4.400000e+000
      vertex -8.933849e+000  2.199167e+001  4.400000e+000
    endloop
  endfacet
  facet normal  0.000000e+000  0.000000e+000  1.000000e+000
    outer loop
      vertex -1.004579e+001  2.195550e+001  4.400000e+000
      vertex -8.933849e+000  2.199167e+001  4.400000e+000
      vertex -8.976421e+000  2.201357e+001  4.400000e+000
    endloop
  endfacet
  facet normal  0.000000e+000  0.000000e+000  1.000000e+000
    outer loop
      vertex -1.004579e+001  2.195550e+001  4.400000e+000
      vertex -8.976421e+000  2.201357e+001  4.400000e+000
      vertex -1.009090e+001  2.202497e+001  4.400000e+000
    endloop
  endfacet
  facet normal  0.000000e+000  0.000000e+000  1.000000e+000
    outer loop
      vertex -9.998735e+000  2.188733e+001  4.400000e+000
      vertex -8.584179e+000  2.191951e+001  4.400000e+000
      vertex -8.633074e+000  2.192062e+001  4.400000e+000
    endloop
  endfacet
  facet normal  0.000000e+000  0.000000e+000  1.000000e+000
    outer loop
      vertex -9.998735e+000  2.188733e+001  4.400000e+000
      vertex -8.633074e+000  2.192062e+001  4.400000e+000
      vertex -8.681767e+000  2.192417e+001  4.400000e+000
    endloop
  endfacet
  facet normal  0.000000e+000  0.000000e+000  1.000000e+000
    outer loop
      vertex -9.998735e+000  2.188733e+001  4.400000e+000
      vertex -8.681767e+000  2.192417e+001  4.400000e+000
      vertex -8.734846e+000  2.193107e+001  4.400000e+000
    endloop
  endfacet
  facet normal  0.000000e+000  0.000000e+000  1.000000e+000
    outer loop
      vertex -9.998735e+000  2.188733e+001  4.400000e+000
      vertex -8.734846e+000  2.193107e+001  4.400000e+000
      vertex -8.787563e+000  2.194140e+001  4.400000e+000
    endloop
  endfacet
  facet normal  0.000000e+000  0.000000e+000  1.000000e+000
    outer loop
      vertex -9.998735e+000  2.188733e+001  4.400000e+000
      vertex -8.787563e+000  2.194140e+001  4.400000e+000
      vertex -8.839454e+000  2.195530e+001  4.400000e+000
    endloop
  endfacet
  facet normal  0.000000e+000  0.000000e+000  1.000000e+000
    outer loop
      vertex -9.998735e+000  2.188733e+001  4.400000e+000
      vertex -8.839454e+000  2.195530e+001  4.400000e+000
      vertex -1.004579e+001  2.195550e+001  4.400000e+000
    endloop
  endfacet
  facet normal  0.000000e+000  -0.000000e+000  9.999999e-001
    outer loop
      vertex -1.022038e+001  2.962588e+001  4.400000e+000
      vertex -8.546425e+000  2.956432e+001  4.400000e+000
      vertex -8.460794e+000  2.956443e+001  4.400000e+000
    endloop
  endfacet
  facet normal  0.000000e+000  -0.000000e+000  1.000000e+000
    outer loop
      vertex -1.022038e+001  2.962588e+001  4.400000e+000
      vertex -8.460794e+000  2.956443e+001  4.400000e+000
      vertex -5.789776e+000  2.960029e+001  4.400000e+000
    endloop
  endfacet
  facet normal  0.000000e+000  -0.000000e+000  1.000000e+000
    outer loop
      vertex -1.022038e+001  2.962588e+001  4.400000e+000
      vertex -5.789776e+000  2.960029e+001  4.400000e+000
      vertex -5.776464e+000  2.963101e+001  4.400000e+000
    endloop
  endfacet
  facet normal  0.000000e+000  -0.000000e+000  1.000000e+000
    outer loop
      vertex -1.022038e+001  2.962588e+001  4.400000e+000
      vertex -5.776464e+000  2.963101e+001  4.400000e+000
      vertex -5.765412e+000  2.966262e+001  4.400000e+000
    endloop
  endfacet
  facet normal  0.000000e+000  -0.000000e+000  1.000000e+000
    outer loop
      vertex -1.022038e+001  2.962588e+001  4.400000e+000
      vertex -5.765412e+000  2.966262e+001  4.400000e+000
      vertex -5.756389e+000  2.969472e+001  4.400000e+000
    endloop
  endfacet
  facet normal  0.000000e+000  0.000000e+000  1.000000e+000
    outer loop
      vertex -1.022038e+001  2.962588e+001  4.400000e+000
      vertex -5.756389e+000  2.969472e+001  4.400000e+000
      vertex -1.016402e+001  2.971445e+001  4.400000e+000
    endloop
  endfacet
  facet normal  0.000000e+000  0.000000e+000  1.000000e+000
    outer loop
      vertex -5.830897e+000  2.953533e+001  4.400000e+000
      vertex -5.805615e+000  2.957098e+001  4.400000e+000
      vertex -8.460794e+000  2.956443e+001  4.400000e+000
    endloop
  endfacet
  facet normal  0.000000e+000  0.000000e+000  1.000000e+000
    outer loop
      vertex -5.830897e+000  2.953533e+001  4.400000e+000
      vertex -8.460794e+000  2.956443e+001  4.400000e+000
      vertex -8.392052e+000  2.956107e+001  4.400000e+000
    endloop
  endfacet
  facet normal  0.000000e+000  0.000000e+000  1.000000e+000
    outer loop
      vertex -5.830897e+000  2.953533e+001  4.400000e+000
      vertex -8.392052e+000  2.956107e+001  4.400000e+000
      vertex -8.323439e+000  2.955515e+001  4.400000e+000
    endloop
  endfacet
  facet normal  0.000000e+000  0.000000e+000  1.000000e+000
    outer loop
      vertex -5.830897e+000  2.953533e+001  4.400000e+000
      vertex -8.323439e+000  2.955515e+001  4.400000e+000
      vertex -8.233921e+000  2.954424e+001  4.400000e+000
    endloop
  endfacet
  facet normal  0.000000e+000  0.000000e+000  1.000000e+000
    outer loop
      vertex -5.830897e+000  2.953533e+001  4.400000e+000
      vertex -8.233921e+000  2.954424e+001  4.400000e+000
      vertex -8.144733e+000  2.953054e+001  4.400000e+000
    endloop
  endfacet
  facet normal  -0.000000e+000  0.000000e+000  1.000000e+000
    outer loop
      vertex -5.830897e+000  2.953533e+001  4.400000e+000
      vertex -8.144733e+000  2.953054e+001  4.400000e+000
      vertex -8.040253e+000  2.951196e+001  4.400000e+000
    endloop
  endfacet
  facet normal  -0.000000e+000  0.000000e+000  1.000000e+000
    outer loop
      vertex -5.830897e+000  2.953533e+001  4.400000e+000
      vertex -8.040253e+000  2.951196e+001  4.400000e+000
      vertex -5.861640e+000  2.950428e+001  4.400000e+000
    endloop
  endfacet
  facet normal  -0.000000e+000  0.000000e+000  1.000000e+000
    outer loop
      vertex -7.382623e+000  2.219344e+001  4.400000e+000
      vertex -7.428838e+000  2.219275e+001  4.400000e+000
      vertex -7.336482e+000  2.219066e+001  4.400000e+000
    endloop
  endfacet
  facet normal  0.000000e+000  0.000000e+000  1.000000e+000
    outer loop
      vertex -7.336482e+000  2.219066e+001  4.400000e+000
      vertex -7.428838e+000  2.219275e+001  4.400000e+000
      vertex -7.474887e+000  2.218872e+001  4.400000e+000
    endloop
  endfacet
  facet normal  -0.000000e+000  0.000000e+000  9.999999e-001
    outer loop
      vertex -7.336482e+000  2.219066e+001  4.400000e+000
      vertex -7.474887e+000  2.218872e+001  4.400000e+000
      vertex -7.290656e+000  2.218458e+001  4.400000e+000
    endloop
  endfacet
  facet normal  0.000000e+000  0.000000e+000  1.000000e+000
    outer loop
      vertex -7.290656e+000  2.218458e+001  4.400000e+000
      vertex -7.474887e+000  2.218872e+001  4.400000e+000
      vertex -7.546871e+000  2.217661e+001  4.400000e+000
    endloop
  endfacet
  facet normal  -0.000000e+000  0.000000e+000  1.000000e+000
    outer loop
      vertex -7.290656e+000  2.218458e+001  4.400000e+000
      vertex -7.546871e+000  2.217661e+001  4.400000e+000
      vertex -7.249396e+000  2.217625e+001  4.400000e+000
    endloop
  endfacet
  facet normal  0.000000e+000  0.000000e+000  1.000000e+000
    outer loop
      vertex -7.249396e+000  2.217625e+001  4.400000e+000
      vertex -7.546871e+000  2.217661e+001  4.400000e+000
      vertex -7.208618e+000  2.216522e+001  4.400000e+000
    endloop
  endfacet
  facet normal  0.000000e+000  0.000000e+000  9.999999e-001
    outer loop
      vertex -7.208618e+000  2.216522e+001  4.400000e+000
      vertex -7.546871e+000  2.217661e+001  4.400000e+000
      vertex -7.594584e+000  2.216540e+001  4.400000e+000
    endloop
  endfacet
  facet normal  0.000000e+000  0.000000e+000  1.000000e+000
    outer loop
      vertex -7.208618e+000  2.216522e+001  4.400000e+000
      vertex -7.594584e+000  2.216540e+001  4.400000e+000
      vertex -7.168672e+000  2.215149e+001  4.400000e+000
    endloop
  endfacet
  facet normal  0.000000e+000  0.000000e+000  1.000000e+000
    outer loop
      vertex -7.168672e+000  2.215149e+001  4.400000e+000
      vertex -7.594584e+000  2.216540e+001  4.400000e+000
      vertex -7.689397e+000  2.213786e+001  4.400000e+000
    endloop
  endfacet
  facet normal  -0.000000e+000  0.000000e+000  1.000000e+000
    outer loop
      vertex -7.168672e+000  2.215149e+001  4.400000e+000
      vertex -7.689397e+000  2.213786e+001  4.400000e+000
      vertex -7.129954e+000  2.213499e+001  4.400000e+000
    endloop
  endfacet
  facet normal  0.000000e+000  0.000000e+000  1.000000e+000
    outer loop
      vertex -7.129954e+000  2.213499e+001  4.400000e+000
      vertex -7.689397e+000  2.213786e+001  4.400000e+000
      vertex -7.099362e+000  2.211931e+001  4.400000e+000
    endloop
  endfacet
  facet normal  0.000000e+000  0.000000e+000  1.000000e+000
    outer loop
      vertex -7.099362e+000  2.211931e+001  4.400000e+000
      vertex -7.689397e+000  2.213786e+001  4.400000e+000
      vertex -7.759788e+000  2.211468e+001  4.400000e+000
    endloop
  endfacet
  facet normal  -0.000000e+000  0.000000e+000  1.000000e+000
    outer loop
      vertex -7.099362e+000  2.211931e+001  4.400000e+000
      vertex -7.759788e+000  2.211468e+001  4.400000e+000
      vertex -7.069802e+000  2.210146e+001  4.400000e+000
    endloop
  endfacet
  facet normal  0.000000e+000  0.000000e+000  9.999999e-001
    outer loop
      vertex -7.069802e+000  2.210146e+001  4.400000e+000
      vertex -7.759788e+000  2.211468e+001  4.400000e+000
      vertex -7.898554e+000  2.206721e+001  4.400000e+000
    endloop
  endfacet
  facet normal  0.000000e+000  0.000000e+000  1.000000e+000
    outer loop
      vertex -7.069802e+000  2.210146e+001  4.400000e+000
      vertex -7.898554e+000  2.206721e+001  4.400000e+000
      vertex -7.041708e+000  2.208139e+001  4.400000e+000
    endloop
  endfacet
  facet normal  0.000000e+000  0.000000e+000  1.000000e+000
    outer loop
      vertex -7.041708e+000  2.208139e+001  4.400000e+000
      vertex -7.898554e+000  2.206721e+001  4.400000e+000
      vertex -7.015601e+000  2.205906e+001  4.400000e+000
    endloop
  endfacet
  facet normal  0.000000e+000  0.000000e+000  9.999999e-001
    outer loop
      vertex -7.015601e+000  2.205906e+001  4.400000e+000
      vertex -7.898554e+000  2.206721e+001  4.400000e+000
      vertex -6.984862e+000  2.202580e+001  4.400000e+000
    endloop
  endfacet
  facet normal  0.000000e+000  0.000000e+000  1.000000e+000
    outer loop
      vertex -6.984862e+000  2.202580e+001  4.400000e+000
      vertex -7.898554e+000  2.206721e+001  4.400000e+000
      vertex -8.010528e+000  2.203017e+001  4.400000e+000
    endloop
  endfacet
  facet normal  0.000000e+000  0.000000e+000  1.000000e+000
    outer loop
      vertex -6.984862e+000  2.202580e+001  4.400000e+000
      vertex -8.010528e+000  2.203017e+001  4.400000e+000
      vertex -6.959228e+000  2.198846e+001  4.400000e+000
    endloop
  endfacet
  facet normal  0.000000e+000  0.000000e+000  9.999999e-001
    outer loop
      vertex -6.959228e+000  2.198846e+001  4.400000e+000
      vertex -8.010528e+000  2.203017e+001  4.400000e+000
      vertex -8.152770e+000  2.198755e+001  4.400000e+000
    endloop
  endfacet
  facet normal  -0.000000e+000  0.000000e+000  1.000000e+000
    outer loop
      vertex -6.959228e+000  2.198846e+001  4.400000e+000
      vertex -8.152770e+000  2.198755e+001  4.400000e+000
      vertex -6.936061e+000  2.194171e+001  4.400000e+000
    endloop
  endfacet
  facet normal  0.000000e+000  0.000000e+000  1.000000e+000
    outer loop
      vertex -6.936061e+000  2.194171e+001  4.400000e+000
      vertex -8.152770e+000  2.198755e+001  4.400000e+000
      vertex -8.217789e+000  2.197049e+001  4.400000e+000
    endloop
  endfacet
  facet normal  0.000000e+000  0.000000e+000  1.000000e+000
    outer loop
      vertex -6.936061e+000  2.194171e+001  4.400000e+000
      vertex -8.217789e+000  2.197049e+001  4.400000e+000
      vertex -8.283389e+000  2.195522e+001  4.400000e+000
    endloop
  endfacet
  facet normal  0.000000e+000  0.000000e+000  1.000000e+000
    outer loop
      vertex -9.879207e+000  2.173078e+001  4.400000e+000
      vertex -6.900241e+000  2.176288e+001  4.400000e+000
      vertex -9.949810e+000  2.182056e+001  4.400000e+000
    endloop
  endfacet
  facet normal  0.000000e+000  0.000000e+000  1.000000e+000
    outer loop
      vertex -9.949810e+000  2.182056e+001  4.400000e+000
      vertex -6.900241e+000  2.176288e+001  4.400000e+000
      vertex -6.903011e+000  2.180658e+001  4.400000e+000
    endloop
  endfacet
  facet normal  0.000000e+000  0.000000e+000  1.000000e+000
    outer loop
      vertex -9.949810e+000  2.182056e+001  4.400000e+000
      vertex -6.903011e+000  2.180658e+001  4.400000e+000
      vertex -6.909233e+000  2.184992e+001  4.400000e+000
    endloop
  endfacet
  facet normal  0.000000e+000  0.000000e+000  1.000000e+000
    outer loop
      vertex -9.804658e+000  2.164408e+001  4.400000e+000
      vertex -6.904938e+000  2.167389e+001  4.400000e+000
      vertex -9.879207e+000  2.173078e+001  4.400000e+000
    endloop
  endfacet
  facet normal  0.000000e+000  0.000000e+000  1.000000e+000
    outer loop
      vertex -9.879207e+000  2.173078e+001  4.400000e+000
      vertex -6.904938e+000  2.167389e+001  4.400000e+000
      vertex -6.900821e+000  2.171932e+001  4.400000e+000
    endloop
  endfacet
  facet normal  0.000000e+000  -0.000000e+000  1.000000e+000
    outer loop
      vertex -9.879207e+000  2.173078e+001  4.400000e+000
      vertex -6.900821e+000  2.171932e+001  4.400000e+000
      vertex -6.900241e+000  2.176288e+001  4.400000e+000
    endloop
  endfacet
  facet normal  0.000000e+000  0.000000e+000  1.000000e+000
    outer loop
      vertex -9.725807e+000  2.156111e+001  4.400000e+000
      vertex -6.923549e+000  2.158422e+001  4.400000e+000
      vertex -9.804658e+000  2.164408e+001  4.400000e+000
    endloop
  endfacet
  facet normal  0.000000e+000  0.000000e+000  1.000000e+000
    outer loop
      vertex -9.804658e+000  2.164408e+001  4.400000e+000
      vertex -6.923549e+000  2.158422e+001  4.400000e+000
      vertex -6.912572e+000  2.162871e+001  4.400000e+000
    endloop
  endfacet
  facet normal  0.000000e+000  -0.000000e+000  1.000000e+000
    outer loop
      vertex -9.804658e+000  2.164408e+001  4.400000e+000
      vertex -6.912572e+000  2.162871e+001  4.400000e+000
      vertex -6.904938e+000  2.167389e+001  4.400000e+000
    endloop
  endfacet
  facet normal  0.000000e+000  0.000000e+000  1.000000e+000
    outer loop
      vertex -6.937672e+000  2.154084e+001  4.400000e+000
      vertex -9.725807e+000  2.156111e+001  4.400000e+000
      vertex -6.955073e+000  2.149808e+001  4.400000e+000
    endloop
  endfacet
  facet normal  0.000000e+000  0.000000e+000  9.999999e-001
    outer loop
      vertex -6.955073e+000  2.149808e+001  4.400000e+000
      vertex -9.725807e+000  2.156111e+001  4.400000e+000
      vertex -9.642372e+000  2.148277e+001  4.400000e+000
    endloop
  endfacet
  facet normal  -0.000000e+000  0.000000e+000  1.000000e+000
    outer loop
      vertex -6.955073e+000  2.149808e+001  4.400000e+000
      vertex -9.642372e+000  2.148277e+001  4.400000e+000
      vertex -6.975533e+000  2.145649e+001  4.400000e+000
    endloop
  endfacet
  facet normal  0.000000e+000  0.000000e+000  1.000000e+000
    outer loop
      vertex -6.975533e+000  2.145649e+001  4.400000e+000
      vertex -9.642372e+000  2.148277e+001  4.400000e+000
      vertex -9.597191e+000  2.144428e+001  4.400000e+000
    endloop
  endfacet
  facet normal  -0.000000e+000  0.000000e+000  1.000000e+000
    outer loop
      vertex -6.975533e+000  2.145649e+001  4.400000e+000
      vertex -9.597191e+000  2.144428e+001  4.400000e+000
      vertex -6.998840e+000  2.141643e+001  4.400000e+000
    endloop
  endfacet
  facet normal  0.000000e+000  0.000000e+000  1.000000e+000
    outer loop
      vertex -6.998840e+000  2.141643e+001  4.400000e+000
      vertex -9.597191e+000  2.144428e+001  4.400000e+000
      vertex -9.550683e+000  2.140747e+001  4.400000e+000
    endloop
  endfacet
  facet normal  -0.000000e+000  0.000000e+000  1.000000e+000
    outer loop
      vertex -6.998840e+000  2.141643e+001  4.400000e+000
      vertex -9.550683e+000  2.140747e+001  4.400000e+000
      vertex -7.024786e+000  2.137824e+001  4.400000e+000
    endloop
  endfacet
  facet normal  0.000000e+000  0.000000e+000  1.000000e+000
    outer loop
      vertex -7.024786e+000  2.137824e+001  4.400000e+000
      vertex -9.550683e+000  2.140747e+001  4.400000e+000
      vertex -9.506355e+000  2.137499e+001  4.400000e+000
    endloop
  endfacet
  facet normal  -0.000000e+000  0.000000e+000  1.000000e+000
    outer loop
      vertex -7.024786e+000  2.137824e+001  4.400000e+000
      vertex -9.506355e+000  2.137499e+001  4.400000e+000
      vertex -7.056067e+000  2.133880e+001  4.400000e+000
    endloop
  endfacet
  facet normal  0.000000e+000  0.000000e+000  1.000000e+000
    outer loop
      vertex -7.056067e+000  2.133880e+001  4.400000e+000
      vertex -9.506355e+000  2.137499e+001  4.400000e+000
      vertex -9.460843e+000  2.134423e+001  4.400000e+000
    endloop
  endfacet
  facet normal  0.000000e+000  0.000000e+000  1.000000e+000
    outer loop
      vertex -7.056067e+000  2.133880e+001  4.400000e+000
      vertex -9.460843e+000  2.134423e+001  4.400000e+000
      vertex -7.090462e+000  2.130175e+001  4.400000e+000
    endloop
  endfacet
  facet normal  0.000000e+000  0.000000e+000  1.000000e+000
    outer loop
      vertex -7.090462e+000  2.130175e+001  4.400000e+000
      vertex -9.460843e+000  2.134423e+001  4.400000e+000
      vertex -9.405626e+000  2.131037e+001  4.400000e+000
    endloop
  endfacet
  facet normal  0.000000e+000  0.000000e+000  1.000000e+000
    outer loop
      vertex -7.090462e+000  2.130175e+001  4.400000e+000
      vertex -9.405626e+000  2.131037e+001  4.400000e+000
      vertex -7.127535e+000  2.126738e+001  4.400000e+000
    endloop
  endfacet
  facet normal  0.000000e+000  0.000000e+000  1.000000e+000
    outer loop
      vertex -7.127535e+000  2.126738e+001  4.400000e+000
      vertex -9.405626e+000  2.131037e+001  4.400000e+000
      vertex -9.348864e+000  2.127922e+001  4.400000e+000
    endloop
  endfacet
  facet normal  0.000000e+000  0.000000e+000  1.000000e+000
    outer loop
      vertex -7.127535e+000  2.126738e+001  4.400000e+000
      vertex -9.348864e+000  2.127922e+001  4.400000e+000
      vertex -7.166762e+000  2.123582e+001  4.400000e+000
    endloop
  endfacet
  facet normal  0.000000e+000  0.000000e+000  1.000000e+000
    outer loop
      vertex -7.166762e+000  2.123582e+001  4.400000e+000
      vertex -9.348864e+000  2.127922e+001  4.400000e+000
      vertex -9.290742e+000  2.125067e+001  4.400000e+000
    endloop
  endfacet
  facet normal  0.000000e+000  0.000000e+000  1.000000e+000
    outer loop
      vertex -7.166762e+000  2.123582e+001  4.400000e+000
      vertex -9.290742e+000  2.125067e+001  4.400000e+000
      vertex -9.231478e+000  2.122450e+001  4.400000e+000
    endloop
  endfacet
  facet normal  -0.000000e+000  0.000000e+000  1.000000e+000
    outer loop
      vertex -7.166762e+000  2.123582e+001  4.400000e+000
      vertex -9.231478e+000  2.122450e+001  4.400000e+000
      vertex -7.200991e+000  2.121145e+001  4.400000e+000
    endloop
  endfacet
  facet normal  0.000000e+000  0.000000e+000  1.000000e+000
    outer loop
      vertex -7.200991e+000  2.121145e+001  4.400000e+000
      vertex -9.231478e+000  2.122450e+001  4.400000e+000
      vertex -9.128398e+000  2.118482e+001  4.400000e+000
    endloop
  endfacet
  facet normal  0.000000e+000  0.000000e+000  1.000000e+000
    outer loop
      vertex -7.200991e+000  2.121145e+001  4.400000e+000
      vertex -9.128398e+000  2.118482e+001  4.400000e+000
      vertex -7.236425e+000  2.118876e+001  4.400000e+000
    endloop
  endfacet
  facet normal  -0.000000e+000  0.000000e+000  1.000000e+000
    outer loop
      vertex -7.236425e+000  2.118876e+001  4.400000e+000
      vertex -9.128398e+000  2.118482e+001  4.400000e+000
      vertex -7.277394e+000  2.116519e+001  4.400000e+000
    endloop
  endfacet
  facet normal  0.000000e+000  0.000000e+000  1.000000e+000
    outer loop
      vertex -7.277394e+000  2.116519e+001  4.400000e+000
      vertex -9.128398e+000  2.118482e+001  4.400000e+000
      vertex -9.023252e+000  2.115047e+001  4.400000e+000
    endloop
  endfacet
  facet normal  -0.000000e+000  0.000000e+000  1.000000e+000
    outer loop
      vertex -7.277394e+000  2.116519e+001  4.400000e+000
      vertex -9.023252e+000  2.115047e+001  4.400000e+000
      vertex -7.319514e+000  2.114348e+001  4.400000e+000
    endloop
  endfacet
  facet normal  0.000000e+000  0.000000e+000  1.000000e+000
    outer loop
      vertex -7.319514e+000  2.114348e+001  4.400000e+000
      vertex -9.023252e+000  2.115047e+001  4.400000e+000
      vertex -7.401714e+000  2.110714e+001  4.400000e+000
    endloop
  endfacet
  facet normal  0.000000e+000  0.000000e+000  1.000000e+000
    outer loop
      vertex -7.401714e+000  2.110714e+001  4.400000e+000
      vertex -9.023252e+000  2.115047e+001  4.400000e+000
      vertex -8.916766e+000  2.112049e+001  4.400000e+000
    endloop
  endfacet
  facet normal  0.000000e+000  0.000000e+000  1.000000e+000
    outer loop
      vertex -7.401714e+000  2.110714e+001  4.400000e+000
      vertex -8.916766e+000  2.112049e+001  4.400000e+000
      vertex -8.809508e+000  2.109402e+001  4.400000e+000
    endloop
  endfacet
  facet normal  -0.000000e+000  0.000000e+000  1.000000e+000
    outer loop
      vertex -7.401714e+000  2.110714e+001  4.400000e+000
      vertex -8.809508e+000  2.109402e+001  4.400000e+000
      vertex -7.486211e+000  2.107654e+001  4.400000e+000
    endloop
  endfacet
  facet normal  0.000000e+000  0.000000e+000  1.000000e+000
    outer loop
      vertex -7.486211e+000  2.107654e+001  4.400000e+000
      vertex -8.809508e+000  2.109402e+001  4.400000e+000
      vertex -8.701872e+000  2.107026e+001  4.400000e+000
    endloop
  endfacet
  facet normal  -0.000000e+000  0.000000e+000  1.000000e+000
    outer loop
      vertex -7.486211e+000  2.107654e+001  4.400000e+000
      vertex -8.701872e+000  2.107026e+001  4.400000e+000
      vertex -7.572116e+000  2.105127e+001  4.400000e+000
    endloop
  endfacet
  facet normal  0.000000e+000  0.000000e+000  1.000000e+000
    outer loop
      vertex -7.572116e+000  2.105127e+001  4.400000e+000
      vertex -8.701872e+000  2.107026e+001  4.400000e+000
      vertex -8.594440e+000  2.104910e+001  4.400000e+000
    endloop
  endfacet
  facet normal  -0.000000e+000  0.000000e+000  1.000000e+000
    outer loop
      vertex -7.572116e+000  2.105127e+001  4.400000e+000
      vertex -8.594440e+000  2.104910e+001  4.400000e+000
      vertex -7.658956e+000  2.103099e+001  4.400000e+000
    endloop
  endfacet
  facet normal  0.000000e+000  0.000000e+000  9.999999e-001
    outer loop
      vertex -7.658956e+000  2.103099e+001  4.400000e+000
      vertex -8.594440e+000  2.104910e+001  4.400000e+000
      vertex -8.486504e+000  2.103070e+001  4.400000e+000
    endloop
  endfacet
  facet normal  -0.000000e+000  0.000000e+000  1.000000e+000
    outer loop
      vertex -7.658956e+000  2.103099e+001  4.400000e+000
      vertex -8.486504e+000  2.103070e+001  4.400000e+000
      vertex -7.718023e+000  2.101999e+001  4.400000e+000
    endloop
  endfacet
  facet normal  0.000000e+000  0.000000e+000  1.000000e+000
    outer loop
      vertex -7.718023e+000  2.101999e+001  4.400000e+000
      vertex -8.486504e+000  2.103070e+001  4.400000e+000
      vertex -8.377343e+000  2.101546e+001  4.400000e+000
    endloop
  endfacet
  facet normal  -0.000000e+000  0.000000e+000  1.000000e+000
    outer loop
      vertex -7.718023e+000  2.101999e+001  4.400000e+000
      vertex -8.377343e+000  2.101546e+001  4.400000e+000
      vertex -7.777455e+000  2.101104e+001  4.400000e+000
    endloop
  endfacet
  facet normal  0.000000e+000  0.000000e+000  1.000000e+000
    outer loop
      vertex -7.777455e+000  2.101104e+001  4.400000e+000
      vertex -8.377343e+000  2.101546e+001  4.400000e+000
      vertex -7.897115e+000  2.099899e+001  4.400000e+000
    endloop
  endfacet
  facet normal  0.000000e+000  0.000000e+000  1.000000e+000
    outer loop
      vertex -7.897115e+000  2.099899e+001  4.400000e+000
      vertex -8.377343e+000  2.101546e+001  4.400000e+000
      vertex -8.257783e+000  2.100309e+001  4.400000e+000
    endloop
  endfacet
  facet normal  0.000000e+000  0.000000e+000  1.000000e+000
    outer loop
      vertex -7.897115e+000  2.099899e+001  4.400000e+000
      vertex -8.257783e+000  2.100309e+001  4.400000e+000
      vertex -8.017367e+000  2.099414e+001  4.400000e+000
    endloop
  endfacet
  facet normal  0.000000e+000  0.000000e+000  1.000000e+000
    outer loop
      vertex -8.017367e+000  2.099414e+001  4.400000e+000
      vertex -8.257783e+000  2.100309e+001  4.400000e+000
      vertex -8.137717e+000  2.099575e+001  4.400000e+000
    endloop
  endfacet
  facet normal  -0.000000e+000  0.000000e+000  9.999999e-001
    outer loop
      vertex -9.171756e+000  2.928786e+001  4.400000e+000
      vertex -1.039195e+001  2.926936e+001  4.400000e+000
      vertex -9.212634e+000  2.923895e+001  4.400000e+000
    endloop
  endfacet
  facet normal  0.000000e+000  0.000000e+000  1.000000e+000
    outer loop
      vertex -9.212634e+000  2.923895e+001  4.400000e+000
      vertex -1.039195e+001  2.926936e+001  4.400000e+000
      vertex -1.041888e+001  2.919275e+001  4.400000e+000
    endloop
  endfacet
  facet normal  -0.000000e+000  0.000000e+000  1.000000e+000
    outer loop
      vertex -9.212634e+000  2.923895e+001  4.400000e+000
      vertex -1.041888e+001  2.919275e+001  4.400000e+000
      vertex -9.250583e+000  2.918774e+001  4.400000e+000
    endloop
  endfacet
  facet normal  0.000000e+000  0.000000e+000  9.999999e-001
    outer loop
      vertex -9.250583e+000  2.918774e+001  4.400000e+000
      vertex -1.041888e+001  2.919275e+001  4.400000e+000
      vertex -9.285649e+000  2.913471e+001  4.400000e+000
    endloop
  endfacet
  facet normal  0.000000e+000  0.000000e+000  1.000000e+000
    outer loop
      vertex -9.285649e+000  2.913471e+001  4.400000e+000
      vertex -1.041888e+001  2.919275e+001  4.400000e+000
      vertex -1.044295e+001  2.911520e+001  4.400000e+000
    endloop
  endfacet
  facet normal  -0.000000e+000  0.000000e+000  1.000000e+000
    outer loop
      vertex -9.285649e+000  2.913471e+001  4.400000e+000
      vertex -1.044295e+001  2.911520e+001  4.400000e+000
      vertex -9.333465e+000  2.905197e+001  4.400000e+000
    endloop
  endfacet
  facet normal  0.000000e+000  0.000000e+000  1.000000e+000
    outer loop
      vertex -9.333465e+000  2.905197e+001  4.400000e+000
      vertex -1.044295e+001  2.911520e+001  4.400000e+000
      vertex -1.046422e+001  2.903679e+001  4.400000e+000
    endloop
  endfacet
  facet normal  -0.000000e+000  0.000000e+000  1.000000e+000
    outer loop
      vertex -9.333465e+000  2.905197e+001  4.400000e+000
      vertex -1.046422e+001  2.903679e+001  4.400000e+000
      vertex -9.375793e+000  2.896619e+001  4.400000e+000
    endloop
  endfacet
  facet normal  0.000000e+000  0.000000e+000  1.000000e+000
    outer loop
      vertex -9.375793e+000  2.896619e+001  4.400000e+000
      vertex -1.046422e+001  2.903679e+001  4.400000e+000
      vertex -1.049303e+001  2.890978e+001  4.400000e+000
    endloop
  endfacet
  facet normal  -0.000000e+000  0.000000e+000  1.000000e+000
    outer loop
      vertex -9.375793e+000  2.896619e+001  4.400000e+000
      vertex -1.049303e+001  2.890978e+001  4.400000e+000
      vertex -9.412847e+000  2.887794e+001  4.400000e+000
    endloop
  endfacet
  facet normal  0.000000e+000  0.000000e+000  1.000000e+000
    outer loop
      vertex -9.412847e+000  2.887794e+001  4.400000e+000
      vertex -1.049303e+001  2.890978e+001  4.400000e+000
      vertex -9.444668e+000  2.878770e+001  4.400000e+000
    endloop
  endfacet
  facet normal  0.000000e+000  0.000000e+000  1.000000e+000
    outer loop
      vertex -9.444668e+000  2.878770e+001  4.400000e+000
      vertex -1.049303e+001  2.890978e+001  4.400000e+000
      vertex -1.051627e+001  2.878149e+001  4.400000e+000
    endloop
  endfacet
  facet normal  -0.000000e+000  0.000000e+000  1.000000e+000
    outer loop
      vertex -9.444668e+000  2.878770e+001  4.400000e+000
      vertex -1.051627e+001  2.878149e+001  4.400000e+000
      vertex -9.471224e+000  2.869584e+001  4.400000e+000
    endloop
  endfacet
  facet normal  0.000000e+000  0.000000e+000  1.000000e+000
    outer loop
      vertex -9.471224e+000  2.869584e+001  4.400000e+000
      vertex -1.051627e+001  2.878149e+001  4.400000e+000
      vertex -1.053495e+001  2.865246e+001  4.400000e+000
    endloop
  endfacet
  facet normal  -0.000000e+000  0.000000e+000  1.000000e+000
    outer loop
      vertex -9.471224e+000  2.869584e+001  4.400000e+000
      vertex -1.053495e+001  2.865246e+001  4.400000e+000
      vertex -9.492504e+000  2.860269e+001  4.400000e+000
    endloop
  endfacet
  facet normal  0.000000e+000  0.000000e+000  1.000000e+000
    outer loop
      vertex -9.492504e+000  2.860269e+001  4.400000e+000
      vertex -1.053495e+001  2.865246e+001  4.400000e+000
      vertex -1.055005e+001  2.852309e+001  4.400000e+000
    endloop
  endfacet
  facet normal  0.000000e+000  0.000000e+000  1.000000e+000
    outer loop
      vertex -9.492504e+000  2.860269e+001  4.400000e+000
      vertex -1.055005e+001  2.852309e+001  4.400000e+000
      vertex -9.503304e+000  2.854305e+001  4.400000e+000
    endloop
  endfacet
  facet normal  -0.000000e+000  0.000000e+000  1.000000e+000
    outer loop
      vertex -9.503304e+000  2.854305e+001  4.400000e+000
      vertex -1.055005e+001  2.852309e+001  4.400000e+000
      vertex -9.512044e+000  2.848309e+001  4.400000e+000
    endloop
  endfacet
  facet normal  0.000000e+000  0.000000e+000  1.000000e+000
    outer loop
      vertex -9.512044e+000  2.848309e+001  4.400000e+000
      vertex -1.055005e+001  2.852309e+001  4.400000e+000
      vertex -1.056803e+001  2.832898e+001  4.400000e+000
    endloop
  endfacet
  facet normal  0.000000e+000  0.000000e+000  1.000000e+000
    outer loop
      vertex -9.512044e+000  2.848309e+001  4.400000e+000
      vertex -1.056803e+001  2.832898e+001  4.400000e+000
      vertex -9.518814e+000  2.842224e+001  4.400000e+000
    endloop
  endfacet
  facet normal  -0.000000e+000  0.000000e+000  1.000000e+000
    outer loop
      vertex -9.523546e+000  2.836121e+001  4.400000e+000
      vertex -1.056803e+001  2.832898e+001  4.400000e+000
      vertex -9.527067e+000  2.823953e+001  4.400000e+000
    endloop
  endfacet
  facet normal  0.000000e+000  0.000000e+000  9.999999e-001
    outer loop
      vertex -9.527067e+000  2.823953e+001  4.400000e+000
      vertex -1.056803e+001  2.832898e+001  4.400000e+000
      vertex -1.058132e+001  2.813449e+001  4.400000e+000
    endloop
  endfacet
  facet normal  -0.000000e+000  0.000000e+000  1.000000e+000
    outer loop
      vertex -9.527067e+000  2.823953e+001  4.400000e+000
      vertex -1.058132e+001  2.813449e+001  4.400000e+000
      vertex -9.523038e+000  2.811788e+001  4.400000e+000
    endloop
  endfacet
  facet normal  0.000000e+000  0.000000e+000  1.000000e+000
    outer loop
      vertex -9.523038e+000  2.811788e+001  4.400000e+000
      vertex -1.058132e+001  2.813449e+001  4.400000e+000
      vertex -9.511834e+000  2.799668e+001  4.400000e+000
    endloop
  endfacet
  facet normal  0.000000e+000  0.000000e+000  1.000000e+000
    outer loop
      vertex -9.511834e+000  2.799668e+001  4.400000e+000
      vertex -1.058132e+001  2.813449e+001  4.400000e+000
      vertex -1.058962e+001  2.793972e+001  4.400000e+000
    endloop
  endfacet
  facet normal  -0.000000e+000  0.000000e+000  9.999999e-001
    outer loop
      vertex -9.511834e+000  2.799668e+001  4.400000e+000
      vertex -1.058962e+001  2.793972e+001  4.400000e+000
      vertex -9.493833e+000  2.787625e+001  4.400000e+000
    endloop
  endfacet
  facet normal  0.000000e+000  0.000000e+000  1.000000e+000
    outer loop
      vertex -9.493833e+000  2.787625e+001  4.400000e+000
      vertex -1.058962e+001  2.793972e+001  4.400000e+000
      vertex -1.059269e+001  2.774479e+001  4.400000e+000
    endloop
  endfacet
  facet normal  0.000000e+000  0.000000e+000  1.000000e+000
    outer loop
      vertex -9.493833e+000  2.787625e+001  4.400000e+000
      vertex -1.059269e+001  2.774479e+001  4.400000e+000
      vertex -9.469383e+000  2.775692e+001  4.400000e+000
    endloop
  endfacet
  facet normal  -0.000000e+000  0.000000e+000  1.000000e+000
    outer loop
      vertex -9.469383e+000  2.775692e+001  4.400000e+000
      vertex -1.059269e+001  2.774479e+001  4.400000e+000
      vertex -9.438783e+000  2.763899e+001  4.400000e+000
    endloop
  endfacet
  facet normal  0.000000e+000  0.000000e+000  1.000000e+000
    outer loop
      vertex -9.438783e+000  2.763899e+001  4.400000e+000
      vertex -1.059269e+001  2.774479e+001  4.400000e+000
      vertex -1.059049e+001  2.754884e+001  4.400000e+000
    endloop
  endfacet
  facet normal  -0.000000e+000  0.000000e+000  1.000000e+000
    outer loop
      vertex -9.438783e+000  2.763899e+001  4.400000e+000
      vertex -1.059049e+001  2.754884e+001  4.400000e+000
      vertex -9.404325e+000  2.752885e+001  4.400000e+000
    endloop
  endfacet
  facet normal  0.000000e+000  0.000000e+000  1.000000e+000
    outer loop
      vertex -9.404325e+000  2.752885e+001  4.400000e+000
      vertex -1.059049e+001  2.754884e+001  4.400000e+000
      vertex -9.364676e+000  2.742046e+001  4.400000e+000
    endloop
  endfacet
  facet normal  0.000000e+000  0.000000e+000  9.999999e-001
    outer loop
      vertex -9.364676e+000  2.742046e+001  4.400000e+000
      vertex -1.059049e+001  2.754884e+001  4.400000e+000
      vertex -1.058707e+001  2.744907e+001  4.400000e+000
    endloop
  endfacet
  facet normal  0.000000e+000  0.000000e+000  1.000000e+000
    outer loop
      vertex -9.364676e+000  2.742046e+001  4.400000e+000
      vertex -1.058707e+001  2.744907e+001  4.400000e+000
      vertex -9.319964e+000  2.731405e+001  4.400000e+000
    endloop
  endfacet
  facet normal  0.000000e+000  0.000000e+000  1.000000e+000
    outer loop
      vertex -9.319964e+000  2.731405e+001  4.400000e+000
      vertex -1.058707e+001  2.744907e+001  4.400000e+000
      vertex -1.058142e+001  2.735311e+001  4.400000e+000
    endloop
  endfacet
  facet normal  0.000000e+000  0.000000e+000  1.000000e+000
    outer loop
      vertex -9.319964e+000  2.731405e+001  4.400000e+000
      vertex -1.058142e+001  2.735311e+001  4.400000e+000
      vertex -9.270320e+000  2.720986e+001  4.400000e+000
    endloop
  endfacet
  facet normal  0.000000e+000  0.000000e+000  1.000000e+000
    outer loop
      vertex -9.270320e+000  2.720986e+001  4.400000e+000
      vertex -1.058142e+001  2.735311e+001  4.400000e+000
      vertex -1.057160e+001  2.725049e+001  4.400000e+000
    endloop
  endfacet
  facet normal  0.000000e+000  0.000000e+000  1.000000e+000
    outer loop
      vertex -9.270320e+000  2.720986e+001  4.400000e+000
      vertex -1.057160e+001  2.725049e+001  4.400000e+000
      vertex -9.215870e+000  2.710810e+001  4.400000e+000
    endloop
  endfacet
  facet normal  0.000000e+000  0.000000e+000  1.000000e+000
    outer loop
      vertex -9.215870e+000  2.710810e+001  4.400000e+000
      vertex -1.057160e+001  2.725049e+001  4.400000e+000
      vertex -1.055641e+001  2.714810e+001  4.400000e+000
    endloop
  endfacet
  facet normal  0.000000e+000  0.000000e+000  1.000000e+000
    outer loop
      vertex -9.215870e+000  2.710810e+001  4.400000e+000
      vertex -1.055641e+001  2.714810e+001  4.400000e+000
      vertex -1.054568e+001  2.709472e+001  4.400000e+000
    endloop
  endfacet
  facet normal  -0.000000e+000  0.000000e+000  9.999999e-001
    outer loop
      vertex -9.215870e+000  2.710810e+001  4.400000e+000
      vertex -1.054568e+001  2.709472e+001  4.400000e+000
      vertex -9.156741e+000  2.700899e+001  4.400000e+000
    endloop
  endfacet
  facet normal  0.000000e+000  0.000000e+000  1.000000e+000
    outer loop
      vertex -9.156741e+000  2.700899e+001  4.400000e+000
      vertex -1.054568e+001  2.709472e+001  4.400000e+000
      vertex -1.053267e+001  2.704195e+001  4.400000e+000
    endloop
  endfacet
  facet normal  0.000000e+000  0.000000e+000  1.000000e+000
    outer loop
      vertex -9.156741e+000  2.700899e+001  4.400000e+000
      vertex -1.053267e+001  2.704195e+001  4.400000e+000
      vertex -1.051863e+001  2.699505e+001  4.400000e+000
    endloop
  endfacet
  facet normal  -0.000000e+000  0.000000e+000  1.000000e+000
    outer loop
      vertex -9.156741e+000  2.700899e+001  4.400000e+000
      vertex -1.051863e+001  2.699505e+001  4.400000e+000
      vertex -9.099996e+000  2.692275e+001  4.400000e+000
    endloop
  endfacet
  facet normal  0.000000e+000  0.000000e+000  1.000000e+000
    outer loop
      vertex -9.099996e+000  2.692275e+001  4.400000e+000
      vertex -1.051863e+001  2.699505e+001  4.400000e+000
      vertex -1.050209e+001  2.694908e+001  4.400000e+000
    endloop
  endfacet
  facet normal  0.000000e+000  0.000000e+000  1.000000e+000
    outer loop
      vertex -9.099996e+000  2.692275e+001  4.400000e+000
      vertex -1.050209e+001  2.694908e+001  4.400000e+000
      vertex -1.048229e+001  2.690352e+001  4.400000e+000
    endloop
  endfacet
  facet normal  -0.000000e+000  0.000000e+000  1.000000e+000
    outer loop
      vertex -9.099996e+000  2.692275e+001  4.400000e+000
      vertex -1.048229e+001  2.690352e+001  4.400000e+000
      vertex -9.040216e+000  2.683968e+001  4.400000e+000
    endloop
  endfacet
  facet normal  0.000000e+000  0.000000e+000  1.000000e+000
    outer loop
      vertex -9.040216e+000  2.683968e+001  4.400000e+000
      vertex -1.048229e+001  2.690352e+001  4.400000e+000
      vertex -1.045910e+001  2.685959e+001  4.400000e+000
    endloop
  endfacet
  facet normal  0.000000e+000  0.000000e+000  9.999999e-001
    outer loop
      vertex -9.040216e+000  2.683968e+001  4.400000e+000
      vertex -1.045910e+001  2.685959e+001  4.400000e+000
      vertex -8.977115e+000  2.675911e+001  4.400000e+000
    endloop
  endfacet
  facet normal  0.000000e+000  0.000000e+000  1.000000e+000
    outer loop
      vertex -8.977115e+000  2.675911e+001  4.400000e+000
      vertex -1.045910e+001  2.685959e+001  4.400000e+000
      vertex -1.043211e+001  2.681787e+001  4.400000e+000
    endloop
  endfacet
  facet normal  0.000000e+000  0.000000e+000  1.000000e+000
    outer loop
      vertex -8.977115e+000  2.675911e+001  4.400000e+000
      vertex -1.043211e+001  2.681787e+001  4.400000e+000
      vertex -1.040114e+001  2.677902e+001  4.400000e+000
    endloop
  endfacet
  facet normal  0.000000e+000  0.000000e+000  1.000000e+000
    outer loop
      vertex -8.977115e+000  2.675911e+001  4.400000e+000
      vertex -1.040114e+001  2.677902e+001  4.400000e+000
      vertex -8.910576e+000  2.668019e+001  4.400000e+000
    endloop
  endfacet
  facet normal  0.000000e+000  0.000000e+000  1.000000e+000
    outer loop
      vertex -8.910576e+000  2.668019e+001  4.400000e+000
      vertex -1.040114e+001  2.677902e+001  4.400000e+000
      vertex -1.035511e+001  2.673160e+001  4.400000e+000
    endloop
  endfacet
  facet normal  0.000000e+000  0.000000e+000  1.000000e+000
    outer loop
      vertex -8.910576e+000  2.668019e+001  4.400000e+000
      vertex -1.035511e+001  2.673160e+001  4.400000e+000
      vertex -1.032217e+001  2.670188e+001  4.400000e+000
    endloop
  endfacet
  facet normal  0.000000e+000  0.000000e+000  1.000000e+000
    outer loop
      vertex -8.910576e+000  2.668019e+001  4.400000e+000
      vertex -1.032217e+001  2.670188e+001  4.400000e+000
      vertex -8.847525e+000  2.660957e+001  4.400000e+000
    endloop
  endfacet
  facet normal  0.000000e+000  0.000000e+000  1.000000e+000
    outer loop
      vertex -8.847525e+000  2.660957e+001  4.400000e+000
      vertex -1.032217e+001  2.670188e+001  4.400000e+000
      vertex -1.025302e+001  2.664534e+001  4.400000e+000
    endloop
  endfacet
  facet normal  0.000000e+000  0.000000e+000  1.000000e+000
    outer loop
      vertex -8.847525e+000  2.660957e+001  4.400000e+000
      vertex -1.025302e+001  2.664534e+001  4.400000e+000
      vertex -1.017329e+001  2.658439e+001  4.400000e+000
    endloop
  endfacet
  facet normal  -0.000000e+000  0.000000e+000  1.000000e+000
    outer loop
      vertex -8.847525e+000  2.660957e+001  4.400000e+000
      vertex -1.017329e+001  2.658439e+001  4.400000e+000
      vertex -8.782990e+000  2.654028e+001  4.400000e+000
    endloop
  endfacet
  facet normal  0.000000e+000  0.000000e+000  1.000000e+000
    outer loop
      vertex -8.782990e+000  2.654028e+001  4.400000e+000
      vertex -1.017329e+001  2.658439e+001  4.400000e+000
      vertex -1.009431e+001  2.652412e+001  4.400000e+000
    endloop
  endfacet
  facet normal  -0.000000e+000  0.000000e+000  9.999999e-001
    outer loop
      vertex -8.782990e+000  2.654028e+001  4.400000e+000
      vertex -1.009431e+001  2.652412e+001  4.400000e+000
      vertex -8.651299e+000  2.640422e+001  4.400000e+000
    endloop
  endfacet
  facet normal  0.000000e+000  0.000000e+000  1.000000e+000
    outer loop
      vertex -8.651299e+000  2.640422e+001  4.400000e+000
      vertex -1.009431e+001  2.652412e+001  4.400000e+000
      vertex -1.004449e+001  2.648454e+001  4.400000e+000
    endloop
  endfacet
  facet normal  0.000000e+000  0.000000e+000  1.000000e+000
    outer loop
      vertex -8.651299e+000  2.640422e+001  4.400000e+000
      vertex -1.004449e+001  2.648454e+001  4.400000e+000
      vertex -9.994864e+000  2.644292e+001  4.400000e+000
    endloop
  endfacet
  facet normal  0.000000e+000  0.000000e+000  9.999999e-001
    outer loop
      vertex -9.900614e+000  2.635574e+001  4.400000e+000
      vertex -8.550489e+000  2.630112e+001  4.400000e+000
      vertex -9.946559e+000  2.639977e+001  4.400000e+000
    endloop
  endfacet
  facet normal  -0.000000e+000  0.000000e+000  1.000000e+000
    outer loop
      vertex -9.946559e+000  2.639977e+001  4.400000e+000
      vertex -8.550489e+000  2.630112e+001  4.400000e+000
      vertex -8.651299e+000  2.640422e+001  4.400000e+000
    endloop
  endfacet
  facet normal  0.000000e+000  0.000000e+000  1.000000e+000
    outer loop
      vertex -9.946559e+000  2.639977e+001  4.400000e+000
      vertex -8.651299e+000  2.640422e+001  4.400000e+000
      vertex -9.994864e+000  2.644292e+001  4.400000e+000
    endloop
  endfacet
  facet normal  -0.000000e+000  0.000000e+000  1.000000e+000
    outer loop
      vertex -8.550489e+000  2.630112e+001  4.400000e+000
      vertex -9.838848e+000  2.629095e+001  4.400000e+000
      vertex -8.451028e+000  2.619673e+001  4.400000e+000
    endloop
  endfacet
  facet normal  0.000000e+000  0.000000e+000  1.000000e+000
    outer loop
      vertex -8.451028e+000  2.619673e+001  4.400000e+000
      vertex -9.838848e+000  2.629095e+001  4.400000e+000
      vertex -9.780860e+000  2.622265e+001  4.400000e+000
    endloop
  endfacet
  facet normal  0.000000e+000  0.000000e+000  1.000000e+000
    outer loop
      vertex -8.451028e+000  2.619673e+001  4.400000e+000
      vertex -9.780860e+000  2.622265e+001  4.400000e+000
      vertex -8.402603e+000  2.614329e+001  4.400000e+000
    endloop
  endfacet
  facet normal  0.000000e+000  0.000000e+000  1.000000e+000
    outer loop
      vertex -8.402603e+000  2.614329e+001  4.400000e+000
      vertex -9.780860e+000  2.622265e+001  4.400000e+000
      vertex -9.727332e+000  2.615073e+001  4.400000e+000
    endloop
  endfacet
  facet normal  0.000000e+000  0.000000e+000  1.000000e+000
    outer loop
      vertex -8.402603e+000  2.614329e+001  4.400000e+000
      vertex -9.727332e+000  2.615073e+001  4.400000e+000
      vertex -8.355613e+000  2.608849e+001  4.400000e+000
    endloop
  endfacet
  facet normal  0.000000e+000  0.000000e+000  1.000000e+000
    outer loop
      vertex -8.355613e+000  2.608849e+001  4.400000e+000
      vertex -9.727332e+000  2.615073e+001  4.400000e+000
      vertex -9.679092e+000  2.607517e+001  4.400000e+000
    endloop
  endfacet
  facet normal  -0.000000e+000  0.000000e+000  1.000000e+000
    outer loop
      vertex -8.355613e+000  2.608849e+001  4.400000e+000
      vertex -9.679092e+000  2.607517e+001  4.400000e+000
      vertex -8.310650e+000  2.603202e+001  4.400000e+000
    endloop
  endfacet
  facet normal  0.000000e+000  0.000000e+000  9.999999e-001
    outer loop
      vertex -8.310650e+000  2.603202e+001  4.400000e+000
      vertex -9.679092e+000  2.607517e+001  4.400000e+000
      vertex -9.637054e+000  2.599607e+001  4.400000e+000
    endloop
  endfacet
  facet normal  -0.000000e+000  0.000000e+000  1.000000e+000
    outer loop
      vertex -8.310650e+000  2.603202e+001  4.400000e+000
      vertex -9.637054e+000  2.599607e+001  4.400000e+000
      vertex -8.268367e+000  2.597362e+001  4.400000e+000
    endloop
  endfacet
  facet normal  0.000000e+000  0.000000e+000  9.999999e-001
    outer loop
      vertex -8.268367e+000  2.597362e+001  4.400000e+000
      vertex -9.637054e+000  2.599607e+001  4.400000e+000
      vertex -9.618655e+000  2.595526e+001  4.400000e+000
    endloop
  endfacet
  facet normal  -0.000000e+000  0.000000e+000  1.000000e+000
    outer loop
      vertex -8.268367e+000  2.597362e+001  4.400000e+000
      vertex -9.618655e+000  2.595526e+001  4.400000e+000
      vertex -8.238080e+000  2.592723e+001  4.400000e+000
    endloop
  endfacet
  facet normal  0.000000e+000  0.000000e+000  1.000000e+000
    outer loop
      vertex -8.238080e+000  2.592723e+001  4.400000e+000
      vertex -9.618655e+000  2.595526e+001  4.400000e+000
      vertex -9.602161e+000  2.591366e+001  4.400000e+000
    endloop
  endfacet
  facet normal  -0.000000e+000  0.000000e+000  1.000000e+000
    outer loop
      vertex -8.238080e+000  2.592723e+001  4.400000e+000
      vertex -9.602161e+000  2.591366e+001  4.400000e+000
      vertex -8.210111e+000  2.587956e+001  4.400000e+000
    endloop
  endfacet
  facet normal  0.000000e+000  0.000000e+000  1.000000e+000
    outer loop
      vertex -8.210111e+000  2.587956e+001  4.400000e+000
      vertex -9.602161e+000  2.591366e+001  4.400000e+000
      vertex -9.584890e+000  2.586225e+001  4.400000e+000
    endloop
  endfacet
  facet normal  -0.000000e+000  0.000000e+000  1.000000e+000
    outer loop
      vertex -8.210111e+000  2.587956e+001  4.400000e+000
      vertex -9.584890e+000  2.586225e+001  4.400000e+000
      vertex -8.184626e+000  2.583052e+001  4.400000e+000
    endloop
  endfacet
  facet normal  0.000000e+000  0.000000e+000  1.000000e+000
    outer loop
      vertex -8.184626e+000  2.583052e+001  4.400000e+000
      vertex -9.584890e+000  2.586225e+001  4.400000e+000
      vertex -9.570785e+000  2.580989e+001  4.400000e+000
    endloop
  endfacet
  facet normal  -0.000000e+000  0.000000e+000  1.000000e+000
    outer loop
      vertex -8.184626e+000  2.583052e+001  4.400000e+000
      vertex -9.570785e+000  2.580989e+001  4.400000e+000
      vertex -8.161762e+000  2.578006e+001  4.400000e+000
    endloop
  endfacet
  facet normal  0.000000e+000  0.000000e+000  1.000000e+000
    outer loop
      vertex -8.161762e+000  2.578006e+001  4.400000e+000
      vertex -9.570785e+000  2.580989e+001  4.400000e+000
      vertex -9.560029e+000  2.575673e+001  4.400000e+000
    endloop
  endfacet
  facet normal  -0.000000e+000  0.000000e+000  1.000000e+000
    outer loop
      vertex -8.161762e+000  2.578006e+001  4.400000e+000
      vertex -9.560029e+000  2.575673e+001  4.400000e+000
      vertex -8.140570e+000  2.572480e+001  4.400000e+000
    endloop
  endfacet
  facet normal  0.000000e+000  0.000000e+000  1.000000e+000
    outer loop
      vertex -8.140570e+000  2.572480e+001  4.400000e+000
      vertex -9.560029e+000  2.575673e+001  4.400000e+000
      vertex -9.552776e+000  2.570298e+001  4.400000e+000
    endloop
  endfacet
  facet normal  -0.000000e+000  0.000000e+000  1.000000e+000
    outer loop
      vertex -8.140570e+000  2.572480e+001  4.400000e+000
      vertex -9.552776e+000  2.570298e+001  4.400000e+000
      vertex -8.122954e+000  2.566778e+001  4.400000e+000
    endloop
  endfacet
  facet normal  0.000000e+000  0.000000e+000  1.000000e+000
    outer loop
      vertex -8.122954e+000  2.566778e+001  4.400000e+000
      vertex -9.552776e+000  2.570298e+001  4.400000e+000
      vertex -9.548653e+000  2.563261e+001  4.400000e+000
    endloop
  endfacet
  facet normal  -0.000000e+000  0.000000e+000  9.999999e-001
    outer loop
      vertex -8.122954e+000  2.566778e+001  4.400000e+000
      vertex -9.548653e+000  2.563261e+001  4.400000e+000
      vertex -8.109416e+000  2.560924e+001  4.400000e+000
    endloop
  endfacet
  facet normal  0.000000e+000  0.000000e+000  9.999999e-001
    outer loop
      vertex -8.109416e+000  2.560924e+001  4.400000e+000
      vertex -9.548653e+000  2.563261e+001  4.400000e+000
      vertex -8.100604e+000  2.554981e+001  4.400000e+000
    endloop
  endfacet
  facet normal  0.000000e+000  0.000000e+000  1.000000e+000
    outer loop
      vertex -8.100604e+000  2.554981e+001  4.400000e+000
      vertex -9.548653e+000  2.563261e+001  4.400000e+000
      vertex -9.550272e+000  2.556211e+001  4.400000e+000
    endloop
  endfacet
  facet normal  0.000000e+000  0.000000e+000  1.000000e+000
    outer loop
      vertex -8.100604e+000  2.554981e+001  4.400000e+000
      vertex -9.550272e+000  2.556211e+001  4.400000e+000
      vertex -8.097223e+000  2.549026e+001  4.400000e+000
    endloop
  endfacet
  facet normal  0.000000e+000  0.000000e+000  9.999999e-001
    outer loop
      vertex -8.097223e+000  2.549026e+001  4.400000e+000
      vertex -9.550272e+000  2.556211e+001  4.400000e+000
      vertex -9.557323e+000  2.549193e+001  4.400000e+000
    endloop
  endfacet
  facet normal  0.000000e+000  0.000000e+000  1.000000e+000
    outer loop
      vertex -8.097223e+000  2.549026e+001  4.400000e+000
      vertex -9.557323e+000  2.549193e+001  4.400000e+000
      vertex -8.099944e+000  2.543118e+001  4.400000e+000
    endloop
  endfacet
  facet normal  0.000000e+000  0.000000e+000  1.000000e+000
    outer loop
      vertex -8.099944e+000  2.543118e+001  4.400000e+000
      vertex -9.557323e+000  2.549193e+001  4.400000e+000
      vertex -9.569496e+000  2.542245e+001  4.400000e+000
    endloop
  endfacet
  facet normal  -0.000000e+000  0.000000e+000  1.000000e+000
    outer loop
      vertex -8.099944e+000  2.543118e+001  4.400000e+000
      vertex -9.569496e+000  2.542245e+001  4.400000e+000
      vertex -8.106922e+000  2.538404e+001  4.400000e+000
    endloop
  endfacet
  facet normal  0.000000e+000  0.000000e+000  1.000000e+000
    outer loop
      vertex -8.106922e+000  2.538404e+001  4.400000e+000
      vertex -9.569496e+000  2.542245e+001  4.400000e+000
      vertex -9.586514e+000  2.535401e+001  4.400000e+000
    endloop
  endfacet
  facet normal  -0.000000e+000  0.000000e+000  1.000000e+000
    outer loop
      vertex -8.106922e+000  2.538404e+001  4.400000e+000
      vertex -9.586514e+000  2.535401e+001  4.400000e+000
      vertex -8.117975e+000  2.533768e+001  4.400000e+000
    endloop
  endfacet
  facet normal  0.000000e+000  0.000000e+000  1.000000e+000
    outer loop
      vertex -8.117975e+000  2.533768e+001  4.400000e+000
      vertex -9.586514e+000  2.535401e+001  4.400000e+000
      vertex -8.132679e+000  2.529236e+001  4.400000e+000
    endloop
  endfacet
  facet normal  0.000000e+000  0.000000e+000  1.000000e+000
    outer loop
      vertex -8.132679e+000  2.529236e+001  4.400000e+000
      vertex -9.586514e+000  2.535401e+001  4.400000e+000
      vertex -9.608138e+000  2.528692e+001  4.400000e+000
    endloop
  endfacet
  facet normal  -0.000000e+000  0.000000e+000  1.000000e+000
    outer loop
      vertex -8.132679e+000  2.529236e+001  4.400000e+000
      vertex -9.608138e+000  2.528692e+001  4.400000e+000
      vertex -8.150665e+000  2.524823e+001  4.400000e+000
    endloop
  endfacet
  facet normal  0.000000e+000  0.000000e+000  1.000000e+000
    outer loop
      vertex -8.150665e+000  2.524823e+001  4.400000e+000
      vertex -9.608138e+000  2.528692e+001  4.400000e+000
      vertex -9.629062e+000  2.523337e+001  4.400000e+000
    endloop
  endfacet
  facet normal  -0.000000e+000  0.000000e+000  1.000000e+000
    outer loop
      vertex -8.150665e+000  2.524823e+001  4.400000e+000
      vertex -9.629062e+000  2.523337e+001  4.400000e+000
      vertex -8.173683e+000  2.520156e+001  4.400000e+000
    endloop
  endfacet
  facet normal  0.000000e+000  0.000000e+000  1.000000e+000
    outer loop
      vertex -8.173683e+000  2.520156e+001  4.400000e+000
      vertex -9.629062e+000  2.523337e+001  4.400000e+000
      vertex -9.652856e+000  2.518103e+001  4.400000e+000
    endloop
  endfacet
  facet normal  -0.000000e+000  0.000000e+000  1.000000e+000
    outer loop
      vertex -8.173683e+000  2.520156e+001  4.400000e+000
      vertex -9.652856e+000  2.518103e+001  4.400000e+000
      vertex -8.199973e+000  2.515644e+001  4.400000e+000
    endloop
  endfacet
  facet normal  0.000000e+000  0.000000e+000  1.000000e+000
    outer loop
      vertex -8.199973e+000  2.515644e+001  4.400000e+000
      vertex -9.652856e+000  2.518103e+001  4.400000e+000
      vertex -9.679470e+000  2.513007e+001  4.400000e+000
    endloop
  endfacet
  facet normal  -0.000000e+000  0.000000e+000  1.000000e+000
    outer loop
      vertex -8.199973e+000  2.515644e+001  4.400000e+000
      vertex -9.679470e+000  2.513007e+001  4.400000e+000
      vertex -8.229153e+000  2.511314e+001  4.400000e+000
    endloop
  endfacet
  facet normal  0.000000e+000  0.000000e+000  1.000000e+000
    outer loop
      vertex -8.229153e+000  2.511314e+001  4.400000e+000
      vertex -9.679470e+000  2.513007e+001  4.400000e+000
      vertex -8.260888e+000  2.507189e+001  4.400000e+000
    endloop
  endfacet
  facet normal  0.000000e+000  0.000000e+000  1.000000e+000
    outer loop
      vertex -8.260888e+000  2.507189e+001  4.400000e+000
      vertex -9.679470e+000  2.513007e+001  4.400000e+000
      vertex -9.708801e+000  2.508062e+001  4.400000e+000
    endloop
  endfacet
  facet normal  0.000000e+000  0.000000e+000  1.000000e+000
    outer loop
      vertex -8.260888e+000  2.507189e+001  4.400000e+000
      vertex -9.708801e+000  2.508062e+001  4.400000e+000
      vertex -8.299686e+000  2.502774e+001  4.400000e+000
    endloop
  endfacet
  facet normal  0.000000e+000  0.000000e+000  1.000000e+000
    outer loop
      vertex -8.299686e+000  2.502774e+001  4.400000e+000
      vertex -9.708801e+000  2.508062e+001  4.400000e+000
      vertex -9.746402e+000  2.502453e+001  4.400000e+000
    endloop
  endfacet
  facet normal  -0.000000e+000  0.000000e+000  9.999999e-001
    outer loop
      vertex -8.299686e+000  2.502774e+001  4.400000e+000
      vertex -9.746402e+000  2.502453e+001  4.400000e+000
      vertex -8.341411e+000  2.498635e+001  4.400000e+000
    endloop
  endfacet
  facet normal  0.000000e+000  0.000000e+000  1.000000e+000
    outer loop
      vertex -8.341411e+000  2.498635e+001  4.400000e+000
      vertex -9.746402e+000  2.502453e+001  4.400000e+000
      vertex -9.787004e+000  2.497046e+001  4.400000e+000
    endloop
  endfacet
  facet normal  -0.000000e+000  0.000000e+000  9.999999e-001
    outer loop
      vertex -8.341411e+000  2.498635e+001  4.400000e+000
      vertex -9.787004e+000  2.497046e+001  4.400000e+000
      vertex -8.385886e+000  2.494794e+001  4.400000e+000
    endloop
  endfacet
  facet normal  0.000000e+000  0.000000e+000  1.000000e+000
    outer loop
      vertex -8.385886e+000  2.494794e+001  4.400000e+000
      vertex -9.787004e+000  2.497046e+001  4.400000e+000
      vertex -9.830135e+000  2.491826e+001  4.400000e+000
    endloop
  endfacet
  facet normal  -0.000000e+000  0.000000e+000  1.000000e+000
    outer loop
      vertex -8.385886e+000  2.494794e+001  4.400000e+000
      vertex -9.830135e+000  2.491826e+001  4.400000e+000
      vertex -8.432822e+000  2.491256e+001  4.400000e+000
    endloop
  endfacet
  facet normal  0.000000e+000  0.000000e+000  1.000000e+000
    outer loop
      vertex -8.709851e+000  2.474867e+001  4.400000e+000
      vertex -9.969460e+000  2.477021e+001  4.400000e+000
      vertex -8.811045e+000  2.469092e+001  4.400000e+000
    endloop
  endfacet
  facet normal  0.000000e+000  0.000000e+000  1.000000e+000
    outer loop
      vertex -8.811045e+000  2.469092e+001  4.400000e+000
      vertex -9.969460e+000  2.477021e+001  4.400000e+000
      vertex -1.006516e+001  2.467477e+001  4.400000e+000
    endloop
  endfacet
  facet normal  -0.000000e+000  0.000000e+000  1.000000e+000
    outer loop
      vertex -8.811045e+000  2.469092e+001  4.400000e+000
      vertex -1.006516e+001  2.467477e+001  4.400000e+000
      vertex -8.909677e+000  2.462879e+001  4.400000e+000
    endloop
  endfacet
  facet normal  0.000000e+000  0.000000e+000  9.999999e-001
    outer loop
      vertex -8.909677e+000  2.462879e+001  4.400000e+000
      vertex -1.006516e+001  2.467477e+001  4.400000e+000
      vertex -1.014648e+001  2.458968e+001  4.400000e+000
    endloop
  endfacet
  facet normal  -0.000000e+000  0.000000e+000  1.000000e+000
    outer loop
      vertex -8.909677e+000  2.462879e+001  4.400000e+000
      vertex -1.014648e+001  2.458968e+001  4.400000e+000
      vertex -9.004529e+000  2.456103e+001  4.400000e+000
    endloop
  endfacet
  facet normal  0.000000e+000  0.000000e+000  1.000000e+000
    outer loop
      vertex -9.004529e+000  2.456103e+001  4.400000e+000
      vertex -1.014648e+001  2.458968e+001  4.400000e+000
      vertex -9.064044e+000  2.451395e+001  4.400000e+000
    endloop
  endfacet
  facet normal  0.000000e+000  0.000000e+000  1.000000e+000
    outer loop
      vertex -9.064044e+000  2.451395e+001  4.400000e+000
      vertex -1.014648e+001  2.458968e+001  4.400000e+000
      vertex -1.022316e+001  2.450039e+001  4.400000e+000
    endloop
  endfacet
  facet normal  -0.000000e+000  0.000000e+000  1.000000e+000
    outer loop
      vertex -9.064044e+000  2.451395e+001  4.400000e+000
      vertex -1.022316e+001  2.450039e+001  4.400000e+000
      vertex -9.121753e+000  2.446454e+001  4.400000e+000
    endloop
  endfacet
  facet normal  0.000000e+000  0.000000e+000  1.000000e+000
    outer loop
      vertex -9.121753e+000  2.446454e+001  4.400000e+000
      vertex -1.022316e+001  2.450039e+001  4.400000e+000
      vertex -1.026914e+001  2.444092e+001  4.400000e+000
    endloop
  endfacet
  facet normal  -0.000000e+000  0.000000e+000  1.000000e+000
    outer loop
      vertex -9.121753e+000  2.446454e+001  4.400000e+000
      vertex -1.026914e+001  2.444092e+001  4.400000e+000
      vertex -9.177481e+000  2.441290e+001  4.400000e+000
    endloop
  endfacet
  facet normal  0.000000e+000  0.000000e+000  1.000000e+000
    outer loop
      vertex -9.177481e+000  2.441290e+001  4.400000e+000
      vertex -1.026914e+001  2.444092e+001  4.400000e+000
      vertex -1.031251e+001  2.437936e+001  4.400000e+000
    endloop
  endfacet
  facet normal  -0.000000e+000  0.000000e+000  1.000000e+000
    outer loop
      vertex -9.177481e+000  2.441290e+001  4.400000e+000
      vertex -1.031251e+001  2.437936e+001  4.400000e+000
      vertex -9.231051e+000  2.435915e+001  4.400000e+000
    endloop
  endfacet
  facet normal  0.000000e+000  0.000000e+000  1.000000e+000
    outer loop
      vertex -9.231051e+000  2.435915e+001  4.400000e+000
      vertex -1.031251e+001  2.437936e+001  4.400000e+000
      vertex -9.296278e+000  2.428742e+001  4.400000e+000
    endloop
  endfacet
  facet normal  0.000000e+000  0.000000e+000  1.000000e+000
    outer loop
      vertex -9.296278e+000  2.428742e+001  4.400000e+000
      vertex -1.031251e+001  2.437936e+001  4.400000e+000
      vertex -1.035285e+001  2.431577e+001  4.400000e+000
    endloop
  endfacet
  facet normal  0.000000e+000  0.000000e+000  1.000000e+000
    outer loop
      vertex -9.296278e+000  2.428742e+001  4.400000e+000
      vertex -1.035285e+001  2.431577e+001  4.400000e+000
      vertex -9.357668e+000  2.421236e+001  4.400000e+000
    endloop
  endfacet
  facet normal  0.000000e+000  0.000000e+000  1.000000e+000
    outer loop
      vertex -9.357668e+000  2.421236e+001  4.400000e+000
      vertex -1.035285e+001  2.431577e+001  4.400000e+000
      vertex -1.038966e+001  2.425025e+001  4.400000e+000
    endloop
  endfacet
  facet normal  0.000000e+000  0.000000e+000  1.000000e+000
    outer loop
      vertex -9.357668e+000  2.421236e+001  4.400000e+000
      vertex -1.038966e+001  2.425025e+001  4.400000e+000
      vertex -1.041777e+001  2.419329e+001  4.400000e+000
    endloop
  endfacet
  facet normal  -0.000000e+000  0.000000e+000  1.000000e+000
    outer loop
      vertex -9.357668e+000  2.421236e+001  4.400000e+000
      vertex -1.041777e+001  2.419329e+001  4.400000e+000
      vertex -9.414969e+000  2.413414e+001  4.400000e+000
    endloop
  endfacet
  facet normal  0.000000e+000  0.000000e+000  1.000000e+000
    outer loop
      vertex -9.414969e+000  2.413414e+001  4.400000e+000
      vertex -1.041777e+001  2.419329e+001  4.400000e+000
      vertex -1.044257e+001  2.413546e+001  4.400000e+000
    endloop
  endfacet
  facet normal  0.000000e+000  0.000000e+000  1.000000e+000
    outer loop
      vertex -9.414969e+000  2.413414e+001  4.400000e+000
      vertex -1.044257e+001  2.413546e+001  4.400000e+000
      vertex -9.467925e+000  2.405292e+001  4.400000e+000
    endloop
  endfacet
  facet normal  0.000000e+000  0.000000e+000  1.000000e+000
    outer loop
      vertex -9.467925e+000  2.405292e+001  4.400000e+000
      vertex -1.044257e+001  2.413546e+001  4.400000e+000
      vertex -1.046410e+001  2.407634e+001  4.400000e+000
    endloop
  endfacet
  facet normal  0.000000e+000  0.000000e+000  1.000000e+000
    outer loop
      vertex -9.467925e+000  2.405292e+001  4.400000e+000
      vertex -1.046410e+001  2.407634e+001  4.400000e+000
      vertex -9.516283e+000  2.396888e+001  4.400000e+000
    endloop
  endfacet
  facet normal  0.000000e+000  0.000000e+000  1.000000e+000
    outer loop
      vertex -9.516283e+000  2.396888e+001  4.400000e+000
      vertex -1.046410e+001  2.407634e+001  4.400000e+000
      vertex -1.048256e+001  2.401556e+001  4.400000e+000
    endloop
  endfacet
  facet normal  0.000000e+000  0.000000e+000  1.000000e+000
    outer loop
      vertex -9.516283e+000  2.396888e+001  4.400000e+000
      vertex -1.048256e+001  2.401556e+001  4.400000e+000
      vertex -9.559794e+000  2.388223e+001  4.400000e+000
    endloop
  endfacet
  facet normal  0.000000e+000  0.000000e+000  1.000000e+000
    outer loop
      vertex -9.559794e+000  2.388223e+001  4.400000e+000
      vertex -1.048256e+001  2.401556e+001  4.400000e+000
      vertex -1.050420e+001  2.392416e+001  4.400000e+000
    endloop
  endfacet
  facet normal  0.000000e+000  0.000000e+000  1.000000e+000
    outer loop
      vertex -9.559794e+000  2.388223e+001  4.400000e+000
      vertex -1.050420e+001  2.392416e+001  4.400000e+000
      vertex -9.595847e+000  2.379917e+001  4.400000e+000
    endloop
  endfacet
  facet normal  0.000000e+000  0.000000e+000  1.000000e+000
    outer loop
      vertex -9.595847e+000  2.379917e+001  4.400000e+000
      vertex -1.050420e+001  2.392416e+001  4.400000e+000
      vertex -1.051973e+001  2.383125e+001  4.400000e+000
    endloop
  endfacet
  facet normal  0.000000e+000  0.000000e+000  9.999999e-001
    outer loop
      vertex -9.595847e+000  2.379917e+001  4.400000e+000
      vertex -1.051973e+001  2.383125e+001  4.400000e+000
      vertex -9.627337e+000  2.371416e+001  4.400000e+000
    endloop
  endfacet
  facet normal  0.000000e+000  0.000000e+000  1.000000e+000
    outer loop
      vertex -9.627337e+000  2.371416e+001  4.400000e+000
      vertex -1.051973e+001  2.383125e+001  4.400000e+000
      vertex -1.052977e+001  2.373757e+001  4.400000e+000
    endloop
  endfacet
  facet normal  0.000000e+000  0.000000e+000  1.000000e+000
    outer loop
      vertex -9.627337e+000  2.371416e+001  4.400000e+000
      vertex -1.052977e+001  2.373757e+001  4.400000e+000
      vertex -9.654093e+000  2.362742e+001  4.400000e+000
    endloop
  endfacet
  facet normal  0.000000e+000  0.000000e+000  1.000000e+000
    outer loop
      vertex -9.654093e+000  2.362742e+001  4.400000e+000
      vertex -1.052977e+001  2.373757e+001  4.400000e+000
      vertex -1.053493e+001  2.364376e+001  4.400000e+000
    endloop
  endfacet
  facet normal  0.000000e+000  0.000000e+000  1.000000e+000
    outer loop
      vertex -9.654093e+000  2.362742e+001  4.400000e+000
      vertex -1.053493e+001  2.364376e+001  4.400000e+000
      vertex -9.675901e+000  2.353931e+001  4.400000e+000
    endloop
  endfacet
  facet normal  0.000000e+000  0.000000e+000  1.000000e+000
    outer loop
      vertex -9.675901e+000  2.353931e+001  4.400000e+000
      vertex -1.053493e+001  2.364376e+001  4.400000e+000
      vertex -1.053537e+001  2.352357e+001  4.400000e+000
    endloop
  endfacet
  facet normal  -0.000000e+000  0.000000e+000  1.000000e+000
    outer loop
      vertex -9.675901e+000  2.353931e+001  4.400000e+000
      vertex -1.053537e+001  2.352357e+001  4.400000e+000
      vertex -9.692514e+000  2.345018e+001  4.400000e+000
    endloop
  endfacet
  facet normal  0.000000e+000  0.000000e+000  1.000000e+000
    outer loop
      vertex -9.692514e+000  2.345018e+001  4.400000e+000
      vertex -1.053537e+001  2.352357e+001  4.400000e+000
      vertex -1.052992e+001  2.340349e+001  4.400000e+000
    endloop
  endfacet
  facet normal  -0.000000e+000  0.000000e+000  1.000000e+000
    outer loop
      vertex -9.692514e+000  2.345018e+001  4.400000e+000
      vertex -1.052992e+001  2.340349e+001  4.400000e+000
      vertex -9.703647e+000  2.336032e+001  4.400000e+000
    endloop
  endfacet
  facet normal  0.000000e+000  0.000000e+000  1.000000e+000
    outer loop
      vertex -9.703647e+000  2.336032e+001  4.400000e+000
      vertex -1.052992e+001  2.340349e+001  4.400000e+000
      vertex -9.708582e+000  2.328291e+001  4.400000e+000
    endloop
  endfacet
  facet normal  0.000000e+000  0.000000e+000  1.000000e+000
    outer loop
      vertex -9.708582e+000  2.328291e+001  4.400000e+000
      vertex -1.052992e+001  2.340349e+001  4.400000e+000
      vertex -1.051951e+001  2.328375e+001  4.400000e+000
    endloop
  endfacet
  facet normal  0.000000e+000  0.000000e+000  1.000000e+000
    outer loop
      vertex -9.708582e+000  2.328291e+001  4.400000e+000
      vertex -1.051951e+001  2.328375e+001  4.400000e+000
      vertex -9.709007e+000  2.320532e+001  4.400000e+000
    endloop
  endfacet
  facet normal  0.000000e+000  0.000000e+000  1.000000e+000
    outer loop
      vertex -9.709007e+000  2.320532e+001  4.400000e+000
      vertex -1.051951e+001  2.328375e+001  4.400000e+000
      vertex -1.050466e+001  2.316449e+001  4.400000e+000
    endloop
  endfacet
  facet normal  -0.000000e+000  0.000000e+000  9.999999e-001
    outer loop
      vertex -9.709007e+000  2.320532e+001  4.400000e+000
      vertex -1.050466e+001  2.316449e+001  4.400000e+000
      vertex -9.704652e+000  2.312784e+001  4.400000e+000
    endloop
  endfacet
  facet normal  0.000000e+000  0.000000e+000  1.000000e+000
    outer loop
      vertex -9.704652e+000  2.312784e+001  4.400000e+000
      vertex -1.050466e+001  2.316449e+001  4.400000e+000
      vertex -9.695237e+000  2.305081e+001  4.400000e+000
    endloop
  endfacet
  facet normal  0.000000e+000  0.000000e+000  1.000000e+000
    outer loop
      vertex -9.695237e+000  2.305081e+001  4.400000e+000
      vertex -1.050466e+001  2.316449e+001  4.400000e+000
      vertex -1.048126e+001  2.302385e+001  4.400000e+000
    endloop
  endfacet
  facet normal  -0.000000e+000  0.000000e+000  1.000000e+000
    outer loop
      vertex -9.695237e+000  2.305081e+001  4.400000e+000
      vertex -1.048126e+001  2.302385e+001  4.400000e+000
      vertex -9.680495e+000  2.297464e+001  4.400000e+000
    endloop
  endfacet
  facet normal  0.000000e+000  0.000000e+000  1.000000e+000
    outer loop
      vertex -9.680495e+000  2.297464e+001  4.400000e+000
      vertex -1.048126e+001  2.302385e+001  4.400000e+000
      vertex -1.045146e+001  2.288460e+001  4.400000e+000
    endloop
  endfacet
  facet normal  0.000000e+000  0.000000e+000  9.999999e-001
    outer loop
      vertex -9.680495e+000  2.297464e+001  4.400000e+000
      vertex -1.045146e+001  2.288460e+001  4.400000e+000
      vertex -9.660189e+000  2.289979e+001  4.400000e+000
    endloop
  endfacet
  facet normal  -0.000000e+000  0.000000e+000  1.000000e+000
    outer loop
      vertex -9.660189e+000  2.289979e+001  4.400000e+000
      vertex -1.045146e+001  2.288460e+001  4.400000e+000
      vertex -9.637571e+000  2.283537e+001  4.400000e+000
    endloop
  endfacet
  facet normal  0.000000e+000  0.000000e+000  1.000000e+000
    outer loop
      vertex -9.637571e+000  2.283537e+001  4.400000e+000
      vertex -1.045146e+001  2.288460e+001  4.400000e+000
      vertex -1.041514e+001  2.274710e+001  4.400000e+000
    endloop
  endfacet
  facet normal  0.000000e+000  0.000000e+000  9.999999e-001
    outer loop
      vertex -9.637571e+000  2.283537e+001  4.400000e+000
      vertex -1.041514e+001  2.274710e+001  4.400000e+000
      vertex -9.610596e+000  2.277245e+001  4.400000e+000
    endloop
  endfacet
  facet normal  -0.000000e+000  0.000000e+000  1.000000e+000
    outer loop
      vertex -9.610596e+000  2.277245e+001  4.400000e+000
      vertex -1.041514e+001  2.274710e+001  4.400000e+000
      vertex -9.579816e+000  2.271128e+001  4.400000e+000
    endloop
  endfacet
  facet normal  0.000000e+000  0.000000e+000  1.000000e+000
    outer loop
      vertex -9.579816e+000  2.271128e+001  4.400000e+000
      vertex -1.041514e+001  2.274710e+001  4.400000e+000
      vertex -1.037220e+001  2.261165e+001  4.400000e+000
    endloop
  endfacet
  facet normal  0.000000e+000  0.000000e+000  1.000000e+000
    outer loop
      vertex -9.579816e+000  2.271128e+001  4.400000e+000
      vertex -1.037220e+001  2.261165e+001  4.400000e+000
      vertex -9.545920e+000  2.265201e+001  4.400000e+000
    endloop
  endfacet
  facet normal  0.000000e+000  0.000000e+000  9.999999e-001
    outer loop
      vertex -1.032258e+001  2.247852e+001  4.400000e+000
      vertex -9.483441e+000  2.255606e+001  4.400000e+000
      vertex -1.037220e+001  2.261165e+001  4.400000e+000
    endloop
  endfacet
  facet normal  0.000000e+000  0.000000e+000  1.000000e+000
    outer loop
      vertex -1.037220e+001  2.261165e+001  4.400000e+000
      vertex -9.483441e+000  2.255606e+001  4.400000e+000
      vertex -9.515450e+000  2.260355e+001  4.400000e+000
    endloop
  endfacet
  facet normal  0.000000e+000  0.000000e+000  1.000000e+000
    outer loop
      vertex -1.037220e+001  2.261165e+001  4.400000e+000
      vertex -9.515450e+000  2.260355e+001  4.400000e+000
      vertex -9.545920e+000  2.265201e+001  4.400000e+000
    endloop
  endfacet
  facet normal  0.000000e+000  0.000000e+000  1.000000e+000
    outer loop
      vertex -9.416145e+000  2.246341e+001  4.400000e+000
      vertex -1.032258e+001  2.247852e+001  4.400000e+000
      vertex -9.346515e+000  2.237256e+001  4.400000e+000
    endloop
  endfacet
  facet normal  0.000000e+000  0.000000e+000  1.000000e+000
    outer loop
      vertex -9.346515e+000  2.237256e+001  4.400000e+000
      vertex -1.032258e+001  2.247852e+001  4.400000e+000
      vertex -1.026626e+001  2.234795e+001  4.400000e+000
    endloop
  endfacet
  facet normal  -0.000000e+000  0.000000e+000  1.000000e+000
    outer loop
      vertex -9.346515e+000  2.237256e+001  4.400000e+000
      vertex -1.026626e+001  2.234795e+001  4.400000e+000
      vertex -9.275398e+000  2.228286e+001  4.400000e+000
    endloop
  endfacet
  facet normal  0.000000e+000  0.000000e+000  1.000000e+000
    outer loop
      vertex -9.275398e+000  2.228286e+001  4.400000e+000
      vertex -1.026626e+001  2.234795e+001  4.400000e+000
      vertex -1.020332e+001  2.222022e+001  4.400000e+000
    endloop
  endfacet
  facet normal  0.000000e+000  0.000000e+000  1.000000e+000
    outer loop
      vertex -9.275398e+000  2.228286e+001  4.400000e+000
      vertex -1.020332e+001  2.222022e+001  4.400000e+000
      vertex -9.225394e+000  2.222408e+001  4.400000e+000
    endloop
  endfacet
  facet normal  -0.000000e+000  0.000000e+000  1.000000e+000
    outer loop
      vertex -9.225394e+000  2.222408e+001  4.400000e+000
      vertex -1.020332e+001  2.222022e+001  4.400000e+000
      vertex -9.172614e+000  2.216746e+001  4.400000e+000
    endloop
  endfacet
  facet normal  0.000000e+000  0.000000e+000  1.000000e+000
    outer loop
      vertex -9.172614e+000  2.216746e+001  4.400000e+000
      vertex -1.020332e+001  2.222022e+001  4.400000e+000
      vertex -1.013397e+001  2.209566e+001  4.400000e+000
    endloop
  endfacet
  facet normal  0.000000e+000  0.000000e+000  1.000000e+000
    outer loop
      vertex -9.172614e+000  2.216746e+001  4.400000e+000
      vertex -1.013397e+001  2.209566e+001  4.400000e+000
      vertex -9.116483e+000  2.211417e+001  4.400000e+000
    endloop
  endfacet
  facet normal  -0.000000e+000  0.000000e+000  1.000000e+000
    outer loop
      vertex -9.116483e+000  2.211417e+001  4.400000e+000
      vertex -1.013397e+001  2.209566e+001  4.400000e+000
      vertex -9.056580e+000  2.206553e+001  4.400000e+000
    endloop
  endfacet
  facet normal  0.000000e+000  0.000000e+000  1.000000e+000
    outer loop
      vertex -9.056580e+000  2.206553e+001  4.400000e+000
      vertex -1.013397e+001  2.209566e+001  4.400000e+000
      vertex -1.009090e+001  2.202497e+001  4.400000e+000
    endloop
  endfacet
  facet normal  0.000000e+000  0.000000e+000  9.999999e-001
    outer loop
      vertex -9.056580e+000  2.206553e+001  4.400000e+000
      vertex -1.009090e+001  2.202497e+001  4.400000e+000
      vertex -9.017407e+000  2.203831e+001  4.400000e+000
    endloop
  endfacet
  facet normal  -0.000000e+000  0.000000e+000  1.000000e+000
    outer loop
      vertex -6.961319e+000  3.067135e+001  4.400000e+000
      vertex -7.313753e+000  3.067095e+001  4.400000e+000
      vertex -6.843976e+000  3.066616e+001  4.400000e+000
    endloop
  endfacet
  facet normal  0.000000e+000  0.000000e+000  1.000000e+000
    outer loop
      vertex -6.843976e+000  3.066616e+001  4.400000e+000
      vertex -7.313753e+000  3.067095e+001  4.400000e+000
      vertex -7.548572e+000  3.066425e+001  4.400000e+000
    endloop
  endfacet
  facet normal  -0.000000e+000  0.000000e+000  1.000000e+000
    outer loop
      vertex -6.843976e+000  3.066616e+001  4.400000e+000
      vertex -7.548572e+000  3.066425e+001  4.400000e+000
      vertex -6.722377e+000  3.065667e+001  4.400000e+000
    endloop
  endfacet
  facet normal  0.000000e+000  0.000000e+000  1.000000e+000
    outer loop
      vertex -6.722377e+000  3.065667e+001  4.400000e+000
      vertex -7.548572e+000  3.066425e+001  4.400000e+000
      vertex -7.783306e+000  3.065504e+001  4.400000e+000
    endloop
  endfacet
  facet normal  -0.000000e+000  0.000000e+000  1.000000e+000
    outer loop
      vertex -6.722377e+000  3.065667e+001  4.400000e+000
      vertex -7.783306e+000  3.065504e+001  4.400000e+000
      vertex -6.601063e+000  3.064223e+001  4.400000e+000
    endloop
  endfacet
  facet normal  0.000000e+000  0.000000e+000  1.000000e+000
    outer loop
      vertex -6.601063e+000  3.064223e+001  4.400000e+000
      vertex -7.783306e+000  3.065504e+001  4.400000e+000
      vertex -7.961051e+000  3.064570e+001  4.400000e+000
    endloop
  endfacet
  facet normal  0.000000e+000  0.000000e+000  1.000000e+000
    outer loop
      vertex -6.601063e+000  3.064223e+001  4.400000e+000
      vertex -7.961051e+000  3.064570e+001  4.400000e+000
      vertex -6.480557e+000  3.062215e+001  4.400000e+000
    endloop
  endfacet
  facet normal  0.000000e+000  0.000000e+000  1.000000e+000
    outer loop
      vertex -6.480557e+000  3.062215e+001  4.400000e+000
      vertex -7.961051e+000  3.064570e+001  4.400000e+000
      vertex -8.138682e+000  3.063371e+001  4.400000e+000
    endloop
  endfacet
  facet normal  0.000000e+000  0.000000e+000  1.000000e+000
    outer loop
      vertex -6.480557e+000  3.062215e+001  4.400000e+000
      vertex -8.138682e+000  3.063371e+001  4.400000e+000
      vertex -8.316068e+000  3.061854e+001  4.400000e+000
    endloop
  endfacet
  facet normal  -0.000000e+000  0.000000e+000  1.000000e+000
    outer loop
      vertex -6.480557e+000  3.062215e+001  4.400000e+000
      vertex -8.316068e+000  3.061854e+001  4.400000e+000
      vertex -6.361454e+000  3.059590e+001  4.400000e+000
    endloop
  endfacet
  facet normal  0.000000e+000  0.000000e+000  1.000000e+000
    outer loop
      vertex -6.361454e+000  3.059590e+001  4.400000e+000
      vertex -8.316068e+000  3.061854e+001  4.400000e+000
      vertex -8.493050e+000  3.059965e+001  4.400000e+000
    endloop
  endfacet
  facet normal  0.000000e+000  0.000000e+000  1.000000e+000
    outer loop
      vertex -6.361454e+000  3.059590e+001  4.400000e+000
      vertex -8.493050e+000  3.059965e+001  4.400000e+000
      vertex -6.281144e+000  3.057420e+001  4.400000e+000
    endloop
  endfacet
  facet normal  0.000000e+000  0.000000e+000  1.000000e+000
    outer loop
      vertex -6.281144e+000  3.057420e+001  4.400000e+000
      vertex -8.493050e+000  3.059965e+001  4.400000e+000
      vertex -8.611389e+000  3.058465e+001  4.400000e+000
    endloop
  endfacet
  facet normal  0.000000e+000  0.000000e+000  1.000000e+000
    outer loop
      vertex -6.281144e+000  3.057420e+001  4.400000e+000
      vertex -8.611389e+000  3.058465e+001  4.400000e+000
      vertex -8.729432e+000  3.056750e+001  4.400000e+000
    endloop
  endfacet
  facet normal  -0.000000e+000  0.000000e+000  9.999999e-001
    outer loop
      vertex -6.281144e+000  3.057420e+001  4.400000e+000
      vertex -8.729432e+000  3.056750e+001  4.400000e+000
      vertex -6.202344e+000  3.054913e+001  4.400000e+000
    endloop
  endfacet
  facet normal  0.000000e+000  0.000000e+000  1.000000e+000
    outer loop
      vertex -6.202344e+000  3.054913e+001  4.400000e+000
      vertex -8.729432e+000  3.056750e+001  4.400000e+000
      vertex -8.847036e+000  3.054750e+001  4.400000e+000
    endloop
  endfacet
  facet normal  -0.000000e+000  0.000000e+000  1.000000e+000
    outer loop
      vertex -6.202344e+000  3.054913e+001  4.400000e+000
      vertex -8.847036e+000  3.054750e+001  4.400000e+000
      vertex -6.125042e+000  3.051978e+001  4.400000e+000
    endloop
  endfacet
  facet normal  0.000000e+000  0.000000e+000  1.000000e+000
    outer loop
      vertex -6.125042e+000  3.051978e+001  4.400000e+000
      vertex -8.847036e+000  3.054750e+001  4.400000e+000
      vertex -8.963940e+000  3.052377e+001  4.400000e+000
    endloop
  endfacet
  facet normal  0.000000e+000  0.000000e+000  1.000000e+000
    outer loop
      vertex -6.125042e+000  3.051978e+001  4.400000e+000
      vertex -8.963940e+000  3.052377e+001  4.400000e+000
      vertex -6.049530e+000  3.048493e+001  4.400000e+000
    endloop
  endfacet
  facet normal  0.000000e+000  0.000000e+000  1.000000e+000
    outer loop
      vertex -6.049530e+000  3.048493e+001  4.400000e+000
      vertex -8.963940e+000  3.052377e+001  4.400000e+000
      vertex -9.056212e+000  3.050160e+001  4.400000e+000
    endloop
  endfacet
  facet normal  0.000000e+000  0.000000e+000  1.000000e+000
    outer loop
      vertex -6.049530e+000  3.048493e+001  4.400000e+000
      vertex -9.056212e+000  3.050160e+001  4.400000e+000
      vertex -9.147721e+000  3.047596e+001  4.400000e+000
    endloop
  endfacet
  facet normal  -0.000000e+000  0.000000e+000  1.000000e+000
    outer loop
      vertex -6.049530e+000  3.048493e+001  4.400000e+000
      vertex -9.147721e+000  3.047596e+001  4.400000e+000
      vertex -5.999343e+000  3.045710e+001  4.400000e+000
    endloop
  endfacet
  facet normal  0.000000e+000  0.000000e+000  1.000000e+000
    outer loop
      vertex -5.999343e+000  3.045710e+001  4.400000e+000
      vertex -9.147721e+000  3.047596e+001  4.400000e+000
      vertex -9.238031e+000  3.044638e+001  4.400000e+000
    endloop
  endfacet
  facet normal  -0.000000e+000  0.000000e+000  1.000000e+000
    outer loop
      vertex -5.999343e+000  3.045710e+001  4.400000e+000
      vertex -9.238031e+000  3.044638e+001  4.400000e+000
      vertex -5.951070e+000  3.042537e+001  4.400000e+000
    endloop
  endfacet
  facet normal  0.000000e+000  0.000000e+000  1.000000e+000
    outer loop
      vertex -5.951070e+000  3.042537e+001  4.400000e+000
      vertex -9.238031e+000  3.044638e+001  4.400000e+000
      vertex -9.326639e+000  3.041244e+001  4.400000e+000
    endloop
  endfacet
  facet normal  -0.000000e+000  0.000000e+000  1.000000e+000
    outer loop
      vertex -5.951070e+000  3.042537e+001  4.400000e+000
      vertex -9.326639e+000  3.041244e+001  4.400000e+000
      vertex -5.905924e+000  3.038936e+001  4.400000e+000
    endloop
  endfacet
  facet normal  0.000000e+000  0.000000e+000  1.000000e+000
    outer loop
      vertex -5.905924e+000  3.038936e+001  4.400000e+000
      vertex -9.326639e+000  3.041244e+001  4.400000e+000
      vertex -9.392783e+000  3.038338e+001  4.400000e+000
    endloop
  endfacet
  facet normal  -0.000000e+000  0.000000e+000  1.000000e+000
    outer loop
      vertex -5.905924e+000  3.038936e+001  4.400000e+000
      vertex -9.392783e+000  3.038338e+001  4.400000e+000
      vertex -5.865454e+000  3.034876e+001  4.400000e+000
    endloop
  endfacet
  facet normal  0.000000e+000  0.000000e+000  9.999999e-001
    outer loop
      vertex -5.865454e+000  3.034876e+001  4.400000e+000
      vertex -9.392783e+000  3.038338e+001  4.400000e+000
      vertex -9.458081e+000  3.035131e+001  4.400000e+000
    endloop
  endfacet
  facet normal  0.000000e+000  0.000000e+000  1.000000e+000
    outer loop
      vertex -5.865454e+000  3.034876e+001  4.400000e+000
      vertex -9.458081e+000  3.035131e+001  4.400000e+000
      vertex -5.837655e+000  3.031318e+001  4.400000e+000
    endloop
  endfacet
  facet normal  0.000000e+000  0.000000e+000  9.999999e-001
    outer loop
      vertex -5.837655e+000  3.031318e+001  4.400000e+000
      vertex -9.458081e+000  3.035131e+001  4.400000e+000
      vertex -9.521993e+000  3.031654e+001  4.400000e+000
    endloop
  endfacet
  facet normal  0.000000e+000  0.000000e+000  1.000000e+000
    outer loop
      vertex -5.837655e+000  3.031318e+001  4.400000e+000
      vertex -9.521993e+000  3.031654e+001  4.400000e+000
      vertex -5.813699e+000  3.027452e+001  4.400000e+000
    endloop
  endfacet
  facet normal  0.000000e+000  0.000000e+000  1.000000e+000
    outer loop
      vertex -5.813699e+000  3.027452e+001  4.400000e+000
      vertex -9.521993e+000  3.031654e+001  4.400000e+000
      vertex -9.584005e+000  3.027947e+001  4.400000e+000
    endloop
  endfacet
  facet normal  0.000000e+000  0.000000e+000  1.000000e+000
    outer loop
      vertex -5.813699e+000  3.027452e+001  4.400000e+000
      vertex -9.584005e+000  3.027947e+001  4.400000e+000
      vertex -5.793566e+000  3.023370e+001  4.400000e+000
    endloop
  endfacet
  facet normal  0.000000e+000  0.000000e+000  1.000000e+000
    outer loop
      vertex -5.793566e+000  3.023370e+001  4.400000e+000
      vertex -9.584005e+000  3.027947e+001  4.400000e+000
      vertex -9.667993e+000  3.022368e+001  4.400000e+000
    endloop
  endfacet
  facet normal  -0.000000e+000  0.000000e+000  1.000000e+000
    outer loop
      vertex -5.793566e+000  3.023370e+001  4.400000e+000
      vertex -9.667993e+000  3.022368e+001  4.400000e+000
      vertex -5.777001e+000  3.019164e+001  4.400000e+000
    endloop
  endfacet
  facet normal  0.000000e+000  0.000000e+000  1.000000e+000
    outer loop
      vertex -5.777001e+000  3.019164e+001  4.400000e+000
      vertex -9.667993e+000  3.022368e+001  4.400000e+000
      vertex -9.748948e+000  3.016337e+001  4.400000e+000
    endloop
  endfacet
  facet normal  -0.000000e+000  0.000000e+000  9.999999e-001
    outer loop
      vertex -5.777001e+000  3.019164e+001  4.400000e+000
      vertex -9.748948e+000  3.016337e+001  4.400000e+000
      vertex -5.760321e+000  3.013643e+001  4.400000e+000
    endloop
  endfacet
  facet normal  0.000000e+000  0.000000e+000  9.999999e-001
    outer loop
      vertex -5.760321e+000  3.013643e+001  4.400000e+000
      vertex -9.748948e+000  3.016337e+001  4.400000e+000
      vertex -5.748032e+000  3.007984e+001  4.400000e+000
    endloop
  endfacet
  facet normal  0.000000e+000  0.000000e+000  1.000000e+000
    outer loop
      vertex -5.748032e+000  3.007984e+001  4.400000e+000
      vertex -9.748948e+000  3.016337e+001  4.400000e+000
      vertex -9.826678e+000  3.009879e+001  4.400000e+000
    endloop
  endfacet
  facet normal  0.000000e+000  0.000000e+000  1.000000e+000
    outer loop
      vertex -5.748032e+000  3.007984e+001  4.400000e+000
      vertex -9.826678e+000  3.009879e+001  4.400000e+000
      vertex -5.739664e+000  3.002253e+001  4.400000e+000
    endloop
  endfacet
  facet normal  0.000000e+000  0.000000e+000  1.000000e+000
    outer loop
      vertex -5.739664e+000  3.002253e+001  4.400000e+000
      vertex -9.826678e+000  3.009879e+001  4.400000e+000
      vertex -9.900926e+000  3.003024e+001  4.400000e+000
    endloop
  endfacet
  facet normal  0.000000e+000  0.000000e+000  1.000000e+000
    outer loop
      vertex -5.739664e+000  3.002253e+001  4.400000e+000
      vertex -9.900926e+000  3.003024e+001  4.400000e+000
      vertex -5.734836e+000  2.996503e+001  4.400000e+000
    endloop
  endfacet
  facet normal  0.000000e+000  0.000000e+000  1.000000e+000
    outer loop
      vertex -5.734836e+000  2.996503e+001  4.400000e+000
      vertex -9.900926e+000  3.003024e+001  4.400000e+000
      vertex -9.971441e+000  2.995800e+001  4.400000e+000
    endloop
  endfacet
  facet normal  -0.000000e+000  0.000000e+000  1.000000e+000
    outer loop
      vertex -5.734836e+000  2.996503e+001  4.400000e+000
      vertex -9.971441e+000  2.995800e+001  4.400000e+000
      vertex -5.733200e+000  2.989705e+001  4.400000e+000
    endloop
  endfacet
  facet normal  0.000000e+000  0.000000e+000  1.000000e+000
    outer loop
      vertex -5.733200e+000  2.989705e+001  4.400000e+000
      vertex -9.971441e+000  2.995800e+001  4.400000e+000
      vertex -1.003805e+001  2.988231e+001  4.400000e+000
    endloop
  endfacet
  facet normal  -0.000000e+000  0.000000e+000  1.000000e+000
    outer loop
      vertex -5.733200e+000  2.989705e+001  4.400000e+000
      vertex -1.003805e+001  2.988231e+001  4.400000e+000
      vertex -5.735795e+000  2.982908e+001  4.400000e+000
    endloop
  endfacet
  facet normal  0.000000e+000  0.000000e+000  1.000000e+000
    outer loop
      vertex -5.735795e+000  2.982908e+001  4.400000e+000
      vertex -1.003805e+001  2.988231e+001  4.400000e+000
      vertex -1.010322e+001  2.980002e+001  4.400000e+000
    endloop
  endfacet
  facet normal  -0.000000e+000  0.000000e+000  1.000000e+000
    outer loop
      vertex -5.735795e+000  2.982908e+001  4.400000e+000
      vertex -1.010322e+001  2.980002e+001  4.400000e+000
      vertex -5.743191e+000  2.976145e+001  4.400000e+000
    endloop
  endfacet
  facet normal  0.000000e+000  0.000000e+000  1.000000e+000
    outer loop
      vertex -5.743191e+000  2.976145e+001  4.400000e+000
      vertex -1.010322e+001  2.980002e+001  4.400000e+000
      vertex -1.016402e+001  2.971445e+001  4.400000e+000
    endloop
  endfacet
  facet normal  -0.000000e+000  0.000000e+000  1.000000e+000
    outer loop
      vertex -5.743191e+000  2.976145e+001  4.400000e+000
      vertex -1.016402e+001  2.971445e+001  4.400000e+000
      vertex -5.756389e+000  2.969472e+001  4.400000e+000
    endloop
  endfacet
  facet normal  0.000000e+000  0.000000e+000  1.000000e+000
    outer loop
      vertex -5.861640e+000  2.950428e+001  4.400000e+000
      vertex -8.040253e+000  2.951196e+001  4.400000e+000
      vertex -5.891206e+000  2.948141e+001  4.400000e+000
    endloop
  endfacet
  facet normal  0.000000e+000  0.000000e+000  1.000000e+000
    outer loop
      vertex -5.891206e+000  2.948141e+001  4.400000e+000
      vertex -8.040253e+000  2.951196e+001  4.400000e+000
      vertex -7.832187e+000  2.947156e+001  4.400000e+000
    endloop
  endfacet
  facet normal  -0.000000e+000  0.000000e+000  1.000000e+000
    outer loop
      vertex -5.891206e+000  2.948141e+001  4.400000e+000
      vertex -7.832187e+000  2.947156e+001  4.400000e+000
      vertex -5.922773e+000  2.946111e+001  4.400000e+000
    endloop
  endfacet
  facet normal  0.000000e+000  0.000000e+000  1.000000e+000
    outer loop
      vertex -5.922773e+000  2.946111e+001  4.400000e+000
      vertex -7.832187e+000  2.947156e+001  4.400000e+000
      vertex -7.730434e+000  2.945267e+001  4.400000e+000
    endloop
  endfacet
  facet normal  -0.000000e+000  0.000000e+000  1.000000e+000
    outer loop
      vertex -5.922773e+000  2.946111e+001  4.400000e+000
      vertex -7.730434e+000  2.945267e+001  4.400000e+000
      vertex -5.955580e+000  2.944287e+001  4.400000e+000
    endloop
  endfacet
  facet normal  0.000000e+000  0.000000e+000  9.999999e-001
    outer loop
      vertex -5.955580e+000  2.944287e+001  4.400000e+000
      vertex -7.730434e+000  2.945267e+001  4.400000e+000
      vertex -7.628336e+000  2.943579e+001  4.400000e+000
    endloop
  endfacet
  facet normal  -0.000000e+000  0.000000e+000  1.000000e+000
    outer loop
      vertex -5.955580e+000  2.944287e+001  4.400000e+000
      vertex -7.628336e+000  2.943579e+001  4.400000e+000
      vertex -5.989129e+000  2.942631e+001  4.400000e+000
    endloop
  endfacet
  facet normal  0.000000e+000  0.000000e+000  1.000000e+000
    outer loop
      vertex -5.989129e+000  2.942631e+001  4.400000e+000
      vertex -7.628336e+000  2.943579e+001  4.400000e+000
      vertex -7.525902e+000  2.942109e+001  4.400000e+000
    endloop
  endfacet
  facet normal  -0.000000e+000  0.000000e+000  1.000000e+000
    outer loop
      vertex -5.989129e+000  2.942631e+001  4.400000e+000
      vertex -7.525902e+000  2.942109e+001  4.400000e+000
      vertex -6.037100e+000  2.940516e+001  4.400000e+000
    endloop
  endfacet
  facet normal  0.000000e+000  0.000000e+000  9.999999e-001
    outer loop
      vertex -6.037100e+000  2.940516e+001  4.400000e+000
      vertex -7.525902e+000  2.942109e+001  4.400000e+000
      vertex -7.423195e+000  2.940845e+001  4.400000e+000
    endloop
  endfacet
  facet normal  0.000000e+000  0.000000e+000  9.999999e-001
    outer loop
      vertex -6.037100e+000  2.940516e+001  4.400000e+000
      vertex -7.423195e+000  2.940845e+001  4.400000e+000
      vertex -6.085789e+000  2.938571e+001  4.400000e+000
    endloop
  endfacet
  facet normal  0.000000e+000  0.000000e+000  1.000000e+000
    outer loop
      vertex -6.085789e+000  2.938571e+001  4.400000e+000
      vertex -7.423195e+000  2.940845e+001  4.400000e+000
      vertex -7.222109e+000  2.938916e+001  4.400000e+000
    endloop
  endfacet
  facet normal  0.000000e+000  0.000000e+000  1.000000e+000
    outer loop
      vertex -6.085789e+000  2.938571e+001  4.400000e+000
      vertex -7.222109e+000  2.938916e+001  4.400000e+000
      vertex -6.135077e+000  2.936782e+001  4.400000e+000
    endloop
  endfacet
  facet normal  0.000000e+000  0.000000e+000  1.000000e+000
    outer loop
      vertex -6.135077e+000  2.936782e+001  4.400000e+000
      vertex -7.222109e+000  2.938916e+001  4.400000e+000
      vertex -7.020545e+000  2.937576e+001  4.400000e+000
    endloop
  endfacet
  facet normal  0.000000e+000  0.000000e+000  9.999999e-001
    outer loop
      vertex -6.135077e+000  2.936782e+001  4.400000e+000
      vertex -7.020545e+000  2.937576e+001  4.400000e+000
      vertex -6.818774e+000  2.936649e+001  4.400000e+000
    endloop
  endfacet
  facet normal  -0.000000e+000  0.000000e+000  1.000000e+000
    outer loop
      vertex -6.135077e+000  2.936782e+001  4.400000e+000
      vertex -6.818774e+000  2.936649e+001  4.400000e+000
      vertex -6.185102e+000  2.935214e+001  4.400000e+000
    endloop
  endfacet
  facet normal  0.000000e+000  0.000000e+000  1.000000e+000
    outer loop
      vertex -6.185102e+000  2.935214e+001  4.400000e+000
      vertex -6.818774e+000  2.936649e+001  4.400000e+000
      vertex -6.616920e+000  2.935916e+001  4.400000e+000
    endloop
  endfacet
  facet normal  0.000000e+000  0.000000e+000  1.000000e+000
    outer loop
      vertex -6.185102e+000  2.935214e+001  4.400000e+000
      vertex -6.616920e+000  2.935916e+001  4.400000e+000
      vertex -6.239277e+000  2.933887e+001  4.400000e+000
    endloop
  endfacet
  facet normal  0.000000e+000  0.000000e+000  1.000000e+000
    outer loop
      vertex -6.239277e+000  2.933887e+001  4.400000e+000
      vertex -6.616920e+000  2.935916e+001  4.400000e+000
      vertex -6.511649e+000  2.934248e+001  4.400000e+000
    endloop
  endfacet
  facet normal  0.000000e+000  0.000000e+000  1.000000e+000
    outer loop
      vertex -6.239277e+000  2.933887e+001  4.400000e+000
      vertex -6.511649e+000  2.934248e+001  4.400000e+000
      vertex -6.294392e+000  2.933045e+001  4.400000e+000
    endloop
  endfacet
  facet normal  0.000000e+000  0.000000e+000  1.000000e+000
    outer loop
      vertex -6.294392e+000  2.933045e+001  4.400000e+000
      vertex -6.511649e+000  2.934248e+001  4.400000e+000
      vertex -6.440137e+000  2.933327e+001  4.400000e+000
    endloop
  endfacet
  facet normal  0.000000e+000  0.000000e+000  1.000000e+000
    outer loop
      vertex -6.294392e+000  2.933045e+001  4.400000e+000
      vertex -6.440137e+000  2.933327e+001  4.400000e+000
      vertex -6.405817e+000  2.933019e+001  4.400000e+000
    endloop
  endfacet
  facet normal  9.997972e-001 -2.013892e-002  0.000000e+000
    outer loop
      vertex  1.642662e+001  2.796890e+001  3.600000e+000
      vertex  1.642662e+001  2.796890e+001  4.400000e+000
      vertex  1.642262e+001  2.777043e+001  3.600000e+000
    endloop
  endfacet
  facet normal  9.997972e-001 -2.013892e-002  0.000000e+000
    outer loop
      vertex  1.642262e+001  2.777043e+001  3.600000e+000
      vertex  1.642662e+001  2.796890e+001  4.400000e+000
      vertex  1.642262e+001  2.777043e+001  4.400000e+000
    endloop
  endfacet
  facet normal  9.981755e-001 -6.037902e-002  0.000000e+000
    outer loop
      vertex  1.642262e+001  2.777043e+001  3.600000e+000
      vertex  1.642262e+001  2.777043e+001  4.400000e+000
      vertex  1.641064e+001  2.757229e+001  3.600000e+000
    endloop
  endfacet
  facet normal  9.981755e-001 -6.037902e-002  0.000000e+000
    outer loop
      vertex  1.641064e+001  2.757229e+001  3.600000e+000
      vertex  1.642262e+001  2.777043e+001  4.400000e+000
      vertex  1.641064e+001  2.757229e+001  4.400000e+000
    endloop
  endfacet
  facet normal  9.949349e-001 -1.005216e-001  0.000000e+000
    outer loop
      vertex  1.641064e+001  2.757229e+001  3.600000e+000
      vertex  1.641064e+001  2.757229e+001  4.400000e+000
      vertex  1.639068e+001  2.737478e+001  3.600000e+000
    endloop
  endfacet
  facet normal  9.949349e-001 -1.005216e-001  0.000000e+000
    outer loop
      vertex  1.639068e+001  2.737478e+001  3.600000e+000
      vertex  1.641064e+001  2.757229e+001  4.400000e+000
      vertex  1.639068e+001  2.737478e+001  4.400000e+000
    endloop
  endfacet
  facet normal  9.900804e-001 -1.405026e-001  0.000000e+000
    outer loop
      vertex  1.639068e+001  2.737478e+001  3.600000e+000
      vertex  1.639068e+001  2.737478e+001  4.400000e+000
      vertex  1.636279e+001  2.717824e+001  3.600000e+000
    endloop
  endfacet
  facet normal  9.900804e-001 -1.405026e-001  0.000000e+000
    outer loop
      vertex  1.636279e+001  2.717824e+001  3.600000e+000
      vertex  1.639068e+001  2.737478e+001  4.400000e+000
      vertex  1.636279e+001  2.717824e+001  4.400000e+000
    endloop
  endfacet
  facet normal  9.836205e-001 -1.802516e-001  0.000000e+000
    outer loop
      vertex  1.636279e+001  2.717824e+001  3.600000e+000
      vertex  1.636279e+001  2.717824e+001  4.400000e+000
      vertex  1.632701e+001  2.698298e+001  3.600000e+000
    endloop
  endfacet
  facet normal  9.836205e-001 -1.802516e-001  0.000000e+000
    outer loop
      vertex  1.632701e+001  2.698298e+001  3.600000e+000
      vertex  1.636279e+001  2.717824e+001  4.400000e+000
      vertex  1.632701e+001  2.698298e+001  4.400000e+000
    endloop
  endfacet
  facet normal  9.755643e-001 -2.197141e-001  0.000000e+000
    outer loop
      vertex  1.632701e+001  2.698298e+001  3.600000e+000
      vertex  1.632701e+001  2.698298e+001  4.400000e+000
      vertex  1.628340e+001  2.678932e+001  3.600000e+000
    endloop
  endfacet
  facet normal  9.755643e-001 -2.197141e-001  0.000000e+000
    outer loop
      vertex  1.628340e+001  2.678932e+001  3.600000e+000
      vertex  1.632701e+001  2.698298e+001  4.400000e+000
      vertex  1.628340e+001  2.678932e+001  4.400000e+000
    endloop
  endfacet
  facet normal  9.659263e-001 -2.588173e-001  0.000000e+000
    outer loop
      vertex  1.628340e+001  2.678932e+001  3.600000e+000
      vertex  1.628340e+001  2.678932e+001  4.400000e+000
      vertex  1.623202e+001  2.659757e+001  3.600000e+000
    endloop
  endfacet
  facet normal  9.659263e-001 -2.588173e-001  0.000000e+000
    outer loop
      vertex  1.623202e+001  2.659757e+001  3.600000e+000
      vertex  1.628340e+001  2.678932e+001  4.400000e+000
      vertex  1.623202e+001  2.659757e+001  4.400000e+000
    endloop
  endfacet
  facet normal  9.547184e-001 -2.975112e-001  0.000000e+000
    outer loop
      vertex  1.623202e+001  2.659757e+001  3.600000e+000
      vertex  1.623202e+001  2.659757e+001  4.400000e+000
      vertex  1.617296e+001  2.640805e+001  3.600000e+000
    endloop
  endfacet
  facet normal  9.547184e-001 -2.975112e-001  0.000000e+000
    outer loop
      vertex  1.617296e+001  2.640805e+001  3.600000e+000
      vertex  1.623202e+001  2.659757e+001  4.400000e+000
      vertex  1.617296e+001  2.640805e+001  4.400000e+000
    endloop
  endfacet
  facet normal  9.419665e-001 -3.357069e-001  0.000000e+000
    outer loop
      vertex  1.617296e+001  2.640805e+001  3.600000e+000
      vertex  1.617296e+001  2.640805e+001  4.400000e+000
      vertex  1.610632e+001  2.622106e+001  3.600000e+000
    endloop
  endfacet
  facet normal  9.419665e-001 -3.357069e-001  0.000000e+000
    outer loop
      vertex  1.610632e+001  2.622106e+001  3.600000e+000
      vertex  1.617296e+001  2.640805e+001  4.400000e+000
      vertex  1.610632e+001  2.622106e+001  4.400000e+000
    endloop
  endfacet
  facet normal  9.276874e-001 -3.733579e-001  0.000000e+000
    outer loop
      vertex  1.610632e+001  2.622106e+001  3.600000e+000
      vertex  1.610632e+001  2.622106e+001  4.400000e+000
      vertex  1.603220e+001  2.603691e+001  3.600000e+000
    endloop
  endfacet
  facet normal  9.276874e-001 -3.733579e-001  0.000000e+000
    outer loop
      vertex  1.603220e+001  2.603691e+001  3.600000e+000
      vertex  1.610632e+001  2.622106e+001  4.400000e+000
      vertex  1.603220e+001  2.603691e+001  4.400000e+000
    endloop
  endfacet
  facet normal  9.119005e-001 -4.104114e-001  0.000000e+000
    outer loop
      vertex  1.603220e+001  2.603691e+001  3.600000e+000
      vertex  1.603220e+001  2.603691e+001  4.400000e+000
      vertex  1.595073e+001  2.585589e+001  3.600000e+000
    endloop
  endfacet
  facet normal  9.119005e-001 -4.104114e-001  0.000000e+000
    outer loop
      vertex  1.595073e+001  2.585589e+001  3.600000e+000
      vertex  1.603220e+001  2.603691e+001  4.400000e+000
      vertex  1.595073e+001  2.585589e+001  4.400000e+000
    endloop
  endfacet
  facet normal  8.946347e-001 -4.467984e-001  0.000000e+000
    outer loop
      vertex  1.595073e+001  2.585589e+001  3.600000e+000
      vertex  1.595073e+001  2.585589e+001  4.400000e+000
      vertex  1.586204e+001  2.567829e+001  3.600000e+000
    endloop
  endfacet
  facet normal  8.946347e-001 -4.467984e-001  0.000000e+000
    outer loop
      vertex  1.586204e+001  2.567829e+001  3.600000e+000
      vertex  1.595073e+001  2.585589e+001  4.400000e+000
      vertex  1.586204e+001  2.567829e+001  4.400000e+000
    endloop
  endfacet
  facet normal  8.759179e-001 -4.824601e-001  0.000000e+000
    outer loop
      vertex  1.586204e+001  2.567829e+001  3.600000e+000
      vertex  1.586204e+001  2.567829e+001  4.400000e+000
      vertex  1.576626e+001  2.550441e+001  3.600000e+000
    endloop
  endfacet
  facet normal  8.759179e-001 -4.824601e-001  0.000000e+000
    outer loop
      vertex  1.576626e+001  2.550441e+001  3.600000e+000
      vertex  1.586204e+001  2.567829e+001  4.400000e+000
      vertex  1.576626e+001  2.550441e+001  4.400000e+000
    endloop
  endfacet
  facet normal  8.557808e-001 -5.173387e-001  0.000000e+000
    outer loop
      vertex  1.576626e+001  2.550441e+001  3.600000e+000
      vertex  1.576626e+001  2.550441e+001  4.400000e+000
      vertex  1.566357e+001  2.533453e+001  3.600000e+000
    endloop
  endfacet
  facet normal  8.557808e-001 -5.173387e-001  0.000000e+000
    outer loop
      vertex  1.566357e+001  2.533453e+001  3.600000e+000
      vertex  1.576626e+001  2.550441e+001  4.400000e+000
      vertex  1.566357e+001  2.533453e+001  4.400000e+000
    endloop
  endfacet
  facet normal  8.342573e-001 -5.513754e-001  0.000000e+000
    outer loop
      vertex  1.566357e+001  2.533453e+001  3.600000e+000
      vertex  1.566357e+001  2.533453e+001  4.400000e+000
      vertex  1.555411e+001  2.516892e+001  3.600000e+000
    endloop
  endfacet
  facet normal  8.342573e-001 -5.513754e-001  0.000000e+000
    outer loop
      vertex  1.555411e+001  2.516892e+001  3.600000e+000
      vertex  1.566357e+001  2.533453e+001  4.400000e+000
      vertex  1.555411e+001  2.516892e+001  4.400000e+000
    endloop
  endfacet
  facet normal  8.113767e-001 -5.845237e-001  0.000000e+000
    outer loop
      vertex  1.555411e+001  2.516892e+001  3.600000e+000
      vertex  1.555411e+001  2.516892e+001  4.400000e+000
      vertex  1.543808e+001  2.500786e+001  3.600000e+000
    endloop
  endfacet
  facet normal  8.113767e-001 -5.845237e-001  0.000000e+000
    outer loop
      vertex  1.543808e+001  2.500786e+001  3.600000e+000
      vertex  1.555411e+001  2.516892e+001  4.400000e+000
      vertex  1.543808e+001  2.500786e+001  4.400000e+000
    endloop
  endfacet
  facet normal  7.871821e-001 -6.167206e-001  0.000000e+000
    outer loop
      vertex  1.543808e+001  2.500786e+001  3.600000e+000
      vertex  1.543808e+001  2.500786e+001  4.400000e+000
      vertex  1.531565e+001  2.485159e+001  3.600000e+000
    endloop
  endfacet
  facet normal  7.871821e-001 -6.167206e-001  0.000000e+000
    outer loop
      vertex  1.531565e+001  2.485159e+001  3.600000e+000
      vertex  1.543808e+001  2.500786e+001  4.400000e+000
      vertex  1.531565e+001  2.485159e+001  4.400000e+000
    endloop
  endfacet
  facet normal  7.617161e-001 -6.479108e-001  0.000000e+000
    outer loop
      vertex  1.531565e+001  2.485159e+001  3.600000e+000
      vertex  1.531565e+001  2.485159e+001  4.400000e+000
      vertex  1.518704e+001  2.470038e+001  3.600000e+000
    endloop
  endfacet
  facet normal  7.617161e-001 -6.479108e-001  0.000000e+000
    outer loop
      vertex  1.518704e+001  2.470038e+001  3.600000e+000
      vertex  1.531565e+001  2.485159e+001  4.400000e+000
      vertex  1.518704e+001  2.470038e+001  4.400000e+000
    endloop
  endfacet
  facet normal  7.350051e-001 -6.780616e-001  0.000000e+000
    outer loop
      vertex  1.518704e+001  2.470038e+001  3.600000e+000
      vertex  1.518704e+001  2.470038e+001  4.400000e+000
      vertex  1.505243e+001  2.455448e+001  3.600000e+000
    endloop
  endfacet
  facet normal  7.350051e-001 -6.780616e-001  0.000000e+000
    outer loop
      vertex  1.505243e+001  2.455448e+001  3.600000e+000
      vertex  1.518704e+001  2.470038e+001  4.400000e+000
      vertex  1.505243e+001  2.455448e+001  4.400000e+000
    endloop
  endfacet
  facet normal  7.071044e-001 -7.071092e-001  0.000000e+000
    outer loop
      vertex  1.505243e+001  2.455448e+001  3.600000e+000
      vertex  1.505243e+001  2.455448e+001  4.400000e+000
      vertex  1.491207e+001  2.441411e+001  3.600000e+000
    endloop
  endfacet
  facet normal  7.071044e-001 -7.071092e-001  0.000000e+000
    outer loop
      vertex  1.491207e+001  2.441411e+001  3.600000e+000
      vertex  1.505243e+001  2.455448e+001  4.400000e+000
      vertex  1.491207e+001  2.441411e+001  4.400000e+000
    endloop
  endfacet
  facet normal  6.780614e-001 -7.350053e-001  0.000000e+000
    outer loop
      vertex  1.491207e+001  2.441411e+001  3.600000e+000
      vertex  1.491207e+001  2.441411e+001  4.400000e+000
      vertex  1.476616e+001  2.427951e+001  3.600000e+000
    endloop
  endfacet
  facet normal  6.780614e-001 -7.350053e-001  0.000000e+000
    outer loop
      vertex  1.476616e+001  2.427951e+001  3.600000e+000
      vertex  1.491207e+001  2.441411e+001  4.400000e+000
      vertex  1.476616e+001  2.427951e+001  4.400000e+000
    endloop
  endfacet
  facet normal  6.479160e-001 -7.617118e-001  0.000000e+000
    outer loop
      vertex  1.476616e+001  2.427951e+001  3.600000e+000
      vertex  1.476616e+001  2.427951e+001  4.400000e+000
      vertex  1.461495e+001  2.415089e+001  3.600000e+000
    endloop
  endfacet
  facet normal  6.479160e-001 -7.617118e-001  0.000000e+000
    outer loop
      vertex  1.461495e+001  2.415089e+001  3.600000e+000
      vertex  1.476616e+001  2.427951e+001  4.400000e+000
      vertex  1.461495e+001  2.415089e+001  4.400000e+000
    endloop
  endfacet
  facet normal  6.167183e-001 -7.871839e-001  0.000000e+000
    outer loop
      vertex  1.461495e+001  2.415089e+001  3.600000e+000
      vertex  1.461495e+001  2.415089e+001  4.400000e+000
      vertex  1.445869e+001  2.402847e+001  3.600000e+000
    endloop
  endfacet
  facet normal  6.167183e-001 -7.871839e-001  0.000000e+000
    outer loop
      vertex  1.445869e+001  2.402847e+001  3.600000e+000
      vertex  1.461495e+001  2.415089e+001  4.400000e+000
      vertex  1.445869e+001  2.402847e+001  4.400000e+000
    endloop
  endfacet
  facet normal  5.845214e-001 -8.113783e-001  0.000000e+000
    outer loop
      vertex  1.445869e+001  2.402847e+001  3.600000e+000
      vertex  1.445869e+001  2.402847e+001  4.400000e+000
      vertex  1.429762e+001  2.391243e+001  3.600000e+000
    endloop
  endfacet
  facet normal  5.845214e-001 -8.113783e-001  0.000000e+000
    outer loop
      vertex  1.429762e+001  2.391243e+001  3.600000e+000
      vertex  1.445869e+001  2.402847e+001  4.400000e+000
      vertex  1.429762e+001  2.391243e+001  4.400000e+000
    endloop
  endfacet
  facet normal  5.513809e-001 -8.342536e-001  0.000000e+000
    outer loop
      vertex  1.429762e+001  2.391243e+001  3.600000e+000
      vertex  1.429762e+001  2.391243e+001  4.400000e+000
      vertex  1.413201e+001  2.380298e+001  3.600000e+000
    endloop
  endfacet
  facet normal  5.513809e-001 -8.342536e-001  0.000000e+000
    outer loop
      vertex  1.413201e+001  2.380298e+001  3.600000e+000
      vertex  1.429762e+001  2.391243e+001  4.400000e+000
      vertex  1.413201e+001  2.380298e+001  4.400000e+000
    endloop
  endfacet
  facet normal  5.173337e-001 -8.557837e-001  0.000000e+000
    outer loop
      vertex  1.413201e+001  2.380298e+001  3.600000e+000
      vertex  1.413201e+001  2.380298e+001  4.400000e+000
      vertex  1.396213e+001  2.370028e+001  3.600000e+000
    endloop
  endfacet
  facet normal  5.173337e-001 -8.557837e-001  0.000000e+000
    outer loop
      vertex  1.396213e+001  2.370028e+001  3.600000e+000
      vertex  1.413201e+001  2.380298e+001  4.400000e+000
      vertex  1.396213e+001  2.370028e+001  4.400000e+000
    endloop
  endfacet
  facet normal  4.824598e-001 -8.759181e-001  0.000000e+000
    outer loop
      vertex  1.396213e+001  2.370028e+001  3.600000e+000
      vertex  1.396213e+001  2.370028e+001  4.400000e+000
      vertex  1.378825e+001  2.360451e+001  3.600000e+000
    endloop
  endfacet
  facet normal  4.824598e-001 -8.759181e-001  0.000000e+000
    outer loop
      vertex  1.378825e+001  2.360451e+001  3.600000e+000
      vertex  1.396213e+001  2.370028e+001  4.400000e+000
      vertex  1.378825e+001  2.360451e+001  4.400000e+000
    endloop
  endfacet
  facet normal  4.467965e-001 -8.946356e-001  0.000000e+000
    outer loop
      vertex  1.378825e+001  2.360451e+001  3.600000e+000
      vertex  1.378825e+001  2.360451e+001  4.400000e+000
      vertex  1.361066e+001  2.351581e+001  3.600000e+000
    endloop
  endfacet
  facet normal  4.467965e-001 -8.946356e-001  0.000000e+000
    outer loop
      vertex  1.361066e+001  2.351581e+001  3.600000e+000
      vertex  1.378825e+001  2.360451e+001  4.400000e+000
      vertex  1.361066e+001  2.351581e+001  4.400000e+000
    endloop
  endfacet
  facet normal  4.104176e-001 -9.118977e-001  0.000000e+000
    outer loop
      vertex  1.361066e+001  2.351581e+001  3.600000e+000
      vertex  1.361066e+001  2.351581e+001  4.400000e+000
      vertex  1.342964e+001  2.343434e+001  3.600000e+000
    endloop
  endfacet
  facet normal  4.104176e-001 -9.118977e-001  0.000000e+000
    outer loop
      vertex  1.342964e+001  2.343434e+001  3.600000e+000
      vertex  1.361066e+001  2.351581e+001  4.400000e+000
      vertex  1.342964e+001  2.343434e+001  4.400000e+000
    endloop
  endfacet
  facet normal  3.733612e-001 -9.276860e-001  0.000000e+000
    outer loop
      vertex  1.342964e+001  2.343434e+001  3.600000e+000
      vertex  1.342964e+001  2.343434e+001  4.400000e+000
      vertex  1.324548e+001  2.336023e+001  3.600000e+000
    endloop
  endfacet
  facet normal  3.733612e-001 -9.276860e-001  0.000000e+000
    outer loop
      vertex  1.324548e+001  2.336023e+001  3.600000e+000
      vertex  1.342964e+001  2.343434e+001  4.400000e+000
      vertex  1.324548e+001  2.336023e+001  4.400000e+000
    endloop
  endfacet
  facet normal  3.357039e-001 -9.419675e-001  0.000000e+000
    outer loop
      vertex  1.324548e+001  2.336023e+001  3.600000e+000
      vertex  1.324548e+001  2.336023e+001  4.400000e+000
      vertex  1.305849e+001  2.329358e+001  3.600000e+000
    endloop
  endfacet
  facet normal  3.357039e-001 -9.419675e-001  0.000000e+000
    outer loop
      vertex  1.305849e+001  2.329358e+001  3.600000e+000
      vertex  1.324548e+001  2.336023e+001  4.400000e+000
      vertex  1.305849e+001  2.329358e+001  4.400000e+000
    endloop
  endfacet
  facet normal  2.975024e-001 -9.547211e-001  0.000000e+000
    outer loop
      vertex  1.305849e+001  2.329358e+001  3.600000e+000
      vertex  1.305849e+001  2.329358e+001  4.400000e+000
      vertex  1.286897e+001  2.323453e+001  3.600000e+000
    endloop
  endfacet
  facet normal  2.975024e-001 -9.547211e-001  0.000000e+000
    outer loop
      vertex  1.286897e+001  2.323453e+001  3.600000e+000
      vertex  1.305849e+001  2.329358e+001  4.400000e+000
      vertex  1.286897e+001  2.323453e+001  4.400000e+000
    endloop
  endfacet
  facet normal  2.588184e-001 -9.659259e-001  0.000000e+000
    outer loop
      vertex  1.286897e+001  2.323453e+001  3.600000e+000
      vertex  1.286897e+001  2.323453e+001  4.400000e+000
      vertex  1.267722e+001  2.318315e+001  3.600000e+000
    endloop
  endfacet
  facet normal  2.588184e-001 -9.659259e-001  0.000000e+000
    outer loop
      vertex  1.267722e+001  2.318315e+001  3.600000e+000
      vertex  1.286897e+001  2.323453e+001  4.400000e+000
      vertex  1.267722e+001  2.318315e+001  4.400000e+000
    endloop
  endfacet
  facet normal  2.197141e-001 -9.755643e-001  0.000000e+000
    outer loop
      vertex  1.267722e+001  2.318315e+001  3.600000e+000
      vertex  1.267722e+001  2.318315e+001  4.400000e+000
      vertex  1.248356e+001  2.313953e+001  3.600000e+000
    endloop
  endfacet
  facet normal  2.197141e-001 -9.755643e-001  0.000000e+000
    outer loop
      vertex  1.248356e+001  2.313953e+001  3.600000e+000
      vertex  1.267722e+001  2.318315e+001  4.400000e+000
      vertex  1.248356e+001  2.313953e+001  4.400000e+000
    endloop
  endfacet
  facet normal  1.802609e-001 -9.836188e-001  0.000000e+000
    outer loop
      vertex  1.248356e+001  2.313953e+001  3.600000e+000
      vertex  1.248356e+001  2.313953e+001  4.400000e+000
      vertex  1.228830e+001  2.310375e+001  3.600000e+000
    endloop
  endfacet
  facet normal  1.802609e-001 -9.836188e-001  0.000000e+000
    outer loop
      vertex  1.228830e+001  2.310375e+001  3.600000e+000
      vertex  1.248356e+001  2.313953e+001  4.400000e+000
      vertex  1.228830e+001  2.310375e+001  4.400000e+000
    endloop
  endfacet
  facet normal  1.405026e-001 -9.900804e-001  0.000000e+000
    outer loop
      vertex  1.228830e+001  2.310375e+001  3.600000e+000
      vertex  1.228830e+001  2.310375e+001  4.400000e+000
      vertex  1.209176e+001  2.307586e+001  3.600000e+000
    endloop
  endfacet
  facet normal  1.405026e-001 -9.900804e-001  0.000000e+000
    outer loop
      vertex  1.209176e+001  2.307586e+001  3.600000e+000
      vertex  1.228830e+001  2.310375e+001  4.400000e+000
      vertex  1.209176e+001  2.307586e+001  4.400000e+000
    endloop
  endfacet
  facet normal  1.005220e-001 -9.949348e-001  0.000000e+000
    outer loop
      vertex  1.209176e+001  2.307586e+001  3.600000e+000
      vertex  1.209176e+001  2.307586e+001  4.400000e+000
      vertex  1.189426e+001  2.305590e+001  3.600000e+000
    endloop
  endfacet
  facet normal  1.005220e-001 -9.949348e-001  0.000000e+000
    outer loop
      vertex  1.189426e+001  2.305590e+001  3.600000e+000
      vertex  1.209176e+001  2.307586e+001  4.400000e+000
      vertex  1.189426e+001  2.305590e+001  4.400000e+000
    endloop
  endfacet
  facet normal  6.037844e-002 -9.981756e-001  0.000000e+000
    outer loop
      vertex  1.189426e+001  2.305590e+001  3.600000e+000
      vertex  1.189426e+001  2.305590e+001  4.400000e+000
      vertex  1.169611e+001  2.304392e+001  3.600000e+000
    endloop
  endfacet
  facet normal  6.037844e-002 -9.981756e-001  0.000000e+000
    outer loop
      vertex  1.169611e+001  2.304392e+001  3.600000e+000
      vertex  1.189426e+001  2.305590e+001  4.400000e+000
      vertex  1.169611e+001  2.304392e+001  4.400000e+000
    endloop
  endfacet
  facet normal  2.012941e-002 -9.997974e-001  0.000000e+000
    outer loop
      vertex  1.169611e+001  2.304392e+001  3.600000e+000
      vertex  1.169611e+001  2.304392e+001  4.400000e+000
      vertex  1.149764e+001  2.303992e+001  3.600000e+000
    endloop
  endfacet
  facet normal  2.012941e-002 -9.997974e-001  0.000000e+000
    outer loop
      vertex  1.149764e+001  2.303992e+001  3.600000e+000
      vertex  1.169611e+001  2.304392e+001  4.400000e+000
      vertex  1.149764e+001  2.303992e+001  4.400000e+000
    endloop
  endfacet
  facet normal -2.012941e-002 -9.997974e-001  -0.000000e+000
    outer loop
      vertex  1.149764e+001  2.303992e+001  3.600000e+000
      vertex  1.149764e+001  2.303992e+001  4.400000e+000
      vertex  1.129917e+001  2.304392e+001  3.600000e+000
    endloop
  endfacet
  facet normal -2.012941e-002 -9.997974e-001  0.000000e+000
    outer loop
      vertex  1.129917e+001  2.304392e+001  3.600000e+000
      vertex  1.149764e+001  2.303992e+001  4.400000e+000
      vertex  1.129917e+001  2.304392e+001  4.400000e+000
    endloop
  endfacet
  facet normal -6.037873e-002 -9.981755e-001  -0.000000e+000
    outer loop
      vertex  1.129917e+001  2.304392e+001  3.600000e+000
      vertex  1.129917e+001  2.304392e+001  4.400000e+000
      vertex  1.110102e+001  2.305590e+001  3.600000e+000
    endloop
  endfacet
  facet normal -6.037873e-002 -9.981755e-001  0.000000e+000
    outer loop
      vertex  1.110102e+001  2.305590e+001  3.600000e+000
      vertex  1.129917e+001  2.304392e+001  4.400000e+000
      vertex  1.110102e+001  2.305590e+001  4.400000e+000
    endloop
  endfacet
  facet normal -1.005220e-001 -9.949348e-001  -0.000000e+000
    outer loop
      vertex  1.110102e+001  2.305590e+001  3.600000e+000
      vertex  1.110102e+001  2.305590e+001  4.400000e+000
      vertex  1.090352e+001  2.307586e+001  3.600000e+000
    endloop
  endfacet
  facet normal -1.005220e-001 -9.949348e-001  0.000000e+000
    outer loop
      vertex  1.090352e+001  2.307586e+001  3.600000e+000
      vertex  1.110102e+001  2.305590e+001  4.400000e+000
      vertex  1.090352e+001  2.307586e+001  4.400000e+000
    endloop
  endfacet
  facet normal -1.405026e-001 -9.900804e-001  -0.000000e+000
    outer loop
      vertex  1.090352e+001  2.307586e+001  3.600000e+000
      vertex  1.090352e+001  2.307586e+001  4.400000e+000
      vertex  1.070698e+001  2.310375e+001  3.600000e+000
    endloop
  endfacet
  facet normal -1.405026e-001 -9.900804e-001  0.000000e+000
    outer loop
      vertex  1.070698e+001  2.310375e+001  3.600000e+000
      vertex  1.090352e+001  2.307586e+001  4.400000e+000
      vertex  1.070698e+001  2.310375e+001  4.400000e+000
    endloop
  endfacet
  facet normal -1.802609e-001 -9.836188e-001  -0.000000e+000
    outer loop
      vertex  1.070698e+001  2.310375e+001  3.600000e+000
      vertex  1.070698e+001  2.310375e+001  4.400000e+000
      vertex  1.051172e+001  2.313953e+001  3.600000e+000
    endloop
  endfacet
  facet normal -1.802609e-001 -9.836188e-001  0.000000e+000
    outer loop
      vertex  1.051172e+001  2.313953e+001  3.600000e+000
      vertex  1.070698e+001  2.310375e+001  4.400000e+000
      vertex  1.051172e+001  2.313953e+001  4.400000e+000
    endloop
  endfacet
  facet normal -2.197130e-001 -9.755645e-001  -0.000000e+000
    outer loop
      vertex  1.051172e+001  2.313953e+001  3.600000e+000
      vertex  1.051172e+001  2.313953e+001  4.400000e+000
      vertex  1.031806e+001  2.318315e+001  3.600000e+000
    endloop
  endfacet
  facet normal -2.197130e-001 -9.755645e-001  0.000000e+000
    outer loop
      vertex  1.031806e+001  2.318315e+001  3.600000e+000
      vertex  1.051172e+001  2.313953e+001  4.400000e+000
      vertex  1.031806e+001  2.318315e+001  4.400000e+000
    endloop
  endfacet
  facet normal -2.588196e-001 -9.659256e-001  -0.000000e+000
    outer loop
      vertex  1.031806e+001  2.318315e+001  3.600000e+000
      vertex  1.031806e+001  2.318315e+001  4.400000e+000
      vertex  1.012631e+001  2.323453e+001  3.600000e+000
    endloop
  endfacet
  facet normal -2.588196e-001 -9.659256e-001  0.000000e+000
    outer loop
      vertex  1.012631e+001  2.323453e+001  3.600000e+000
      vertex  1.031806e+001  2.318315e+001  4.400000e+000
      vertex  1.012631e+001  2.323453e+001  4.400000e+000
    endloop
  endfacet
  facet normal -2.975010e-001 -9.547215e-001  -0.000000e+000
    outer loop
      vertex  1.012631e+001  2.323453e+001  3.600000e+000
      vertex  1.012631e+001  2.323453e+001  4.400000e+000
      vertex  9.936789e+000  2.329358e+001  3.600000e+000
    endloop
  endfacet
  facet normal -2.975010e-001 -9.547215e-001  0.000000e+000
    outer loop
      vertex  9.936789e+000  2.329358e+001  3.600000e+000
      vertex  1.012631e+001  2.323453e+001  4.400000e+000
      vertex  9.936789e+000  2.329358e+001  4.400000e+000
    endloop
  endfacet
  facet normal -3.357055e-001 -9.419671e-001  -0.000000e+000
    outer loop
      vertex  9.936789e+000  2.329358e+001  3.600000e+000
      vertex  9.936789e+000  2.329358e+001  4.400000e+000
      vertex  9.749799e+000  2.336023e+001  3.600000e+000
    endloop
  endfacet
  facet normal -3.357055e-001 -9.419671e-001  0.000000e+000
    outer loop
      vertex  9.749799e+000  2.336023e+001  3.600000e+000
      vertex  9.936789e+000  2.329358e+001  4.400000e+000
      vertex  9.749799e+000  2.336023e+001  4.400000e+000
    endloop
  endfacet
  facet normal -3.733595e-001 -9.276867e-001  -0.000000e+000
    outer loop
      vertex  9.749799e+000  2.336023e+001  3.600000e+000
      vertex  9.749799e+000  2.336023e+001  4.400000e+000
      vertex  9.565643e+000  2.343434e+001  3.600000e+000
    endloop
  endfacet
  facet normal -3.733595e-001 -9.276867e-001  0.000000e+000
    outer loop
      vertex  9.565643e+000  2.343434e+001  3.600000e+000
      vertex  9.749799e+000  2.336023e+001  4.400000e+000
      vertex  9.565643e+000  2.343434e+001  4.400000e+000
    endloop
  endfacet
  facet normal -4.104176e-001 -9.118977e-001  -0.000000e+000
    outer loop
      vertex  9.565643e+000  2.343434e+001  3.600000e+000
      vertex  9.565643e+000  2.343434e+001  4.400000e+000
      vertex  9.384622e+000  2.351581e+001  3.600000e+000
    endloop
  endfacet
  facet normal -4.104176e-001 -9.118977e-001  0.000000e+000
    outer loop
      vertex  9.384622e+000  2.351581e+001  3.600000e+000
      vertex  9.565643e+000  2.343434e+001  4.400000e+000
      vertex  9.384622e+000  2.351581e+001  4.400000e+000
    endloop
  endfacet
  facet normal -4.467965e-001 -8.946356e-001  -0.000000e+000
    outer loop
      vertex  9.384622e+000  2.351581e+001  3.600000e+000
      vertex  9.384622e+000  2.351581e+001  4.400000e+000
      vertex  9.207027e+000  2.360451e+001  3.600000e+000
    endloop
  endfacet
  facet normal -4.467965e-001 -8.946356e-001  0.000000e+000
    outer loop
      vertex  9.207027e+000  2.360451e+001  3.600000e+000
      vertex  9.384622e+000  2.351581e+001  4.400000e+000
      vertex  9.207027e+000  2.360451e+001  4.400000e+000
    endloop
  endfacet
  facet normal -4.824618e-001 -8.759170e-001  -0.000000e+000
    outer loop
      vertex  9.207027e+000  2.360451e+001  3.600000e+000
      vertex  9.207027e+000  2.360451e+001  4.400000e+000
      vertex  9.033149e+000  2.370028e+001  3.600000e+000
    endloop
  endfacet
  facet normal -4.824618e-001 -8.759170e-001  0.000000e+000
    outer loop
      vertex  9.033149e+000  2.370028e+001  3.600000e+000
      vertex  9.207027e+000  2.360451e+001  4.400000e+000
      vertex  9.033149e+000  2.370028e+001  4.400000e+000
    endloop
  endfacet
  facet normal -5.173316e-001 -8.557850e-001  -0.000000e+000
    outer loop
      vertex  9.033149e+000  2.370028e+001  3.600000e+000
      vertex  9.033149e+000  2.370028e+001  4.400000e+000
      vertex  8.863267e+000  2.380298e+001  3.600000e+000
    endloop
  endfacet
  facet normal -5.173316e-001 -8.557850e-001  0.000000e+000
    outer loop
      vertex  8.863267e+000  2.380298e+001  3.600000e+000
      vertex  9.033149e+000  2.370028e+001  4.400000e+000
      vertex  8.863267e+000  2.380298e+001  4.400000e+000
    endloop
  endfacet
  facet normal -5.513809e-001 -8.342536e-001  -0.000000e+000
    outer loop
      vertex  8.863267e+000  2.380298e+001  3.600000e+000
      vertex  8.863267e+000  2.380298e+001  4.400000e+000
      vertex  8.697659e+000  2.391243e+001  3.600000e+000
    endloop
  endfacet
  facet normal -5.513809e-001 -8.342536e-001  0.000000e+000
    outer loop
      vertex  8.697659e+000  2.391243e+001  3.600000e+000
      vertex  8.863267e+000  2.380298e+001  4.400000e+000
      vertex  8.697659e+000  2.391243e+001  4.400000e+000
    endloop
  endfacet
  facet normal -5.845214e-001 -8.113783e-001  -0.000000e+000
    outer loop
      vertex  8.697659e+000  2.391243e+001  3.600000e+000
      vertex  8.697659e+000  2.391243e+001  4.400000e+000
      vertex  8.536592e+000  2.402847e+001  3.600000e+000
    endloop
  endfacet
  facet normal -5.845214e-001 -8.113783e-001  0.000000e+000
    outer loop
      vertex  8.536592e+000  2.402847e+001  3.600000e+000
      vertex  8.697659e+000  2.391243e+001  4.400000e+000
      vertex  8.536592e+000  2.402847e+001  4.400000e+000
    endloop
  endfacet
  facet normal -6.167206e-001 -7.871821e-001  -0.000000e+000
    outer loop
      vertex  8.536592e+000  2.402847e+001  3.600000e+000
      vertex  8.536592e+000  2.402847e+001  4.400000e+000
      vertex  8.380328e+000  2.415089e+001  3.600000e+000
    endloop
  endfacet
  facet normal -6.167206e-001 -7.871821e-001  0.000000e+000
    outer loop
      vertex  8.380328e+000  2.415089e+001  3.600000e+000
      vertex  8.536592e+000  2.402847e+001  4.400000e+000
      vertex  8.380328e+000  2.415089e+001  4.400000e+000
    endloop
  endfacet
  facet normal -6.479160e-001 -7.617118e-001  -0.000000e+000
    outer loop
      vertex  8.380328e+000  2.415089e+001  3.600000e+000
      vertex  8.380328e+000  2.415089e+001  4.400000e+000
      vertex  8.229120e+000  2.427951e+001  3.600000e+000
    endloop
  endfacet
  facet normal -6.479160e-001 -7.617118e-001  0.000000e+000
    outer loop
      vertex  8.229120e+000  2.427951e+001  3.600000e+000
      vertex  8.380328e+000  2.415089e+001  4.400000e+000
      vertex  8.229120e+000  2.427951e+001  4.400000e+000
    endloop
  endfacet
  facet normal -6.780590e-001 -7.350075e-001  -0.000000e+000
    outer loop
      vertex  8.229120e+000  2.427951e+001  3.600000e+000
      vertex  8.229120e+000  2.427951e+001  4.400000e+000
      vertex  8.083214e+000  2.441411e+001  3.600000e+000
    endloop
  endfacet
  facet normal -6.780590e-001 -7.350075e-001  0.000000e+000
    outer loop
      vertex  8.083214e+000  2.441411e+001  3.600000e+000
      vertex  8.229120e+000  2.427951e+001  4.400000e+000
      vertex  8.083214e+000  2.441411e+001  4.400000e+000
    endloop
  endfacet
  facet normal -7.071056e-001 -7.071080e-001  -0.000000e+000
    outer loop
      vertex  8.083214e+000  2.441411e+001  3.600000e+000
      vertex  8.083214e+000  2.441411e+001  4.400000e+000
      vertex  7.942846e+000  2.455448e+001  3.600000e+000
    endloop
  endfacet
  facet normal -7.071056e-001 -7.071080e-001  0.000000e+000
    outer loop
      vertex  7.942846e+000  2.455448e+001  3.600000e+000
      vertex  8.083214e+000  2.441411e+001  4.400000e+000
      vertex  7.942846e+000  2.455448e+001  4.400000e+000
    endloop
  endfacet
  facet normal -7.350063e-001 -6.780603e-001  -0.000000e+000
    outer loop
      vertex  7.942846e+000  2.455448e+001  3.600000e+000
      vertex  7.942846e+000  2.455448e+001  4.400000e+000
      vertex  7.808244e+000  2.470038e+001  3.600000e+000
    endloop
  endfacet
  facet normal -7.350063e-001 -6.780603e-001  0.000000e+000
    outer loop
      vertex  7.808244e+000  2.470038e+001  3.600000e+000
      vertex  7.942846e+000  2.455448e+001  4.400000e+000
      vertex  7.808244e+000  2.470038e+001  4.400000e+000
    endloop
  endfacet
  facet normal -7.617151e-001 -6.479123e-001  -0.000000e+000
    outer loop
      vertex  7.808244e+000  2.470038e+001  3.600000e+000
      vertex  7.808244e+000  2.470038e+001  4.400000e+000
      vertex  7.679626e+000  2.485159e+001  3.600000e+000
    endloop
  endfacet
  facet normal -7.617151e-001 -6.479123e-001  0.000000e+000
    outer loop
      vertex  7.679626e+000  2.485159e+001  3.600000e+000
      vertex  7.808244e+000  2.470038e+001  4.400000e+000
      vertex  7.679626e+000  2.485159e+001  4.400000e+000
    endloop
  endfacet
  facet normal -7.871821e-001 -6.167206e-001  -0.000000e+000
    outer loop
      vertex  7.679626e+000  2.485159e+001  3.600000e+000
      vertex  7.679626e+000  2.485159e+001  4.400000e+000
      vertex  7.557201e+000  2.500786e+001  3.600000e+000
    endloop
  endfacet
  facet normal -7.871821e-001 -6.167206e-001  0.000000e+000
    outer loop
      vertex  7.557201e+000  2.500786e+001  3.600000e+000
      vertex  7.679626e+000  2.485159e+001  4.400000e+000
      vertex  7.557201e+000  2.500786e+001  4.400000e+000
    endloop
  endfacet
  facet normal -8.113756e-001 -5.845252e-001  -0.000000e+000
    outer loop
      vertex  7.557201e+000  2.500786e+001  3.600000e+000
      vertex  7.557201e+000  2.500786e+001  4.400000e+000
      vertex  7.441167e+000  2.516892e+001  3.600000e+000
    endloop
  endfacet
  facet normal -8.113756e-001 -5.845252e-001  0.000000e+000
    outer loop
      vertex  7.441167e+000  2.516892e+001  3.600000e+000
      vertex  7.557201e+000  2.500786e+001  4.400000e+000
      vertex  7.441167e+000  2.516892e+001  4.400000e+000
    endloop
  endfacet
  facet normal -8.342584e-001 -5.513737e-001  -0.000000e+000
    outer loop
      vertex  7.441167e+000  2.516892e+001  3.600000e+000
      vertex  7.441167e+000  2.516892e+001  4.400000e+000
      vertex  7.331713e+000  2.533453e+001  3.600000e+000
    endloop
  endfacet
  facet normal -8.342584e-001 -5.513737e-001  0.000000e+000
    outer loop
      vertex  7.331713e+000  2.533453e+001  3.600000e+000
      vertex  7.441167e+000  2.516892e+001  4.400000e+000
      vertex  7.331713e+000  2.533453e+001  4.400000e+000
    endloop
  endfacet
  facet normal -8.557808e-001 -5.173387e-001  -0.000000e+000
    outer loop
      vertex  7.331713e+000  2.533453e+001  3.600000e+000
      vertex  7.331713e+000  2.533453e+001  4.400000e+000
      vertex  7.229016e+000  2.550441e+001  3.600000e+000
    endloop
  endfacet
  facet normal -8.557808e-001 -5.173387e-001  0.000000e+000
    outer loop
      vertex  7.229016e+000  2.550441e+001  3.600000e+000
      vertex  7.331713e+000  2.533453e+001  4.400000e+000
      vertex  7.229016e+000  2.550441e+001  4.400000e+000
    endloop
  endfacet
  facet normal -8.759179e-001 -4.824601e-001  -0.000000e+000
    outer loop
      vertex  7.229016e+000  2.550441e+001  3.600000e+000
      vertex  7.229016e+000  2.550441e+001  4.400000e+000
      vertex  7.133243e+000  2.567829e+001  3.600000e+000
    endloop
  endfacet
  facet normal -8.759179e-001 -4.824601e-001  0.000000e+000
    outer loop
      vertex  7.133243e+000  2.567829e+001  3.600000e+000
      vertex  7.229016e+000  2.550441e+001  4.400000e+000
      vertex  7.133243e+000  2.567829e+001  4.400000e+000
    endloop
  endfacet
  facet normal -8.946347e-001 -4.467984e-001  -0.000000e+000
    outer loop
      vertex  7.133243e+000  2.567829e+001  3.600000e+000
      vertex  7.133243e+000  2.567829e+001  4.400000e+000
      vertex  7.044549e+000  2.585589e+001  3.600000e+000
    endloop
  endfacet
  facet normal -8.946347e-001 -4.467984e-001  0.000000e+000
    outer loop
      vertex  7.044549e+000  2.585589e+001  3.600000e+000
      vertex  7.133243e+000  2.567829e+001  4.400000e+000
      vertex  7.044549e+000  2.585589e+001  4.400000e+000
    endloop
  endfacet
  facet normal -9.118996e-001 -4.104134e-001  -0.000000e+000
    outer loop
      vertex  7.044549e+000  2.585589e+001  3.600000e+000
      vertex  7.044549e+000  2.585589e+001  4.400000e+000
      vertex  6.963078e+000  2.603691e+001  3.600000e+000
    endloop
  endfacet
  facet normal -9.118996e-001 -4.104134e-001  0.000000e+000
    outer loop
      vertex  6.963078e+000  2.603691e+001  3.600000e+000
      vertex  7.044549e+000  2.585589e+001  4.400000e+000
      vertex  6.963078e+000  2.603691e+001  4.400000e+000
    endloop
  endfacet
  facet normal -9.276866e-001 -3.733599e-001  -0.000000e+000
    outer loop
      vertex  6.963078e+000  2.603691e+001  3.600000e+000
      vertex  6.963078e+000  2.603691e+001  4.400000e+000
      vertex  6.888961e+000  2.622106e+001  3.600000e+000
    endloop
  endfacet
  facet normal -9.276866e-001 -3.733599e-001  0.000000e+000
    outer loop
      vertex  6.888961e+000  2.622106e+001  3.600000e+000
      vertex  6.963078e+000  2.603691e+001  4.400000e+000
      vertex  6.888961e+000  2.622106e+001  4.400000e+000
    endloop
  endfacet
  facet normal -9.419665e-001 -3.357069e-001  -0.000000e+000
    outer loop
      vertex  6.888961e+000  2.622106e+001  3.600000e+000
      vertex  6.888961e+000  2.622106e+001  4.400000e+000
      vertex  6.822320e+000  2.640805e+001  3.600000e+000
    endloop
  endfacet
  facet normal -9.419665e-001 -3.357069e-001  0.000000e+000
    outer loop
      vertex  6.822320e+000  2.640805e+001  3.600000e+000
      vertex  6.888961e+000  2.622106e+001  4.400000e+000
      vertex  6.822320e+000  2.640805e+001  4.400000e+000
    endloop
  endfacet
  facet normal -9.547211e-001 -2.975024e-001  -0.000000e+000
    outer loop
      vertex  6.822320e+000  2.640805e+001  3.600000e+000
      vertex  6.822320e+000  2.640805e+001  4.400000e+000
      vertex  6.763263e+000  2.659757e+001  3.600000e+000
    endloop
  endfacet
  facet normal -9.547211e-001 -2.975024e-001  0.000000e+000
    outer loop
      vertex  6.763263e+000  2.659757e+001  3.600000e+000
      vertex  6.822320e+000  2.640805e+001  4.400000e+000
      vertex  6.763263e+000  2.659757e+001  4.400000e+000
    endloop
  endfacet
  facet normal -9.659263e-001 -2.588173e-001  -0.000000e+000
    outer loop
      vertex  6.763263e+000  2.659757e+001  3.600000e+000
      vertex  6.763263e+000  2.659757e+001  4.400000e+000
      vertex  6.711885e+000  2.678932e+001  3.600000e+000
    endloop
  endfacet
  facet normal -9.659263e-001 -2.588173e-001  0.000000e+000
    outer loop
      vertex  6.711885e+000  2.678932e+001  3.600000e+000
      vertex  6.763263e+000  2.659757e+001  4.400000e+000
      vertex  6.711885e+000  2.678932e+001  4.400000e+000
    endloop
  endfacet
  facet normal -9.755638e-001 -2.197164e-001  -0.000000e+000
    outer loop
      vertex  6.711885e+000  2.678932e+001  3.600000e+000
      vertex  6.711885e+000  2.678932e+001  4.400000e+000
      vertex  6.668269e+000  2.698298e+001  3.600000e+000
    endloop
  endfacet
  facet normal -9.755638e-001 -2.197164e-001  0.000000e+000
    outer loop
      vertex  6.668269e+000  2.698298e+001  3.600000e+000
      vertex  6.711885e+000  2.678932e+001  4.400000e+000
      vertex  6.668269e+000  2.698298e+001  4.400000e+000
    endloop
  endfacet
  facet normal -9.836201e-001 -1.802540e-001  -0.000000e+000
    outer loop
      vertex  6.668269e+000  2.698298e+001  3.600000e+000
      vertex  6.668269e+000  2.698298e+001  4.400000e+000
      vertex  6.632487e+000  2.717824e+001  3.600000e+000
    endloop
  endfacet
  facet normal -9.836201e-001 -1.802540e-001  0.000000e+000
    outer loop
      vertex  6.632487e+000  2.717824e+001  3.600000e+000
      vertex  6.668269e+000  2.698298e+001  4.400000e+000
      vertex  6.632487e+000  2.717824e+001  4.400000e+000
    endloop
  endfacet
  facet normal -9.900804e-001 -1.405026e-001  -0.000000e+000
    outer loop
      vertex  6.632487e+000  2.717824e+001  3.600000e+000
      vertex  6.632487e+000  2.717824e+001  4.400000e+000
      vertex  6.604596e+000  2.737478e+001  3.600000e+000
    endloop
  endfacet
  facet normal -9.900804e-001 -1.405026e-001  0.000000e+000
    outer loop
      vertex  6.604596e+000  2.737478e+001  3.600000e+000
      vertex  6.632487e+000  2.717824e+001  4.400000e+000
      vertex  6.604596e+000  2.737478e+001  4.400000e+000
    endloop
  endfacet
  facet normal -9.949349e-001 -1.005216e-001  -0.000000e+000
    outer loop
      vertex  6.604596e+000  2.737478e+001  3.600000e+000
      vertex  6.604596e+000  2.737478e+001  4.400000e+000
      vertex  6.584641e+000  2.757229e+001  3.600000e+000
    endloop
  endfacet
  facet normal -9.949349e-001 -1.005216e-001  0.000000e+000
    outer loop
      vertex  6.584641e+000  2.757229e+001  3.600000e+000
      vertex  6.604596e+000  2.737478e+001  4.400000e+000
      vertex  6.584641e+000  2.757229e+001  4.400000e+000
    endloop
  endfacet
  facet normal -9.981755e-001 -6.037902e-002  -0.000000e+000
    outer loop
      vertex  6.584641e+000  2.757229e+001  3.600000e+000
      vertex  6.584641e+000  2.757229e+001  4.400000e+000
      vertex  6.572655e+000  2.777043e+001  3.600000e+000
    endloop
  endfacet
  facet normal -9.981755e-001 -6.037902e-002  0.000000e+000
    outer loop
      vertex  6.572655e+000  2.777043e+001  3.600000e+000
      vertex  6.584641e+000  2.757229e+001  4.400000e+000
      vertex  6.572655e+000  2.777043e+001  4.400000e+000
    endloop
  endfacet
  facet normal -9.997972e-001 -2.013651e-002  -0.000000e+000
    outer loop
      vertex  6.572655e+000  2.777043e+001  3.600000e+000
      vertex  6.572655e+000  2.777043e+001  4.400000e+000
      vertex  6.568658e+000  2.796890e+001  3.600000e+000
    endloop
  endfacet
  facet normal -9.997972e-001 -2.013651e-002  0.000000e+000
    outer loop
      vertex  6.568658e+000  2.796890e+001  3.600000e+000
      vertex  6.572655e+000  2.777043e+001  4.400000e+000
      vertex  6.568658e+000  2.796890e+001  4.400000e+000
    endloop
  endfacet
  facet normal -9.997972e-001  2.013671e-002  0.000000e+000
    outer loop
      vertex  6.568658e+000  2.796890e+001  3.600000e+000
      vertex  6.568658e+000  2.796890e+001  4.400000e+000
      vertex  6.572655e+000  2.816737e+001  3.600000e+000
    endloop
  endfacet
  facet normal -9.997972e-001  2.013671e-002  0.000000e+000
    outer loop
      vertex  6.572655e+000  2.816737e+001  3.600000e+000
      vertex  6.568658e+000  2.796890e+001  4.400000e+000
      vertex  6.572655e+000  2.816737e+001  4.400000e+000
    endloop
  endfacet
  facet normal -9.981756e-001  6.037844e-002  0.000000e+000
    outer loop
      vertex  6.572655e+000  2.816737e+001  3.600000e+000
      vertex  6.572655e+000  2.816737e+001  4.400000e+000
      vertex  6.584641e+000  2.836552e+001  3.600000e+000
    endloop
  endfacet
  facet normal -9.981756e-001  6.037844e-002  0.000000e+000
    outer loop
      vertex  6.584641e+000  2.836552e+001  3.600000e+000
      vertex  6.572655e+000  2.816737e+001  4.400000e+000
      vertex  6.584641e+000  2.836552e+001  4.400000e+000
    endloop
  endfacet
  facet normal -9.949347e-001  1.005225e-001  0.000000e+000
    outer loop
      vertex  6.584641e+000  2.836552e+001  3.600000e+000
      vertex  6.584641e+000  2.836552e+001  4.400000e+000
      vertex  6.604596e+000  2.856303e+001  3.600000e+000
    endloop
  endfacet
  facet normal -9.949347e-001  1.005225e-001  0.000000e+000
    outer loop
      vertex  6.604596e+000  2.856303e+001  3.600000e+000
      vertex  6.584641e+000  2.836552e+001  4.400000e+000
      vertex  6.604596e+000  2.856303e+001  4.400000e+000
    endloop
  endfacet
  facet normal -9.900805e-001  1.405012e-001  0.000000e+000
    outer loop
      vertex  6.604596e+000  2.856303e+001  3.600000e+000
      vertex  6.604596e+000  2.856303e+001  4.400000e+000
      vertex  6.632487e+000  2.875957e+001  3.600000e+000
    endloop
  endfacet
  facet normal -9.900805e-001  1.405012e-001  0.000000e+000
    outer loop
      vertex  6.632487e+000  2.875957e+001  3.600000e+000
      vertex  6.604596e+000  2.856303e+001  4.400000e+000
      vertex  6.632487e+000  2.875957e+001  4.400000e+000
    endloop
  endfacet
  facet normal -9.836198e-001  1.802557e-001  0.000000e+000
    outer loop
      vertex  6.632487e+000  2.875957e+001  3.600000e+000
      vertex  6.632487e+000  2.875957e+001  4.400000e+000
      vertex  6.668269e+000  2.895483e+001  3.600000e+000
    endloop
  endfacet
  facet normal -9.836198e-001  1.802557e-001  0.000000e+000
    outer loop
      vertex  6.668269e+000  2.895483e+001  3.600000e+000
      vertex  6.632487e+000  2.875957e+001  4.400000e+000
      vertex  6.668269e+000  2.895483e+001  4.400000e+000
    endloop
  endfacet
  facet normal -9.755642e-001  2.197143e-001  0.000000e+000
    outer loop
      vertex  6.668269e+000  2.895483e+001  3.600000e+000
      vertex  6.668269e+000  2.895483e+001  4.400000e+000
      vertex  6.711885e+000  2.914849e+001  3.600000e+000
    endloop
  endfacet
  facet normal -9.755642e-001  2.197143e-001  0.000000e+000
    outer loop
      vertex  6.711885e+000  2.914849e+001  3.600000e+000
      vertex  6.668269e+000  2.895483e+001  4.400000e+000
      vertex  6.711885e+000  2.914849e+001  4.400000e+000
    endloop
  endfacet
  facet normal -9.659256e-001  2.588196e-001  0.000000e+000
    outer loop
      vertex  6.711885e+000  2.914849e+001  3.600000e+000
      vertex  6.711885e+000  2.914849e+001  4.400000e+000
      vertex  6.763263e+000  2.934023e+001  3.600000e+000
    endloop
  endfacet
  facet normal -9.659256e-001  2.588196e-001  0.000000e+000
    outer loop
      vertex  6.763263e+000  2.934023e+001  3.600000e+000
      vertex  6.711885e+000  2.914849e+001  4.400000e+000
      vertex  6.763263e+000  2.934023e+001  4.400000e+000
    endloop
  endfacet
  facet normal -9.547211e-001  2.975024e-001  0.000000e+000
    outer loop
      vertex  6.763263e+000  2.934023e+001  3.600000e+000
      vertex  6.763263e+000  2.934023e+001  4.400000e+000
      vertex  6.822320e+000  2.952975e+001  3.600000e+000
    endloop
  endfacet
  facet normal -9.547211e-001  2.975024e-001  0.000000e+000
    outer loop
      vertex  6.822320e+000  2.952975e+001  3.600000e+000
      vertex  6.763263e+000  2.934023e+001  4.400000e+000
      vertex  6.822320e+000  2.952975e+001  4.400000e+000
    endloop
  endfacet
  facet normal -9.419675e-001  3.357039e-001  0.000000e+000
    outer loop
      vertex  6.822320e+000  2.952975e+001  3.600000e+000
      vertex  6.822320e+000  2.952975e+001  4.400000e+000
      vertex  6.888961e+000  2.971675e+001  3.600000e+000
    endloop
  endfacet
  facet normal -9.419675e-001  3.357039e-001  0.000000e+000
    outer loop
      vertex  6.888961e+000  2.971675e+001  3.600000e+000
      vertex  6.822320e+000  2.952975e+001  4.400000e+000
      vertex  6.888961e+000  2.971675e+001  4.400000e+000
    endloop
  endfacet
  facet normal -9.276853e-001  3.733633e-001  0.000000e+000
    outer loop
      vertex  6.888961e+000  2.971675e+001  3.600000e+000
      vertex  6.888961e+000  2.971675e+001  4.400000e+000
      vertex  6.963078e+000  2.990090e+001  3.600000e+000
    endloop
  endfacet
  facet normal -9.276853e-001  3.733633e-001  0.000000e+000
    outer loop
      vertex  6.963078e+000  2.990090e+001  3.600000e+000
      vertex  6.888961e+000  2.971675e+001  4.400000e+000
      vertex  6.963078e+000  2.990090e+001  4.400000e+000
    endloop
  endfacet
  facet normal -9.119012e-001  4.104098e-001  0.000000e+000
    outer loop
      vertex  6.963078e+000  2.990090e+001  3.600000e+000
      vertex  6.963078e+000  2.990090e+001  4.400000e+000
      vertex  7.044549e+000  3.008192e+001  3.600000e+000
    endloop
  endfacet
  facet normal -9.119012e-001  4.104098e-001  0.000000e+000
    outer loop
      vertex  7.044549e+000  3.008192e+001  3.600000e+000
      vertex  6.963078e+000  2.990090e+001  4.400000e+000
      vertex  7.044549e+000  3.008192e+001  4.400000e+000
    endloop
  endfacet
  facet normal -8.946328e-001  4.468023e-001  0.000000e+000
    outer loop
      vertex  7.044549e+000  3.008192e+001  3.600000e+000
      vertex  7.044549e+000  3.008192e+001  4.400000e+000
      vertex  7.133243e+000  3.025952e+001  3.600000e+000
    endloop
  endfacet
  facet normal -8.946328e-001  4.468023e-001  0.000000e+000
    outer loop
      vertex  7.133243e+000  3.025952e+001  3.600000e+000
      vertex  7.044549e+000  3.008192e+001  4.400000e+000
      vertex  7.133243e+000  3.025952e+001  4.400000e+000
    endloop
  endfacet
  facet normal -8.759202e-001  4.824561e-001  0.000000e+000
    outer loop
      vertex  7.133243e+000  3.025952e+001  3.600000e+000
      vertex  7.133243e+000  3.025952e+001  4.400000e+000
      vertex  7.229016e+000  3.043340e+001  3.600000e+000
    endloop
  endfacet
  facet normal -8.759202e-001  4.824561e-001  0.000000e+000
    outer loop
      vertex  7.229016e+000  3.043340e+001  3.600000e+000
      vertex  7.133243e+000  3.025952e+001  4.400000e+000
      vertex  7.229016e+000  3.043340e+001  4.400000e+000
    endloop
  endfacet
  facet normal -8.557808e-001  5.173387e-001  0.000000e+000
    outer loop
      vertex  7.229016e+000  3.043340e+001  3.600000e+000
      vertex  7.229016e+000  3.043340e+001  4.400000e+000
      vertex  7.331713e+000  3.060328e+001  3.600000e+000
    endloop
  endfacet
  facet normal -8.557808e-001  5.173387e-001  0.000000e+000
    outer loop
      vertex  7.331713e+000  3.060328e+001  3.600000e+000
      vertex  7.229016e+000  3.043340e+001  4.400000e+000
      vertex  7.331713e+000  3.060328e+001  4.400000e+000
    endloop
  endfacet
  facet normal -8.342555e-001  5.513781e-001  0.000000e+000
    outer loop
      vertex  7.331713e+000  3.060328e+001  3.600000e+000
      vertex  7.331713e+000  3.060328e+001  4.400000e+000
      vertex  7.441167e+000  3.076888e+001  3.600000e+000
    endloop
  endfacet
  facet normal -8.342555e-001  5.513781e-001  0.000000e+000
    outer loop
      vertex  7.441167e+000  3.076888e+001  3.600000e+000
      vertex  7.331713e+000  3.060328e+001  4.400000e+000
      vertex  7.441167e+000  3.076888e+001  4.400000e+000
    endloop
  endfacet
  facet normal -8.113788e-001  5.845207e-001  0.000000e+000
    outer loop
      vertex  7.441167e+000  3.076888e+001  3.600000e+000
      vertex  7.441167e+000  3.076888e+001  4.400000e+000
      vertex  7.557201e+000  3.092995e+001  3.600000e+000
    endloop
  endfacet
  facet normal -8.113788e-001  5.845207e-001  0.000000e+000
    outer loop
      vertex  7.557201e+000  3.092995e+001  3.600000e+000
      vertex  7.441167e+000  3.076888e+001  4.400000e+000
      vertex  7.557201e+000  3.092995e+001  4.400000e+000
    endloop
  endfacet
  facet normal -7.871821e-001  6.167206e-001  0.000000e+000
    outer loop
      vertex  7.557201e+000  3.092995e+001  3.600000e+000
      vertex  7.557201e+000  3.092995e+001  4.400000e+000
      vertex  7.679626e+000  3.108622e+001  3.600000e+000
    endloop
  endfacet
  facet normal -7.871821e-001  6.167206e-001  0.000000e+000
    outer loop
      vertex  7.679626e+000  3.108622e+001  3.600000e+000
      vertex  7.557201e+000  3.092995e+001  4.400000e+000
      vertex  7.679626e+000  3.108622e+001  4.400000e+000
    endloop
  endfacet
  facet normal -7.617151e-001  6.479123e-001  0.000000e+000
    outer loop
      vertex  7.679626e+000  3.108622e+001  3.600000e+000
      vertex  7.679626e+000  3.108622e+001  4.400000e+000
      vertex  7.808244e+000  3.123742e+001  3.600000e+000
    endloop
  endfacet
  facet normal -7.617151e-001  6.479123e-001  0.000000e+000
    outer loop
      vertex  7.808244e+000  3.123742e+001  3.600000e+000
      vertex  7.679626e+000  3.108622e+001  4.400000e+000
      vertex  7.808244e+000  3.123742e+001  4.400000e+000
    endloop
  endfacet
  facet normal -7.350019e-001  6.780651e-001  0.000000e+000
    outer loop
      vertex  7.808244e+000  3.123742e+001  3.600000e+000
      vertex  7.808244e+000  3.123742e+001  4.400000e+000
      vertex  7.942846e+000  3.138333e+001  3.600000e+000
    endloop
  endfacet
  facet normal -7.350019e-001  6.780651e-001  0.000000e+000
    outer loop
      vertex  7.942846e+000  3.138333e+001  3.600000e+000
      vertex  7.808244e+000  3.123742e+001  4.400000e+000
      vertex  7.942846e+000  3.138333e+001  4.400000e+000
    endloop
  endfacet
  facet normal -7.071103e-001  7.071031e-001  0.000000e+000
    outer loop
      vertex  7.942846e+000  3.138333e+001  3.600000e+000
      vertex  7.942846e+000  3.138333e+001  4.400000e+000
      vertex  8.083214e+000  3.152370e+001  3.600000e+000
    endloop
  endfacet
  facet normal -7.071103e-001  7.071031e-001  0.000000e+000
    outer loop
      vertex  8.083214e+000  3.152370e+001  3.600000e+000
      vertex  7.942846e+000  3.138333e+001  4.400000e+000
      vertex  8.083214e+000  3.152370e+001  4.400000e+000
    endloop
  endfacet
  facet normal -6.780590e-001  7.350075e-001  0.000000e+000
    outer loop
      vertex  8.083214e+000  3.152370e+001  3.600000e+000
      vertex  8.083214e+000  3.152370e+001  4.400000e+000
      vertex  8.229120e+000  3.165830e+001  3.600000e+000
    endloop
  endfacet
  facet normal -6.780590e-001  7.350075e-001  0.000000e+000
    outer loop
      vertex  8.229120e+000  3.165830e+001  3.600000e+000
      vertex  8.083214e+000  3.152370e+001  4.400000e+000
      vertex  8.229120e+000  3.165830e+001  4.400000e+000
    endloop
  endfacet
  facet normal -6.479160e-001  7.617118e-001  0.000000e+000
    outer loop
      vertex  8.229120e+000  3.165830e+001  3.600000e+000
      vertex  8.229120e+000  3.165830e+001  4.400000e+000
      vertex  8.380328e+000  3.178692e+001  3.600000e+000
    endloop
  endfacet
  facet normal -6.479160e-001  7.617118e-001  0.000000e+000
    outer loop
      vertex  8.380328e+000  3.178692e+001  3.600000e+000
      vertex  8.229120e+000  3.165830e+001  4.400000e+000
      vertex  8.380328e+000  3.178692e+001  4.400000e+000
    endloop
  endfacet
  facet normal -6.167206e-001  7.871821e-001  0.000000e+000
    outer loop
      vertex  8.380328e+000  3.178692e+001  3.600000e+000
      vertex  8.380328e+000  3.178692e+001  4.400000e+000
      vertex  8.536592e+000  3.190934e+001  3.600000e+000
    endloop
  endfacet
  facet normal -6.167206e-001  7.871821e-001  0.000000e+000
    outer loop
      vertex  8.536592e+000  3.190934e+001  3.600000e+000
      vertex  8.380328e+000  3.178692e+001  4.400000e+000
      vertex  8.536592e+000  3.190934e+001  4.400000e+000
    endloop
  endfacet
  facet normal -5.845150e-001  8.113828e-001  0.000000e+000
    outer loop
      vertex  8.536592e+000  3.190934e+001  3.600000e+000
      vertex  8.536592e+000  3.190934e+001  4.400000e+000
      vertex  8.697659e+000  3.202538e+001  3.600000e+000
    endloop
  endfacet
  facet normal -5.845150e-001  8.113828e-001  0.000000e+000
    outer loop
      vertex  8.697659e+000  3.202538e+001  3.600000e+000
      vertex  8.536592e+000  3.190934e+001  4.400000e+000
      vertex  8.697659e+000  3.202538e+001  4.400000e+000
    endloop
  endfacet
  facet normal -5.513809e-001  8.342536e-001  0.000000e+000
    outer loop
      vertex  8.697659e+000  3.202538e+001  3.600000e+000
      vertex  8.697659e+000  3.202538e+001  4.400000e+000
      vertex  8.863267e+000  3.213483e+001  3.600000e+000
    endloop
  endfacet
  facet normal -5.513809e-001  8.342536e-001  0.000000e+000
    outer loop
      vertex  8.863267e+000  3.213483e+001  3.600000e+000
      vertex  8.697659e+000  3.202538e+001  4.400000e+000
      vertex  8.863267e+000  3.213483e+001  4.400000e+000
    endloop
  endfacet
  facet normal -5.173457e-001  8.557765e-001  0.000000e+000
    outer loop
      vertex  8.863267e+000  3.213483e+001  3.600000e+000
      vertex  8.863267e+000  3.213483e+001  4.400000e+000
      vertex  9.033149e+000  3.223753e+001  3.600000e+000
    endloop
  endfacet
  facet normal -5.173457e-001  8.557765e-001  0.000000e+000
    outer loop
      vertex  9.033149e+000  3.223753e+001  3.600000e+000
      vertex  8.863267e+000  3.213483e+001  4.400000e+000
      vertex  9.033149e+000  3.223753e+001  4.400000e+000
    endloop
  endfacet
  facet normal -4.824544e-001  8.759211e-001  0.000000e+000
    outer loop
      vertex  9.033149e+000  3.223753e+001  3.600000e+000
      vertex  9.033149e+000  3.223753e+001  4.400000e+000
      vertex  9.207027e+000  3.233330e+001  3.600000e+000
    endloop
  endfacet
  facet normal -4.824544e-001  8.759211e-001  0.000000e+000
    outer loop
      vertex  9.207027e+000  3.233330e+001  3.600000e+000
      vertex  9.033149e+000  3.223753e+001  4.400000e+000
      vertex  9.207027e+000  3.233330e+001  4.400000e+000
    endloop
  endfacet
  facet normal -4.468042e-001  8.946317e-001  0.000000e+000
    outer loop
      vertex  9.207027e+000  3.233330e+001  3.600000e+000
      vertex  9.207027e+000  3.233330e+001  4.400000e+000
      vertex  9.384622e+000  3.242200e+001  3.600000e+000
    endloop
  endfacet
  facet normal -4.468042e-001  8.946317e-001  0.000000e+000
    outer loop
      vertex  9.384622e+000  3.242200e+001  3.600000e+000
      vertex  9.207027e+000  3.233330e+001  4.400000e+000
      vertex  9.384622e+000  3.242200e+001  4.400000e+000
    endloop
  endfacet
  facet normal -4.104096e-001  9.119012e-001  0.000000e+000
    outer loop
      vertex  9.384622e+000  3.242200e+001  3.600000e+000
      vertex  9.384622e+000  3.242200e+001  4.400000e+000
      vertex  9.565643e+000  3.250347e+001  3.600000e+000
    endloop
  endfacet
  facet normal -4.104096e-001  9.119012e-001  0.000000e+000
    outer loop
      vertex  9.565643e+000  3.250347e+001  3.600000e+000
      vertex  9.384622e+000  3.242200e+001  4.400000e+000
      vertex  9.565643e+000  3.250347e+001  4.400000e+000
    endloop
  endfacet
  facet normal -3.733595e-001  9.276867e-001  0.000000e+000
    outer loop
      vertex  9.565643e+000  3.250347e+001  3.600000e+000
      vertex  9.565643e+000  3.250347e+001  4.400000e+000
      vertex  9.749799e+000  3.257758e+001  3.600000e+000
    endloop
  endfacet
  facet normal -3.733595e-001  9.276867e-001  0.000000e+000
    outer loop
      vertex  9.749799e+000  3.257758e+001  3.600000e+000
      vertex  9.565643e+000  3.250347e+001  4.400000e+000
      vertex  9.749799e+000  3.257758e+001  4.400000e+000
    endloop
  endfacet
  facet normal -3.356969e-001  9.419701e-001  0.000000e+000
    outer loop
      vertex  9.749799e+000  3.257758e+001  3.600000e+000
      vertex  9.749799e+000  3.257758e+001  4.400000e+000
      vertex  9.936789e+000  3.264422e+001  3.600000e+000
    endloop
  endfacet
  facet normal -3.356969e-001  9.419701e-001  0.000000e+000
    outer loop
      vertex  9.936789e+000  3.264422e+001  3.600000e+000
      vertex  9.749799e+000  3.257758e+001  4.400000e+000
      vertex  9.936789e+000  3.264422e+001  4.400000e+000
    endloop
  endfacet
  facet normal -2.975098e-001  9.547188e-001  0.000000e+000
    outer loop
      vertex  9.936789e+000  3.264422e+001  3.600000e+000
      vertex  9.936789e+000  3.264422e+001  4.400000e+000
      vertex  1.012631e+001  3.270328e+001  3.600000e+000
    endloop
  endfacet
  facet normal -2.975098e-001  9.547188e-001  0.000000e+000
    outer loop
      vertex  1.012631e+001  3.270328e+001  3.600000e+000
      vertex  9.936789e+000  3.264422e+001  4.400000e+000
      vertex  1.012631e+001  3.270328e+001  4.400000e+000
    endloop
  endfacet
  facet normal -2.588107e-001  9.659281e-001  0.000000e+000
    outer loop
      vertex  1.012631e+001  3.270328e+001  3.600000e+000
      vertex  1.012631e+001  3.270328e+001  4.400000e+000
      vertex  1.031806e+001  3.275466e+001  3.600000e+000
    endloop
  endfacet
  facet normal -2.588107e-001  9.659281e-001  0.000000e+000
    outer loop
      vertex  1.031806e+001  3.275466e+001  3.600000e+000
      vertex  1.012631e+001  3.270328e+001  4.400000e+000
      vertex  1.031806e+001  3.275466e+001  4.400000e+000
    endloop
  endfacet
  facet normal -2.197222e-001  9.755625e-001  0.000000e+000
    outer loop
      vertex  1.031806e+001  3.275466e+001  3.600000e+000
      vertex  1.031806e+001  3.275466e+001  4.400000e+000
      vertex  1.051172e+001  3.279827e+001  3.600000e+000
    endloop
  endfacet
  facet normal -2.197222e-001  9.755625e-001  0.000000e+000
    outer loop
      vertex  1.051172e+001  3.279827e+001  3.600000e+000
      vertex  1.031806e+001  3.275466e+001  4.400000e+000
      vertex  1.051172e+001  3.279827e+001  4.400000e+000
    endloop
  endfacet
  facet normal -1.802516e-001  9.836205e-001  0.000000e+000
    outer loop
      vertex  1.051172e+001  3.279827e+001  3.600000e+000
      vertex  1.051172e+001  3.279827e+001  4.400000e+000
      vertex  1.070698e+001  3.283406e+001  3.600000e+000
    endloop
  endfacet
  facet normal -1.802516e-001  9.836205e-001  0.000000e+000
    outer loop
      vertex  1.070698e+001  3.283406e+001  3.600000e+000
      vertex  1.051172e+001  3.279827e+001  4.400000e+000
      vertex  1.070698e+001  3.283406e+001  4.400000e+000
    endloop
  endfacet
  facet normal -1.405120e-001  9.900789e-001  0.000000e+000
    outer loop
      vertex  1.070698e+001  3.283406e+001  3.600000e+000
      vertex  1.070698e+001  3.283406e+001  4.400000e+000
      vertex  1.090352e+001  3.286195e+001  3.600000e+000
    endloop
  endfacet
  facet normal -1.405120e-001  9.900789e-001  0.000000e+000
    outer loop
      vertex  1.090352e+001  3.286195e+001  3.600000e+000
      vertex  1.070698e+001  3.283406e+001  4.400000e+000
      vertex  1.090352e+001  3.286195e+001  4.400000e+000
    endloop
  endfacet
  facet normal -1.005220e-001  9.949348e-001  0.000000e+000
    outer loop
      vertex  1.090352e+001  3.286195e+001  3.600000e+000
      vertex  1.090352e+001  3.286195e+001  4.400000e+000
      vertex  1.110102e+001  3.288190e+001  3.600000e+000
    endloop
  endfacet
  facet normal -1.005220e-001  9.949348e-001  0.000000e+000
    outer loop
      vertex  1.110102e+001  3.288190e+001  3.600000e+000
      vertex  1.090352e+001  3.286195e+001  4.400000e+000
      vertex  1.110102e+001  3.288190e+001  4.400000e+000
    endloop
  endfacet
  facet normal -6.037873e-002  9.981755e-001  0.000000e+000
    outer loop
      vertex  1.110102e+001  3.288190e+001  3.600000e+000
      vertex  1.110102e+001  3.288190e+001  4.400000e+000
      vertex  1.129917e+001  3.289389e+001  3.600000e+000
    endloop
  endfacet
  facet normal -6.037873e-002  9.981755e-001  0.000000e+000
    outer loop
      vertex  1.129917e+001  3.289389e+001  3.600000e+000
      vertex  1.110102e+001  3.288190e+001  4.400000e+000
      vertex  1.129917e+001  3.289389e+001  4.400000e+000
    endloop
  endfacet
  facet normal -2.013901e-002  9.997973e-001  0.000000e+000
    outer loop
      vertex  1.129917e+001  3.289389e+001  3.600000e+000
      vertex  1.129917e+001  3.289389e+001  4.400000e+000
      vertex  1.149764e+001  3.289789e+001  3.600000e+000
    endloop
  endfacet
  facet normal -2.013901e-002  9.997973e-001  0.000000e+000
    outer loop
      vertex  1.149764e+001  3.289789e+001  3.600000e+000
      vertex  1.129917e+001  3.289389e+001  4.400000e+000
      vertex  1.149764e+001  3.289789e+001  4.400000e+000
    endloop
  endfacet
  facet normal  2.013901e-002  9.997973e-001  0.000000e+000
    outer loop
      vertex  1.149764e+001  3.289789e+001  3.600000e+000
      vertex  1.149764e+001  3.289789e+001  4.400000e+000
      vertex  1.169611e+001  3.289389e+001  3.600000e+000
    endloop
  endfacet
  facet normal  2.013901e-002  9.997973e-001  -0.000000e+000
    outer loop
      vertex  1.169611e+001  3.289389e+001  3.600000e+000
      vertex  1.149764e+001  3.289789e+001  4.400000e+000
      vertex  1.169611e+001  3.289389e+001  4.400000e+000
    endloop
  endfacet
  facet normal  6.037844e-002  9.981756e-001  0.000000e+000
    outer loop
      vertex  1.169611e+001  3.289389e+001  3.600000e+000
      vertex  1.169611e+001  3.289389e+001  4.400000e+000
      vertex  1.189426e+001  3.288190e+001  3.600000e+000
    endloop
  endfacet
  facet normal  6.037844e-002  9.981756e-001  -0.000000e+000
    outer loop
      vertex  1.189426e+001  3.288190e+001  3.600000e+000
      vertex  1.169611e+001  3.289389e+001  4.400000e+000
      vertex  1.189426e+001  3.288190e+001  4.400000e+000
    endloop
  endfacet
  facet normal  1.005220e-001  9.949348e-001  0.000000e+000
    outer loop
      vertex  1.189426e+001  3.288190e+001  3.600000e+000
      vertex  1.189426e+001  3.288190e+001  4.400000e+000
      vertex  1.209176e+001  3.286195e+001  3.600000e+000
    endloop
  endfacet
  facet normal  1.005220e-001  9.949348e-001  -0.000000e+000
    outer loop
      vertex  1.209176e+001  3.286195e+001  3.600000e+000
      vertex  1.189426e+001  3.288190e+001  4.400000e+000
      vertex  1.209176e+001  3.286195e+001  4.400000e+000
    endloop
  endfacet
  facet normal  1.405120e-001  9.900789e-001  0.000000e+000
    outer loop
      vertex  1.209176e+001  3.286195e+001  3.600000e+000
      vertex  1.209176e+001  3.286195e+001  4.400000e+000
      vertex  1.228830e+001  3.283406e+001  3.600000e+000
    endloop
  endfacet
  facet normal  1.405120e-001  9.900789e-001  -0.000000e+000
    outer loop
      vertex  1.228830e+001  3.283406e+001  3.600000e+000
      vertex  1.209176e+001  3.286195e+001  4.400000e+000
      vertex  1.228830e+001  3.283406e+001  4.400000e+000
    endloop
  endfacet
  facet normal  1.802516e-001  9.836205e-001  0.000000e+000
    outer loop
      vertex  1.228830e+001  3.283406e+001  3.600000e+000
      vertex  1.228830e+001  3.283406e+001  4.400000e+000
      vertex  1.248356e+001  3.279827e+001  3.600000e+000
    endloop
  endfacet
  facet normal  1.802516e-001  9.836205e-001  -0.000000e+000
    outer loop
      vertex  1.248356e+001  3.279827e+001  3.600000e+000
      vertex  1.228830e+001  3.283406e+001  4.400000e+000
      vertex  1.248356e+001  3.279827e+001  4.400000e+000
    endloop
  endfacet
  facet normal  2.197232e-001  9.755622e-001  0.000000e+000
    outer loop
      vertex  1.248356e+001  3.279827e+001  3.600000e+000
      vertex  1.248356e+001  3.279827e+001  4.400000e+000
      vertex  1.267722e+001  3.275466e+001  3.600000e+000
    endloop
  endfacet
  facet normal  2.197232e-001  9.755622e-001  -0.000000e+000
    outer loop
      vertex  1.267722e+001  3.275466e+001  3.600000e+000
      vertex  1.248356e+001  3.279827e+001  4.400000e+000
      vertex  1.267722e+001  3.275466e+001  4.400000e+000
    endloop
  endfacet
  facet normal  2.588095e-001  9.659284e-001  0.000000e+000
    outer loop
      vertex  1.267722e+001  3.275466e+001  3.600000e+000
      vertex  1.267722e+001  3.275466e+001  4.400000e+000
      vertex  1.286897e+001  3.270328e+001  3.600000e+000
    endloop
  endfacet
  facet normal  2.588095e-001  9.659284e-001  -0.000000e+000
    outer loop
      vertex  1.286897e+001  3.270328e+001  3.600000e+000
      vertex  1.267722e+001  3.275466e+001  4.400000e+000
      vertex  1.286897e+001  3.270328e+001  4.400000e+000
    endloop
  endfacet
  facet normal  2.975112e-001  9.547184e-001  0.000000e+000
    outer loop
      vertex  1.286897e+001  3.270328e+001  3.600000e+000
      vertex  1.286897e+001  3.270328e+001  4.400000e+000
      vertex  1.305849e+001  3.264422e+001  3.600000e+000
    endloop
  endfacet
  facet normal  2.975112e-001  9.547184e-001  -0.000000e+000
    outer loop
      vertex  1.305849e+001  3.264422e+001  3.600000e+000
      vertex  1.286897e+001  3.270328e+001  4.400000e+000
      vertex  1.305849e+001  3.264422e+001  4.400000e+000
    endloop
  endfacet
  facet normal  3.356954e-001  9.419707e-001  0.000000e+000
    outer loop
      vertex  1.305849e+001  3.264422e+001  3.600000e+000
      vertex  1.305849e+001  3.264422e+001  4.400000e+000
      vertex  1.324548e+001  3.257758e+001  3.600000e+000
    endloop
  endfacet
  facet normal  3.356954e-001  9.419707e-001  -0.000000e+000
    outer loop
      vertex  1.324548e+001  3.257758e+001  3.600000e+000
      vertex  1.305849e+001  3.264422e+001  4.400000e+000
      vertex  1.324548e+001  3.257758e+001  4.400000e+000
    endloop
  endfacet
  facet normal  3.733612e-001  9.276860e-001  0.000000e+000
    outer loop
      vertex  1.324548e+001  3.257758e+001  3.600000e+000
      vertex  1.324548e+001  3.257758e+001  4.400000e+000
      vertex  1.342964e+001  3.250347e+001  3.600000e+000
    endloop
  endfacet
  facet normal  3.733612e-001  9.276860e-001  -0.000000e+000
    outer loop
      vertex  1.342964e+001  3.250347e+001  3.600000e+000
      vertex  1.324548e+001  3.257758e+001  4.400000e+000
      vertex  1.342964e+001  3.250347e+001  4.400000e+000
    endloop
  endfacet
  facet normal  4.104096e-001  9.119012e-001  0.000000e+000
    outer loop
      vertex  1.342964e+001  3.250347e+001  3.600000e+000
      vertex  1.342964e+001  3.250347e+001  4.400000e+000
      vertex  1.361066e+001  3.242200e+001  3.600000e+000
    endloop
  endfacet
  facet normal  4.104096e-001  9.119012e-001  -0.000000e+000
    outer loop
      vertex  1.361066e+001  3.242200e+001  3.600000e+000
      vertex  1.342964e+001  3.250347e+001  4.400000e+000
      vertex  1.361066e+001  3.242200e+001  4.400000e+000
    endloop
  endfacet
  facet normal  4.468042e-001  8.946317e-001  0.000000e+000
    outer loop
      vertex  1.361066e+001  3.242200e+001  3.600000e+000
      vertex  1.361066e+001  3.242200e+001  4.400000e+000
      vertex  1.378825e+001  3.233330e+001  3.600000e+000
    endloop
  endfacet
  facet normal  4.468042e-001  8.946317e-001  -0.000000e+000
    outer loop
      vertex  1.378825e+001  3.233330e+001  3.600000e+000
      vertex  1.361066e+001  3.242200e+001  4.400000e+000
      vertex  1.378825e+001  3.233330e+001  4.400000e+000
    endloop
  endfacet
  facet normal  4.824524e-001  8.759222e-001  0.000000e+000
    outer loop
      vertex  1.378825e+001  3.233330e+001  3.600000e+000
      vertex  1.378825e+001  3.233330e+001  4.400000e+000
      vertex  1.396213e+001  3.223753e+001  3.600000e+000
    endloop
  endfacet
  facet normal  4.824524e-001  8.759222e-001  -0.000000e+000
    outer loop
      vertex  1.396213e+001  3.223753e+001  3.600000e+000
      vertex  1.378825e+001  3.233330e+001  4.400000e+000
      vertex  1.396213e+001  3.223753e+001  4.400000e+000
    endloop
  endfacet
  facet normal  5.173479e-001  8.557753e-001  0.000000e+000
    outer loop
      vertex  1.396213e+001  3.223753e+001  3.600000e+000
      vertex  1.396213e+001  3.223753e+001  4.400000e+000
      vertex  1.413201e+001  3.213483e+001  3.600000e+000
    endloop
  endfacet
  facet normal  5.173479e-001  8.557753e-001  -0.000000e+000
    outer loop
      vertex  1.413201e+001  3.213483e+001  3.600000e+000
      vertex  1.396213e+001  3.223753e+001  4.400000e+000
      vertex  1.413201e+001  3.213483e+001  4.400000e+000
    endloop
  endfacet
  facet normal  5.513809e-001  8.342536e-001  0.000000e+000
    outer loop
      vertex  1.413201e+001  3.213483e+001  3.600000e+000
      vertex  1.413201e+001  3.213483e+001  4.400000e+000
      vertex  1.429762e+001  3.202538e+001  3.600000e+000
    endloop
  endfacet
  facet normal  5.513809e-001  8.342536e-001  -0.000000e+000
    outer loop
      vertex  1.429762e+001  3.202538e+001  3.600000e+000
      vertex  1.413201e+001  3.213483e+001  4.400000e+000
      vertex  1.429762e+001  3.202538e+001  4.400000e+000
    endloop
  endfacet
  facet normal  5.845150e-001  8.113828e-001  0.000000e+000
    outer loop
      vertex  1.429762e+001  3.202538e+001  3.600000e+000
      vertex  1.429762e+001  3.202538e+001  4.400000e+000
      vertex  1.445869e+001  3.190934e+001  3.600000e+000
    endloop
  endfacet
  facet normal  5.845150e-001  8.113828e-001  -0.000000e+000
    outer loop
      vertex  1.445869e+001  3.190934e+001  3.600000e+000
      vertex  1.429762e+001  3.202538e+001  4.400000e+000
      vertex  1.445869e+001  3.190934e+001  4.400000e+000
    endloop
  endfacet
  facet normal  6.167183e-001  7.871839e-001  0.000000e+000
    outer loop
      vertex  1.445869e+001  3.190934e+001  3.600000e+000
      vertex  1.445869e+001  3.190934e+001  4.400000e+000
      vertex  1.461495e+001  3.178692e+001  3.600000e+000
    endloop
  endfacet
  facet normal  6.167183e-001  7.871839e-001  -0.000000e+000
    outer loop
      vertex  1.461495e+001  3.178692e+001  3.600000e+000
      vertex  1.445869e+001  3.190934e+001  4.400000e+000
      vertex  1.461495e+001  3.178692e+001  4.400000e+000
    endloop
  endfacet
  facet normal  6.479160e-001  7.617118e-001  0.000000e+000
    outer loop
      vertex  1.461495e+001  3.178692e+001  3.600000e+000
      vertex  1.461495e+001  3.178692e+001  4.400000e+000
      vertex  1.476616e+001  3.165830e+001  3.600000e+000
    endloop
  endfacet
  facet normal  6.479160e-001  7.617118e-001  -0.000000e+000
    outer loop
      vertex  1.476616e+001  3.165830e+001  3.600000e+000
      vertex  1.461495e+001  3.178692e+001  4.400000e+000
      vertex  1.476616e+001  3.165830e+001  4.400000e+000
    endloop
  endfacet
  facet normal  6.780614e-001  7.350053e-001  0.000000e+000
    outer loop
      vertex  1.476616e+001  3.165830e+001  3.600000e+000
      vertex  1.476616e+001  3.165830e+001  4.400000e+000
      vertex  1.491207e+001  3.152370e+001  3.600000e+000
    endloop
  endfacet
  facet normal  6.780614e-001  7.350053e-001  -0.000000e+000
    outer loop
      vertex  1.491207e+001  3.152370e+001  3.600000e+000
      vertex  1.476616e+001  3.165830e+001  4.400000e+000
      vertex  1.491207e+001  3.152370e+001  4.400000e+000
    endloop
  endfacet
  facet normal  7.071092e-001  7.071043e-001  0.000000e+000
    outer loop
      vertex  1.491207e+001  3.152370e+001  3.600000e+000
      vertex  1.491207e+001  3.152370e+001  4.400000e+000
      vertex  1.505243e+001  3.138333e+001  3.600000e+000
    endloop
  endfacet
  facet normal  7.071092e-001  7.071043e-001  -0.000000e+000
    outer loop
      vertex  1.505243e+001  3.138333e+001  3.600000e+000
      vertex  1.491207e+001  3.152370e+001  4.400000e+000
      vertex  1.505243e+001  3.138333e+001  4.400000e+000
    endloop
  endfacet
  facet normal  7.350007e-001  6.780664e-001  0.000000e+000
    outer loop
      vertex  1.505243e+001  3.138333e+001  3.600000e+000
      vertex  1.505243e+001  3.138333e+001  4.400000e+000
      vertex  1.518704e+001  3.123742e+001  3.600000e+000
    endloop
  endfacet
  facet normal  7.350007e-001  6.780664e-001  -0.000000e+000
    outer loop
      vertex  1.518704e+001  3.123742e+001  3.600000e+000
      vertex  1.505243e+001  3.138333e+001  4.400000e+000
      vertex  1.518704e+001  3.123742e+001  4.400000e+000
    endloop
  endfacet
  facet normal  7.617161e-001  6.479108e-001  0.000000e+000
    outer loop
      vertex  1.518704e+001  3.123742e+001  3.600000e+000
      vertex  1.518704e+001  3.123742e+001  4.400000e+000
      vertex  1.531565e+001  3.108622e+001  3.600000e+000
    endloop
  endfacet
  facet normal  7.617161e-001  6.479108e-001  -0.000000e+000
    outer loop
      vertex  1.531565e+001  3.108622e+001  3.600000e+000
      vertex  1.518704e+001  3.123742e+001  4.400000e+000
      vertex  1.531565e+001  3.108622e+001  4.400000e+000
    endloop
  endfacet
  facet normal  7.871821e-001  6.167206e-001  0.000000e+000
    outer loop
      vertex  1.531565e+001  3.108622e+001  3.600000e+000
      vertex  1.531565e+001  3.108622e+001  4.400000e+000
      vertex  1.543808e+001  3.092995e+001  3.600000e+000
    endloop
  endfacet
  facet normal  7.871821e-001  6.167206e-001  -0.000000e+000
    outer loop
      vertex  1.543808e+001  3.092995e+001  3.600000e+000
      vertex  1.531565e+001  3.108622e+001  4.400000e+000
      vertex  1.543808e+001  3.092995e+001  4.400000e+000
    endloop
  endfacet
  facet normal  8.113800e-001  5.845191e-001  0.000000e+000
    outer loop
      vertex  1.543808e+001  3.092995e+001  3.600000e+000
      vertex  1.543808e+001  3.092995e+001  4.400000e+000
      vertex  1.555411e+001  3.076888e+001  3.600000e+000
    endloop
  endfacet
  facet normal  8.113800e-001  5.845191e-001  -0.000000e+000
    outer loop
      vertex  1.555411e+001  3.076888e+001  3.600000e+000
      vertex  1.543808e+001  3.092995e+001  4.400000e+000
      vertex  1.555411e+001  3.076888e+001  4.400000e+000
    endloop
  endfacet
  facet normal  8.342544e-001  5.513797e-001  0.000000e+000
    outer loop
      vertex  1.555411e+001  3.076888e+001  3.600000e+000
      vertex  1.555411e+001  3.076888e+001  4.400000e+000
      vertex  1.566357e+001  3.060328e+001  3.600000e+000
    endloop
  endfacet
  facet normal  8.342544e-001  5.513797e-001  -0.000000e+000
    outer loop
      vertex  1.566357e+001  3.060328e+001  3.600000e+000
      vertex  1.555411e+001  3.076888e+001  4.400000e+000
      vertex  1.566357e+001  3.060328e+001  4.400000e+000
    endloop
  endfacet
  facet normal  8.557808e-001  5.173387e-001  0.000000e+000
    outer loop
      vertex  1.566357e+001  3.060328e+001  3.600000e+000
      vertex  1.566357e+001  3.060328e+001  4.400000e+000
      vertex  1.576626e+001  3.043340e+001  3.600000e+000
    endloop
  endfacet
  facet normal  8.557808e-001  5.173387e-001  -0.000000e+000
    outer loop
      vertex  1.576626e+001  3.043340e+001  3.600000e+000
      vertex  1.566357e+001  3.060328e+001  4.400000e+000
      vertex  1.576626e+001  3.043340e+001  4.400000e+000
    endloop
  endfacet
  facet normal  8.759202e-001  4.824561e-001  0.000000e+000
    outer loop
      vertex  1.576626e+001  3.043340e+001  3.600000e+000
      vertex  1.576626e+001  3.043340e+001  4.400000e+000
      vertex  1.586204e+001  3.025952e+001  3.600000e+000
    endloop
  endfacet
  facet normal  8.759202e-001  4.824561e-001  -0.000000e+000
    outer loop
      vertex  1.586204e+001  3.025952e+001  3.600000e+000
      vertex  1.576626e+001  3.043340e+001  4.400000e+000
      vertex  1.586204e+001  3.025952e+001  4.400000e+000
    endloop
  endfacet
  facet normal  8.946328e-001  4.468023e-001  0.000000e+000
    outer loop
      vertex  1.586204e+001  3.025952e+001  3.600000e+000
      vertex  1.586204e+001  3.025952e+001  4.400000e+000
      vertex  1.595073e+001  3.008192e+001  3.600000e+000
    endloop
  endfacet
  facet normal  8.946328e-001  4.468023e-001  -0.000000e+000
    outer loop
      vertex  1.595073e+001  3.008192e+001  3.600000e+000
      vertex  1.586204e+001  3.025952e+001  4.400000e+000
      vertex  1.595073e+001  3.008192e+001  4.400000e+000
    endloop
  endfacet
  facet normal  9.119021e-001  4.104078e-001  0.000000e+000
    outer loop
      vertex  1.595073e+001  3.008192e+001  3.600000e+000
      vertex  1.595073e+001  3.008192e+001  4.400000e+000
      vertex  1.603220e+001  2.990090e+001  3.600000e+000
    endloop
  endfacet
  facet normal  9.119021e-001  4.104078e-001  -0.000000e+000
    outer loop
      vertex  1.603220e+001  2.990090e+001  3.600000e+000
      vertex  1.595073e+001  3.008192e+001  4.400000e+000
      vertex  1.603220e+001  2.990090e+001  4.400000e+000
    endloop
  endfacet
  facet normal  9.276860e-001  3.733612e-001  0.000000e+000
    outer loop
      vertex  1.603220e+001  2.990090e+001  3.600000e+000
      vertex  1.603220e+001  2.990090e+001  4.400000e+000
      vertex  1.610632e+001  2.971675e+001  3.600000e+000
    endloop
  endfacet
  facet normal  9.276860e-001  3.733612e-001  -0.000000e+000
    outer loop
      vertex  1.610632e+001  2.971675e+001  3.600000e+000
      vertex  1.603220e+001  2.990090e+001  4.400000e+000
      vertex  1.610632e+001  2.971675e+001  4.400000e+000
    endloop
  endfacet
  facet normal  9.419675e-001  3.357039e-001  0.000000e+000
    outer loop
      vertex  1.610632e+001  2.971675e+001  3.600000e+000
      vertex  1.610632e+001  2.971675e+001  4.400000e+000
      vertex  1.617296e+001  2.952975e+001  3.600000e+000
    endloop
  endfacet
  facet normal  9.419675e-001  3.357039e-001  -0.000000e+000
    outer loop
      vertex  1.617296e+001  2.952975e+001  3.600000e+000
      vertex  1.610632e+001  2.971675e+001  4.400000e+000
      vertex  1.617296e+001  2.952975e+001  4.400000e+000
    endloop
  endfacet
  facet normal  9.547184e-001  2.975112e-001  0.000000e+000
    outer loop
      vertex  1.617296e+001  2.952975e+001  3.600000e+000
      vertex  1.617296e+001  2.952975e+001  4.400000e+000
      vertex  1.623202e+001  2.934023e+001  3.600000e+000
    endloop
  endfacet
  facet normal  9.547184e-001  2.975112e-001  -0.000000e+000
    outer loop
      vertex  1.623202e+001  2.934023e+001  3.600000e+000
      vertex  1.617296e+001  2.952975e+001  4.400000e+000
      vertex  1.623202e+001  2.934023e+001  4.400000e+000
    endloop
  endfacet
  facet normal  9.659256e-001  2.588196e-001  0.000000e+000
    outer loop
      vertex  1.623202e+001  2.934023e+001  3.600000e+000
      vertex  1.623202e+001  2.934023e+001  4.400000e+000
      vertex  1.628340e+001  2.914849e+001  3.600000e+000
    endloop
  endfacet
  facet normal  9.659256e-001  2.588196e-001  -0.000000e+000
    outer loop
      vertex  1.628340e+001  2.914849e+001  3.600000e+000
      vertex  1.623202e+001  2.934023e+001  4.400000e+000
      vertex  1.628340e+001  2.914849e+001  4.400000e+000
    endloop
  endfacet
  facet normal  9.755648e-001  2.197120e-001  0.000000e+000
    outer loop
      vertex  1.628340e+001  2.914849e+001  3.600000e+000
      vertex  1.628340e+001  2.914849e+001  4.400000e+000
      vertex  1.632701e+001  2.895483e+001  3.600000e+000
    endloop
  endfacet
  facet normal  9.755648e-001  2.197120e-001  -0.000000e+000
    outer loop
      vertex  1.632701e+001  2.895483e+001  3.600000e+000
      vertex  1.628340e+001  2.914849e+001  4.400000e+000
      vertex  1.632701e+001  2.895483e+001  4.400000e+000
    endloop
  endfacet
  facet normal  9.836202e-001  1.802534e-001  0.000000e+000
    outer loop
      vertex  1.632701e+001  2.895483e+001  3.600000e+000
      vertex  1.632701e+001  2.895483e+001  4.400000e+000
      vertex  1.636279e+001  2.875957e+001  3.600000e+000
    endloop
  endfacet
  facet normal  9.836202e-001  1.802534e-001  -0.000000e+000
    outer loop
      vertex  1.636279e+001  2.875957e+001  3.600000e+000
      vertex  1.632701e+001  2.895483e+001  4.400000e+000
      vertex  1.636279e+001  2.875957e+001  4.400000e+000
    endloop
  endfacet
  facet normal  9.900805e-001  1.405012e-001  0.000000e+000
    outer loop
      vertex  1.636279e+001  2.875957e+001  3.600000e+000
      vertex  1.636279e+001  2.875957e+001  4.400000e+000
      vertex  1.639068e+001  2.856303e+001  3.600000e+000
    endloop
  endfacet
  facet normal  9.900805e-001  1.405012e-001  -0.000000e+000
    outer loop
      vertex  1.639068e+001  2.856303e+001  3.600000e+000
      vertex  1.636279e+001  2.875957e+001  4.400000e+000
      vertex  1.639068e+001  2.856303e+001  4.400000e+000
    endloop
  endfacet
  facet normal  9.949347e-001  1.005225e-001  0.000000e+000
    outer loop
      vertex  1.639068e+001  2.856303e+001  3.600000e+000
      vertex  1.639068e+001  2.856303e+001  4.400000e+000
      vertex  1.641064e+001  2.836552e+001  3.600000e+000
    endloop
  endfacet
  facet normal  9.949347e-001  1.005225e-001  -0.000000e+000
    outer loop
      vertex  1.641064e+001  2.836552e+001  3.600000e+000
      vertex  1.639068e+001  2.856303e+001  4.400000e+000
      vertex  1.641064e+001  2.836552e+001  4.400000e+000
    endloop
  endfacet
  facet normal  9.981756e-001  6.037844e-002  0.000000e+000
    outer loop
      vertex  1.641064e+001  2.836552e+001  3.600000e+000
      vertex  1.641064e+001  2.836552e+001  4.400000e+000
      vertex  1.642262e+001  2.816737e+001  3.600000e+000
    endloop
  endfacet
  facet normal  9.981756e-001  6.037844e-002  -0.000000e+000
    outer loop
      vertex  1.642262e+001  2.816737e+001  3.600000e+000
      vertex  1.641064e+001  2.836552e+001  4.400000e+000
      vertex  1.642262e+001  2.816737e+001  4.400000e+000
    endloop
  endfacet
  facet normal  9.997972e-001  2.013911e-002  0.000000e+000
    outer loop
      vertex  1.642262e+001  2.816737e+001  3.600000e+000
      vertex  1.642262e+001  2.816737e+001  4.400000e+000
      vertex  1.642662e+001  2.796890e+001  3.600000e+000
    endloop
  endfacet
  facet normal  9.997972e-001  2.013911e-002  -0.000000e+000
    outer loop
      vertex  1.642662e+001  2.796890e+001  3.600000e+000
      vertex  1.642262e+001  2.816737e+001  4.400000e+000
      vertex  1.642662e+001  2.796890e+001  4.400000e+000
    endloop
  endfacet
  facet normal  0.000000e+000  0.000000e+000 -1.000000e+000
    outer loop
      vertex  1.149764e+001  3.289789e+001  3.600000e+000
      vertex  1.169611e+001  3.289389e+001  3.600000e+000
      vertex  1.129917e+001  3.289389e+001  3.600000e+000
    endloop
  endfacet
  facet normal  0.000000e+000  0.000000e+000 -1.000000e+000
    outer loop
      vertex  1.149764e+001  2.303992e+001  3.600000e+000
      vertex  1.129917e+001  2.304392e+001  3.600000e+000
      vertex  1.169611e+001  2.304392e+001  3.600000e+000
    endloop
  endfacet
  facet normal  0.000000e+000  0.000000e+000 -1.000000e+000
    outer loop
      vertex  1.169611e+001  2.304392e+001  3.600000e+000
      vertex  1.129917e+001  2.304392e+001  3.600000e+000
      vertex  1.110102e+001  2.305590e+001  3.600000e+000
    endloop
  endfacet
  facet normal  0.000000e+000  0.000000e+000 -1.000000e+000
    outer loop
      vertex  1.169611e+001  2.304392e+001  3.600000e+000
      vertex  1.110102e+001  2.305590e+001  3.600000e+000
      vertex  1.189426e+001  2.305590e+001  3.600000e+000
    endloop
  endfacet
  facet normal  0.000000e+000  0.000000e+000 -1.000000e+000
    outer loop
      vertex  1.189426e+001  2.305590e+001  3.600000e+000
      vertex  1.110102e+001  2.305590e+001  3.600000e+000
      vertex  1.090352e+001  2.307586e+001  3.600000e+000
    endloop
  endfacet
  facet normal  0.000000e+000  0.000000e+000 -1.000000e+000
    outer loop
      vertex  1.189426e+001  2.305590e+001  3.600000e+000
      vertex  1.090352e+001  2.307586e+001  3.600000e+000
      vertex  1.209176e+001  2.307586e+001  3.600000e+000
    endloop
  endfacet
  facet normal  0.000000e+000  0.000000e+000 -1.000000e+000
    outer loop
      vertex  1.209176e+001  2.307586e+001  3.600000e+000
      vertex  1.090352e+001  2.307586e+001  3.600000e+000
      vertex  1.070698e+001  2.310375e+001  3.600000e+000
    endloop
  endfacet
  facet normal  0.000000e+000  0.000000e+000 -1.000000e+000
    outer loop
      vertex  1.209176e+001  2.307586e+001  3.600000e+000
      vertex  1.070698e+001  2.310375e+001  3.600000e+000
      vertex  1.228830e+001  2.310375e+001  3.600000e+000
    endloop
  endfacet
  facet normal  0.000000e+000  0.000000e+000 -1.000000e+000
    outer loop
      vertex  1.228830e+001  2.310375e+001  3.600000e+000
      vertex  1.070698e+001  2.310375e+001  3.600000e+000
      vertex  1.051172e+001  2.313953e+001  3.600000e+000
    endloop
  endfacet
  facet normal  0.000000e+000  0.000000e+000 -1.000000e+000
    outer loop
      vertex  1.228830e+001  2.310375e+001  3.600000e+000
      vertex  1.051172e+001  2.313953e+001  3.600000e+000
      vertex  1.248356e+001  2.313953e+001  3.600000e+000
    endloop
  endfacet
  facet normal  0.000000e+000  0.000000e+000 -1.000000e+000
    outer loop
      vertex  1.248356e+001  2.313953e+001  3.600000e+000
      vertex  1.051172e+001  2.313953e+001  3.600000e+000
      vertex  1.031806e+001  2.318315e+001  3.600000e+000
    endloop
  endfacet
  facet normal  0.000000e+000  0.000000e+000 -1.000000e+000
    outer loop
      vertex  1.248356e+001  2.313953e+001  3.600000e+000
      vertex  1.031806e+001  2.318315e+001  3.600000e+000
      vertex  1.267722e+001  2.318315e+001  3.600000e+000
    endloop
  endfacet
  facet normal  0.000000e+000  0.000000e+000 -1.000000e+000
    outer loop
      vertex  1.267722e+001  2.318315e+001  3.600000e+000
      vertex  1.031806e+001  2.318315e+001  3.600000e+000
      vertex  1.012631e+001  2.323453e+001  3.600000e+000
    endloop
  endfacet
  facet normal  0.000000e+000  0.000000e+000 -1.000000e+000
    outer loop
      vertex  1.267722e+001  2.318315e+001  3.600000e+000
      vertex  1.012631e+001  2.323453e+001  3.600000e+000
      vertex  1.286897e+001  2.323453e+001  3.600000e+000
    endloop
  endfacet
  facet normal  0.000000e+000  0.000000e+000 -1.000000e+000
    outer loop
      vertex  1.286897e+001  2.323453e+001  3.600000e+000
      vertex  1.012631e+001  2.323453e+001  3.600000e+000
      vertex  9.936789e+000  2.329358e+001  3.600000e+000
    endloop
  endfacet
  facet normal  0.000000e+000  0.000000e+000 -9.999999e-001
    outer loop
      vertex  1.286897e+001  2.323453e+001  3.600000e+000
      vertex  9.936789e+000  2.329358e+001  3.600000e+000
      vertex  1.305849e+001  2.329358e+001  3.600000e+000
    endloop
  endfacet
  facet normal  0.000000e+000  0.000000e+000 -1.000000e+000
    outer loop
      vertex  1.305849e+001  2.329358e+001  3.600000e+000
      vertex  9.936789e+000  2.329358e+001  3.600000e+000
      vertex  9.749799e+000  2.336023e+001  3.600000e+000
    endloop
  endfacet
  facet normal  0.000000e+000  0.000000e+000 -9.999999e-001
    outer loop
      vertex  1.305849e+001  2.329358e+001  3.600000e+000
      vertex  9.749799e+000  2.336023e+001  3.600000e+000
      vertex  1.324548e+001  2.336023e+001  3.600000e+000
    endloop
  endfacet
  facet normal  0.000000e+000  0.000000e+000 -1.000000e+000
    outer loop
      vertex  1.324548e+001  2.336023e+001  3.600000e+000
      vertex  9.749799e+000  2.336023e+001  3.600000e+000
      vertex  9.565643e+000  2.343434e+001  3.600000e+000
    endloop
  endfacet
  facet normal  0.000000e+000  0.000000e+000 -1.000000e+000
    outer loop
      vertex  1.324548e+001  2.336023e+001  3.600000e+000
      vertex  9.565643e+000  2.343434e+001  3.600000e+000
      vertex  1.342964e+001  2.343434e+001  3.600000e+000
    endloop
  endfacet
  facet normal  0.000000e+000  0.000000e+000 -1.000000e+000
    outer loop
      vertex  1.342964e+001  2.343434e+001  3.600000e+000
      vertex  9.565643e+000  2.343434e+001  3.600000e+000
      vertex  9.384622e+000  2.351581e+001  3.600000e+000
    endloop
  endfacet
  facet normal  0.000000e+000  0.000000e+000 -1.000000e+000
    outer loop
      vertex  1.342964e+001  2.343434e+001  3.600000e+000
      vertex  9.384622e+000  2.351581e+001  3.600000e+000
      vertex  1.361066e+001  2.351581e+001  3.600000e+000
    endloop
  endfacet
  facet normal  0.000000e+000  0.000000e+000 -1.000000e+000
    outer loop
      vertex  1.361066e+001  2.351581e+001  3.600000e+000
      vertex  9.384622e+000  2.351581e+001  3.600000e+000
      vertex  9.207027e+000  2.360451e+001  3.600000e+000
    endloop
  endfacet
  facet normal  0.000000e+000  0.000000e+000 -1.000000e+000
    outer loop
      vertex  1.361066e+001  2.351581e+001  3.600000e+000
      vertex  9.207027e+000  2.360451e+001  3.600000e+000
      vertex  1.378825e+001  2.360451e+001  3.600000e+000
    endloop
  endfacet
  facet normal  0.000000e+000  0.000000e+000 -1.000000e+000
    outer loop
      vertex  1.378825e+001  2.360451e+001  3.600000e+000
      vertex  9.207027e+000  2.360451e+001  3.600000e+000
      vertex  9.033149e+000  2.370028e+001  3.600000e+000
    endloop
  endfacet
  facet normal  0.000000e+000  0.000000e+000 -1.000000e+000
    outer loop
      vertex  1.378825e+001  2.360451e+001  3.600000e+000
      vertex  9.033149e+000  2.370028e+001  3.600000e+000
      vertex  1.396213e+001  2.370028e+001  3.600000e+000
    endloop
  endfacet
  facet normal  0.000000e+000  0.000000e+000 -1.000000e+000
    outer loop
      vertex  1.396213e+001  2.370028e+001  3.600000e+000
      vertex  9.033149e+000  2.370028e+001  3.600000e+000
      vertex  8.863267e+000  2.380298e+001  3.600000e+000
    endloop
  endfacet
  facet normal  0.000000e+000  0.000000e+000 -1.000000e+000
    outer loop
      vertex  1.396213e+001  2.370028e+001  3.600000e+000
      vertex  8.863267e+000  2.380298e+001  3.600000e+000
      vertex  1.413201e+001  2.380298e+001  3.600000e+000
    endloop
  endfacet
  facet normal  0.000000e+000  0.000000e+000 -1.000000e+000
    outer loop
      vertex  1.413201e+001  2.380298e+001  3.600000e+000
      vertex  8.863267e+000  2.380298e+001  3.600000e+000
      vertex  8.697659e+000  2.391243e+001  3.600000e+000
    endloop
  endfacet
  facet normal  0.000000e+000  0.000000e+000 -1.000000e+000
    outer loop
      vertex  1.413201e+001  2.380298e+001  3.600000e+000
      vertex  8.697659e+000  2.391243e+001  3.600000e+000
      vertex  1.429762e+001  2.391243e+001  3.600000e+000
    endloop
  endfacet
  facet normal  0.000000e+000  0.000000e+000 -1.000000e+000
    outer loop
      vertex  1.429762e+001  2.391243e+001  3.600000e+000
      vertex  8.697659e+000  2.391243e+001  3.600000e+000
      vertex  8.536592e+000  2.402847e+001  3.600000e+000
    endloop
  endfacet
  facet normal  0.000000e+000  0.000000e+000 -1.000000e+000
    outer loop
      vertex  1.429762e+001  2.391243e+001  3.600000e+000
      vertex  8.536592e+000  2.402847e+001  3.600000e+000
      vertex  1.445869e+001  2.402847e+001  3.600000e+000
    endloop
  endfacet
  facet normal  0.000000e+000  0.000000e+000 -1.000000e+000
    outer loop
      vertex  1.445869e+001  2.402847e+001  3.600000e+000
      vertex  8.536592e+000  2.402847e+001  3.600000e+000
      vertex  8.380328e+000  2.415089e+001  3.600000e+000
    endloop
  endfacet
  facet normal  0.000000e+000  0.000000e+000 -1.000000e+000
    outer loop
      vertex  1.445869e+001  2.402847e+001  3.600000e+000
      vertex  8.380328e+000  2.415089e+001  3.600000e+000
      vertex  1.461495e+001  2.415089e+001  3.600000e+000
    endloop
  endfacet
  facet normal  0.000000e+000  0.000000e+000 -1.000000e+000
    outer loop
      vertex  1.461495e+001  2.415089e+001  3.600000e+000
      vertex  8.380328e+000  2.415089e+001  3.600000e+000
      vertex  8.229120e+000  2.427951e+001  3.600000e+000
    endloop
  endfacet
  facet normal  0.000000e+000  0.000000e+000 -1.000000e+000
    outer loop
      vertex  1.461495e+001  2.415089e+001  3.600000e+000
      vertex  8.229120e+000  2.427951e+001  3.600000e+000
      vertex  1.476616e+001  2.427951e+001  3.600000e+000
    endloop
  endfacet
  facet normal  0.000000e+000  0.000000e+000 -1.000000e+000
    outer loop
      vertex  1.476616e+001  2.427951e+001  3.600000e+000
      vertex  8.229120e+000  2.427951e+001  3.600000e+000
      vertex  8.083214e+000  2.441411e+001  3.600000e+000
    endloop
  endfacet
  facet normal  0.000000e+000  0.000000e+000 -1.000000e+000
    outer loop
      vertex  1.476616e+001  2.427951e+001  3.600000e+000
      vertex  8.083214e+000  2.441411e+001  3.600000e+000
      vertex  1.491207e+001  2.441411e+001  3.600000e+000
    endloop
  endfacet
  facet normal  0.000000e+000  0.000000e+000 -1.000000e+000
    outer loop
      vertex  1.491207e+001  2.441411e+001  3.600000e+000
      vertex  8.083214e+000  2.441411e+001  3.600000e+000
      vertex  7.942846e+000  2.455448e+001  3.600000e+000
    endloop
  endfacet
  facet normal  0.000000e+000  0.000000e+000 -1.000000e+000
    outer loop
      vertex  1.491207e+001  2.441411e+001  3.600000e+000
      vertex  7.942846e+000  2.455448e+001  3.600000e+000
      vertex  1.505243e+001  2.455448e+001  3.600000e+000
    endloop
  endfacet
  facet normal  0.000000e+000  0.000000e+000 -1.000000e+000
    outer loop
      vertex  1.505243e+001  2.455448e+001  3.600000e+000
      vertex  7.942846e+000  2.455448e+001  3.600000e+000
      vertex  7.808244e+000  2.470038e+001  3.600000e+000
    endloop
  endfacet
  facet normal  0.000000e+000  0.000000e+000 -1.000000e+000
    outer loop
      vertex  1.505243e+001  2.455448e+001  3.600000e+000
      vertex  7.808244e+000  2.470038e+001  3.600000e+000
      vertex  1.518704e+001  2.470038e+001  3.600000e+000
    endloop
  endfacet
  facet normal  0.000000e+000  0.000000e+000 -1.000000e+000
    outer loop
      vertex  1.518704e+001  2.470038e+001  3.600000e+000
      vertex  7.808244e+000  2.470038e+001  3.600000e+000
      vertex  7.679626e+000  2.485159e+001  3.600000e+000
    endloop
  endfacet
  facet normal  0.000000e+000  0.000000e+000 -1.000000e+000
    outer loop
      vertex  1.518704e+001  2.470038e+001  3.600000e+000
      vertex  7.679626e+000  2.485159e+001  3.600000e+000
      vertex  1.531565e+001  2.485159e+001  3.600000e+000
    endloop
  endfacet
  facet normal  0.000000e+000  0.000000e+000 -1.000000e+000
    outer loop
      vertex  1.531565e+001  2.485159e+001  3.600000e+000
      vertex  7.679626e+000  2.485159e+001  3.600000e+000
      vertex  7.557201e+000  2.500786e+001  3.600000e+000
    endloop
  endfacet
  facet normal  0.000000e+000  0.000000e+000 -1.000000e+000
    outer loop
      vertex  1.531565e+001  2.485159e+001  3.600000e+000
      vertex  7.557201e+000  2.500786e+001  3.600000e+000
      vertex  1.543808e+001  2.500786e+001  3.600000e+000
    endloop
  endfacet
  facet normal  0.000000e+000  0.000000e+000 -1.000000e+000
    outer loop
      vertex  1.543808e+001  2.500786e+001  3.600000e+000
      vertex  7.557201e+000  2.500786e+001  3.600000e+000
      vertex  7.441167e+000  2.516892e+001  3.600000e+000
    endloop
  endfacet
  facet normal  0.000000e+000  0.000000e+000 -1.000000e+000
    outer loop
      vertex  1.543808e+001  2.500786e+001  3.600000e+000
      vertex  7.441167e+000  2.516892e+001  3.600000e+000
      vertex  1.555411e+001  2.516892e+001  3.600000e+000
    endloop
  endfacet
  facet normal  0.000000e+000  0.000000e+000 -1.000000e+000
    outer loop
      vertex  1.555411e+001  2.516892e+001  3.600000e+000
      vertex  7.441167e+000  2.516892e+001  3.600000e+000
      vertex  7.331713e+000  2.533453e+001  3.600000e+000
    endloop
  endfacet
  facet normal  0.000000e+000  0.000000e+000 -9.999999e-001
    outer loop
      vertex  1.555411e+001  2.516892e+001  3.600000e+000
      vertex  7.331713e+000  2.533453e+001  3.600000e+000
      vertex  1.566357e+001  2.533453e+001  3.600000e+000
    endloop
  endfacet
  facet normal  0.000000e+000  0.000000e+000 -1.000000e+000
    outer loop
      vertex  1.566357e+001  2.533453e+001  3.600000e+000
      vertex  7.331713e+000  2.533453e+001  3.600000e+000
      vertex  7.229016e+000  2.550441e+001  3.600000e+000
    endloop
  endfacet
  facet normal  0.000000e+000  0.000000e+000 -1.000000e+000
    outer loop
      vertex  1.566357e+001  2.533453e+001  3.600000e+000
      vertex  7.229016e+000  2.550441e+001  3.600000e+000
      vertex  1.576626e+001  2.550441e+001  3.600000e+000
    endloop
  endfacet
  facet normal  0.000000e+000  0.000000e+000 -1.000000e+000
    outer loop
      vertex  1.576626e+001  2.550441e+001  3.600000e+000
      vertex  7.229016e+000  2.550441e+001  3.600000e+000
      vertex  7.133243e+000  2.567829e+001  3.600000e+000
    endloop
  endfacet
  facet normal  0.000000e+000  0.000000e+000 -1.000000e+000
    outer loop
      vertex  1.576626e+001  2.550441e+001  3.600000e+000
      vertex  7.133243e+000  2.567829e+001  3.600000e+000
      vertex  1.586204e+001  2.567829e+001  3.600000e+000
    endloop
  endfacet
  facet normal  0.000000e+000  0.000000e+000 -1.000000e+000
    outer loop
      vertex  1.586204e+001  2.567829e+001  3.600000e+000
      vertex  7.133243e+000  2.567829e+001  3.600000e+000
      vertex  7.044549e+000  2.585589e+001  3.600000e+000
    endloop
  endfacet
  facet normal  0.000000e+000  0.000000e+000 -1.000000e+000
    outer loop
      vertex  1.586204e+001  2.567829e+001  3.600000e+000
      vertex  7.044549e+000  2.585589e+001  3.600000e+000
      vertex  1.595073e+001  2.585589e+001  3.600000e+000
    endloop
  endfacet
  facet normal  0.000000e+000  0.000000e+000 -9.999999e-001
    outer loop
      vertex  1.595073e+001  2.585589e+001  3.600000e+000
      vertex  7.044549e+000  2.585589e+001  3.600000e+000
      vertex  6.963078e+000  2.603691e+001  3.600000e+000
    endloop
  endfacet
  facet normal  0.000000e+000  0.000000e+000 -1.000000e+000
    outer loop
      vertex  1.595073e+001  2.585589e+001  3.600000e+000
      vertex  6.963078e+000  2.603691e+001  3.600000e+000
      vertex  1.603220e+001  2.603691e+001  3.600000e+000
    endloop
  endfacet
  facet normal  0.000000e+000  0.000000e+000 -1.000000e+000
    outer loop
      vertex  1.603220e+001  2.603691e+001  3.600000e+000
      vertex  6.963078e+000  2.603691e+001  3.600000e+000
      vertex  6.888961e+000  2.622106e+001  3.600000e+000
    endloop
  endfacet
  facet normal  0.000000e+000  0.000000e+000 -1.000000e+000
    outer loop
      vertex  1.603220e+001  2.603691e+001  3.600000e+000
      vertex  6.888961e+000  2.622106e+001  3.600000e+000
      vertex  1.610632e+001  2.622106e+001  3.600000e+000
    endloop
  endfacet
  facet normal  0.000000e+000  0.000000e+000 -1.000000e+000
    outer loop
      vertex  1.610632e+001  2.622106e+001  3.600000e+000
      vertex  6.888961e+000  2.622106e+001  3.600000e+000
      vertex  6.822320e+000  2.640805e+001  3.600000e+000
    endloop
  endfacet
  facet normal  0.000000e+000  0.000000e+000 -1.000000e+000
    outer loop
      vertex  1.610632e+001  2.622106e+001  3.600000e+000
      vertex  6.822320e+000  2.640805e+001  3.600000e+000
      vertex  1.617296e+001  2.640805e+001  3.600000e+000
    endloop
  endfacet
  facet normal  0.000000e+000  0.000000e+000 -1.000000e+000
    outer loop
      vertex  1.617296e+001  2.640805e+001  3.600000e+000
      vertex  6.822320e+000  2.640805e+001  3.600000e+000
      vertex  6.763263e+000  2.659757e+001  3.600000e+000
    endloop
  endfacet
  facet normal  0.000000e+000  0.000000e+000 -1.000000e+000
    outer loop
      vertex  1.617296e+001  2.640805e+001  3.600000e+000
      vertex  6.763263e+000  2.659757e+001  3.600000e+000
      vertex  1.623202e+001  2.659757e+001  3.600000e+000
    endloop
  endfacet
  facet normal  0.000000e+000  0.000000e+000 -1.000000e+000
    outer loop
      vertex  1.623202e+001  2.659757e+001  3.600000e+000
      vertex  6.763263e+000  2.659757e+001  3.600000e+000
      vertex  6.711885e+000  2.678932e+001  3.600000e+000
    endloop
  endfacet
  facet normal  0.000000e+000  0.000000e+000 -1.000000e+000
    outer loop
      vertex  1.623202e+001  2.659757e+001  3.600000e+000
      vertex  6.711885e+000  2.678932e+001  3.600000e+000
      vertex  1.628340e+001  2.678932e+001  3.600000e+000
    endloop
  endfacet
  facet normal  0.000000e+000  0.000000e+000 -1.000000e+000
    outer loop
      vertex  1.628340e+001  2.678932e+001  3.600000e+000
      vertex  6.711885e+000  2.678932e+001  3.600000e+000
      vertex  6.668269e+000  2.698298e+001  3.600000e+000
    endloop
  endfacet
  facet normal  0.000000e+000  0.000000e+000 -1.000000e+000
    outer loop
      vertex  1.628340e+001  2.678932e+001  3.600000e+000
      vertex  6.668269e+000  2.698298e+001  3.600000e+000
      vertex  1.632701e+001  2.698298e+001  3.600000e+000
    endloop
  endfacet
  facet normal  0.000000e+000  0.000000e+000 -9.999999e-001
    outer loop
      vertex  1.632701e+001  2.698298e+001  3.600000e+000
      vertex  6.668269e+000  2.698298e+001  3.600000e+000
      vertex  6.632487e+000  2.717824e+001  3.600000e+000
    endloop
  endfacet
  facet normal  0.000000e+000  0.000000e+000 -1.000000e+000
    outer loop
      vertex  1.632701e+001  2.698298e+001  3.600000e+000
      vertex  6.632487e+000  2.717824e+001  3.600000e+000
      vertex  1.636279e+001  2.717824e+001  3.600000e+000
    endloop
  endfacet
  facet normal  0.000000e+000  0.000000e+000 -1.000000e+000
    outer loop
      vertex  1.636279e+001  2.717824e+001  3.600000e+000
      vertex  6.632487e+000  2.717824e+001  3.600000e+000
      vertex  6.604596e+000  2.737478e+001  3.600000e+000
    endloop
  endfacet
  facet normal  0.000000e+000  0.000000e+000 -1.000000e+000
    outer loop
      vertex  1.636279e+001  2.717824e+001  3.600000e+000
      vertex  6.604596e+000  2.737478e+001  3.600000e+000
      vertex  1.639068e+001  2.737478e+001  3.600000e+000
    endloop
  endfacet
  facet normal  0.000000e+000  0.000000e+000 -9.999999e-001
    outer loop
      vertex  1.639068e+001  2.737478e+001  3.600000e+000
      vertex  6.604596e+000  2.737478e+001  3.600000e+000
      vertex  6.584641e+000  2.757229e+001  3.600000e+000
    endloop
  endfacet
  facet normal  0.000000e+000  0.000000e+000 -1.000000e+000
    outer loop
      vertex  1.639068e+001  2.737478e+001  3.600000e+000
      vertex  6.584641e+000  2.757229e+001  3.600000e+000
      vertex  1.641064e+001  2.757229e+001  3.600000e+000
    endloop
  endfacet
  facet normal  0.000000e+000  0.000000e+000 -1.000000e+000
    outer loop
      vertex  1.641064e+001  2.757229e+001  3.600000e+000
      vertex  6.584641e+000  2.757229e+001  3.600000e+000
      vertex  6.572655e+000  2.777043e+001  3.600000e+000
    endloop
  endfacet
  facet normal  0.000000e+000  0.000000e+000 -1.000000e+000
    outer loop
      vertex  1.641064e+001  2.757229e+001  3.600000e+000
      vertex  6.572655e+000  2.777043e+001  3.600000e+000
      vertex  1.642262e+001  2.777043e+001  3.600000e+000
    endloop
  endfacet
  facet normal  0.000000e+000  0.000000e+000 -1.000000e+000
    outer loop
      vertex  1.642262e+001  2.777043e+001  3.600000e+000
      vertex  6.572655e+000  2.777043e+001  3.600000e+000
      vertex  6.568658e+000  2.796890e+001  3.600000e+000
    endloop
  endfacet
  facet normal  0.000000e+000  0.000000e+000 -1.000000e+000
    outer loop
      vertex  1.642262e+001  2.777043e+001  3.600000e+000
      vertex  6.568658e+000  2.796890e+001  3.600000e+000
      vertex  1.642662e+001  2.796890e+001  3.600000e+000
    endloop
  endfacet
  facet normal  0.000000e+000  0.000000e+000 -1.000000e+000
    outer loop
      vertex  1.642662e+001  2.796890e+001  3.600000e+000
      vertex  6.568658e+000  2.796890e+001  3.600000e+000
      vertex  6.572655e+000  2.816737e+001  3.600000e+000
    endloop
  endfacet
  facet normal  0.000000e+000  0.000000e+000 -1.000000e+000
    outer loop
      vertex  1.642662e+001  2.796890e+001  3.600000e+000
      vertex  6.572655e+000  2.816737e+001  3.600000e+000
      vertex  1.642262e+001  2.816737e+001  3.600000e+000
    endloop
  endfacet
  facet normal  0.000000e+000  0.000000e+000 -1.000000e+000
    outer loop
      vertex  1.642262e+001  2.816737e+001  3.600000e+000
      vertex  6.572655e+000  2.816737e+001  3.600000e+000
      vertex  6.584641e+000  2.836552e+001  3.600000e+000
    endloop
  endfacet
  facet normal  0.000000e+000  0.000000e+000 -1.000000e+000
    outer loop
      vertex  1.642262e+001  2.816737e+001  3.600000e+000
      vertex  6.584641e+000  2.836552e+001  3.600000e+000
      vertex  1.641064e+001  2.836552e+001  3.600000e+000
    endloop
  endfacet
  facet normal  0.000000e+000  0.000000e+000 -1.000000e+000
    outer loop
      vertex  1.641064e+001  2.836552e+001  3.600000e+000
      vertex  6.584641e+000  2.836552e+001  3.600000e+000
      vertex  6.604596e+000  2.856303e+001  3.600000e+000
    endloop
  endfacet
  facet normal  0.000000e+000  0.000000e+000 -1.000000e+000
    outer loop
      vertex  1.641064e+001  2.836552e+001  3.600000e+000
      vertex  6.604596e+000  2.856303e+001  3.600000e+000
      vertex  1.639068e+001  2.856303e+001  3.600000e+000
    endloop
  endfacet
  facet normal  0.000000e+000  0.000000e+000 -1.000000e+000
    outer loop
      vertex  1.639068e+001  2.856303e+001  3.600000e+000
      vertex  6.604596e+000  2.856303e+001  3.600000e+000
      vertex  6.632487e+000  2.875957e+001  3.600000e+000
    endloop
  endfacet
  facet normal  0.000000e+000  0.000000e+000 -9.999999e-001
    outer loop
      vertex  1.639068e+001  2.856303e+001  3.600000e+000
      vertex  6.632487e+000  2.875957e+001  3.600000e+000
      vertex  1.636279e+001  2.875957e+001  3.600000e+000
    endloop
  endfacet
  facet normal  0.000000e+000  0.000000e+000 -1.000000e+000
    outer loop
      vertex  1.636279e+001  2.875957e+001  3.600000e+000
      vertex  6.632487e+000  2.875957e+001  3.600000e+000
      vertex  6.668269e+000  2.895483e+001  3.600000e+000
    endloop
  endfacet
  facet normal  0.000000e+000  0.000000e+000 -9.999999e-001
    outer loop
      vertex  1.636279e+001  2.875957e+001  3.600000e+000
      vertex  6.668269e+000  2.895483e+001  3.600000e+000
      vertex  1.632701e+001  2.895483e+001  3.600000e+000
    endloop
  endfacet
  facet normal  0.000000e+000  0.000000e+000 -1.000000e+000
    outer loop
      vertex  1.632701e+001  2.895483e+001  3.600000e+000
      vertex  6.668269e+000  2.895483e+001  3.600000e+000
      vertex  6.711885e+000  2.914849e+001  3.600000e+000
    endloop
  endfacet
  facet normal  0.000000e+000  0.000000e+000 -9.999999e-001
    outer loop
      vertex  1.632701e+001  2.895483e+001  3.600000e+000
      vertex  6.711885e+000  2.914849e+001  3.600000e+000
      vertex  1.628340e+001  2.914849e+001  3.600000e+000
    endloop
  endfacet
  facet normal  0.000000e+000  0.000000e+000 -1.000000e+000
    outer loop
      vertex  1.628340e+001  2.914849e+001  3.600000e+000
      vertex  6.711885e+000  2.914849e+001  3.600000e+000
      vertex  6.763263e+000  2.934023e+001  3.600000e+000
    endloop
  endfacet
  facet normal  0.000000e+000  0.000000e+000 -1.000000e+000
    outer loop
      vertex  1.628340e+001  2.914849e+001  3.600000e+000
      vertex  6.763263e+000  2.934023e+001  3.600000e+000
      vertex  1.623202e+001  2.934023e+001  3.600000e+000
    endloop
  endfacet
  facet normal  0.000000e+000  0.000000e+000 -1.000000e+000
    outer loop
      vertex  1.623202e+001  2.934023e+001  3.600000e+000
      vertex  6.763263e+000  2.934023e+001  3.600000e+000
      vertex  6.822320e+000  2.952975e+001  3.600000e+000
    endloop
  endfacet
  facet normal  0.000000e+000  0.000000e+000 -1.000000e+000
    outer loop
      vertex  1.623202e+001  2.934023e+001  3.600000e+000
      vertex  6.822320e+000  2.952975e+001  3.600000e+000
      vertex  1.617296e+001  2.952975e+001  3.600000e+000
    endloop
  endfacet
  facet normal  0.000000e+000  0.000000e+000 -1.000000e+000
    outer loop
      vertex  1.617296e+001  2.952975e+001  3.600000e+000
      vertex  6.822320e+000  2.952975e+001  3.600000e+000
      vertex  6.888961e+000  2.971675e+001  3.600000e+000
    endloop
  endfacet
  facet normal  0.000000e+000  0.000000e+000 -1.000000e+000
    outer loop
      vertex  1.617296e+001  2.952975e+001  3.600000e+000
      vertex  6.888961e+000  2.971675e+001  3.600000e+000
      vertex  1.610632e+001  2.971675e+001  3.600000e+000
    endloop
  endfacet
  facet normal  0.000000e+000  0.000000e+000 -1.000000e+000
    outer loop
      vertex  1.610632e+001  2.971675e+001  3.600000e+000
      vertex  6.888961e+000  2.971675e+001  3.600000e+000
      vertex  6.963078e+000  2.990090e+001  3.600000e+000
    endloop
  endfacet
  facet normal  0.000000e+000  0.000000e+000 -1.000000e+000
    outer loop
      vertex  1.610632e+001  2.971675e+001  3.600000e+000
      vertex  6.963078e+000  2.990090e+001  3.600000e+000
      vertex  1.603220e+001  2.990090e+001  3.600000e+000
    endloop
  endfacet
  facet normal  0.000000e+000  0.000000e+000 -1.000000e+000
    outer loop
      vertex  1.603220e+001  2.990090e+001  3.600000e+000
      vertex  6.963078e+000  2.990090e+001  3.600000e+000
      vertex  7.044549e+000  3.008192e+001  3.600000e+000
    endloop
  endfacet
  facet normal  0.000000e+000  0.000000e+000 -9.999999e-001
    outer loop
      vertex  1.603220e+001  2.990090e+001  3.600000e+000
      vertex  7.044549e+000  3.008192e+001  3.600000e+000
      vertex  1.595073e+001  3.008192e+001  3.600000e+000
    endloop
  endfacet
  facet normal  0.000000e+000  0.000000e+000 -1.000000e+000
    outer loop
      vertex  1.595073e+001  3.008192e+001  3.600000e+000
      vertex  7.044549e+000  3.008192e+001  3.600000e+000
      vertex  7.133243e+000  3.025952e+001  3.600000e+000
    endloop
  endfacet
  facet normal  0.000000e+000  0.000000e+000 -9.999999e-001
    outer loop
      vertex  1.595073e+001  3.008192e+001  3.600000e+000
      vertex  7.133243e+000  3.025952e+001  3.600000e+000
      vertex  1.586204e+001  3.025952e+001  3.600000e+000
    endloop
  endfacet
  facet normal  0.000000e+000  0.000000e+000 -1.000000e+000
    outer loop
      vertex  1.586204e+001  3.025952e+001  3.600000e+000
      vertex  7.133243e+000  3.025952e+001  3.600000e+000
      vertex  7.229016e+000  3.043340e+001  3.600000e+000
    endloop
  endfacet
  facet normal  0.000000e+000  0.000000e+000 -9.999999e-001
    outer loop
      vertex  1.586204e+001  3.025952e+001  3.600000e+000
      vertex  7.229016e+000  3.043340e+001  3.600000e+000
      vertex  1.576626e+001  3.043340e+001  3.600000e+000
    endloop
  endfacet
  facet normal  0.000000e+000  0.000000e+000 -1.000000e+000
    outer loop
      vertex  1.576626e+001  3.043340e+001  3.600000e+000
      vertex  7.229016e+000  3.043340e+001  3.600000e+000
      vertex  7.331713e+000  3.060328e+001  3.600000e+000
    endloop
  endfacet
  facet normal  0.000000e+000  0.000000e+000 -1.000000e+000
    outer loop
      vertex  1.576626e+001  3.043340e+001  3.600000e+000
      vertex  7.331713e+000  3.060328e+001  3.600000e+000
      vertex  1.566357e+001  3.060328e+001  3.600000e+000
    endloop
  endfacet
  facet normal  0.000000e+000  0.000000e+000 -1.000000e+000
    outer loop
      vertex  1.566357e+001  3.060328e+001  3.600000e+000
      vertex  7.331713e+000  3.060328e+001  3.600000e+000
      vertex  7.441167e+000  3.076888e+001  3.600000e+000
    endloop
  endfacet
  facet normal  0.000000e+000  0.000000e+000 -1.000000e+000
    outer loop
      vertex  1.566357e+001  3.060328e+001  3.600000e+000
      vertex  7.441167e+000  3.076888e+001  3.600000e+000
      vertex  1.555411e+001  3.076888e+001  3.600000e+000
    endloop
  endfacet
  facet normal  0.000000e+000  0.000000e+000 -9.999999e-001
    outer loop
      vertex  1.555411e+001  3.076888e+001  3.600000e+000
      vertex  7.441167e+000  3.076888e+001  3.600000e+000
      vertex  7.557201e+000  3.092995e+001  3.600000e+000
    endloop
  endfacet
  facet normal  0.000000e+000  0.000000e+000 -9.999999e-001
    outer loop
      vertex  1.555411e+001  3.076888e+001  3.600000e+000
      vertex  7.557201e+000  3.092995e+001  3.600000e+000
      vertex  1.543808e+001  3.092995e+001  3.600000e+000
    endloop
  endfacet
  facet normal  0.000000e+000  0.000000e+000 -1.000000e+000
    outer loop
      vertex  1.543808e+001  3.092995e+001  3.600000e+000
      vertex  7.557201e+000  3.092995e+001  3.600000e+000
      vertex  7.679626e+000  3.108622e+001  3.600000e+000
    endloop
  endfacet
  facet normal  0.000000e+000  0.000000e+000 -1.000000e+000
    outer loop
      vertex  1.543808e+001  3.092995e+001  3.600000e+000
      vertex  7.679626e+000  3.108622e+001  3.600000e+000
      vertex  1.531565e+001  3.108622e+001  3.600000e+000
    endloop
  endfacet
  facet normal  0.000000e+000  0.000000e+000 -1.000000e+000
    outer loop
      vertex  1.531565e+001  3.108622e+001  3.600000e+000
      vertex  7.679626e+000  3.108622e+001  3.600000e+000
      vertex  7.808244e+000  3.123742e+001  3.600000e+000
    endloop
  endfacet
  facet normal  0.000000e+000  0.000000e+000 -1.000000e+000
    outer loop
      vertex  1.531565e+001  3.108622e+001  3.600000e+000
      vertex  7.808244e+000  3.123742e+001  3.600000e+000
      vertex  1.518704e+001  3.123742e+001  3.600000e+000
    endloop
  endfacet
  facet normal  0.000000e+000  0.000000e+000 -1.000000e+000
    outer loop
      vertex  1.518704e+001  3.123742e+001  3.600000e+000
      vertex  7.808244e+000  3.123742e+001  3.600000e+000
      vertex  7.942846e+000  3.138333e+001  3.600000e+000
    endloop
  endfacet
  facet normal  0.000000e+000  0.000000e+000 -1.000000e+000
    outer loop
      vertex  1.518704e+001  3.123742e+001  3.600000e+000
      vertex  7.942846e+000  3.138333e+001  3.600000e+000
      vertex  1.505243e+001  3.138333e+001  3.600000e+000
    endloop
  endfacet
  facet normal  0.000000e+000  0.000000e+000 -1.000000e+000
    outer loop
      vertex  1.505243e+001  3.138333e+001  3.600000e+000
      vertex  7.942846e+000  3.138333e+001  3.600000e+000
      vertex  8.083214e+000  3.152370e+001  3.600000e+000
    endloop
  endfacet
  facet normal  0.000000e+000  0.000000e+000 -1.000000e+000
    outer loop
      vertex  1.505243e+001  3.138333e+001  3.600000e+000
      vertex  8.083214e+000  3.152370e+001  3.600000e+000
      vertex  1.491207e+001  3.152370e+001  3.600000e+000
    endloop
  endfacet
  facet normal  0.000000e+000  0.000000e+000 -1.000000e+000
    outer loop
      vertex  1.491207e+001  3.152370e+001  3.600000e+000
      vertex  8.083214e+000  3.152370e+001  3.600000e+000
      vertex  8.229120e+000  3.165830e+001  3.600000e+000
    endloop
  endfacet
  facet normal  0.000000e+000  0.000000e+000 -1.000000e+000
    outer loop
      vertex  1.491207e+001  3.152370e+001  3.600000e+000
      vertex  8.229120e+000  3.165830e+001  3.600000e+000
      vertex  1.476616e+001  3.165830e+001  3.600000e+000
    endloop
  endfacet
  facet normal  0.000000e+000  0.000000e+000 -1.000000e+000
    outer loop
      vertex  1.476616e+001  3.165830e+001  3.600000e+000
      vertex  8.229120e+000  3.165830e+001  3.600000e+000
      vertex  8.380328e+000  3.178692e+001  3.600000e+000
    endloop
  endfacet
  facet normal  0.000000e+000  0.000000e+000 -1.000000e+000
    outer loop
      vertex  1.476616e+001  3.165830e+001  3.600000e+000
      vertex  8.380328e+000  3.178692e+001  3.600000e+000
      vertex  1.461495e+001  3.178692e+001  3.600000e+000
    endloop
  endfacet
  facet normal  0.000000e+000  0.000000e+000 -1.000000e+000
    outer loop
      vertex  1.461495e+001  3.178692e+001  3.600000e+000
      vertex  8.380328e+000  3.178692e+001  3.600000e+000
      vertex  8.536592e+000  3.190934e+001  3.600000e+000
    endloop
  endfacet
  facet normal  0.000000e+000  0.000000e+000 -1.000000e+000
    outer loop
      vertex  1.461495e+001  3.178692e+001  3.600000e+000
      vertex  8.536592e+000  3.190934e+001  3.600000e+000
      vertex  1.445869e+001  3.190934e+001  3.600000e+000
    endloop
  endfacet
  facet normal  0.000000e+000  0.000000e+000 -1.000000e+000
    outer loop
      vertex  1.445869e+001  3.190934e+001  3.600000e+000
      vertex  8.536592e+000  3.190934e+001  3.600000e+000
      vertex  8.697659e+000  3.202538e+001  3.600000e+000
    endloop
  endfacet
  facet normal  0.000000e+000  0.000000e+000 -1.000000e+000
    outer loop
      vertex  1.445869e+001  3.190934e+001  3.600000e+000
      vertex  8.697659e+000  3.202538e+001  3.600000e+000
      vertex  1.429762e+001  3.202538e+001  3.600000e+000
    endloop
  endfacet
  facet normal  0.000000e+000  0.000000e+000 -1.000000e+000
    outer loop
      vertex  1.429762e+001  3.202538e+001  3.600000e+000
      vertex  8.697659e+000  3.202538e+001  3.600000e+000
      vertex  8.863267e+000  3.213483e+001  3.600000e+000
    endloop
  endfacet
  facet normal  0.000000e+000  0.000000e+000 -1.000000e+000
    outer loop
      vertex  1.429762e+001  3.202538e+001  3.600000e+000
      vertex  8.863267e+000  3.213483e+001  3.600000e+000
      vertex  1.413201e+001  3.213483e+001  3.600000e+000
    endloop
  endfacet
  facet normal  0.000000e+000  0.000000e+000 -1.000000e+000
    outer loop
      vertex  1.413201e+001  3.213483e+001  3.600000e+000
      vertex  8.863267e+000  3.213483e+001  3.600000e+000
      vertex  9.033149e+000  3.223753e+001  3.600000e+000
    endloop
  endfacet
  facet normal  0.000000e+000  0.000000e+000 -1.000000e+000
    outer loop
      vertex  1.413201e+001  3.213483e+001  3.600000e+000
      vertex  9.033149e+000  3.223753e+001  3.600000e+000
      vertex  1.396213e+001  3.223753e+001  3.600000e+000
    endloop
  endfacet
  facet normal  0.000000e+000  0.000000e+000 -1.000000e+000
    outer loop
      vertex  1.396213e+001  3.223753e+001  3.600000e+000
      vertex  9.033149e+000  3.223753e+001  3.600000e+000
      vertex  9.207027e+000  3.233330e+001  3.600000e+000
    endloop
  endfacet
  facet normal  0.000000e+000  0.000000e+000 -9.999999e-001
    outer loop
      vertex  1.396213e+001  3.223753e+001  3.600000e+000
      vertex  9.207027e+000  3.233330e+001  3.600000e+000
      vertex  1.378825e+001  3.233330e+001  3.600000e+000
    endloop
  endfacet
  facet normal  0.000000e+000  0.000000e+000 -1.000000e+000
    outer loop
      vertex  1.378825e+001  3.233330e+001  3.600000e+000
      vertex  9.207027e+000  3.233330e+001  3.600000e+000
      vertex  9.384622e+000  3.242200e+001  3.600000e+000
    endloop
  endfacet
  facet normal  0.000000e+000  0.000000e+000 -1.000000e+000
    outer loop
      vertex  1.378825e+001  3.233330e+001  3.600000e+000
      vertex  9.384622e+000  3.242200e+001  3.600000e+000
      vertex  1.361066e+001  3.242200e+001  3.600000e+000
    endloop
  endfacet
  facet normal  0.000000e+000  0.000000e+000 -1.000000e+000
    outer loop
      vertex  1.361066e+001  3.242200e+001  3.600000e+000
      vertex  9.384622e+000  3.242200e+001  3.600000e+000
      vertex  9.565643e+000  3.250347e+001  3.600000e+000
    endloop
  endfacet
  facet normal  0.000000e+000  0.000000e+000 -1.000000e+000
    outer loop
      vertex  1.361066e+001  3.242200e+001  3.600000e+000
      vertex  9.565643e+000  3.250347e+001  3.600000e+000
      vertex  1.342964e+001  3.250347e+001  3.600000e+000
    endloop
  endfacet
  facet normal  0.000000e+000  0.000000e+000 -1.000000e+000
    outer loop
      vertex  1.342964e+001  3.250347e+001  3.600000e+000
      vertex  9.565643e+000  3.250347e+001  3.600000e+000
      vertex  9.749799e+000  3.257758e+001  3.600000e+000
    endloop
  endfacet
  facet normal  0.000000e+000  0.000000e+000 -1.000000e+000
    outer loop
      vertex  1.342964e+001  3.250347e+001  3.600000e+000
      vertex  9.749799e+000  3.257758e+001  3.600000e+000
      vertex  1.324548e+001  3.257758e+001  3.600000e+000
    endloop
  endfacet
  facet normal  0.000000e+000  0.000000e+000 -1.000000e+000
    outer loop
      vertex  1.324548e+001  3.257758e+001  3.600000e+000
      vertex  9.749799e+000  3.257758e+001  3.600000e+000
      vertex  9.936789e+000  3.264422e+001  3.600000e+000
    endloop
  endfacet
  facet normal  0.000000e+000  0.000000e+000 -1.000000e+000
    outer loop
      vertex  1.324548e+001  3.257758e+001  3.600000e+000
      vertex  9.936789e+000  3.264422e+001  3.600000e+000
      vertex  1.305849e+001  3.264422e+001  3.600000e+000
    endloop
  endfacet
  facet normal  0.000000e+000  0.000000e+000 -1.000000e+000
    outer loop
      vertex  1.305849e+001  3.264422e+001  3.600000e+000
      vertex  9.936789e+000  3.264422e+001  3.600000e+000
      vertex  1.012631e+001  3.270328e+001  3.600000e+000
    endloop
  endfacet
  facet normal  0.000000e+000  0.000000e+000 -1.000000e+000
    outer loop
      vertex  1.305849e+001  3.264422e+001  3.600000e+000
      vertex  1.012631e+001  3.270328e+001  3.600000e+000
      vertex  1.286897e+001  3.270328e+001  3.600000e+000
    endloop
  endfacet
  facet normal  0.000000e+000  0.000000e+000 -1.000000e+000
    outer loop
      vertex  1.286897e+001  3.270328e+001  3.600000e+000
      vertex  1.012631e+001  3.270328e+001  3.600000e+000
      vertex  1.031806e+001  3.275466e+001  3.600000e+000
    endloop
  endfacet
  facet normal  0.000000e+000  0.000000e+000 -9.999999e-001
    outer loop
      vertex  1.286897e+001  3.270328e+001  3.600000e+000
      vertex  1.031806e+001  3.275466e+001  3.600000e+000
      vertex  1.267722e+001  3.275466e+001  3.600000e+000
    endloop
  endfacet
  facet normal  0.000000e+000  0.000000e+000 -1.000000e+000
    outer loop
      vertex  1.267722e+001  3.275466e+001  3.600000e+000
      vertex  1.031806e+001  3.275466e+001  3.600000e+000
      vertex  1.051172e+001  3.279827e+001  3.600000e+000
    endloop
  endfacet
  facet normal  0.000000e+000  0.000000e+000 -1.000000e+000
    outer loop
      vertex  1.267722e+001  3.275466e+001  3.600000e+000
      vertex  1.051172e+001  3.279827e+001  3.600000e+000
      vertex  1.248356e+001  3.279827e+001  3.600000e+000
    endloop
  endfacet
  facet normal  0.000000e+000  0.000000e+000 -1.000000e+000
    outer loop
      vertex  1.248356e+001  3.279827e+001  3.600000e+000
      vertex  1.051172e+001  3.279827e+001  3.600000e+000
      vertex  1.070698e+001  3.283406e+001  3.600000e+000
    endloop
  endfacet
  facet normal  0.000000e+000  0.000000e+000 -1.000000e+000
    outer loop
      vertex  1.248356e+001  3.279827e+001  3.600000e+000
      vertex  1.070698e+001  3.283406e+001  3.600000e+000
      vertex  1.228830e+001  3.283406e+001  3.600000e+000
    endloop
  endfacet
  facet normal  0.000000e+000  0.000000e+000 -9.999999e-001
    outer loop
      vertex  1.228830e+001  3.283406e+001  3.600000e+000
      vertex  1.070698e+001  3.283406e+001  3.600000e+000
      vertex  1.090352e+001  3.286195e+001  3.600000e+000
    endloop
  endfacet
  facet normal  0.000000e+000  0.000000e+000 -1.000000e+000
    outer loop
      vertex  1.228830e+001  3.283406e+001  3.600000e+000
      vertex  1.090352e+001  3.286195e+001  3.600000e+000
      vertex  1.209176e+001  3.286195e+001  3.600000e+000
    endloop
  endfacet
  facet normal  0.000000e+000  0.000000e+000 -1.000000e+000
    outer loop
      vertex  1.209176e+001  3.286195e+001  3.600000e+000
      vertex  1.090352e+001  3.286195e+001  3.600000e+000
      vertex  1.110102e+001  3.288190e+001  3.600000e+000
    endloop
  endfacet
  facet normal  0.000000e+000  0.000000e+000 -1.000000e+000
    outer loop
      vertex  1.209176e+001  3.286195e+001  3.600000e+000
      vertex  1.110102e+001  3.288190e+001  3.600000e+000
      vertex  1.189426e+001  3.288190e+001  3.600000e+000
    endloop
  endfacet
  facet normal  0.000000e+000  0.000000e+000 -1.000000e+000
    outer loop
      vertex  1.189426e+001  3.288190e+001  3.600000e+000
      vertex  1.110102e+001  3.288190e+001  3.600000e+000
      vertex  1.129917e+001  3.289389e+001  3.600000e+000
    endloop
  endfacet
  facet normal  0.000000e+000  0.000000e+000 -1.000000e+000
    outer loop
      vertex  1.189426e+001  3.288190e+001  3.600000e+000
      vertex  1.129917e+001  3.289389e+001  3.600000e+000
      vertex  1.169611e+001  3.289389e+001  3.600000e+000
    endloop
  endfacet
  facet normal  0.000000e+000  0.000000e+000  1.000000e+000
    outer loop
      vertex  1.129917e+001  3.289389e+001  4.400000e+000
      vertex  1.169611e+001  3.289389e+001  4.400000e+000
      vertex  1.149764e+001  3.289789e+001  4.400000e+000
    endloop
  endfacet
  facet normal  -0.000000e+000  0.000000e+000  1.000000e+000
    outer loop
      vertex  1.169611e+001  3.289389e+001  4.400000e+000
      vertex  1.129917e+001  3.289389e+001  4.400000e+000
      vertex  1.189426e+001  3.288190e+001  4.400000e+000
    endloop
  endfacet
  facet normal  0.000000e+000  0.000000e+000  1.000000e+000
    outer loop
      vertex  1.189426e+001  3.288190e+001  4.400000e+000
      vertex  1.129917e+001  3.289389e+001  4.400000e+000
      vertex  1.110102e+001  3.288190e+001  4.400000e+000
    endloop
  endfacet
  facet normal  -0.000000e+000  0.000000e+000  1.000000e+000
    outer loop
      vertex  1.189426e+001  3.288190e+001  4.400000e+000
      vertex  1.110102e+001  3.288190e+001  4.400000e+000
      vertex  1.209176e+001  3.286195e+001  4.400000e+000
    endloop
  endfacet
  facet normal  0.000000e+000  0.000000e+000  1.000000e+000
    outer loop
      vertex  1.209176e+001  3.286195e+001  4.400000e+000
      vertex  1.110102e+001  3.288190e+001  4.400000e+000
      vertex  1.090352e+001  3.286195e+001  4.400000e+000
    endloop
  endfacet
  facet normal  -0.000000e+000  0.000000e+000  1.000000e+000
    outer loop
      vertex  1.209176e+001  3.286195e+001  4.400000e+000
      vertex  1.090352e+001  3.286195e+001  4.400000e+000
      vertex  1.228830e+001  3.283406e+001  4.400000e+000
    endloop
  endfacet
  facet normal  0.000000e+000  0.000000e+000  9.999999e-001
    outer loop
      vertex  1.228830e+001  3.283406e+001  4.400000e+000
      vertex  1.090352e+001  3.286195e+001  4.400000e+000
      vertex  1.070698e+001  3.283406e+001  4.400000e+000
    endloop
  endfacet
  facet normal  -0.000000e+000  0.000000e+000  1.000000e+000
    outer loop
      vertex  1.228830e+001  3.283406e+001  4.400000e+000
      vertex  1.070698e+001  3.283406e+001  4.400000e+000
      vertex  1.248356e+001  3.279827e+001  4.400000e+000
    endloop
  endfacet
  facet normal  0.000000e+000  0.000000e+000  1.000000e+000
    outer loop
      vertex  1.248356e+001  3.279827e+001  4.400000e+000
      vertex  1.070698e+001  3.283406e+001  4.400000e+000
      vertex  1.051172e+001  3.279827e+001  4.400000e+000
    endloop
  endfacet
  facet normal  -0.000000e+000  0.000000e+000  1.000000e+000
    outer loop
      vertex  1.248356e+001  3.279827e+001  4.400000e+000
      vertex  1.051172e+001  3.279827e+001  4.400000e+000
      vertex  1.267722e+001  3.275466e+001  4.400000e+000
    endloop
  endfacet
  facet normal  0.000000e+000  0.000000e+000  1.000000e+000
    outer loop
      vertex  1.267722e+001  3.275466e+001  4.400000e+000
      vertex  1.051172e+001  3.279827e+001  4.400000e+000
      vertex  1.031806e+001  3.275466e+001  4.400000e+000
    endloop
  endfacet
  facet normal  -0.000000e+000  0.000000e+000  9.999999e-001
    outer loop
      vertex  1.267722e+001  3.275466e+001  4.400000e+000
      vertex  1.031806e+001  3.275466e+001  4.400000e+000
      vertex  1.286897e+001  3.270328e+001  4.400000e+000
    endloop
  endfacet
  facet normal  0.000000e+000  0.000000e+000  1.000000e+000
    outer loop
      vertex  1.286897e+001  3.270328e+001  4.400000e+000
      vertex  1.031806e+001  3.275466e+001  4.400000e+000
      vertex  1.012631e+001  3.270328e+001  4.400000e+000
    endloop
  endfacet
  facet normal  -0.000000e+000  0.000000e+000  1.000000e+000
    outer loop
      vertex  1.286897e+001  3.270328e+001  4.400000e+000
      vertex  1.012631e+001  3.270328e+001  4.400000e+000
      vertex  1.305849e+001  3.264422e+001  4.400000e+000
    endloop
  endfacet
  facet normal  0.000000e+000  0.000000e+000  1.000000e+000
    outer loop
      vertex  1.305849e+001  3.264422e+001  4.400000e+000
      vertex  1.012631e+001  3.270328e+001  4.400000e+000
      vertex  9.936789e+000  3.264422e+001  4.400000e+000
    endloop
  endfacet
  facet normal  -0.000000e+000  0.000000e+000  1.000000e+000
    outer loop
      vertex  1.305849e+001  3.264422e+001  4.400000e+000
      vertex  9.936789e+000  3.264422e+001  4.400000e+000
      vertex  1.324548e+001  3.257758e+001  4.400000e+000
    endloop
  endfacet
  facet normal  0.000000e+000  0.000000e+000  1.000000e+000
    outer loop
      vertex  1.324548e+001  3.257758e+001  4.400000e+000
      vertex  9.936789e+000  3.264422e+001  4.400000e+000
      vertex  9.749799e+000  3.257758e+001  4.400000e+000
    endloop
  endfacet
  facet normal  -0.000000e+000  0.000000e+000  1.000000e+000
    outer loop
      vertex  1.324548e+001  3.257758e+001  4.400000e+000
      vertex  9.749799e+000  3.257758e+001  4.400000e+000
      vertex  1.342964e+001  3.250347e+001  4.400000e+000
    endloop
  endfacet
  facet normal  0.000000e+000  0.000000e+000  1.000000e+000
    outer loop
      vertex  1.342964e+001  3.250347e+001  4.400000e+000
      vertex  9.749799e+000  3.257758e+001  4.400000e+000
      vertex  9.565643e+000  3.250347e+001  4.400000e+000
    endloop
  endfacet
  facet normal  -0.000000e+000  0.000000e+000  1.000000e+000
    outer loop
      vertex  1.342964e+001  3.250347e+001  4.400000e+000
      vertex  9.565643e+000  3.250347e+001  4.400000e+000
      vertex  1.361066e+001  3.242200e+001  4.400000e+000
    endloop
  endfacet
  facet normal  0.000000e+000  0.000000e+000  1.000000e+000
    outer loop
      vertex  1.361066e+001  3.242200e+001  4.400000e+000
      vertex  9.565643e+000  3.250347e+001  4.400000e+000
      vertex  9.384622e+000  3.242200e+001  4.400000e+000
    endloop
  endfacet
  facet normal  -0.000000e+000  0.000000e+000  1.000000e+000
    outer loop
      vertex  1.361066e+001  3.242200e+001  4.400000e+000
      vertex  9.384622e+000  3.242200e+001  4.400000e+000
      vertex  1.378825e+001  3.233330e+001  4.400000e+000
    endloop
  endfacet
  facet normal  0.000000e+000  0.000000e+000  1.000000e+000
    outer loop
      vertex  1.378825e+001  3.233330e+001  4.400000e+000
      vertex  9.384622e+000  3.242200e+001  4.400000e+000
      vertex  9.207027e+000  3.233330e+001  4.400000e+000
    endloop
  endfacet
  facet normal  -0.000000e+000  0.000000e+000  9.999999e-001
    outer loop
      vertex  1.378825e+001  3.233330e+001  4.400000e+000
      vertex  9.207027e+000  3.233330e+001  4.400000e+000
      vertex  1.396213e+001  3.223753e+001  4.400000e+000
    endloop
  endfacet
  facet normal  0.000000e+000  0.000000e+000  1.000000e+000
    outer loop
      vertex  1.396213e+001  3.223753e+001  4.400000e+000
      vertex  9.207027e+000  3.233330e+001  4.400000e+000
      vertex  9.033149e+000  3.223753e+001  4.400000e+000
    endloop
  endfacet
  facet normal  -0.000000e+000  0.000000e+000  1.000000e+000
    outer loop
      vertex  1.396213e+001  3.223753e+001  4.400000e+000
      vertex  9.033149e+000  3.223753e+001  4.400000e+000
      vertex  1.413201e+001  3.213483e+001  4.400000e+000
    endloop
  endfacet
  facet normal  0.000000e+000  0.000000e+000  1.000000e+000
    outer loop
      vertex  1.413201e+001  3.213483e+001  4.400000e+000
      vertex  9.033149e+000  3.223753e+001  4.400000e+000
      vertex  8.863267e+000  3.213483e+001  4.400000e+000
    endloop
  endfacet
  facet normal  -0.000000e+000  0.000000e+000  1.000000e+000
    outer loop
      vertex  1.413201e+001  3.213483e+001  4.400000e+000
      vertex  8.863267e+000  3.213483e+001  4.400000e+000
      vertex  1.429762e+001  3.202538e+001  4.400000e+000
    endloop
  endfacet
  facet normal  0.000000e+000  0.000000e+000  1.000000e+000
    outer loop
      vertex  1.429762e+001  3.202538e+001  4.400000e+000
      vertex  8.863267e+000  3.213483e+001  4.400000e+000
      vertex  8.697659e+000  3.202538e+001  4.400000e+000
    endloop
  endfacet
  facet normal  -0.000000e+000  0.000000e+000  1.000000e+000
    outer loop
      vertex  1.429762e+001  3.202538e+001  4.400000e+000
      vertex  8.697659e+000  3.202538e+001  4.400000e+000
      vertex  1.445869e+001  3.190934e+001  4.400000e+000
    endloop
  endfacet
  facet normal  0.000000e+000  0.000000e+000  1.000000e+000
    outer loop
      vertex  1.445869e+001  3.190934e+001  4.400000e+000
      vertex  8.697659e+000  3.202538e+001  4.400000e+000
      vertex  8.536592e+000  3.190934e+001  4.400000e+000
    endloop
  endfacet
  facet normal  -0.000000e+000  0.000000e+000  1.000000e+000
    outer loop
      vertex  1.445869e+001  3.190934e+001  4.400000e+000
      vertex  8.536592e+000  3.190934e+001  4.400000e+000
      vertex  1.461495e+001  3.178692e+001  4.400000e+000
    endloop
  endfacet
  facet normal  0.000000e+000  0.000000e+000  1.000000e+000
    outer loop
      vertex  1.461495e+001  3.178692e+001  4.400000e+000
      vertex  8.536592e+000  3.190934e+001  4.400000e+000
      vertex  8.380328e+000  3.178692e+001  4.400000e+000
    endloop
  endfacet
  facet normal  -0.000000e+000  0.000000e+000  1.000000e+000
    outer loop
      vertex  1.461495e+001  3.178692e+001  4.400000e+000
      vertex  8.380328e+000  3.178692e+001  4.400000e+000
      vertex  1.476616e+001  3.165830e+001  4.400000e+000
    endloop
  endfacet
  facet normal  0.000000e+000  0.000000e+000  1.000000e+000
    outer loop
      vertex  1.476616e+001  3.165830e+001  4.400000e+000
      vertex  8.380328e+000  3.178692e+001  4.400000e+000
      vertex  8.229120e+000  3.165830e+001  4.400000e+000
    endloop
  endfacet
  facet normal  -0.000000e+000  0.000000e+000  1.000000e+000
    outer loop
      vertex  1.476616e+001  3.165830e+001  4.400000e+000
      vertex  8.229120e+000  3.165830e+001  4.400000e+000
      vertex  1.491207e+001  3.152370e+001  4.400000e+000
    endloop
  endfacet
  facet normal  0.000000e+000  0.000000e+000  1.000000e+000
    outer loop
      vertex  1.491207e+001  3.152370e+001  4.400000e+000
      vertex  8.229120e+000  3.165830e+001  4.400000e+000
      vertex  8.083214e+000  3.152370e+001  4.400000e+000
    endloop
  endfacet
  facet normal  -0.000000e+000  0.000000e+000  1.000000e+000
    outer loop
      vertex  1.491207e+001  3.152370e+001  4.400000e+000
      vertex  8.083214e+000  3.152370e+001  4.400000e+000
      vertex  1.505243e+001  3.138333e+001  4.400000e+000
    endloop
  endfacet
  facet normal  0.000000e+000  0.000000e+000  1.000000e+000
    outer loop
      vertex  1.505243e+001  3.138333e+001  4.400000e+000
      vertex  8.083214e+000  3.152370e+001  4.400000e+000
      vertex  7.942846e+000  3.138333e+001  4.400000e+000
    endloop
  endfacet
  facet normal  -0.000000e+000  0.000000e+000  1.000000e+000
    outer loop
      vertex  1.505243e+001  3.138333e+001  4.400000e+000
      vertex  7.942846e+000  3.138333e+001  4.400000e+000
      vertex  1.518704e+001  3.123742e+001  4.400000e+000
    endloop
  endfacet
  facet normal  0.000000e+000  0.000000e+000  1.000000e+000
    outer loop
      vertex  1.518704e+001  3.123742e+001  4.400000e+000
      vertex  7.942846e+000  3.138333e+001  4.400000e+000
      vertex  7.808244e+000  3.123742e+001  4.400000e+000
    endloop
  endfacet
  facet normal  -0.000000e+000  0.000000e+000  1.000000e+000
    outer loop
      vertex  1.518704e+001  3.123742e+001  4.400000e+000
      vertex  7.808244e+000  3.123742e+001  4.400000e+000
      vertex  1.531565e+001  3.108622e+001  4.400000e+000
    endloop
  endfacet
  facet normal  0.000000e+000  0.000000e+000  1.000000e+000
    outer loop
      vertex  1.531565e+001  3.108622e+001  4.400000e+000
      vertex  7.808244e+000  3.123742e+001  4.400000e+000
      vertex  7.679626e+000  3.108622e+001  4.400000e+000
    endloop
  endfacet
  facet normal  -0.000000e+000  0.000000e+000  1.000000e+000
    outer loop
      vertex  1.531565e+001  3.108622e+001  4.400000e+000
      vertex  7.679626e+000  3.108622e+001  4.400000e+000
      vertex  1.543808e+001  3.092995e+001  4.400000e+000
    endloop
  endfacet
  facet normal  0.000000e+000  0.000000e+000  1.000000e+000
    outer loop
      vertex  1.543808e+001  3.092995e+001  4.400000e+000
      vertex  7.679626e+000  3.108622e+001  4.400000e+000
      vertex  7.557201e+000  3.092995e+001  4.400000e+000
    endloop
  endfacet
  facet normal  -0.000000e+000  0.000000e+000  9.999999e-001
    outer loop
      vertex  1.543808e+001  3.092995e+001  4.400000e+000
      vertex  7.557201e+000  3.092995e+001  4.400000e+000
      vertex  1.555411e+001  3.076888e+001  4.400000e+000
    endloop
  endfacet
  facet normal  0.000000e+000  0.000000e+000  9.999999e-001
    outer loop
      vertex  1.555411e+001  3.076888e+001  4.400000e+000
      vertex  7.557201e+000  3.092995e+001  4.400000e+000
      vertex  7.441167e+000  3.076888e+001  4.400000e+000
    endloop
  endfacet
  facet normal  -0.000000e+000  0.000000e+000  1.000000e+000
    outer loop
      vertex  1.555411e+001  3.076888e+001  4.400000e+000
      vertex  7.441167e+000  3.076888e+001  4.400000e+000
      vertex  1.566357e+001  3.060328e+001  4.400000e+000
    endloop
  endfacet
  facet normal  0.000000e+000  0.000000e+000  1.000000e+000
    outer loop
      vertex  1.566357e+001  3.060328e+001  4.400000e+000
      vertex  7.441167e+000  3.076888e+001  4.400000e+000
      vertex  7.331713e+000  3.060328e+001  4.400000e+000
    endloop
  endfacet
  facet normal  -0.000000e+000  0.000000e+000  1.000000e+000
    outer loop
      vertex  1.566357e+001  3.060328e+001  4.400000e+000
      vertex  7.331713e+000  3.060328e+001  4.400000e+000
      vertex  1.576626e+001  3.043340e+001  4.400000e+000
    endloop
  endfacet
  facet normal  0.000000e+000  0.000000e+000  1.000000e+000
    outer loop
      vertex  1.576626e+001  3.043340e+001  4.400000e+000
      vertex  7.331713e+000  3.060328e+001  4.400000e+000
      vertex  7.229016e+000  3.043340e+001  4.400000e+000
    endloop
  endfacet
  facet normal  -0.000000e+000  0.000000e+000  9.999999e-001
    outer loop
      vertex  1.576626e+001  3.043340e+001  4.400000e+000
      vertex  7.229016e+000  3.043340e+001  4.400000e+000
      vertex  1.586204e+001  3.025952e+001  4.400000e+000
    endloop
  endfacet
  facet normal  0.000000e+000  0.000000e+000  1.000000e+000
    outer loop
      vertex  1.586204e+001  3.025952e+001  4.400000e+000
      vertex  7.229016e+000  3.043340e+001  4.400000e+000
      vertex  7.133243e+000  3.025952e+001  4.400000e+000
    endloop
  endfacet
  facet normal  -0.000000e+000  0.000000e+000  9.999999e-001
    outer loop
      vertex  1.586204e+001  3.025952e+001  4.400000e+000
      vertex  7.133243e+000  3.025952e+001  4.400000e+000
      vertex  1.595073e+001  3.008192e+001  4.400000e+000
    endloop
  endfacet
  facet normal  0.000000e+000  0.000000e+000  1.000000e+000
    outer loop
      vertex  1.595073e+001  3.008192e+001  4.400000e+000
      vertex  7.133243e+000  3.025952e+001  4.400000e+000
      vertex  7.044549e+000  3.008192e+001  4.400000e+000
    endloop
  endfacet
  facet normal  -0.000000e+000  0.000000e+000  9.999999e-001
    outer loop
      vertex  1.595073e+001  3.008192e+001  4.400000e+000
      vertex  7.044549e+000  3.008192e+001  4.400000e+000
      vertex  1.603220e+001  2.990090e+001  4.400000e+000
    endloop
  endfacet
  facet normal  0.000000e+000  0.000000e+000  1.000000e+000
    outer loop
      vertex  1.603220e+001  2.990090e+001  4.400000e+000
      vertex  7.044549e+000  3.008192e+001  4.400000e+000
      vertex  6.963078e+000  2.990090e+001  4.400000e+000
    endloop
  endfacet
  facet normal  -0.000000e+000  0.000000e+000  1.000000e+000
    outer loop
      vertex  1.603220e+001  2.990090e+001  4.400000e+000
      vertex  6.963078e+000  2.990090e+001  4.400000e+000
      vertex  1.610632e+001  2.971675e+001  4.400000e+000
    endloop
  endfacet
  facet normal  0.000000e+000  0.000000e+000  1.000000e+000
    outer loop
      vertex  1.610632e+001  2.971675e+001  4.400000e+000
      vertex  6.963078e+000  2.990090e+001  4.400000e+000
      vertex  6.888961e+000  2.971675e+001  4.400000e+000
    endloop
  endfacet
  facet normal  -0.000000e+000  0.000000e+000  1.000000e+000
    outer loop
      vertex  1.610632e+001  2.971675e+001  4.400000e+000
      vertex  6.888961e+000  2.971675e+001  4.400000e+000
      vertex  1.617296e+001  2.952975e+001  4.400000e+000
    endloop
  endfacet
  facet normal  0.000000e+000  0.000000e+000  1.000000e+000
    outer loop
      vertex  1.617296e+001  2.952975e+001  4.400000e+000
      vertex  6.888961e+000  2.971675e+001  4.400000e+000
      vertex  6.822320e+000  2.952975e+001  4.400000e+000
    endloop
  endfacet
  facet normal  -0.000000e+000  0.000000e+000  1.000000e+000
    outer loop
      vertex  1.617296e+001  2.952975e+001  4.400000e+000
      vertex  6.822320e+000  2.952975e+001  4.400000e+000
      vertex  1.623202e+001  2.934023e+001  4.400000e+000
    endloop
  endfacet
  facet normal  0.000000e+000  0.000000e+000  1.000000e+000
    outer loop
      vertex  1.623202e+001  2.934023e+001  4.400000e+000
      vertex  6.822320e+000  2.952975e+001  4.400000e+000
      vertex  6.763263e+000  2.934023e+001  4.400000e+000
    endloop
  endfacet
  facet normal  -0.000000e+000  0.000000e+000  1.000000e+000
    outer loop
      vertex  1.623202e+001  2.934023e+001  4.400000e+000
      vertex  6.763263e+000  2.934023e+001  4.400000e+000
      vertex  1.628340e+001  2.914849e+001  4.400000e+000
    endloop
  endfacet
  facet normal  0.000000e+000  0.000000e+000  1.000000e+000
    outer loop
      vertex  1.628340e+001  2.914849e+001  4.400000e+000
      vertex  6.763263e+000  2.934023e+001  4.400000e+000
      vertex  6.711885e+000  2.914849e+001  4.400000e+000
    endloop
  endfacet
  facet normal  -0.000000e+000  0.000000e+000  9.999999e-001
    outer loop
      vertex  1.628340e+001  2.914849e+001  4.400000e+000
      vertex  6.711885e+000  2.914849e+001  4.400000e+000
      vertex  1.632701e+001  2.895483e+001  4.400000e+000
    endloop
  endfacet
  facet normal  0.000000e+000  0.000000e+000  1.000000e+000
    outer loop
      vertex  1.632701e+001  2.895483e+001  4.400000e+000
      vertex  6.711885e+000  2.914849e+001  4.400000e+000
      vertex  6.668269e+000  2.895483e+001  4.400000e+000
    endloop
  endfacet
  facet normal  -0.000000e+000  0.000000e+000  9.999999e-001
    outer loop
      vertex  1.632701e+001  2.895483e+001  4.400000e+000
      vertex  6.668269e+000  2.895483e+001  4.400000e+000
      vertex  1.636279e+001  2.875957e+001  4.400000e+000
    endloop
  endfacet
  facet normal  0.000000e+000  0.000000e+000  1.000000e+000
    outer loop
      vertex  1.636279e+001  2.875957e+001  4.400000e+000
      vertex  6.668269e+000  2.895483e+001  4.400000e+000
      vertex  6.632487e+000  2.875957e+001  4.400000e+000
    endloop
  endfacet
  facet normal  -0.000000e+000  0.000000e+000  9.999999e-001
    outer loop
      vertex  1.636279e+001  2.875957e+001  4.400000e+000
      vertex  6.632487e+000  2.875957e+001  4.400000e+000
      vertex  1.639068e+001  2.856303e+001  4.400000e+000
    endloop
  endfacet
  facet normal  0.000000e+000  0.000000e+000  1.000000e+000
    outer loop
      vertex  1.639068e+001  2.856303e+001  4.400000e+000
      vertex  6.632487e+000  2.875957e+001  4.400000e+000
      vertex  6.604596e+000  2.856303e+001  4.400000e+000
    endloop
  endfacet
  facet normal  -0.000000e+000  0.000000e+000  1.000000e+000
    outer loop
      vertex  1.639068e+001  2.856303e+001  4.400000e+000
      vertex  6.604596e+000  2.856303e+001  4.400000e+000
      vertex  1.641064e+001  2.836552e+001  4.400000e+000
    endloop
  endfacet
  facet normal  0.000000e+000  0.000000e+000  1.000000e+000
    outer loop
      vertex  1.641064e+001  2.836552e+001  4.400000e+000
      vertex  6.604596e+000  2.856303e+001  4.400000e+000
      vertex  6.584641e+000  2.836552e+001  4.400000e+000
    endloop
  endfacet
  facet normal  -0.000000e+000  0.000000e+000  1.000000e+000
    outer loop
      vertex  1.641064e+001  2.836552e+001  4.400000e+000
      vertex  6.584641e+000  2.836552e+001  4.400000e+000
      vertex  1.642262e+001  2.816737e+001  4.400000e+000
    endloop
  endfacet
  facet normal  0.000000e+000  0.000000e+000  1.000000e+000
    outer loop
      vertex  1.642262e+001  2.816737e+001  4.400000e+000
      vertex  6.584641e+000  2.836552e+001  4.400000e+000
      vertex  6.572655e+000  2.816737e+001  4.400000e+000
    endloop
  endfacet
  facet normal  -0.000000e+000  0.000000e+000  1.000000e+000
    outer loop
      vertex  1.642262e+001  2.816737e+001  4.400000e+000
      vertex  6.572655e+000  2.816737e+001  4.400000e+000
      vertex  1.642662e+001  2.796890e+001  4.400000e+000
    endloop
  endfacet
  facet normal  0.000000e+000  0.000000e+000  1.000000e+000
    outer loop
      vertex  1.642662e+001  2.796890e+001  4.400000e+000
      vertex  6.572655e+000  2.816737e+001  4.400000e+000
      vertex  6.568658e+000  2.796890e+001  4.400000e+000
    endloop
  endfacet
  facet normal  -0.000000e+000  0.000000e+000  1.000000e+000
    outer loop
      vertex  1.642662e+001  2.796890e+001  4.400000e+000
      vertex  6.568658e+000  2.796890e+001  4.400000e+000
      vertex  1.642262e+001  2.777043e+001  4.400000e+000
    endloop
  endfacet
  facet normal  0.000000e+000  0.000000e+000  1.000000e+000
    outer loop
      vertex  1.642262e+001  2.777043e+001  4.400000e+000
      vertex  6.568658e+000  2.796890e+001  4.400000e+000
      vertex  6.572655e+000  2.777043e+001  4.400000e+000
    endloop
  endfacet
  facet normal  -0.000000e+000  0.000000e+000  1.000000e+000
    outer loop
      vertex  1.642262e+001  2.777043e+001  4.400000e+000
      vertex  6.572655e+000  2.777043e+001  4.400000e+000
      vertex  1.641064e+001  2.757229e+001  4.400000e+000
    endloop
  endfacet
  facet normal  0.000000e+000  0.000000e+000  1.000000e+000
    outer loop
      vertex  1.641064e+001  2.757229e+001  4.400000e+000
      vertex  6.572655e+000  2.777043e+001  4.400000e+000
      vertex  6.584641e+000  2.757229e+001  4.400000e+000
    endloop
  endfacet
  facet normal  -0.000000e+000  0.000000e+000  1.000000e+000
    outer loop
      vertex  1.641064e+001  2.757229e+001  4.400000e+000
      vertex  6.584641e+000  2.757229e+001  4.400000e+000
      vertex  1.639068e+001  2.737478e+001  4.400000e+000
    endloop
  endfacet
  facet normal  0.000000e+000  0.000000e+000  9.999999e-001
    outer loop
      vertex  1.639068e+001  2.737478e+001  4.400000e+000
      vertex  6.584641e+000  2.757229e+001  4.400000e+000
      vertex  6.604596e+000  2.737478e+001  4.400000e+000
    endloop
  endfacet
  facet normal  -0.000000e+000  0.000000e+000  1.000000e+000
    outer loop
      vertex  1.639068e+001  2.737478e+001  4.400000e+000
      vertex  6.604596e+000  2.737478e+001  4.400000e+000
      vertex  1.636279e+001  2.717824e+001  4.400000e+000
    endloop
  endfacet
  facet normal  0.000000e+000  0.000000e+000  1.000000e+000
    outer loop
      vertex  1.636279e+001  2.717824e+001  4.400000e+000
      vertex  6.604596e+000  2.737478e+001  4.400000e+000
      vertex  6.632487e+000  2.717824e+001  4.400000e+000
    endloop
  endfacet
  facet normal  -0.000000e+000  0.000000e+000  1.000000e+000
    outer loop
      vertex  1.636279e+001  2.717824e+001  4.400000e+000
      vertex  6.632487e+000  2.717824e+001  4.400000e+000
      vertex  1.632701e+001  2.698298e+001  4.400000e+000
    endloop
  endfacet
  facet normal  0.000000e+000  0.000000e+000  9.999999e-001
    outer loop
      vertex  1.632701e+001  2.698298e+001  4.400000e+000
      vertex  6.632487e+000  2.717824e+001  4.400000e+000
      vertex  6.668269e+000  2.698298e+001  4.400000e+000
    endloop
  endfacet
  facet normal  -0.000000e+000  0.000000e+000  1.000000e+000
    outer loop
      vertex  1.632701e+001  2.698298e+001  4.400000e+000
      vertex  6.668269e+000  2.698298e+001  4.400000e+000
      vertex  1.628340e+001  2.678932e+001  4.400000e+000
    endloop
  endfacet
  facet normal  0.000000e+000  0.000000e+000  1.000000e+000
    outer loop
      vertex  1.628340e+001  2.678932e+001  4.400000e+000
      vertex  6.668269e+000  2.698298e+001  4.400000e+000
      vertex  6.711885e+000  2.678932e+001  4.400000e+000
    endloop
  endfacet
  facet normal  -0.000000e+000  0.000000e+000  1.000000e+000
    outer loop
      vertex  1.628340e+001  2.678932e+001  4.400000e+000
      vertex  6.711885e+000  2.678932e+001  4.400000e+000
      vertex  1.623202e+001  2.659757e+001  4.400000e+000
    endloop
  endfacet
  facet normal  0.000000e+000  0.000000e+000  1.000000e+000
    outer loop
      vertex  1.623202e+001  2.659757e+001  4.400000e+000
      vertex  6.711885e+000  2.678932e+001  4.400000e+000
      vertex  6.763263e+000  2.659757e+001  4.400000e+000
    endloop
  endfacet
  facet normal  -0.000000e+000  0.000000e+000  1.000000e+000
    outer loop
      vertex  1.623202e+001  2.659757e+001  4.400000e+000
      vertex  6.763263e+000  2.659757e+001  4.400000e+000
      vertex  1.617296e+001  2.640805e+001  4.400000e+000
    endloop
  endfacet
  facet normal  0.000000e+000  0.000000e+000  1.000000e+000
    outer loop
      vertex  1.617296e+001  2.640805e+001  4.400000e+000
      vertex  6.763263e+000  2.659757e+001  4.400000e+000
      vertex  6.822320e+000  2.640805e+001  4.400000e+000
    endloop
  endfacet
  facet normal  -0.000000e+000  0.000000e+000  1.000000e+000
    outer loop
      vertex  1.617296e+001  2.640805e+001  4.400000e+000
      vertex  6.822320e+000  2.640805e+001  4.400000e+000
      vertex  1.610632e+001  2.622106e+001  4.400000e+000
    endloop
  endfacet
  facet normal  0.000000e+000  0.000000e+000  1.000000e+000
    outer loop
      vertex  1.610632e+001  2.622106e+001  4.400000e+000
      vertex  6.822320e+000  2.640805e+001  4.400000e+000
      vertex  6.888961e+000  2.622106e+001  4.400000e+000
    endloop
  endfacet
  facet normal  -0.000000e+000  0.000000e+000  1.000000e+000
    outer loop
      vertex  1.610632e+001  2.622106e+001  4.400000e+000
      vertex  6.888961e+000  2.622106e+001  4.400000e+000
      vertex  1.603220e+001  2.603691e+001  4.400000e+000
    endloop
  endfacet
  facet normal  0.000000e+000  0.000000e+000  1.000000e+000
    outer loop
      vertex  1.603220e+001  2.603691e+001  4.400000e+000
      vertex  6.888961e+000  2.622106e+001  4.400000e+000
      vertex  6.963078e+000  2.603691e+001  4.400000e+000
    endloop
  endfacet
  facet normal  -0.000000e+000  0.000000e+000  1.000000e+000
    outer loop
      vertex  1.603220e+001  2.603691e+001  4.400000e+000
      vertex  6.963078e+000  2.603691e+001  4.400000e+000
      vertex  1.595073e+001  2.585589e+001  4.400000e+000
    endloop
  endfacet
  facet normal  0.000000e+000  0.000000e+000  9.999999e-001
    outer loop
      vertex  1.595073e+001  2.585589e+001  4.400000e+000
      vertex  6.963078e+000  2.603691e+001  4.400000e+000
      vertex  7.044549e+000  2.585589e+001  4.400000e+000
    endloop
  endfacet
  facet normal  -0.000000e+000  0.000000e+000  1.000000e+000
    outer loop
      vertex  1.595073e+001  2.585589e+001  4.400000e+000
      vertex  7.044549e+000  2.585589e+001  4.400000e+000
      vertex  1.586204e+001  2.567829e+001  4.400000e+000
    endloop
  endfacet
  facet normal  0.000000e+000  0.000000e+000  1.000000e+000
    outer loop
      vertex  1.586204e+001  2.567829e+001  4.400000e+000
      vertex  7.044549e+000  2.585589e+001  4.400000e+000
      vertex  7.133243e+000  2.567829e+001  4.400000e+000
    endloop
  endfacet
  facet normal  -0.000000e+000  0.000000e+000  1.000000e+000
    outer loop
      vertex  1.586204e+001  2.567829e+001  4.400000e+000
      vertex  7.133243e+000  2.567829e+001  4.400000e+000
      vertex  1.576626e+001  2.550441e+001  4.400000e+000
    endloop
  endfacet
  facet normal  0.000000e+000  0.000000e+000  1.000000e+000
    outer loop
      vertex  1.576626e+001  2.550441e+001  4.400000e+000
      vertex  7.133243e+000  2.567829e+001  4.400000e+000
      vertex  7.229016e+000  2.550441e+001  4.400000e+000
    endloop
  endfacet
  facet normal  -0.000000e+000  0.000000e+000  1.000000e+000
    outer loop
      vertex  1.576626e+001  2.550441e+001  4.400000e+000
      vertex  7.229016e+000  2.550441e+001  4.400000e+000
      vertex  1.566357e+001  2.533453e+001  4.400000e+000
    endloop
  endfacet
  facet normal  0.000000e+000  0.000000e+000  1.000000e+000
    outer loop
      vertex  1.566357e+001  2.533453e+001  4.400000e+000
      vertex  7.229016e+000  2.550441e+001  4.400000e+000
      vertex  7.331713e+000  2.533453e+001  4.400000e+000
    endloop
  endfacet
  facet normal  -0.000000e+000  0.000000e+000  9.999999e-001
    outer loop
      vertex  1.566357e+001  2.533453e+001  4.400000e+000
      vertex  7.331713e+000  2.533453e+001  4.400000e+000
      vertex  1.555411e+001  2.516892e+001  4.400000e+000
    endloop
  endfacet
  facet normal  0.000000e+000  0.000000e+000  1.000000e+000
    outer loop
      vertex  1.555411e+001  2.516892e+001  4.400000e+000
      vertex  7.331713e+000  2.533453e+001  4.400000e+000
      vertex  7.441167e+000  2.516892e+001  4.400000e+000
    endloop
  endfacet
  facet normal  -0.000000e+000  0.000000e+000  1.000000e+000
    outer loop
      vertex  1.555411e+001  2.516892e+001  4.400000e+000
      vertex  7.441167e+000  2.516892e+001  4.400000e+000
      vertex  1.543808e+001  2.500786e+001  4.400000e+000
    endloop
  endfacet
  facet normal  0.000000e+000  0.000000e+000  1.000000e+000
    outer loop
      vertex  1.543808e+001  2.500786e+001  4.400000e+000
      vertex  7.441167e+000  2.516892e+001  4.400000e+000
      vertex  7.557201e+000  2.500786e+001  4.400000e+000
    endloop
  endfacet
  facet normal  -0.000000e+000  0.000000e+000  1.000000e+000
    outer loop
      vertex  1.543808e+001  2.500786e+001  4.400000e+000
      vertex  7.557201e+000  2.500786e+001  4.400000e+000
      vertex  1.531565e+001  2.485159e+001  4.400000e+000
    endloop
  endfacet
  facet normal  0.000000e+000  0.000000e+000  1.000000e+000
    outer loop
      vertex  1.531565e+001  2.485159e+001  4.400000e+000
      vertex  7.557201e+000  2.500786e+001  4.400000e+000
      vertex  7.679626e+000  2.485159e+001  4.400000e+000
    endloop
  endfacet
  facet normal  -0.000000e+000  0.000000e+000  1.000000e+000
    outer loop
      vertex  1.531565e+001  2.485159e+001  4.400000e+000
      vertex  7.679626e+000  2.485159e+001  4.400000e+000
      vertex  1.518704e+001  2.470038e+001  4.400000e+000
    endloop
  endfacet
  facet normal  0.000000e+000  0.000000e+000  1.000000e+000
    outer loop
      vertex  1.518704e+001  2.470038e+001  4.400000e+000
      vertex  7.679626e+000  2.485159e+001  4.400000e+000
      vertex  7.808244e+000  2.470038e+001  4.400000e+000
    endloop
  endfacet
  facet normal  -0.000000e+000  0.000000e+000  1.000000e+000
    outer loop
      vertex  1.518704e+001  2.470038e+001  4.400000e+000
      vertex  7.808244e+000  2.470038e+001  4.400000e+000
      vertex  1.505243e+001  2.455448e+001  4.400000e+000
    endloop
  endfacet
  facet normal  0.000000e+000  0.000000e+000  1.000000e+000
    outer loop
      vertex  1.505243e+001  2.455448e+001  4.400000e+000
      vertex  7.808244e+000  2.470038e+001  4.400000e+000
      vertex  7.942846e+000  2.455448e+001  4.400000e+000
    endloop
  endfacet
  facet normal  -0.000000e+000  0.000000e+000  1.000000e+000
    outer loop
      vertex  1.505243e+001  2.455448e+001  4.400000e+000
      vertex  7.942846e+000  2.455448e+001  4.400000e+000
      vertex  1.491207e+001  2.441411e+001  4.400000e+000
    endloop
  endfacet
  facet normal  0.000000e+000  0.000000e+000  1.000000e+000
    outer loop
      vertex  1.491207e+001  2.441411e+001  4.400000e+000
      vertex  7.942846e+000  2.455448e+001  4.400000e+000
      vertex  8.083214e+000  2.441411e+001  4.400000e+000
    endloop
  endfacet
  facet normal  -0.000000e+000  0.000000e+000  1.000000e+000
    outer loop
      vertex  1.491207e+001  2.441411e+001  4.400000e+000
      vertex  8.083214e+000  2.441411e+001  4.400000e+000
      vertex  1.476616e+001  2.427951e+001  4.400000e+000
    endloop
  endfacet
  facet normal  0.000000e+000  0.000000e+000  1.000000e+000
    outer loop
      vertex  1.476616e+001  2.427951e+001  4.400000e+000
      vertex  8.083214e+000  2.441411e+001  4.400000e+000
      vertex  8.229120e+000  2.427951e+001  4.400000e+000
    endloop
  endfacet
  facet normal  -0.000000e+000  0.000000e+000  1.000000e+000
    outer loop
      vertex  1.476616e+001  2.427951e+001  4.400000e+000
      vertex  8.229120e+000  2.427951e+001  4.400000e+000
      vertex  1.461495e+001  2.415089e+001  4.400000e+000
    endloop
  endfacet
  facet normal  0.000000e+000  0.000000e+000  1.000000e+000
    outer loop
      vertex  1.461495e+001  2.415089e+001  4.400000e+000
      vertex  8.229120e+000  2.427951e+001  4.400000e+000
      vertex  8.380328e+000  2.415089e+001  4.400000e+000
    endloop
  endfacet
  facet normal  -0.000000e+000  0.000000e+000  1.000000e+000
    outer loop
      vertex  1.461495e+001  2.415089e+001  4.400000e+000
      vertex  8.380328e+000  2.415089e+001  4.400000e+000
      vertex  1.445869e+001  2.402847e+001  4.400000e+000
    endloop
  endfacet
  facet normal  0.000000e+000  0.000000e+000  1.000000e+000
    outer loop
      vertex  1.445869e+001  2.402847e+001  4.400000e+000
      vertex  8.380328e+000  2.415089e+001  4.400000e+000
      vertex  8.536592e+000  2.402847e+001  4.400000e+000
    endloop
  endfacet
  facet normal  -0.000000e+000  0.000000e+000  1.000000e+000
    outer loop
      vertex  1.445869e+001  2.402847e+001  4.400000e+000
      vertex  8.536592e+000  2.402847e+001  4.400000e+000
      vertex  1.429762e+001  2.391243e+001  4.400000e+000
    endloop
  endfacet
  facet normal  0.000000e+000  0.000000e+000  1.000000e+000
    outer loop
      vertex  1.429762e+001  2.391243e+001  4.400000e+000
      vertex  8.536592e+000  2.402847e+001  4.400000e+000
      vertex  8.697659e+000  2.391243e+001  4.400000e+000
    endloop
  endfacet
  facet normal  -0.000000e+000  0.000000e+000  1.000000e+000
    outer loop
      vertex  1.429762e+001  2.391243e+001  4.400000e+000
      vertex  8.697659e+000  2.391243e+001  4.400000e+000
      vertex  1.413201e+001  2.380298e+001  4.400000e+000
    endloop
  endfacet
  facet normal  0.000000e+000  0.000000e+000  1.000000e+000
    outer loop
      vertex  1.413201e+001  2.380298e+001  4.400000e+000
      vertex  8.697659e+000  2.391243e+001  4.400000e+000
      vertex  8.863267e+000  2.380298e+001  4.400000e+000
    endloop
  endfacet
  facet normal  -0.000000e+000  0.000000e+000  1.000000e+000
    outer loop
      vertex  1.413201e+001  2.380298e+001  4.400000e+000
      vertex  8.863267e+000  2.380298e+001  4.400000e+000
      vertex  1.396213e+001  2.370028e+001  4.400000e+000
    endloop
  endfacet
  facet normal  0.000000e+000  0.000000e+000  1.000000e+000
    outer loop
      vertex  1.396213e+001  2.370028e+001  4.400000e+000
      vertex  8.863267e+000  2.380298e+001  4.400000e+000
      vertex  9.033149e+000  2.370028e+001  4.400000e+000
    endloop
  endfacet
  facet normal  -0.000000e+000  0.000000e+000  1.000000e+000
    outer loop
      vertex  1.396213e+001  2.370028e+001  4.400000e+000
      vertex  9.033149e+000  2.370028e+001  4.400000e+000
      vertex  1.378825e+001  2.360451e+001  4.400000e+000
    endloop
  endfacet
  facet normal  0.000000e+000  0.000000e+000  1.000000e+000
    outer loop
      vertex  1.378825e+001  2.360451e+001  4.400000e+000
      vertex  9.033149e+000  2.370028e+001  4.400000e+000
      vertex  9.207027e+000  2.360451e+001  4.400000e+000
    endloop
  endfacet
  facet normal  -0.000000e+000  0.000000e+000  1.000000e+000
    outer loop
      vertex  1.378825e+001  2.360451e+001  4.400000e+000
      vertex  9.207027e+000  2.360451e+001  4.400000e+000
      vertex  1.361066e+001  2.351581e+001  4.400000e+000
    endloop
  endfacet
  facet normal  0.000000e+000  0.000000e+000  1.000000e+000
    outer loop
      vertex  1.361066e+001  2.351581e+001  4.400000e+000
      vertex  9.207027e+000  2.360451e+001  4.400000e+000
      vertex  9.384622e+000  2.351581e+001  4.400000e+000
    endloop
  endfacet
  facet normal  -0.000000e+000  0.000000e+000  1.000000e+000
    outer loop
      vertex  1.361066e+001  2.351581e+001  4.400000e+000
      vertex  9.384622e+000  2.351581e+001  4.400000e+000
      vertex  1.342964e+001  2.343434e+001  4.400000e+000
    endloop
  endfacet
  facet normal  0.000000e+000  0.000000e+000  1.000000e+000
    outer loop
      vertex  1.342964e+001  2.343434e+001  4.400000e+000
      vertex  9.384622e+000  2.351581e+001  4.400000e+000
      vertex  9.565643e+000  2.343434e+001  4.400000e+000
    endloop
  endfacet
  facet normal  -0.000000e+000  0.000000e+000  1.000000e+000
    outer loop
      vertex  1.342964e+001  2.343434e+001  4.400000e+000
      vertex  9.565643e+000  2.343434e+001  4.400000e+000
      vertex  1.324548e+001  2.336023e+001  4.400000e+000
    endloop
  endfacet
  facet normal  0.000000e+000  0.000000e+000  1.000000e+000
    outer loop
      vertex  1.324548e+001  2.336023e+001  4.400000e+000
      vertex  9.565643e+000  2.343434e+001  4.400000e+000
      vertex  9.749799e+000  2.336023e+001  4.400000e+000
    endloop
  endfacet
  facet normal  -0.000000e+000  0.000000e+000  9.999999e-001
    outer loop
      vertex  1.324548e+001  2.336023e+001  4.400000e+000
      vertex  9.749799e+000  2.336023e+001  4.400000e+000
      vertex  1.305849e+001  2.329358e+001  4.400000e+000
    endloop
  endfacet
  facet normal  0.000000e+000  0.000000e+000  1.000000e+000
    outer loop
      vertex  1.305849e+001  2.329358e+001  4.400000e+000
      vertex  9.749799e+000  2.336023e+001  4.400000e+000
      vertex  9.936789e+000  2.329358e+001  4.400000e+000
    endloop
  endfacet
  facet normal  -0.000000e+000  0.000000e+000  9.999999e-001
    outer loop
      vertex  1.305849e+001  2.329358e+001  4.400000e+000
      vertex  9.936789e+000  2.329358e+001  4.400000e+000
      vertex  1.286897e+001  2.323453e+001  4.400000e+000
    endloop
  endfacet
  facet normal  0.000000e+000  0.000000e+000  1.000000e+000
    outer loop
      vertex  1.286897e+001  2.323453e+001  4.400000e+000
      vertex  9.936789e+000  2.329358e+001  4.400000e+000
      vertex  1.012631e+001  2.323453e+001  4.400000e+000
    endloop
  endfacet
  facet normal  -0.000000e+000  0.000000e+000  1.000000e+000
    outer loop
      vertex  1.286897e+001  2.323453e+001  4.400000e+000
      vertex  1.012631e+001  2.323453e+001  4.400000e+000
      vertex  1.267722e+001  2.318315e+001  4.400000e+000
    endloop
  endfacet
  facet normal  0.000000e+000  0.000000e+000  1.000000e+000
    outer loop
      vertex  1.267722e+001  2.318315e+001  4.400000e+000
      vertex  1.012631e+001  2.323453e+001  4.400000e+000
      vertex  1.031806e+001  2.318315e+001  4.400000e+000
    endloop
  endfacet
  facet normal  -0.000000e+000  0.000000e+000  1.000000e+000
    outer loop
      vertex  1.267722e+001  2.318315e+001  4.400000e+000
      vertex  1.031806e+001  2.318315e+001  4.400000e+000
      vertex  1.248356e+001  2.313953e+001  4.400000e+000
    endloop
  endfacet
  facet normal  0.000000e+000  0.000000e+000  1.000000e+000
    outer loop
      vertex  1.248356e+001  2.313953e+001  4.400000e+000
      vertex  1.031806e+001  2.318315e+001  4.400000e+000
      vertex  1.051172e+001  2.313953e+001  4.400000e+000
    endloop
  endfacet
  facet normal  -0.000000e+000  0.000000e+000  1.000000e+000
    outer loop
      vertex  1.248356e+001  2.313953e+001  4.400000e+000
      vertex  1.051172e+001  2.313953e+001  4.400000e+000
      vertex  1.228830e+001  2.310375e+001  4.400000e+000
    endloop
  endfacet
  facet normal  0.000000e+000  0.000000e+000  1.000000e+000
    outer loop
      vertex  1.228830e+001  2.310375e+001  4.400000e+000
      vertex  1.051172e+001  2.313953e+001  4.400000e+000
      vertex  1.070698e+001  2.310375e+001  4.400000e+000
    endloop
  endfacet
  facet normal  -0.000000e+000  0.000000e+000  1.000000e+000
    outer loop
      vertex  1.228830e+001  2.310375e+001  4.400000e+000
      vertex  1.070698e+001  2.310375e+001  4.400000e+000
      vertex  1.209176e+001  2.307586e+001  4.400000e+000
    endloop
  endfacet
  facet normal  0.000000e+000  0.000000e+000  1.000000e+000
    outer loop
      vertex  1.209176e+001  2.307586e+001  4.400000e+000
      vertex  1.070698e+001  2.310375e+001  4.400000e+000
      vertex  1.090352e+001  2.307586e+001  4.400000e+000
    endloop
  endfacet
  facet normal  -0.000000e+000  0.000000e+000  1.000000e+000
    outer loop
      vertex  1.209176e+001  2.307586e+001  4.400000e+000
      vertex  1.090352e+001  2.307586e+001  4.400000e+000
      vertex  1.189426e+001  2.305590e+001  4.400000e+000
    endloop
  endfacet
  facet normal  0.000000e+000  0.000000e+000  1.000000e+000
    outer loop
      vertex  1.189426e+001  2.305590e+001  4.400000e+000
      vertex  1.090352e+001  2.307586e+001  4.400000e+000
      vertex  1.110102e+001  2.305590e+001  4.400000e+000
    endloop
  endfacet
  facet normal  -0.000000e+000  0.000000e+000  1.000000e+000
    outer loop
      vertex  1.189426e+001  2.305590e+001  4.400000e+000
      vertex  1.110102e+001  2.305590e+001  4.400000e+000
      vertex  1.169611e+001  2.304392e+001  4.400000e+000
    endloop
  endfacet
  facet normal  0.000000e+000  0.000000e+000  1.000000e+000
    outer loop
      vertex  1.169611e+001  2.304392e+001  4.400000e+000
      vertex  1.110102e+001  2.305590e+001  4.400000e+000
      vertex  1.129917e+001  2.304392e+001  4.400000e+000
    endloop
  endfacet
  facet normal  -0.000000e+000  0.000000e+000  1.000000e+000
    outer loop
      vertex  1.169611e+001  2.304392e+001  4.400000e+000
      vertex  1.129917e+001  2.304392e+001  4.400000e+000
      vertex  1.149764e+001  2.303992e+001  4.400000e+000
    endloop
  endfacet
endsolid CATIA STL
