solid CATIA STL
  facet normal -2.303202e-001 -9.731150e-001  -0.000000e+000
    outer loop
      vertex  2.968546e+001  7.104189e+001  3.600000e+000
      vertex  2.968546e+001  7.104189e+001  4.400000e+000
      vertex  2.961019e+001  7.105970e+001  3.600000e+000
    endloop
  endfacet
  facet normal -2.303202e-001 -9.731150e-001  0.000000e+000
    outer loop
      vertex  2.961019e+001  7.105970e+001  3.600000e+000
      vertex  2.968546e+001  7.104189e+001  4.400000e+000
      vertex  2.961019e+001  7.105970e+001  4.400000e+000
    endloop
  endfacet
  facet normal -2.457434e-001 -9.693349e-001  -0.000000e+000
    outer loop
      vertex  2.961019e+001  7.105970e+001  3.600000e+000
      vertex  2.961019e+001  7.105970e+001  4.400000e+000
      vertex  2.953523e+001  7.107870e+001  3.600000e+000
    endloop
  endfacet
  facet normal -2.457434e-001 -9.693349e-001  0.000000e+000
    outer loop
      vertex  2.953523e+001  7.107870e+001  3.600000e+000
      vertex  2.961019e+001  7.105970e+001  4.400000e+000
      vertex  2.953523e+001  7.107870e+001  4.400000e+000
    endloop
  endfacet
  facet normal -2.909617e-001 -9.567347e-001  -0.000000e+000
    outer loop
      vertex  2.953523e+001  7.107870e+001  3.600000e+000
      vertex  2.953523e+001  7.107870e+001  4.400000e+000
      vertex  2.946115e+001  7.110123e+001  3.600000e+000
    endloop
  endfacet
  facet normal -2.909617e-001 -9.567347e-001  0.000000e+000
    outer loop
      vertex  2.946115e+001  7.110123e+001  3.600000e+000
      vertex  2.953523e+001  7.107870e+001  4.400000e+000
      vertex  2.946115e+001  7.110123e+001  4.400000e+000
    endloop
  endfacet
  facet normal -3.549303e-001 -9.348928e-001  -0.000000e+000
    outer loop
      vertex  2.946115e+001  7.110123e+001  3.600000e+000
      vertex  2.946115e+001  7.110123e+001  4.400000e+000
      vertex  2.942493e+001  7.111498e+001  3.600000e+000
    endloop
  endfacet
  facet normal -3.549303e-001 -9.348928e-001  0.000000e+000
    outer loop
      vertex  2.942493e+001  7.111498e+001  3.600000e+000
      vertex  2.946115e+001  7.110123e+001  4.400000e+000
      vertex  2.942493e+001  7.111498e+001  4.400000e+000
    endloop
  endfacet
  facet normal -4.279507e-001 -9.038020e-001  -0.000000e+000
    outer loop
      vertex  2.942493e+001  7.111498e+001  3.600000e+000
      vertex  2.942493e+001  7.111498e+001  4.400000e+000
      vertex  2.938995e+001  7.113155e+001  3.600000e+000
    endloop
  endfacet
  facet normal -4.279507e-001 -9.038020e-001  0.000000e+000
    outer loop
      vertex  2.938995e+001  7.113155e+001  3.600000e+000
      vertex  2.942493e+001  7.111498e+001  4.400000e+000
      vertex  2.938995e+001  7.113155e+001  4.400000e+000
    endloop
  endfacet
  facet normal -5.342265e-001 -8.453414e-001  -0.000000e+000
    outer loop
      vertex  2.938995e+001  7.113155e+001  3.600000e+000
      vertex  2.938995e+001  7.113155e+001  4.400000e+000
      vertex  2.936397e+001  7.114796e+001  3.600000e+000
    endloop
  endfacet
  facet normal -5.342265e-001 -8.453414e-001  0.000000e+000
    outer loop
      vertex  2.936397e+001  7.114796e+001  3.600000e+000
      vertex  2.938995e+001  7.113155e+001  4.400000e+000
      vertex  2.936397e+001  7.114796e+001  4.400000e+000
    endloop
  endfacet
  facet normal -6.906061e-001 -7.232311e-001  -0.000000e+000
    outer loop
      vertex  2.936397e+001  7.114796e+001  3.600000e+000
      vertex  2.936397e+001  7.114796e+001  4.400000e+000
      vertex  2.934182e+001  7.116912e+001  3.600000e+000
    endloop
  endfacet
  facet normal -6.906061e-001 -7.232311e-001  0.000000e+000
    outer loop
      vertex  2.934182e+001  7.116912e+001  3.600000e+000
      vertex  2.936397e+001  7.114796e+001  4.400000e+000
      vertex  2.934182e+001  7.116912e+001  4.400000e+000
    endloop
  endfacet
  facet normal -8.239968e-001 -5.665945e-001  -0.000000e+000
    outer loop
      vertex  2.934182e+001  7.116912e+001  3.600000e+000
      vertex  2.934182e+001  7.116912e+001  4.400000e+000
      vertex  2.932786e+001  7.118942e+001  3.600000e+000
    endloop
  endfacet
  facet normal -8.239968e-001 -5.665945e-001  0.000000e+000
    outer loop
      vertex  2.932786e+001  7.118942e+001  3.600000e+000
      vertex  2.934182e+001  7.116912e+001  4.400000e+000
      vertex  2.932786e+001  7.118942e+001  4.400000e+000
    endloop
  endfacet
  facet normal -8.988931e-001 -4.381679e-001  -0.000000e+000
    outer loop
      vertex  2.932786e+001  7.118942e+001  3.600000e+000
      vertex  2.932786e+001  7.118942e+001  4.400000e+000
      vertex  2.931704e+001  7.121162e+001  3.600000e+000
    endloop
  endfacet
  facet normal -8.988931e-001 -4.381679e-001  0.000000e+000
    outer loop
      vertex  2.931704e+001  7.121162e+001  3.600000e+000
      vertex  2.932786e+001  7.118942e+001  4.400000e+000
      vertex  2.931704e+001  7.121162e+001  4.400000e+000
    endloop
  endfacet
  facet normal -9.455330e-001 -3.255264e-001  -0.000000e+000
    outer loop
      vertex  2.931704e+001  7.121162e+001  3.600000e+000
      vertex  2.931704e+001  7.121162e+001  4.400000e+000
      vertex  2.930756e+001  7.123915e+001  3.600000e+000
    endloop
  endfacet
  facet normal -9.455330e-001 -3.255264e-001  0.000000e+000
    outer loop
      vertex  2.930756e+001  7.123915e+001  3.600000e+000
      vertex  2.931704e+001  7.121162e+001  4.400000e+000
      vertex  2.930756e+001  7.123915e+001  4.400000e+000
    endloop
  endfacet
  facet normal -9.730703e-001 -2.305086e-001  -0.000000e+000
    outer loop
      vertex  2.930756e+001  7.123915e+001  3.600000e+000
      vertex  2.930756e+001  7.123915e+001  4.400000e+000
      vertex  2.930081e+001  7.126766e+001  3.600000e+000
    endloop
  endfacet
  facet normal -9.730703e-001 -2.305086e-001  0.000000e+000
    outer loop
      vertex  2.930081e+001  7.126766e+001  3.600000e+000
      vertex  2.930756e+001  7.123915e+001  4.400000e+000
      vertex  2.930081e+001  7.126766e+001  4.400000e+000
    endloop
  endfacet
  facet normal -9.876546e-001 -1.566476e-001  -0.000000e+000
    outer loop
      vertex  2.930081e+001  7.126766e+001  3.600000e+000
      vertex  2.930081e+001  7.126766e+001  4.400000e+000
      vertex  2.929622e+001  7.129661e+001  3.600000e+000
    endloop
  endfacet
  facet normal -9.876546e-001 -1.566476e-001  0.000000e+000
    outer loop
      vertex  2.929622e+001  7.129661e+001  3.600000e+000
      vertex  2.930081e+001  7.126766e+001  4.400000e+000
      vertex  2.929622e+001  7.129661e+001  4.400000e+000
    endloop
  endfacet
  facet normal -9.953167e-001 -9.666885e-002  -0.000000e+000
    outer loop
      vertex  2.929622e+001  7.129661e+001  3.600000e+000
      vertex  2.929622e+001  7.129661e+001  4.400000e+000
      vertex  2.929339e+001  7.132565e+001  3.600000e+000
    endloop
  endfacet
  facet normal -9.953167e-001 -9.666885e-002  0.000000e+000
    outer loop
      vertex  2.929339e+001  7.132565e+001  3.600000e+000
      vertex  2.929622e+001  7.129661e+001  4.400000e+000
      vertex  2.929339e+001  7.132565e+001  4.400000e+000
    endloop
  endfacet
  facet normal -9.993391e-001 -3.634980e-002  -0.000000e+000
    outer loop
      vertex  2.929339e+001  7.132565e+001  3.600000e+000
      vertex  2.929339e+001  7.132565e+001  4.400000e+000
      vertex  2.929179e+001  7.136986e+001  3.600000e+000
    endloop
  endfacet
  facet normal -9.993391e-001 -3.634980e-002  0.000000e+000
    outer loop
      vertex  2.929179e+001  7.136986e+001  3.600000e+000
      vertex  2.929339e+001  7.132565e+001  4.400000e+000
      vertex  2.929179e+001  7.136986e+001  4.400000e+000
    endloop
  endfacet
  facet normal -9.997675e-001  2.156378e-002  0.000000e+000
    outer loop
      vertex  2.929179e+001  7.136986e+001  3.600000e+000
      vertex  2.929179e+001  7.136986e+001  4.400000e+000
      vertex  2.929274e+001  7.141416e+001  3.600000e+000
    endloop
  endfacet
  facet normal -9.997675e-001  2.156378e-002  0.000000e+000
    outer loop
      vertex  2.929274e+001  7.141416e+001  3.600000e+000
      vertex  2.929179e+001  7.136986e+001  4.400000e+000
      vertex  2.929274e+001  7.141416e+001  4.400000e+000
    endloop
  endfacet
  facet normal -9.977129e-001  6.759560e-002  0.000000e+000
    outer loop
      vertex  2.929274e+001  7.141416e+001  3.600000e+000
      vertex  2.929274e+001  7.141416e+001  4.400000e+000
      vertex  2.929574e+001  7.145839e+001  3.600000e+000
    endloop
  endfacet
  facet normal -9.977129e-001  6.759560e-002  0.000000e+000
    outer loop
      vertex  2.929574e+001  7.145839e+001  3.600000e+000
      vertex  2.929274e+001  7.141416e+001  4.400000e+000
      vertex  2.929574e+001  7.145839e+001  4.400000e+000
    endloop
  endfacet
  facet normal -9.944273e-001  1.054252e-001  0.000000e+000
    outer loop
      vertex  2.929574e+001  7.145839e+001  3.600000e+000
      vertex  2.929574e+001  7.145839e+001  4.400000e+000
      vertex  2.930040e+001  7.150240e+001  3.600000e+000
    endloop
  endfacet
  facet normal -9.944273e-001  1.054252e-001  0.000000e+000
    outer loop
      vertex  2.930040e+001  7.150240e+001  3.600000e+000
      vertex  2.929574e+001  7.145839e+001  4.400000e+000
      vertex  2.930040e+001  7.150240e+001  4.400000e+000
    endloop
  endfacet
  facet normal -9.886519e-001  1.502249e-001  0.000000e+000
    outer loop
      vertex  2.930040e+001  7.150240e+001  3.600000e+000
      vertex  2.930040e+001  7.150240e+001  4.400000e+000
      vertex  2.931370e+001  7.158987e+001  3.600000e+000
    endloop
  endfacet
  facet normal -9.886519e-001  1.502249e-001  0.000000e+000
    outer loop
      vertex  2.931370e+001  7.158987e+001  3.600000e+000
      vertex  2.930040e+001  7.150240e+001  4.400000e+000
      vertex  2.931370e+001  7.158987e+001  4.400000e+000
    endloop
  endfacet
  facet normal -9.806304e-001  1.958675e-001  0.000000e+000
    outer loop
      vertex  2.931370e+001  7.158987e+001  3.600000e+000
      vertex  2.931370e+001  7.158987e+001  4.400000e+000
      vertex  2.933103e+001  7.167666e+001  3.600000e+000
    endloop
  endfacet
  facet normal -9.806304e-001  1.958675e-001  0.000000e+000
    outer loop
      vertex  2.933103e+001  7.167666e+001  3.600000e+000
      vertex  2.931370e+001  7.158987e+001  4.400000e+000
      vertex  2.933103e+001  7.167666e+001  4.400000e+000
    endloop
  endfacet
  facet normal -9.722075e-001  2.341212e-001  0.000000e+000
    outer loop
      vertex  2.933103e+001  7.167666e+001  3.600000e+000
      vertex  2.933103e+001  7.167666e+001  4.400000e+000
      vertex  2.935818e+001  7.178941e+001  3.600000e+000
    endloop
  endfacet
  facet normal -9.722075e-001  2.341212e-001  0.000000e+000
    outer loop
      vertex  2.935818e+001  7.178941e+001  3.600000e+000
      vertex  2.933103e+001  7.167666e+001  4.400000e+000
      vertex  2.935818e+001  7.178941e+001  4.400000e+000
    endloop
  endfacet
  facet normal -9.642592e-001  2.649608e-001  0.000000e+000
    outer loop
      vertex  2.935818e+001  7.178941e+001  3.600000e+000
      vertex  2.935818e+001  7.178941e+001  4.400000e+000
      vertex  2.938891e+001  7.190124e+001  3.600000e+000
    endloop
  endfacet
  facet normal -9.642592e-001  2.649608e-001  0.000000e+000
    outer loop
      vertex  2.938891e+001  7.190124e+001  3.600000e+000
      vertex  2.935818e+001  7.178941e+001  4.400000e+000
      vertex  2.938891e+001  7.190124e+001  4.400000e+000
    endloop
  endfacet
  facet normal -9.582922e-001  2.857903e-001  0.000000e+000
    outer loop
      vertex  2.938891e+001  7.190124e+001  3.600000e+000
      vertex  2.938891e+001  7.190124e+001  4.400000e+000
      vertex  2.942205e+001  7.201237e+001  3.600000e+000
    endloop
  endfacet
  facet normal -9.582922e-001  2.857903e-001  0.000000e+000
    outer loop
      vertex  2.942205e+001  7.201237e+001  3.600000e+000
      vertex  2.938891e+001  7.190124e+001  4.400000e+000
      vertex  2.942205e+001  7.201237e+001  4.400000e+000
    endloop
  endfacet
  facet normal -9.545034e-001  2.982001e-001  0.000000e+000
    outer loop
      vertex  2.942205e+001  7.201237e+001  3.600000e+000
      vertex  2.942205e+001  7.201237e+001  4.400000e+000
      vertex  2.945663e+001  7.212305e+001  3.600000e+000
    endloop
  endfacet
  facet normal -9.545034e-001  2.982001e-001  0.000000e+000
    outer loop
      vertex  2.945663e+001  7.212305e+001  3.600000e+000
      vertex  2.942205e+001  7.201237e+001  4.400000e+000
      vertex  2.945663e+001  7.212305e+001  4.400000e+000
    endloop
  endfacet
  facet normal -9.495732e-001  3.135454e-001  0.000000e+000
    outer loop
      vertex  2.945663e+001  7.212305e+001  3.600000e+000
      vertex  2.945663e+001  7.212305e+001  4.400000e+000
      vertex  2.951893e+001  7.231173e+001  3.600000e+000
    endloop
  endfacet
  facet normal -9.495732e-001  3.135454e-001  0.000000e+000
    outer loop
      vertex  2.951893e+001  7.231173e+001  3.600000e+000
      vertex  2.945663e+001  7.212305e+001  4.400000e+000
      vertex  2.951893e+001  7.231173e+001  4.400000e+000
    endloop
  endfacet
  facet normal -9.420294e-001  3.355303e-001  0.000000e+000
    outer loop
      vertex  2.951893e+001  7.231173e+001  3.600000e+000
      vertex  2.951893e+001  7.231173e+001  4.400000e+000
      vertex  2.958563e+001  7.249900e+001  3.600000e+000
    endloop
  endfacet
  facet normal -9.420294e-001  3.355303e-001  0.000000e+000
    outer loop
      vertex  2.958563e+001  7.249900e+001  3.600000e+000
      vertex  2.951893e+001  7.231173e+001  4.400000e+000
      vertex  2.958563e+001  7.249900e+001  4.400000e+000
    endloop
  endfacet
  facet normal -9.325930e-001  3.609298e-001  0.000000e+000
    outer loop
      vertex  2.958563e+001  7.249900e+001  3.600000e+000
      vertex  2.958563e+001  7.249900e+001  4.400000e+000
      vertex  2.965738e+001  7.268438e+001  3.600000e+000
    endloop
  endfacet
  facet normal -9.325930e-001  3.609298e-001  0.000000e+000
    outer loop
      vertex  2.965738e+001  7.268438e+001  3.600000e+000
      vertex  2.958563e+001  7.249900e+001  4.400000e+000
      vertex  2.965738e+001  7.268438e+001  4.400000e+000
    endloop
  endfacet
  facet normal -9.210128e-001  3.895322e-001  0.000000e+000
    outer loop
      vertex  2.965738e+001  7.268438e+001  3.600000e+000
      vertex  2.965738e+001  7.268438e+001  4.400000e+000
      vertex  2.973476e+001  7.286734e+001  3.600000e+000
    endloop
  endfacet
  facet normal -9.210128e-001  3.895322e-001  0.000000e+000
    outer loop
      vertex  2.973476e+001  7.286734e+001  3.600000e+000
      vertex  2.965738e+001  7.268438e+001  4.400000e+000
      vertex  2.973476e+001  7.286734e+001  4.400000e+000
    endloop
  endfacet
  facet normal -9.068309e-001  4.214946e-001  0.000000e+000
    outer loop
      vertex  2.973476e+001  7.286734e+001  3.600000e+000
      vertex  2.973476e+001  7.286734e+001  4.400000e+000
      vertex  2.982276e+001  7.305666e+001  3.600000e+000
    endloop
  endfacet
  facet normal -9.068309e-001  4.214946e-001  0.000000e+000
    outer loop
      vertex  2.982276e+001  7.305666e+001  3.600000e+000
      vertex  2.973476e+001  7.286734e+001  4.400000e+000
      vertex  2.982276e+001  7.305666e+001  4.400000e+000
    endloop
  endfacet
  facet normal -8.901973e-001  4.555754e-001  0.000000e+000
    outer loop
      vertex  2.982276e+001  7.305666e+001  3.600000e+000
      vertex  2.982276e+001  7.305666e+001  4.400000e+000
      vertex  2.991797e+001  7.324271e+001  3.600000e+000
    endloop
  endfacet
  facet normal -8.901973e-001  4.555754e-001  0.000000e+000
    outer loop
      vertex  2.991797e+001  7.324271e+001  3.600000e+000
      vertex  2.982276e+001  7.305666e+001  4.400000e+000
      vertex  2.991797e+001  7.324271e+001  4.400000e+000
    endloop
  endfacet
  facet normal -8.722513e-001  4.890579e-001  0.000000e+000
    outer loop
      vertex  2.991797e+001  7.324271e+001  3.600000e+000
      vertex  2.991797e+001  7.324271e+001  4.400000e+000
      vertex  3.002018e+001  7.342501e+001  3.600000e+000
    endloop
  endfacet
  facet normal -8.722513e-001  4.890579e-001  0.000000e+000
    outer loop
      vertex  3.002018e+001  7.342501e+001  3.600000e+000
      vertex  2.991797e+001  7.324271e+001  4.400000e+000
      vertex  3.002018e+001  7.342501e+001  4.400000e+000
    endloop
  endfacet
  facet normal -8.540073e-001  5.202611e-001  0.000000e+000
    outer loop
      vertex  3.002018e+001  7.342501e+001  3.600000e+000
      vertex  3.002018e+001  7.342501e+001  4.400000e+000
      vertex  3.012880e+001  7.360331e+001  3.600000e+000
    endloop
  endfacet
  facet normal -8.540073e-001  5.202611e-001  0.000000e+000
    outer loop
      vertex  3.012880e+001  7.360331e+001  3.600000e+000
      vertex  3.002018e+001  7.342501e+001  4.400000e+000
      vertex  3.012880e+001  7.360331e+001  4.400000e+000
    endloop
  endfacet
  facet normal -8.399359e-001  5.426857e-001  0.000000e+000
    outer loop
      vertex  3.012880e+001  7.360331e+001  3.600000e+000
      vertex  3.012880e+001  7.360331e+001  4.400000e+000
      vertex  3.019680e+001  7.370856e+001  3.600000e+000
    endloop
  endfacet
  facet normal -8.399359e-001  5.426857e-001  0.000000e+000
    outer loop
      vertex  3.019680e+001  7.370856e+001  3.600000e+000
      vertex  3.012880e+001  7.360331e+001  4.400000e+000
      vertex  3.019680e+001  7.370856e+001  4.400000e+000
    endloop
  endfacet
  facet normal -8.298991e-001  5.579135e-001  0.000000e+000
    outer loop
      vertex  3.019680e+001  7.370856e+001  3.600000e+000
      vertex  3.019680e+001  7.370856e+001  4.400000e+000
      vertex  3.026679e+001  7.381267e+001  3.600000e+000
    endloop
  endfacet
  facet normal -8.298991e-001  5.579135e-001  0.000000e+000
    outer loop
      vertex  3.026679e+001  7.381267e+001  3.600000e+000
      vertex  3.019680e+001  7.370856e+001  4.400000e+000
      vertex  3.026679e+001  7.381267e+001  4.400000e+000
    endloop
  endfacet
  facet normal -8.201807e-001  5.721046e-001  0.000000e+000
    outer loop
      vertex  3.026679e+001  7.381267e+001  3.600000e+000
      vertex  3.026679e+001  7.381267e+001  4.400000e+000
      vertex  3.034041e+001  7.391821e+001  3.600000e+000
    endloop
  endfacet
  facet normal -8.201807e-001  5.721046e-001  0.000000e+000
    outer loop
      vertex  3.034041e+001  7.391821e+001  3.600000e+000
      vertex  3.026679e+001  7.381267e+001  4.400000e+000
      vertex  3.034041e+001  7.391821e+001  4.400000e+000
    endloop
  endfacet
  facet normal -8.106824e-001  5.854862e-001  0.000000e+000
    outer loop
      vertex  3.034041e+001  7.391821e+001  3.600000e+000
      vertex  3.034041e+001  7.391821e+001  4.400000e+000
      vertex  3.041582e+001  7.402261e+001  3.600000e+000
    endloop
  endfacet
  facet normal -8.106824e-001  5.854862e-001  0.000000e+000
    outer loop
      vertex  3.041582e+001  7.402261e+001  3.600000e+000
      vertex  3.034041e+001  7.391821e+001  4.400000e+000
      vertex  3.041582e+001  7.402261e+001  4.400000e+000
    endloop
  endfacet
  facet normal -7.971266e-001  6.038122e-001  0.000000e+000
    outer loop
      vertex  3.041582e+001  7.402261e+001  3.600000e+000
      vertex  3.041582e+001  7.402261e+001  4.400000e+000
      vertex  3.056944e+001  7.422543e+001  3.600000e+000
    endloop
  endfacet
  facet normal -7.971266e-001  6.038122e-001  0.000000e+000
    outer loop
      vertex  3.056944e+001  7.422543e+001  3.600000e+000
      vertex  3.041582e+001  7.402261e+001  4.400000e+000
      vertex  3.056944e+001  7.422543e+001  4.400000e+000
    endloop
  endfacet
  facet normal -7.796774e-001  6.261813e-001  0.000000e+000
    outer loop
      vertex  3.056944e+001  7.422543e+001  3.600000e+000
      vertex  3.056944e+001  7.422543e+001  4.400000e+000
      vertex  3.072837e+001  7.442331e+001  3.600000e+000
    endloop
  endfacet
  facet normal -7.796774e-001  6.261813e-001  0.000000e+000
    outer loop
      vertex  3.072837e+001  7.442331e+001  3.600000e+000
      vertex  3.056944e+001  7.422543e+001  4.400000e+000
      vertex  3.072837e+001  7.442331e+001  4.400000e+000
    endloop
  endfacet
  facet normal -7.636565e-001  6.456228e-001  0.000000e+000
    outer loop
      vertex  3.072837e+001  7.442331e+001  3.600000e+000
      vertex  3.072837e+001  7.442331e+001  4.400000e+000
      vertex  3.087564e+001  7.459750e+001  3.600000e+000
    endloop
  endfacet
  facet normal -7.636565e-001  6.456228e-001  0.000000e+000
    outer loop
      vertex  3.087564e+001  7.459750e+001  3.600000e+000
      vertex  3.072837e+001  7.442331e+001  4.400000e+000
      vertex  3.087564e+001  7.459750e+001  4.400000e+000
    endloop
  endfacet
  facet normal -7.485567e-001  6.630707e-001  0.000000e+000
    outer loop
      vertex  3.087564e+001  7.459750e+001  3.600000e+000
      vertex  3.087564e+001  7.459750e+001  4.400000e+000
      vertex  3.102685e+001  7.476821e+001  3.600000e+000
    endloop
  endfacet
  facet normal -7.485567e-001  6.630707e-001  0.000000e+000
    outer loop
      vertex  3.102685e+001  7.476821e+001  3.600000e+000
      vertex  3.087564e+001  7.459750e+001  4.400000e+000
      vertex  3.102685e+001  7.476821e+001  4.400000e+000
    endloop
  endfacet
  facet normal -7.322534e-001  6.810322e-001  0.000000e+000
    outer loop
      vertex  3.102685e+001  7.476821e+001  3.600000e+000
      vertex  3.102685e+001  7.476821e+001  4.400000e+000
      vertex  3.118216e+001  7.493520e+001  3.600000e+000
    endloop
  endfacet
  facet normal -7.322534e-001  6.810322e-001  0.000000e+000
    outer loop
      vertex  3.118216e+001  7.493520e+001  3.600000e+000
      vertex  3.102685e+001  7.476821e+001  4.400000e+000
      vertex  3.118216e+001  7.493520e+001  4.400000e+000
    endloop
  endfacet
  facet normal -7.138270e-001  7.003221e-001  0.000000e+000
    outer loop
      vertex  3.118216e+001  7.493520e+001  3.600000e+000
      vertex  3.118216e+001  7.493520e+001  4.400000e+000
      vertex  3.134189e+001  7.509801e+001  3.600000e+000
    endloop
  endfacet
  facet normal -7.138270e-001  7.003221e-001  0.000000e+000
    outer loop
      vertex  3.134189e+001  7.509801e+001  3.600000e+000
      vertex  3.118216e+001  7.493520e+001  4.400000e+000
      vertex  3.134189e+001  7.509801e+001  4.400000e+000
    endloop
  endfacet
  facet normal -6.943254e-001  7.196611e-001  0.000000e+000
    outer loop
      vertex  3.134189e+001  7.509801e+001  3.600000e+000
      vertex  3.134189e+001  7.509801e+001  4.400000e+000
      vertex  3.148395e+001  7.523507e+001  3.600000e+000
    endloop
  endfacet
  facet normal -6.943254e-001  7.196611e-001  0.000000e+000
    outer loop
      vertex  3.148395e+001  7.523507e+001  3.600000e+000
      vertex  3.134189e+001  7.509801e+001  4.400000e+000
      vertex  3.148395e+001  7.523507e+001  4.400000e+000
    endloop
  endfacet
  facet normal -6.740434e-001  7.386918e-001  0.000000e+000
    outer loop
      vertex  3.148395e+001  7.523507e+001  3.600000e+000
      vertex  3.148395e+001  7.523507e+001  4.400000e+000
      vertex  3.162986e+001  7.536821e+001  3.600000e+000
    endloop
  endfacet
  facet normal -6.740434e-001  7.386918e-001  0.000000e+000
    outer loop
      vertex  3.162986e+001  7.536821e+001  3.600000e+000
      vertex  3.148395e+001  7.523507e+001  4.400000e+000
      vertex  3.162986e+001  7.536821e+001  4.400000e+000
    endloop
  endfacet
  facet normal -6.516101e-001  7.585541e-001  0.000000e+000
    outer loop
      vertex  3.162986e+001  7.536821e+001  3.600000e+000
      vertex  3.162986e+001  7.536821e+001  4.400000e+000
      vertex  3.177969e+001  7.549692e+001  3.600000e+000
    endloop
  endfacet
  facet normal -6.516101e-001  7.585541e-001  0.000000e+000
    outer loop
      vertex  3.177969e+001  7.549692e+001  3.600000e+000
      vertex  3.162986e+001  7.536821e+001  4.400000e+000
      vertex  3.177969e+001  7.549692e+001  4.400000e+000
    endloop
  endfacet
  facet normal -6.268657e-001  7.791274e-001  0.000000e+000
    outer loop
      vertex  3.177969e+001  7.549692e+001  3.600000e+000
      vertex  3.177969e+001  7.549692e+001  4.400000e+000
      vertex  3.193348e+001  7.562065e+001  3.600000e+000
    endloop
  endfacet
  facet normal -6.268657e-001  7.791274e-001  0.000000e+000
    outer loop
      vertex  3.193348e+001  7.562065e+001  3.600000e+000
      vertex  3.177969e+001  7.549692e+001  4.400000e+000
      vertex  3.193348e+001  7.562065e+001  4.400000e+000
    endloop
  endfacet
  facet normal -6.060729e-001  7.954091e-001  0.000000e+000
    outer loop
      vertex  3.193348e+001  7.562065e+001  3.600000e+000
      vertex  3.193348e+001  7.562065e+001  4.400000e+000
      vertex  3.201965e+001  7.568631e+001  3.600000e+000
    endloop
  endfacet
  facet normal -6.060729e-001  7.954091e-001  0.000000e+000
    outer loop
      vertex  3.201965e+001  7.568631e+001  3.600000e+000
      vertex  3.193348e+001  7.562065e+001  4.400000e+000
      vertex  3.201965e+001  7.568631e+001  4.400000e+000
    endloop
  endfacet
  facet normal -5.904675e-001  8.070614e-001  0.000000e+000
    outer loop
      vertex  3.201965e+001  7.568631e+001  3.600000e+000
      vertex  3.201965e+001  7.568631e+001  4.400000e+000
      vertex  3.210711e+001  7.575030e+001  3.600000e+000
    endloop
  endfacet
  facet normal -5.904675e-001  8.070614e-001  0.000000e+000
    outer loop
      vertex  3.210711e+001  7.575030e+001  3.600000e+000
      vertex  3.201965e+001  7.568631e+001  4.400000e+000
      vertex  3.210711e+001  7.575030e+001  4.400000e+000
    endloop
  endfacet
  facet normal -5.741237e-001  8.187686e-001  0.000000e+000
    outer loop
      vertex  3.210711e+001  7.575030e+001  3.600000e+000
      vertex  3.210711e+001  7.575030e+001  4.400000e+000
      vertex  3.219584e+001  7.581252e+001  3.600000e+000
    endloop
  endfacet
  facet normal -5.741237e-001  8.187686e-001  0.000000e+000
    outer loop
      vertex  3.219584e+001  7.581252e+001  3.600000e+000
      vertex  3.210711e+001  7.575030e+001  4.400000e+000
      vertex  3.219584e+001  7.581252e+001  4.400000e+000
    endloop
  endfacet
  facet normal -5.574113e-001  8.302365e-001  0.000000e+000
    outer loop
      vertex  3.219584e+001  7.581252e+001  3.600000e+000
      vertex  3.219584e+001  7.581252e+001  4.400000e+000
      vertex  3.228578e+001  7.587290e+001  3.600000e+000
    endloop
  endfacet
  facet normal -5.574113e-001  8.302365e-001  0.000000e+000
    outer loop
      vertex  3.228578e+001  7.587290e+001  3.600000e+000
      vertex  3.219584e+001  7.581252e+001  4.400000e+000
      vertex  3.228578e+001  7.587290e+001  4.400000e+000
    endloop
  endfacet
  facet normal -5.411544e-001  8.409232e-001  0.000000e+000
    outer loop
      vertex  3.228578e+001  7.587290e+001  3.600000e+000
      vertex  3.228578e+001  7.587290e+001  4.400000e+000
      vertex  3.237688e+001  7.593153e+001  3.600000e+000
    endloop
  endfacet
  facet normal -5.411544e-001  8.409232e-001  0.000000e+000
    outer loop
      vertex  3.237688e+001  7.593153e+001  3.600000e+000
      vertex  3.228578e+001  7.587290e+001  4.400000e+000
      vertex  3.237688e+001  7.593153e+001  4.400000e+000
    endloop
  endfacet
  facet normal -5.255266e-001  8.507772e-001  0.000000e+000
    outer loop
      vertex  3.237688e+001  7.593153e+001  3.600000e+000
      vertex  3.237688e+001  7.593153e+001  4.400000e+000
      vertex  3.246907e+001  7.598847e+001  3.600000e+000
    endloop
  endfacet
  facet normal -5.255266e-001  8.507772e-001  0.000000e+000
    outer loop
      vertex  3.246907e+001  7.598847e+001  3.600000e+000
      vertex  3.237688e+001  7.593153e+001  4.400000e+000
      vertex  3.246907e+001  7.598847e+001  4.400000e+000
    endloop
  endfacet
  facet normal -5.033827e-001  8.640636e-001  0.000000e+000
    outer loop
      vertex  3.246907e+001  7.598847e+001  3.600000e+000
      vertex  3.246907e+001  7.598847e+001  4.400000e+000
      vertex  3.265630e+001  7.609755e+001  3.600000e+000
    endloop
  endfacet
  facet normal -5.033827e-001  8.640636e-001  0.000000e+000
    outer loop
      vertex  3.265630e+001  7.609755e+001  3.600000e+000
      vertex  3.246907e+001  7.598847e+001  4.400000e+000
      vertex  3.265630e+001  7.609755e+001  4.400000e+000
    endloop
  endfacet
  facet normal -4.802755e-001  8.771177e-001  0.000000e+000
    outer loop
      vertex  3.265630e+001  7.609755e+001  3.600000e+000
      vertex  3.265630e+001  7.609755e+001  4.400000e+000
      vertex  3.278471e+001  7.616786e+001  3.600000e+000
    endloop
  endfacet
  facet normal -4.802755e-001  8.771177e-001  0.000000e+000
    outer loop
      vertex  3.278471e+001  7.616786e+001  3.600000e+000
      vertex  3.265630e+001  7.609755e+001  4.400000e+000
      vertex  3.278471e+001  7.616786e+001  4.400000e+000
    endloop
  endfacet
  facet normal -4.631161e-001  8.862976e-001  0.000000e+000
    outer loop
      vertex  3.278471e+001  7.616786e+001  3.600000e+000
      vertex  3.278471e+001  7.616786e+001  4.400000e+000
      vertex  3.291450e+001  7.623568e+001  3.600000e+000
    endloop
  endfacet
  facet normal -4.631161e-001  8.862976e-001  0.000000e+000
    outer loop
      vertex  3.291450e+001  7.623568e+001  3.600000e+000
      vertex  3.278471e+001  7.616786e+001  4.400000e+000
      vertex  3.291450e+001  7.623568e+001  4.400000e+000
    endloop
  endfacet
  facet normal -4.473178e-001  8.943751e-001  0.000000e+000
    outer loop
      vertex  3.291450e+001  7.623568e+001  3.600000e+000
      vertex  3.291450e+001  7.623568e+001  4.400000e+000
      vertex  3.304548e+001  7.630119e+001  3.600000e+000
    endloop
  endfacet
  facet normal -4.473178e-001  8.943751e-001  0.000000e+000
    outer loop
      vertex  3.304548e+001  7.630119e+001  3.600000e+000
      vertex  3.291450e+001  7.623568e+001  4.400000e+000
      vertex  3.304548e+001  7.630119e+001  4.400000e+000
    endloop
  endfacet
  facet normal -4.328361e-001  9.014727e-001  0.000000e+000
    outer loop
      vertex  3.304548e+001  7.630119e+001  3.600000e+000
      vertex  3.304548e+001  7.630119e+001  4.400000e+000
      vertex  3.317746e+001  7.636456e+001  3.600000e+000
    endloop
  endfacet
  facet normal -4.328361e-001  9.014727e-001  0.000000e+000
    outer loop
      vertex  3.317746e+001  7.636456e+001  3.600000e+000
      vertex  3.304548e+001  7.630119e+001  4.400000e+000
      vertex  3.317746e+001  7.636456e+001  4.400000e+000
    endloop
  endfacet
  facet normal -4.195704e-001  9.077228e-001  0.000000e+000
    outer loop
      vertex  3.317746e+001  7.636456e+001  3.600000e+000
      vertex  3.317746e+001  7.636456e+001  4.400000e+000
      vertex  3.331034e+001  7.642598e+001  3.600000e+000
    endloop
  endfacet
  facet normal -4.195704e-001  9.077228e-001  0.000000e+000
    outer loop
      vertex  3.331034e+001  7.642598e+001  3.600000e+000
      vertex  3.317746e+001  7.636456e+001  4.400000e+000
      vertex  3.331034e+001  7.642598e+001  4.400000e+000
    endloop
  endfacet
  facet normal -4.076947e-001  9.131183e-001  0.000000e+000
    outer loop
      vertex  3.331034e+001  7.642598e+001  3.600000e+000
      vertex  3.331034e+001  7.642598e+001  4.400000e+000
      vertex  3.344404e+001  7.648567e+001  3.600000e+000
    endloop
  endfacet
  facet normal -4.076947e-001  9.131183e-001  0.000000e+000
    outer loop
      vertex  3.344404e+001  7.648567e+001  3.600000e+000
      vertex  3.331034e+001  7.642598e+001  4.400000e+000
      vertex  3.344404e+001  7.648567e+001  4.400000e+000
    endloop
  endfacet
  facet normal -3.926533e-001  9.196866e-001  0.000000e+000
    outer loop
      vertex  3.344404e+001  7.648567e+001  3.600000e+000
      vertex  3.344404e+001  7.648567e+001  4.400000e+000
      vertex  3.371334e+001  7.660065e+001  3.600000e+000
    endloop
  endfacet
  facet normal -3.926533e-001  9.196866e-001  0.000000e+000
    outer loop
      vertex  3.371334e+001  7.660065e+001  3.600000e+000
      vertex  3.344404e+001  7.648567e+001  4.400000e+000
      vertex  3.371334e+001  7.660065e+001  4.400000e+000
    endloop
  endfacet
  facet normal -3.781582e-001  9.257409e-001  0.000000e+000
    outer loop
      vertex  3.371334e+001  7.660065e+001  3.600000e+000
      vertex  3.371334e+001  7.660065e+001  4.400000e+000
      vertex  3.384953e+001  7.665628e+001  3.600000e+000
    endloop
  endfacet
  facet normal -3.781582e-001  9.257409e-001  0.000000e+000
    outer loop
      vertex  3.384953e+001  7.665628e+001  3.600000e+000
      vertex  3.371334e+001  7.660065e+001  4.400000e+000
      vertex  3.384953e+001  7.665628e+001  4.400000e+000
    endloop
  endfacet
  facet normal -3.666761e-001  9.303486e-001  0.000000e+000
    outer loop
      vertex  3.384953e+001  7.665628e+001  3.600000e+000
      vertex  3.384953e+001  7.665628e+001  4.400000e+000
      vertex  3.398647e+001  7.671025e+001  3.600000e+000
    endloop
  endfacet
  facet normal -3.666761e-001  9.303486e-001  0.000000e+000
    outer loop
      vertex  3.398647e+001  7.671025e+001  3.600000e+000
      vertex  3.384953e+001  7.665628e+001  4.400000e+000
      vertex  3.398647e+001  7.671025e+001  4.400000e+000
    endloop
  endfacet
  facet normal -3.534953e-001  9.354363e-001  0.000000e+000
    outer loop
      vertex  3.398647e+001  7.671025e+001  3.600000e+000
      vertex  3.398647e+001  7.671025e+001  4.400000e+000
      vertex  3.412424e+001  7.676231e+001  3.600000e+000
    endloop
  endfacet
  facet normal -3.534953e-001  9.354363e-001  0.000000e+000
    outer loop
      vertex  3.412424e+001  7.676231e+001  3.600000e+000
      vertex  3.398647e+001  7.671025e+001  4.400000e+000
      vertex  3.412424e+001  7.676231e+001  4.400000e+000
    endloop
  endfacet
  facet normal -3.384187e-001  9.409956e-001  0.000000e+000
    outer loop
      vertex  3.412424e+001  7.676231e+001  3.600000e+000
      vertex  3.412424e+001  7.676231e+001  4.400000e+000
      vertex  3.426287e+001  7.681217e+001  3.600000e+000
    endloop
  endfacet
  facet normal -3.384187e-001  9.409956e-001  0.000000e+000
    outer loop
      vertex  3.426287e+001  7.681217e+001  3.600000e+000
      vertex  3.412424e+001  7.676231e+001  4.400000e+000
      vertex  3.426287e+001  7.681217e+001  4.400000e+000
    endloop
  endfacet
  facet normal -3.184175e-001  9.479505e-001  0.000000e+000
    outer loop
      vertex  3.426287e+001  7.681217e+001  3.600000e+000
      vertex  3.426287e+001  7.681217e+001  4.400000e+000
      vertex  3.444907e+001  7.687472e+001  3.600000e+000
    endloop
  endfacet
  facet normal -3.184175e-001  9.479505e-001  0.000000e+000
    outer loop
      vertex  3.444907e+001  7.687472e+001  3.600000e+000
      vertex  3.426287e+001  7.681217e+001  4.400000e+000
      vertex  3.444907e+001  7.687472e+001  4.400000e+000
    endloop
  endfacet
  facet normal -2.921899e-001  9.563603e-001  0.000000e+000
    outer loop
      vertex  3.444907e+001  7.687472e+001  3.600000e+000
      vertex  3.444907e+001  7.687472e+001  4.400000e+000
      vertex  3.463681e+001  7.693208e+001  3.600000e+000
    endloop
  endfacet
  facet normal -2.921899e-001  9.563603e-001  0.000000e+000
    outer loop
      vertex  3.463681e+001  7.693208e+001  3.600000e+000
      vertex  3.444907e+001  7.687472e+001  4.400000e+000
      vertex  3.463681e+001  7.693208e+001  4.400000e+000
    endloop
  endfacet
  facet normal -2.622303e-001  9.650053e-001  0.000000e+000
    outer loop
      vertex  3.463681e+001  7.693208e+001  3.600000e+000
      vertex  3.463681e+001  7.693208e+001  4.400000e+000
      vertex  3.482610e+001  7.698351e+001  3.600000e+000
    endloop
  endfacet
  facet normal -2.622303e-001  9.650053e-001  0.000000e+000
    outer loop
      vertex  3.482610e+001  7.698351e+001  3.600000e+000
      vertex  3.463681e+001  7.693208e+001  4.400000e+000
      vertex  3.482610e+001  7.698351e+001  4.400000e+000
    endloop
  endfacet
  facet normal -2.360635e-001  9.717376e-001  0.000000e+000
    outer loop
      vertex  3.482610e+001  7.698351e+001  3.600000e+000
      vertex  3.482610e+001  7.698351e+001  4.400000e+000
      vertex  3.493643e+001  7.701031e+001  3.600000e+000
    endloop
  endfacet
  facet normal -2.360635e-001  9.717376e-001  0.000000e+000
    outer loop
      vertex  3.493643e+001  7.701031e+001  3.600000e+000
      vertex  3.482610e+001  7.698351e+001  4.400000e+000
      vertex  3.493643e+001  7.701031e+001  4.400000e+000
    endloop
  endfacet
  facet normal -2.151004e-001  9.765920e-001  0.000000e+000
    outer loop
      vertex  3.493643e+001  7.701031e+001  3.600000e+000
      vertex  3.493643e+001  7.701031e+001  4.400000e+000
      vertex  3.504724e+001  7.703472e+001  3.600000e+000
    endloop
  endfacet
  facet normal -2.151004e-001  9.765920e-001  0.000000e+000
    outer loop
      vertex  3.504724e+001  7.703472e+001  3.600000e+000
      vertex  3.493643e+001  7.701031e+001  4.400000e+000
      vertex  3.504724e+001  7.703472e+001  4.400000e+000
    endloop
  endfacet
  facet normal -1.927788e-001  9.812422e-001  0.000000e+000
    outer loop
      vertex  3.504724e+001  7.703472e+001  3.600000e+000
      vertex  3.504724e+001  7.703472e+001  4.400000e+000
      vertex  3.515857e+001  7.705659e+001  3.600000e+000
    endloop
  endfacet
  facet normal -1.927788e-001  9.812422e-001  0.000000e+000
    outer loop
      vertex  3.515857e+001  7.705659e+001  3.600000e+000
      vertex  3.504724e+001  7.703472e+001  4.400000e+000
      vertex  3.515857e+001  7.705659e+001  4.400000e+000
    endloop
  endfacet
  facet normal -1.699485e-001  9.854529e-001  0.000000e+000
    outer loop
      vertex  3.515857e+001  7.705659e+001  3.600000e+000
      vertex  3.515857e+001  7.705659e+001  4.400000e+000
      vertex  3.527045e+001  7.707589e+001  3.600000e+000
    endloop
  endfacet
  facet normal -1.699485e-001  9.854529e-001  0.000000e+000
    outer loop
      vertex  3.527045e+001  7.707589e+001  3.600000e+000
      vertex  3.515857e+001  7.705659e+001  4.400000e+000
      vertex  3.527045e+001  7.707589e+001  4.400000e+000
    endloop
  endfacet
  facet normal -1.481859e-001  9.889596e-001  0.000000e+000
    outer loop
      vertex  3.527045e+001  7.707589e+001  3.600000e+000
      vertex  3.527045e+001  7.707589e+001  4.400000e+000
      vertex  3.538268e+001  7.709270e+001  3.600000e+000
    endloop
  endfacet
  facet normal -1.481859e-001  9.889596e-001  0.000000e+000
    outer loop
      vertex  3.538268e+001  7.709270e+001  3.600000e+000
      vertex  3.527045e+001  7.707589e+001  4.400000e+000
      vertex  3.538268e+001  7.709270e+001  4.400000e+000
    endloop
  endfacet
  facet normal -1.281825e-001  9.917507e-001  0.000000e+000
    outer loop
      vertex  3.538268e+001  7.709270e+001  3.600000e+000
      vertex  3.538268e+001  7.709270e+001  4.400000e+000
      vertex  3.549524e+001  7.710725e+001  3.600000e+000
    endloop
  endfacet
  facet normal -1.281825e-001  9.917507e-001  0.000000e+000
    outer loop
      vertex  3.549524e+001  7.710725e+001  3.600000e+000
      vertex  3.538268e+001  7.709270e+001  4.400000e+000
      vertex  3.549524e+001  7.710725e+001  4.400000e+000
    endloop
  endfacet
  facet normal -1.099003e-001  9.939426e-001  0.000000e+000
    outer loop
      vertex  3.549524e+001  7.710725e+001  3.600000e+000
      vertex  3.549524e+001  7.710725e+001  4.400000e+000
      vertex  3.560806e+001  7.711973e+001  3.600000e+000
    endloop
  endfacet
  facet normal -1.099003e-001  9.939426e-001  0.000000e+000
    outer loop
      vertex  3.560806e+001  7.711973e+001  3.600000e+000
      vertex  3.549524e+001  7.710725e+001  4.400000e+000
      vertex  3.560806e+001  7.711973e+001  4.400000e+000
    endloop
  endfacet
  facet normal -9.332093e-002  9.956361e-001  0.000000e+000
    outer loop
      vertex  3.560806e+001  7.711973e+001  3.600000e+000
      vertex  3.560806e+001  7.711973e+001  4.400000e+000
      vertex  3.572104e+001  7.713032e+001  3.600000e+000
    endloop
  endfacet
  facet normal -9.332093e-002  9.956361e-001  0.000000e+000
    outer loop
      vertex  3.572104e+001  7.713032e+001  3.600000e+000
      vertex  3.560806e+001  7.711973e+001  4.400000e+000
      vertex  3.572104e+001  7.713032e+001  4.400000e+000
    endloop
  endfacet
  facet normal -7.632083e-002  9.970833e-001  0.000000e+000
    outer loop
      vertex  3.572104e+001  7.713032e+001  3.600000e+000
      vertex  3.572104e+001  7.713032e+001  4.400000e+000
      vertex  3.587125e+001  7.714182e+001  3.600000e+000
    endloop
  endfacet
  facet normal -7.632083e-002  9.970833e-001  0.000000e+000
    outer loop
      vertex  3.587125e+001  7.714182e+001  3.600000e+000
      vertex  3.572104e+001  7.713032e+001  4.400000e+000
      vertex  3.587125e+001  7.714182e+001  4.400000e+000
    endloop
  endfacet
  facet normal -5.954869e-002  9.982253e-001  0.000000e+000
    outer loop
      vertex  3.587125e+001  7.714182e+001  3.600000e+000
      vertex  3.587125e+001  7.714182e+001  4.400000e+000
      vertex  3.602165e+001  7.715079e+001  3.600000e+000
    endloop
  endfacet
  facet normal -5.954869e-002  9.982253e-001  0.000000e+000
    outer loop
      vertex  3.602165e+001  7.715079e+001  3.600000e+000
      vertex  3.587125e+001  7.714182e+001  4.400000e+000
      vertex  3.602165e+001  7.715079e+001  4.400000e+000
    endloop
  endfacet
  facet normal -4.577516e-002  9.989517e-001  0.000000e+000
    outer loop
      vertex  3.602165e+001  7.715079e+001  3.600000e+000
      vertex  3.602165e+001  7.715079e+001  4.400000e+000
      vertex  3.617216e+001  7.715768e+001  3.600000e+000
    endloop
  endfacet
  facet normal -4.577516e-002  9.989517e-001  0.000000e+000
    outer loop
      vertex  3.617216e+001  7.715768e+001  3.600000e+000
      vertex  3.602165e+001  7.715079e+001  4.400000e+000
      vertex  3.617216e+001  7.715768e+001  4.400000e+000
    endloop
  endfacet
  facet normal -3.484252e-002  9.993927e-001  0.000000e+000
    outer loop
      vertex  3.617216e+001  7.715768e+001  3.600000e+000
      vertex  3.617216e+001  7.715768e+001  4.400000e+000
      vertex  3.632272e+001  7.716293e+001  3.600000e+000
    endloop
  endfacet
  facet normal -3.484252e-002  9.993927e-001  0.000000e+000
    outer loop
      vertex  3.632272e+001  7.716293e+001  3.600000e+000
      vertex  3.617216e+001  7.715768e+001  4.400000e+000
      vertex  3.632272e+001  7.716293e+001  4.400000e+000
    endloop
  endfacet
  facet normal -2.392931e-002  9.997136e-001  0.000000e+000
    outer loop
      vertex  3.632272e+001  7.716293e+001  3.600000e+000
      vertex  3.632272e+001  7.716293e+001  4.400000e+000
      vertex  3.662393e+001  7.717014e+001  3.600000e+000
    endloop
  endfacet
  facet normal -2.392931e-002  9.997136e-001  0.000000e+000
    outer loop
      vertex  3.662393e+001  7.717014e+001  3.600000e+000
      vertex  3.632272e+001  7.716293e+001  4.400000e+000
      vertex  3.662393e+001  7.717014e+001  4.400000e+000
    endloop
  endfacet
  facet normal -1.354735e-002  9.999083e-001  0.000000e+000
    outer loop
      vertex  3.662393e+001  7.717014e+001  3.600000e+000
      vertex  3.662393e+001  7.717014e+001  4.400000e+000
      vertex  3.692519e+001  7.717422e+001  3.600000e+000
    endloop
  endfacet
  facet normal -1.354735e-002  9.999083e-001  0.000000e+000
    outer loop
      vertex  3.692519e+001  7.717422e+001  3.600000e+000
      vertex  3.662393e+001  7.717014e+001  4.400000e+000
      vertex  3.692519e+001  7.717422e+001  4.400000e+000
    endloop
  endfacet
  facet normal -3.129544e-003  9.999952e-001  0.000000e+000
    outer loop
      vertex  3.692519e+001  7.717422e+001  3.600000e+000
      vertex  3.692519e+001  7.717422e+001  4.400000e+000
      vertex  3.710559e+001  7.717479e+001  3.600000e+000
    endloop
  endfacet
  facet normal -3.129544e-003  9.999952e-001  0.000000e+000
    outer loop
      vertex  3.710559e+001  7.717479e+001  3.600000e+000
      vertex  3.692519e+001  7.717422e+001  4.400000e+000
      vertex  3.710559e+001  7.717479e+001  4.400000e+000
    endloop
  endfacet
  facet normal  6.552939e-003  9.999785e-001  0.000000e+000
    outer loop
      vertex  3.710559e+001  7.717479e+001  3.600000e+000
      vertex  3.710559e+001  7.717479e+001  4.400000e+000
      vertex  3.728605e+001  7.717361e+001  3.600000e+000
    endloop
  endfacet
  facet normal  6.552939e-003  9.999785e-001  -0.000000e+000
    outer loop
      vertex  3.728605e+001  7.717361e+001  3.600000e+000
      vertex  3.710559e+001  7.717479e+001  4.400000e+000
      vertex  3.728605e+001  7.717361e+001  4.400000e+000
    endloop
  endfacet
  facet normal  1.779206e-002  9.998417e-001  0.000000e+000
    outer loop
      vertex  3.728605e+001  7.717361e+001  3.600000e+000
      vertex  3.728605e+001  7.717361e+001  4.400000e+000
      vertex  3.746655e+001  7.717039e+001  3.600000e+000
    endloop
  endfacet
  facet normal  1.779206e-002  9.998417e-001  -0.000000e+000
    outer loop
      vertex  3.746655e+001  7.717039e+001  3.600000e+000
      vertex  3.728605e+001  7.717361e+001  4.400000e+000
      vertex  3.746655e+001  7.717039e+001  4.400000e+000
    endloop
  endfacet
  facet normal  3.054816e-002  9.995334e-001  0.000000e+000
    outer loop
      vertex  3.746655e+001  7.717039e+001  3.600000e+000
      vertex  3.746655e+001  7.717039e+001  4.400000e+000
      vertex  3.764704e+001  7.716488e+001  3.600000e+000
    endloop
  endfacet
  facet normal  3.054816e-002  9.995334e-001  -0.000000e+000
    outer loop
      vertex  3.764704e+001  7.716488e+001  3.600000e+000
      vertex  3.746655e+001  7.717039e+001  4.400000e+000
      vertex  3.764704e+001  7.716488e+001  4.400000e+000
    endloop
  endfacet
  facet normal  4.750417e-002  9.988710e-001  0.000000e+000
    outer loop
      vertex  3.764704e+001  7.716488e+001  3.600000e+000
      vertex  3.764704e+001  7.716488e+001  4.400000e+000
      vertex  3.788751e+001  7.715344e+001  3.600000e+000
    endloop
  endfacet
  facet normal  4.750417e-002  9.988710e-001  -0.000000e+000
    outer loop
      vertex  3.788751e+001  7.715344e+001  3.600000e+000
      vertex  3.764704e+001  7.716488e+001  4.400000e+000
      vertex  3.788751e+001  7.715344e+001  4.400000e+000
    endloop
  endfacet
  facet normal  6.958763e-002  9.975759e-001  0.000000e+000
    outer loop
      vertex  3.788751e+001  7.715344e+001  3.600000e+000
      vertex  3.788751e+001  7.715344e+001  4.400000e+000
      vertex  3.812758e+001  7.713670e+001  3.600000e+000
    endloop
  endfacet
  facet normal  6.958763e-002  9.975759e-001  -0.000000e+000
    outer loop
      vertex  3.812758e+001  7.713670e+001  3.600000e+000
      vertex  3.788751e+001  7.715344e+001  4.400000e+000
      vertex  3.812758e+001  7.713670e+001  4.400000e+000
    endloop
  endfacet
  facet normal  9.458457e-002  9.955168e-001  0.000000e+000
    outer loop
      vertex  3.812758e+001  7.713670e+001  3.600000e+000
      vertex  3.812758e+001  7.713670e+001  4.400000e+000
      vertex  3.836704e+001  7.711395e+001  3.600000e+000
    endloop
  endfacet
  facet normal  9.458457e-002  9.955168e-001  -0.000000e+000
    outer loop
      vertex  3.836704e+001  7.711395e+001  3.600000e+000
      vertex  3.812758e+001  7.713670e+001  4.400000e+000
      vertex  3.836704e+001  7.711395e+001  4.400000e+000
    endloop
  endfacet
  facet normal  1.208322e-001  9.926730e-001  0.000000e+000
    outer loop
      vertex  3.836704e+001  7.711395e+001  3.600000e+000
      vertex  3.836704e+001  7.711395e+001  4.400000e+000
      vertex  3.857795e+001  7.708827e+001  3.600000e+000
    endloop
  endfacet
  facet normal  1.208322e-001  9.926730e-001  -0.000000e+000
    outer loop
      vertex  3.857795e+001  7.708827e+001  3.600000e+000
      vertex  3.836704e+001  7.711395e+001  4.400000e+000
      vertex  3.857795e+001  7.708827e+001  4.400000e+000
    endloop
  endfacet
  facet normal  1.478783e-001  9.890056e-001  0.000000e+000
    outer loop
      vertex  3.857795e+001  7.708827e+001  3.600000e+000
      vertex  3.857795e+001  7.708827e+001  4.400000e+000
      vertex  3.878914e+001  7.705669e+001  3.600000e+000
    endloop
  endfacet
  facet normal  1.478783e-001  9.890056e-001  -0.000000e+000
    outer loop
      vertex  3.878914e+001  7.705669e+001  3.600000e+000
      vertex  3.857795e+001  7.708827e+001  4.400000e+000
      vertex  3.878914e+001  7.705669e+001  4.400000e+000
    endloop
  endfacet
  facet normal  1.773980e-001  9.841392e-001  0.000000e+000
    outer loop
      vertex  3.878914e+001  7.705669e+001  3.600000e+000
      vertex  3.878914e+001  7.705669e+001  4.400000e+000
      vertex  3.899929e+001  7.701881e+001  3.600000e+000
    endloop
  endfacet
  facet normal  1.773980e-001  9.841392e-001  -0.000000e+000
    outer loop
      vertex  3.899929e+001  7.701881e+001  3.600000e+000
      vertex  3.878914e+001  7.705669e+001  4.400000e+000
      vertex  3.899929e+001  7.701881e+001  4.400000e+000
    endloop
  endfacet
  facet normal  2.087443e-001  9.779703e-001  0.000000e+000
    outer loop
      vertex  3.899929e+001  7.701881e+001  3.600000e+000
      vertex  3.899929e+001  7.701881e+001  4.400000e+000
      vertex  3.920707e+001  7.697446e+001  3.600000e+000
    endloop
  endfacet
  facet normal  2.087443e-001  9.779703e-001  -0.000000e+000
    outer loop
      vertex  3.920707e+001  7.697446e+001  3.600000e+000
      vertex  3.899929e+001  7.701881e+001  4.400000e+000
      vertex  3.920707e+001  7.697446e+001  4.400000e+000
    endloop
  endfacet
  facet normal  2.333892e-001  9.723834e-001  0.000000e+000
    outer loop
      vertex  3.920707e+001  7.697446e+001  3.600000e+000
      vertex  3.920707e+001  7.697446e+001  4.400000e+000
      vertex  3.932773e+001  7.694550e+001  3.600000e+000
    endloop
  endfacet
  facet normal  2.333892e-001  9.723834e-001  -0.000000e+000
    outer loop
      vertex  3.932773e+001  7.694550e+001  3.600000e+000
      vertex  3.920707e+001  7.697446e+001  4.400000e+000
      vertex  3.932773e+001  7.694550e+001  4.400000e+000
    endloop
  endfacet
  facet normal  2.507627e-001  9.680486e-001  0.000000e+000
    outer loop
      vertex  3.932773e+001  7.694550e+001  3.600000e+000
      vertex  3.932773e+001  7.694550e+001  4.400000e+000
      vertex  3.944790e+001  7.691438e+001  3.600000e+000
    endloop
  endfacet
  facet normal  2.507627e-001  9.680486e-001  -0.000000e+000
    outer loop
      vertex  3.944790e+001  7.691438e+001  3.600000e+000
      vertex  3.932773e+001  7.694550e+001  4.400000e+000
      vertex  3.944790e+001  7.691438e+001  4.400000e+000
    endloop
  endfacet
  facet normal  2.674876e-001  9.635612e-001  0.000000e+000
    outer loop
      vertex  3.944790e+001  7.691438e+001  3.600000e+000
      vertex  3.944790e+001  7.691438e+001  4.400000e+000
      vertex  3.956802e+001  7.688103e+001  3.600000e+000
    endloop
  endfacet
  facet normal  2.674876e-001  9.635612e-001  -0.000000e+000
    outer loop
      vertex  3.956802e+001  7.688103e+001  3.600000e+000
      vertex  3.944790e+001  7.691438e+001  4.400000e+000
      vertex  3.956802e+001  7.688103e+001  4.400000e+000
    endloop
  endfacet
  facet normal  2.834925e-001  9.589744e-001  0.000000e+000
    outer loop
      vertex  3.956802e+001  7.688103e+001  3.600000e+000
      vertex  3.956802e+001  7.688103e+001  4.400000e+000
      vertex  3.968762e+001  7.684567e+001  3.600000e+000
    endloop
  endfacet
  facet normal  2.834925e-001  9.589744e-001  -0.000000e+000
    outer loop
      vertex  3.968762e+001  7.684567e+001  3.600000e+000
      vertex  3.956802e+001  7.688103e+001  4.400000e+000
      vertex  3.968762e+001  7.684567e+001  4.400000e+000
    endloop
  endfacet
  facet normal  3.061635e-001  9.519789e-001  0.000000e+000
    outer loop
      vertex  3.968762e+001  7.684567e+001  3.600000e+000
      vertex  3.968762e+001  7.684567e+001  4.400000e+000
      vertex  3.992456e+001  7.676947e+001  3.600000e+000
    endloop
  endfacet
  facet normal  3.061635e-001  9.519789e-001  -0.000000e+000
    outer loop
      vertex  3.992456e+001  7.676947e+001  3.600000e+000
      vertex  3.968762e+001  7.684567e+001  4.400000e+000
      vertex  3.992456e+001  7.676947e+001  4.400000e+000
    endloop
  endfacet
  facet normal  3.341356e-001  9.425250e-001  0.000000e+000
    outer loop
      vertex  3.992456e+001  7.676947e+001  3.600000e+000
      vertex  3.992456e+001  7.676947e+001  4.400000e+000
      vertex  4.015897e+001  7.668637e+001  3.600000e+000
    endloop
  endfacet
  facet normal  3.341356e-001  9.425250e-001  -0.000000e+000
    outer loop
      vertex  4.015897e+001  7.668637e+001  3.600000e+000
      vertex  3.992456e+001  7.676947e+001  4.400000e+000
      vertex  4.015897e+001  7.668637e+001  4.400000e+000
    endloop
  endfacet
  facet normal  3.541560e-001  9.351864e-001  0.000000e+000
    outer loop
      vertex  4.015897e+001  7.668637e+001  3.600000e+000
      vertex  4.015897e+001  7.668637e+001  4.400000e+000
      vertex  4.028677e+001  7.663797e+001  3.600000e+000
    endloop
  endfacet
  facet normal  3.541560e-001  9.351864e-001  -0.000000e+000
    outer loop
      vertex  4.028677e+001  7.663797e+001  3.600000e+000
      vertex  4.015897e+001  7.668637e+001  4.400000e+000
      vertex  4.028677e+001  7.663797e+001  4.400000e+000
    endloop
  endfacet
  facet normal  3.672433e-001  9.301250e-001  0.000000e+000
    outer loop
      vertex  4.028677e+001  7.663797e+001  3.600000e+000
      vertex  4.028677e+001  7.663797e+001  4.400000e+000
      vertex  4.041315e+001  7.658807e+001  3.600000e+000
    endloop
  endfacet
  facet normal  3.672433e-001  9.301250e-001  -0.000000e+000
    outer loop
      vertex  4.041315e+001  7.658807e+001  3.600000e+000
      vertex  4.028677e+001  7.663797e+001  4.400000e+000
      vertex  4.041315e+001  7.658807e+001  4.400000e+000
    endloop
  endfacet
  facet normal  3.804823e-001  9.247883e-001  0.000000e+000
    outer loop
      vertex  4.041315e+001  7.658807e+001  3.600000e+000
      vertex  4.041315e+001  7.658807e+001  4.400000e+000
      vertex  4.055376e+001  7.653022e+001  3.600000e+000
    endloop
  endfacet
  facet normal  3.804823e-001  9.247883e-001  -0.000000e+000
    outer loop
      vertex  4.055376e+001  7.653022e+001  3.600000e+000
      vertex  4.041315e+001  7.658807e+001  4.400000e+000
      vertex  4.055376e+001  7.653022e+001  4.400000e+000
    endloop
  endfacet
  facet normal  3.935662e-001  9.192963e-001  0.000000e+000
    outer loop
      vertex  4.055376e+001  7.653022e+001  3.600000e+000
      vertex  4.055376e+001  7.653022e+001  4.400000e+000
      vertex  4.069280e+001  7.647070e+001  3.600000e+000
    endloop
  endfacet
  facet normal  3.935662e-001  9.192963e-001  -0.000000e+000
    outer loop
      vertex  4.069280e+001  7.647070e+001  3.600000e+000
      vertex  4.055376e+001  7.653022e+001  4.400000e+000
      vertex  4.069280e+001  7.647070e+001  4.400000e+000
    endloop
  endfacet
  facet normal  4.107418e-001  9.117517e-001  0.000000e+000
    outer loop
      vertex  4.069280e+001  7.647070e+001  3.600000e+000
      vertex  4.069280e+001  7.647070e+001  4.400000e+000
      vertex  4.095358e+001  7.635322e+001  3.600000e+000
    endloop
  endfacet
  facet normal  4.107418e-001  9.117517e-001  -0.000000e+000
    outer loop
      vertex  4.095358e+001  7.635322e+001  3.600000e+000
      vertex  4.069280e+001  7.647070e+001  4.400000e+000
      vertex  4.095358e+001  7.635322e+001  4.400000e+000
    endloop
  endfacet
  facet normal  4.310256e-001  9.023397e-001  0.000000e+000
    outer loop
      vertex  4.095358e+001  7.635322e+001  3.600000e+000
      vertex  4.095358e+001  7.635322e+001  4.400000e+000
      vertex  4.121510e+001  7.622829e+001  3.600000e+000
    endloop
  endfacet
  facet normal  4.310256e-001  9.023397e-001  -0.000000e+000
    outer loop
      vertex  4.121510e+001  7.622829e+001  3.600000e+000
      vertex  4.095358e+001  7.635322e+001  4.400000e+000
      vertex  4.121510e+001  7.622829e+001  4.400000e+000
    endloop
  endfacet
  facet normal  4.505002e-001  8.927763e-001  0.000000e+000
    outer loop
      vertex  4.121510e+001  7.622829e+001  3.600000e+000
      vertex  4.121510e+001  7.622829e+001  4.400000e+000
      vertex  4.143250e+001  7.611859e+001  3.600000e+000
    endloop
  endfacet
  facet normal  4.505002e-001  8.927763e-001  -0.000000e+000
    outer loop
      vertex  4.143250e+001  7.611859e+001  3.600000e+000
      vertex  4.121510e+001  7.622829e+001  4.400000e+000
      vertex  4.143250e+001  7.611859e+001  4.400000e+000
    endloop
  endfacet
  facet normal  4.712902e-001  8.819783e-001  0.000000e+000
    outer loop
      vertex  4.143250e+001  7.611859e+001  3.600000e+000
      vertex  4.143250e+001  7.611859e+001  4.400000e+000
      vertex  4.164741e+001  7.600375e+001  3.600000e+000
    endloop
  endfacet
  facet normal  4.712902e-001  8.819783e-001  -0.000000e+000
    outer loop
      vertex  4.164741e+001  7.600375e+001  3.600000e+000
      vertex  4.143250e+001  7.611859e+001  4.400000e+000
      vertex  4.164741e+001  7.600375e+001  4.400000e+000
    endloop
  endfacet
  facet normal  4.950603e-001  8.688587e-001  0.000000e+000
    outer loop
      vertex  4.164741e+001  7.600375e+001  3.600000e+000
      vertex  4.164741e+001  7.600375e+001  4.400000e+000
      vertex  4.185927e+001  7.588304e+001  3.600000e+000
    endloop
  endfacet
  facet normal  4.950603e-001  8.688587e-001  -0.000000e+000
    outer loop
      vertex  4.185927e+001  7.588304e+001  3.600000e+000
      vertex  4.164741e+001  7.600375e+001  4.400000e+000
      vertex  4.185927e+001  7.588304e+001  4.400000e+000
    endloop
  endfacet
  facet normal  5.147441e-001  8.573439e-001  0.000000e+000
    outer loop
      vertex  4.185927e+001  7.588304e+001  3.600000e+000
      vertex  4.185927e+001  7.588304e+001  4.400000e+000
      vertex  4.196384e+001  7.582026e+001  3.600000e+000
    endloop
  endfacet
  facet normal  5.147441e-001  8.573439e-001  -0.000000e+000
    outer loop
      vertex  4.196384e+001  7.582026e+001  3.600000e+000
      vertex  4.185927e+001  7.588304e+001  4.400000e+000
      vertex  4.196384e+001  7.582026e+001  4.400000e+000
    endloop
  endfacet
  facet normal  5.287727e-001  8.487634e-001  0.000000e+000
    outer loop
      vertex  4.196384e+001  7.582026e+001  3.600000e+000
      vertex  4.196384e+001  7.582026e+001  4.400000e+000
      vertex  4.206737e+001  7.575576e+001  3.600000e+000
    endloop
  endfacet
  facet normal  5.287727e-001  8.487634e-001  -0.000000e+000
    outer loop
      vertex  4.206737e+001  7.575576e+001  3.600000e+000
      vertex  4.196384e+001  7.582026e+001  4.400000e+000
      vertex  4.206737e+001  7.575576e+001  4.400000e+000
    endloop
  endfacet
  facet normal  5.482149e-001  8.363375e-001  0.000000e+000
    outer loop
      vertex  4.206737e+001  7.575576e+001  3.600000e+000
      vertex  4.206737e+001  7.575576e+001  4.400000e+000
      vertex  4.223058e+001  7.564877e+001  3.600000e+000
    endloop
  endfacet
  facet normal  5.482149e-001  8.363375e-001  -0.000000e+000
    outer loop
      vertex  4.223058e+001  7.564877e+001  3.600000e+000
      vertex  4.206737e+001  7.575576e+001  4.400000e+000
      vertex  4.223058e+001  7.564877e+001  4.400000e+000
    endloop
  endfacet
  facet normal  5.735528e-001  8.191684e-001  0.000000e+000
    outer loop
      vertex  4.223058e+001  7.564877e+001  3.600000e+000
      vertex  4.223058e+001  7.564877e+001  4.400000e+000
      vertex  4.239039e+001  7.553688e+001  3.600000e+000
    endloop
  endfacet
  facet normal  5.735528e-001  8.191684e-001  -0.000000e+000
    outer loop
      vertex  4.239039e+001  7.553688e+001  3.600000e+000
      vertex  4.223058e+001  7.564877e+001  4.400000e+000
      vertex  4.239039e+001  7.553688e+001  4.400000e+000
    endloop
  endfacet
  facet normal  6.005007e-001  7.996242e-001  0.000000e+000
    outer loop
      vertex  4.239039e+001  7.553688e+001  3.600000e+000
      vertex  4.239039e+001  7.553688e+001  4.400000e+000
      vertex  4.254631e+001  7.541979e+001  3.600000e+000
    endloop
  endfacet
  facet normal  6.005007e-001  7.996242e-001  -0.000000e+000
    outer loop
      vertex  4.254631e+001  7.541979e+001  3.600000e+000
      vertex  4.239039e+001  7.553688e+001  4.400000e+000
      vertex  4.254631e+001  7.541979e+001  4.400000e+000
    endloop
  endfacet
  facet normal  6.288163e-001  7.775539e-001  0.000000e+000
    outer loop
      vertex  4.254631e+001  7.541979e+001  3.600000e+000
      vertex  4.254631e+001  7.541979e+001  4.400000e+000
      vertex  4.269783e+001  7.529726e+001  3.600000e+000
    endloop
  endfacet
  facet normal  6.288163e-001  7.775539e-001  -0.000000e+000
    outer loop
      vertex  4.269783e+001  7.529726e+001  3.600000e+000
      vertex  4.254631e+001  7.541979e+001  4.400000e+000
      vertex  4.269783e+001  7.529726e+001  4.400000e+000
    endloop
  endfacet
  facet normal  6.582592e-001  7.527914e-001  0.000000e+000
    outer loop
      vertex  4.269783e+001  7.529726e+001  3.600000e+000
      vertex  4.269783e+001  7.529726e+001  4.400000e+000
      vertex  4.284446e+001  7.516904e+001  3.600000e+000
    endloop
  endfacet
  facet normal  6.582592e-001  7.527914e-001  -0.000000e+000
    outer loop
      vertex  4.284446e+001  7.516904e+001  3.600000e+000
      vertex  4.269783e+001  7.529726e+001  4.400000e+000
      vertex  4.284446e+001  7.516904e+001  4.400000e+000
    endloop
  endfacet
  facet normal  6.838238e-001  7.296472e-001  0.000000e+000
    outer loop
      vertex  4.284446e+001  7.516904e+001  3.600000e+000
      vertex  4.284446e+001  7.516904e+001  4.400000e+000
      vertex  4.294541e+001  7.507442e+001  3.600000e+000
    endloop
  endfacet
  facet normal  6.838238e-001  7.296472e-001  -0.000000e+000
    outer loop
      vertex  4.294541e+001  7.507442e+001  3.600000e+000
      vertex  4.284446e+001  7.516904e+001  4.400000e+000
      vertex  4.294541e+001  7.507442e+001  4.400000e+000
    endloop
  endfacet
  facet normal  7.043322e-001  7.098705e-001  0.000000e+000
    outer loop
      vertex  4.294541e+001  7.507442e+001  3.600000e+000
      vertex  4.294541e+001  7.507442e+001  4.400000e+000
      vertex  4.304369e+001  7.497691e+001  3.600000e+000
    endloop
  endfacet
  facet normal  7.043322e-001  7.098705e-001  -0.000000e+000
    outer loop
      vertex  4.304369e+001  7.497691e+001  3.600000e+000
      vertex  4.294541e+001  7.507442e+001  4.400000e+000
      vertex  4.304369e+001  7.497691e+001  4.400000e+000
    endloop
  endfacet
  facet normal  7.238358e-001  6.899723e-001  0.000000e+000
    outer loop
      vertex  4.304369e+001  7.497691e+001  3.600000e+000
      vertex  4.304369e+001  7.497691e+001  4.400000e+000
      vertex  4.313921e+001  7.487670e+001  3.600000e+000
    endloop
  endfacet
  facet normal  7.238358e-001  6.899723e-001  -0.000000e+000
    outer loop
      vertex  4.313921e+001  7.487670e+001  3.600000e+000
      vertex  4.304369e+001  7.497691e+001  4.400000e+000
      vertex  4.313921e+001  7.487670e+001  4.400000e+000
    endloop
  endfacet
  facet normal  7.423530e-001  6.700090e-001  0.000000e+000
    outer loop
      vertex  4.313921e+001  7.487670e+001  3.600000e+000
      vertex  4.313921e+001  7.487670e+001  4.400000e+000
      vertex  4.323192e+001  7.477399e+001  3.600000e+000
    endloop
  endfacet
  facet normal  7.423530e-001  6.700090e-001  -0.000000e+000
    outer loop
      vertex  4.323192e+001  7.477399e+001  3.600000e+000
      vertex  4.313921e+001  7.487670e+001  4.400000e+000
      vertex  4.323192e+001  7.477399e+001  4.400000e+000
    endloop
  endfacet
  facet normal  7.637923e-001  6.454621e-001  0.000000e+000
    outer loop
      vertex  4.323192e+001  7.477399e+001  3.600000e+000
      vertex  4.323192e+001  7.477399e+001  4.400000e+000
      vertex  4.336068e+001  7.462162e+001  3.600000e+000
    endloop
  endfacet
  facet normal  7.637923e-001  6.454621e-001  -0.000000e+000
    outer loop
      vertex  4.336068e+001  7.462162e+001  3.600000e+000
      vertex  4.323192e+001  7.477399e+001  4.400000e+000
      vertex  4.336068e+001  7.462162e+001  4.400000e+000
    endloop
  endfacet
  facet normal  7.875345e-001  6.162707e-001  0.000000e+000
    outer loop
      vertex  4.336068e+001  7.462162e+001  3.600000e+000
      vertex  4.336068e+001  7.462162e+001  4.400000e+000
      vertex  4.348382e+001  7.446426e+001  3.600000e+000
    endloop
  endfacet
  facet normal  7.875345e-001  6.162707e-001  -0.000000e+000
    outer loop
      vertex  4.348382e+001  7.446426e+001  3.600000e+000
      vertex  4.336068e+001  7.462162e+001  4.400000e+000
      vertex  4.348382e+001  7.446426e+001  4.400000e+000
    endloop
  endfacet
  facet normal  8.096702e-001  5.868852e-001  0.000000e+000
    outer loop
      vertex  4.348382e+001  7.446426e+001  3.600000e+000
      vertex  4.348382e+001  7.446426e+001  4.400000e+000
      vertex  4.360133e+001  7.430215e+001  3.600000e+000
    endloop
  endfacet
  facet normal  8.096702e-001  5.868852e-001  -0.000000e+000
    outer loop
      vertex  4.360133e+001  7.430215e+001  3.600000e+000
      vertex  4.348382e+001  7.446426e+001  4.400000e+000
      vertex  4.360133e+001  7.430215e+001  4.400000e+000
    endloop
  endfacet
  facet normal  8.303306e-001  5.572712e-001  0.000000e+000
    outer loop
      vertex  4.360133e+001  7.430215e+001  3.600000e+000
      vertex  4.360133e+001  7.430215e+001  4.400000e+000
      vertex  4.371303e+001  7.413571e+001  3.600000e+000
    endloop
  endfacet
  facet normal  8.303306e-001  5.572712e-001  -0.000000e+000
    outer loop
      vertex  4.371303e+001  7.413571e+001  3.600000e+000
      vertex  4.360133e+001  7.430215e+001  4.400000e+000
      vertex  4.371303e+001  7.413571e+001  4.400000e+000
    endloop
  endfacet
  facet normal  8.496684e-001  5.273174e-001  0.000000e+000
    outer loop
      vertex  4.371303e+001  7.413571e+001  3.600000e+000
      vertex  4.371303e+001  7.413571e+001  4.400000e+000
      vertex  4.381873e+001  7.396540e+001  3.600000e+000
    endloop
  endfacet
  facet normal  8.496684e-001  5.273174e-001  -0.000000e+000
    outer loop
      vertex  4.381873e+001  7.396540e+001  3.600000e+000
      vertex  4.371303e+001  7.413571e+001  4.400000e+000
      vertex  4.381873e+001  7.396540e+001  4.400000e+000
    endloop
  endfacet
  facet normal  8.677056e-001  4.970785e-001  0.000000e+000
    outer loop
      vertex  4.381873e+001  7.396540e+001  3.600000e+000
      vertex  4.381873e+001  7.396540e+001  4.400000e+000
      vertex  4.391824e+001  7.379169e+001  3.600000e+000
    endloop
  endfacet
  facet normal  8.677056e-001  4.970785e-001  -0.000000e+000
    outer loop
      vertex  4.391824e+001  7.379169e+001  3.600000e+000
      vertex  4.381873e+001  7.396540e+001  4.400000e+000
      vertex  4.391824e+001  7.379169e+001  4.400000e+000
    endloop
  endfacet
  facet normal  8.844382e-001  4.666575e-001  0.000000e+000
    outer loop
      vertex  4.391824e+001  7.379169e+001  3.600000e+000
      vertex  4.391824e+001  7.379169e+001  4.400000e+000
      vertex  4.401147e+001  7.361498e+001  3.600000e+000
    endloop
  endfacet
  facet normal  8.844382e-001  4.666575e-001  -0.000000e+000
    outer loop
      vertex  4.401147e+001  7.361498e+001  3.600000e+000
      vertex  4.391824e+001  7.379169e+001  4.400000e+000
      vertex  4.401147e+001  7.361498e+001  4.400000e+000
    endloop
  endfacet
  facet normal  8.997249e-001  4.364575e-001  0.000000e+000
    outer loop
      vertex  4.401147e+001  7.361498e+001  3.600000e+000
      vertex  4.401147e+001  7.361498e+001  4.400000e+000
      vertex  4.409854e+001  7.343550e+001  3.600000e+000
    endloop
  endfacet
  facet normal  8.997249e-001  4.364575e-001  -0.000000e+000
    outer loop
      vertex  4.409854e+001  7.343550e+001  3.600000e+000
      vertex  4.401147e+001  7.361498e+001  4.400000e+000
      vertex  4.409854e+001  7.343550e+001  4.400000e+000
    endloop
  endfacet
  facet normal  9.107082e-001  4.130502e-001  0.000000e+000
    outer loop
      vertex  4.409854e+001  7.343550e+001  3.600000e+000
      vertex  4.409854e+001  7.343550e+001  4.400000e+000
      vertex  4.414681e+001  7.332907e+001  3.600000e+000
    endloop
  endfacet
  facet normal  9.107082e-001  4.130502e-001  -0.000000e+000
    outer loop
      vertex  4.414681e+001  7.332907e+001  3.600000e+000
      vertex  4.409854e+001  7.343550e+001  4.400000e+000
      vertex  4.414681e+001  7.332907e+001  4.400000e+000
    endloop
  endfacet
  facet normal  9.181633e-001  3.962022e-001  0.000000e+000
    outer loop
      vertex  4.414681e+001  7.332907e+001  3.600000e+000
      vertex  4.414681e+001  7.332907e+001  4.400000e+000
      vertex  4.419313e+001  7.322173e+001  3.600000e+000
    endloop
  endfacet
  facet normal  9.181633e-001  3.962022e-001  -0.000000e+000
    outer loop
      vertex  4.419313e+001  7.322173e+001  3.600000e+000
      vertex  4.414681e+001  7.332907e+001  4.400000e+000
      vertex  4.419313e+001  7.322173e+001  4.400000e+000
    endloop
  endfacet
  facet normal  9.251261e-001  3.796602e-001  0.000000e+000
    outer loop
      vertex  4.419313e+001  7.322173e+001  3.600000e+000
      vertex  4.419313e+001  7.322173e+001  4.400000e+000
      vertex  4.423813e+001  7.311208e+001  3.600000e+000
    endloop
  endfacet
  facet normal  9.251261e-001  3.796602e-001  -0.000000e+000
    outer loop
      vertex  4.423813e+001  7.311208e+001  3.600000e+000
      vertex  4.419313e+001  7.322173e+001  4.400000e+000
      vertex  4.423813e+001  7.311208e+001  4.400000e+000
    endloop
  endfacet
  facet normal  9.316310e-001  3.634056e-001  0.000000e+000
    outer loop
      vertex  4.423813e+001  7.311208e+001  3.600000e+000
      vertex  4.423813e+001  7.311208e+001  4.400000e+000
      vertex  4.428122e+001  7.300162e+001  3.600000e+000
    endloop
  endfacet
  facet normal  9.316310e-001  3.634056e-001  -0.000000e+000
    outer loop
      vertex  4.428122e+001  7.300162e+001  3.600000e+000
      vertex  4.423813e+001  7.311208e+001  4.400000e+000
      vertex  4.428122e+001  7.300162e+001  4.400000e+000
    endloop
  endfacet
  facet normal  9.403821e-001  3.401196e-001  0.000000e+000
    outer loop
      vertex  4.428122e+001  7.300162e+001  3.600000e+000
      vertex  4.428122e+001  7.300162e+001  4.400000e+000
      vertex  4.436133e+001  7.278013e+001  3.600000e+000
    endloop
  endfacet
  facet normal  9.403821e-001  3.401196e-001  -0.000000e+000
    outer loop
      vertex  4.436133e+001  7.278013e+001  3.600000e+000
      vertex  4.428122e+001  7.300162e+001  4.400000e+000
      vertex  4.436133e+001  7.278013e+001  4.400000e+000
    endloop
  endfacet
  facet normal  9.505150e-001  3.106786e-001  0.000000e+000
    outer loop
      vertex  4.436133e+001  7.278013e+001  3.600000e+000
      vertex  4.436133e+001  7.278013e+001  4.400000e+000
      vertex  4.443444e+001  7.255644e+001  3.600000e+000
    endloop
  endfacet
  facet normal  9.505150e-001  3.106786e-001  -0.000000e+000
    outer loop
      vertex  4.443444e+001  7.255644e+001  3.600000e+000
      vertex  4.436133e+001  7.278013e+001  4.400000e+000
      vertex  4.443444e+001  7.255644e+001  4.400000e+000
    endloop
  endfacet
  facet normal  9.575313e-001  2.883293e-001  0.000000e+000
    outer loop
      vertex  4.443444e+001  7.255644e+001  3.600000e+000
      vertex  4.443444e+001  7.255644e+001  4.400000e+000
      vertex  4.447618e+001  7.241782e+001  3.600000e+000
    endloop
  endfacet
  facet normal  9.575313e-001  2.883293e-001  -0.000000e+000
    outer loop
      vertex  4.447618e+001  7.241782e+001  3.600000e+000
      vertex  4.443444e+001  7.255644e+001  4.400000e+000
      vertex  4.447618e+001  7.241782e+001  4.400000e+000
    endloop
  endfacet
  facet normal  9.622266e-001  2.722498e-001  0.000000e+000
    outer loop
      vertex  4.447618e+001  7.241782e+001  3.600000e+000
      vertex  4.447618e+001  7.241782e+001  4.400000e+000
      vertex  4.451560e+001  7.227850e+001  3.600000e+000
    endloop
  endfacet
  facet normal  9.622266e-001  2.722498e-001  -0.000000e+000
    outer loop
      vertex  4.451560e+001  7.227850e+001  3.600000e+000
      vertex  4.447618e+001  7.241782e+001  4.400000e+000
      vertex  4.451560e+001  7.227850e+001  4.400000e+000
    endloop
  endfacet
  facet normal  9.664109e-001  2.570018e-001  0.000000e+000
    outer loop
      vertex  4.451560e+001  7.227850e+001  3.600000e+000
      vertex  4.451560e+001  7.227850e+001  4.400000e+000
      vertex  4.455281e+001  7.213857e+001  3.600000e+000
    endloop
  endfacet
  facet normal  9.664109e-001  2.570018e-001  -0.000000e+000
    outer loop
      vertex  4.455281e+001  7.213857e+001  3.600000e+000
      vertex  4.451560e+001  7.227850e+001  4.400000e+000
      vertex  4.455281e+001  7.213857e+001  4.400000e+000
    endloop
  endfacet
  facet normal  9.701394e-001  2.425480e-001  0.000000e+000
    outer loop
      vertex  4.455281e+001  7.213857e+001  3.600000e+000
      vertex  4.455281e+001  7.213857e+001  4.400000e+000
      vertex  4.458793e+001  7.199812e+001  3.600000e+000
    endloop
  endfacet
  facet normal  9.701394e-001  2.425480e-001  -0.000000e+000
    outer loop
      vertex  4.458793e+001  7.199812e+001  3.600000e+000
      vertex  4.455281e+001  7.213857e+001  4.400000e+000
      vertex  4.458793e+001  7.199812e+001  4.400000e+000
    endloop
  endfacet
  facet normal  9.734655e-001  2.288337e-001  0.000000e+000
    outer loop
      vertex  4.458793e+001  7.199812e+001  3.600000e+000
      vertex  4.458793e+001  7.199812e+001  4.400000e+000
      vertex  4.462106e+001  7.185719e+001  3.600000e+000
    endloop
  endfacet
  facet normal  9.734655e-001  2.288337e-001  -0.000000e+000
    outer loop
      vertex  4.462106e+001  7.185719e+001  3.600000e+000
      vertex  4.458793e+001  7.199812e+001  4.400000e+000
      vertex  4.462106e+001  7.185719e+001  4.400000e+000
    endloop
  endfacet
  facet normal  9.764072e-001  2.159372e-001  0.000000e+000
    outer loop
      vertex  4.462106e+001  7.185719e+001  3.600000e+000
      vertex  4.462106e+001  7.185719e+001  4.400000e+000
      vertex  4.465232e+001  7.171582e+001  3.600000e+000
    endloop
  endfacet
  facet normal  9.764072e-001  2.159372e-001  -0.000000e+000
    outer loop
      vertex  4.465232e+001  7.171582e+001  3.600000e+000
      vertex  4.462106e+001  7.185719e+001  4.400000e+000
      vertex  4.465232e+001  7.171582e+001  4.400000e+000
    endloop
  endfacet
  facet normal  9.801328e-001  1.983426e-001  0.000000e+000
    outer loop
      vertex  4.465232e+001  7.171582e+001  3.600000e+000
      vertex  4.465232e+001  7.171582e+001  4.400000e+000
      vertex  4.470975e+001  7.143202e+001  3.600000e+000
    endloop
  endfacet
  facet normal  9.801328e-001  1.983426e-001  -0.000000e+000
    outer loop
      vertex  4.470975e+001  7.143202e+001  3.600000e+000
      vertex  4.465232e+001  7.171582e+001  4.400000e+000
      vertex  4.470975e+001  7.143202e+001  4.400000e+000
    endloop
  endfacet
  facet normal  9.842551e-001  1.767535e-001  0.000000e+000
    outer loop
      vertex  4.470975e+001  7.143202e+001  3.600000e+000
      vertex  4.470975e+001  7.143202e+001  4.400000e+000
      vertex  4.475337e+001  7.118912e+001  3.600000e+000
    endloop
  endfacet
  facet normal  9.842551e-001  1.767535e-001  -0.000000e+000
    outer loop
      vertex  4.475337e+001  7.118912e+001  3.600000e+000
      vertex  4.470975e+001  7.143202e+001  4.400000e+000
      vertex  4.475337e+001  7.118912e+001  4.400000e+000
    endloop
  endfacet
  facet normal  9.880743e-001  1.539782e-001  0.000000e+000
    outer loop
      vertex  4.475337e+001  7.118912e+001  3.600000e+000
      vertex  4.475337e+001  7.118912e+001  4.400000e+000
      vertex  4.479139e+001  7.094514e+001  3.600000e+000
    endloop
  endfacet
  facet normal  9.880743e-001  1.539782e-001  -0.000000e+000
    outer loop
      vertex  4.479139e+001  7.094514e+001  3.600000e+000
      vertex  4.475337e+001  7.118912e+001  4.400000e+000
      vertex  4.479139e+001  7.094514e+001  4.400000e+000
    endloop
  endfacet
  facet normal  9.918127e-001  1.277009e-001  0.000000e+000
    outer loop
      vertex  4.479139e+001  7.094514e+001  3.600000e+000
      vertex  4.479139e+001  7.094514e+001  4.400000e+000
      vertex  4.482295e+001  7.070006e+001  3.600000e+000
    endloop
  endfacet
  facet normal  9.918127e-001  1.277009e-001  -0.000000e+000
    outer loop
      vertex  4.482295e+001  7.070006e+001  3.600000e+000
      vertex  4.479139e+001  7.094514e+001  4.400000e+000
      vertex  4.482295e+001  7.070006e+001  4.400000e+000
    endloop
  endfacet
  facet normal  9.943968e-001  1.057114e-001  0.000000e+000
    outer loop
      vertex  4.482295e+001  7.070006e+001  3.600000e+000
      vertex  4.482295e+001  7.070006e+001  4.400000e+000
      vertex  4.483601e+001  7.057716e+001  3.600000e+000
    endloop
  endfacet
  facet normal  9.943968e-001  1.057114e-001  -0.000000e+000
    outer loop
      vertex  4.483601e+001  7.057716e+001  3.600000e+000
      vertex  4.482295e+001  7.070006e+001  4.400000e+000
      vertex  4.483601e+001  7.057716e+001  4.400000e+000
    endloop
  endfacet
  facet normal  9.959624e-001  8.977054e-002  0.000000e+000
    outer loop
      vertex  4.483601e+001  7.057716e+001  3.600000e+000
      vertex  4.483601e+001  7.057716e+001  4.400000e+000
      vertex  4.484711e+001  7.045404e+001  3.600000e+000
    endloop
  endfacet
  facet normal  9.959624e-001  8.977054e-002  -0.000000e+000
    outer loop
      vertex  4.484711e+001  7.045404e+001  3.600000e+000
      vertex  4.483601e+001  7.057716e+001  4.400000e+000
      vertex  4.484711e+001  7.045404e+001  4.400000e+000
    endloop
  endfacet
  facet normal  9.977214e-001  6.746886e-002  0.000000e+000
    outer loop
      vertex  4.484711e+001  7.045404e+001  3.600000e+000
      vertex  4.484711e+001  7.045404e+001  4.400000e+000
      vertex  4.486045e+001  7.025671e+001  3.600000e+000
    endloop
  endfacet
  facet normal  9.977214e-001  6.746886e-002  -0.000000e+000
    outer loop
      vertex  4.486045e+001  7.025671e+001  3.600000e+000
      vertex  4.484711e+001  7.045404e+001  4.400000e+000
      vertex  4.486045e+001  7.025671e+001  4.400000e+000
    endloop
  endfacet
  facet normal  9.992899e-001  3.768175e-002  0.000000e+000
    outer loop
      vertex  4.486045e+001  7.025671e+001  3.600000e+000
      vertex  4.486045e+001  7.025671e+001  4.400000e+000
      vertex  4.486790e+001  7.005914e+001  3.600000e+000
    endloop
  endfacet
  facet normal  9.992899e-001  3.768175e-002  -0.000000e+000
    outer loop
      vertex  4.486790e+001  7.005914e+001  3.600000e+000
      vertex  4.486045e+001  7.025671e+001  4.400000e+000
      vertex  4.486790e+001  7.005914e+001  4.400000e+000
    endloop
  endfacet
  facet normal  9.999870e-001  5.096458e-003  0.000000e+000
    outer loop
      vertex  4.486790e+001  7.005914e+001  3.600000e+000
      vertex  4.486790e+001  7.005914e+001  4.400000e+000
      vertex  4.486891e+001  6.986154e+001  3.600000e+000
    endloop
  endfacet
  facet normal  9.999870e-001  5.096458e-003  -0.000000e+000
    outer loop
      vertex  4.486891e+001  6.986154e+001  3.600000e+000
      vertex  4.486790e+001  7.005914e+001  4.400000e+000
      vertex  4.486891e+001  6.986154e+001  4.400000e+000
    endloop
  endfacet
  facet normal  9.995407e-001 -3.030609e-002  0.000000e+000
    outer loop
      vertex  4.486891e+001  6.986154e+001  3.600000e+000
      vertex  4.486891e+001  6.986154e+001  4.400000e+000
      vertex  4.486293e+001  6.966414e+001  3.600000e+000
    endloop
  endfacet
  facet normal  9.995407e-001 -3.030609e-002  0.000000e+000
    outer loop
      vertex  4.486293e+001  6.966414e+001  3.600000e+000
      vertex  4.486891e+001  6.986154e+001  4.400000e+000
      vertex  4.486293e+001  6.966414e+001  4.400000e+000
    endloop
  endfacet
  facet normal  9.982756e-001 -5.870163e-002  0.000000e+000
    outer loop
      vertex  4.486293e+001  6.966414e+001  3.600000e+000
      vertex  4.486293e+001  6.966414e+001  4.400000e+000
      vertex  4.485713e+001  6.956560e+001  3.600000e+000
    endloop
  endfacet
  facet normal  9.982756e-001 -5.870163e-002  0.000000e+000
    outer loop
      vertex  4.485713e+001  6.956560e+001  3.600000e+000
      vertex  4.486293e+001  6.966414e+001  4.400000e+000
      vertex  4.485713e+001  6.956560e+001  4.400000e+000
    endloop
  endfacet
  facet normal  9.969078e-001 -7.857916e-002  0.000000e+000
    outer loop
      vertex  4.485713e+001  6.956560e+001  3.600000e+000
      vertex  4.485713e+001  6.956560e+001  4.400000e+000
      vertex  4.484938e+001  6.946721e+001  3.600000e+000
    endloop
  endfacet
  facet normal  9.969078e-001 -7.857916e-002  0.000000e+000
    outer loop
      vertex  4.484938e+001  6.946721e+001  3.600000e+000
      vertex  4.485713e+001  6.956560e+001  4.400000e+000
      vertex  4.484938e+001  6.946721e+001  4.400000e+000
    endloop
  endfacet
  facet normal  9.942130e-001 -1.074261e-001  0.000000e+000
    outer loop
      vertex  4.484938e+001  6.946721e+001  3.600000e+000
      vertex  4.484938e+001  6.946721e+001  4.400000e+000
      vertex  4.483052e+001  6.929266e+001  3.600000e+000
    endloop
  endfacet
  facet normal  9.942130e-001 -1.074261e-001  0.000000e+000
    outer loop
      vertex  4.483052e+001  6.929266e+001  3.600000e+000
      vertex  4.484938e+001  6.946721e+001  4.400000e+000
      vertex  4.483052e+001  6.929266e+001  4.400000e+000
    endloop
  endfacet
  facet normal  9.892442e-001 -1.462739e-001  0.000000e+000
    outer loop
      vertex  4.483052e+001  6.929266e+001  3.600000e+000
      vertex  4.483052e+001  6.929266e+001  4.400000e+000
      vertex  4.480498e+001  6.911994e+001  3.600000e+000
    endloop
  endfacet
  facet normal  9.892442e-001 -1.462739e-001  0.000000e+000
    outer loop
      vertex  4.480498e+001  6.911994e+001  3.600000e+000
      vertex  4.483052e+001  6.929266e+001  4.400000e+000
      vertex  4.480498e+001  6.911994e+001  4.400000e+000
    endloop
  endfacet
  facet normal  9.824106e-001 -1.867336e-001  0.000000e+000
    outer loop
      vertex  4.480498e+001  6.911994e+001  3.600000e+000
      vertex  4.480498e+001  6.911994e+001  4.400000e+000
      vertex  4.477237e+001  6.894841e+001  3.600000e+000
    endloop
  endfacet
  facet normal  9.824106e-001 -1.867336e-001  0.000000e+000
    outer loop
      vertex  4.477237e+001  6.894841e+001  3.600000e+000
      vertex  4.480498e+001  6.911994e+001  4.400000e+000
      vertex  4.477237e+001  6.894841e+001  4.400000e+000
    endloop
  endfacet
  facet normal  9.739779e-001 -2.266429e-001  0.000000e+000
    outer loop
      vertex  4.477237e+001  6.894841e+001  3.600000e+000
      vertex  4.477237e+001  6.894841e+001  4.400000e+000
      vertex  4.473259e+001  6.877743e+001  3.600000e+000
    endloop
  endfacet
  facet normal  9.739779e-001 -2.266429e-001  0.000000e+000
    outer loop
      vertex  4.473259e+001  6.877743e+001  3.600000e+000
      vertex  4.477237e+001  6.894841e+001  4.400000e+000
      vertex  4.473259e+001  6.877743e+001  4.400000e+000
    endloop
  endfacet
  facet normal  9.653288e-001 -2.610369e-001  0.000000e+000
    outer loop
      vertex  4.473259e+001  6.877743e+001  3.600000e+000
      vertex  4.473259e+001  6.877743e+001  4.400000e+000
      vertex  4.469552e+001  6.864035e+001  3.600000e+000
    endloop
  endfacet
  facet normal  9.653288e-001 -2.610369e-001  0.000000e+000
    outer loop
      vertex  4.469552e+001  6.864035e+001  3.600000e+000
      vertex  4.473259e+001  6.877743e+001  4.400000e+000
      vertex  4.469552e+001  6.864035e+001  4.400000e+000
    endloop
  endfacet
  facet normal  9.569555e-001 -2.902348e-001  0.000000e+000
    outer loop
      vertex  4.469552e+001  6.864035e+001  3.600000e+000
      vertex  4.469552e+001  6.864035e+001  4.400000e+000
      vertex  4.465430e+001  6.850445e+001  3.600000e+000
    endloop
  endfacet
  facet normal  9.569555e-001 -2.902348e-001  0.000000e+000
    outer loop
      vertex  4.465430e+001  6.850445e+001  3.600000e+000
      vertex  4.469552e+001  6.864035e+001  4.400000e+000
      vertex  4.465430e+001  6.850445e+001  4.400000e+000
    endloop
  endfacet
  facet normal  9.481016e-001 -3.179674e-001  0.000000e+000
    outer loop
      vertex  4.465430e+001  6.850445e+001  3.600000e+000
      vertex  4.465430e+001  6.850445e+001  4.400000e+000
      vertex  4.460913e+001  6.836977e+001  3.600000e+000
    endloop
  endfacet
  facet normal  9.481016e-001 -3.179674e-001  0.000000e+000
    outer loop
      vertex  4.460913e+001  6.836977e+001  3.600000e+000
      vertex  4.465430e+001  6.850445e+001  4.400000e+000
      vertex  4.460913e+001  6.836977e+001  4.400000e+000
    endloop
  endfacet
  facet normal  9.400826e-001 -3.409470e-001  0.000000e+000
    outer loop
      vertex  4.460913e+001  6.836977e+001  3.600000e+000
      vertex  4.460913e+001  6.836977e+001  4.400000e+000
      vertex  4.457332e+001  6.827102e+001  3.600000e+000
    endloop
  endfacet
  facet normal  9.400826e-001 -3.409470e-001  0.000000e+000
    outer loop
      vertex  4.457332e+001  6.827102e+001  3.600000e+000
      vertex  4.460913e+001  6.836977e+001  4.400000e+000
      vertex  4.457332e+001  6.827102e+001  4.400000e+000
    endloop
  endfacet
  facet normal  9.331068e-001 -3.595994e-001  0.000000e+000
    outer loop
      vertex  4.457332e+001  6.827102e+001  3.600000e+000
      vertex  4.457332e+001  6.827102e+001  4.400000e+000
      vertex  4.453553e+001  6.817297e+001  3.600000e+000
    endloop
  endfacet
  facet normal  9.331068e-001 -3.595994e-001  0.000000e+000
    outer loop
      vertex  4.453553e+001  6.817297e+001  3.600000e+000
      vertex  4.457332e+001  6.827102e+001  4.400000e+000
      vertex  4.453553e+001  6.817297e+001  4.400000e+000
    endloop
  endfacet
  facet normal  9.258693e-001 -3.778439e-001  0.000000e+000
    outer loop
      vertex  4.453553e+001  6.817297e+001  3.600000e+000
      vertex  4.453553e+001  6.817297e+001  4.400000e+000
      vertex  4.449469e+001  6.807290e+001  3.600000e+000
    endloop
  endfacet
  facet normal  9.258693e-001 -3.778439e-001  0.000000e+000
    outer loop
      vertex  4.449469e+001  6.807290e+001  3.600000e+000
      vertex  4.453553e+001  6.817297e+001  4.400000e+000
      vertex  4.449469e+001  6.807290e+001  4.400000e+000
    endloop
  endfacet
  facet normal  9.184774e-001 -3.954732e-001  0.000000e+000
    outer loop
      vertex  4.449469e+001  6.807290e+001  3.600000e+000
      vertex  4.449469e+001  6.807290e+001  4.400000e+000
      vertex  4.445194e+001  6.797361e+001  3.600000e+000
    endloop
  endfacet
  facet normal  9.184774e-001 -3.954732e-001  0.000000e+000
    outer loop
      vertex  4.445194e+001  6.797361e+001  3.600000e+000
      vertex  4.449469e+001  6.807290e+001  4.400000e+000
      vertex  4.445194e+001  6.797361e+001  4.400000e+000
    endloop
  endfacet
  facet normal  9.073850e-001 -4.203004e-001  0.000000e+000
    outer loop
      vertex  4.445194e+001  6.797361e+001  3.600000e+000
      vertex  4.445194e+001  6.797361e+001  4.400000e+000
      vertex  4.436235e+001  6.778018e+001  3.600000e+000
    endloop
  endfacet
  facet normal  9.073850e-001 -4.203004e-001  0.000000e+000
    outer loop
      vertex  4.436235e+001  6.778018e+001  3.600000e+000
      vertex  4.445194e+001  6.797361e+001  4.400000e+000
      vertex  4.436235e+001  6.778018e+001  4.400000e+000
    endloop
  endfacet
  facet normal  8.925580e-001 -4.509326e-001  0.000000e+000
    outer loop
      vertex  4.436235e+001  6.778018e+001  3.600000e+000
      vertex  4.436235e+001  6.778018e+001  4.400000e+000
      vertex  4.426624e+001  6.758995e+001  3.600000e+000
    endloop
  endfacet
  facet normal  8.925580e-001 -4.509326e-001  0.000000e+000
    outer loop
      vertex  4.426624e+001  6.758995e+001  3.600000e+000
      vertex  4.436235e+001  6.778018e+001  4.400000e+000
      vertex  4.426624e+001  6.758995e+001  4.400000e+000
    endloop
  endfacet
  facet normal  8.778334e-001 -4.789663e-001  0.000000e+000
    outer loop
      vertex  4.426624e+001  6.758995e+001  3.600000e+000
      vertex  4.426624e+001  6.758995e+001  4.400000e+000
      vertex  4.416418e+001  6.740291e+001  3.600000e+000
    endloop
  endfacet
  facet normal  8.778334e-001 -4.789663e-001  0.000000e+000
    outer loop
      vertex  4.416418e+001  6.740291e+001  3.600000e+000
      vertex  4.426624e+001  6.758995e+001  4.400000e+000
      vertex  4.416418e+001  6.740291e+001  4.400000e+000
    endloop
  endfacet
  facet normal  8.633135e-001 -5.046681e-001  0.000000e+000
    outer loop
      vertex  4.416418e+001  6.740291e+001  3.600000e+000
      vertex  4.416418e+001  6.740291e+001  4.400000e+000
      vertex  4.405668e+001  6.721901e+001  3.600000e+000
    endloop
  endfacet
  facet normal  8.633135e-001 -5.046681e-001  0.000000e+000
    outer loop
      vertex  4.405668e+001  6.721901e+001  3.600000e+000
      vertex  4.416418e+001  6.740291e+001  4.400000e+000
      vertex  4.405668e+001  6.721901e+001  4.400000e+000
    endloop
  endfacet
  facet normal  8.519632e-001 -5.236017e-001  0.000000e+000
    outer loop
      vertex  4.405668e+001  6.721901e+001  3.600000e+000
      vertex  4.405668e+001  6.721901e+001  4.400000e+000
      vertex  4.399080e+001  6.711181e+001  3.600000e+000
    endloop
  endfacet
  facet normal  8.519632e-001 -5.236017e-001  0.000000e+000
    outer loop
      vertex  4.399080e+001  6.711181e+001  3.600000e+000
      vertex  4.405668e+001  6.721901e+001  4.400000e+000
      vertex  4.399080e+001  6.711181e+001  4.400000e+000
    endloop
  endfacet
  facet normal  8.436727e-001 -5.368578e-001  0.000000e+000
    outer loop
      vertex  4.399080e+001  6.711181e+001  3.600000e+000
      vertex  4.399080e+001  6.711181e+001  4.400000e+000
      vertex  4.392328e+001  6.700571e+001  3.600000e+000
    endloop
  endfacet
  facet normal  8.436727e-001 -5.368578e-001  0.000000e+000
    outer loop
      vertex  4.392328e+001  6.700571e+001  3.600000e+000
      vertex  4.399080e+001  6.711181e+001  4.400000e+000
      vertex  4.392328e+001  6.700571e+001  4.400000e+000
    endloop
  endfacet
  facet normal  8.313509e-001 -5.557477e-001  0.000000e+000
    outer loop
      vertex  4.392328e+001  6.700571e+001  3.600000e+000
      vertex  4.392328e+001  6.700571e+001  4.400000e+000
      vertex  4.378371e+001  6.679691e+001  3.600000e+000
    endloop
  endfacet
  facet normal  8.313509e-001 -5.557477e-001  0.000000e+000
    outer loop
      vertex  4.378371e+001  6.679691e+001  3.600000e+000
      vertex  4.392328e+001  6.700571e+001  4.400000e+000
      vertex  4.378371e+001  6.679691e+001  4.400000e+000
    endloop
  endfacet
  facet normal  8.149247e-001 -5.795669e-001  0.000000e+000
    outer loop
      vertex  4.378371e+001  6.679691e+001  3.600000e+000
      vertex  4.378371e+001  6.679691e+001  4.400000e+000
      vertex  4.363844e+001  6.659266e+001  3.600000e+000
    endloop
  endfacet
  facet normal  8.149247e-001 -5.795669e-001  0.000000e+000
    outer loop
      vertex  4.363844e+001  6.659266e+001  3.600000e+000
      vertex  4.378371e+001  6.679691e+001  4.400000e+000
      vertex  4.363844e+001  6.659266e+001  4.400000e+000
    endloop
  endfacet
  facet normal  7.983731e-001 -6.021630e-001  0.000000e+000
    outer loop
      vertex  4.363844e+001  6.659266e+001  3.600000e+000
      vertex  4.363844e+001  6.659266e+001  4.400000e+000
      vertex  4.348771e+001  6.639281e+001  3.600000e+000
    endloop
  endfacet
  facet normal  7.983731e-001 -6.021630e-001  0.000000e+000
    outer loop
      vertex  4.348771e+001  6.639281e+001  3.600000e+000
      vertex  4.363844e+001  6.659266e+001  4.400000e+000
      vertex  4.348771e+001  6.639281e+001  4.400000e+000
    endloop
  endfacet
  facet normal  7.815983e-001 -6.237820e-001  0.000000e+000
    outer loop
      vertex  4.348771e+001  6.639281e+001  3.600000e+000
      vertex  4.348771e+001  6.639281e+001  4.400000e+000
      vertex  4.333158e+001  6.619718e+001  3.600000e+000
    endloop
  endfacet
  facet normal  7.815983e-001 -6.237820e-001  0.000000e+000
    outer loop
      vertex  4.333158e+001  6.619718e+001  3.600000e+000
      vertex  4.348771e+001  6.639281e+001  4.400000e+000
      vertex  4.333158e+001  6.619718e+001  4.400000e+000
    endloop
  endfacet
  facet normal  7.645634e-001 -6.445486e-001  0.000000e+000
    outer loop
      vertex  4.333158e+001  6.619718e+001  3.600000e+000
      vertex  4.333158e+001  6.619718e+001  4.400000e+000
      vertex  4.317004e+001  6.600556e+001  3.600000e+000
    endloop
  endfacet
  facet normal  7.645634e-001 -6.445486e-001  0.000000e+000
    outer loop
      vertex  4.317004e+001  6.600556e+001  3.600000e+000
      vertex  4.333158e+001  6.619718e+001  4.400000e+000
      vertex  4.317004e+001  6.600556e+001  4.400000e+000
    endloop
  endfacet
  facet normal  7.471864e-001 -6.646146e-001  0.000000e+000
    outer loop
      vertex  4.317004e+001  6.600556e+001  3.600000e+000
      vertex  4.317004e+001  6.600556e+001  4.400000e+000
      vertex  4.300313e+001  6.581792e+001  3.600000e+000
    endloop
  endfacet
  facet normal  7.471864e-001 -6.646146e-001  0.000000e+000
    outer loop
      vertex  4.300313e+001  6.581792e+001  3.600000e+000
      vertex  4.317004e+001  6.600556e+001  4.400000e+000
      vertex  4.300313e+001  6.581792e+001  4.400000e+000
    endloop
  endfacet
  facet normal  7.294199e-001 -6.840662e-001  0.000000e+000
    outer loop
      vertex  4.300313e+001  6.581792e+001  3.600000e+000
      vertex  4.300313e+001  6.581792e+001  4.400000e+000
      vertex  4.283104e+001  6.563441e+001  3.600000e+000
    endloop
  endfacet
  facet normal  7.294199e-001 -6.840662e-001  0.000000e+000
    outer loop
      vertex  4.283104e+001  6.563441e+001  3.600000e+000
      vertex  4.300313e+001  6.581792e+001  4.400000e+000
      vertex  4.283104e+001  6.563441e+001  4.400000e+000
    endloop
  endfacet
  facet normal  7.147963e-001 -6.993327e-001  0.000000e+000
    outer loop
      vertex  4.283104e+001  6.563441e+001  3.600000e+000
      vertex  4.283104e+001  6.563441e+001  4.400000e+000
      vertex  4.272649e+001  6.552756e+001  3.600000e+000
    endloop
  endfacet
  facet normal  7.147963e-001 -6.993327e-001  0.000000e+000
    outer loop
      vertex  4.272649e+001  6.552756e+001  3.600000e+000
      vertex  4.283104e+001  6.563441e+001  4.400000e+000
      vertex  4.272649e+001  6.552756e+001  4.400000e+000
    endloop
  endfacet
  facet normal  7.036209e-001 -7.105756e-001  0.000000e+000
    outer loop
      vertex  4.272649e+001  6.552756e+001  3.600000e+000
      vertex  4.272649e+001  6.552756e+001  4.400000e+000
      vertex  4.261931e+001  6.542142e+001  3.600000e+000
    endloop
  endfacet
  facet normal  7.036209e-001 -7.105756e-001  0.000000e+000
    outer loop
      vertex  4.261931e+001  6.542142e+001  3.600000e+000
      vertex  4.272649e+001  6.552756e+001  4.400000e+000
      vertex  4.261931e+001  6.542142e+001  4.400000e+000
    endloop
  endfacet
  facet normal  6.922612e-001 -7.216470e-001  0.000000e+000
    outer loop
      vertex  4.261931e+001  6.542142e+001  3.600000e+000
      vertex  4.261931e+001  6.542142e+001  4.400000e+000
      vertex  4.251046e+001  6.531700e+001  3.600000e+000
    endloop
  endfacet
  facet normal  6.922612e-001 -7.216470e-001  0.000000e+000
    outer loop
      vertex  4.251046e+001  6.531700e+001  3.600000e+000
      vertex  4.261931e+001  6.542142e+001  4.400000e+000
      vertex  4.251046e+001  6.531700e+001  4.400000e+000
    endloop
  endfacet
  facet normal  6.804266e-001 -7.328162e-001  0.000000e+000
    outer loop
      vertex  4.251046e+001  6.531700e+001  3.600000e+000
      vertex  4.251046e+001  6.531700e+001  4.400000e+000
      vertex  4.240091e+001  6.521529e+001  3.600000e+000
    endloop
  endfacet
  facet normal  6.804266e-001 -7.328162e-001  0.000000e+000
    outer loop
      vertex  4.240091e+001  6.521529e+001  3.600000e+000
      vertex  4.251046e+001  6.531700e+001  4.400000e+000
      vertex  4.240091e+001  6.521529e+001  4.400000e+000
    endloop
  endfacet
  facet normal  6.685168e-001 -7.436970e-001  0.000000e+000
    outer loop
      vertex  4.240091e+001  6.521529e+001  3.600000e+000
      vertex  4.240091e+001  6.521529e+001  4.400000e+000
      vertex  4.228925e+001  6.511491e+001  3.600000e+000
    endloop
  endfacet
  facet normal  6.685168e-001 -7.436970e-001  0.000000e+000
    outer loop
      vertex  4.228925e+001  6.511491e+001  3.600000e+000
      vertex  4.240091e+001  6.521529e+001  4.400000e+000
      vertex  4.228925e+001  6.511491e+001  4.400000e+000
    endloop
  endfacet
  facet normal  6.571367e-001 -7.537714e-001  0.000000e+000
    outer loop
      vertex  4.228925e+001  6.511491e+001  3.600000e+000
      vertex  4.228925e+001  6.511491e+001  4.400000e+000
      vertex  4.217606e+001  6.501624e+001  3.600000e+000
    endloop
  endfacet
  facet normal  6.571367e-001 -7.537714e-001  0.000000e+000
    outer loop
      vertex  4.217606e+001  6.501624e+001  3.600000e+000
      vertex  4.228925e+001  6.511491e+001  4.400000e+000
      vertex  4.217606e+001  6.501624e+001  4.400000e+000
    endloop
  endfacet
  facet normal  6.464796e-001 -7.629313e-001  0.000000e+000
    outer loop
      vertex  4.217606e+001  6.501624e+001  3.600000e+000
      vertex  4.217606e+001  6.501624e+001  4.400000e+000
      vertex  4.206150e+001  6.491916e+001  3.600000e+000
    endloop
  endfacet
  facet normal  6.464796e-001 -7.629313e-001  0.000000e+000
    outer loop
      vertex  4.206150e+001  6.491916e+001  3.600000e+000
      vertex  4.217606e+001  6.501624e+001  4.400000e+000
      vertex  4.206150e+001  6.491916e+001  4.400000e+000
    endloop
  endfacet
  facet normal  6.367593e-001 -7.710626e-001  0.000000e+000
    outer loop
      vertex  4.206150e+001  6.491916e+001  3.600000e+000
      vertex  4.206150e+001  6.491916e+001  4.400000e+000
      vertex  4.194573e+001  6.482355e+001  3.600000e+000
    endloop
  endfacet
  facet normal  6.367593e-001 -7.710626e-001  0.000000e+000
    outer loop
      vertex  4.194573e+001  6.482355e+001  3.600000e+000
      vertex  4.206150e+001  6.491916e+001  4.400000e+000
      vertex  4.194573e+001  6.482355e+001  4.400000e+000
    endloop
  endfacet
  facet normal  6.262864e-001 -7.795931e-001  0.000000e+000
    outer loop
      vertex  4.194573e+001  6.482355e+001  3.600000e+000
      vertex  4.194573e+001  6.482355e+001  4.400000e+000
      vertex  4.177312e+001  6.468489e+001  3.600000e+000
    endloop
  endfacet
  facet normal  6.262864e-001 -7.795931e-001  0.000000e+000
    outer loop
      vertex  4.177312e+001  6.468489e+001  3.600000e+000
      vertex  4.194573e+001  6.482355e+001  4.400000e+000
      vertex  4.177312e+001  6.468489e+001  4.400000e+000
    endloop
  endfacet
  facet normal  6.161447e-001 -7.876329e-001  0.000000e+000
    outer loop
      vertex  4.177312e+001  6.468489e+001  3.600000e+000
      vertex  4.177312e+001  6.468489e+001  4.400000e+000
      vertex  4.159872e+001  6.454846e+001  3.600000e+000
    endloop
  endfacet
  facet normal  6.161447e-001 -7.876329e-001  0.000000e+000
    outer loop
      vertex  4.159872e+001  6.454846e+001  3.600000e+000
      vertex  4.177312e+001  6.468489e+001  4.400000e+000
      vertex  4.159872e+001  6.454846e+001  4.400000e+000
    endloop
  endfacet
  facet normal  6.087563e-001 -7.933573e-001  0.000000e+000
    outer loop
      vertex  4.159872e+001  6.454846e+001  3.600000e+000
      vertex  4.159872e+001  6.454846e+001  4.400000e+000
      vertex  4.142304e+001  6.441366e+001  3.600000e+000
    endloop
  endfacet
  facet normal  6.087563e-001 -7.933573e-001  0.000000e+000
    outer loop
      vertex  4.142304e+001  6.441366e+001  3.600000e+000
      vertex  4.159872e+001  6.454846e+001  4.400000e+000
      vertex  4.142304e+001  6.441366e+001  4.400000e+000
    endloop
  endfacet
  facet normal  6.034928e-001 -7.973684e-001  0.000000e+000
    outer loop
      vertex  4.142304e+001  6.441366e+001  3.600000e+000
      vertex  4.142304e+001  6.441366e+001  4.400000e+000
      vertex  4.115818e+001  6.421320e+001  3.600000e+000
    endloop
  endfacet
  facet normal  6.034928e-001 -7.973684e-001  0.000000e+000
    outer loop
      vertex  4.115818e+001  6.421320e+001  3.600000e+000
      vertex  4.142304e+001  6.441366e+001  4.400000e+000
      vertex  4.115818e+001  6.421320e+001  4.400000e+000
    endloop
  endfacet
  facet normal  6.022266e-001 -7.983252e-001  0.000000e+000
    outer loop
      vertex  4.115818e+001  6.421320e+001  3.600000e+000
      vertex  4.115818e+001  6.421320e+001  4.400000e+000
      vertex  4.089301e+001  6.401316e+001  3.600000e+000
    endloop
  endfacet
  facet normal  6.022266e-001 -7.983252e-001  0.000000e+000
    outer loop
      vertex  4.089301e+001  6.401316e+001  3.600000e+000
      vertex  4.115818e+001  6.421320e+001  4.400000e+000
      vertex  4.089301e+001  6.401316e+001  4.400000e+000
    endloop
  endfacet
  facet normal  6.067890e-001 -7.948630e-001  0.000000e+000
    outer loop
      vertex  4.089301e+001  6.401316e+001  3.600000e+000
      vertex  4.089301e+001  6.401316e+001  4.400000e+000
      vertex  4.054069e+001  6.374421e+001  3.600000e+000
    endloop
  endfacet
  facet normal  6.067890e-001 -7.948630e-001  0.000000e+000
    outer loop
      vertex  4.054069e+001  6.374421e+001  3.600000e+000
      vertex  4.089301e+001  6.401316e+001  4.400000e+000
      vertex  4.054069e+001  6.374421e+001  4.400000e+000
    endloop
  endfacet
  facet normal  6.141503e-001 -7.891890e-001  0.000000e+000
    outer loop
      vertex  4.054069e+001  6.374421e+001  3.600000e+000
      vertex  4.054069e+001  6.374421e+001  4.400000e+000
      vertex  4.036577e+001  6.360809e+001  3.600000e+000
    endloop
  endfacet
  facet normal  6.141503e-001 -7.891890e-001  0.000000e+000
    outer loop
      vertex  4.036577e+001  6.360809e+001  3.600000e+000
      vertex  4.054069e+001  6.374421e+001  4.400000e+000
      vertex  4.036577e+001  6.360809e+001  4.400000e+000
    endloop
  endfacet
  facet normal  6.205535e-001 -7.841641e-001  0.000000e+000
    outer loop
      vertex  4.036577e+001  6.360809e+001  3.600000e+000
      vertex  4.036577e+001  6.360809e+001  4.400000e+000
      vertex  4.019197e+001  6.347055e+001  3.600000e+000
    endloop
  endfacet
  facet normal  6.205535e-001 -7.841641e-001  0.000000e+000
    outer loop
      vertex  4.019197e+001  6.347055e+001  3.600000e+000
      vertex  4.036577e+001  6.360809e+001  4.400000e+000
      vertex  4.019197e+001  6.347055e+001  4.400000e+000
    endloop
  endfacet
  facet normal  6.259748e-001 -7.798432e-001  0.000000e+000
    outer loop
      vertex  4.019197e+001  6.347055e+001  3.600000e+000
      vertex  4.019197e+001  6.347055e+001  4.400000e+000
      vertex  3.995627e+001  6.328135e+001  3.600000e+000
    endloop
  endfacet
  facet normal  6.259748e-001 -7.798432e-001  0.000000e+000
    outer loop
      vertex  3.995627e+001  6.328135e+001  3.600000e+000
      vertex  4.019197e+001  6.347055e+001  4.400000e+000
      vertex  3.995627e+001  6.328135e+001  4.400000e+000
    endloop
  endfacet
  facet normal  6.155784e-001 -7.880756e-001  0.000000e+000
    outer loop
      vertex  3.995627e+001  6.328135e+001  3.600000e+000
      vertex  3.995627e+001  6.328135e+001  4.400000e+000
      vertex  3.983717e+001  6.318832e+001  3.600000e+000
    endloop
  endfacet
  facet normal  6.155784e-001 -7.880756e-001  0.000000e+000
    outer loop
      vertex  3.983717e+001  6.318832e+001  3.600000e+000
      vertex  3.995627e+001  6.328135e+001  4.400000e+000
      vertex  3.983717e+001  6.318832e+001  4.400000e+000
    endloop
  endfacet
  facet normal  5.937009e-001 -8.046858e-001  0.000000e+000
    outer loop
      vertex  3.983717e+001  6.318832e+001  3.600000e+000
      vertex  3.983717e+001  6.318832e+001  4.400000e+000
      vertex  3.971557e+001  6.309860e+001  3.600000e+000
    endloop
  endfacet
  facet normal  5.937009e-001 -8.046858e-001  0.000000e+000
    outer loop
      vertex  3.971557e+001  6.309860e+001  3.600000e+000
      vertex  3.983717e+001  6.318832e+001  4.400000e+000
      vertex  3.971557e+001  6.309860e+001  4.400000e+000
    endloop
  endfacet
  facet normal  5.631538e-001 -8.263521e-001  0.000000e+000
    outer loop
      vertex  3.971557e+001  6.309860e+001  3.600000e+000
      vertex  3.971557e+001  6.309860e+001  4.400000e+000
      vertex  3.963058e+001  6.304068e+001  3.600000e+000
    endloop
  endfacet
  facet normal  5.631538e-001 -8.263521e-001  0.000000e+000
    outer loop
      vertex  3.963058e+001  6.304068e+001  3.600000e+000
      vertex  3.971557e+001  6.309860e+001  4.400000e+000
      vertex  3.963058e+001  6.304068e+001  4.400000e+000
    endloop
  endfacet
  facet normal  5.251651e-001 -8.510004e-001  0.000000e+000
    outer loop
      vertex  3.963058e+001  6.304068e+001  3.600000e+000
      vertex  3.963058e+001  6.304068e+001  4.400000e+000
      vertex  3.954308e+001  6.298668e+001  3.600000e+000
    endloop
  endfacet
  facet normal  5.251651e-001 -8.510004e-001  0.000000e+000
    outer loop
      vertex  3.954308e+001  6.298668e+001  3.600000e+000
      vertex  3.963058e+001  6.304068e+001  4.400000e+000
      vertex  3.954308e+001  6.298668e+001  4.400000e+000
    endloop
  endfacet
  facet normal  4.854855e-001 -8.742447e-001  0.000000e+000
    outer loop
      vertex  3.954308e+001  6.298668e+001  3.600000e+000
      vertex  3.954308e+001  6.298668e+001  4.400000e+000
      vertex  3.949812e+001  6.296172e+001  3.600000e+000
    endloop
  endfacet
  facet normal  4.854855e-001 -8.742447e-001  0.000000e+000
    outer loop
      vertex  3.949812e+001  6.296172e+001  3.600000e+000
      vertex  3.954308e+001  6.298668e+001  4.400000e+000
      vertex  3.949812e+001  6.296172e+001  4.400000e+000
    endloop
  endfacet
  facet normal  4.501723e-001 -8.929417e-001  0.000000e+000
    outer loop
      vertex  3.949812e+001  6.296172e+001  3.600000e+000
      vertex  3.949812e+001  6.296172e+001  4.400000e+000
      vertex  3.945210e+001  6.293852e+001  3.600000e+000
    endloop
  endfacet
  facet normal  4.501723e-001 -8.929417e-001  0.000000e+000
    outer loop
      vertex  3.945210e+001  6.293852e+001  3.600000e+000
      vertex  3.949812e+001  6.296172e+001  4.400000e+000
      vertex  3.945210e+001  6.293852e+001  4.400000e+000
    endloop
  endfacet
  facet normal  4.054514e-001 -9.141166e-001  0.000000e+000
    outer loop
      vertex  3.945210e+001  6.293852e+001  3.600000e+000
      vertex  3.945210e+001  6.293852e+001  4.400000e+000
      vertex  3.940501e+001  6.291763e+001  3.600000e+000
    endloop
  endfacet
  facet normal  4.054514e-001 -9.141166e-001  0.000000e+000
    outer loop
      vertex  3.940501e+001  6.291763e+001  3.600000e+000
      vertex  3.945210e+001  6.293852e+001  4.400000e+000
      vertex  3.940501e+001  6.291763e+001  4.400000e+000
    endloop
  endfacet
  facet normal  3.463279e-001 -9.381136e-001  0.000000e+000
    outer loop
      vertex  3.940501e+001  6.291763e+001  3.600000e+000
      vertex  3.940501e+001  6.291763e+001  4.400000e+000
      vertex  3.935679e+001  6.289983e+001  3.600000e+000
    endloop
  endfacet
  facet normal  3.463279e-001 -9.381136e-001  0.000000e+000
    outer loop
      vertex  3.935679e+001  6.289983e+001  3.600000e+000
      vertex  3.940501e+001  6.291763e+001  4.400000e+000
      vertex  3.935679e+001  6.289983e+001  4.400000e+000
    endloop
  endfacet
  facet normal  2.851084e-001 -9.584953e-001  0.000000e+000
    outer loop
      vertex  3.935679e+001  6.289983e+001  3.600000e+000
      vertex  3.935679e+001  6.289983e+001  4.400000e+000
      vertex  3.932787e+001  6.289123e+001  3.600000e+000
    endloop
  endfacet
  facet normal  2.851084e-001 -9.584953e-001  0.000000e+000
    outer loop
      vertex  3.932787e+001  6.289123e+001  3.600000e+000
      vertex  3.935679e+001  6.289983e+001  4.400000e+000
      vertex  3.932787e+001  6.289123e+001  4.400000e+000
    endloop
  endfacet
  facet normal  2.272137e-001 -9.738449e-001  0.000000e+000
    outer loop
      vertex  3.932787e+001  6.289123e+001  3.600000e+000
      vertex  3.932787e+001  6.289123e+001  4.400000e+000
      vertex  3.929838e+001  6.288435e+001  3.600000e+000
    endloop
  endfacet
  facet normal  2.272137e-001 -9.738449e-001  0.000000e+000
    outer loop
      vertex  3.929838e+001  6.288435e+001  3.600000e+000
      vertex  3.932787e+001  6.289123e+001  4.400000e+000
      vertex  3.929838e+001  6.288435e+001  4.400000e+000
    endloop
  endfacet
  facet normal  1.553415e-001 -9.878609e-001  0.000000e+000
    outer loop
      vertex  3.929838e+001  6.288435e+001  3.600000e+000
      vertex  3.929838e+001  6.288435e+001  4.400000e+000
      vertex  3.926847e+001  6.287964e+001  3.600000e+000
    endloop
  endfacet
  facet normal  1.553415e-001 -9.878609e-001  0.000000e+000
    outer loop
      vertex  3.926847e+001  6.287964e+001  3.600000e+000
      vertex  3.929838e+001  6.288435e+001  4.400000e+000
      vertex  3.926847e+001  6.287964e+001  4.400000e+000
    endloop
  endfacet
  facet normal  6.295395e-002 -9.980164e-001  0.000000e+000
    outer loop
      vertex  3.926847e+001  6.287964e+001  3.600000e+000
      vertex  3.926847e+001  6.287964e+001  4.400000e+000
      vertex  3.923841e+001  6.287775e+001  3.600000e+000
    endloop
  endfacet
  facet normal  6.295395e-002 -9.980164e-001  0.000000e+000
    outer loop
      vertex  3.923841e+001  6.287775e+001  3.600000e+000
      vertex  3.926847e+001  6.287964e+001  4.400000e+000
      vertex  3.923841e+001  6.287775e+001  4.400000e+000
    endloop
  endfacet
  facet normal -7.129853e-002 -9.974550e-001  -0.000000e+000
    outer loop
      vertex  3.923841e+001  6.287775e+001  3.600000e+000
      vertex  3.923841e+001  6.287775e+001  4.400000e+000
      vertex  3.920164e+001  6.288037e+001  3.600000e+000
    endloop
  endfacet
  facet normal -7.129853e-002 -9.974550e-001  0.000000e+000
    outer loop
      vertex  3.920164e+001  6.288037e+001  3.600000e+000
      vertex  3.923841e+001  6.287775e+001  4.400000e+000
      vertex  3.920164e+001  6.288037e+001  4.400000e+000
    endloop
  endfacet
  facet normal -2.553089e-001 -9.668595e-001  -0.000000e+000
    outer loop
      vertex  3.920164e+001  6.288037e+001  3.600000e+000
      vertex  3.920164e+001  6.288037e+001  4.400000e+000
      vertex  3.916603e+001  6.288978e+001  3.600000e+000
    endloop
  endfacet
  facet normal -2.553089e-001 -9.668595e-001  0.000000e+000
    outer loop
      vertex  3.916603e+001  6.288978e+001  3.600000e+000
      vertex  3.920164e+001  6.288037e+001  4.400000e+000
      vertex  3.916603e+001  6.288978e+001  4.400000e+000
    endloop
  endfacet
  facet normal -4.078116e-001 -9.130661e-001  -0.000000e+000
    outer loop
      vertex  3.916603e+001  6.288978e+001  3.600000e+000
      vertex  3.916603e+001  6.288978e+001  4.400000e+000
      vertex  3.913765e+001  6.290245e+001  3.600000e+000
    endloop
  endfacet
  facet normal -4.078116e-001 -9.130661e-001  0.000000e+000
    outer loop
      vertex  3.913765e+001  6.290245e+001  3.600000e+000
      vertex  3.916603e+001  6.288978e+001  4.400000e+000
      vertex  3.913765e+001  6.290245e+001  4.400000e+000
    endloop
  endfacet
  facet normal -5.060717e-001 -8.624914e-001  -0.000000e+000
    outer loop
      vertex  3.913765e+001  6.290245e+001  3.600000e+000
      vertex  3.913765e+001  6.290245e+001  4.400000e+000
      vertex  3.911081e+001  6.291821e+001  3.600000e+000
    endloop
  endfacet
  facet normal -5.060717e-001 -8.624914e-001  0.000000e+000
    outer loop
      vertex  3.911081e+001  6.291821e+001  3.600000e+000
      vertex  3.913765e+001  6.290245e+001  4.400000e+000
      vertex  3.911081e+001  6.291821e+001  4.400000e+000
    endloop
  endfacet
  facet normal -5.858308e-001 -8.104334e-001  -0.000000e+000
    outer loop
      vertex  3.911081e+001  6.291821e+001  3.600000e+000
      vertex  3.911081e+001  6.291821e+001  4.400000e+000
      vertex  3.907763e+001  6.294218e+001  3.600000e+000
    endloop
  endfacet
  facet normal -5.858308e-001 -8.104334e-001  0.000000e+000
    outer loop
      vertex  3.907763e+001  6.294218e+001  3.600000e+000
      vertex  3.911081e+001  6.291821e+001  4.400000e+000
      vertex  3.907763e+001  6.294218e+001  4.400000e+000
    endloop
  endfacet
  facet normal -6.497428e-001 -7.601542e-001  -0.000000e+000
    outer loop
      vertex  3.907763e+001  6.294218e+001  3.600000e+000
      vertex  3.907763e+001  6.294218e+001  4.400000e+000
      vertex  3.904664e+001  6.296867e+001  3.600000e+000
    endloop
  endfacet
  facet normal -6.497428e-001 -7.601542e-001  0.000000e+000
    outer loop
      vertex  3.904664e+001  6.296867e+001  3.600000e+000
      vertex  3.907763e+001  6.294218e+001  4.400000e+000
      vertex  3.904664e+001  6.296867e+001  4.400000e+000
    endloop
  endfacet
  facet normal -6.957424e-001 -7.182914e-001  -0.000000e+000
    outer loop
      vertex  3.904664e+001  6.296867e+001  3.600000e+000
      vertex  3.904664e+001  6.296867e+001  4.400000e+000
      vertex  3.901736e+001  6.299704e+001  3.600000e+000
    endloop
  endfacet
  facet normal -6.957424e-001 -7.182914e-001  0.000000e+000
    outer loop
      vertex  3.901736e+001  6.299704e+001  3.600000e+000
      vertex  3.904664e+001  6.296867e+001  4.400000e+000
      vertex  3.901736e+001  6.299704e+001  4.400000e+000
    endloop
  endfacet
  facet normal -7.299522e-001 -6.834982e-001  -0.000000e+000
    outer loop
      vertex  3.901736e+001  6.299704e+001  3.600000e+000
      vertex  3.901736e+001  6.299704e+001  4.400000e+000
      vertex  3.898935e+001  6.302695e+001  3.600000e+000
    endloop
  endfacet
  facet normal -7.299522e-001 -6.834982e-001  0.000000e+000
    outer loop
      vertex  3.898935e+001  6.302695e+001  3.600000e+000
      vertex  3.901736e+001  6.299704e+001  4.400000e+000
      vertex  3.898935e+001  6.302695e+001  4.400000e+000
    endloop
  endfacet
  facet normal -7.667630e-001 -6.419303e-001  -0.000000e+000
    outer loop
      vertex  3.898935e+001  6.302695e+001  3.600000e+000
      vertex  3.898935e+001  6.302695e+001  4.400000e+000
      vertex  3.893697e+001  6.308951e+001  3.600000e+000
    endloop
  endfacet
  facet normal -7.667630e-001 -6.419303e-001  0.000000e+000
    outer loop
      vertex  3.893697e+001  6.308951e+001  3.600000e+000
      vertex  3.898935e+001  6.302695e+001  4.400000e+000
      vertex  3.893697e+001  6.308951e+001  4.400000e+000
    endloop
  endfacet
  facet normal -8.004485e-001 -5.994015e-001  -0.000000e+000
    outer loop
      vertex  3.893697e+001  6.308951e+001  3.600000e+000
      vertex  3.893697e+001  6.308951e+001  4.400000e+000
      vertex  3.888806e+001  6.315483e+001  3.600000e+000
    endloop
  endfacet
  facet normal -8.004485e-001 -5.994015e-001  0.000000e+000
    outer loop
      vertex  3.888806e+001  6.315483e+001  3.600000e+000
      vertex  3.893697e+001  6.308951e+001  4.400000e+000
      vertex  3.888806e+001  6.315483e+001  4.400000e+000
    endloop
  endfacet
  facet normal -8.210652e-001 -5.708342e-001  -0.000000e+000
    outer loop
      vertex  3.888806e+001  6.315483e+001  3.600000e+000
      vertex  3.888806e+001  6.315483e+001  4.400000e+000
      vertex  3.885037e+001  6.320905e+001  3.600000e+000
    endloop
  endfacet
  facet normal -8.210652e-001 -5.708342e-001  0.000000e+000
    outer loop
      vertex  3.885037e+001  6.320905e+001  3.600000e+000
      vertex  3.888806e+001  6.315483e+001  4.400000e+000
      vertex  3.885037e+001  6.320905e+001  4.400000e+000
    endloop
  endfacet
  facet normal -8.390073e-001 -5.441203e-001  -0.000000e+000
    outer loop
      vertex  3.885037e+001  6.320905e+001  3.600000e+000
      vertex  3.885037e+001  6.320905e+001  4.400000e+000
      vertex  3.877849e+001  6.331988e+001  3.600000e+000
    endloop
  endfacet
  facet normal -8.390073e-001 -5.441203e-001  0.000000e+000
    outer loop
      vertex  3.877849e+001  6.331988e+001  3.600000e+000
      vertex  3.885037e+001  6.320905e+001  4.400000e+000
      vertex  3.877849e+001  6.331988e+001  4.400000e+000
    endloop
  endfacet
  facet normal -8.543447e-001 -5.197069e-001  -0.000000e+000
    outer loop
      vertex  3.877849e+001  6.331988e+001  3.600000e+000
      vertex  3.877849e+001  6.331988e+001  4.400000e+000
      vertex  3.867551e+001  6.348917e+001  3.600000e+000
    endloop
  endfacet
  facet normal -8.543447e-001 -5.197069e-001  0.000000e+000
    outer loop
      vertex  3.867551e+001  6.348917e+001  3.600000e+000
      vertex  3.877849e+001  6.331988e+001  4.400000e+000
      vertex  3.867551e+001  6.348917e+001  4.400000e+000
    endloop
  endfacet
  facet normal -8.570696e-001 -5.152007e-001  -0.000000e+000
    outer loop
      vertex  3.867551e+001  6.348917e+001  3.600000e+000
      vertex  3.867551e+001  6.348917e+001  4.400000e+000
      vertex  3.857344e+001  6.365897e+001  3.600000e+000
    endloop
  endfacet
  facet normal -8.570696e-001 -5.152007e-001  0.000000e+000
    outer loop
      vertex  3.857344e+001  6.365897e+001  3.600000e+000
      vertex  3.867551e+001  6.348917e+001  4.400000e+000
      vertex  3.857344e+001  6.365897e+001  4.400000e+000
    endloop
  endfacet
  facet normal -8.451204e-001 -5.345761e-001  -0.000000e+000
    outer loop
      vertex  3.857344e+001  6.365897e+001  3.600000e+000
      vertex  3.857344e+001  6.365897e+001  4.400000e+000
      vertex  3.846753e+001  6.382640e+001  3.600000e+000
    endloop
  endfacet
  facet normal -8.451204e-001 -5.345761e-001  0.000000e+000
    outer loop
      vertex  3.846753e+001  6.382640e+001  3.600000e+000
      vertex  3.857344e+001  6.365897e+001  4.400000e+000
      vertex  3.846753e+001  6.382640e+001  4.400000e+000
    endloop
  endfacet
  facet normal -8.309656e-001 -5.563238e-001  -0.000000e+000
    outer loop
      vertex  3.846753e+001  6.382640e+001  3.600000e+000
      vertex  3.846753e+001  6.382640e+001  4.400000e+000
      vertex  3.840815e+001  6.391510e+001  3.600000e+000
    endloop
  endfacet
  facet normal -8.309656e-001 -5.563238e-001  0.000000e+000
    outer loop
      vertex  3.840815e+001  6.391510e+001  3.600000e+000
      vertex  3.846753e+001  6.382640e+001  4.400000e+000
      vertex  3.840815e+001  6.391510e+001  4.400000e+000
    endloop
  endfacet
  facet normal -8.150608e-001 -5.793754e-001  -0.000000e+000
    outer loop
      vertex  3.840815e+001  6.391510e+001  3.600000e+000
      vertex  3.840815e+001  6.391510e+001  4.400000e+000
      vertex  3.828437e+001  6.408923e+001  3.600000e+000
    endloop
  endfacet
  facet normal -8.150608e-001 -5.793754e-001  0.000000e+000
    outer loop
      vertex  3.828437e+001  6.408923e+001  3.600000e+000
      vertex  3.840815e+001  6.391510e+001  4.400000e+000
      vertex  3.828437e+001  6.408923e+001  4.400000e+000
    endloop
  endfacet
  facet normal -7.985073e-001 -6.019851e-001  -0.000000e+000
    outer loop
      vertex  3.828437e+001  6.408923e+001  3.600000e+000
      vertex  3.828437e+001  6.408923e+001  4.400000e+000
      vertex  3.822002e+001  6.417459e+001  3.600000e+000
    endloop
  endfacet
  facet normal -7.985073e-001 -6.019851e-001  0.000000e+000
    outer loop
      vertex  3.822002e+001  6.417459e+001  3.600000e+000
      vertex  3.828437e+001  6.408923e+001  4.400000e+000
      vertex  3.822002e+001  6.417459e+001  4.400000e+000
    endloop
  endfacet
  facet normal -7.816588e-001 -6.237064e-001  -0.000000e+000
    outer loop
      vertex  3.822002e+001  6.417459e+001  3.600000e+000
      vertex  3.822002e+001  6.417459e+001  4.400000e+000
      vertex  3.808671e+001  6.434166e+001  3.600000e+000
    endloop
  endfacet
  facet normal -7.816588e-001 -6.237064e-001  0.000000e+000
    outer loop
      vertex  3.808671e+001  6.434166e+001  3.600000e+000
      vertex  3.822002e+001  6.417459e+001  4.400000e+000
      vertex  3.808671e+001  6.434166e+001  4.400000e+000
    endloop
  endfacet
  facet normal -7.593828e-001 -6.506442e-001  -0.000000e+000
    outer loop
      vertex  3.808671e+001  6.434166e+001  3.600000e+000
      vertex  3.808671e+001  6.434166e+001  4.400000e+000
      vertex  3.794779e+001  6.450379e+001  3.600000e+000
    endloop
  endfacet
  facet normal -7.593828e-001 -6.506442e-001  0.000000e+000
    outer loop
      vertex  3.794779e+001  6.450379e+001  3.600000e+000
      vertex  3.808671e+001  6.434166e+001  4.400000e+000
      vertex  3.794779e+001  6.450379e+001  4.400000e+000
    endloop
  endfacet
  facet normal -7.378859e-001 -6.749256e-001  -0.000000e+000
    outer loop
      vertex  3.794779e+001  6.450379e+001  3.600000e+000
      vertex  3.794779e+001  6.450379e+001  4.400000e+000
      vertex  3.779453e+001  6.467136e+001  3.600000e+000
    endloop
  endfacet
  facet normal -7.378859e-001 -6.749256e-001  0.000000e+000
    outer loop
      vertex  3.779453e+001  6.467136e+001  3.600000e+000
      vertex  3.794779e+001  6.450379e+001  4.400000e+000
      vertex  3.779453e+001  6.467136e+001  4.400000e+000
    endloop
  endfacet
  facet normal -7.188495e-001 -6.951656e-001  -0.000000e+000
    outer loop
      vertex  3.779453e+001  6.467136e+001  3.600000e+000
      vertex  3.779453e+001  6.467136e+001  4.400000e+000
      vertex  3.763665e+001  6.483461e+001  3.600000e+000
    endloop
  endfacet
  facet normal -7.188495e-001 -6.951656e-001  0.000000e+000
    outer loop
      vertex  3.763665e+001  6.483461e+001  3.600000e+000
      vertex  3.779453e+001  6.467136e+001  4.400000e+000
      vertex  3.763665e+001  6.483461e+001  4.400000e+000
    endloop
  endfacet
  facet normal -7.040854e-001 -7.101154e-001  -0.000000e+000
    outer loop
      vertex  3.763665e+001  6.483461e+001  3.600000e+000
      vertex  3.763665e+001  6.483461e+001  4.400000e+000
      vertex  3.747538e+001  6.499451e+001  3.600000e+000
    endloop
  endfacet
  facet normal -7.040854e-001 -7.101154e-001  0.000000e+000
    outer loop
      vertex  3.747538e+001  6.499451e+001  3.600000e+000
      vertex  3.763665e+001  6.483461e+001  4.400000e+000
      vertex  3.747538e+001  6.499451e+001  4.400000e+000
    endloop
  endfacet
  facet normal -6.930184e-001 -7.209198e-001  -0.000000e+000
    outer loop
      vertex  3.747538e+001  6.499451e+001  3.600000e+000
      vertex  3.747538e+001  6.499451e+001  4.400000e+000
      vertex  3.731166e+001  6.515189e+001  3.600000e+000
    endloop
  endfacet
  facet normal -6.930184e-001 -7.209198e-001  0.000000e+000
    outer loop
      vertex  3.731166e+001  6.515189e+001  3.600000e+000
      vertex  3.747538e+001  6.499451e+001  4.400000e+000
      vertex  3.731166e+001  6.515189e+001  4.400000e+000
    endloop
  endfacet
  facet normal -6.842222e-001 -7.292737e-001  -0.000000e+000
    outer loop
      vertex  3.731166e+001  6.515189e+001  3.600000e+000
      vertex  3.731166e+001  6.515189e+001  4.400000e+000
      vertex  3.716846e+001  6.528625e+001  3.600000e+000
    endloop
  endfacet
  facet normal -6.842222e-001 -7.292737e-001  0.000000e+000
    outer loop
      vertex  3.716846e+001  6.528625e+001  3.600000e+000
      vertex  3.731166e+001  6.515189e+001  4.400000e+000
      vertex  3.716846e+001  6.528625e+001  4.400000e+000
    endloop
  endfacet
  facet normal -6.768507e-001 -7.361203e-001  -0.000000e+000
    outer loop
      vertex  3.716846e+001  6.528625e+001  3.600000e+000
      vertex  3.716846e+001  6.528625e+001  4.400000e+000
      vertex  3.702391e+001  6.541916e+001  3.600000e+000
    endloop
  endfacet
  facet normal -6.768507e-001 -7.361203e-001  0.000000e+000
    outer loop
      vertex  3.702391e+001  6.541916e+001  3.600000e+000
      vertex  3.716846e+001  6.528625e+001  4.400000e+000
      vertex  3.702391e+001  6.541916e+001  4.400000e+000
    endloop
  endfacet
  facet normal -6.673991e-001 -7.447003e-001  -0.000000e+000
    outer loop
      vertex  3.702391e+001  6.541916e+001  3.600000e+000
      vertex  3.702391e+001  6.541916e+001  4.400000e+000
      vertex  3.673142e+001  6.568129e+001  3.600000e+000
    endloop
  endfacet
  facet normal -6.673991e-001 -7.447003e-001  0.000000e+000
    outer loop
      vertex  3.673142e+001  6.568129e+001  3.600000e+000
      vertex  3.702391e+001  6.541916e+001  4.400000e+000
      vertex  3.673142e+001  6.568129e+001  4.400000e+000
    endloop
  endfacet
  facet normal -6.587784e-001 -7.523372e-001  -0.000000e+000
    outer loop
      vertex  3.673142e+001  6.568129e+001  3.600000e+000
      vertex  3.673142e+001  6.568129e+001  4.400000e+000
      vertex  3.653028e+001  6.585741e+001  3.600000e+000
    endloop
  endfacet
  facet normal -6.587784e-001 -7.523372e-001  0.000000e+000
    outer loop
      vertex  3.653028e+001  6.585741e+001  3.600000e+000
      vertex  3.673142e+001  6.568129e+001  4.400000e+000
      vertex  3.653028e+001  6.585741e+001  4.400000e+000
    endloop
  endfacet
  facet normal -6.515031e-001 -7.586460e-001  -0.000000e+000
    outer loop
      vertex  3.653028e+001  6.585741e+001  3.600000e+000
      vertex  3.653028e+001  6.585741e+001  4.400000e+000
      vertex  3.612461e+001  6.620580e+001  3.600000e+000
    endloop
  endfacet
  facet normal -6.515031e-001 -7.586460e-001  0.000000e+000
    outer loop
      vertex  3.612461e+001  6.620580e+001  3.600000e+000
      vertex  3.653028e+001  6.585741e+001  4.400000e+000
      vertex  3.612461e+001  6.620580e+001  4.400000e+000
    endloop
  endfacet
  facet normal -6.462789e-001 -7.631014e-001  -0.000000e+000
    outer loop
      vertex  3.612461e+001  6.620580e+001  3.600000e+000
      vertex  3.612461e+001  6.620580e+001  4.400000e+000
      vertex  3.551254e+001  6.672416e+001  3.600000e+000
    endloop
  endfacet
  facet normal -6.462789e-001 -7.631014e-001  0.000000e+000
    outer loop
      vertex  3.551254e+001  6.672416e+001  3.600000e+000
      vertex  3.612461e+001  6.620580e+001  4.400000e+000
      vertex  3.551254e+001  6.672416e+001  4.400000e+000
    endloop
  endfacet
  facet normal -6.487855e-001 -7.609714e-001  -0.000000e+000
    outer loop
      vertex  3.551254e+001  6.672416e+001  3.600000e+000
      vertex  3.551254e+001  6.672416e+001  4.400000e+000
      vertex  3.511403e+001  6.706392e+001  3.600000e+000
    endloop
  endfacet
  facet normal -6.487855e-001 -7.609714e-001  0.000000e+000
    outer loop
      vertex  3.511403e+001  6.706392e+001  3.600000e+000
      vertex  3.551254e+001  6.672416e+001  4.400000e+000
      vertex  3.511403e+001  6.706392e+001  4.400000e+000
    endloop
  endfacet
  facet normal -6.540920e-001 -7.564150e-001  -0.000000e+000
    outer loop
      vertex  3.511403e+001  6.706392e+001  3.600000e+000
      vertex  3.511403e+001  6.706392e+001  4.400000e+000
      vertex  3.491599e+001  6.723518e+001  3.600000e+000
    endloop
  endfacet
  facet normal -6.540920e-001 -7.564150e-001  0.000000e+000
    outer loop
      vertex  3.491599e+001  6.723518e+001  3.600000e+000
      vertex  3.511403e+001  6.706392e+001  4.400000e+000
      vertex  3.491599e+001  6.723518e+001  4.400000e+000
    endloop
  endfacet
  facet normal -6.610487e-001 -7.503430e-001  -0.000000e+000
    outer loop
      vertex  3.491599e+001  6.723518e+001  3.600000e+000
      vertex  3.491599e+001  6.723518e+001  4.400000e+000
      vertex  3.461303e+001  6.750208e+001  3.600000e+000
    endloop
  endfacet
  facet normal -6.610487e-001 -7.503430e-001  0.000000e+000
    outer loop
      vertex  3.461303e+001  6.750208e+001  3.600000e+000
      vertex  3.491599e+001  6.723518e+001  4.400000e+000
      vertex  3.461303e+001  6.750208e+001  4.400000e+000
    endloop
  endfacet
  facet normal -6.704406e-001 -7.419631e-001  -0.000000e+000
    outer loop
      vertex  3.461303e+001  6.750208e+001  3.600000e+000
      vertex  3.461303e+001  6.750208e+001  4.400000e+000
      vertex  3.431347e+001  6.777277e+001  3.600000e+000
    endloop
  endfacet
  facet normal -6.704406e-001 -7.419631e-001  0.000000e+000
    outer loop
      vertex  3.431347e+001  6.777277e+001  3.600000e+000
      vertex  3.461303e+001  6.750208e+001  4.400000e+000
      vertex  3.431347e+001  6.777277e+001  4.400000e+000
    endloop
  endfacet
  facet normal -6.756198e-001 -7.372502e-001  -0.000000e+000
    outer loop
      vertex  3.431347e+001  6.777277e+001  3.600000e+000
      vertex  3.431347e+001  6.777277e+001  4.400000e+000
      vertex  3.401580e+001  6.804555e+001  3.600000e+000
    endloop
  endfacet
  facet normal -6.756198e-001 -7.372502e-001  0.000000e+000
    outer loop
      vertex  3.401580e+001  6.804555e+001  3.600000e+000
      vertex  3.431347e+001  6.777277e+001  4.400000e+000
      vertex  3.401580e+001  6.804555e+001  4.400000e+000
    endloop
  endfacet
  facet normal -6.753677e-001 -7.374812e-001  -0.000000e+000
    outer loop
      vertex  3.401580e+001  6.804555e+001  3.600000e+000
      vertex  3.401580e+001  6.804555e+001  4.400000e+000
      vertex  3.371805e+001  6.831822e+001  3.600000e+000
    endloop
  endfacet
  facet normal -6.753677e-001 -7.374812e-001  0.000000e+000
    outer loop
      vertex  3.371805e+001  6.831822e+001  3.600000e+000
      vertex  3.401580e+001  6.804555e+001  4.400000e+000
      vertex  3.371805e+001  6.831822e+001  4.400000e+000
    endloop
  endfacet
  facet normal -6.701955e-001 -7.421846e-001  -0.000000e+000
    outer loop
      vertex  3.371805e+001  6.831822e+001  3.600000e+000
      vertex  3.371805e+001  6.831822e+001  4.400000e+000
      vertex  3.345085e+001  6.855950e+001  3.600000e+000
    endloop
  endfacet
  facet normal -6.701955e-001 -7.421846e-001  0.000000e+000
    outer loop
      vertex  3.345085e+001  6.855950e+001  3.600000e+000
      vertex  3.371805e+001  6.831822e+001  4.400000e+000
      vertex  3.345085e+001  6.855950e+001  4.400000e+000
    endloop
  endfacet
  facet normal -6.636114e-001 -7.480775e-001  -0.000000e+000
    outer loop
      vertex  3.345085e+001  6.855950e+001  3.600000e+000
      vertex  3.345085e+001  6.855950e+001  4.400000e+000
      vertex  3.331615e+001  6.867899e+001  3.600000e+000
    endloop
  endfacet
  facet normal -6.636114e-001 -7.480775e-001  0.000000e+000
    outer loop
      vertex  3.331615e+001  6.867899e+001  3.600000e+000
      vertex  3.345085e+001  6.855950e+001  4.400000e+000
      vertex  3.331615e+001  6.867899e+001  4.400000e+000
    endloop
  endfacet
  facet normal -6.559997e-001 -7.547612e-001  -0.000000e+000
    outer loop
      vertex  3.331615e+001  6.867899e+001  3.600000e+000
      vertex  3.331615e+001  6.867899e+001  4.400000e+000
      vertex  3.311226e+001  6.885621e+001  3.600000e+000
    endloop
  endfacet
  facet normal -6.559997e-001 -7.547612e-001  0.000000e+000
    outer loop
      vertex  3.311226e+001  6.885621e+001  3.600000e+000
      vertex  3.331615e+001  6.867899e+001  4.400000e+000
      vertex  3.311226e+001  6.885621e+001  4.400000e+000
    endloop
  endfacet
  facet normal -6.445174e-001 -7.645895e-001  -0.000000e+000
    outer loop
      vertex  3.311226e+001  6.885621e+001  3.600000e+000
      vertex  3.311226e+001  6.885621e+001  4.400000e+000
      vertex  3.290571e+001  6.903032e+001  3.600000e+000
    endloop
  endfacet
  facet normal -6.445174e-001 -7.645895e-001  0.000000e+000
    outer loop
      vertex  3.290571e+001  6.903032e+001  3.600000e+000
      vertex  3.311226e+001  6.885621e+001  4.400000e+000
      vertex  3.290571e+001  6.903032e+001  4.400000e+000
    endloop
  endfacet
  facet normal -6.302943e-001 -7.763563e-001  -0.000000e+000
    outer loop
      vertex  3.290571e+001  6.903032e+001  3.600000e+000
      vertex  3.290571e+001  6.903032e+001  4.400000e+000
      vertex  3.269603e+001  6.920055e+001  3.600000e+000
    endloop
  endfacet
  facet normal -6.302943e-001 -7.763563e-001  0.000000e+000
    outer loop
      vertex  3.269603e+001  6.920055e+001  3.600000e+000
      vertex  3.290571e+001  6.903032e+001  4.400000e+000
      vertex  3.269603e+001  6.920055e+001  4.400000e+000
    endloop
  endfacet
  facet normal -6.132743e-001 -7.898700e-001  -0.000000e+000
    outer loop
      vertex  3.269603e+001  6.920055e+001  3.600000e+000
      vertex  3.269603e+001  6.920055e+001  4.400000e+000
      vertex  3.248277e+001  6.936613e+001  3.600000e+000
    endloop
  endfacet
  facet normal -6.132743e-001 -7.898700e-001  0.000000e+000
    outer loop
      vertex  3.248277e+001  6.936613e+001  3.600000e+000
      vertex  3.269603e+001  6.920055e+001  4.400000e+000
      vertex  3.248277e+001  6.936613e+001  4.400000e+000
    endloop
  endfacet
  facet normal -5.952739e-001 -8.035229e-001  -0.000000e+000
    outer loop
      vertex  3.248277e+001  6.936613e+001  3.600000e+000
      vertex  3.248277e+001  6.936613e+001  4.400000e+000
      vertex  3.230213e+001  6.949995e+001  3.600000e+000
    endloop
  endfacet
  facet normal -5.952739e-001 -8.035229e-001  0.000000e+000
    outer loop
      vertex  3.230213e+001  6.949995e+001  3.600000e+000
      vertex  3.248277e+001  6.936613e+001  4.400000e+000
      vertex  3.230213e+001  6.949995e+001  4.400000e+000
    endloop
  endfacet
  facet normal -5.781186e-001 -8.159528e-001  -0.000000e+000
    outer loop
      vertex  3.230213e+001  6.949995e+001  3.600000e+000
      vertex  3.230213e+001  6.949995e+001  4.400000e+000
      vertex  3.211698e+001  6.963113e+001  3.600000e+000
    endloop
  endfacet
  facet normal -5.781186e-001 -8.159528e-001  0.000000e+000
    outer loop
      vertex  3.211698e+001  6.963113e+001  3.600000e+000
      vertex  3.230213e+001  6.949995e+001  4.400000e+000
      vertex  3.211698e+001  6.963113e+001  4.400000e+000
    endloop
  endfacet
  facet normal -5.617064e-001 -8.273367e-001  -0.000000e+000
    outer loop
      vertex  3.211698e+001  6.963113e+001  3.600000e+000
      vertex  3.211698e+001  6.963113e+001  4.400000e+000
      vertex  3.192780e+001  6.975957e+001  3.600000e+000
    endloop
  endfacet
  facet normal -5.617064e-001 -8.273367e-001  0.000000e+000
    outer loop
      vertex  3.192780e+001  6.975957e+001  3.600000e+000
      vertex  3.211698e+001  6.963113e+001  4.400000e+000
      vertex  3.192780e+001  6.975957e+001  4.400000e+000
    endloop
  endfacet
  facet normal -5.483850e-001 -8.362260e-001  -0.000000e+000
    outer loop
      vertex  3.192780e+001  6.975957e+001  3.600000e+000
      vertex  3.192780e+001  6.975957e+001  4.400000e+000
      vertex  3.178430e+001  6.985368e+001  3.600000e+000
    endloop
  endfacet
  facet normal -5.483850e-001 -8.362260e-001  0.000000e+000
    outer loop
      vertex  3.178430e+001  6.985368e+001  3.600000e+000
      vertex  3.192780e+001  6.975957e+001  4.400000e+000
      vertex  3.178430e+001  6.985368e+001  4.400000e+000
    endloop
  endfacet
  facet normal -5.378224e-001 -8.430582e-001  -0.000000e+000
    outer loop
      vertex  3.178430e+001  6.985368e+001  3.600000e+000
      vertex  3.178430e+001  6.985368e+001  4.400000e+000
      vertex  3.164029e+001  6.994555e+001  3.600000e+000
    endloop
  endfacet
  facet normal -5.378224e-001 -8.430582e-001  0.000000e+000
    outer loop
      vertex  3.164029e+001  6.994555e+001  3.600000e+000
      vertex  3.178430e+001  6.985368e+001  4.400000e+000
      vertex  3.164029e+001  6.994555e+001  4.400000e+000
    endloop
  endfacet
  facet normal -5.234172e-001 -8.520766e-001  -0.000000e+000
    outer loop
      vertex  3.164029e+001  6.994555e+001  3.600000e+000
      vertex  3.164029e+001  6.994555e+001  4.400000e+000
      vertex  3.135230e+001  7.012246e+001  3.600000e+000
    endloop
  endfacet
  facet normal -5.234172e-001 -8.520766e-001  0.000000e+000
    outer loop
      vertex  3.135230e+001  7.012246e+001  3.600000e+000
      vertex  3.164029e+001  6.994555e+001  4.400000e+000
      vertex  3.135230e+001  7.012246e+001  4.400000e+000
    endloop
  endfacet
  facet normal -5.088117e-001 -8.608779e-001  -0.000000e+000
    outer loop
      vertex  3.135230e+001  7.012246e+001  3.600000e+000
      vertex  3.135230e+001  7.012246e+001  4.400000e+000
      vertex  3.114743e+001  7.024355e+001  3.600000e+000
    endloop
  endfacet
  facet normal -5.088117e-001 -8.608779e-001  0.000000e+000
    outer loop
      vertex  3.114743e+001  7.024355e+001  3.600000e+000
      vertex  3.135230e+001  7.012246e+001  4.400000e+000
      vertex  3.114743e+001  7.024355e+001  4.400000e+000
    endloop
  endfacet
  facet normal -4.984468e-001 -8.669204e-001  -0.000000e+000
    outer loop
      vertex  3.114743e+001  7.024355e+001  3.600000e+000
      vertex  3.114743e+001  7.024355e+001  4.400000e+000
      vertex  3.094110e+001  7.036217e+001  3.600000e+000
    endloop
  endfacet
  facet normal -4.984468e-001 -8.669204e-001  0.000000e+000
    outer loop
      vertex  3.094110e+001  7.036217e+001  3.600000e+000
      vertex  3.114743e+001  7.024355e+001  4.400000e+000
      vertex  3.094110e+001  7.036217e+001  4.400000e+000
    endloop
  endfacet
  facet normal -4.895377e-001 -8.719822e-001  -0.000000e+000
    outer loop
      vertex  3.094110e+001  7.036217e+001  3.600000e+000
      vertex  3.094110e+001  7.036217e+001  4.400000e+000
      vertex  3.073357e+001  7.047868e+001  3.600000e+000
    endloop
  endfacet
  facet normal -4.895377e-001 -8.719822e-001  0.000000e+000
    outer loop
      vertex  3.073357e+001  7.047868e+001  3.600000e+000
      vertex  3.094110e+001  7.036217e+001  4.400000e+000
      vertex  3.073357e+001  7.047868e+001  4.400000e+000
    endloop
  endfacet
  facet normal -4.821092e-001 -8.761111e-001  -0.000000e+000
    outer loop
      vertex  3.073357e+001  7.047868e+001  3.600000e+000
      vertex  3.073357e+001  7.047868e+001  4.400000e+000
      vertex  3.052508e+001  7.059341e+001  3.600000e+000
    endloop
  endfacet
  facet normal -4.821092e-001 -8.761111e-001  0.000000e+000
    outer loop
      vertex  3.052508e+001  7.059341e+001  3.600000e+000
      vertex  3.073357e+001  7.047868e+001  4.400000e+000
      vertex  3.052508e+001  7.059341e+001  4.400000e+000
    endloop
  endfacet
  facet normal -4.739744e-001 -8.805386e-001  -0.000000e+000
    outer loop
      vertex  3.052508e+001  7.059341e+001  3.600000e+000
      vertex  3.052508e+001  7.059341e+001  4.400000e+000
      vertex  3.010599e+001  7.081900e+001  3.600000e+000
    endloop
  endfacet
  facet normal -4.739744e-001 -8.805386e-001  0.000000e+000
    outer loop
      vertex  3.010599e+001  7.081900e+001  3.600000e+000
      vertex  3.052508e+001  7.059341e+001  4.400000e+000
      vertex  3.010599e+001  7.081900e+001  4.400000e+000
    endloop
  endfacet
  facet normal -4.683003e-001 -8.835694e-001  -0.000000e+000
    outer loop
      vertex  3.010599e+001  7.081900e+001  3.600000e+000
      vertex  3.010599e+001  7.081900e+001  4.400000e+000
      vertex  2.968546e+001  7.104189e+001  3.600000e+000
    endloop
  endfacet
  facet normal -4.683003e-001 -8.835694e-001  0.000000e+000
    outer loop
      vertex  2.968546e+001  7.104189e+001  3.600000e+000
      vertex  3.010599e+001  7.081900e+001  4.400000e+000
      vertex  2.968546e+001  7.104189e+001  4.400000e+000
    endloop
  endfacet
  facet normal  0.000000e+000  0.000000e+000 -1.000000e+000
    outer loop
      vertex  3.788751e+001  7.715344e+001  3.600000e+000
      vertex  3.602165e+001  7.715079e+001  3.600000e+000
      vertex  3.617216e+001  7.715768e+001  3.600000e+000
    endloop
  endfacet
  facet normal  -0.000000e+000  0.000000e+000 -9.999999e-001
    outer loop
      vertex  4.445194e+001  6.797361e+001  3.600000e+000
      vertex  4.436235e+001  6.778018e+001  3.600000e+000
      vertex  3.431347e+001  6.777277e+001  3.600000e+000
    endloop
  endfacet
  facet normal  0.000000e+000  0.000000e+000 -1.000000e+000
    outer loop
      vertex  4.470975e+001  7.143202e+001  3.600000e+000
      vertex  4.475337e+001  7.118912e+001  3.600000e+000
      vertex  2.929274e+001  7.141416e+001  3.600000e+000
    endloop
  endfacet
  facet normal  0.000000e+000  0.000000e+000 -1.000000e+000
    outer loop
      vertex  4.470975e+001  7.143202e+001  3.600000e+000
      vertex  2.929274e+001  7.141416e+001  3.600000e+000
      vertex  2.929574e+001  7.145839e+001  3.600000e+000
    endloop
  endfacet
  facet normal  0.000000e+000  0.000000e+000 -1.000000e+000
    outer loop
      vertex  4.470975e+001  7.143202e+001  3.600000e+000
      vertex  2.929574e+001  7.145839e+001  3.600000e+000
      vertex  2.930040e+001  7.150240e+001  3.600000e+000
    endloop
  endfacet
  facet normal  0.000000e+000  0.000000e+000 -1.000000e+000
    outer loop
      vertex  4.470975e+001  7.143202e+001  3.600000e+000
      vertex  2.930040e+001  7.150240e+001  3.600000e+000
      vertex  2.931370e+001  7.158987e+001  3.600000e+000
    endloop
  endfacet
  facet normal  0.000000e+000  0.000000e+000 -1.000000e+000
    outer loop
      vertex  4.470975e+001  7.143202e+001  3.600000e+000
      vertex  2.931370e+001  7.158987e+001  3.600000e+000
      vertex  2.933103e+001  7.167666e+001  3.600000e+000
    endloop
  endfacet
  facet normal  0.000000e+000  0.000000e+000 -9.999999e-001
    outer loop
      vertex  4.470975e+001  7.143202e+001  3.600000e+000
      vertex  2.933103e+001  7.167666e+001  3.600000e+000
      vertex  4.465232e+001  7.171582e+001  3.600000e+000
    endloop
  endfacet
  facet normal  0.000000e+000  0.000000e+000 -1.000000e+000
    outer loop
      vertex  4.475337e+001  7.118912e+001  3.600000e+000
      vertex  4.479139e+001  7.094514e+001  3.600000e+000
      vertex  2.934182e+001  7.116912e+001  3.600000e+000
    endloop
  endfacet
  facet normal  0.000000e+000  0.000000e+000 -1.000000e+000
    outer loop
      vertex  4.475337e+001  7.118912e+001  3.600000e+000
      vertex  2.934182e+001  7.116912e+001  3.600000e+000
      vertex  2.932786e+001  7.118942e+001  3.600000e+000
    endloop
  endfacet
  facet normal  0.000000e+000  0.000000e+000 -9.999999e-001
    outer loop
      vertex  4.475337e+001  7.118912e+001  3.600000e+000
      vertex  2.932786e+001  7.118942e+001  3.600000e+000
      vertex  2.931704e+001  7.121162e+001  3.600000e+000
    endloop
  endfacet
  facet normal  0.000000e+000  0.000000e+000 -1.000000e+000
    outer loop
      vertex  4.475337e+001  7.118912e+001  3.600000e+000
      vertex  2.931704e+001  7.121162e+001  3.600000e+000
      vertex  2.930756e+001  7.123915e+001  3.600000e+000
    endloop
  endfacet
  facet normal  0.000000e+000  0.000000e+000 -1.000000e+000
    outer loop
      vertex  4.475337e+001  7.118912e+001  3.600000e+000
      vertex  2.930756e+001  7.123915e+001  3.600000e+000
      vertex  2.930081e+001  7.126766e+001  3.600000e+000
    endloop
  endfacet
  facet normal  0.000000e+000  0.000000e+000 -1.000000e+000
    outer loop
      vertex  4.475337e+001  7.118912e+001  3.600000e+000
      vertex  2.930081e+001  7.126766e+001  3.600000e+000
      vertex  2.929622e+001  7.129661e+001  3.600000e+000
    endloop
  endfacet
  facet normal  0.000000e+000  0.000000e+000 -1.000000e+000
    outer loop
      vertex  4.475337e+001  7.118912e+001  3.600000e+000
      vertex  2.929622e+001  7.129661e+001  3.600000e+000
      vertex  2.929339e+001  7.132565e+001  3.600000e+000
    endloop
  endfacet
  facet normal  0.000000e+000  0.000000e+000 -1.000000e+000
    outer loop
      vertex  4.475337e+001  7.118912e+001  3.600000e+000
      vertex  2.929339e+001  7.132565e+001  3.600000e+000
      vertex  2.929179e+001  7.136986e+001  3.600000e+000
    endloop
  endfacet
  facet normal  0.000000e+000  0.000000e+000 -9.999999e-001
    outer loop
      vertex  4.475337e+001  7.118912e+001  3.600000e+000
      vertex  2.929179e+001  7.136986e+001  3.600000e+000
      vertex  2.929274e+001  7.141416e+001  3.600000e+000
    endloop
  endfacet
  facet normal  0.000000e+000  0.000000e+000 -1.000000e+000
    outer loop
      vertex  4.479139e+001  7.094514e+001  3.600000e+000
      vertex  4.482295e+001  7.070006e+001  3.600000e+000
      vertex  3.010599e+001  7.081900e+001  3.600000e+000
    endloop
  endfacet
  facet normal  0.000000e+000  0.000000e+000 -1.000000e+000
    outer loop
      vertex  4.479139e+001  7.094514e+001  3.600000e+000
      vertex  3.010599e+001  7.081900e+001  3.600000e+000
      vertex  2.968546e+001  7.104189e+001  3.600000e+000
    endloop
  endfacet
  facet normal  0.000000e+000  0.000000e+000 -1.000000e+000
    outer loop
      vertex  4.479139e+001  7.094514e+001  3.600000e+000
      vertex  2.968546e+001  7.104189e+001  3.600000e+000
      vertex  2.961019e+001  7.105970e+001  3.600000e+000
    endloop
  endfacet
  facet normal  0.000000e+000  0.000000e+000 -1.000000e+000
    outer loop
      vertex  4.479139e+001  7.094514e+001  3.600000e+000
      vertex  2.961019e+001  7.105970e+001  3.600000e+000
      vertex  2.953523e+001  7.107870e+001  3.600000e+000
    endloop
  endfacet
  facet normal  0.000000e+000  0.000000e+000 -9.999999e-001
    outer loop
      vertex  4.479139e+001  7.094514e+001  3.600000e+000
      vertex  2.953523e+001  7.107870e+001  3.600000e+000
      vertex  2.946115e+001  7.110123e+001  3.600000e+000
    endloop
  endfacet
  facet normal  0.000000e+000  0.000000e+000 -1.000000e+000
    outer loop
      vertex  4.479139e+001  7.094514e+001  3.600000e+000
      vertex  2.946115e+001  7.110123e+001  3.600000e+000
      vertex  2.942493e+001  7.111498e+001  3.600000e+000
    endloop
  endfacet
  facet normal  0.000000e+000  0.000000e+000 -9.999999e-001
    outer loop
      vertex  4.479139e+001  7.094514e+001  3.600000e+000
      vertex  2.942493e+001  7.111498e+001  3.600000e+000
      vertex  2.938995e+001  7.113155e+001  3.600000e+000
    endloop
  endfacet
  facet normal  0.000000e+000  0.000000e+000 -1.000000e+000
    outer loop
      vertex  4.479139e+001  7.094514e+001  3.600000e+000
      vertex  2.938995e+001  7.113155e+001  3.600000e+000
      vertex  2.936397e+001  7.114796e+001  3.600000e+000
    endloop
  endfacet
  facet normal  0.000000e+000  0.000000e+000 -1.000000e+000
    outer loop
      vertex  4.479139e+001  7.094514e+001  3.600000e+000
      vertex  2.936397e+001  7.114796e+001  3.600000e+000
      vertex  2.934182e+001  7.116912e+001  3.600000e+000
    endloop
  endfacet
  facet normal  0.000000e+000  0.000000e+000 -1.000000e+000
    outer loop
      vertex  3.401580e+001  6.804555e+001  3.600000e+000
      vertex  3.371805e+001  6.831822e+001  3.600000e+000
      vertex  4.457332e+001  6.827102e+001  3.600000e+000
    endloop
  endfacet
  facet normal  0.000000e+000  0.000000e+000 -1.000000e+000
    outer loop
      vertex  3.401580e+001  6.804555e+001  3.600000e+000
      vertex  4.457332e+001  6.827102e+001  3.600000e+000
      vertex  4.453553e+001  6.817297e+001  3.600000e+000
    endloop
  endfacet
  facet normal  0.000000e+000  0.000000e+000 -1.000000e+000
    outer loop
      vertex  3.401580e+001  6.804555e+001  3.600000e+000
      vertex  4.453553e+001  6.817297e+001  3.600000e+000
      vertex  4.449469e+001  6.807290e+001  3.600000e+000
    endloop
  endfacet
  facet normal  0.000000e+000  0.000000e+000 -1.000000e+000
    outer loop
      vertex  3.401580e+001  6.804555e+001  3.600000e+000
      vertex  4.449469e+001  6.807290e+001  3.600000e+000
      vertex  4.445194e+001  6.797361e+001  3.600000e+000
    endloop
  endfacet
  facet normal  -0.000000e+000  0.000000e+000 -1.000000e+000
    outer loop
      vertex  3.401580e+001  6.804555e+001  3.600000e+000
      vertex  4.445194e+001  6.797361e+001  3.600000e+000
      vertex  3.431347e+001  6.777277e+001  3.600000e+000
    endloop
  endfacet
  facet normal  0.000000e+000  0.000000e+000 -1.000000e+000
    outer loop
      vertex  3.702391e+001  6.541916e+001  3.600000e+000
      vertex  3.673142e+001  6.568129e+001  3.600000e+000
      vertex  4.283104e+001  6.563441e+001  3.600000e+000
    endloop
  endfacet
  facet normal  0.000000e+000  0.000000e+000 -1.000000e+000
    outer loop
      vertex  3.702391e+001  6.541916e+001  3.600000e+000
      vertex  4.283104e+001  6.563441e+001  3.600000e+000
      vertex  4.272649e+001  6.552756e+001  3.600000e+000
    endloop
  endfacet
  facet normal  0.000000e+000  0.000000e+000 -1.000000e+000
    outer loop
      vertex  3.702391e+001  6.541916e+001  3.600000e+000
      vertex  4.272649e+001  6.552756e+001  3.600000e+000
      vertex  4.261931e+001  6.542142e+001  3.600000e+000
    endloop
  endfacet
  facet normal  0.000000e+000  0.000000e+000 -1.000000e+000
    outer loop
      vertex  3.702391e+001  6.541916e+001  3.600000e+000
      vertex  4.261931e+001  6.542142e+001  3.600000e+000
      vertex  4.251046e+001  6.531700e+001  3.600000e+000
    endloop
  endfacet
  facet normal  -0.000000e+000  0.000000e+000 -1.000000e+000
    outer loop
      vertex  3.702391e+001  6.541916e+001  3.600000e+000
      vertex  4.251046e+001  6.531700e+001  3.600000e+000
      vertex  3.716846e+001  6.528625e+001  3.600000e+000
    endloop
  endfacet
  facet normal  0.000000e+000  0.000000e+000 -1.000000e+000
    outer loop
      vertex  3.710559e+001  7.717479e+001  3.600000e+000
      vertex  3.728605e+001  7.717361e+001  3.600000e+000
      vertex  3.692519e+001  7.717422e+001  3.600000e+000
    endloop
  endfacet
  facet normal  0.000000e+000  0.000000e+000 -1.000000e+000
    outer loop
      vertex  3.692519e+001  7.717422e+001  3.600000e+000
      vertex  3.728605e+001  7.717361e+001  3.600000e+000
      vertex  3.746655e+001  7.717039e+001  3.600000e+000
    endloop
  endfacet
  facet normal  -0.000000e+000  0.000000e+000 -1.000000e+000
    outer loop
      vertex  3.692519e+001  7.717422e+001  3.600000e+000
      vertex  3.746655e+001  7.717039e+001  3.600000e+000
      vertex  3.662393e+001  7.717014e+001  3.600000e+000
    endloop
  endfacet
  facet normal  0.000000e+000  0.000000e+000 -1.000000e+000
    outer loop
      vertex  3.662393e+001  7.717014e+001  3.600000e+000
      vertex  3.746655e+001  7.717039e+001  3.600000e+000
      vertex  3.764704e+001  7.716488e+001  3.600000e+000
    endloop
  endfacet
  facet normal  -0.000000e+000  0.000000e+000 -1.000000e+000
    outer loop
      vertex  3.662393e+001  7.717014e+001  3.600000e+000
      vertex  3.764704e+001  7.716488e+001  3.600000e+000
      vertex  3.632272e+001  7.716293e+001  3.600000e+000
    endloop
  endfacet
  facet normal  0.000000e+000  0.000000e+000 -1.000000e+000
    outer loop
      vertex  3.632272e+001  7.716293e+001  3.600000e+000
      vertex  3.764704e+001  7.716488e+001  3.600000e+000
      vertex  3.788751e+001  7.715344e+001  3.600000e+000
    endloop
  endfacet
  facet normal  0.000000e+000  0.000000e+000 -9.999999e-001
    outer loop
      vertex  3.632272e+001  7.716293e+001  3.600000e+000
      vertex  3.788751e+001  7.715344e+001  3.600000e+000
      vertex  3.617216e+001  7.715768e+001  3.600000e+000
    endloop
  endfacet
  facet normal  0.000000e+000  -0.000000e+000 -9.999999e-001
    outer loop
      vertex  3.560806e+001  7.711973e+001  3.600000e+000
      vertex  3.572104e+001  7.713032e+001  3.600000e+000
      vertex  3.836704e+001  7.711395e+001  3.600000e+000
    endloop
  endfacet
  facet normal  0.000000e+000  0.000000e+000 -1.000000e+000
    outer loop
      vertex  3.836704e+001  7.711395e+001  3.600000e+000
      vertex  3.572104e+001  7.713032e+001  3.600000e+000
      vertex  3.587125e+001  7.714182e+001  3.600000e+000
    endloop
  endfacet
  facet normal  0.000000e+000  0.000000e+000 -1.000000e+000
    outer loop
      vertex  3.836704e+001  7.711395e+001  3.600000e+000
      vertex  3.587125e+001  7.714182e+001  3.600000e+000
      vertex  3.812758e+001  7.713670e+001  3.600000e+000
    endloop
  endfacet
  facet normal  0.000000e+000  0.000000e+000 -1.000000e+000
    outer loop
      vertex  3.812758e+001  7.713670e+001  3.600000e+000
      vertex  3.587125e+001  7.714182e+001  3.600000e+000
      vertex  3.602165e+001  7.715079e+001  3.600000e+000
    endloop
  endfacet
  facet normal  0.000000e+000  0.000000e+000 -1.000000e+000
    outer loop
      vertex  3.812758e+001  7.713670e+001  3.600000e+000
      vertex  3.602165e+001  7.715079e+001  3.600000e+000
      vertex  3.788751e+001  7.715344e+001  3.600000e+000
    endloop
  endfacet
  facet normal  0.000000e+000  -0.000000e+000 -1.000000e+000
    outer loop
      vertex  3.538268e+001  7.709270e+001  3.600000e+000
      vertex  3.549524e+001  7.710725e+001  3.600000e+000
      vertex  3.857795e+001  7.708827e+001  3.600000e+000
    endloop
  endfacet
  facet normal  0.000000e+000  0.000000e+000 -1.000000e+000
    outer loop
      vertex  3.857795e+001  7.708827e+001  3.600000e+000
      vertex  3.549524e+001  7.710725e+001  3.600000e+000
      vertex  3.560806e+001  7.711973e+001  3.600000e+000
    endloop
  endfacet
  facet normal  0.000000e+000  0.000000e+000 -1.000000e+000
    outer loop
      vertex  3.857795e+001  7.708827e+001  3.600000e+000
      vertex  3.560806e+001  7.711973e+001  3.600000e+000
      vertex  3.836704e+001  7.711395e+001  3.600000e+000
    endloop
  endfacet
  facet normal  0.000000e+000  -0.000000e+000 -1.000000e+000
    outer loop
      vertex  3.515857e+001  7.705659e+001  3.600000e+000
      vertex  3.527045e+001  7.707589e+001  3.600000e+000
      vertex  3.878914e+001  7.705669e+001  3.600000e+000
    endloop
  endfacet
  facet normal  0.000000e+000  0.000000e+000 -1.000000e+000
    outer loop
      vertex  3.878914e+001  7.705669e+001  3.600000e+000
      vertex  3.527045e+001  7.707589e+001  3.600000e+000
      vertex  3.538268e+001  7.709270e+001  3.600000e+000
    endloop
  endfacet
  facet normal  0.000000e+000  0.000000e+000 -1.000000e+000
    outer loop
      vertex  3.878914e+001  7.705669e+001  3.600000e+000
      vertex  3.538268e+001  7.709270e+001  3.600000e+000
      vertex  3.857795e+001  7.708827e+001  3.600000e+000
    endloop
  endfacet
  facet normal  0.000000e+000  -0.000000e+000 -1.000000e+000
    outer loop
      vertex  3.493643e+001  7.701031e+001  3.600000e+000
      vertex  3.504724e+001  7.703472e+001  3.600000e+000
      vertex  3.899929e+001  7.701881e+001  3.600000e+000
    endloop
  endfacet
  facet normal  0.000000e+000  0.000000e+000 -1.000000e+000
    outer loop
      vertex  3.899929e+001  7.701881e+001  3.600000e+000
      vertex  3.504724e+001  7.703472e+001  3.600000e+000
      vertex  3.515857e+001  7.705659e+001  3.600000e+000
    endloop
  endfacet
  facet normal  0.000000e+000  0.000000e+000 -1.000000e+000
    outer loop
      vertex  3.899929e+001  7.701881e+001  3.600000e+000
      vertex  3.515857e+001  7.705659e+001  3.600000e+000
      vertex  3.878914e+001  7.705669e+001  3.600000e+000
    endloop
  endfacet
  facet normal  0.000000e+000  0.000000e+000 -1.000000e+000
    outer loop
      vertex  3.956802e+001  7.688103e+001  3.600000e+000
      vertex  3.444907e+001  7.687472e+001  3.600000e+000
      vertex  3.944790e+001  7.691438e+001  3.600000e+000
    endloop
  endfacet
  facet normal  -0.000000e+000  0.000000e+000 -1.000000e+000
    outer loop
      vertex  3.944790e+001  7.691438e+001  3.600000e+000
      vertex  3.444907e+001  7.687472e+001  3.600000e+000
      vertex  3.463681e+001  7.693208e+001  3.600000e+000
    endloop
  endfacet
  facet normal  0.000000e+000  0.000000e+000 -1.000000e+000
    outer loop
      vertex  3.944790e+001  7.691438e+001  3.600000e+000
      vertex  3.463681e+001  7.693208e+001  3.600000e+000
      vertex  3.932773e+001  7.694550e+001  3.600000e+000
    endloop
  endfacet
  facet normal  -0.000000e+000  0.000000e+000 -1.000000e+000
    outer loop
      vertex  3.932773e+001  7.694550e+001  3.600000e+000
      vertex  3.463681e+001  7.693208e+001  3.600000e+000
      vertex  3.482610e+001  7.698351e+001  3.600000e+000
    endloop
  endfacet
  facet normal  0.000000e+000  0.000000e+000 -1.000000e+000
    outer loop
      vertex  3.932773e+001  7.694550e+001  3.600000e+000
      vertex  3.482610e+001  7.698351e+001  3.600000e+000
      vertex  3.920707e+001  7.697446e+001  3.600000e+000
    endloop
  endfacet
  facet normal  0.000000e+000  0.000000e+000 -9.999999e-001
    outer loop
      vertex  3.920707e+001  7.697446e+001  3.600000e+000
      vertex  3.482610e+001  7.698351e+001  3.600000e+000
      vertex  3.493643e+001  7.701031e+001  3.600000e+000
    endloop
  endfacet
  facet normal  0.000000e+000  0.000000e+000 -9.999999e-001
    outer loop
      vertex  3.920707e+001  7.697446e+001  3.600000e+000
      vertex  3.493643e+001  7.701031e+001  3.600000e+000
      vertex  3.899929e+001  7.701881e+001  3.600000e+000
    endloop
  endfacet
  facet normal  0.000000e+000  0.000000e+000 -1.000000e+000
    outer loop
      vertex  3.956802e+001  7.688103e+001  3.600000e+000
      vertex  3.968762e+001  7.684567e+001  3.600000e+000
      vertex  3.444907e+001  7.687472e+001  3.600000e+000
    endloop
  endfacet
  facet normal  0.000000e+000  -0.000000e+000 -1.000000e+000
    outer loop
      vertex  3.444907e+001  7.687472e+001  3.600000e+000
      vertex  3.968762e+001  7.684567e+001  3.600000e+000
      vertex  3.426287e+001  7.681217e+001  3.600000e+000
    endloop
  endfacet
  facet normal  0.000000e+000  0.000000e+000 -1.000000e+000
    outer loop
      vertex  3.968762e+001  7.684567e+001  3.600000e+000
      vertex  3.992456e+001  7.676947e+001  3.600000e+000
      vertex  3.426287e+001  7.681217e+001  3.600000e+000
    endloop
  endfacet
  facet normal  0.000000e+000  -0.000000e+000 -1.000000e+000
    outer loop
      vertex  3.426287e+001  7.681217e+001  3.600000e+000
      vertex  3.992456e+001  7.676947e+001  3.600000e+000
      vertex  3.412424e+001  7.676231e+001  3.600000e+000
    endloop
  endfacet
  facet normal  0.000000e+000  0.000000e+000 -1.000000e+000
    outer loop
      vertex  4.069280e+001  7.647070e+001  3.600000e+000
      vertex  3.344404e+001  7.648567e+001  3.600000e+000
      vertex  4.055376e+001  7.653022e+001  3.600000e+000
    endloop
  endfacet
  facet normal  -0.000000e+000  0.000000e+000 -1.000000e+000
    outer loop
      vertex  4.055376e+001  7.653022e+001  3.600000e+000
      vertex  3.344404e+001  7.648567e+001  3.600000e+000
      vertex  3.371334e+001  7.660065e+001  3.600000e+000
    endloop
  endfacet
  facet normal  0.000000e+000  0.000000e+000 -1.000000e+000
    outer loop
      vertex  4.055376e+001  7.653022e+001  3.600000e+000
      vertex  3.371334e+001  7.660065e+001  3.600000e+000
      vertex  4.041315e+001  7.658807e+001  3.600000e+000
    endloop
  endfacet
  facet normal  0.000000e+000  0.000000e+000 -1.000000e+000
    outer loop
      vertex  4.041315e+001  7.658807e+001  3.600000e+000
      vertex  3.371334e+001  7.660065e+001  3.600000e+000
      vertex  3.384953e+001  7.665628e+001  3.600000e+000
    endloop
  endfacet
  facet normal  0.000000e+000  0.000000e+000 -1.000000e+000
    outer loop
      vertex  4.041315e+001  7.658807e+001  3.600000e+000
      vertex  3.384953e+001  7.665628e+001  3.600000e+000
      vertex  4.028677e+001  7.663797e+001  3.600000e+000
    endloop
  endfacet
  facet normal  0.000000e+000  0.000000e+000 -1.000000e+000
    outer loop
      vertex  4.028677e+001  7.663797e+001  3.600000e+000
      vertex  3.384953e+001  7.665628e+001  3.600000e+000
      vertex  3.398647e+001  7.671025e+001  3.600000e+000
    endloop
  endfacet
  facet normal  0.000000e+000  0.000000e+000 -1.000000e+000
    outer loop
      vertex  4.028677e+001  7.663797e+001  3.600000e+000
      vertex  3.398647e+001  7.671025e+001  3.600000e+000
      vertex  4.015897e+001  7.668637e+001  3.600000e+000
    endloop
  endfacet
  facet normal  0.000000e+000  0.000000e+000 -1.000000e+000
    outer loop
      vertex  4.015897e+001  7.668637e+001  3.600000e+000
      vertex  3.398647e+001  7.671025e+001  3.600000e+000
      vertex  3.412424e+001  7.676231e+001  3.600000e+000
    endloop
  endfacet
  facet normal  0.000000e+000  0.000000e+000 -1.000000e+000
    outer loop
      vertex  4.015897e+001  7.668637e+001  3.600000e+000
      vertex  3.412424e+001  7.676231e+001  3.600000e+000
      vertex  3.992456e+001  7.676947e+001  3.600000e+000
    endloop
  endfacet
  facet normal  0.000000e+000  -0.000000e+000 -1.000000e+000
    outer loop
      vertex  3.317746e+001  7.636456e+001  3.600000e+000
      vertex  3.331034e+001  7.642598e+001  3.600000e+000
      vertex  4.095358e+001  7.635322e+001  3.600000e+000
    endloop
  endfacet
  facet normal  0.000000e+000  0.000000e+000 -1.000000e+000
    outer loop
      vertex  4.095358e+001  7.635322e+001  3.600000e+000
      vertex  3.331034e+001  7.642598e+001  3.600000e+000
      vertex  3.344404e+001  7.648567e+001  3.600000e+000
    endloop
  endfacet
  facet normal  0.000000e+000  0.000000e+000 -1.000000e+000
    outer loop
      vertex  4.095358e+001  7.635322e+001  3.600000e+000
      vertex  3.344404e+001  7.648567e+001  3.600000e+000
      vertex  4.069280e+001  7.647070e+001  3.600000e+000
    endloop
  endfacet
  facet normal  0.000000e+000  -0.000000e+000 -1.000000e+000
    outer loop
      vertex  3.291450e+001  7.623568e+001  3.600000e+000
      vertex  3.304548e+001  7.630119e+001  3.600000e+000
      vertex  4.121510e+001  7.622829e+001  3.600000e+000
    endloop
  endfacet
  facet normal  0.000000e+000  0.000000e+000 -1.000000e+000
    outer loop
      vertex  4.121510e+001  7.622829e+001  3.600000e+000
      vertex  3.304548e+001  7.630119e+001  3.600000e+000
      vertex  3.317746e+001  7.636456e+001  3.600000e+000
    endloop
  endfacet
  facet normal  0.000000e+000  0.000000e+000 -1.000000e+000
    outer loop
      vertex  4.121510e+001  7.622829e+001  3.600000e+000
      vertex  3.317746e+001  7.636456e+001  3.600000e+000
      vertex  4.095358e+001  7.635322e+001  3.600000e+000
    endloop
  endfacet
  facet normal  0.000000e+000  -0.000000e+000 -1.000000e+000
    outer loop
      vertex  3.265630e+001  7.609755e+001  3.600000e+000
      vertex  3.278471e+001  7.616786e+001  3.600000e+000
      vertex  4.143250e+001  7.611859e+001  3.600000e+000
    endloop
  endfacet
  facet normal  0.000000e+000  0.000000e+000 -1.000000e+000
    outer loop
      vertex  4.143250e+001  7.611859e+001  3.600000e+000
      vertex  3.278471e+001  7.616786e+001  3.600000e+000
      vertex  3.291450e+001  7.623568e+001  3.600000e+000
    endloop
  endfacet
  facet normal  0.000000e+000  0.000000e+000 -1.000000e+000
    outer loop
      vertex  4.143250e+001  7.611859e+001  3.600000e+000
      vertex  3.291450e+001  7.623568e+001  3.600000e+000
      vertex  4.121510e+001  7.622829e+001  3.600000e+000
    endloop
  endfacet
  facet normal  0.000000e+000  -0.000000e+000 -1.000000e+000
    outer loop
      vertex  3.228578e+001  7.587290e+001  3.600000e+000
      vertex  3.237688e+001  7.593153e+001  3.600000e+000
      vertex  4.185927e+001  7.588304e+001  3.600000e+000
    endloop
  endfacet
  facet normal  0.000000e+000  0.000000e+000 -1.000000e+000
    outer loop
      vertex  4.185927e+001  7.588304e+001  3.600000e+000
      vertex  3.237688e+001  7.593153e+001  3.600000e+000
      vertex  3.246907e+001  7.598847e+001  3.600000e+000
    endloop
  endfacet
  facet normal  0.000000e+000  0.000000e+000 -9.999999e-001
    outer loop
      vertex  4.185927e+001  7.588304e+001  3.600000e+000
      vertex  3.246907e+001  7.598847e+001  3.600000e+000
      vertex  4.164741e+001  7.600375e+001  3.600000e+000
    endloop
  endfacet
  facet normal  -0.000000e+000  0.000000e+000 -1.000000e+000
    outer loop
      vertex  4.164741e+001  7.600375e+001  3.600000e+000
      vertex  3.246907e+001  7.598847e+001  3.600000e+000
      vertex  3.265630e+001  7.609755e+001  3.600000e+000
    endloop
  endfacet
  facet normal  0.000000e+000  0.000000e+000 -1.000000e+000
    outer loop
      vertex  4.164741e+001  7.600375e+001  3.600000e+000
      vertex  3.265630e+001  7.609755e+001  3.600000e+000
      vertex  4.143250e+001  7.611859e+001  3.600000e+000
    endloop
  endfacet
  facet normal  0.000000e+000  -0.000000e+000 -1.000000e+000
    outer loop
      vertex  3.193348e+001  7.562065e+001  3.600000e+000
      vertex  3.201965e+001  7.568631e+001  3.600000e+000
      vertex  4.223058e+001  7.564877e+001  3.600000e+000
    endloop
  endfacet
  facet normal  0.000000e+000  0.000000e+000 -1.000000e+000
    outer loop
      vertex  4.223058e+001  7.564877e+001  3.600000e+000
      vertex  3.201965e+001  7.568631e+001  3.600000e+000
      vertex  3.210711e+001  7.575030e+001  3.600000e+000
    endloop
  endfacet
  facet normal  0.000000e+000  0.000000e+000 -1.000000e+000
    outer loop
      vertex  4.223058e+001  7.564877e+001  3.600000e+000
      vertex  3.210711e+001  7.575030e+001  3.600000e+000
      vertex  4.206737e+001  7.575576e+001  3.600000e+000
    endloop
  endfacet
  facet normal  -0.000000e+000  0.000000e+000 -1.000000e+000
    outer loop
      vertex  4.206737e+001  7.575576e+001  3.600000e+000
      vertex  3.210711e+001  7.575030e+001  3.600000e+000
      vertex  3.219584e+001  7.581252e+001  3.600000e+000
    endloop
  endfacet
  facet normal  0.000000e+000  0.000000e+000 -1.000000e+000
    outer loop
      vertex  4.206737e+001  7.575576e+001  3.600000e+000
      vertex  3.219584e+001  7.581252e+001  3.600000e+000
      vertex  4.196384e+001  7.582026e+001  3.600000e+000
    endloop
  endfacet
  facet normal  -0.000000e+000  0.000000e+000 -1.000000e+000
    outer loop
      vertex  4.196384e+001  7.582026e+001  3.600000e+000
      vertex  3.219584e+001  7.581252e+001  3.600000e+000
      vertex  3.228578e+001  7.587290e+001  3.600000e+000
    endloop
  endfacet
  facet normal  0.000000e+000  0.000000e+000 -9.999999e-001
    outer loop
      vertex  4.196384e+001  7.582026e+001  3.600000e+000
      vertex  3.228578e+001  7.587290e+001  3.600000e+000
      vertex  4.185927e+001  7.588304e+001  3.600000e+000
    endloop
  endfacet
  facet normal  0.000000e+000  0.000000e+000 -1.000000e+000
    outer loop
      vertex  4.294541e+001  7.507442e+001  3.600000e+000
      vertex  3.134189e+001  7.509801e+001  3.600000e+000
      vertex  4.284446e+001  7.516904e+001  3.600000e+000
    endloop
  endfacet
  facet normal  -0.000000e+000  0.000000e+000 -1.000000e+000
    outer loop
      vertex  4.284446e+001  7.516904e+001  3.600000e+000
      vertex  3.134189e+001  7.509801e+001  3.600000e+000
      vertex  3.148395e+001  7.523507e+001  3.600000e+000
    endloop
  endfacet
  facet normal  0.000000e+000  0.000000e+000 -1.000000e+000
    outer loop
      vertex  4.284446e+001  7.516904e+001  3.600000e+000
      vertex  3.148395e+001  7.523507e+001  3.600000e+000
      vertex  4.269783e+001  7.529726e+001  3.600000e+000
    endloop
  endfacet
  facet normal  -0.000000e+000  0.000000e+000 -1.000000e+000
    outer loop
      vertex  4.269783e+001  7.529726e+001  3.600000e+000
      vertex  3.148395e+001  7.523507e+001  3.600000e+000
      vertex  3.162986e+001  7.536821e+001  3.600000e+000
    endloop
  endfacet
  facet normal  0.000000e+000  0.000000e+000 -9.999999e-001
    outer loop
      vertex  4.269783e+001  7.529726e+001  3.600000e+000
      vertex  3.162986e+001  7.536821e+001  3.600000e+000
      vertex  4.254631e+001  7.541979e+001  3.600000e+000
    endloop
  endfacet
  facet normal  -0.000000e+000  0.000000e+000 -1.000000e+000
    outer loop
      vertex  4.254631e+001  7.541979e+001  3.600000e+000
      vertex  3.162986e+001  7.536821e+001  3.600000e+000
      vertex  3.177969e+001  7.549692e+001  3.600000e+000
    endloop
  endfacet
  facet normal  0.000000e+000  0.000000e+000 -1.000000e+000
    outer loop
      vertex  4.254631e+001  7.541979e+001  3.600000e+000
      vertex  3.177969e+001  7.549692e+001  3.600000e+000
      vertex  4.239039e+001  7.553688e+001  3.600000e+000
    endloop
  endfacet
  facet normal  -0.000000e+000  0.000000e+000 -1.000000e+000
    outer loop
      vertex  4.239039e+001  7.553688e+001  3.600000e+000
      vertex  3.177969e+001  7.549692e+001  3.600000e+000
      vertex  3.193348e+001  7.562065e+001  3.600000e+000
    endloop
  endfacet
  facet normal  0.000000e+000  0.000000e+000 -9.999999e-001
    outer loop
      vertex  4.239039e+001  7.553688e+001  3.600000e+000
      vertex  3.193348e+001  7.562065e+001  3.600000e+000
      vertex  4.223058e+001  7.564877e+001  3.600000e+000
    endloop
  endfacet
  facet normal  0.000000e+000  0.000000e+000 -1.000000e+000
    outer loop
      vertex  4.323192e+001  7.477399e+001  3.600000e+000
      vertex  3.102685e+001  7.476821e+001  3.600000e+000
      vertex  4.313921e+001  7.487670e+001  3.600000e+000
    endloop
  endfacet
  facet normal  -0.000000e+000  0.000000e+000 -1.000000e+000
    outer loop
      vertex  4.313921e+001  7.487670e+001  3.600000e+000
      vertex  3.102685e+001  7.476821e+001  3.600000e+000
      vertex  3.118216e+001  7.493520e+001  3.600000e+000
    endloop
  endfacet
  facet normal  0.000000e+000  0.000000e+000 -1.000000e+000
    outer loop
      vertex  4.313921e+001  7.487670e+001  3.600000e+000
      vertex  3.118216e+001  7.493520e+001  3.600000e+000
      vertex  4.304369e+001  7.497691e+001  3.600000e+000
    endloop
  endfacet
  facet normal  -0.000000e+000  0.000000e+000 -1.000000e+000
    outer loop
      vertex  4.304369e+001  7.497691e+001  3.600000e+000
      vertex  3.118216e+001  7.493520e+001  3.600000e+000
      vertex  3.134189e+001  7.509801e+001  3.600000e+000
    endloop
  endfacet
  facet normal  0.000000e+000  0.000000e+000 -1.000000e+000
    outer loop
      vertex  4.304369e+001  7.497691e+001  3.600000e+000
      vertex  3.134189e+001  7.509801e+001  3.600000e+000
      vertex  4.294541e+001  7.507442e+001  3.600000e+000
    endloop
  endfacet
  facet normal  0.000000e+000  0.000000e+000 -9.999999e-001
    outer loop
      vertex  4.348382e+001  7.446426e+001  3.600000e+000
      vertex  3.087564e+001  7.459750e+001  3.600000e+000
      vertex  4.336068e+001  7.462162e+001  3.600000e+000
    endloop
  endfacet
  facet normal  -0.000000e+000  0.000000e+000 -1.000000e+000
    outer loop
      vertex  4.336068e+001  7.462162e+001  3.600000e+000
      vertex  3.087564e+001  7.459750e+001  3.600000e+000
      vertex  3.102685e+001  7.476821e+001  3.600000e+000
    endloop
  endfacet
  facet normal  0.000000e+000  0.000000e+000 -9.999999e-001
    outer loop
      vertex  4.336068e+001  7.462162e+001  3.600000e+000
      vertex  3.102685e+001  7.476821e+001  3.600000e+000
      vertex  4.323192e+001  7.477399e+001  3.600000e+000
    endloop
  endfacet
  facet normal  -0.000000e+000  0.000000e+000 -1.000000e+000
    outer loop
      vertex  3.087564e+001  7.459750e+001  3.600000e+000
      vertex  4.348382e+001  7.446426e+001  3.600000e+000
      vertex  3.072837e+001  7.442331e+001  3.600000e+000
    endloop
  endfacet
  facet normal  0.000000e+000  0.000000e+000 -1.000000e+000
    outer loop
      vertex  3.072837e+001  7.442331e+001  3.600000e+000
      vertex  4.348382e+001  7.446426e+001  3.600000e+000
      vertex  4.360133e+001  7.430215e+001  3.600000e+000
    endloop
  endfacet
  facet normal  -0.000000e+000  0.000000e+000 -1.000000e+000
    outer loop
      vertex  3.072837e+001  7.442331e+001  3.600000e+000
      vertex  4.360133e+001  7.430215e+001  3.600000e+000
      vertex  3.056944e+001  7.422543e+001  3.600000e+000
    endloop
  endfacet
  facet normal  0.000000e+000  0.000000e+000 -1.000000e+000
    outer loop
      vertex  3.056944e+001  7.422543e+001  3.600000e+000
      vertex  4.360133e+001  7.430215e+001  3.600000e+000
      vertex  4.371303e+001  7.413571e+001  3.600000e+000
    endloop
  endfacet
  facet normal  -0.000000e+000  0.000000e+000 -1.000000e+000
    outer loop
      vertex  3.056944e+001  7.422543e+001  3.600000e+000
      vertex  4.371303e+001  7.413571e+001  3.600000e+000
      vertex  3.041582e+001  7.402261e+001  3.600000e+000
    endloop
  endfacet
  facet normal  0.000000e+000  0.000000e+000 -1.000000e+000
    outer loop
      vertex  3.041582e+001  7.402261e+001  3.600000e+000
      vertex  4.371303e+001  7.413571e+001  3.600000e+000
      vertex  4.381873e+001  7.396540e+001  3.600000e+000
    endloop
  endfacet
  facet normal  -0.000000e+000  0.000000e+000 -9.999999e-001
    outer loop
      vertex  3.041582e+001  7.402261e+001  3.600000e+000
      vertex  4.381873e+001  7.396540e+001  3.600000e+000
      vertex  3.034041e+001  7.391821e+001  3.600000e+000
    endloop
  endfacet
  facet normal  0.000000e+000  -0.000000e+000 -1.000000e+000
    outer loop
      vertex  3.012880e+001  7.360331e+001  3.600000e+000
      vertex  3.019680e+001  7.370856e+001  3.600000e+000
      vertex  4.401147e+001  7.361498e+001  3.600000e+000
    endloop
  endfacet
  facet normal  0.000000e+000  0.000000e+000 -1.000000e+000
    outer loop
      vertex  4.401147e+001  7.361498e+001  3.600000e+000
      vertex  3.019680e+001  7.370856e+001  3.600000e+000
      vertex  3.026679e+001  7.381267e+001  3.600000e+000
    endloop
  endfacet
  facet normal  0.000000e+000  0.000000e+000 -9.999999e-001
    outer loop
      vertex  4.401147e+001  7.361498e+001  3.600000e+000
      vertex  3.026679e+001  7.381267e+001  3.600000e+000
      vertex  4.391824e+001  7.379169e+001  3.600000e+000
    endloop
  endfacet
  facet normal  0.000000e+000  0.000000e+000 -1.000000e+000
    outer loop
      vertex  4.391824e+001  7.379169e+001  3.600000e+000
      vertex  3.026679e+001  7.381267e+001  3.600000e+000
      vertex  3.034041e+001  7.391821e+001  3.600000e+000
    endloop
  endfacet
  facet normal  0.000000e+000  0.000000e+000 -1.000000e+000
    outer loop
      vertex  4.391824e+001  7.379169e+001  3.600000e+000
      vertex  3.034041e+001  7.391821e+001  3.600000e+000
      vertex  4.381873e+001  7.396540e+001  3.600000e+000
    endloop
  endfacet
  facet normal  0.000000e+000  0.000000e+000 -1.000000e+000
    outer loop
      vertex  4.419313e+001  7.322173e+001  3.600000e+000
      vertex  2.991797e+001  7.324271e+001  3.600000e+000
      vertex  4.414681e+001  7.332907e+001  3.600000e+000
    endloop
  endfacet
  facet normal  -0.000000e+000  0.000000e+000 -1.000000e+000
    outer loop
      vertex  4.414681e+001  7.332907e+001  3.600000e+000
      vertex  2.991797e+001  7.324271e+001  3.600000e+000
      vertex  3.002018e+001  7.342501e+001  3.600000e+000
    endloop
  endfacet
  facet normal  0.000000e+000  0.000000e+000 -1.000000e+000
    outer loop
      vertex  4.414681e+001  7.332907e+001  3.600000e+000
      vertex  3.002018e+001  7.342501e+001  3.600000e+000
      vertex  4.409854e+001  7.343550e+001  3.600000e+000
    endloop
  endfacet
  facet normal  -0.000000e+000  0.000000e+000 -1.000000e+000
    outer loop
      vertex  4.409854e+001  7.343550e+001  3.600000e+000
      vertex  3.002018e+001  7.342501e+001  3.600000e+000
      vertex  3.012880e+001  7.360331e+001  3.600000e+000
    endloop
  endfacet
  facet normal  0.000000e+000  0.000000e+000 -1.000000e+000
    outer loop
      vertex  4.409854e+001  7.343550e+001  3.600000e+000
      vertex  3.012880e+001  7.360331e+001  3.600000e+000
      vertex  4.401147e+001  7.361498e+001  3.600000e+000
    endloop
  endfacet
  facet normal  0.000000e+000  0.000000e+000 -9.999999e-001
    outer loop
      vertex  4.428122e+001  7.300162e+001  3.600000e+000
      vertex  2.982276e+001  7.305666e+001  3.600000e+000
      vertex  4.423813e+001  7.311208e+001  3.600000e+000
    endloop
  endfacet
  facet normal  -0.000000e+000  0.000000e+000 -1.000000e+000
    outer loop
      vertex  4.423813e+001  7.311208e+001  3.600000e+000
      vertex  2.982276e+001  7.305666e+001  3.600000e+000
      vertex  2.991797e+001  7.324271e+001  3.600000e+000
    endloop
  endfacet
  facet normal  0.000000e+000  0.000000e+000 -1.000000e+000
    outer loop
      vertex  4.423813e+001  7.311208e+001  3.600000e+000
      vertex  2.991797e+001  7.324271e+001  3.600000e+000
      vertex  4.419313e+001  7.322173e+001  3.600000e+000
    endloop
  endfacet
  facet normal  0.000000e+000  -0.000000e+000 -1.000000e+000
    outer loop
      vertex  2.958563e+001  7.249900e+001  3.600000e+000
      vertex  2.965738e+001  7.268438e+001  3.600000e+000
      vertex  4.443444e+001  7.255644e+001  3.600000e+000
    endloop
  endfacet
  facet normal  0.000000e+000  0.000000e+000 -1.000000e+000
    outer loop
      vertex  4.443444e+001  7.255644e+001  3.600000e+000
      vertex  2.965738e+001  7.268438e+001  3.600000e+000
      vertex  2.973476e+001  7.286734e+001  3.600000e+000
    endloop
  endfacet
  facet normal  0.000000e+000  0.000000e+000 -9.999999e-001
    outer loop
      vertex  4.443444e+001  7.255644e+001  3.600000e+000
      vertex  2.973476e+001  7.286734e+001  3.600000e+000
      vertex  4.436133e+001  7.278013e+001  3.600000e+000
    endloop
  endfacet
  facet normal  0.000000e+000  0.000000e+000 -1.000000e+000
    outer loop
      vertex  4.436133e+001  7.278013e+001  3.600000e+000
      vertex  2.973476e+001  7.286734e+001  3.600000e+000
      vertex  2.982276e+001  7.305666e+001  3.600000e+000
    endloop
  endfacet
  facet normal  0.000000e+000  0.000000e+000 -1.000000e+000
    outer loop
      vertex  4.436133e+001  7.278013e+001  3.600000e+000
      vertex  2.982276e+001  7.305666e+001  3.600000e+000
      vertex  4.428122e+001  7.300162e+001  3.600000e+000
    endloop
  endfacet
  facet normal  0.000000e+000  0.000000e+000 -1.000000e+000
    outer loop
      vertex  4.451560e+001  7.227850e+001  3.600000e+000
      vertex  2.951893e+001  7.231173e+001  3.600000e+000
      vertex  4.447618e+001  7.241782e+001  3.600000e+000
    endloop
  endfacet
  facet normal  -0.000000e+000  0.000000e+000 -1.000000e+000
    outer loop
      vertex  4.447618e+001  7.241782e+001  3.600000e+000
      vertex  2.951893e+001  7.231173e+001  3.600000e+000
      vertex  2.958563e+001  7.249900e+001  3.600000e+000
    endloop
  endfacet
  facet normal  0.000000e+000  0.000000e+000 -1.000000e+000
    outer loop
      vertex  4.447618e+001  7.241782e+001  3.600000e+000
      vertex  2.958563e+001  7.249900e+001  3.600000e+000
      vertex  4.443444e+001  7.255644e+001  3.600000e+000
    endloop
  endfacet
  facet normal  0.000000e+000  -0.000000e+000 -1.000000e+000
    outer loop
      vertex  2.933103e+001  7.167666e+001  3.600000e+000
      vertex  2.935818e+001  7.178941e+001  3.600000e+000
      vertex  4.465232e+001  7.171582e+001  3.600000e+000
    endloop
  endfacet
  facet normal  0.000000e+000  0.000000e+000 -1.000000e+000
    outer loop
      vertex  4.465232e+001  7.171582e+001  3.600000e+000
      vertex  2.935818e+001  7.178941e+001  3.600000e+000
      vertex  2.938891e+001  7.190124e+001  3.600000e+000
    endloop
  endfacet
  facet normal  0.000000e+000  0.000000e+000 -1.000000e+000
    outer loop
      vertex  4.465232e+001  7.171582e+001  3.600000e+000
      vertex  2.938891e+001  7.190124e+001  3.600000e+000
      vertex  4.462106e+001  7.185719e+001  3.600000e+000
    endloop
  endfacet
  facet normal  0.000000e+000  0.000000e+000 -9.999999e-001
    outer loop
      vertex  4.462106e+001  7.185719e+001  3.600000e+000
      vertex  2.938891e+001  7.190124e+001  3.600000e+000
      vertex  2.942205e+001  7.201237e+001  3.600000e+000
    endloop
  endfacet
  facet normal  0.000000e+000  0.000000e+000 -1.000000e+000
    outer loop
      vertex  4.462106e+001  7.185719e+001  3.600000e+000
      vertex  2.942205e+001  7.201237e+001  3.600000e+000
      vertex  4.458793e+001  7.199812e+001  3.600000e+000
    endloop
  endfacet
  facet normal  0.000000e+000  0.000000e+000 -1.000000e+000
    outer loop
      vertex  4.458793e+001  7.199812e+001  3.600000e+000
      vertex  2.942205e+001  7.201237e+001  3.600000e+000
      vertex  2.945663e+001  7.212305e+001  3.600000e+000
    endloop
  endfacet
  facet normal  0.000000e+000  0.000000e+000 -1.000000e+000
    outer loop
      vertex  4.458793e+001  7.199812e+001  3.600000e+000
      vertex  2.945663e+001  7.212305e+001  3.600000e+000
      vertex  4.455281e+001  7.213857e+001  3.600000e+000
    endloop
  endfacet
  facet normal  -0.000000e+000  0.000000e+000 -9.999999e-001
    outer loop
      vertex  4.455281e+001  7.213857e+001  3.600000e+000
      vertex  2.945663e+001  7.212305e+001  3.600000e+000
      vertex  2.951893e+001  7.231173e+001  3.600000e+000
    endloop
  endfacet
  facet normal  0.000000e+000  0.000000e+000 -1.000000e+000
    outer loop
      vertex  4.455281e+001  7.213857e+001  3.600000e+000
      vertex  2.951893e+001  7.231173e+001  3.600000e+000
      vertex  4.451560e+001  7.227850e+001  3.600000e+000
    endloop
  endfacet
  facet normal  0.000000e+000  0.000000e+000 -1.000000e+000
    outer loop
      vertex  3.114743e+001  7.024355e+001  3.600000e+000
      vertex  3.094110e+001  7.036217e+001  3.600000e+000
      vertex  4.486045e+001  7.025671e+001  3.600000e+000
    endloop
  endfacet
  facet normal  0.000000e+000  0.000000e+000 -1.000000e+000
    outer loop
      vertex  4.486045e+001  7.025671e+001  3.600000e+000
      vertex  3.094110e+001  7.036217e+001  3.600000e+000
      vertex  3.073357e+001  7.047868e+001  3.600000e+000
    endloop
  endfacet
  facet normal  0.000000e+000  0.000000e+000 -1.000000e+000
    outer loop
      vertex  4.486045e+001  7.025671e+001  3.600000e+000
      vertex  3.073357e+001  7.047868e+001  3.600000e+000
      vertex  4.484711e+001  7.045404e+001  3.600000e+000
    endloop
  endfacet
  facet normal  0.000000e+000  0.000000e+000 -1.000000e+000
    outer loop
      vertex  4.484711e+001  7.045404e+001  3.600000e+000
      vertex  3.073357e+001  7.047868e+001  3.600000e+000
      vertex  3.052508e+001  7.059341e+001  3.600000e+000
    endloop
  endfacet
  facet normal  0.000000e+000  0.000000e+000 -1.000000e+000
    outer loop
      vertex  4.484711e+001  7.045404e+001  3.600000e+000
      vertex  3.052508e+001  7.059341e+001  3.600000e+000
      vertex  4.483601e+001  7.057716e+001  3.600000e+000
    endloop
  endfacet
  facet normal  0.000000e+000  0.000000e+000 -1.000000e+000
    outer loop
      vertex  4.483601e+001  7.057716e+001  3.600000e+000
      vertex  3.052508e+001  7.059341e+001  3.600000e+000
      vertex  3.010599e+001  7.081900e+001  3.600000e+000
    endloop
  endfacet
  facet normal  0.000000e+000  0.000000e+000 -1.000000e+000
    outer loop
      vertex  4.483601e+001  7.057716e+001  3.600000e+000
      vertex  3.010599e+001  7.081900e+001  3.600000e+000
      vertex  4.482295e+001  7.070006e+001  3.600000e+000
    endloop
  endfacet
  facet normal  0.000000e+000  0.000000e+000 -1.000000e+000
    outer loop
      vertex  3.178430e+001  6.985368e+001  3.600000e+000
      vertex  3.164029e+001  6.994555e+001  3.600000e+000
      vertex  4.486891e+001  6.986154e+001  3.600000e+000
    endloop
  endfacet
  facet normal  0.000000e+000  0.000000e+000 -9.999999e-001
    outer loop
      vertex  4.486891e+001  6.986154e+001  3.600000e+000
      vertex  3.164029e+001  6.994555e+001  3.600000e+000
      vertex  3.135230e+001  7.012246e+001  3.600000e+000
    endloop
  endfacet
  facet normal  0.000000e+000  0.000000e+000 -9.999999e-001
    outer loop
      vertex  4.486891e+001  6.986154e+001  3.600000e+000
      vertex  3.135230e+001  7.012246e+001  3.600000e+000
      vertex  4.486790e+001  7.005914e+001  3.600000e+000
    endloop
  endfacet
  facet normal  0.000000e+000  0.000000e+000 -1.000000e+000
    outer loop
      vertex  4.486790e+001  7.005914e+001  3.600000e+000
      vertex  3.135230e+001  7.012246e+001  3.600000e+000
      vertex  3.114743e+001  7.024355e+001  3.600000e+000
    endloop
  endfacet
  facet normal  0.000000e+000  0.000000e+000 -1.000000e+000
    outer loop
      vertex  4.486790e+001  7.005914e+001  3.600000e+000
      vertex  3.114743e+001  7.024355e+001  3.600000e+000
      vertex  4.486045e+001  7.025671e+001  3.600000e+000
    endloop
  endfacet
  facet normal  0.000000e+000  0.000000e+000 -9.999999e-001
    outer loop
      vertex  3.211698e+001  6.963113e+001  3.600000e+000
      vertex  3.192780e+001  6.975957e+001  3.600000e+000
      vertex  4.486293e+001  6.966414e+001  3.600000e+000
    endloop
  endfacet
  facet normal  0.000000e+000  0.000000e+000 -1.000000e+000
    outer loop
      vertex  4.486293e+001  6.966414e+001  3.600000e+000
      vertex  3.192780e+001  6.975957e+001  3.600000e+000
      vertex  3.178430e+001  6.985368e+001  3.600000e+000
    endloop
  endfacet
  facet normal  0.000000e+000  0.000000e+000 -1.000000e+000
    outer loop
      vertex  4.486293e+001  6.966414e+001  3.600000e+000
      vertex  3.178430e+001  6.985368e+001  3.600000e+000
      vertex  4.486891e+001  6.986154e+001  3.600000e+000
    endloop
  endfacet
  facet normal  0.000000e+000  0.000000e+000 -9.999999e-001
    outer loop
      vertex  4.484938e+001  6.946721e+001  3.600000e+000
      vertex  3.230213e+001  6.949995e+001  3.600000e+000
      vertex  4.485713e+001  6.956560e+001  3.600000e+000
    endloop
  endfacet
  facet normal  -0.000000e+000  0.000000e+000 -1.000000e+000
    outer loop
      vertex  4.485713e+001  6.956560e+001  3.600000e+000
      vertex  3.230213e+001  6.949995e+001  3.600000e+000
      vertex  3.211698e+001  6.963113e+001  3.600000e+000
    endloop
  endfacet
  facet normal  0.000000e+000  0.000000e+000 -1.000000e+000
    outer loop
      vertex  4.485713e+001  6.956560e+001  3.600000e+000
      vertex  3.211698e+001  6.963113e+001  3.600000e+000
      vertex  4.486293e+001  6.966414e+001  3.600000e+000
    endloop
  endfacet
  facet normal  0.000000e+000  0.000000e+000 -1.000000e+000
    outer loop
      vertex  4.457332e+001  6.827102e+001  3.600000e+000
      vertex  3.371805e+001  6.831822e+001  3.600000e+000
      vertex  4.460913e+001  6.836977e+001  3.600000e+000
    endloop
  endfacet
  facet normal  -0.000000e+000  0.000000e+000 -1.000000e+000
    outer loop
      vertex  4.460913e+001  6.836977e+001  3.600000e+000
      vertex  3.371805e+001  6.831822e+001  3.600000e+000
      vertex  3.345085e+001  6.855950e+001  3.600000e+000
    endloop
  endfacet
  facet normal  0.000000e+000  0.000000e+000 -1.000000e+000
    outer loop
      vertex  4.460913e+001  6.836977e+001  3.600000e+000
      vertex  3.345085e+001  6.855950e+001  3.600000e+000
      vertex  4.465430e+001  6.850445e+001  3.600000e+000
    endloop
  endfacet
  facet normal  0.000000e+000  0.000000e+000 -1.000000e+000
    outer loop
      vertex  4.465430e+001  6.850445e+001  3.600000e+000
      vertex  3.345085e+001  6.855950e+001  3.600000e+000
      vertex  3.331615e+001  6.867899e+001  3.600000e+000
    endloop
  endfacet
  facet normal  0.000000e+000  0.000000e+000 -1.000000e+000
    outer loop
      vertex  4.465430e+001  6.850445e+001  3.600000e+000
      vertex  3.331615e+001  6.867899e+001  3.600000e+000
      vertex  4.469552e+001  6.864035e+001  3.600000e+000
    endloop
  endfacet
  facet normal  0.000000e+000  0.000000e+000 -1.000000e+000
    outer loop
      vertex  4.469552e+001  6.864035e+001  3.600000e+000
      vertex  3.331615e+001  6.867899e+001  3.600000e+000
      vertex  3.311226e+001  6.885621e+001  3.600000e+000
    endloop
  endfacet
  facet normal  0.000000e+000  0.000000e+000 -1.000000e+000
    outer loop
      vertex  4.469552e+001  6.864035e+001  3.600000e+000
      vertex  3.311226e+001  6.885621e+001  3.600000e+000
      vertex  4.473259e+001  6.877743e+001  3.600000e+000
    endloop
  endfacet
  facet normal  0.000000e+000  0.000000e+000 -1.000000e+000
    outer loop
      vertex  4.473259e+001  6.877743e+001  3.600000e+000
      vertex  3.311226e+001  6.885621e+001  3.600000e+000
      vertex  3.290571e+001  6.903032e+001  3.600000e+000
    endloop
  endfacet
  facet normal  0.000000e+000  0.000000e+000 -1.000000e+000
    outer loop
      vertex  4.473259e+001  6.877743e+001  3.600000e+000
      vertex  3.290571e+001  6.903032e+001  3.600000e+000
      vertex  4.477237e+001  6.894841e+001  3.600000e+000
    endloop
  endfacet
  facet normal  0.000000e+000  0.000000e+000 -1.000000e+000
    outer loop
      vertex  4.477237e+001  6.894841e+001  3.600000e+000
      vertex  3.290571e+001  6.903032e+001  3.600000e+000
      vertex  3.269603e+001  6.920055e+001  3.600000e+000
    endloop
  endfacet
  facet normal  0.000000e+000  0.000000e+000 -1.000000e+000
    outer loop
      vertex  4.477237e+001  6.894841e+001  3.600000e+000
      vertex  3.269603e+001  6.920055e+001  3.600000e+000
      vertex  4.480498e+001  6.911994e+001  3.600000e+000
    endloop
  endfacet
  facet normal  0.000000e+000  0.000000e+000 -1.000000e+000
    outer loop
      vertex  4.480498e+001  6.911994e+001  3.600000e+000
      vertex  3.269603e+001  6.920055e+001  3.600000e+000
      vertex  3.248277e+001  6.936613e+001  3.600000e+000
    endloop
  endfacet
  facet normal  0.000000e+000  0.000000e+000 -1.000000e+000
    outer loop
      vertex  4.480498e+001  6.911994e+001  3.600000e+000
      vertex  3.248277e+001  6.936613e+001  3.600000e+000
      vertex  4.483052e+001  6.929266e+001  3.600000e+000
    endloop
  endfacet
  facet normal  0.000000e+000  0.000000e+000 -1.000000e+000
    outer loop
      vertex  4.483052e+001  6.929266e+001  3.600000e+000
      vertex  3.248277e+001  6.936613e+001  3.600000e+000
      vertex  3.230213e+001  6.949995e+001  3.600000e+000
    endloop
  endfacet
  facet normal  0.000000e+000  0.000000e+000 -1.000000e+000
    outer loop
      vertex  4.483052e+001  6.929266e+001  3.600000e+000
      vertex  3.230213e+001  6.949995e+001  3.600000e+000
      vertex  4.484938e+001  6.946721e+001  3.600000e+000
    endloop
  endfacet
  facet normal  0.000000e+000  0.000000e+000 -1.000000e+000
    outer loop
      vertex  4.405668e+001  6.721901e+001  3.600000e+000
      vertex  3.491599e+001  6.723518e+001  3.600000e+000
      vertex  4.416418e+001  6.740291e+001  3.600000e+000
    endloop
  endfacet
  facet normal  -0.000000e+000  0.000000e+000 -9.999999e-001
    outer loop
      vertex  4.416418e+001  6.740291e+001  3.600000e+000
      vertex  3.491599e+001  6.723518e+001  3.600000e+000
      vertex  3.461303e+001  6.750208e+001  3.600000e+000
    endloop
  endfacet
  facet normal  0.000000e+000  0.000000e+000 -1.000000e+000
    outer loop
      vertex  4.416418e+001  6.740291e+001  3.600000e+000
      vertex  3.461303e+001  6.750208e+001  3.600000e+000
      vertex  4.426624e+001  6.758995e+001  3.600000e+000
    endloop
  endfacet
  facet normal  -0.000000e+000  0.000000e+000 -9.999999e-001
    outer loop
      vertex  4.426624e+001  6.758995e+001  3.600000e+000
      vertex  3.461303e+001  6.750208e+001  3.600000e+000
      vertex  3.431347e+001  6.777277e+001  3.600000e+000
    endloop
  endfacet
  facet normal  0.000000e+000  0.000000e+000 -1.000000e+000
    outer loop
      vertex  4.426624e+001  6.758995e+001  3.600000e+000
      vertex  3.431347e+001  6.777277e+001  3.600000e+000
      vertex  4.436235e+001  6.778018e+001  3.600000e+000
    endloop
  endfacet
  facet normal  0.000000e+000  0.000000e+000 -9.999999e-001
    outer loop
      vertex  4.378371e+001  6.679691e+001  3.600000e+000
      vertex  3.551254e+001  6.672416e+001  3.600000e+000
      vertex  4.392328e+001  6.700571e+001  3.600000e+000
    endloop
  endfacet
  facet normal  -0.000000e+000  0.000000e+000 -9.999999e-001
    outer loop
      vertex  4.392328e+001  6.700571e+001  3.600000e+000
      vertex  3.551254e+001  6.672416e+001  3.600000e+000
      vertex  3.511403e+001  6.706392e+001  3.600000e+000
    endloop
  endfacet
  facet normal  0.000000e+000  0.000000e+000 -1.000000e+000
    outer loop
      vertex  4.392328e+001  6.700571e+001  3.600000e+000
      vertex  3.511403e+001  6.706392e+001  3.600000e+000
      vertex  4.399080e+001  6.711181e+001  3.600000e+000
    endloop
  endfacet
  facet normal  -0.000000e+000  0.000000e+000 -1.000000e+000
    outer loop
      vertex  4.399080e+001  6.711181e+001  3.600000e+000
      vertex  3.511403e+001  6.706392e+001  3.600000e+000
      vertex  3.491599e+001  6.723518e+001  3.600000e+000
    endloop
  endfacet
  facet normal  0.000000e+000  0.000000e+000 -1.000000e+000
    outer loop
      vertex  4.399080e+001  6.711181e+001  3.600000e+000
      vertex  3.491599e+001  6.723518e+001  3.600000e+000
      vertex  4.405668e+001  6.721901e+001  3.600000e+000
    endloop
  endfacet
  facet normal  0.000000e+000  0.000000e+000 -1.000000e+000
    outer loop
      vertex  4.378371e+001  6.679691e+001  3.600000e+000
      vertex  4.363844e+001  6.659266e+001  3.600000e+000
      vertex  3.551254e+001  6.672416e+001  3.600000e+000
    endloop
  endfacet
  facet normal  0.000000e+000  0.000000e+000 -1.000000e+000
    outer loop
      vertex  3.551254e+001  6.672416e+001  3.600000e+000
      vertex  4.363844e+001  6.659266e+001  3.600000e+000
      vertex  3.612461e+001  6.620580e+001  3.600000e+000
    endloop
  endfacet
  facet normal  -0.000000e+000  0.000000e+000 -1.000000e+000
    outer loop
      vertex  4.363844e+001  6.659266e+001  3.600000e+000
      vertex  4.348771e+001  6.639281e+001  3.600000e+000
      vertex  3.612461e+001  6.620580e+001  3.600000e+000
    endloop
  endfacet
  facet normal  0.000000e+000  0.000000e+000 -1.000000e+000
    outer loop
      vertex  3.612461e+001  6.620580e+001  3.600000e+000
      vertex  4.348771e+001  6.639281e+001  3.600000e+000
      vertex  4.333158e+001  6.619718e+001  3.600000e+000
    endloop
  endfacet
  facet normal  0.000000e+000  0.000000e+000 -1.000000e+000
    outer loop
      vertex  4.300313e+001  6.581792e+001  3.600000e+000
      vertex  3.653028e+001  6.585741e+001  3.600000e+000
      vertex  4.317004e+001  6.600556e+001  3.600000e+000
    endloop
  endfacet
  facet normal  -0.000000e+000  0.000000e+000 -1.000000e+000
    outer loop
      vertex  4.317004e+001  6.600556e+001  3.600000e+000
      vertex  3.653028e+001  6.585741e+001  3.600000e+000
      vertex  3.612461e+001  6.620580e+001  3.600000e+000
    endloop
  endfacet
  facet normal  0.000000e+000  0.000000e+000 -1.000000e+000
    outer loop
      vertex  4.317004e+001  6.600556e+001  3.600000e+000
      vertex  3.612461e+001  6.620580e+001  3.600000e+000
      vertex  4.333158e+001  6.619718e+001  3.600000e+000
    endloop
  endfacet
  facet normal  0.000000e+000  0.000000e+000 -1.000000e+000
    outer loop
      vertex  3.673142e+001  6.568129e+001  3.600000e+000
      vertex  3.653028e+001  6.585741e+001  3.600000e+000
      vertex  4.283104e+001  6.563441e+001  3.600000e+000
    endloop
  endfacet
  facet normal  0.000000e+000  0.000000e+000 -1.000000e+000
    outer loop
      vertex  4.283104e+001  6.563441e+001  3.600000e+000
      vertex  3.653028e+001  6.585741e+001  3.600000e+000
      vertex  4.300313e+001  6.581792e+001  3.600000e+000
    endloop
  endfacet
  facet normal  0.000000e+000  0.000000e+000 -1.000000e+000
    outer loop
      vertex  4.228925e+001  6.511491e+001  3.600000e+000
      vertex  3.731166e+001  6.515189e+001  3.600000e+000
      vertex  4.240091e+001  6.521529e+001  3.600000e+000
    endloop
  endfacet
  facet normal  -0.000000e+000  0.000000e+000 -1.000000e+000
    outer loop
      vertex  4.240091e+001  6.521529e+001  3.600000e+000
      vertex  3.731166e+001  6.515189e+001  3.600000e+000
      vertex  3.716846e+001  6.528625e+001  3.600000e+000
    endloop
  endfacet
  facet normal  0.000000e+000  0.000000e+000 -1.000000e+000
    outer loop
      vertex  4.240091e+001  6.521529e+001  3.600000e+000
      vertex  3.716846e+001  6.528625e+001  3.600000e+000
      vertex  4.251046e+001  6.531700e+001  3.600000e+000
    endloop
  endfacet
  facet normal  0.000000e+000  0.000000e+000 -1.000000e+000
    outer loop
      vertex  4.194573e+001  6.482355e+001  3.600000e+000
      vertex  3.763665e+001  6.483461e+001  3.600000e+000
      vertex  4.206150e+001  6.491916e+001  3.600000e+000
    endloop
  endfacet
  facet normal  -0.000000e+000  0.000000e+000 -1.000000e+000
    outer loop
      vertex  4.206150e+001  6.491916e+001  3.600000e+000
      vertex  3.763665e+001  6.483461e+001  3.600000e+000
      vertex  3.747538e+001  6.499451e+001  3.600000e+000
    endloop
  endfacet
  facet normal  0.000000e+000  0.000000e+000 -1.000000e+000
    outer loop
      vertex  4.206150e+001  6.491916e+001  3.600000e+000
      vertex  3.747538e+001  6.499451e+001  3.600000e+000
      vertex  4.217606e+001  6.501624e+001  3.600000e+000
    endloop
  endfacet
  facet normal  -0.000000e+000  0.000000e+000 -9.999999e-001
    outer loop
      vertex  4.217606e+001  6.501624e+001  3.600000e+000
      vertex  3.747538e+001  6.499451e+001  3.600000e+000
      vertex  3.731166e+001  6.515189e+001  3.600000e+000
    endloop
  endfacet
  facet normal  0.000000e+000  0.000000e+000 -9.999999e-001
    outer loop
      vertex  4.217606e+001  6.501624e+001  3.600000e+000
      vertex  3.731166e+001  6.515189e+001  3.600000e+000
      vertex  4.228925e+001  6.511491e+001  3.600000e+000
    endloop
  endfacet
  facet normal  0.000000e+000  0.000000e+000 -1.000000e+000
    outer loop
      vertex  3.846753e+001  6.382640e+001  3.600000e+000
      vertex  3.840815e+001  6.391510e+001  3.600000e+000
      vertex  4.054069e+001  6.374421e+001  3.600000e+000
    endloop
  endfacet
  facet normal  0.000000e+000  0.000000e+000 -9.999999e-001
    outer loop
      vertex  4.054069e+001  6.374421e+001  3.600000e+000
      vertex  3.840815e+001  6.391510e+001  3.600000e+000
      vertex  3.828437e+001  6.408923e+001  3.600000e+000
    endloop
  endfacet
  facet normal  0.000000e+000  0.000000e+000 -1.000000e+000
    outer loop
      vertex  4.054069e+001  6.374421e+001  3.600000e+000
      vertex  3.828437e+001  6.408923e+001  3.600000e+000
      vertex  4.089301e+001  6.401316e+001  3.600000e+000
    endloop
  endfacet
  facet normal  0.000000e+000  0.000000e+000 -1.000000e+000
    outer loop
      vertex  4.089301e+001  6.401316e+001  3.600000e+000
      vertex  3.828437e+001  6.408923e+001  3.600000e+000
      vertex  3.822002e+001  6.417459e+001  3.600000e+000
    endloop
  endfacet
  facet normal  0.000000e+000  0.000000e+000 -1.000000e+000
    outer loop
      vertex  4.089301e+001  6.401316e+001  3.600000e+000
      vertex  3.822002e+001  6.417459e+001  3.600000e+000
      vertex  4.115818e+001  6.421320e+001  3.600000e+000
    endloop
  endfacet
  facet normal  -0.000000e+000  0.000000e+000 -1.000000e+000
    outer loop
      vertex  4.115818e+001  6.421320e+001  3.600000e+000
      vertex  3.822002e+001  6.417459e+001  3.600000e+000
      vertex  3.808671e+001  6.434166e+001  3.600000e+000
    endloop
  endfacet
  facet normal  0.000000e+000  0.000000e+000 -1.000000e+000
    outer loop
      vertex  4.115818e+001  6.421320e+001  3.600000e+000
      vertex  3.808671e+001  6.434166e+001  3.600000e+000
      vertex  4.142304e+001  6.441366e+001  3.600000e+000
    endloop
  endfacet
  facet normal  -0.000000e+000  0.000000e+000 -1.000000e+000
    outer loop
      vertex  4.142304e+001  6.441366e+001  3.600000e+000
      vertex  3.808671e+001  6.434166e+001  3.600000e+000
      vertex  3.794779e+001  6.450379e+001  3.600000e+000
    endloop
  endfacet
  facet normal  0.000000e+000  0.000000e+000 -1.000000e+000
    outer loop
      vertex  4.142304e+001  6.441366e+001  3.600000e+000
      vertex  3.794779e+001  6.450379e+001  3.600000e+000
      vertex  4.159872e+001  6.454846e+001  3.600000e+000
    endloop
  endfacet
  facet normal  -0.000000e+000  0.000000e+000 -1.000000e+000
    outer loop
      vertex  4.159872e+001  6.454846e+001  3.600000e+000
      vertex  3.794779e+001  6.450379e+001  3.600000e+000
      vertex  3.779453e+001  6.467136e+001  3.600000e+000
    endloop
  endfacet
  facet normal  0.000000e+000  0.000000e+000 -1.000000e+000
    outer loop
      vertex  4.159872e+001  6.454846e+001  3.600000e+000
      vertex  3.779453e+001  6.467136e+001  3.600000e+000
      vertex  4.177312e+001  6.468489e+001  3.600000e+000
    endloop
  endfacet
  facet normal  -0.000000e+000  0.000000e+000 -1.000000e+000
    outer loop
      vertex  4.177312e+001  6.468489e+001  3.600000e+000
      vertex  3.779453e+001  6.467136e+001  3.600000e+000
      vertex  3.763665e+001  6.483461e+001  3.600000e+000
    endloop
  endfacet
  facet normal  0.000000e+000  0.000000e+000 -1.000000e+000
    outer loop
      vertex  4.177312e+001  6.468489e+001  3.600000e+000
      vertex  3.763665e+001  6.483461e+001  3.600000e+000
      vertex  4.194573e+001  6.482355e+001  3.600000e+000
    endloop
  endfacet
  facet normal  0.000000e+000  0.000000e+000 -1.000000e+000
    outer loop
      vertex  3.893697e+001  6.308951e+001  3.600000e+000
      vertex  3.888806e+001  6.315483e+001  3.600000e+000
      vertex  3.971557e+001  6.309860e+001  3.600000e+000
    endloop
  endfacet
  facet normal  0.000000e+000  0.000000e+000 -1.000000e+000
    outer loop
      vertex  3.971557e+001  6.309860e+001  3.600000e+000
      vertex  3.888806e+001  6.315483e+001  3.600000e+000
      vertex  3.885037e+001  6.320905e+001  3.600000e+000
    endloop
  endfacet
  facet normal  0.000000e+000  0.000000e+000 -1.000000e+000
    outer loop
      vertex  3.971557e+001  6.309860e+001  3.600000e+000
      vertex  3.885037e+001  6.320905e+001  3.600000e+000
      vertex  3.983717e+001  6.318832e+001  3.600000e+000
    endloop
  endfacet
  facet normal  0.000000e+000  0.000000e+000 -1.000000e+000
    outer loop
      vertex  3.983717e+001  6.318832e+001  3.600000e+000
      vertex  3.885037e+001  6.320905e+001  3.600000e+000
      vertex  3.877849e+001  6.331988e+001  3.600000e+000
    endloop
  endfacet
  facet normal  0.000000e+000  0.000000e+000 -1.000000e+000
    outer loop
      vertex  3.983717e+001  6.318832e+001  3.600000e+000
      vertex  3.877849e+001  6.331988e+001  3.600000e+000
      vertex  3.995627e+001  6.328135e+001  3.600000e+000
    endloop
  endfacet
  facet normal  0.000000e+000  0.000000e+000 -1.000000e+000
    outer loop
      vertex  3.995627e+001  6.328135e+001  3.600000e+000
      vertex  3.877849e+001  6.331988e+001  3.600000e+000
      vertex  3.867551e+001  6.348917e+001  3.600000e+000
    endloop
  endfacet
  facet normal  0.000000e+000  0.000000e+000 -1.000000e+000
    outer loop
      vertex  3.995627e+001  6.328135e+001  3.600000e+000
      vertex  3.867551e+001  6.348917e+001  3.600000e+000
      vertex  4.019197e+001  6.347055e+001  3.600000e+000
    endloop
  endfacet
  facet normal  0.000000e+000  0.000000e+000 -1.000000e+000
    outer loop
      vertex  4.019197e+001  6.347055e+001  3.600000e+000
      vertex  3.867551e+001  6.348917e+001  3.600000e+000
      vertex  3.857344e+001  6.365897e+001  3.600000e+000
    endloop
  endfacet
  facet normal  0.000000e+000  0.000000e+000 -1.000000e+000
    outer loop
      vertex  4.019197e+001  6.347055e+001  3.600000e+000
      vertex  3.857344e+001  6.365897e+001  3.600000e+000
      vertex  4.036577e+001  6.360809e+001  3.600000e+000
    endloop
  endfacet
  facet normal  0.000000e+000  0.000000e+000 -1.000000e+000
    outer loop
      vertex  4.036577e+001  6.360809e+001  3.600000e+000
      vertex  3.857344e+001  6.365897e+001  3.600000e+000
      vertex  3.846753e+001  6.382640e+001  3.600000e+000
    endloop
  endfacet
  facet normal  0.000000e+000  0.000000e+000 -1.000000e+000
    outer loop
      vertex  4.036577e+001  6.360809e+001  3.600000e+000
      vertex  3.846753e+001  6.382640e+001  3.600000e+000
      vertex  4.054069e+001  6.374421e+001  3.600000e+000
    endloop
  endfacet
  facet normal  0.000000e+000  0.000000e+000 -1.000000e+000
    outer loop
      vertex  3.945210e+001  6.293852e+001  3.600000e+000
      vertex  3.904664e+001  6.296867e+001  3.600000e+000
      vertex  3.949812e+001  6.296172e+001  3.600000e+000
    endloop
  endfacet
  facet normal  0.000000e+000  0.000000e+000 -9.999999e-001
    outer loop
      vertex  3.949812e+001  6.296172e+001  3.600000e+000
      vertex  3.904664e+001  6.296867e+001  3.600000e+000
      vertex  3.901736e+001  6.299704e+001  3.600000e+000
    endloop
  endfacet
  facet normal  0.000000e+000  0.000000e+000 -1.000000e+000
    outer loop
      vertex  3.949812e+001  6.296172e+001  3.600000e+000
      vertex  3.901736e+001  6.299704e+001  3.600000e+000
      vertex  3.954308e+001  6.298668e+001  3.600000e+000
    endloop
  endfacet
  facet normal  0.000000e+000  0.000000e+000 -1.000000e+000
    outer loop
      vertex  3.954308e+001  6.298668e+001  3.600000e+000
      vertex  3.901736e+001  6.299704e+001  3.600000e+000
      vertex  3.898935e+001  6.302695e+001  3.600000e+000
    endloop
  endfacet
  facet normal  0.000000e+000  0.000000e+000 -1.000000e+000
    outer loop
      vertex  3.954308e+001  6.298668e+001  3.600000e+000
      vertex  3.898935e+001  6.302695e+001  3.600000e+000
      vertex  3.963058e+001  6.304068e+001  3.600000e+000
    endloop
  endfacet
  facet normal  -0.000000e+000  0.000000e+000 -9.999999e-001
    outer loop
      vertex  3.963058e+001  6.304068e+001  3.600000e+000
      vertex  3.898935e+001  6.302695e+001  3.600000e+000
      vertex  3.893697e+001  6.308951e+001  3.600000e+000
    endloop
  endfacet
  facet normal  0.000000e+000  0.000000e+000 -1.000000e+000
    outer loop
      vertex  3.963058e+001  6.304068e+001  3.600000e+000
      vertex  3.893697e+001  6.308951e+001  3.600000e+000
      vertex  3.971557e+001  6.309860e+001  3.600000e+000
    endloop
  endfacet
  facet normal  0.000000e+000  0.000000e+000 -1.000000e+000
    outer loop
      vertex  3.904664e+001  6.296867e+001  3.600000e+000
      vertex  3.945210e+001  6.293852e+001  3.600000e+000
      vertex  3.907763e+001  6.294218e+001  3.600000e+000
    endloop
  endfacet
  facet normal  0.000000e+000  0.000000e+000 -1.000000e+000
    outer loop
      vertex  3.907763e+001  6.294218e+001  3.600000e+000
      vertex  3.945210e+001  6.293852e+001  3.600000e+000
      vertex  3.940501e+001  6.291763e+001  3.600000e+000
    endloop
  endfacet
  facet normal  0.000000e+000  0.000000e+000 -1.000000e+000
    outer loop
      vertex  3.907763e+001  6.294218e+001  3.600000e+000
      vertex  3.940501e+001  6.291763e+001  3.600000e+000
      vertex  3.911081e+001  6.291821e+001  3.600000e+000
    endloop
  endfacet
  facet normal  0.000000e+000  0.000000e+000 -1.000000e+000
    outer loop
      vertex  3.911081e+001  6.291821e+001  3.600000e+000
      vertex  3.940501e+001  6.291763e+001  3.600000e+000
      vertex  3.935679e+001  6.289983e+001  3.600000e+000
    endloop
  endfacet
  facet normal  0.000000e+000  0.000000e+000 -1.000000e+000
    outer loop
      vertex  3.911081e+001  6.291821e+001  3.600000e+000
      vertex  3.935679e+001  6.289983e+001  3.600000e+000
      vertex  3.913765e+001  6.290245e+001  3.600000e+000
    endloop
  endfacet
  facet normal  0.000000e+000  0.000000e+000 -1.000000e+000
    outer loop
      vertex  3.913765e+001  6.290245e+001  3.600000e+000
      vertex  3.935679e+001  6.289983e+001  3.600000e+000
      vertex  3.932787e+001  6.289123e+001  3.600000e+000
    endloop
  endfacet
  facet normal  -0.000000e+000  0.000000e+000 -1.000000e+000
    outer loop
      vertex  3.913765e+001  6.290245e+001  3.600000e+000
      vertex  3.932787e+001  6.289123e+001  3.600000e+000
      vertex  3.916603e+001  6.288978e+001  3.600000e+000
    endloop
  endfacet
  facet normal  0.000000e+000  0.000000e+000 -1.000000e+000
    outer loop
      vertex  3.916603e+001  6.288978e+001  3.600000e+000
      vertex  3.932787e+001  6.289123e+001  3.600000e+000
      vertex  3.929838e+001  6.288435e+001  3.600000e+000
    endloop
  endfacet
  facet normal  -0.000000e+000  0.000000e+000 -1.000000e+000
    outer loop
      vertex  3.916603e+001  6.288978e+001  3.600000e+000
      vertex  3.929838e+001  6.288435e+001  3.600000e+000
      vertex  3.920164e+001  6.288037e+001  3.600000e+000
    endloop
  endfacet
  facet normal  0.000000e+000  0.000000e+000 -1.000000e+000
    outer loop
      vertex  3.920164e+001  6.288037e+001  3.600000e+000
      vertex  3.929838e+001  6.288435e+001  3.600000e+000
      vertex  3.926847e+001  6.287964e+001  3.600000e+000
    endloop
  endfacet
  facet normal  -0.000000e+000  0.000000e+000 -1.000000e+000
    outer loop
      vertex  3.920164e+001  6.288037e+001  3.600000e+000
      vertex  3.926847e+001  6.287964e+001  3.600000e+000
      vertex  3.923841e+001  6.287775e+001  3.600000e+000
    endloop
  endfacet
  facet normal  0.000000e+000  0.000000e+000  1.000000e+000
    outer loop
      vertex  3.617216e+001  7.715768e+001  4.400000e+000
      vertex  3.602165e+001  7.715079e+001  4.400000e+000
      vertex  3.788751e+001  7.715344e+001  4.400000e+000
    endloop
  endfacet
  facet normal  0.000000e+000  -0.000000e+000  9.999999e-001
    outer loop
      vertex  3.431347e+001  6.777277e+001  4.400000e+000
      vertex  4.436235e+001  6.778018e+001  4.400000e+000
      vertex  4.445194e+001  6.797361e+001  4.400000e+000
    endloop
  endfacet
  facet normal  0.000000e+000  0.000000e+000  9.999999e-001
    outer loop
      vertex  4.470975e+001  7.143202e+001  4.400000e+000
      vertex  4.465232e+001  7.171582e+001  4.400000e+000
      vertex  2.933103e+001  7.167666e+001  4.400000e+000
    endloop
  endfacet
  facet normal  0.000000e+000  0.000000e+000  1.000000e+000
    outer loop
      vertex  4.470975e+001  7.143202e+001  4.400000e+000
      vertex  2.933103e+001  7.167666e+001  4.400000e+000
      vertex  2.931370e+001  7.158987e+001  4.400000e+000
    endloop
  endfacet
  facet normal  0.000000e+000  0.000000e+000  1.000000e+000
    outer loop
      vertex  4.470975e+001  7.143202e+001  4.400000e+000
      vertex  2.931370e+001  7.158987e+001  4.400000e+000
      vertex  2.930040e+001  7.150240e+001  4.400000e+000
    endloop
  endfacet
  facet normal  0.000000e+000  0.000000e+000  1.000000e+000
    outer loop
      vertex  4.470975e+001  7.143202e+001  4.400000e+000
      vertex  2.930040e+001  7.150240e+001  4.400000e+000
      vertex  2.929574e+001  7.145839e+001  4.400000e+000
    endloop
  endfacet
  facet normal  0.000000e+000  0.000000e+000  1.000000e+000
    outer loop
      vertex  4.470975e+001  7.143202e+001  4.400000e+000
      vertex  2.929574e+001  7.145839e+001  4.400000e+000
      vertex  2.929274e+001  7.141416e+001  4.400000e+000
    endloop
  endfacet
  facet normal  -0.000000e+000  0.000000e+000  1.000000e+000
    outer loop
      vertex  4.470975e+001  7.143202e+001  4.400000e+000
      vertex  2.929274e+001  7.141416e+001  4.400000e+000
      vertex  4.475337e+001  7.118912e+001  4.400000e+000
    endloop
  endfacet
  facet normal  0.000000e+000  0.000000e+000  9.999999e-001
    outer loop
      vertex  4.475337e+001  7.118912e+001  4.400000e+000
      vertex  2.929274e+001  7.141416e+001  4.400000e+000
      vertex  2.929179e+001  7.136986e+001  4.400000e+000
    endloop
  endfacet
  facet normal  0.000000e+000  0.000000e+000  1.000000e+000
    outer loop
      vertex  4.475337e+001  7.118912e+001  4.400000e+000
      vertex  2.929179e+001  7.136986e+001  4.400000e+000
      vertex  2.929339e+001  7.132565e+001  4.400000e+000
    endloop
  endfacet
  facet normal  0.000000e+000  0.000000e+000  1.000000e+000
    outer loop
      vertex  4.475337e+001  7.118912e+001  4.400000e+000
      vertex  2.929339e+001  7.132565e+001  4.400000e+000
      vertex  2.929622e+001  7.129661e+001  4.400000e+000
    endloop
  endfacet
  facet normal  0.000000e+000  0.000000e+000  1.000000e+000
    outer loop
      vertex  4.475337e+001  7.118912e+001  4.400000e+000
      vertex  2.929622e+001  7.129661e+001  4.400000e+000
      vertex  2.930081e+001  7.126766e+001  4.400000e+000
    endloop
  endfacet
  facet normal  0.000000e+000  0.000000e+000  1.000000e+000
    outer loop
      vertex  4.475337e+001  7.118912e+001  4.400000e+000
      vertex  2.930081e+001  7.126766e+001  4.400000e+000
      vertex  2.930756e+001  7.123915e+001  4.400000e+000
    endloop
  endfacet
  facet normal  0.000000e+000  0.000000e+000  1.000000e+000
    outer loop
      vertex  4.475337e+001  7.118912e+001  4.400000e+000
      vertex  2.930756e+001  7.123915e+001  4.400000e+000
      vertex  2.931704e+001  7.121162e+001  4.400000e+000
    endloop
  endfacet
  facet normal  0.000000e+000  0.000000e+000  9.999999e-001
    outer loop
      vertex  4.475337e+001  7.118912e+001  4.400000e+000
      vertex  2.931704e+001  7.121162e+001  4.400000e+000
      vertex  2.932786e+001  7.118942e+001  4.400000e+000
    endloop
  endfacet
  facet normal  0.000000e+000  0.000000e+000  1.000000e+000
    outer loop
      vertex  4.475337e+001  7.118912e+001  4.400000e+000
      vertex  2.932786e+001  7.118942e+001  4.400000e+000
      vertex  2.934182e+001  7.116912e+001  4.400000e+000
    endloop
  endfacet
  facet normal  -0.000000e+000  0.000000e+000  1.000000e+000
    outer loop
      vertex  4.475337e+001  7.118912e+001  4.400000e+000
      vertex  2.934182e+001  7.116912e+001  4.400000e+000
      vertex  4.479139e+001  7.094514e+001  4.400000e+000
    endloop
  endfacet
  facet normal  0.000000e+000  0.000000e+000  1.000000e+000
    outer loop
      vertex  4.479139e+001  7.094514e+001  4.400000e+000
      vertex  2.934182e+001  7.116912e+001  4.400000e+000
      vertex  2.936397e+001  7.114796e+001  4.400000e+000
    endloop
  endfacet
  facet normal  0.000000e+000  0.000000e+000  1.000000e+000
    outer loop
      vertex  4.479139e+001  7.094514e+001  4.400000e+000
      vertex  2.936397e+001  7.114796e+001  4.400000e+000
      vertex  2.938995e+001  7.113155e+001  4.400000e+000
    endloop
  endfacet
  facet normal  0.000000e+000  0.000000e+000  9.999999e-001
    outer loop
      vertex  4.479139e+001  7.094514e+001  4.400000e+000
      vertex  2.938995e+001  7.113155e+001  4.400000e+000
      vertex  2.942493e+001  7.111498e+001  4.400000e+000
    endloop
  endfacet
  facet normal  0.000000e+000  0.000000e+000  1.000000e+000
    outer loop
      vertex  4.479139e+001  7.094514e+001  4.400000e+000
      vertex  2.942493e+001  7.111498e+001  4.400000e+000
      vertex  2.946115e+001  7.110123e+001  4.400000e+000
    endloop
  endfacet
  facet normal  0.000000e+000  0.000000e+000  9.999999e-001
    outer loop
      vertex  4.479139e+001  7.094514e+001  4.400000e+000
      vertex  2.946115e+001  7.110123e+001  4.400000e+000
      vertex  2.953523e+001  7.107870e+001  4.400000e+000
    endloop
  endfacet
  facet normal  0.000000e+000  0.000000e+000  1.000000e+000
    outer loop
      vertex  4.479139e+001  7.094514e+001  4.400000e+000
      vertex  2.953523e+001  7.107870e+001  4.400000e+000
      vertex  2.961019e+001  7.105970e+001  4.400000e+000
    endloop
  endfacet
  facet normal  0.000000e+000  0.000000e+000  1.000000e+000
    outer loop
      vertex  4.479139e+001  7.094514e+001  4.400000e+000
      vertex  2.961019e+001  7.105970e+001  4.400000e+000
      vertex  2.968546e+001  7.104189e+001  4.400000e+000
    endloop
  endfacet
  facet normal  0.000000e+000  0.000000e+000  1.000000e+000
    outer loop
      vertex  4.479139e+001  7.094514e+001  4.400000e+000
      vertex  2.968546e+001  7.104189e+001  4.400000e+000
      vertex  3.010599e+001  7.081900e+001  4.400000e+000
    endloop
  endfacet
  facet normal  -0.000000e+000  0.000000e+000  1.000000e+000
    outer loop
      vertex  4.479139e+001  7.094514e+001  4.400000e+000
      vertex  3.010599e+001  7.081900e+001  4.400000e+000
      vertex  4.482295e+001  7.070006e+001  4.400000e+000
    endloop
  endfacet
  facet normal  0.000000e+000  -0.000000e+000  1.000000e+000
    outer loop
      vertex  3.401580e+001  6.804555e+001  4.400000e+000
      vertex  3.431347e+001  6.777277e+001  4.400000e+000
      vertex  4.445194e+001  6.797361e+001  4.400000e+000
    endloop
  endfacet
  facet normal  0.000000e+000  -0.000000e+000  1.000000e+000
    outer loop
      vertex  3.401580e+001  6.804555e+001  4.400000e+000
      vertex  4.445194e+001  6.797361e+001  4.400000e+000
      vertex  4.449469e+001  6.807290e+001  4.400000e+000
    endloop
  endfacet
  facet normal  0.000000e+000  -0.000000e+000  1.000000e+000
    outer loop
      vertex  3.401580e+001  6.804555e+001  4.400000e+000
      vertex  4.449469e+001  6.807290e+001  4.400000e+000
      vertex  4.453553e+001  6.817297e+001  4.400000e+000
    endloop
  endfacet
  facet normal  0.000000e+000  -0.000000e+000  1.000000e+000
    outer loop
      vertex  3.401580e+001  6.804555e+001  4.400000e+000
      vertex  4.453553e+001  6.817297e+001  4.400000e+000
      vertex  4.457332e+001  6.827102e+001  4.400000e+000
    endloop
  endfacet
  facet normal  0.000000e+000  0.000000e+000  1.000000e+000
    outer loop
      vertex  3.401580e+001  6.804555e+001  4.400000e+000
      vertex  4.457332e+001  6.827102e+001  4.400000e+000
      vertex  3.371805e+001  6.831822e+001  4.400000e+000
    endloop
  endfacet
  facet normal  0.000000e+000  -0.000000e+000  1.000000e+000
    outer loop
      vertex  3.702391e+001  6.541916e+001  4.400000e+000
      vertex  3.716846e+001  6.528625e+001  4.400000e+000
      vertex  4.251046e+001  6.531700e+001  4.400000e+000
    endloop
  endfacet
  facet normal  0.000000e+000  -0.000000e+000  1.000000e+000
    outer loop
      vertex  3.702391e+001  6.541916e+001  4.400000e+000
      vertex  4.251046e+001  6.531700e+001  4.400000e+000
      vertex  4.261931e+001  6.542142e+001  4.400000e+000
    endloop
  endfacet
  facet normal  0.000000e+000  -0.000000e+000  1.000000e+000
    outer loop
      vertex  3.702391e+001  6.541916e+001  4.400000e+000
      vertex  4.261931e+001  6.542142e+001  4.400000e+000
      vertex  4.272649e+001  6.552756e+001  4.400000e+000
    endloop
  endfacet
  facet normal  0.000000e+000  -0.000000e+000  1.000000e+000
    outer loop
      vertex  3.702391e+001  6.541916e+001  4.400000e+000
      vertex  4.272649e+001  6.552756e+001  4.400000e+000
      vertex  4.283104e+001  6.563441e+001  4.400000e+000
    endloop
  endfacet
  facet normal  0.000000e+000  0.000000e+000  1.000000e+000
    outer loop
      vertex  3.702391e+001  6.541916e+001  4.400000e+000
      vertex  4.283104e+001  6.563441e+001  4.400000e+000
      vertex  3.673142e+001  6.568129e+001  4.400000e+000
    endloop
  endfacet
  facet normal  0.000000e+000  0.000000e+000  9.999999e-001
    outer loop
      vertex  3.617216e+001  7.715768e+001  4.400000e+000
      vertex  3.788751e+001  7.715344e+001  4.400000e+000
      vertex  3.632272e+001  7.716293e+001  4.400000e+000
    endloop
  endfacet
  facet normal  -0.000000e+000  0.000000e+000  1.000000e+000
    outer loop
      vertex  3.632272e+001  7.716293e+001  4.400000e+000
      vertex  3.788751e+001  7.715344e+001  4.400000e+000
      vertex  3.764704e+001  7.716488e+001  4.400000e+000
    endloop
  endfacet
  facet normal  0.000000e+000  0.000000e+000  1.000000e+000
    outer loop
      vertex  3.632272e+001  7.716293e+001  4.400000e+000
      vertex  3.764704e+001  7.716488e+001  4.400000e+000
      vertex  3.662393e+001  7.717014e+001  4.400000e+000
    endloop
  endfacet
  facet normal  -0.000000e+000  0.000000e+000  1.000000e+000
    outer loop
      vertex  3.662393e+001  7.717014e+001  4.400000e+000
      vertex  3.764704e+001  7.716488e+001  4.400000e+000
      vertex  3.746655e+001  7.717039e+001  4.400000e+000
    endloop
  endfacet
  facet normal  0.000000e+000  0.000000e+000  1.000000e+000
    outer loop
      vertex  3.662393e+001  7.717014e+001  4.400000e+000
      vertex  3.746655e+001  7.717039e+001  4.400000e+000
      vertex  3.692519e+001  7.717422e+001  4.400000e+000
    endloop
  endfacet
  facet normal  0.000000e+000  0.000000e+000  1.000000e+000
    outer loop
      vertex  3.692519e+001  7.717422e+001  4.400000e+000
      vertex  3.746655e+001  7.717039e+001  4.400000e+000
      vertex  3.728605e+001  7.717361e+001  4.400000e+000
    endloop
  endfacet
  facet normal  0.000000e+000  0.000000e+000  1.000000e+000
    outer loop
      vertex  3.692519e+001  7.717422e+001  4.400000e+000
      vertex  3.728605e+001  7.717361e+001  4.400000e+000
      vertex  3.710559e+001  7.717479e+001  4.400000e+000
    endloop
  endfacet
  facet normal  -0.000000e+000  0.000000e+000  1.000000e+000
    outer loop
      vertex  3.788751e+001  7.715344e+001  4.400000e+000
      vertex  3.602165e+001  7.715079e+001  4.400000e+000
      vertex  3.812758e+001  7.713670e+001  4.400000e+000
    endloop
  endfacet
  facet normal  0.000000e+000  0.000000e+000  1.000000e+000
    outer loop
      vertex  3.812758e+001  7.713670e+001  4.400000e+000
      vertex  3.602165e+001  7.715079e+001  4.400000e+000
      vertex  3.587125e+001  7.714182e+001  4.400000e+000
    endloop
  endfacet
  facet normal  0.000000e+000  0.000000e+000  1.000000e+000
    outer loop
      vertex  3.812758e+001  7.713670e+001  4.400000e+000
      vertex  3.587125e+001  7.714182e+001  4.400000e+000
      vertex  3.836704e+001  7.711395e+001  4.400000e+000
    endloop
  endfacet
  facet normal  0.000000e+000  0.000000e+000  1.000000e+000
    outer loop
      vertex  3.836704e+001  7.711395e+001  4.400000e+000
      vertex  3.587125e+001  7.714182e+001  4.400000e+000
      vertex  3.572104e+001  7.713032e+001  4.400000e+000
    endloop
  endfacet
  facet normal  0.000000e+000  0.000000e+000  9.999999e-001
    outer loop
      vertex  3.836704e+001  7.711395e+001  4.400000e+000
      vertex  3.572104e+001  7.713032e+001  4.400000e+000
      vertex  3.560806e+001  7.711973e+001  4.400000e+000
    endloop
  endfacet
  facet normal  0.000000e+000  0.000000e+000  1.000000e+000
    outer loop
      vertex  3.836704e+001  7.711395e+001  4.400000e+000
      vertex  3.560806e+001  7.711973e+001  4.400000e+000
      vertex  3.857795e+001  7.708827e+001  4.400000e+000
    endloop
  endfacet
  facet normal  0.000000e+000  0.000000e+000  1.000000e+000
    outer loop
      vertex  3.857795e+001  7.708827e+001  4.400000e+000
      vertex  3.560806e+001  7.711973e+001  4.400000e+000
      vertex  3.549524e+001  7.710725e+001  4.400000e+000
    endloop
  endfacet
  facet normal  0.000000e+000  0.000000e+000  1.000000e+000
    outer loop
      vertex  3.857795e+001  7.708827e+001  4.400000e+000
      vertex  3.549524e+001  7.710725e+001  4.400000e+000
      vertex  3.538268e+001  7.709270e+001  4.400000e+000
    endloop
  endfacet
  facet normal  0.000000e+000  0.000000e+000  1.000000e+000
    outer loop
      vertex  3.857795e+001  7.708827e+001  4.400000e+000
      vertex  3.538268e+001  7.709270e+001  4.400000e+000
      vertex  3.878914e+001  7.705669e+001  4.400000e+000
    endloop
  endfacet
  facet normal  0.000000e+000  0.000000e+000  1.000000e+000
    outer loop
      vertex  3.878914e+001  7.705669e+001  4.400000e+000
      vertex  3.538268e+001  7.709270e+001  4.400000e+000
      vertex  3.527045e+001  7.707589e+001  4.400000e+000
    endloop
  endfacet
  facet normal  0.000000e+000  0.000000e+000  1.000000e+000
    outer loop
      vertex  3.878914e+001  7.705669e+001  4.400000e+000
      vertex  3.527045e+001  7.707589e+001  4.400000e+000
      vertex  3.515857e+001  7.705659e+001  4.400000e+000
    endloop
  endfacet
  facet normal  -0.000000e+000  0.000000e+000  1.000000e+000
    outer loop
      vertex  3.878914e+001  7.705669e+001  4.400000e+000
      vertex  3.515857e+001  7.705659e+001  4.400000e+000
      vertex  3.899929e+001  7.701881e+001  4.400000e+000
    endloop
  endfacet
  facet normal  0.000000e+000  0.000000e+000  1.000000e+000
    outer loop
      vertex  3.899929e+001  7.701881e+001  4.400000e+000
      vertex  3.515857e+001  7.705659e+001  4.400000e+000
      vertex  3.504724e+001  7.703472e+001  4.400000e+000
    endloop
  endfacet
  facet normal  0.000000e+000  0.000000e+000  1.000000e+000
    outer loop
      vertex  3.899929e+001  7.701881e+001  4.400000e+000
      vertex  3.504724e+001  7.703472e+001  4.400000e+000
      vertex  3.493643e+001  7.701031e+001  4.400000e+000
    endloop
  endfacet
  facet normal  -0.000000e+000  0.000000e+000  9.999999e-001
    outer loop
      vertex  3.899929e+001  7.701881e+001  4.400000e+000
      vertex  3.493643e+001  7.701031e+001  4.400000e+000
      vertex  3.920707e+001  7.697446e+001  4.400000e+000
    endloop
  endfacet
  facet normal  0.000000e+000  0.000000e+000  9.999999e-001
    outer loop
      vertex  3.920707e+001  7.697446e+001  4.400000e+000
      vertex  3.493643e+001  7.701031e+001  4.400000e+000
      vertex  3.482610e+001  7.698351e+001  4.400000e+000
    endloop
  endfacet
  facet normal  0.000000e+000  0.000000e+000  1.000000e+000
    outer loop
      vertex  3.920707e+001  7.697446e+001  4.400000e+000
      vertex  3.482610e+001  7.698351e+001  4.400000e+000
      vertex  3.932773e+001  7.694550e+001  4.400000e+000
    endloop
  endfacet
  facet normal  0.000000e+000  0.000000e+000  1.000000e+000
    outer loop
      vertex  3.932773e+001  7.694550e+001  4.400000e+000
      vertex  3.482610e+001  7.698351e+001  4.400000e+000
      vertex  3.463681e+001  7.693208e+001  4.400000e+000
    endloop
  endfacet
  facet normal  -0.000000e+000  0.000000e+000  1.000000e+000
    outer loop
      vertex  3.932773e+001  7.694550e+001  4.400000e+000
      vertex  3.463681e+001  7.693208e+001  4.400000e+000
      vertex  3.944790e+001  7.691438e+001  4.400000e+000
    endloop
  endfacet
  facet normal  0.000000e+000  0.000000e+000  1.000000e+000
    outer loop
      vertex  3.944790e+001  7.691438e+001  4.400000e+000
      vertex  3.463681e+001  7.693208e+001  4.400000e+000
      vertex  3.444907e+001  7.687472e+001  4.400000e+000
    endloop
  endfacet
  facet normal  0.000000e+000  0.000000e+000  1.000000e+000
    outer loop
      vertex  3.944790e+001  7.691438e+001  4.400000e+000
      vertex  3.444907e+001  7.687472e+001  4.400000e+000
      vertex  3.956802e+001  7.688103e+001  4.400000e+000
    endloop
  endfacet
  facet normal  -0.000000e+000  0.000000e+000  1.000000e+000
    outer loop
      vertex  3.956802e+001  7.688103e+001  4.400000e+000
      vertex  3.444907e+001  7.687472e+001  4.400000e+000
      vertex  3.968762e+001  7.684567e+001  4.400000e+000
    endloop
  endfacet
  facet normal  0.000000e+000  0.000000e+000  1.000000e+000
    outer loop
      vertex  3.968762e+001  7.684567e+001  4.400000e+000
      vertex  3.444907e+001  7.687472e+001  4.400000e+000
      vertex  3.426287e+001  7.681217e+001  4.400000e+000
    endloop
  endfacet
  facet normal  -0.000000e+000  0.000000e+000  1.000000e+000
    outer loop
      vertex  3.968762e+001  7.684567e+001  4.400000e+000
      vertex  3.426287e+001  7.681217e+001  4.400000e+000
      vertex  3.992456e+001  7.676947e+001  4.400000e+000
    endloop
  endfacet
  facet normal  0.000000e+000  0.000000e+000  1.000000e+000
    outer loop
      vertex  3.992456e+001  7.676947e+001  4.400000e+000
      vertex  3.426287e+001  7.681217e+001  4.400000e+000
      vertex  3.412424e+001  7.676231e+001  4.400000e+000
    endloop
  endfacet
  facet normal  -0.000000e+000  0.000000e+000  1.000000e+000
    outer loop
      vertex  3.992456e+001  7.676947e+001  4.400000e+000
      vertex  3.412424e+001  7.676231e+001  4.400000e+000
      vertex  4.015897e+001  7.668637e+001  4.400000e+000
    endloop
  endfacet
  facet normal  0.000000e+000  0.000000e+000  1.000000e+000
    outer loop
      vertex  4.015897e+001  7.668637e+001  4.400000e+000
      vertex  3.412424e+001  7.676231e+001  4.400000e+000
      vertex  3.398647e+001  7.671025e+001  4.400000e+000
    endloop
  endfacet
  facet normal  0.000000e+000  0.000000e+000  1.000000e+000
    outer loop
      vertex  4.015897e+001  7.668637e+001  4.400000e+000
      vertex  3.398647e+001  7.671025e+001  4.400000e+000
      vertex  4.028677e+001  7.663797e+001  4.400000e+000
    endloop
  endfacet
  facet normal  0.000000e+000  0.000000e+000  1.000000e+000
    outer loop
      vertex  4.028677e+001  7.663797e+001  4.400000e+000
      vertex  3.398647e+001  7.671025e+001  4.400000e+000
      vertex  3.384953e+001  7.665628e+001  4.400000e+000
    endloop
  endfacet
  facet normal  0.000000e+000  0.000000e+000  1.000000e+000
    outer loop
      vertex  4.028677e+001  7.663797e+001  4.400000e+000
      vertex  3.384953e+001  7.665628e+001  4.400000e+000
      vertex  4.041315e+001  7.658807e+001  4.400000e+000
    endloop
  endfacet
  facet normal  0.000000e+000  0.000000e+000  1.000000e+000
    outer loop
      vertex  4.041315e+001  7.658807e+001  4.400000e+000
      vertex  3.384953e+001  7.665628e+001  4.400000e+000
      vertex  3.371334e+001  7.660065e+001  4.400000e+000
    endloop
  endfacet
  facet normal  0.000000e+000  0.000000e+000  1.000000e+000
    outer loop
      vertex  4.041315e+001  7.658807e+001  4.400000e+000
      vertex  3.371334e+001  7.660065e+001  4.400000e+000
      vertex  4.055376e+001  7.653022e+001  4.400000e+000
    endloop
  endfacet
  facet normal  0.000000e+000  0.000000e+000  1.000000e+000
    outer loop
      vertex  4.055376e+001  7.653022e+001  4.400000e+000
      vertex  3.371334e+001  7.660065e+001  4.400000e+000
      vertex  3.344404e+001  7.648567e+001  4.400000e+000
    endloop
  endfacet
  facet normal  -0.000000e+000  0.000000e+000  1.000000e+000
    outer loop
      vertex  4.055376e+001  7.653022e+001  4.400000e+000
      vertex  3.344404e+001  7.648567e+001  4.400000e+000
      vertex  4.069280e+001  7.647070e+001  4.400000e+000
    endloop
  endfacet
  facet normal  0.000000e+000  0.000000e+000  1.000000e+000
    outer loop
      vertex  4.069280e+001  7.647070e+001  4.400000e+000
      vertex  3.344404e+001  7.648567e+001  4.400000e+000
      vertex  4.095358e+001  7.635322e+001  4.400000e+000
    endloop
  endfacet
  facet normal  0.000000e+000  0.000000e+000  1.000000e+000
    outer loop
      vertex  4.095358e+001  7.635322e+001  4.400000e+000
      vertex  3.344404e+001  7.648567e+001  4.400000e+000
      vertex  3.331034e+001  7.642598e+001  4.400000e+000
    endloop
  endfacet
  facet normal  0.000000e+000  0.000000e+000  1.000000e+000
    outer loop
      vertex  4.095358e+001  7.635322e+001  4.400000e+000
      vertex  3.331034e+001  7.642598e+001  4.400000e+000
      vertex  3.317746e+001  7.636456e+001  4.400000e+000
    endloop
  endfacet
  facet normal  0.000000e+000  0.000000e+000  1.000000e+000
    outer loop
      vertex  4.095358e+001  7.635322e+001  4.400000e+000
      vertex  3.317746e+001  7.636456e+001  4.400000e+000
      vertex  4.121510e+001  7.622829e+001  4.400000e+000
    endloop
  endfacet
  facet normal  0.000000e+000  0.000000e+000  1.000000e+000
    outer loop
      vertex  4.121510e+001  7.622829e+001  4.400000e+000
      vertex  3.317746e+001  7.636456e+001  4.400000e+000
      vertex  3.304548e+001  7.630119e+001  4.400000e+000
    endloop
  endfacet
  facet normal  0.000000e+000  0.000000e+000  1.000000e+000
    outer loop
      vertex  4.121510e+001  7.622829e+001  4.400000e+000
      vertex  3.304548e+001  7.630119e+001  4.400000e+000
      vertex  3.291450e+001  7.623568e+001  4.400000e+000
    endloop
  endfacet
  facet normal  0.000000e+000  0.000000e+000  1.000000e+000
    outer loop
      vertex  4.121510e+001  7.622829e+001  4.400000e+000
      vertex  3.291450e+001  7.623568e+001  4.400000e+000
      vertex  4.143250e+001  7.611859e+001  4.400000e+000
    endloop
  endfacet
  facet normal  0.000000e+000  0.000000e+000  1.000000e+000
    outer loop
      vertex  4.143250e+001  7.611859e+001  4.400000e+000
      vertex  3.291450e+001  7.623568e+001  4.400000e+000
      vertex  3.278471e+001  7.616786e+001  4.400000e+000
    endloop
  endfacet
  facet normal  0.000000e+000  0.000000e+000  1.000000e+000
    outer loop
      vertex  4.143250e+001  7.611859e+001  4.400000e+000
      vertex  3.278471e+001  7.616786e+001  4.400000e+000
      vertex  3.265630e+001  7.609755e+001  4.400000e+000
    endloop
  endfacet
  facet normal  -0.000000e+000  0.000000e+000  1.000000e+000
    outer loop
      vertex  4.143250e+001  7.611859e+001  4.400000e+000
      vertex  3.265630e+001  7.609755e+001  4.400000e+000
      vertex  4.164741e+001  7.600375e+001  4.400000e+000
    endloop
  endfacet
  facet normal  0.000000e+000  0.000000e+000  1.000000e+000
    outer loop
      vertex  4.164741e+001  7.600375e+001  4.400000e+000
      vertex  3.265630e+001  7.609755e+001  4.400000e+000
      vertex  3.246907e+001  7.598847e+001  4.400000e+000
    endloop
  endfacet
  facet normal  -0.000000e+000  0.000000e+000  9.999999e-001
    outer loop
      vertex  4.164741e+001  7.600375e+001  4.400000e+000
      vertex  3.246907e+001  7.598847e+001  4.400000e+000
      vertex  4.185927e+001  7.588304e+001  4.400000e+000
    endloop
  endfacet
  facet normal  0.000000e+000  0.000000e+000  1.000000e+000
    outer loop
      vertex  4.185927e+001  7.588304e+001  4.400000e+000
      vertex  3.246907e+001  7.598847e+001  4.400000e+000
      vertex  3.237688e+001  7.593153e+001  4.400000e+000
    endloop
  endfacet
  facet normal  0.000000e+000  0.000000e+000  1.000000e+000
    outer loop
      vertex  4.185927e+001  7.588304e+001  4.400000e+000
      vertex  3.237688e+001  7.593153e+001  4.400000e+000
      vertex  3.228578e+001  7.587290e+001  4.400000e+000
    endloop
  endfacet
  facet normal  -0.000000e+000  0.000000e+000  9.999999e-001
    outer loop
      vertex  4.185927e+001  7.588304e+001  4.400000e+000
      vertex  3.228578e+001  7.587290e+001  4.400000e+000
      vertex  4.196384e+001  7.582026e+001  4.400000e+000
    endloop
  endfacet
  facet normal  0.000000e+000  0.000000e+000  1.000000e+000
    outer loop
      vertex  4.196384e+001  7.582026e+001  4.400000e+000
      vertex  3.228578e+001  7.587290e+001  4.400000e+000
      vertex  3.219584e+001  7.581252e+001  4.400000e+000
    endloop
  endfacet
  facet normal  -0.000000e+000  0.000000e+000  1.000000e+000
    outer loop
      vertex  4.196384e+001  7.582026e+001  4.400000e+000
      vertex  3.219584e+001  7.581252e+001  4.400000e+000
      vertex  4.206737e+001  7.575576e+001  4.400000e+000
    endloop
  endfacet
  facet normal  0.000000e+000  0.000000e+000  1.000000e+000
    outer loop
      vertex  4.206737e+001  7.575576e+001  4.400000e+000
      vertex  3.219584e+001  7.581252e+001  4.400000e+000
      vertex  3.210711e+001  7.575030e+001  4.400000e+000
    endloop
  endfacet
  facet normal  -0.000000e+000  0.000000e+000  1.000000e+000
    outer loop
      vertex  4.206737e+001  7.575576e+001  4.400000e+000
      vertex  3.210711e+001  7.575030e+001  4.400000e+000
      vertex  4.223058e+001  7.564877e+001  4.400000e+000
    endloop
  endfacet
  facet normal  0.000000e+000  0.000000e+000  1.000000e+000
    outer loop
      vertex  4.223058e+001  7.564877e+001  4.400000e+000
      vertex  3.210711e+001  7.575030e+001  4.400000e+000
      vertex  3.201965e+001  7.568631e+001  4.400000e+000
    endloop
  endfacet
  facet normal  0.000000e+000  0.000000e+000  1.000000e+000
    outer loop
      vertex  4.223058e+001  7.564877e+001  4.400000e+000
      vertex  3.201965e+001  7.568631e+001  4.400000e+000
      vertex  3.193348e+001  7.562065e+001  4.400000e+000
    endloop
  endfacet
  facet normal  -0.000000e+000  0.000000e+000  9.999999e-001
    outer loop
      vertex  4.223058e+001  7.564877e+001  4.400000e+000
      vertex  3.193348e+001  7.562065e+001  4.400000e+000
      vertex  4.239039e+001  7.553688e+001  4.400000e+000
    endloop
  endfacet
  facet normal  0.000000e+000  0.000000e+000  1.000000e+000
    outer loop
      vertex  4.239039e+001  7.553688e+001  4.400000e+000
      vertex  3.193348e+001  7.562065e+001  4.400000e+000
      vertex  3.177969e+001  7.549692e+001  4.400000e+000
    endloop
  endfacet
  facet normal  -0.000000e+000  0.000000e+000  1.000000e+000
    outer loop
      vertex  4.239039e+001  7.553688e+001  4.400000e+000
      vertex  3.177969e+001  7.549692e+001  4.400000e+000
      vertex  4.254631e+001  7.541979e+001  4.400000e+000
    endloop
  endfacet
  facet normal  0.000000e+000  0.000000e+000  1.000000e+000
    outer loop
      vertex  4.254631e+001  7.541979e+001  4.400000e+000
      vertex  3.177969e+001  7.549692e+001  4.400000e+000
      vertex  3.162986e+001  7.536821e+001  4.400000e+000
    endloop
  endfacet
  facet normal  -0.000000e+000  0.000000e+000  9.999999e-001
    outer loop
      vertex  4.254631e+001  7.541979e+001  4.400000e+000
      vertex  3.162986e+001  7.536821e+001  4.400000e+000
      vertex  4.269783e+001  7.529726e+001  4.400000e+000
    endloop
  endfacet
  facet normal  0.000000e+000  0.000000e+000  1.000000e+000
    outer loop
      vertex  4.269783e+001  7.529726e+001  4.400000e+000
      vertex  3.162986e+001  7.536821e+001  4.400000e+000
      vertex  3.148395e+001  7.523507e+001  4.400000e+000
    endloop
  endfacet
  facet normal  -0.000000e+000  0.000000e+000  1.000000e+000
    outer loop
      vertex  4.269783e+001  7.529726e+001  4.400000e+000
      vertex  3.148395e+001  7.523507e+001  4.400000e+000
      vertex  4.284446e+001  7.516904e+001  4.400000e+000
    endloop
  endfacet
  facet normal  0.000000e+000  0.000000e+000  1.000000e+000
    outer loop
      vertex  4.284446e+001  7.516904e+001  4.400000e+000
      vertex  3.148395e+001  7.523507e+001  4.400000e+000
      vertex  3.134189e+001  7.509801e+001  4.400000e+000
    endloop
  endfacet
  facet normal  -0.000000e+000  0.000000e+000  1.000000e+000
    outer loop
      vertex  4.284446e+001  7.516904e+001  4.400000e+000
      vertex  3.134189e+001  7.509801e+001  4.400000e+000
      vertex  4.294541e+001  7.507442e+001  4.400000e+000
    endloop
  endfacet
  facet normal  0.000000e+000  0.000000e+000  1.000000e+000
    outer loop
      vertex  4.294541e+001  7.507442e+001  4.400000e+000
      vertex  3.134189e+001  7.509801e+001  4.400000e+000
      vertex  4.304369e+001  7.497691e+001  4.400000e+000
    endloop
  endfacet
  facet normal  0.000000e+000  0.000000e+000  1.000000e+000
    outer loop
      vertex  4.304369e+001  7.497691e+001  4.400000e+000
      vertex  3.134189e+001  7.509801e+001  4.400000e+000
      vertex  3.118216e+001  7.493520e+001  4.400000e+000
    endloop
  endfacet
  facet normal  -0.000000e+000  0.000000e+000  1.000000e+000
    outer loop
      vertex  4.304369e+001  7.497691e+001  4.400000e+000
      vertex  3.118216e+001  7.493520e+001  4.400000e+000
      vertex  4.313921e+001  7.487670e+001  4.400000e+000
    endloop
  endfacet
  facet normal  0.000000e+000  0.000000e+000  1.000000e+000
    outer loop
      vertex  4.313921e+001  7.487670e+001  4.400000e+000
      vertex  3.118216e+001  7.493520e+001  4.400000e+000
      vertex  3.102685e+001  7.476821e+001  4.400000e+000
    endloop
  endfacet
  facet normal  0.000000e+000  0.000000e+000  1.000000e+000
    outer loop
      vertex  4.313921e+001  7.487670e+001  4.400000e+000
      vertex  3.102685e+001  7.476821e+001  4.400000e+000
      vertex  4.323192e+001  7.477399e+001  4.400000e+000
    endloop
  endfacet
  facet normal  -0.000000e+000  0.000000e+000  9.999999e-001
    outer loop
      vertex  4.323192e+001  7.477399e+001  4.400000e+000
      vertex  3.102685e+001  7.476821e+001  4.400000e+000
      vertex  4.336068e+001  7.462162e+001  4.400000e+000
    endloop
  endfacet
  facet normal  0.000000e+000  0.000000e+000  1.000000e+000
    outer loop
      vertex  4.336068e+001  7.462162e+001  4.400000e+000
      vertex  3.102685e+001  7.476821e+001  4.400000e+000
      vertex  3.087564e+001  7.459750e+001  4.400000e+000
    endloop
  endfacet
  facet normal  -0.000000e+000  0.000000e+000  9.999999e-001
    outer loop
      vertex  4.336068e+001  7.462162e+001  4.400000e+000
      vertex  3.087564e+001  7.459750e+001  4.400000e+000
      vertex  4.348382e+001  7.446426e+001  4.400000e+000
    endloop
  endfacet
  facet normal  0.000000e+000  0.000000e+000  1.000000e+000
    outer loop
      vertex  4.348382e+001  7.446426e+001  4.400000e+000
      vertex  3.087564e+001  7.459750e+001  4.400000e+000
      vertex  3.072837e+001  7.442331e+001  4.400000e+000
    endloop
  endfacet
  facet normal  -0.000000e+000  0.000000e+000  1.000000e+000
    outer loop
      vertex  4.348382e+001  7.446426e+001  4.400000e+000
      vertex  3.072837e+001  7.442331e+001  4.400000e+000
      vertex  4.360133e+001  7.430215e+001  4.400000e+000
    endloop
  endfacet
  facet normal  0.000000e+000  0.000000e+000  1.000000e+000
    outer loop
      vertex  4.360133e+001  7.430215e+001  4.400000e+000
      vertex  3.072837e+001  7.442331e+001  4.400000e+000
      vertex  3.056944e+001  7.422543e+001  4.400000e+000
    endloop
  endfacet
  facet normal  -0.000000e+000  0.000000e+000  1.000000e+000
    outer loop
      vertex  4.360133e+001  7.430215e+001  4.400000e+000
      vertex  3.056944e+001  7.422543e+001  4.400000e+000
      vertex  4.371303e+001  7.413571e+001  4.400000e+000
    endloop
  endfacet
  facet normal  0.000000e+000  0.000000e+000  1.000000e+000
    outer loop
      vertex  4.371303e+001  7.413571e+001  4.400000e+000
      vertex  3.056944e+001  7.422543e+001  4.400000e+000
      vertex  3.041582e+001  7.402261e+001  4.400000e+000
    endloop
  endfacet
  facet normal  -0.000000e+000  0.000000e+000  1.000000e+000
    outer loop
      vertex  4.371303e+001  7.413571e+001  4.400000e+000
      vertex  3.041582e+001  7.402261e+001  4.400000e+000
      vertex  4.381873e+001  7.396540e+001  4.400000e+000
    endloop
  endfacet
  facet normal  0.000000e+000  0.000000e+000  9.999999e-001
    outer loop
      vertex  4.381873e+001  7.396540e+001  4.400000e+000
      vertex  3.041582e+001  7.402261e+001  4.400000e+000
      vertex  3.034041e+001  7.391821e+001  4.400000e+000
    endloop
  endfacet
  facet normal  -0.000000e+000  0.000000e+000  1.000000e+000
    outer loop
      vertex  4.381873e+001  7.396540e+001  4.400000e+000
      vertex  3.034041e+001  7.391821e+001  4.400000e+000
      vertex  4.391824e+001  7.379169e+001  4.400000e+000
    endloop
  endfacet
  facet normal  0.000000e+000  0.000000e+000  1.000000e+000
    outer loop
      vertex  4.391824e+001  7.379169e+001  4.400000e+000
      vertex  3.034041e+001  7.391821e+001  4.400000e+000
      vertex  3.026679e+001  7.381267e+001  4.400000e+000
    endloop
  endfacet
  facet normal  0.000000e+000  0.000000e+000  9.999999e-001
    outer loop
      vertex  4.391824e+001  7.379169e+001  4.400000e+000
      vertex  3.026679e+001  7.381267e+001  4.400000e+000
      vertex  4.401147e+001  7.361498e+001  4.400000e+000
    endloop
  endfacet
  facet normal  0.000000e+000  0.000000e+000  1.000000e+000
    outer loop
      vertex  4.401147e+001  7.361498e+001  4.400000e+000
      vertex  3.026679e+001  7.381267e+001  4.400000e+000
      vertex  3.019680e+001  7.370856e+001  4.400000e+000
    endloop
  endfacet
  facet normal  0.000000e+000  0.000000e+000  1.000000e+000
    outer loop
      vertex  4.401147e+001  7.361498e+001  4.400000e+000
      vertex  3.019680e+001  7.370856e+001  4.400000e+000
      vertex  3.012880e+001  7.360331e+001  4.400000e+000
    endloop
  endfacet
  facet normal  -0.000000e+000  0.000000e+000  1.000000e+000
    outer loop
      vertex  4.401147e+001  7.361498e+001  4.400000e+000
      vertex  3.012880e+001  7.360331e+001  4.400000e+000
      vertex  4.409854e+001  7.343550e+001  4.400000e+000
    endloop
  endfacet
  facet normal  0.000000e+000  0.000000e+000  1.000000e+000
    outer loop
      vertex  4.409854e+001  7.343550e+001  4.400000e+000
      vertex  3.012880e+001  7.360331e+001  4.400000e+000
      vertex  3.002018e+001  7.342501e+001  4.400000e+000
    endloop
  endfacet
  facet normal  -0.000000e+000  0.000000e+000  1.000000e+000
    outer loop
      vertex  4.409854e+001  7.343550e+001  4.400000e+000
      vertex  3.002018e+001  7.342501e+001  4.400000e+000
      vertex  4.414681e+001  7.332907e+001  4.400000e+000
    endloop
  endfacet
  facet normal  0.000000e+000  0.000000e+000  1.000000e+000
    outer loop
      vertex  4.414681e+001  7.332907e+001  4.400000e+000
      vertex  3.002018e+001  7.342501e+001  4.400000e+000
      vertex  2.991797e+001  7.324271e+001  4.400000e+000
    endloop
  endfacet
  facet normal  -0.000000e+000  0.000000e+000  1.000000e+000
    outer loop
      vertex  4.414681e+001  7.332907e+001  4.400000e+000
      vertex  2.991797e+001  7.324271e+001  4.400000e+000
      vertex  4.419313e+001  7.322173e+001  4.400000e+000
    endloop
  endfacet
  facet normal  0.000000e+000  0.000000e+000  1.000000e+000
    outer loop
      vertex  4.419313e+001  7.322173e+001  4.400000e+000
      vertex  2.991797e+001  7.324271e+001  4.400000e+000
      vertex  4.423813e+001  7.311208e+001  4.400000e+000
    endloop
  endfacet
  facet normal  0.000000e+000  0.000000e+000  1.000000e+000
    outer loop
      vertex  4.423813e+001  7.311208e+001  4.400000e+000
      vertex  2.991797e+001  7.324271e+001  4.400000e+000
      vertex  2.982276e+001  7.305666e+001  4.400000e+000
    endloop
  endfacet
  facet normal  -0.000000e+000  0.000000e+000  9.999999e-001
    outer loop
      vertex  4.423813e+001  7.311208e+001  4.400000e+000
      vertex  2.982276e+001  7.305666e+001  4.400000e+000
      vertex  4.428122e+001  7.300162e+001  4.400000e+000
    endloop
  endfacet
  facet normal  0.000000e+000  0.000000e+000  1.000000e+000
    outer loop
      vertex  4.428122e+001  7.300162e+001  4.400000e+000
      vertex  2.982276e+001  7.305666e+001  4.400000e+000
      vertex  4.436133e+001  7.278013e+001  4.400000e+000
    endloop
  endfacet
  facet normal  0.000000e+000  0.000000e+000  1.000000e+000
    outer loop
      vertex  4.436133e+001  7.278013e+001  4.400000e+000
      vertex  2.982276e+001  7.305666e+001  4.400000e+000
      vertex  2.973476e+001  7.286734e+001  4.400000e+000
    endloop
  endfacet
  facet normal  0.000000e+000  0.000000e+000  9.999999e-001
    outer loop
      vertex  4.436133e+001  7.278013e+001  4.400000e+000
      vertex  2.973476e+001  7.286734e+001  4.400000e+000
      vertex  4.443444e+001  7.255644e+001  4.400000e+000
    endloop
  endfacet
  facet normal  0.000000e+000  0.000000e+000  1.000000e+000
    outer loop
      vertex  4.443444e+001  7.255644e+001  4.400000e+000
      vertex  2.973476e+001  7.286734e+001  4.400000e+000
      vertex  2.965738e+001  7.268438e+001  4.400000e+000
    endloop
  endfacet
  facet normal  0.000000e+000  0.000000e+000  1.000000e+000
    outer loop
      vertex  4.443444e+001  7.255644e+001  4.400000e+000
      vertex  2.965738e+001  7.268438e+001  4.400000e+000
      vertex  2.958563e+001  7.249900e+001  4.400000e+000
    endloop
  endfacet
  facet normal  -0.000000e+000  0.000000e+000  1.000000e+000
    outer loop
      vertex  4.443444e+001  7.255644e+001  4.400000e+000
      vertex  2.958563e+001  7.249900e+001  4.400000e+000
      vertex  4.447618e+001  7.241782e+001  4.400000e+000
    endloop
  endfacet
  facet normal  0.000000e+000  0.000000e+000  1.000000e+000
    outer loop
      vertex  4.447618e+001  7.241782e+001  4.400000e+000
      vertex  2.958563e+001  7.249900e+001  4.400000e+000
      vertex  2.951893e+001  7.231173e+001  4.400000e+000
    endloop
  endfacet
  facet normal  -0.000000e+000  0.000000e+000  1.000000e+000
    outer loop
      vertex  4.447618e+001  7.241782e+001  4.400000e+000
      vertex  2.951893e+001  7.231173e+001  4.400000e+000
      vertex  4.451560e+001  7.227850e+001  4.400000e+000
    endloop
  endfacet
  facet normal  0.000000e+000  0.000000e+000  1.000000e+000
    outer loop
      vertex  4.451560e+001  7.227850e+001  4.400000e+000
      vertex  2.951893e+001  7.231173e+001  4.400000e+000
      vertex  4.455281e+001  7.213857e+001  4.400000e+000
    endloop
  endfacet
  facet normal  0.000000e+000  0.000000e+000  9.999999e-001
    outer loop
      vertex  4.455281e+001  7.213857e+001  4.400000e+000
      vertex  2.951893e+001  7.231173e+001  4.400000e+000
      vertex  2.945663e+001  7.212305e+001  4.400000e+000
    endloop
  endfacet
  facet normal  -0.000000e+000  0.000000e+000  1.000000e+000
    outer loop
      vertex  4.455281e+001  7.213857e+001  4.400000e+000
      vertex  2.945663e+001  7.212305e+001  4.400000e+000
      vertex  4.458793e+001  7.199812e+001  4.400000e+000
    endloop
  endfacet
  facet normal  0.000000e+000  0.000000e+000  1.000000e+000
    outer loop
      vertex  4.458793e+001  7.199812e+001  4.400000e+000
      vertex  2.945663e+001  7.212305e+001  4.400000e+000
      vertex  2.942205e+001  7.201237e+001  4.400000e+000
    endloop
  endfacet
  facet normal  0.000000e+000  0.000000e+000  1.000000e+000
    outer loop
      vertex  4.458793e+001  7.199812e+001  4.400000e+000
      vertex  2.942205e+001  7.201237e+001  4.400000e+000
      vertex  4.462106e+001  7.185719e+001  4.400000e+000
    endloop
  endfacet
  facet normal  0.000000e+000  0.000000e+000  9.999999e-001
    outer loop
      vertex  4.462106e+001  7.185719e+001  4.400000e+000
      vertex  2.942205e+001  7.201237e+001  4.400000e+000
      vertex  2.938891e+001  7.190124e+001  4.400000e+000
    endloop
  endfacet
  facet normal  0.000000e+000  0.000000e+000  1.000000e+000
    outer loop
      vertex  4.462106e+001  7.185719e+001  4.400000e+000
      vertex  2.938891e+001  7.190124e+001  4.400000e+000
      vertex  4.465232e+001  7.171582e+001  4.400000e+000
    endloop
  endfacet
  facet normal  0.000000e+000  0.000000e+000  1.000000e+000
    outer loop
      vertex  4.465232e+001  7.171582e+001  4.400000e+000
      vertex  2.938891e+001  7.190124e+001  4.400000e+000
      vertex  2.935818e+001  7.178941e+001  4.400000e+000
    endloop
  endfacet
  facet normal  0.000000e+000  0.000000e+000  1.000000e+000
    outer loop
      vertex  4.465232e+001  7.171582e+001  4.400000e+000
      vertex  2.935818e+001  7.178941e+001  4.400000e+000
      vertex  2.933103e+001  7.167666e+001  4.400000e+000
    endloop
  endfacet
  facet normal  0.000000e+000  0.000000e+000  1.000000e+000
    outer loop
      vertex  4.482295e+001  7.070006e+001  4.400000e+000
      vertex  3.010599e+001  7.081900e+001  4.400000e+000
      vertex  4.483601e+001  7.057716e+001  4.400000e+000
    endloop
  endfacet
  facet normal  0.000000e+000  0.000000e+000  1.000000e+000
    outer loop
      vertex  4.483601e+001  7.057716e+001  4.400000e+000
      vertex  3.010599e+001  7.081900e+001  4.400000e+000
      vertex  3.052508e+001  7.059341e+001  4.400000e+000
    endloop
  endfacet
  facet normal  0.000000e+000  0.000000e+000  1.000000e+000
    outer loop
      vertex  4.483601e+001  7.057716e+001  4.400000e+000
      vertex  3.052508e+001  7.059341e+001  4.400000e+000
      vertex  4.484711e+001  7.045404e+001  4.400000e+000
    endloop
  endfacet
  facet normal  0.000000e+000  0.000000e+000  1.000000e+000
    outer loop
      vertex  4.484711e+001  7.045404e+001  4.400000e+000
      vertex  3.052508e+001  7.059341e+001  4.400000e+000
      vertex  3.073357e+001  7.047868e+001  4.400000e+000
    endloop
  endfacet
  facet normal  0.000000e+000  0.000000e+000  1.000000e+000
    outer loop
      vertex  4.484711e+001  7.045404e+001  4.400000e+000
      vertex  3.073357e+001  7.047868e+001  4.400000e+000
      vertex  4.486045e+001  7.025671e+001  4.400000e+000
    endloop
  endfacet
  facet normal  0.000000e+000  0.000000e+000  1.000000e+000
    outer loop
      vertex  4.486045e+001  7.025671e+001  4.400000e+000
      vertex  3.073357e+001  7.047868e+001  4.400000e+000
      vertex  3.094110e+001  7.036217e+001  4.400000e+000
    endloop
  endfacet
  facet normal  0.000000e+000  0.000000e+000  1.000000e+000
    outer loop
      vertex  4.486045e+001  7.025671e+001  4.400000e+000
      vertex  3.094110e+001  7.036217e+001  4.400000e+000
      vertex  3.114743e+001  7.024355e+001  4.400000e+000
    endloop
  endfacet
  facet normal  -0.000000e+000  0.000000e+000  1.000000e+000
    outer loop
      vertex  4.486045e+001  7.025671e+001  4.400000e+000
      vertex  3.114743e+001  7.024355e+001  4.400000e+000
      vertex  4.486790e+001  7.005914e+001  4.400000e+000
    endloop
  endfacet
  facet normal  0.000000e+000  0.000000e+000  1.000000e+000
    outer loop
      vertex  4.486790e+001  7.005914e+001  4.400000e+000
      vertex  3.114743e+001  7.024355e+001  4.400000e+000
      vertex  3.135230e+001  7.012246e+001  4.400000e+000
    endloop
  endfacet
  facet normal  0.000000e+000  0.000000e+000  9.999999e-001
    outer loop
      vertex  4.486790e+001  7.005914e+001  4.400000e+000
      vertex  3.135230e+001  7.012246e+001  4.400000e+000
      vertex  4.486891e+001  6.986154e+001  4.400000e+000
    endloop
  endfacet
  facet normal  0.000000e+000  0.000000e+000  9.999999e-001
    outer loop
      vertex  4.486891e+001  6.986154e+001  4.400000e+000
      vertex  3.135230e+001  7.012246e+001  4.400000e+000
      vertex  3.164029e+001  6.994555e+001  4.400000e+000
    endloop
  endfacet
  facet normal  0.000000e+000  0.000000e+000  1.000000e+000
    outer loop
      vertex  4.486891e+001  6.986154e+001  4.400000e+000
      vertex  3.164029e+001  6.994555e+001  4.400000e+000
      vertex  3.178430e+001  6.985368e+001  4.400000e+000
    endloop
  endfacet
  facet normal  -0.000000e+000  0.000000e+000  1.000000e+000
    outer loop
      vertex  4.486891e+001  6.986154e+001  4.400000e+000
      vertex  3.178430e+001  6.985368e+001  4.400000e+000
      vertex  4.486293e+001  6.966414e+001  4.400000e+000
    endloop
  endfacet
  facet normal  0.000000e+000  0.000000e+000  1.000000e+000
    outer loop
      vertex  4.486293e+001  6.966414e+001  4.400000e+000
      vertex  3.178430e+001  6.985368e+001  4.400000e+000
      vertex  3.192780e+001  6.975957e+001  4.400000e+000
    endloop
  endfacet
  facet normal  0.000000e+000  0.000000e+000  9.999999e-001
    outer loop
      vertex  4.486293e+001  6.966414e+001  4.400000e+000
      vertex  3.192780e+001  6.975957e+001  4.400000e+000
      vertex  3.211698e+001  6.963113e+001  4.400000e+000
    endloop
  endfacet
  facet normal  -0.000000e+000  0.000000e+000  1.000000e+000
    outer loop
      vertex  4.486293e+001  6.966414e+001  4.400000e+000
      vertex  3.211698e+001  6.963113e+001  4.400000e+000
      vertex  4.485713e+001  6.956560e+001  4.400000e+000
    endloop
  endfacet
  facet normal  0.000000e+000  0.000000e+000  1.000000e+000
    outer loop
      vertex  4.485713e+001  6.956560e+001  4.400000e+000
      vertex  3.211698e+001  6.963113e+001  4.400000e+000
      vertex  3.230213e+001  6.949995e+001  4.400000e+000
    endloop
  endfacet
  facet normal  -0.000000e+000  0.000000e+000  9.999999e-001
    outer loop
      vertex  4.485713e+001  6.956560e+001  4.400000e+000
      vertex  3.230213e+001  6.949995e+001  4.400000e+000
      vertex  4.484938e+001  6.946721e+001  4.400000e+000
    endloop
  endfacet
  facet normal  0.000000e+000  0.000000e+000  1.000000e+000
    outer loop
      vertex  4.484938e+001  6.946721e+001  4.400000e+000
      vertex  3.230213e+001  6.949995e+001  4.400000e+000
      vertex  4.483052e+001  6.929266e+001  4.400000e+000
    endloop
  endfacet
  facet normal  0.000000e+000  0.000000e+000  1.000000e+000
    outer loop
      vertex  4.483052e+001  6.929266e+001  4.400000e+000
      vertex  3.230213e+001  6.949995e+001  4.400000e+000
      vertex  3.248277e+001  6.936613e+001  4.400000e+000
    endloop
  endfacet
  facet normal  0.000000e+000  0.000000e+000  1.000000e+000
    outer loop
      vertex  4.483052e+001  6.929266e+001  4.400000e+000
      vertex  3.248277e+001  6.936613e+001  4.400000e+000
      vertex  4.480498e+001  6.911994e+001  4.400000e+000
    endloop
  endfacet
  facet normal  0.000000e+000  0.000000e+000  1.000000e+000
    outer loop
      vertex  4.480498e+001  6.911994e+001  4.400000e+000
      vertex  3.248277e+001  6.936613e+001  4.400000e+000
      vertex  3.269603e+001  6.920055e+001  4.400000e+000
    endloop
  endfacet
  facet normal  0.000000e+000  0.000000e+000  1.000000e+000
    outer loop
      vertex  4.480498e+001  6.911994e+001  4.400000e+000
      vertex  3.269603e+001  6.920055e+001  4.400000e+000
      vertex  4.477237e+001  6.894841e+001  4.400000e+000
    endloop
  endfacet
  facet normal  0.000000e+000  0.000000e+000  1.000000e+000
    outer loop
      vertex  4.477237e+001  6.894841e+001  4.400000e+000
      vertex  3.269603e+001  6.920055e+001  4.400000e+000
      vertex  3.290571e+001  6.903032e+001  4.400000e+000
    endloop
  endfacet
  facet normal  0.000000e+000  0.000000e+000  1.000000e+000
    outer loop
      vertex  4.477237e+001  6.894841e+001  4.400000e+000
      vertex  3.290571e+001  6.903032e+001  4.400000e+000
      vertex  4.473259e+001  6.877743e+001  4.400000e+000
    endloop
  endfacet
  facet normal  0.000000e+000  0.000000e+000  1.000000e+000
    outer loop
      vertex  4.473259e+001  6.877743e+001  4.400000e+000
      vertex  3.290571e+001  6.903032e+001  4.400000e+000
      vertex  3.311226e+001  6.885621e+001  4.400000e+000
    endloop
  endfacet
  facet normal  0.000000e+000  0.000000e+000  1.000000e+000
    outer loop
      vertex  4.473259e+001  6.877743e+001  4.400000e+000
      vertex  3.311226e+001  6.885621e+001  4.400000e+000
      vertex  4.469552e+001  6.864035e+001  4.400000e+000
    endloop
  endfacet
  facet normal  0.000000e+000  0.000000e+000  1.000000e+000
    outer loop
      vertex  4.469552e+001  6.864035e+001  4.400000e+000
      vertex  3.311226e+001  6.885621e+001  4.400000e+000
      vertex  3.331615e+001  6.867899e+001  4.400000e+000
    endloop
  endfacet
  facet normal  0.000000e+000  0.000000e+000  1.000000e+000
    outer loop
      vertex  4.469552e+001  6.864035e+001  4.400000e+000
      vertex  3.331615e+001  6.867899e+001  4.400000e+000
      vertex  4.465430e+001  6.850445e+001  4.400000e+000
    endloop
  endfacet
  facet normal  0.000000e+000  0.000000e+000  1.000000e+000
    outer loop
      vertex  4.465430e+001  6.850445e+001  4.400000e+000
      vertex  3.331615e+001  6.867899e+001  4.400000e+000
      vertex  3.345085e+001  6.855950e+001  4.400000e+000
    endloop
  endfacet
  facet normal  0.000000e+000  0.000000e+000  1.000000e+000
    outer loop
      vertex  4.465430e+001  6.850445e+001  4.400000e+000
      vertex  3.345085e+001  6.855950e+001  4.400000e+000
      vertex  4.460913e+001  6.836977e+001  4.400000e+000
    endloop
  endfacet
  facet normal  0.000000e+000  0.000000e+000  1.000000e+000
    outer loop
      vertex  4.460913e+001  6.836977e+001  4.400000e+000
      vertex  3.345085e+001  6.855950e+001  4.400000e+000
      vertex  3.371805e+001  6.831822e+001  4.400000e+000
    endloop
  endfacet
  facet normal  -0.000000e+000  0.000000e+000  1.000000e+000
    outer loop
      vertex  4.460913e+001  6.836977e+001  4.400000e+000
      vertex  3.371805e+001  6.831822e+001  4.400000e+000
      vertex  4.457332e+001  6.827102e+001  4.400000e+000
    endloop
  endfacet
  facet normal  -0.000000e+000  0.000000e+000  1.000000e+000
    outer loop
      vertex  4.436235e+001  6.778018e+001  4.400000e+000
      vertex  3.431347e+001  6.777277e+001  4.400000e+000
      vertex  4.426624e+001  6.758995e+001  4.400000e+000
    endloop
  endfacet
  facet normal  0.000000e+000  0.000000e+000  9.999999e-001
    outer loop
      vertex  4.426624e+001  6.758995e+001  4.400000e+000
      vertex  3.431347e+001  6.777277e+001  4.400000e+000
      vertex  3.461303e+001  6.750208e+001  4.400000e+000
    endloop
  endfacet
  facet normal  -0.000000e+000  0.000000e+000  1.000000e+000
    outer loop
      vertex  4.426624e+001  6.758995e+001  4.400000e+000
      vertex  3.461303e+001  6.750208e+001  4.400000e+000
      vertex  4.416418e+001  6.740291e+001  4.400000e+000
    endloop
  endfacet
  facet normal  0.000000e+000  0.000000e+000  9.999999e-001
    outer loop
      vertex  4.416418e+001  6.740291e+001  4.400000e+000
      vertex  3.461303e+001  6.750208e+001  4.400000e+000
      vertex  3.491599e+001  6.723518e+001  4.400000e+000
    endloop
  endfacet
  facet normal  -0.000000e+000  0.000000e+000  1.000000e+000
    outer loop
      vertex  4.416418e+001  6.740291e+001  4.400000e+000
      vertex  3.491599e+001  6.723518e+001  4.400000e+000
      vertex  4.405668e+001  6.721901e+001  4.400000e+000
    endloop
  endfacet
  facet normal  0.000000e+000  0.000000e+000  1.000000e+000
    outer loop
      vertex  4.405668e+001  6.721901e+001  4.400000e+000
      vertex  3.491599e+001  6.723518e+001  4.400000e+000
      vertex  4.399080e+001  6.711181e+001  4.400000e+000
    endloop
  endfacet
  facet normal  0.000000e+000  0.000000e+000  1.000000e+000
    outer loop
      vertex  4.399080e+001  6.711181e+001  4.400000e+000
      vertex  3.491599e+001  6.723518e+001  4.400000e+000
      vertex  3.511403e+001  6.706392e+001  4.400000e+000
    endloop
  endfacet
  facet normal  -0.000000e+000  0.000000e+000  1.000000e+000
    outer loop
      vertex  4.399080e+001  6.711181e+001  4.400000e+000
      vertex  3.511403e+001  6.706392e+001  4.400000e+000
      vertex  4.392328e+001  6.700571e+001  4.400000e+000
    endloop
  endfacet
  facet normal  0.000000e+000  0.000000e+000  9.999999e-001
    outer loop
      vertex  4.392328e+001  6.700571e+001  4.400000e+000
      vertex  3.511403e+001  6.706392e+001  4.400000e+000
      vertex  3.551254e+001  6.672416e+001  4.400000e+000
    endloop
  endfacet
  facet normal  0.000000e+000  0.000000e+000  9.999999e-001
    outer loop
      vertex  4.392328e+001  6.700571e+001  4.400000e+000
      vertex  3.551254e+001  6.672416e+001  4.400000e+000
      vertex  4.378371e+001  6.679691e+001  4.400000e+000
    endloop
  endfacet
  facet normal  -0.000000e+000  0.000000e+000  1.000000e+000
    outer loop
      vertex  4.378371e+001  6.679691e+001  4.400000e+000
      vertex  3.551254e+001  6.672416e+001  4.400000e+000
      vertex  4.363844e+001  6.659266e+001  4.400000e+000
    endloop
  endfacet
  facet normal  0.000000e+000  0.000000e+000  1.000000e+000
    outer loop
      vertex  4.363844e+001  6.659266e+001  4.400000e+000
      vertex  3.551254e+001  6.672416e+001  4.400000e+000
      vertex  3.612461e+001  6.620580e+001  4.400000e+000
    endloop
  endfacet
  facet normal  0.000000e+000  0.000000e+000  1.000000e+000
    outer loop
      vertex  4.363844e+001  6.659266e+001  4.400000e+000
      vertex  3.612461e+001  6.620580e+001  4.400000e+000
      vertex  4.348771e+001  6.639281e+001  4.400000e+000
    endloop
  endfacet
  facet normal  0.000000e+000  0.000000e+000  1.000000e+000
    outer loop
      vertex  4.348771e+001  6.639281e+001  4.400000e+000
      vertex  3.612461e+001  6.620580e+001  4.400000e+000
      vertex  4.333158e+001  6.619718e+001  4.400000e+000
    endloop
  endfacet
  facet normal  0.000000e+000  0.000000e+000  1.000000e+000
    outer loop
      vertex  4.333158e+001  6.619718e+001  4.400000e+000
      vertex  3.612461e+001  6.620580e+001  4.400000e+000
      vertex  4.317004e+001  6.600556e+001  4.400000e+000
    endloop
  endfacet
  facet normal  0.000000e+000  0.000000e+000  1.000000e+000
    outer loop
      vertex  4.317004e+001  6.600556e+001  4.400000e+000
      vertex  3.612461e+001  6.620580e+001  4.400000e+000
      vertex  3.653028e+001  6.585741e+001  4.400000e+000
    endloop
  endfacet
  facet normal  -0.000000e+000  0.000000e+000  1.000000e+000
    outer loop
      vertex  4.317004e+001  6.600556e+001  4.400000e+000
      vertex  3.653028e+001  6.585741e+001  4.400000e+000
      vertex  4.300313e+001  6.581792e+001  4.400000e+000
    endloop
  endfacet
  facet normal  0.000000e+000  0.000000e+000  1.000000e+000
    outer loop
      vertex  3.673142e+001  6.568129e+001  4.400000e+000
      vertex  4.283104e+001  6.563441e+001  4.400000e+000
      vertex  3.653028e+001  6.585741e+001  4.400000e+000
    endloop
  endfacet
  facet normal  0.000000e+000  0.000000e+000  1.000000e+000
    outer loop
      vertex  3.653028e+001  6.585741e+001  4.400000e+000
      vertex  4.283104e+001  6.563441e+001  4.400000e+000
      vertex  4.300313e+001  6.581792e+001  4.400000e+000
    endloop
  endfacet
  facet normal  -0.000000e+000  0.000000e+000  1.000000e+000
    outer loop
      vertex  4.251046e+001  6.531700e+001  4.400000e+000
      vertex  3.716846e+001  6.528625e+001  4.400000e+000
      vertex  4.240091e+001  6.521529e+001  4.400000e+000
    endloop
  endfacet
  facet normal  0.000000e+000  0.000000e+000  1.000000e+000
    outer loop
      vertex  4.240091e+001  6.521529e+001  4.400000e+000
      vertex  3.716846e+001  6.528625e+001  4.400000e+000
      vertex  3.731166e+001  6.515189e+001  4.400000e+000
    endloop
  endfacet
  facet normal  -0.000000e+000  0.000000e+000  1.000000e+000
    outer loop
      vertex  4.240091e+001  6.521529e+001  4.400000e+000
      vertex  3.731166e+001  6.515189e+001  4.400000e+000
      vertex  4.228925e+001  6.511491e+001  4.400000e+000
    endloop
  endfacet
  facet normal  0.000000e+000  0.000000e+000  9.999999e-001
    outer loop
      vertex  4.228925e+001  6.511491e+001  4.400000e+000
      vertex  3.731166e+001  6.515189e+001  4.400000e+000
      vertex  4.217606e+001  6.501624e+001  4.400000e+000
    endloop
  endfacet
  facet normal  0.000000e+000  0.000000e+000  9.999999e-001
    outer loop
      vertex  4.217606e+001  6.501624e+001  4.400000e+000
      vertex  3.731166e+001  6.515189e+001  4.400000e+000
      vertex  3.747538e+001  6.499451e+001  4.400000e+000
    endloop
  endfacet
  facet normal  -0.000000e+000  0.000000e+000  1.000000e+000
    outer loop
      vertex  4.217606e+001  6.501624e+001  4.400000e+000
      vertex  3.747538e+001  6.499451e+001  4.400000e+000
      vertex  4.206150e+001  6.491916e+001  4.400000e+000
    endloop
  endfacet
  facet normal  0.000000e+000  0.000000e+000  1.000000e+000
    outer loop
      vertex  4.206150e+001  6.491916e+001  4.400000e+000
      vertex  3.747538e+001  6.499451e+001  4.400000e+000
      vertex  3.763665e+001  6.483461e+001  4.400000e+000
    endloop
  endfacet
  facet normal  -0.000000e+000  0.000000e+000  1.000000e+000
    outer loop
      vertex  4.206150e+001  6.491916e+001  4.400000e+000
      vertex  3.763665e+001  6.483461e+001  4.400000e+000
      vertex  4.194573e+001  6.482355e+001  4.400000e+000
    endloop
  endfacet
  facet normal  0.000000e+000  0.000000e+000  1.000000e+000
    outer loop
      vertex  4.194573e+001  6.482355e+001  4.400000e+000
      vertex  3.763665e+001  6.483461e+001  4.400000e+000
      vertex  4.177312e+001  6.468489e+001  4.400000e+000
    endloop
  endfacet
  facet normal  0.000000e+000  0.000000e+000  1.000000e+000
    outer loop
      vertex  4.177312e+001  6.468489e+001  4.400000e+000
      vertex  3.763665e+001  6.483461e+001  4.400000e+000
      vertex  3.779453e+001  6.467136e+001  4.400000e+000
    endloop
  endfacet
  facet normal  -0.000000e+000  0.000000e+000  1.000000e+000
    outer loop
      vertex  4.177312e+001  6.468489e+001  4.400000e+000
      vertex  3.779453e+001  6.467136e+001  4.400000e+000
      vertex  4.159872e+001  6.454846e+001  4.400000e+000
    endloop
  endfacet
  facet normal  0.000000e+000  0.000000e+000  1.000000e+000
    outer loop
      vertex  4.159872e+001  6.454846e+001  4.400000e+000
      vertex  3.779453e+001  6.467136e+001  4.400000e+000
      vertex  3.794779e+001  6.450379e+001  4.400000e+000
    endloop
  endfacet
  facet normal  -0.000000e+000  0.000000e+000  1.000000e+000
    outer loop
      vertex  4.159872e+001  6.454846e+001  4.400000e+000
      vertex  3.794779e+001  6.450379e+001  4.400000e+000
      vertex  4.142304e+001  6.441366e+001  4.400000e+000
    endloop
  endfacet
  facet normal  0.000000e+000  0.000000e+000  1.000000e+000
    outer loop
      vertex  4.142304e+001  6.441366e+001  4.400000e+000
      vertex  3.794779e+001  6.450379e+001  4.400000e+000
      vertex  3.808671e+001  6.434166e+001  4.400000e+000
    endloop
  endfacet
  facet normal  -0.000000e+000  0.000000e+000  1.000000e+000
    outer loop
      vertex  4.142304e+001  6.441366e+001  4.400000e+000
      vertex  3.808671e+001  6.434166e+001  4.400000e+000
      vertex  4.115818e+001  6.421320e+001  4.400000e+000
    endloop
  endfacet
  facet normal  0.000000e+000  0.000000e+000  1.000000e+000
    outer loop
      vertex  4.115818e+001  6.421320e+001  4.400000e+000
      vertex  3.808671e+001  6.434166e+001  4.400000e+000
      vertex  3.822002e+001  6.417459e+001  4.400000e+000
    endloop
  endfacet
  facet normal  -0.000000e+000  0.000000e+000  1.000000e+000
    outer loop
      vertex  4.115818e+001  6.421320e+001  4.400000e+000
      vertex  3.822002e+001  6.417459e+001  4.400000e+000
      vertex  4.089301e+001  6.401316e+001  4.400000e+000
    endloop
  endfacet
  facet normal  0.000000e+000  0.000000e+000  1.000000e+000
    outer loop
      vertex  4.089301e+001  6.401316e+001  4.400000e+000
      vertex  3.822002e+001  6.417459e+001  4.400000e+000
      vertex  3.828437e+001  6.408923e+001  4.400000e+000
    endloop
  endfacet
  facet normal  0.000000e+000  0.000000e+000  1.000000e+000
    outer loop
      vertex  4.089301e+001  6.401316e+001  4.400000e+000
      vertex  3.828437e+001  6.408923e+001  4.400000e+000
      vertex  4.054069e+001  6.374421e+001  4.400000e+000
    endloop
  endfacet
  facet normal  0.000000e+000  0.000000e+000  9.999999e-001
    outer loop
      vertex  4.054069e+001  6.374421e+001  4.400000e+000
      vertex  3.828437e+001  6.408923e+001  4.400000e+000
      vertex  3.840815e+001  6.391510e+001  4.400000e+000
    endloop
  endfacet
  facet normal  0.000000e+000  0.000000e+000  1.000000e+000
    outer loop
      vertex  4.054069e+001  6.374421e+001  4.400000e+000
      vertex  3.840815e+001  6.391510e+001  4.400000e+000
      vertex  3.846753e+001  6.382640e+001  4.400000e+000
    endloop
  endfacet
  facet normal  0.000000e+000  0.000000e+000  1.000000e+000
    outer loop
      vertex  4.054069e+001  6.374421e+001  4.400000e+000
      vertex  3.846753e+001  6.382640e+001  4.400000e+000
      vertex  4.036577e+001  6.360809e+001  4.400000e+000
    endloop
  endfacet
  facet normal  0.000000e+000  0.000000e+000  1.000000e+000
    outer loop
      vertex  4.036577e+001  6.360809e+001  4.400000e+000
      vertex  3.846753e+001  6.382640e+001  4.400000e+000
      vertex  3.857344e+001  6.365897e+001  4.400000e+000
    endloop
  endfacet
  facet normal  0.000000e+000  0.000000e+000  1.000000e+000
    outer loop
      vertex  4.036577e+001  6.360809e+001  4.400000e+000
      vertex  3.857344e+001  6.365897e+001  4.400000e+000
      vertex  4.019197e+001  6.347055e+001  4.400000e+000
    endloop
  endfacet
  facet normal  0.000000e+000  0.000000e+000  1.000000e+000
    outer loop
      vertex  4.019197e+001  6.347055e+001  4.400000e+000
      vertex  3.857344e+001  6.365897e+001  4.400000e+000
      vertex  3.867551e+001  6.348917e+001  4.400000e+000
    endloop
  endfacet
  facet normal  0.000000e+000  0.000000e+000  1.000000e+000
    outer loop
      vertex  4.019197e+001  6.347055e+001  4.400000e+000
      vertex  3.867551e+001  6.348917e+001  4.400000e+000
      vertex  3.995627e+001  6.328135e+001  4.400000e+000
    endloop
  endfacet
  facet normal  0.000000e+000  0.000000e+000  1.000000e+000
    outer loop
      vertex  3.995627e+001  6.328135e+001  4.400000e+000
      vertex  3.867551e+001  6.348917e+001  4.400000e+000
      vertex  3.877849e+001  6.331988e+001  4.400000e+000
    endloop
  endfacet
  facet normal  0.000000e+000  0.000000e+000  1.000000e+000
    outer loop
      vertex  3.995627e+001  6.328135e+001  4.400000e+000
      vertex  3.877849e+001  6.331988e+001  4.400000e+000
      vertex  3.983717e+001  6.318832e+001  4.400000e+000
    endloop
  endfacet
  facet normal  0.000000e+000  0.000000e+000  1.000000e+000
    outer loop
      vertex  3.983717e+001  6.318832e+001  4.400000e+000
      vertex  3.877849e+001  6.331988e+001  4.400000e+000
      vertex  3.885037e+001  6.320905e+001  4.400000e+000
    endloop
  endfacet
  facet normal  0.000000e+000  0.000000e+000  1.000000e+000
    outer loop
      vertex  3.983717e+001  6.318832e+001  4.400000e+000
      vertex  3.885037e+001  6.320905e+001  4.400000e+000
      vertex  3.971557e+001  6.309860e+001  4.400000e+000
    endloop
  endfacet
  facet normal  0.000000e+000  0.000000e+000  1.000000e+000
    outer loop
      vertex  3.971557e+001  6.309860e+001  4.400000e+000
      vertex  3.885037e+001  6.320905e+001  4.400000e+000
      vertex  3.888806e+001  6.315483e+001  4.400000e+000
    endloop
  endfacet
  facet normal  0.000000e+000  0.000000e+000  1.000000e+000
    outer loop
      vertex  3.971557e+001  6.309860e+001  4.400000e+000
      vertex  3.888806e+001  6.315483e+001  4.400000e+000
      vertex  3.893697e+001  6.308951e+001  4.400000e+000
    endloop
  endfacet
  facet normal  -0.000000e+000  0.000000e+000  1.000000e+000
    outer loop
      vertex  3.971557e+001  6.309860e+001  4.400000e+000
      vertex  3.893697e+001  6.308951e+001  4.400000e+000
      vertex  3.963058e+001  6.304068e+001  4.400000e+000
    endloop
  endfacet
  facet normal  0.000000e+000  0.000000e+000  9.999999e-001
    outer loop
      vertex  3.963058e+001  6.304068e+001  4.400000e+000
      vertex  3.893697e+001  6.308951e+001  4.400000e+000
      vertex  3.898935e+001  6.302695e+001  4.400000e+000
    endloop
  endfacet
  facet normal  -0.000000e+000  0.000000e+000  1.000000e+000
    outer loop
      vertex  3.963058e+001  6.304068e+001  4.400000e+000
      vertex  3.898935e+001  6.302695e+001  4.400000e+000
      vertex  3.954308e+001  6.298668e+001  4.400000e+000
    endloop
  endfacet
  facet normal  0.000000e+000  0.000000e+000  1.000000e+000
    outer loop
      vertex  3.954308e+001  6.298668e+001  4.400000e+000
      vertex  3.898935e+001  6.302695e+001  4.400000e+000
      vertex  3.901736e+001  6.299704e+001  4.400000e+000
    endloop
  endfacet
  facet normal  0.000000e+000  0.000000e+000  1.000000e+000
    outer loop
      vertex  3.954308e+001  6.298668e+001  4.400000e+000
      vertex  3.901736e+001  6.299704e+001  4.400000e+000
      vertex  3.949812e+001  6.296172e+001  4.400000e+000
    endloop
  endfacet
  facet normal  0.000000e+000  0.000000e+000  9.999999e-001
    outer loop
      vertex  3.949812e+001  6.296172e+001  4.400000e+000
      vertex  3.901736e+001  6.299704e+001  4.400000e+000
      vertex  3.904664e+001  6.296867e+001  4.400000e+000
    endloop
  endfacet
  facet normal  0.000000e+000  0.000000e+000  1.000000e+000
    outer loop
      vertex  3.949812e+001  6.296172e+001  4.400000e+000
      vertex  3.904664e+001  6.296867e+001  4.400000e+000
      vertex  3.945210e+001  6.293852e+001  4.400000e+000
    endloop
  endfacet
  facet normal  0.000000e+000  0.000000e+000  1.000000e+000
    outer loop
      vertex  3.945210e+001  6.293852e+001  4.400000e+000
      vertex  3.904664e+001  6.296867e+001  4.400000e+000
      vertex  3.907763e+001  6.294218e+001  4.400000e+000
    endloop
  endfacet
  facet normal  0.000000e+000  0.000000e+000  1.000000e+000
    outer loop
      vertex  3.945210e+001  6.293852e+001  4.400000e+000
      vertex  3.907763e+001  6.294218e+001  4.400000e+000
      vertex  3.940501e+001  6.291763e+001  4.400000e+000
    endloop
  endfacet
  facet normal  0.000000e+000  0.000000e+000  1.000000e+000
    outer loop
      vertex  3.940501e+001  6.291763e+001  4.400000e+000
      vertex  3.907763e+001  6.294218e+001  4.400000e+000
      vertex  3.911081e+001  6.291821e+001  4.400000e+000
    endloop
  endfacet
  facet normal  0.000000e+000  0.000000e+000  1.000000e+000
    outer loop
      vertex  3.940501e+001  6.291763e+001  4.400000e+000
      vertex  3.911081e+001  6.291821e+001  4.400000e+000
      vertex  3.935679e+001  6.289983e+001  4.400000e+000
    endloop
  endfacet
  facet normal  0.000000e+000  0.000000e+000  1.000000e+000
    outer loop
      vertex  3.935679e+001  6.289983e+001  4.400000e+000
      vertex  3.911081e+001  6.291821e+001  4.400000e+000
      vertex  3.913765e+001  6.290245e+001  4.400000e+000
    endloop
  endfacet
  facet normal  0.000000e+000  0.000000e+000  1.000000e+000
    outer loop
      vertex  3.935679e+001  6.289983e+001  4.400000e+000
      vertex  3.913765e+001  6.290245e+001  4.400000e+000
      vertex  3.932787e+001  6.289123e+001  4.400000e+000
    endloop
  endfacet
  facet normal  0.000000e+000  0.000000e+000  1.000000e+000
    outer loop
      vertex  3.932787e+001  6.289123e+001  4.400000e+000
      vertex  3.913765e+001  6.290245e+001  4.400000e+000
      vertex  3.916603e+001  6.288978e+001  4.400000e+000
    endloop
  endfacet
  facet normal  -0.000000e+000  0.000000e+000  1.000000e+000
    outer loop
      vertex  3.932787e+001  6.289123e+001  4.400000e+000
      vertex  3.916603e+001  6.288978e+001  4.400000e+000
      vertex  3.929838e+001  6.288435e+001  4.400000e+000
    endloop
  endfacet
  facet normal  0.000000e+000  0.000000e+000  1.000000e+000
    outer loop
      vertex  3.929838e+001  6.288435e+001  4.400000e+000
      vertex  3.916603e+001  6.288978e+001  4.400000e+000
      vertex  3.920164e+001  6.288037e+001  4.400000e+000
    endloop
  endfacet
  facet normal  -0.000000e+000  0.000000e+000  1.000000e+000
    outer loop
      vertex  3.929838e+001  6.288435e+001  4.400000e+000
      vertex  3.920164e+001  6.288037e+001  4.400000e+000
      vertex  3.926847e+001  6.287964e+001  4.400000e+000
    endloop
  endfacet
  facet normal  0.000000e+000  0.000000e+000  1.000000e+000
    outer loop
      vertex  3.926847e+001  6.287964e+001  4.400000e+000
      vertex  3.920164e+001  6.288037e+001  4.400000e+000
      vertex  3.923841e+001  6.287775e+001  4.400000e+000
    endloop
  endfacet
endsolid CATIA STL
